,tBodyAcc-mean-X,tBodyAcc-mean-Y,tBodyAcc-mean-Z
1487,0.6118490972222222,0.4113725781008902,0.43935617860851506
1488,0.6640408066239316,0.44753081008902074,0.5343509865005193
1489,0.6152149732905983,0.38741839762611274,0.4138110072689512
1490,0.6134349626068376,0.3963204747774481,0.4153686396677051
1491,0.617441266025641,0.39525222551928785,0.4164070612668744
1492,0.6128834455128205,0.39026706231454006,0.4184839044652129
1493,0.611484342948718,0.39543026706231454,0.4294911734164071
1494,0.6162918643162393,0.4015311572700297,0.426791277258567
1495,0.616167516025641,0.4001780415430267,0.4148494288681205
1496,0.6137164797008547,0.39703264094955487,0.42419522326064385
1497,0.6141111805555556,0.40080712166172106,0.4358255451713396
1498,0.6128368643162393,0.3973293768545994,0.43473520249221187
1499,0.6135319871794872,0.3964985163204748,0.4308411214953271
1500,0.6134796848290598,0.40142433234421365,0.42627206645898236
1501,0.6228389262820513,0.4626645074183976,0.46375908618899275
1502,0.6158168108974359,0.37810089020771515,0.37642782969885774
1503,0.6171952350427351,0.38991097922848666,0.4148494288681205
1504,0.6133720459401709,0.39382789317507416,0.4414330218068536
1505,0.6117049572649573,0.38801186943620175,0.4403426791277259
1506,0.6166750908119658,0.40177448071216615,0.4106957424714434
1507,0.6161860950854701,0.40645578635014834,0.4106957424714434
1508,0.6129203899572649,0.3955489614243323,0.4221183800623053
1509,0.6136238568376069,0.39804154302670625,0.42367601246105924
1510,0.6152521741452992,0.39780415430267063,0.42263759086188996
1511,0.6139982158119659,0.3973293768545994,0.42575285565939774
1512,0.6132298023504273,0.3968545994065282,0.42575285565939774
1513,0.7188611324786325,0.3770326409495549,0.2196261682242991
1514,0.5782673824786325,0.41196165513353117,0.4541536863966771
1515,0.6220201068376068,0.3991097922848665,0.42731048805815164
1516,0.6138181891025641,0.3993471810089021,0.42731048805815164
1517,0.6129237286324787,0.398160237388724,0.42263759086188996
1518,0.6138466613247864,0.3978635014836795,0.42419522326064385
1519,0.6137462873931624,0.39762611275964393,0.42419522326064385
1520,0.6133485950854701,0.3972700296735905,0.42471443406022846
1521,0.6130299465811966,0.39798219584569733,0.42834890965732086
1522,0.6137528525641025,0.39626112759643917,0.42575285565939774
1523,0.3141025641025641,0.34540059347181007,0.5115739018691589
1524,0.6445725427350427,0.4048427299703264,0.4106957424714434
1525,0.6044807051282051,0.3923442136498516,0.4300103842159917
1526,0.6023097916666666,0.39703264094955487,0.42367601246105924
1527,0.6062773717948717,0.40177448071216615,0.4190031152647975
1528,0.5930778205128205,0.39341246290801185,0.42782969885773625
1529,0.625319358974359,0.394540059347181,0.42731048805815164
1530,0.6237696581196581,0.3974480712166172,0.42471443406022846
1531,0.5972133386752136,0.39270029673590506,0.426791277258567
1532,0.6097201282051282,0.39560830860534124,0.42471443406022846
1533,0.6152571688034187,0.39643916913946586,0.42367601246105924
1534,0.6186542841880343,0.3966765578635015,0.42263759086188996
1535,0.6202204113247863,0.39703264094955487,0.42419522326064385
1536,0.6074475641025641,0.3654005934718101,0.46671858774662517
1537,0.6181546688034188,0.39958456973293766,0.4221183800623053
1538,0.6042527670940171,0.39608308605341247,0.42471443406022846
1539,0.6106266025641025,0.3953115727002967,0.42627206645898236
1540,0.6118277938034188,0.39566765578635016,0.42575285565939774
1541,0.6185421153846153,0.39637982195845695,0.42263759086188996
1542,0.5976676602564103,0.39525222551928785,0.42575285565939774
1543,0.6175843055555555,0.3963204747774481,0.42627206645898236
1544,0.6098905876068377,0.3965578635014837,0.42471443406022846
1545,0.6136553044871795,0.39661721068249256,0.42315680166147457
1546,0.613445422008547,0.3953709198813056,0.42419522326064385
1547,0.6319138782051282,0.4001186943620178,0.4215991692627207
1548,0.6011392254273504,0.3667655786350148,0.39667705088265837
1549,0.5776948985042735,0.41426224629080116,0.4425752855659398
1550,0.626260170940171,0.3970919881305638,0.4365005192107996
1551,0.5858977991452992,0.3883086053412463,0.4148494288681205
1552,0.614489577991453,0.39608308605341247,0.42886812045690553
1553,0.6530979967948718,0.3827299703264095,0.40602284527518173
1554,0.5734254700854701,0.40543026706231455,0.4300103842159917
1555,0.6269190277777779,0.40301483679525224,0.4439252336448598
1556,0.6308265811965812,0.38439169139465873,0.4106957424714434
1557,0.6074108333333333,0.4020474777448071,0.4305815160955348
1558,0.636804342948718,0.39958456973293766,0.4148494288681205
1559,0.5805379807692308,0.395727002967359,0.42731048805815164
1560,0.6271902938034188,0.39566765578635016,0.43826583592938734
1561,0.6601215491452992,0.39329376854599407,0.40446521287642784
1562,0.5751154967948718,0.3665875370919881,0.4080996884735203
1563,0.5931200373931624,0.4077762327002967,0.45488058151609556
1564,0.6577428685897436,0.3966765578635015,0.4164070612668744
1565,0.596535405982906,0.38783382789317505,0.3868120456905504
1566,0.6096694925213675,0.4112117297922849,0.4544652128764278
1567,0.6363104113247864,0.38403560830860534,0.43520249221183804
1568,0.5789176068376068,0.3837388724035608,0.4106957424714434
1569,0.63544327991453,0.39821958456973294,0.43078920041536867
1570,0.6044879594017094,0.398160237388724,0.42367601246105924
1571,0.6235496634615385,0.4003560830860534,0.42627206645898236
1572,0.6364880128205128,0.39204747774480714,0.4215991692627207
1573,0.5642355288461538,0.40895276670623143,0.4306334371754933
1574,0.6496515170940171,0.3887833827893175,0.4117341640706127
1575,0.6549350160256411,0.38712166172106827,0.4132917964693666
1576,0.6874936645299146,0.3927596439169139,0.4297507788161994
1577,0.6981193963675214,0.39679525222551926,0.4403426791277259
1578,0.5887911324786325,0.3944213649851632,0.4086188992731049
1579,0.5341546581196581,0.39240356083086053,0.42912772585669784
1580,0.6075080608974359,0.39281899109792284,0.4164070612668744
1581,0.670030202991453,0.38445103857566765,0.4091381100726895
1582,0.6082214423076924,0.4118338674183976,0.46121495327102807
1583,0.5894494284188034,0.408485241958457,0.4215991692627207
1584,0.6498585416666667,0.37388724035608306,0.47603842159916926
1585,0.5615472542735043,0.38741839762611274,0.42367601246105924
1586,0.6649048878205128,0.383026706231454,0.42263759086188996
1587,0.6729351442307692,0.40859158474777446,0.43146417445482865
1588,0.5467580395299145,0.41462754480712166,0.43442367601246107
1589,0.6488895085470086,0.3886053412462908,0.43447559709241956
1590,0.6131835790598291,0.3918100890207715,0.4252336448598131
1591,0.6567896634615384,0.39335311572700293,0.4875443987538941
1592,0.5925828899572649,0.37086053412462905,0.4215991692627207
1593,0.6241271634615384,0.3753709198813056,0.40342679127725856
1594,0.595525016025641,0.42689632640949554,0.4205607476635514
1595,0.6564005876068376,0.41169199792284866,0.42886812045690553
1596,0.6361012126068376,0.3853412462908012,0.4484423676012461
1597,0.557344391025641,0.3994658753709199,0.4360851505711319
1598,0.5860266559829059,0.35234421364985163,0.28868120456905505
1599,0.5220328418803419,0.3741839762611276,0.2912772585669782
1600,0.5376733119658119,0.39026706231454006,0.4112149532710281
1601,0.6015760844017094,0.4124351709198813,0.44558670820353063
1602,0.6132455929487179,0.40276557863501483,0.4420041536863967
1603,0.6286571047008547,0.39982195845697327,0.42943925233644864
1604,0.6834481997863248,0.3910979228486647,0.4221183800623053
1605,0.6413835256410256,0.37863501483679524,0.42834890965732086
1606,0.6052658707264957,0.38991097922848666,0.44091381100726895
1607,0.49646269658119657,0.32997032640949553,0.3073727933541018
1608,0.5913342307692308,0.3662908011869436,0.37123572170301145
1609,0.6782925641025641,0.39905044510385757,0.4402907580477674
1610,0.6160193108974359,0.4121896109198813,0.46526479750778815
1611,0.5683868322649572,0.40378041543026705,0.4122533748701973
1612,0.5949509882478632,0.3921661721068249,0.4215991692627207
1613,0.634954407051282,0.3883086053412463,0.4338006230529595
1614,0.6186891346153847,0.3769139465875371,0.4200415368639668
1615,0.5264792361111111,0.35857566765578636,0.31568016614745587
1616,0.5744088728632479,0.38148367952522255,0.3868120456905504
1617,0.6346994497863248,0.38189910979228486,0.4075804776739356
1618,0.5883345779914531,0.40203560830860535,0.4184839044652129
1619,0.5575641613247864,0.39548961424332346,0.4332814122533749
1620,0.6286018376068376,0.40981681293768546,0.42834890965732086
1621,0.6759067467948718,0.4129099477744807,0.40446521287642784
1622,0.6178610897435898,0.38409495548961425,0.3920041536863967
1623,0.6264193856837608,0.42444992818991095,0.5109077352024922
1624,0.610316875,0.3858753709198813,0.426791277258567
1625,0.6125782211538462,0.38409495548961425,0.4106957424714434
1626,0.6150023717948718,0.3828486646884273,0.4132917964693666
1627,0.6136944658119659,0.4017566765578635,0.429595015576324
1628,0.6140348557692308,0.40376854599406525,0.4337487019730011
1629,0.6136457211538462,0.3935311572700297,0.4319833852544133
1630,0.6128465064102564,0.3997032640949555,0.4315680166147456
1631,0.6143031784188034,0.39661721068249256,0.42367601246105924
1632,0.6150932585470086,0.3975074183976261,0.42263759086188996
1633,0.613971233974359,0.4001186943620178,0.4215991692627207
1634,0.613235827991453,0.3943620178041543,0.4215991692627207
1635,0.6144763247863247,0.39519287833827893,0.4215991692627207
1636,0.6328015544871795,0.43125851572700297,0.44018691588785047
1637,0.6113236698717949,0.39525222551928785,0.42834890965732086
1638,0.6154883707264958,0.3955489614243323,0.42627206645898236
1639,0.6153980822649573,0.3967359050445104,0.4290238836967809
1640,0.614836030982906,0.3972700296735905,0.426791277258567
1641,0.6136446153846153,0.39762611275964393,0.4252336448598131
1642,0.613605592948718,0.39560830860534124,0.42575285565939774
1643,0.6145701175213676,0.39661721068249256,0.42834890965732086
1644,0.6136345192307693,0.397566765578635,0.42419522326064385
1645,0.4829865678418804,0.5464018694362018,0.4406022845275182
1646,0.6239321314102564,0.3833827893175074,0.3920041536863967
1647,0.611347889957265,0.4026646884272997,0.4205607476635514
1648,0.6073992467948718,0.4030741839762611,0.42263759086188996
1649,0.6170190865384615,0.3943620178041543,0.42315680166147457
1650,0.6178290598290599,0.3941246290801187,0.4252336448598131
1651,0.6210199893162394,0.3942433234421365,0.42263759086188996
1652,0.6181935256410256,0.395727002967359,0.4205607476635514
1653,0.6705417628205128,0.37044510385756674,0.3608515057113188
1654,0.6061203739316239,0.4085157405341246,0.40965732087227413
1655,0.6166735202991454,0.39887240356083087,0.4205607476635514
1656,0.611365982905983,0.4023026706231454,0.42107995846313606
1657,0.6104489369658119,0.3999406528189911,0.4252336448598131
1658,0.6135369391025641,0.397566765578635,0.4252336448598131
1659,0.6113103098290598,0.3978635014836795,0.42886812045690553
1660,0.6135223878205128,0.396973293768546,0.42575285565939774
1661,0.6126002831196582,0.3973293768545994,0.42575285565939774
1662,0.6083664209401709,0.39893175074183973,0.4292315680166148
1663,0.6132764155982906,0.3967359050445104,0.42471443406022846
1664,0.6133659561965812,0.3973887240356083,0.42367601246105924
1665,0.612619375,0.39839762611275964,0.42834890965732086
1666,0.6147691132478632,0.3967359050445104,0.42419522326064385
1667,0.6664929273504274,0.3975074183976261,0.39823468328141226
1668,0.610852922008547,0.4007299703264095,0.4215991692627207
1669,0.6117541506410257,0.3949554896142433,0.42731048805815164
1670,0.6171769444444445,0.3965578635014837,0.42315680166147457
1671,0.6124090064102564,0.39637982195845695,0.42627206645898236
1672,0.6155500908119658,0.39578635014836794,0.42575285565939774
1673,0.6169160683760684,0.39548961424332346,0.42367601246105924
1674,0.614487532051282,0.39543026706231454,0.42471443406022846
1675,0.6131518376068377,0.3971513353115727,0.4252336448598131
1676,0.6124929433760684,0.3967359050445104,0.42575285565939774
1677,0.614476452991453,0.3966765578635015,0.42419522326064385
1678,0.6147131623931624,0.3964985163204748,0.4252336448598131
1679,0.614536233974359,0.3965578635014837,0.42367601246105924
1680,0.6663156837606837,0.4030682492581602,0.4039460020768432
1681,0.607298969017094,0.39780415430267063,0.4252336448598131
1682,0.6091266292735042,0.3941246290801187,0.42969885773624095
1683,0.6141845833333334,0.39679525222551926,0.42315680166147457
1684,0.6147719604700854,0.39780415430267063,0.42107995846313606
1685,0.6138224732905984,0.39584569732937686,0.426791277258567
1686,0.6173303311965812,0.39578635014836794,0.4252336448598131
1687,0.6177134188034188,0.39614243323442133,0.4215991692627207
1688,0.6151471314102565,0.39596439169139463,0.42367601246105924
1689,0.6143422596153846,0.3967359050445104,0.42471443406022846
1690,0.6132631410256411,0.39637982195845695,0.42575285565939774
1691,0.613908108974359,0.3969139465875371,0.42471443406022846
1692,0.5770722596153847,0.3799406528189911,0.4462616822429907
1693,0.6445972756410256,0.38706231454005935,0.44932502596054
1694,0.6197774091880341,0.3713946587537092,0.44330218068535826
1695,0.5732352884615385,0.4049614243323442,0.42107995846313606
1696,0.6179023878205129,0.4153590118694362,0.4055036344755971
1697,0.6475059134615384,0.4033412462908012,0.4080996884735203
1698,0.5705185844017094,0.4007774480712166,0.43457943925233644
1699,0.6262148878205128,0.380593471810089,0.44402907580477674
1700,0.6398112072649573,0.38421364985163203,0.42627206645898236
1701,0.5711627510683761,0.41037590765578635,0.4101765316718588
1702,0.637401655982906,0.4104078274183976,0.40965732087227413
1703,0.6486644497863248,0.40376854599406525,0.4091381100726895
1704,0.5828566720085471,0.39483679525222554,0.41952232606438217
1705,0.6422912767094018,0.35311572700296734,0.39563862928348914
1706,0.5808846367521368,0.38991097922848666,0.41433021806853587
1707,0.5822573611111111,0.39821958456973294,0.4840056427829699
1708,0.6383530181623932,0.3825519287833828,0.4679127725856698
1709,0.58980952991453,0.40538278931750743,0.397196261682243
1710,0.6365234401709402,0.4061821958456973,0.39460020768431986
1711,0.6456901068376069,0.4014777448071217,0.42471443406022846
1712,0.5759730982905983,0.405080118694362,0.44376947040498443
1713,0.6021678258547009,0.3759643916913947,0.43727933541017655
1714,0.6199018803418803,0.3796439169139466,0.42107995846313606
1715,0.6723391292735043,0.4489545839762611,0.44023883696780897
1716,0.6325258547008548,0.38142433234421363,0.4452751817237799
1717,0.6062606837606838,0.4103952468249258,0.4319314641744548
1718,0.6203513621794872,0.3731750741839763,0.39667705088265837
1719,0.6538923237179487,0.4001186943620178,0.39460020768431986
1720,0.596753985042735,0.39999999999999997,0.39252336448598135
1721,0.5634304433760684,0.3833234421364985,0.41952232606438217
1722,0.6576343856837608,0.4002373887240356,0.46562824506749745
1723,0.6671942361111112,0.3916913946587537,0.39979231568016615
1724,0.606820625,0.40497922848664686,0.3629283489096573
1725,0.6029036858974359,0.38700296735905043,0.43359293873312565
1726,0.5969540651709402,0.38403560830860534,0.42731048805815164
1727,0.6057506891025641,0.40121068249258157,0.4080996884735203
1728,0.6518614155982906,0.3971513353115727,0.47076843198338525
1729,0.6368353579059829,0.39246290801186945,0.44771547248182764
1730,0.6143906784188035,0.39080118694362015,0.37435098650051923
1731,0.6592303098290598,0.3830860534124629,0.43982346832814123
1732,0.5875164049145299,0.38961424332344213,0.44584631360332294
1733,0.5545076923076924,0.4161925127596439,0.40342679127725856
1734,0.5795110523504273,0.40543026706231455,0.4590342679127726
1735,0.7091727136752137,0.36890207715133533,0.44745586708203533
1736,0.5373747329059829,0.36973293768545995,0.4328660436137072
1737,0.6055252136752136,0.3498516320474777,0.42419522326064385
1738,0.5943404754273505,0.40134718100890204,0.42575285565939774
1739,0.6481934294871795,0.4253549667655786,0.41952232606438217
1740,0.7094520405982906,0.39347181008902077,0.4112149532710281
1741,0.5478890972222222,0.38943620178041544,0.42471443406022846
1742,0.5499567628205129,0.382433234421365,0.4395119418483905
1743,0.5431307264957265,0.35299703264094956,0.40342679127725856
1744,0.5642287873931624,0.3890207715133531,0.37642782969885774
1745,0.7181262393162393,0.43192123086053413,0.40965732087227413
1746,0.672134748931624,0.3889614243323442,0.4138110072689512
1747,0.5404092467948718,0.3938872403560831,0.43785046728971966
1748,0.5895138461538462,0.3855786350148368,0.461318795430945
1749,0.5782017948717949,0.37353115727002967,0.43811007268951196
1750,0.5621774252136752,0.35270029673590503,0.4435098650051921
1751,0.5365300908119658,0.40177448071216615,0.383177570093458
1752,0.6697263461538462,0.42777769970326407,0.4405503634475597
1753,0.7023844497863247,0.37014836795252226,0.4148494288681205
1754,0.5527675854700855,0.3877151335311573,0.4049844236760125
1755,0.5944894123931624,0.40746304172106823,0.4432502596053998
1756,0.6547006143162393,0.3564985163204748,0.44065420560747665
1757,0.6172221207264957,0.42155322492581604,0.5302325399792316
1758,0.6030161271367521,0.37922848664688424,0.3888888888888889
1759,0.6163253685897436,0.39578635014836794,0.4091381100726895
1760,0.6138817521367521,0.39305637982195846,0.41952232606438217
1761,0.6131654700854701,0.39584569732937686,0.42886812045690553
1762,0.6139232211538461,0.3973887240356083,0.42731048805815164
1763,0.6153140544871795,0.3978635014836795,0.42627206645898236
1764,0.6137526388888889,0.3967359050445104,0.4252336448598131
1765,0.6133619978632479,0.3937091988130564,0.4153686396677051
1766,0.6135986057692308,0.39483679525222554,0.4184839044652129
1767,0.6142114423076923,0.39798219584569733,0.4298026998961579
1768,0.6150167735042735,0.3973887240356083,0.42471443406022846
1769,0.6137296634615385,0.3972106824925816,0.42471443406022846
1770,0.6133140811965812,0.39608308605341247,0.4252336448598131
1771,0.6143349145299145,0.39614243323442133,0.4252336448598131
1772,0.6136035256410257,0.3970919881305638,0.426791277258567
1773,0.596833579059829,0.3977448071216617,0.2159916926272067
1774,0.6509610096153846,0.42812394540059345,0.4829565497403946
1775,0.619655454059829,0.3916913946587537,0.433177570093458
1776,0.6179173931623931,0.3963204747774481,0.42990654205607476
1777,0.6154274893162394,0.3973293768545994,0.42995846313603325
1778,0.6126067788461539,0.39548961424332346,0.42263759086188996
1779,0.616220422008547,0.3971513353115727,0.429595015576324
1780,0.617214375,0.3969139465875371,0.43037383177570093
1781,0.6185326976495726,0.39643916913946586,0.4319833852544133
1782,0.6247076442307693,0.4004747774480712,0.4501557632398754
1783,0.613953969017094,0.3931157270029674,0.42575285565939774
1784,0.6055442254273504,0.3891394658753709,0.40446521287642784
1785,0.6140859134615384,0.39637982195845695,0.42419522326064385
1786,0.615726298076923,0.3973293768545994,0.42782969885773625
1787,0.613505657051282,0.39661721068249256,0.4252336448598131
1788,0.6142506944444445,0.39626112759643917,0.42367601246105924
1789,0.5352510202991453,0.46874710979228484,0.5164742336448598
1790,0.6149855181623931,0.3829080118694362,0.40031152647975077
1791,0.614030016025641,0.39821958456973294,0.4308411214953271
1792,0.612089983974359,0.398160237388724,0.42471443406022846
1793,0.6119171688034188,0.39602373887240355,0.4252336448598131
1794,0.6176629113247863,0.3953709198813056,0.42263759086188996
1795,0.6155436645299146,0.39614243323442133,0.42419522326064385
1796,0.6111602831196581,0.3966765578635015,0.42731048805815164
1797,0.6120354967948718,0.3971513353115727,0.42627206645898236
1798,0.6114084508547009,0.3973293768545994,0.426791277258567
1799,0.6155441185897437,0.39543026706231454,0.42263759086188996
1800,0.5547839262820513,0.43205055074183973,0.457061266874351
1801,0.6219465705128205,0.4052700296735905,0.41744548286604366
1802,0.6166093803418804,0.39299703264094954,0.43078920041536867
1803,0.6089227831196581,0.3972700296735905,0.4369158878504673
1804,0.6135104487179488,0.3997626112759644,0.42315680166147457
1805,0.6130283012820512,0.4001780415430267,0.42471443406022846
1806,0.6132933760683761,0.3985163204747774,0.42107995846313606
1807,0.6145404861111111,0.39869436201780417,0.42627206645898236
1808,0.613354139957265,0.398160237388724,0.432398753894081
1809,0.6124632478632479,0.3978635014836795,0.43110072689511947
1810,0.6069456570512821,0.4019050445103857,0.44039460020768434
1811,0.6005685523504274,0.4013827893175074,0.45067497403946005
1812,0.6104838782051282,0.39863501483679525,0.44164070612668743
1813,0.24091880341880345,0.342433234421365,0.5553548961578401
1814,0.6344295192307692,0.4066289983620178,0.4091381100726895
1815,0.6082551602564102,0.40898140919881304,0.4221183800623053
1816,0.6074338461538462,0.41362832700296737,0.416926272066459
1817,0.6261083867521368,0.39857566765578634,0.4215991692627207
1818,0.660943985042735,0.39958456973293766,0.4200415368639668
1819,0.6074306997863248,0.397566765578635,0.42419522326064385
1820,0.5718211538461538,0.39103857566765576,0.4305815160955348
1821,0.617575876068376,0.3916320474777448,0.4252336448598131
1822,0.5950812072649573,0.3865281899109792,0.4314122533748702
1823,0.5914160042735043,0.38718100890207713,0.4313603322949118
1824,0.6060548771367521,0.3913946587537092,0.42731048805815164
1825,0.6087832051282052,0.3935311572700297,0.42575285565939774
1826,0.4544337606837607,0.31216617210682496,0.5238834475597093
1827,0.725875,0.4283396356083086,0.387331256490135
1828,0.5949952136752137,0.3819584569732938,0.4384735202492212
1829,0.5706286698717948,0.3797626112759644,0.43416407061266876
1830,0.5895963194444445,0.39287833827893176,0.4252336448598131
1831,0.5834729647435898,0.39246290801186945,0.426791277258567
1832,0.6053016132478632,0.39335311572700293,0.4252336448598131
1833,0.6092222382478633,0.39317507418397624,0.42575285565939774
1834,0.6311284615384616,0.3998813056379822,0.42315680166147457
1835,0.6015992521367521,0.3944213649851632,0.426791277258567
1836,0.6130713247863248,0.3950741839762611,0.42627206645898236
1837,0.6140844658119659,0.3947774480712166,0.4252336448598131
1838,0.6129584348290599,0.39501483679525223,0.42367601246105924
1839,0.6137533600427351,0.39620178041543025,0.42315680166147457
1840,0.6192146420940171,0.3969139465875371,0.42471443406022846
1841,0.622077297008547,0.397566765578635,0.42367601246105924
1842,0.5935940758547009,0.4323796646884273,0.4065420560747664
1843,0.631616688034188,0.4129322011869436,0.4049844236760125
1844,0.6328405288461538,0.3719881305637982,0.4361370716510904
1845,0.6075359241452991,0.3712166172106825,0.44309449636552445
1846,0.6011015705128205,0.42174077982195846,0.4215991692627207
1847,0.6339995352564103,0.43582580296735907,0.40342679127725856
1848,0.5995982852564102,0.3913946587537092,0.42782969885773625
1849,0.6223230288461539,0.35851632047477744,0.43655244029075807
1850,0.5968669871794872,0.3993471810089021,0.42886812045690553
1851,0.6256355982905983,0.41533014599406526,0.4101765316718588
1852,0.6028442574786325,0.39620178041543025,0.4148494288681205
1853,0.5786494230769231,0.39916913946587534,0.4397196261682243
1854,0.5740880448717949,0.36415430267062315,0.4184839044652129
1855,0.6086616132478633,0.37513353115727,0.4371754932502596
1856,0.6212558707264957,0.36688427299703263,0.4190031152647975
1857,0.6045143856837607,0.41362609792284866,0.42834890965732086
1858,0.651114983974359,0.4262584729970326,0.40602284527518173
1859,0.5637870138888889,0.39335311572700293,0.4215991692627207
1860,0.6182978365384615,0.360593471810089,0.42367601246105924
1861,0.615539375,0.38783382789317505,0.4341121495327103
1862,0.6012402297008548,0.43567512284866466,0.44563862928348913
1863,0.6285253579059829,0.4101437562017804,0.40602284527518173
1864,0.5898601762820512,0.38172106824925817,0.42627206645898236
1865,0.6558102403846153,0.36670623145400594,0.4158878504672897
1866,0.6717429967948718,0.4080677378041543,0.46261682242990654
1867,0.5717480822649572,0.40816211821958454,0.4106957424714434
1868,0.5609553365384615,0.3782195845697329,0.39460020768431986
1869,0.6524377403846154,0.4021008902077151,0.42315680166147457
1870,0.619839391025641,0.3895548961424332,0.4355659397715473
1871,0.6234484722222222,0.3829080118694362,0.41744548286604366
1872,0.6541569978632479,0.3772700296735905,0.44273104880581515
1873,0.5834396474358974,0.3791691394658754,0.40134994807892005
1874,0.621945876068376,0.4123958454005935,0.4101765316718588
1875,0.5942320245726496,0.4103031497329377,0.4179646936656283
1876,0.581703125,0.3686053412462908,0.4509865005192108
1877,0.6651571260683761,0.404540059347181,0.4560747663551402
1878,0.659079155982906,0.3919287833827893,0.42782969885773625
1879,0.5682925267094017,0.40933376486646883,0.3935617860851506
1880,0.5747727777777778,0.3983382789317507,0.4205607476635514
1881,0.6167932585470085,0.38777448071216614,0.4221183800623053
1882,0.6030316452991453,0.4056973293768546,0.42782969885773625
1883,0.6290652724358974,0.39661721068249256,0.4652128764278297
1884,0.5946793429487179,0.33827893175074186,0.46526479750778815
1885,0.5326703792735042,0.3490207715133531,0.40134994807892005
1886,0.6238741239316239,0.41020146462908014,0.4461059190031153
1887,0.6718511378205129,0.4268417887240356,0.39252336448598135
1888,0.6298104433760684,0.39958456973293766,0.3769470404984424
1889,0.5716833386752137,0.4097324319287834,0.4578920041536864
1890,0.595500389957265,0.3804154302670623,0.4374870197300104
1891,0.6324245886752137,0.34777448071216616,0.42107995846313606
1892,0.508759889957265,0.3718694362017804,0.39563862928348914
1893,0.6094769337606838,0.43154526824925815,0.387331256490135
1894,0.6888342094017095,0.39940652818991096,0.45534787123572174
1895,0.6039738461538462,0.3602967359050445,0.4388888888888889
1896,0.5801807905982906,0.38433234421364987,0.407061266874351
1897,0.6429108867521367,0.43805229614243324,0.383177570093458
1898,0.5370531570512821,0.4188119661721068,0.35046728971962615
1899,0.6184536912393163,0.4125373715133531,0.4112149532710281
1900,0.5962251335470086,0.38522255192878335,0.471183800623053
1901,0.6370213782051282,0.34937685459940654,0.44698857736240916
1902,0.5719578846153847,0.3944807121661721,0.4164070612668744
1903,0.6496138461538462,0.4413726486646884,0.4091381100726895
1904,0.6116659188034188,0.38646884272997034,0.42731048805815164
1905,0.6114702884615385,0.39798219584569733,0.42627206645898236
1906,0.615245422008547,0.39762611275964393,0.42627206645898236
1907,0.6142891826923077,0.40059347181008903,0.42834890965732086
1908,0.6123832264957265,0.39821958456973294,0.42834890965732086
1909,0.6108394444444445,0.38801186943620175,0.426791277258567
1910,0.6156021741452992,0.39608308605341247,0.4215991692627207
1911,0.618300202991453,0.40245103857566766,0.4200415368639668
1912,0.6134049732905983,0.3975074183976261,0.4252336448598131
1913,0.6122519978632479,0.39281899109792284,0.42627206645898236
1914,0.6139393108974359,0.38979228486646883,0.4215991692627207
1915,0.6109988942307693,0.3802967359050445,0.41952232606438217
1916,0.616849764957265,0.3983382789317507,0.41952232606438217
1917,0.6140383066239317,0.395727002967359,0.42419522326064385
1918,0.6125357158119659,0.395727002967359,0.42575285565939774
1919,0.6149707852564102,0.397566765578635,0.42263759086188996
1920,0.6156536805555556,0.3977448071216617,0.42263759086188996
1921,0.613752094017094,0.39281899109792284,0.42367601246105924
1922,0.6136531570512821,0.3918694362017804,0.42419522326064385
1923,0.6133017467948718,0.4000593471810089,0.42731048805815164
1924,0.6135365598290599,0.398160237388724,0.42782969885773625
1925,0.5851791452991453,0.46411086468842727,0.38940809968847356
1926,0.6137904914529915,0.37590504451038576,0.426791277258567
1927,0.6146278525641026,0.4007240356083086,0.42731048805815164
1928,0.614168076923077,0.3970919881305638,0.42107995846313606
1929,0.6136615010683761,0.39578635014836794,0.42107995846313606
1930,0.6130351175213675,0.39798219584569733,0.4252336448598131
1931,0.6141429967948717,0.39602373887240355,0.426791277258567
1932,0.6155112286324786,0.39525222551928785,0.4252336448598131
1933,0.6142827190170941,0.39584569732937686,0.42315680166147457
1934,0.614122548076923,0.39626112759643917,0.42575285565939774
1935,0.6155780502136752,0.39637982195845695,0.42471443406022846
1936,0.6116397489316239,0.39869436201780417,0.42367601246105924
1937,0.6072592628205128,0.4023560830860534,0.42263759086188996
1938,0.6079697435897436,0.4018991097922849,0.426791277258567
1939,0.6382783226495726,0.34955489614243324,0.3587746625129803
1940,0.6153278044871795,0.4207608884272997,0.4184839044652129
1941,0.6151073557692308,0.39887240356083087,0.42367601246105924
1942,0.6131815598290599,0.3937091988130564,0.42575285565939774
1943,0.6151892467948719,0.3975074183976261,0.42367601246105924
1944,0.6131117628205128,0.39905044510385757,0.42575285565939774
1945,0.613015389957265,0.39762611275964393,0.42471443406022846
1946,0.6153687446581196,0.39626112759643917,0.42419522326064385
1947,0.6136581517094017,0.39626112759643917,0.4252336448598131
1948,0.6141500801282052,0.39643916913946586,0.42419522326064385
1949,0.6153819017094018,0.39548961424332346,0.42367601246105924
1950,0.6146774519230769,0.39804154302670625,0.42367601246105924
1951,0.6598292200854701,0.38528189910979227,0.4018691588785047
1952,0.6246699198717949,0.3978635014836795,0.43276220145379024
1953,0.6046029914529915,0.39798219584569733,0.42107995846313606
1954,0.6140868055555555,0.39620178041543025,0.42367601246105924
1955,0.6121445566239316,0.39703264094955487,0.4252336448598131
1956,0.6077045619658119,0.39661721068249256,0.426791277258567
1957,0.6121813888888888,0.3963204747774481,0.42627206645898236
1958,0.6160861324786325,0.3966765578635015,0.42367601246105924
1959,0.6140148076923078,0.39620178041543025,0.42367601246105924
1960,0.6141560363247863,0.3965578635014837,0.42419522326064385
1961,0.6150170726495727,0.3966765578635015,0.42367601246105924
1962,0.6131678044871796,0.3955489614243323,0.42419522326064385
1963,0.6133057852564103,0.39614243323442133,0.42471443406022846
1964,0.6150144497863248,0.3967359050445104,0.42471443406022846
1965,0.6534500534188035,0.38700296735905043,0.4332814122533749
1966,0.6077157051282052,0.39893175074183973,0.42834890965732086
1967,0.6106474038461539,0.3967359050445104,0.42419522326064385
1968,0.6147096474358975,0.39626112759643917,0.42627206645898236
1969,0.6133770138888889,0.39578635014836794,0.42471443406022846
1970,0.6140553899572649,0.39584569732937686,0.42315680166147457
1971,0.6140296367521367,0.39637982195845695,0.42419522326064385
1972,0.6132985897435898,0.3972106824925816,0.42471443406022846
1973,0.6128370886752137,0.3966765578635015,0.42575285565939774
1974,0.6139232318376069,0.39596439169139463,0.42471443406022846
1975,0.6144525053418803,0.3963204747774481,0.42263759086188996
1976,0.6147490277777778,0.39661721068249256,0.42367601246105924
1977,0.6144814743589744,0.3967359050445104,0.42575285565939774
1978,0.6129700961538461,0.3963204747774481,0.42419522326064385
1979,0.6136667628205128,0.3964985163204748,0.42367601246105924
1980,0.6129001709401709,0.39839762611275964,0.42367601246105924
1981,0.5484446047008547,0.3875370919881306,0.4536344755970924
1982,0.599462905982906,0.40438575667655785,0.43385254413291796
1983,0.6512480662393163,0.40606053412462906,0.44096573208722745
1984,0.6180677457264957,0.39329376854599407,0.4420041536863967
1985,0.5980075320512821,0.37845697329376854,0.4055036344755971
1986,0.6107973878205128,0.4130507537091988,0.39979231568016615
1987,0.6108856730769231,0.425436940652819,0.42471443406022846
1988,0.6194290918803419,0.39762611275964393,0.4215991692627207
1989,0.6387460950854701,0.38201780415430264,0.4153686396677051
1990,0.6346078472222222,0.3831454005934718,0.4252336448598131
1991,0.6157649412393162,0.40181008902077153,0.43068535825545173
1992,0.6043092200854701,0.3879525222551929,0.4200415368639668
1993,0.6159585737179487,0.38106824925816024,0.42471443406022846
1994,0.6303723824786325,0.39608308605341247,0.4200415368639668
1995,0.5939452777777778,0.3965578635014837,0.41433021806853587
1996,0.5910919604700855,0.39999999999999997,0.4290238836967809
1997,0.5791678739316239,0.40082492581602375,0.45062305295950156
1998,0.6121391132478633,0.4162322943620178,0.4382139148494289
1999,0.6577726869658119,0.39281899109792284,0.4413811007268951
2000,0.6483076014957265,0.3889614243323442,0.42943925233644864
2001,0.6037958920940172,0.3968545994065282,0.4158878504672897
2002,0.5958997382478632,0.3863501483679525,0.41952232606438217
2003,0.6000569658119659,0.39584569732937686,0.42367601246105924
2004,0.6035949465811966,0.40097922848664685,0.41433021806853587
2005,0.6121209294871794,0.39821958456973294,0.4132917964693666
2006,0.6416940865384615,0.4029080118694362,0.42943925233644864
2007,0.6007759134615385,0.38421364985163203,0.42782969885773625
2008,0.5847203792735043,0.3916913946587537,0.4301661474558671
2009,0.5927272168803419,0.4011275964391691,0.43110072689511947
2010,0.695219748931624,0.40848176587537094,0.41952232606438217
2011,0.61782390491453,0.4302549364985163,0.37019730010384216
2012,0.5523436698717948,0.39584569732937686,0.3847352024922118
2013,0.6247982104700854,0.39240356083086053,0.44013499480789203
2014,0.695182483974359,0.3779821958456973,0.44309449636552445
2015,0.5539034508547008,0.3809495548961424,0.43546209761163035
2016,0.6227190064102565,0.410397379347181,0.4356178608515057
2017,0.6945230235042735,0.4065977313293768,0.42969885773624095
2018,0.6522307799145299,0.4115839156083086,0.3920041536863967
2019,0.589581639957265,0.3854005934718101,0.4091381100726895
2020,0.6592853098290599,0.38,0.4545171339563863
2021,0.549770219017094,0.39068249258160237,0.4544652128764278
2022,0.63684,0.3895548961424332,0.4101765316718588
2023,0.6528899839743589,0.43544753175074186,0.407061266874351
2024,0.5730459615384615,0.41591692700296734,0.4686396677050883
2025,0.7045745993589744,0.3971513353115727,0.41952232606438217
2026,0.6657286965811966,0.38403560830860534,0.387331256490135
2027,0.5300501655982907,0.38462908011869434,0.41433021806853587
2028,0.6506916720085469,0.3725816023738872,0.43644859813084114
2029,0.6076080502136751,0.3919881305637982,0.43655244029075807
2030,0.58509625,0.4220768818991098,0.43914849428868125
2031,0.6977411752136752,0.3695548961424332,0.36967808930425755
2032,0.5882004647435898,0.32759643916913944,0.3738317757009346
2033,0.550697110042735,0.3937091988130564,0.416926272066459
2034,0.6099733333333334,0.40416617210682493,0.43769470404984423
2035,0.6214504326923077,0.40202967359050445,0.4346832814122534
2036,0.6056970673076923,0.38824925816023736,0.43473520249221187
2037,0.6062229861111111,0.39026706231454006,0.43125649013499484
2038,0.6365239155982906,0.4015786350148368,0.43836967808930427
2039,0.6411633653846154,0.38807121661721067,0.42886812045690553
2040,0.5721094658119659,0.34658753709198814,0.4112149532710281
2041,0.6318735363247863,0.3943620178041543,0.44953271028037384
2042,0.630732297008547,0.3859347181008902,0.4347871235721703
2043,0.6117958653846154,0.3948961424332344,0.42964693665628245
2044,0.6316630074786325,0.40041543026706233,0.4221183800623053
2045,0.5878765651709402,0.3981008902077151,0.39096573208722746
2046,0.5969906677350427,0.3929376854599406,0.42263759086188996
2047,0.638057905982906,0.3849258160237389,0.4426791277258567
2048,0.5884025373931624,0.4043501483679525,0.42315680166147457
2049,0.556667735042735,0.33827893175074186,0.387331256490135
2050,0.5771611538461539,0.40524629080118696,0.44174454828660437
2051,0.6198254540598291,0.40221364985163205,0.45140186915887853
2052,0.6648711271367521,0.39899109792284865,0.42886812045690553
2053,0.6415832799145299,0.38367952522255194,0.43618899273104883
2054,0.5931460790598291,0.39857566765578634,0.4179646936656283
2055,0.6086925908119658,0.41253125459940654,0.4313603322949118
2056,0.6131286164529914,0.37946587537091986,0.4387331256490135
2057,0.6070138034188034,0.39341246290801185,0.4117341640706127
2058,0.6157712072649573,0.3953709198813056,0.42471443406022846
2059,0.6138643536324786,0.4002373887240356,0.42575285565939774
2060,0.6163660042735043,0.40143620178041545,0.4221183800623053
2061,0.6145056036324786,0.3946587537091988,0.426791277258567
2062,0.6140500587606837,0.3963204747774481,0.4252336448598131
2063,0.6137673557692308,0.4002373887240356,0.42367601246105924
2064,0.6132275641025641,0.39821958456973294,0.42627206645898236
2065,0.6147410363247863,0.3947181008902077,0.42419522326064385
2066,0.6144436645299145,0.39637982195845695,0.42367601246105924
2067,0.6146951442307692,0.3979228486646884,0.42419522326064385
2068,0.613937467948718,0.3963204747774481,0.42627206645898236
2069,0.6126524091880342,0.39525222551928785,0.42575285565939774
2070,0.6147342735042736,0.39620178041543025,0.42315680166147457
2071,0.6150291452991453,0.3974480712166172,0.42419522326064385
2072,0.6233414583333333,0.41781860296735907,0.42731048805815164
2073,0.6097963247863248,0.3847477744807122,0.4179646936656283
2074,0.6145344711538462,0.39578635014836794,0.4215991692627207
2075,0.6143467094017094,0.3963204747774481,0.4221183800623053
2076,0.6142609241452992,0.395727002967359,0.42419522326064385
2077,0.6135315972222222,0.397566765578635,0.42471443406022846
2078,0.6144514903846154,0.3974480712166172,0.4252336448598131
2079,0.6148635523504273,0.3943026706231454,0.42315680166147457
2080,0.6135963301282051,0.39347181008902077,0.41952232606438217
2081,0.614255422008547,0.39881305637982195,0.4252336448598131
2082,0.6140507585470085,0.4005341246290801,0.426791277258567
2083,0.6142247542735043,0.3979228486646884,0.42575285565939774
2084,0.5981437713675214,0.39246290801186945,0.39979231568016615
2085,0.6196228151709402,0.3881899109792285,0.42782969885773625
2086,0.6115445886752137,0.4041127596439169,0.4190031152647975
2087,0.6128780822649573,0.3972700296735905,0.42419522326064385
2088,0.6146111271367521,0.39643916913946586,0.4252336448598131
2089,0.6067052297008547,0.40113353115727,0.42367601246105924
2090,0.6085587286324786,0.39899109792284865,0.42627206645898236
2091,0.616402516025641,0.39513353115727,0.42627206645898236
2092,0.6168186057692308,0.3945994065281899,0.42575285565939774
2093,0.6170168856837607,0.39364985163204746,0.42419522326064385
2094,0.6104247382478633,0.39875370919881303,0.42627206645898236
2095,0.6137030395299146,0.3973293768545994,0.42912772585669784
2096,0.6111020192307692,0.39857566765578634,0.42263759086188996
2097,0.6066025908119659,0.4024807121661721,0.41952232606438217
2098,0.6202274145299146,0.3913946587537092,0.42886812045690553
2099,0.6379354647435898,0.4197965543026706,0.387331256490135
2100,0.6123902831196582,0.3802967359050445,0.43463136033229494
2101,0.610289780982906,0.39626112759643917,0.43670820353063344
2102,0.6140036858974359,0.3945994065281899,0.42731048805815164
2103,0.6134695833333333,0.39560830860534124,0.42471443406022846
2104,0.6138503258547008,0.39566765578635016,0.42263759086188996
2105,0.614094342948718,0.40083086053412464,0.43125649013499484
2106,0.6121647168803419,0.39881305637982195,0.4355659397715473
2107,0.6128526762820513,0.3921661721068249,0.42627206645898236
2108,0.6128116933760683,0.4001186943620178,0.426791277258567
2109,0.613044748931624,0.4021364985163205,0.42627206645898236
2110,0.6161606891025642,0.3959050445103858,0.4190031152647975
2111,0.6278057425213676,0.3915727002967359,0.4333852544132918
2112,0.5930366933760685,0.40297329376854596,0.41952232606438217
2113,0.6067026709401709,0.39863501483679525,0.4153686396677051
2114,0.6171941132478633,0.39614243323442133,0.42263759086188996
2115,0.6170343215811966,0.39548961424332346,0.42263759086188996
2116,0.6163988141025641,0.39578635014836794,0.4205607476635514
2117,0.6123766880341881,0.39661721068249256,0.42367601246105924
2118,0.6142676495726496,0.3967359050445104,0.42367601246105924
2119,0.6158647756410256,0.39596439169139463,0.4205607476635514
2120,0.6107390865384615,0.39626112759643917,0.42731048805815164
2121,0.6159941987179487,0.39578635014836794,0.43052959501557636
2122,0.6171495833333334,0.3966765578635015,0.42315680166147457
2123,0.6118755822649573,0.39679525222551926,0.42107995846313606
2124,0.6173696955128205,0.3943620178041543,0.4298026998961579
2125,0.6168876335470086,0.39608308605341247,0.429595015576324
2126,0.6504024038461539,0.3855786350148368,0.4221183800623053
2127,0.6121428472222222,0.39887240356083087,0.4308411214953271
2128,0.605224204059829,0.3977448071216617,0.42471443406022846
2129,0.6153630341880342,0.39566765578635016,0.42471443406022846
2130,0.6146748717948718,0.39584569732937686,0.4221183800623053
2131,0.6154293696581197,0.39626112759643917,0.42107995846313606
2132,0.613553141025641,0.3972700296735905,0.42367601246105924
2133,0.6141658386752137,0.3969139465875371,0.42315680166147457
2134,0.6132068162393163,0.39608308605341247,0.42471443406022846
2135,0.6135448717948718,0.39643916913946586,0.42367601246105924
2136,0.6141030982905983,0.39637982195845695,0.42627206645898236
2137,0.615225202991453,0.39626112759643917,0.4252336448598131
2138,0.5691494551282051,0.4023382789317507,0.4476635514018692
2139,0.6219440972222222,0.40383382789317507,0.44880581516095536
2140,0.6359155929487179,0.39821958456973294,0.44070612668743514
2141,0.5832024412393162,0.3789910979228487,0.4127725856697819
2142,0.604180032051282,0.38545994065281897,0.4039460020768432
2143,0.6477261698717949,0.4093785296142433,0.42367601246105924
2144,0.6518204861111111,0.3972700296735905,0.42107995846313606
2145,0.6006053472222223,0.40293768545994063,0.4205607476635514
2146,0.5587628579059829,0.41548156439169137,0.43587746625129803
2147,0.6278439850427351,0.39899109792284865,0.4371754932502596
2148,0.6639012767094017,0.3914540059347181,0.43364485981308415
2149,0.601467248931624,0.3825519287833828,0.4292315680166148
2150,0.5866964957264957,0.37893175074183977,0.4117341640706127
2151,0.6073575320512821,0.4062124629080119,0.4075804776739356
2152,0.6104984348290599,0.4059109792284866,0.4179646936656283
2153,0.6032792307692307,0.3865875370919881,0.40602284527518173
2154,0.5746065438034188,0.40404154302670625,0.42834890965732086
2155,0.6479082104700855,0.40202967359050445,0.44994807892004157
2156,0.6364024946581197,0.39335311572700293,0.4215991692627207
2157,0.5719248664529915,0.39080118694362015,0.426791277258567
2158,0.5971513141025642,0.4056795252225519,0.4184839044652129
2159,0.6438263247863248,0.4056795252225519,0.4049844236760125
2160,0.6564737927350428,0.3776261127596439,0.4164070612668744
2161,0.597038579059829,0.39560830860534124,0.42731048805815164
2162,0.576160186965812,0.4165469376854599,0.4329698857736241
2163,0.6414509241452991,0.3967359050445104,0.43603322949117346
2164,0.6235841292735043,0.3826112759643917,0.43457943925233644
2165,0.5769904647435897,0.38367952522255194,0.42263759086188996
2166,0.6076475587606838,0.40185163204747776,0.4127725856697819
2167,0.6105134134615384,0.4098433747181009,0.4184839044652129
2168,0.5963664423076923,0.3797032640949555,0.4353582554517134
2169,0.5557225854700855,0.4096748190504451,0.4205607476635514
2170,0.610188530982906,0.3700296735905044,0.40965732087227413
2171,0.6769568162393163,0.38646884272997034,0.42107995846313606
2172,0.6872707371794872,0.3931157270029674,0.40446521287642784
2173,0.5641389797008547,0.38486646884272996,0.40031152647975077
2174,0.5598086057692307,0.41445672522255195,0.43914849428868125
2175,0.6402139316239317,0.3971513353115727,0.4646936656282451
2176,0.6517284401709402,0.4075268152522255,0.46874350986500524
2177,0.6786893215811965,0.39661721068249256,0.3868120456905504
2178,0.5357434882478632,0.37602373887240353,0.3847352024922118
2179,0.6221112927350427,0.38943620178041544,0.44517133956386296
2180,0.6934246474358974,0.40154302670623143,0.4522845275181724
2181,0.5380884401709402,0.3972106824925816,0.43966770508826586
2182,0.5977957318376068,0.4094513919287834,0.4333852544132918
2183,0.7085746527777778,0.38522255192878335,0.3800623052959502
2184,0.5856788514957265,0.4081139138278932,0.4727933541017653
2185,0.5826065224358974,0.41422957982195846,0.4502076843198339
2186,0.61202952991453,0.3935311572700297,0.40965732087227413
2187,0.6273457959401709,0.36427299703264093,0.4138110072689512
2188,0.6316040705128205,0.39044510385756676,0.43120456905503635
2189,0.6295928472222223,0.3865875370919881,0.40446521287642784
2190,0.5838734882478632,0.40081899109792285,0.4138110072689512
2191,0.6116716826923076,0.4240086706231454,0.42471443406022846
2192,0.5699768856837607,0.32344213649851633,0.4215991692627207
2193,0.5156897414529915,0.3750148367952522,0.4122533748701973
2194,0.5835516452991453,0.39002967359050444,0.4127725856697819
2195,0.6396253846153847,0.40535905044510384,0.4112149532710281
2196,0.6466776762820513,0.4101784040356083,0.434527518172378
2197,0.6597704166666667,0.38741839762611274,0.4158878504672897
2198,0.6553917735042736,0.39305637982195846,0.4200415368639668
2199,0.5953169337606837,0.3862314540059347,0.44532710280373833
2200,0.609524577991453,0.39270029673590506,0.4303219106957425
2201,0.5977749732905984,0.3329376854599406,0.4164070612668744
2202,0.5071094417735043,0.3865875370919881,0.4215991692627207
2203,0.5539063301282051,0.4091939999406528,0.43961578400830736
2204,0.6248594604700854,0.41688338041543027,0.4221183800623053
2205,0.6430707264957265,0.397566765578635,0.4049844236760125
2206,0.6666845352564102,0.3881899109792285,0.3857736240913811
2207,0.6313413408119658,0.39204747774480714,0.42627206645898236
2208,0.6034665117521367,0.3959050445103858,0.4624091381100727
2209,0.6259875747863248,0.39287833827893176,0.43442367601246107
2210,0.5999909935897436,0.32997032640949553,0.3920041536863967
2211,0.594957045940171,0.3889614243323442,0.4132917964693666
2212,0.6131379273504274,0.39703264094955487,0.4374870197300104
2213,0.6238912393162392,0.4292444065281899,0.42107995846313606
2214,0.5919953632478633,0.42128437744807123,0.43078920041536867
2215,0.5491373931623932,0.3706231454005935,0.42731048805815164
2216,0.5701181303418803,0.3729970326409495,0.42834890965732086
2217,0.6068373183760684,0.39543026706231454,0.4415368639667705
2218,0.6221560042735043,0.4037566765578635,0.44563862928348913
2219,0.6292974626068376,0.38504451038575666,0.4462616822429907
2220,0.6087735096153846,0.41035354320474776,0.539263821391485
2221,0.5907908600427351,0.3797032640949555,0.37538940809968846
2222,0.5956896420940171,0.38462908011869434,0.37487019730010385
2223,0.6039378205128205,0.3889614243323442,0.4184839044652129
2224,0.6232397115384616,0.4125499673590504,0.433177570093458
2225,0.6231775747863249,0.41327386350148365,0.43099688473520253
2226,0.6184293750000001,0.3944807121661721,0.4363966770508827
2227,0.6173449305555556,0.39483679525222554,0.4340083073727934
2228,0.6180391452991453,0.4008961424332344,0.43078920041536867
2229,0.6163736057692307,0.4003560830860534,0.42782969885773625
2230,0.612592922008547,0.396973293768546,0.4215991692627207
2231,0.6103760737179488,0.39347181008902077,0.4148494288681205
2232,0.6135269925213676,0.39483679525222554,0.42367601246105924
2233,0.6131004059829059,0.39240356083086053,0.42575285565939774
2234,0.6117986805555555,0.39347181008902077,0.42107995846313606
2235,0.6135238087606838,0.3977448071216617,0.42315680166147457
2236,0.6149070673076923,0.3968545994065282,0.42731048805815164
2237,0.6902213728632478,0.44413762195845696,0.4809124577154725
2238,0.606210032051282,0.39222551928783383,0.41744548286604366
2239,0.6037309401709402,0.3909792284866469,0.4112149532710281
2240,0.616377889957265,0.3973887240356083,0.42627206645898236
2241,0.6126693696581197,0.3953709198813056,0.42107995846313606
2242,0.609327702991453,0.3921661721068249,0.4190031152647975
2243,0.6161650801282051,0.39661721068249256,0.4295430944963655
2244,0.6156874893162394,0.3979228486646884,0.42471443406022846
2245,0.6205753205128205,0.4048783382789317,0.43052959501557636
2246,0.6197502991452992,0.40137685459940653,0.4340083073727934
2247,0.6099729006410256,0.39026706231454006,0.4215991692627207
2248,0.6124255341880342,0.3964985163204748,0.41952232606438217
2249,0.613184326923077,0.40081899109792285,0.4179646936656283
2250,0.5982040598290599,0.38172106824925817,0.4127725856697819
2251,0.615099951923077,0.38718100890207713,0.4190031152647975
2252,0.6141497863247863,0.4004747774480712,0.43203530633437176
2253,0.6131336004273504,0.3948961424332344,0.42897196261682247
2254,0.6147895085470085,0.39958456973293766,0.4184839044652129
2255,0.6164246260683761,0.3979228486646884,0.4106957424714434
2256,0.6156413141025641,0.39661721068249256,0.41744548286604366
2257,0.6137151762820513,0.3982789317507418,0.42627206645898236
2258,0.6142038568376069,0.395727002967359,0.42419522326064385
2259,0.614411875,0.3944213649851632,0.42419522326064385
2260,0.6143053311965812,0.3947774480712166,0.42419522326064385
2261,0.6131425106837607,0.3971513353115727,0.42419522326064385
2262,0.6247754433760684,0.4338133287833828,0.45929387331256494
2263,0.616579423076923,0.4026706231454006,0.41952232606438217
2264,0.6129951121794872,0.39863501483679525,0.4184839044652129
2265,0.615535641025641,0.4052937685459941,0.431723779854621
2266,0.6150066773504274,0.4001780415430267,0.4319314641744548
2267,0.6132777724358974,0.3970919881305638,0.42367601246105924
2268,0.614568108974359,0.4003560830860534,0.42263759086188996
2269,0.613776298076923,0.39821958456973294,0.42471443406022846
2270,0.6136028632478633,0.3923442136498516,0.4215991692627207
2271,0.6147088461538461,0.39620178041543025,0.42627206645898236
2272,0.6147036378205128,0.3974480712166172,0.42575285565939774
2273,0.613122516025641,0.39560830860534124,0.4205607476635514
2274,0.6123959241452992,0.3971513353115727,0.4215991692627207
2275,0.6143882532051282,0.3971513353115727,0.4221183800623053
2276,0.31677350427350426,0.4259513934718101,0.48299420711318797
2277,0.6518867467948718,0.381186943620178,0.42107995846313606
2278,0.6083459455128205,0.3940652818991098,0.432398753894081
2279,0.6100439262820513,0.3925222551928783,0.42995846313603325
2280,0.6161300267094018,0.39501483679525223,0.4252336448598131
2281,0.6067222702991453,0.39845697329376856,0.42367601246105924
2282,0.6056226175213675,0.3976854599406528,0.42419522326064385
2283,0.6109768589743589,0.3909792284866469,0.42943925233644864
2284,0.6150428418803419,0.3912759643916914,0.42886812045690553
2285,0.6192325747863248,0.3992878338278932,0.4221183800623053
2286,0.6175743108974359,0.39869436201780417,0.42263759086188996
2287,0.6199631143162393,0.3977448071216617,0.4221183800623053
2288,0.7070186431623932,0.3862908011869436,0.4086188992731049
2289,0.6042407425213675,0.39264094955489615,0.4330218068535826
2290,0.6153919177350428,0.39281899109792284,0.42897196261682247
2291,0.6173098076923077,0.3968545994065282,0.42263759086188996
2292,0.6111532318376068,0.39525222551928785,0.42419522326064385
2293,0.6253592467948719,0.398160237388724,0.42263759086188996
2294,0.616209626068376,0.3953115727002967,0.42575285565939774
2295,0.611647077991453,0.3941246290801187,0.4252336448598131
2296,0.6258002884615385,0.3992878338278932,0.42107995846313606
2297,0.6140669070512821,0.39519287833827893,0.42575285565939774
2298,0.6238139476495727,0.40274777448071214,0.416926272066459
2299,0.626263888888889,0.4006824925816024,0.4200415368639668
2300,0.6525555021367522,0.3942433234421365,0.4190031152647975
2301,0.5631204487179488,0.34540059347181007,0.4538421599169263
2302,0.5875306356837606,0.38148367952522255,0.4291796469366563
2303,0.6003415758547008,0.3950741839762611,0.4179646936656283
2304,0.6346886752136752,0.41184730255192875,0.4164070612668744
2305,0.6733152991452991,0.4331258350148368,0.4292834890965732
2306,0.6489500854700855,0.4013115727002967,0.4184839044652129
2307,0.6121882318376068,0.3762017804154303,0.4065420560747664
2308,0.596403733974359,0.38385756676557864,0.4112149532710281
2309,0.5916553632478633,0.38729970326409496,0.41952232606438217
2310,0.6058515491452992,0.4031572700296736,0.4117341640706127
2311,0.6193934561965813,0.3953115727002967,0.42419522326064385
2312,0.6226600534188034,0.3849258160237389,0.4442367601246106
2313,0.6208934722222222,0.3971513353115727,0.4164070612668744
2314,0.6129833173076923,0.39762611275964393,0.42315680166147457
2315,0.6004273878205129,0.39566765578635016,0.4339563862928349
2316,0.6053306891025642,0.3916320474777448,0.4200415368639668
2317,0.6016272061965813,0.33827893175074186,0.4200415368639668
2318,0.5896949252136752,0.39608308605341247,0.4153686396677051
2319,0.5864390384615384,0.4088838274777448,0.43603322949117346
2320,0.5855680448717948,0.40118694362017804,0.4657840083073728
2321,0.6095443536324786,0.39329376854599407,0.4623052959501558
2322,0.6459341666666667,0.3765578635014837,0.4454828660436137
2323,0.6442031891025641,0.3859940652818991,0.42315680166147457
2324,0.6206683707264957,0.3886646884272997,0.40965732087227413
2325,0.6029593803418803,0.38480712166172104,0.41744548286604366
2326,0.5915818482905983,0.3968545994065282,0.4221183800623053
2327,0.5975096955128205,0.4022551928783383,0.4221183800623053
2328,0.6134194123931624,0.39881305637982195,0.42419522326064385
2329,0.6150361485042735,0.40815768172106826,0.41433021806853587
2330,0.616589188034188,0.4052640949554896,0.416926272066459
2331,0.7141402777777778,0.3830860534124629,0.46349948078920045
2332,0.6692409188034188,0.4000593471810089,0.4055036344755971
2333,0.5577884829059829,0.3847477744807122,0.383177570093458
2334,0.5723574358974359,0.3709792284866469,0.4331256490134995
2335,0.6542744284188035,0.43308183264094957,0.43037383177570093
2336,0.609538766025641,0.394540059347181,0.40031152647975077
2337,0.5696692307692308,0.3656379821958457,0.4930250472481828
2338,0.6160828632478632,0.41401743916913947,0.47398753894080997
2339,0.663429594017094,0.4048427299703264,0.4573208722741433
2340,0.684447938034188,0.38480712166172104,0.4300623052959502
2341,0.5757818002136752,0.3801186943620178,0.3847352024922118
2342,0.5279306997863248,0.38700296735905043,0.4453790238836968
2343,0.5842256677350427,0.3975074183976261,0.4515576323987539
2344,0.7169674572649573,0.3858753709198813,0.38161993769470404
2345,0.6797141506410256,0.41595227418397623,0.43094496365524404
2346,0.5568105021367522,0.4181002178041543,0.4303219106957425
2347,0.6508160844017095,0.4157727762611276,0.46770508826583596
2348,0.6393213461538462,0.38718100890207713,0.459865005192108
2349,0.6579685790598291,0.37863501483679524,0.37538940809968846
2350,0.6155349091880342,0.41169084931750743,0.407061266874351
2351,0.5868732478632479,0.3982789317507418,0.44008307372793354
2352,0.651011891025641,0.36795252225519287,0.39979231568016615
2353,0.5912921207264957,0.42404914362017804,0.4772326064382139
2354,0.6204863408119659,0.38985163204747775,0.4454828660436137
2355,0.5240387927350427,0.3370919881305638,0.40602284527518173
2356,0.542063092948718,0.38267062314540057,0.397196261682243
2357,0.5583853739316239,0.4066700135430267,0.42834890965732086
2358,0.6330686965811966,0.417981612462908,0.461318795430945
2359,0.6482702884615384,0.4167572409495549,0.42471443406022846
2360,0.6384342841880342,0.3595845697329377,0.4184839044652129
2361,0.6532500267094017,0.3738278931750742,0.4398753894080997
2362,0.6121282585470086,0.40041543026706233,0.4148494288681205
2363,0.6305777403846153,0.3974480712166172,0.42315680166147457
2364,0.5296746260683761,0.36112759643916914,0.4353063343717549
2365,0.5877681196581197,0.4016854599406528,0.3857736240913811
2366,0.6597654433760684,0.419421178041543,0.42834890965732086
2367,0.6521188728632479,0.42036557448071216,0.4200415368639668
2368,0.6128636645299146,0.39044510385756676,0.3525441329179647
2369,0.6008502403846154,0.3687240356083086,0.45088265835929386
2370,0.6502538835470085,0.4133465169139466,0.4416926272066459
2371,0.5859823557692307,0.40973170290801186,0.3847352024922118
2372,0.5863006784188034,0.3856973293768546,0.42782969885773625
2373,0.5481601976495727,0.40461127596439167,0.40965732087227413
2374,0.634645860042735,0.40433234421364983,0.34631360332294914
2375,0.6835982264957265,0.4062249258160237,0.39460020768431986
2376,0.618913782051282,0.4088314,0.4353063343717549
2377,0.5725513194444445,0.3830860534124629,0.4075804776739356
2378,0.5806363568376068,0.39329376854599407,0.43961578400830736
2379,0.5851686645299146,0.40377448071216615,0.45119418483904467
2380,0.6164315651709402,0.3890207715133531,0.481911896105919
2381,0.6223766987179488,0.4061643916913947,0.4426272066458983
2382,0.5822779487179487,0.37305637982195844,0.3904465212876428
2383,0.6054280502136753,0.39400593471810086,0.4158878504672897
2384,0.6381861431623932,0.4135174884272997,0.45950155763239875
2385,0.6162638675213675,0.3959050445103858,0.426791277258567
2386,0.6126826335470086,0.3973887240356083,0.4200415368639668
2387,0.6195281623931624,0.4001780415430267,0.43182762201453795
2388,0.6154540224358974,0.39762611275964393,0.42471443406022846
2389,0.6092285950854701,0.39222551928783383,0.4164070612668744
2390,0.614596623931624,0.39270029673590506,0.42782969885773625
2391,0.6215515972222222,0.39703264094955487,0.4416926272066459
2392,0.6093962232905983,0.3940652818991098,0.4190031152647975
2393,0.6117930341880342,0.3979228486646884,0.4179646936656283
2394,0.6196138728632479,0.39887240356083087,0.43120456905503635
2395,0.610962232905983,0.39341246290801185,0.42263759086188996
2396,0.6113642147435897,0.3946587537091988,0.4221183800623053
2397,0.6744912126068376,0.41549018694362017,0.47009345794392526
2398,0.5971794177350427,0.38807121661721067,0.4065420560747664
2399,0.633545860042735,0.4073671016617211,0.44273104880581515
2400,0.6346436164529915,0.40118100890207714,0.44771547248182764
2401,0.6076655128205128,0.3893768545994065,0.4190031152647975
2402,0.6092680128205128,0.39566765578635016,0.4190031152647975
2403,0.6275475641025641,0.4018575667655786,0.44070612668743514
2404,0.6179009294871796,0.39839762611275964,0.4290758047767394
2405,0.6073820833333333,0.39341246290801185,0.41433021806853587
2406,0.609554407051282,0.39483679525222554,0.4205607476635514
2407,0.6163228044871795,0.40164985163204747,0.42471443406022846
2408,0.620772110042735,0.4009673590504451,0.4294911734164071
2409,0.6094950908119658,0.39329376854599407,0.4215991692627207
2410,0.6079930502136752,0.39359050445103855,0.41952232606438217
2411,0.6165552670940171,0.39584569732937686,0.42886812045690553
2412,0.6961348504273505,0.5527328961424331,0.6266557892004154
2413,0.5794238034188034,0.39637982195845695,0.4164070612668744
2414,0.6192363087606838,0.39905044510385757,0.42575285565939774
2415,0.6160766452991453,0.39857566765578634,0.42886812045690553
2416,0.6132464369658119,0.397566765578635,0.42471443406022846
2417,0.6129733333333334,0.3991097922848665,0.42419522326064385
2418,0.6127429807692308,0.3969139465875371,0.42419522326064385
2419,0.6140069497863248,0.3953709198813056,0.42419522326064385
2420,0.6140998450854701,0.39596439169139463,0.42419522326064385
2421,0.6140719497863247,0.39762611275964393,0.42367601246105924
2422,0.6127564903846154,0.3997032640949555,0.42782969885773625
2423,0.6111951335470085,0.4010860534124629,0.42627206645898236
2424,0.6134170726495727,0.39821958456973294,0.426791277258567
2425,0.6152566292735043,0.3919881305637982,0.42782969885773625
2426,0.5828304433760684,0.4413193816023739,0.37954309449636553
2427,0.5998873985042735,0.3873590504451038,0.40342679127725856
2428,0.5992685630341881,0.36474777448071216,0.4117341640706127
2429,0.6316743055555556,0.4040474777448071,0.4468847352024922
2430,0.6246362606837607,0.40086646884273,0.43385254413291796
2431,0.6208645192307692,0.3981008902077151,0.4341121495327103
2432,0.6180781196581197,0.3978635014836795,0.42969885773624095
2433,0.6372097435897436,0.40702052884273,0.45669781931464176
2434,0.6289329113247863,0.41195107323442137,0.44584631360332294
2435,0.6128483066239316,0.4027121661721068,0.41952232606438217
2436,0.6185440865384615,0.3965578635014837,0.43037383177570093
2437,0.6141953846153846,0.3963204747774481,0.4252336448598131
2438,0.613445998931624,0.3971513353115727,0.4221183800623053
2439,0.616784829059829,0.3963204747774481,0.42575285565939774
2440,0.0,0.4982835608308605,0.6525199480789201
2441,0.6688145138888889,0.38249258160237387,0.4086188992731049
2442,0.640320641025641,0.38949554896142435,0.42315680166147457
2443,0.6209916452991453,0.39857566765578634,0.42419522326064385
2444,0.6293820245726496,0.39614243323442133,0.4205607476635514
2445,0.6151929914529914,0.3947181008902077,0.42575285565939774
2446,0.6175207799145299,0.39804154302670625,0.42315680166147457
2447,0.6296577617521368,0.4041246290801187,0.4117341640706127
2448,0.6079254166666667,0.39543026706231454,0.42575285565939774
2449,0.5903872115384615,0.38729970326409496,0.4386292834890966
2450,0.6120337393162394,0.3950741839762611,0.426791277258567
2451,,0.511882587537092,0.7632083541017654
2452,0.6413508066239316,0.3858753709198813,0.4106957424714434
2453,0.642622297008547,0.3927596439169139,0.41433021806853587
2454,0.6270605235042735,0.3979228486646884,0.4252336448598131
2455,0.6368592040598291,0.39839762611275964,0.4190031152647975
2456,0.6378020940170941,0.4023086053412463,0.4138110072689512
2457,0.6216350801282051,0.39893175074183973,0.4200415368639668
2458,0.5963331677350427,0.391513353115727,0.4313084112149533
2459,0.6034253525641026,0.39335311572700293,0.42782969885773625
2460,0.6127143162393163,0.39513353115727,0.42471443406022846
2461,0.6258156303418804,0.39596439169139463,0.42315680166147457
2462,0.6069276388888889,0.3938872403560831,0.43037383177570093
2463,0.5916585630341881,0.3941246290801187,0.429595015576324
2464,0.6189602029914529,0.39501483679525223,0.42419522326064385
2465,0.6354930235042735,0.39626112759643917,0.4221183800623053
2466,0.5852815331196581,0.38664688427299704,0.44065420560747665
2467,0.5749925694444444,0.39798219584569733,0.46526479750778815
2468,0.6128091346153846,0.38605341246290803,0.4612668743509865
2469,0.6556389690170941,0.37869436201780415,0.4379543094496366
2470,0.6307613782051282,0.38486646884272996,0.42263759086188996
2471,0.6069484027777778,0.3935311572700297,0.42471443406022846
2472,0.5971504006410256,0.3946587537091988,0.42367601246105924
2473,0.6028107051282051,0.4147649465875371,0.42263759086188996
2474,0.6012565170940172,0.42205705222551926,0.41433021806853587
2475,0.635459407051282,0.4047062314540059,0.4018691588785047
2476,0.6510142788461539,0.38943620178041544,0.39667705088265837
2477,0.6105967521367521,0.38979228486646883,0.4080996884735203
2478,0.6062316025641026,0.40105044510385757,0.4215991692627207
2479,0.6070272970085471,0.4013115727002967,0.42419522326064385
2480,0.6096228044871795,0.39329376854599407,0.44408099688473524
2481,0.5934286004273505,0.3640356083086053,0.4190031152647975
2482,0.5807988568376068,0.3915727002967359,0.4221183800623053
2483,0.5626960950854701,0.4007359050445104,0.44563862928348913
2484,0.5768735202991453,0.38789317507418397,0.45197300103842164
2485,0.6312671100427351,0.38979228486646883,0.4412772585669782
2486,0.6717073183760685,0.3861721068249258,0.4408618899273105
2487,0.6397607051282052,0.3862908011869436,0.4301142263759086
2488,0.6157596260683761,0.40141246290801186,0.4215991692627207
2489,0.5836420032051282,0.4001780415430267,0.42107995846313606
2490,0.5701320673076923,0.408823211810089,0.4049844236760125
2491,0.6197291666666667,0.4078013668249258,0.41952232606438217
2492,0.6784671901709403,0.4091423200593472,0.4091381100726895
2493,0.6356587713675214,0.3969139465875371,0.3883696780893043
2494,0.5902504967948718,0.3865281899109792,0.39875389408099693
2495,0.665225641025641,0.3970919881305638,0.46287642782969884
2496,0.5995049572649572,0.4000593471810089,0.42782969885773625
2497,0.6085422061965812,0.37109792284866466,0.36137071651090347
2498,0.6413238835470085,0.4080845445103857,0.416926272066459
2499,0.609154423076923,0.41045758089020773,0.42107995846313606
2500,0.6104930982905983,0.36765578635014834,0.43431983385254413
2501,0.6181808226495726,0.4146896350148368,0.5133515
2502,0.6826732051282052,0.4103031065281899,0.47050882658359294
2503,0.6051970779914531,0.3798219584569733,0.4301661474558671
2504,0.5469630822649573,0.39026706231454006,0.39615784008307375
2505,0.6228182158119658,0.42545090445103856,0.4205607476635514
2506,0.6303238034188035,0.43583029198813056,0.416926272066459
2507,0.6283914369658119,0.36415430267062315,0.4395638629283489
2508,0.6136341079059829,0.3683679525222552,0.4731048805815161
2509,0.6524763301282052,0.3744807121661721,0.4518172377985462
2510,0.6374915865384615,0.3965578635014837,0.47705607476635514
2511,0.6173459027777778,0.4020771513353116,0.39148494288681207
2512,0.6151365918803419,0.4020474777448071,0.3920041536863967
2513,0.596395625,0.40671853830267063,0.4200415368639668
2514,0.6293088301282052,0.3578635014836795,0.4091381100726895
2515,0.618669139957265,0.382433234421365,0.47320872274143305
2516,0.49141349572649573,0.3668249258160237,0.4382139148494289
2517,0.5870413835470085,0.40160830860534125,0.40031152647975077
2518,0.7042359188034188,0.39584569732937686,0.36812045690550366
2519,0.6491755074786325,0.42129050445103855,0.3940809968847352
2520,0.5942462446581196,0.4196562059347181,0.4065420560747664
2521,0.6074130235042735,0.3657566765578635,0.46033229491173416
2522,0.586603125,0.3915727002967359,0.43686396677050887
2523,0.5480206784188034,0.4142850896142433,0.407061266874351
2524,0.6231643162393162,0.401566765578635,0.4358255451713396
2525,0.5806223344017094,0.39347181008902077,0.4693665628245068
2526,0.6147189583333333,0.3719881305637982,0.4387331256490135
2527,0.6431692628205128,0.3798219584569733,0.37642782969885774
2528,0.6149265758547009,0.38682492581602373,0.4158878504672897
2529,0.6061321260683761,0.4073583734718101,0.42627206645898236
2530,0.5488202884615385,0.3899703264094955,0.39096573208722746
2531,0.5000391009615385,0.4034896142433234,0.33956386292834895
2532,0.5601807051282052,0.38367952522255194,0.4584631360332295
2533,0.713455389957265,0.34878338278931753,0.5547960020768432
2534,0.7115598290598291,0.40917556818991097,0.45109034267912773
2535,0.5603959455128205,0.4007181008902077,0.42943925233644864
2536,0.6465759508547009,0.3875370919881306,0.4101765316718588
2537,0.6575177083333333,0.37311572700296736,0.4404465212876428
2538,0.641010170940171,0.3750148367952522,0.4525441329179647
2539,0.5829561164529915,0.3740059347181009,0.39979231568016615
2540,0.5803606303418803,0.43107527477744806,0.40134994807892005
2541,0.6025599732905983,0.44307131988130566,0.41952232606438217
2542,0.5990927297008547,0.39780415430267063,0.44195223260643823
2543,0.6174378525641026,0.3913353115727003,0.40965732087227413
2544,0.6191211858974359,0.3973887240356083,0.42627206645898236
2545,0.6134119337606838,0.3977448071216617,0.42731048805815164
2546,0.6149657425213675,0.39887240356083087,0.42419522326064385
2547,0.6138206944444444,0.3993471810089021,0.42627206645898236
2548,0.6131036431623932,0.3887833827893175,0.4205607476635514
2549,0.6140169764957265,0.38985163204747775,0.41952232606438217
2550,0.6148191346153846,0.4018813056379822,0.42834890965732086
2551,0.6150584294871795,0.39875370919881303,0.42782969885773625
2552,0.6136505555555556,0.3937685459940653,0.4252336448598131
2553,0.6137676282051282,0.39513353115727,0.42419522326064385
2554,0.615622938034188,0.3945994065281899,0.4205607476635514
2555,0.6132697435897436,0.3975074183976261,0.42471443406022846
2556,0.6525846367521367,0.448694706231454,0.4930898805815161
2557,0.6101691292735043,0.3861721068249258,0.4215991692627207
2558,0.6134455235042735,0.3970919881305638,0.42419522326064385
2559,0.6133601068376069,0.39364985163204746,0.42367601246105924
2560,0.6111933012820513,0.382433234421365,0.4138110072689512
2561,0.6089052083333333,0.3809495548961424,0.42419522326064385
2562,0.615419967948718,0.4054955489614243,0.4356178608515057
2563,0.621283733974359,0.4136219246290801,0.42263759086188996
2564,0.6140193002136752,0.4020830860534125,0.430269989615784
2565,0.6106018002136753,0.3893768545994065,0.42912772585669784
2566,0.6145421527777778,0.3863501483679525,0.4148494288681205
2567,0.6151785790598291,0.39626112759643917,0.4200415368639668
2568,0.6140375641025642,0.3995252225519288,0.42731048805815164
2569,0.6147746741452992,0.396973293768546,0.4164070612668744
2570,0.5140057628205128,0.5559945578635015,0.4974436059190031
2571,0.6176582104700854,0.3769139465875371,0.3790238836967809
2572,0.6161877510683761,0.4000593471810089,0.42731048805815164
2573,0.6109919444444445,0.40041543026706233,0.426791277258567
2574,0.6129737713675214,0.39626112759643917,0.4221183800623053
2575,0.6146615651709402,0.39596439169139463,0.4215991692627207
2576,0.6139384188034188,0.3973887240356083,0.4221183800623053
2577,0.6113248023504274,0.39804154302670625,0.42731048805815164
2578,0.6135999038461538,0.39584569732937686,0.42367601246105924
2579,0.6161066079059829,0.3964985163204748,0.4221183800623053
2580,0.6228356143162393,0.39364985163204746,0.41433021806853587
2581,0.6218447008547009,0.39305637982195846,0.41433021806853587
2582,0.6199467361111111,0.4033412462908012,0.3738317757009346
2583,0.623531672008547,0.3855786350148368,0.42419522326064385
2584,0.6099200641025642,0.4021780415430267,0.44330218068535826
2585,0.6156663141025641,0.39240356083086053,0.4086188992731049
2586,0.6138758386752137,0.3981008902077151,0.42315680166147457
2587,0.6129476335470085,0.40124629080118696,0.4368120456905504
2588,0.6142762232905983,0.39543026706231454,0.4215991692627207
2589,0.6128998397435897,0.397566765578635,0.42263759086188996
2590,0.613803327991453,0.3981008902077151,0.42419522326064385
2591,0.6147557211538461,0.3965578635014837,0.4252336448598131
2592,0.6145910096153846,0.39703264094955487,0.4290758047767394
2593,0.6151610576923077,0.39637982195845695,0.42471443406022846
2594,0.6147197008547008,0.39513353115727,0.4215991692627207
2595,0.6139456356837607,0.3963204747774481,0.4200415368639668
2596,0.6131382318376069,0.3983382789317507,0.4221183800623053
2597,0.6673899893162394,0.41447368605341245,0.3608515057113188
2598,0.6704408173076923,0.40494362017804153,0.39667705088265837
2599,0.6006646314102564,0.39596439169139463,0.42782969885773625
2600,0.6133356677350428,0.3966765578635015,0.42315680166147457
2601,0.6167910790598291,0.39602373887240355,0.42263759086188996
2602,0.6151698771367522,0.39643916913946586,0.42315680166147457
2603,0.6105860737179487,0.3969139465875371,0.42627206645898236
2604,0.6047449626068376,0.39578635014836794,0.43052959501557636
2605,0.6073342735042735,0.39584569732937686,0.42731048805815164
2606,0.6115429967948718,0.39626112759643917,0.42419522326064385
2607,0.611879780982906,0.396973293768546,0.42471443406022846
2608,0.6143617628205128,0.3965578635014837,0.42419522326064385
2609,0.6138678739316239,0.3965578635014837,0.42419522326064385
2610,0.6544336538461539,0.4014480712166172,0.40134994807892005
2611,0.6770247649572649,0.40669704435608306,0.34215991692627207
2612,0.6818845726495727,0.4060373887240356,0.31464174454828664
2613,0.6876165384615385,0.40579821958456974,0.36812045690550366
2614,0.6201473557692307,0.39270029673590506,0.45981308411214955
2615,0.6048164636752137,0.3969139465875371,0.42782969885773625
2616,0.6140991987179487,0.395727002967359,0.42886812045690553
2617,0.6148509561965811,0.39584569732937686,0.42834890965732086
2618,0.5947121688034188,0.4002373887240356,0.4190031152647975
2619,0.5880254700854701,0.40118694362017804,0.4148494288681205
2620,0.6081077617521368,0.3977448071216617,0.4200415368639668
2621,0.6131585844017094,0.3949554896142433,0.43406022845275183
2622,0.6067373931623932,0.3948961424332344,0.4368120456905504
2623,0.6114988888888889,0.395727002967359,0.43021806853582556
2624,0.6263845512820513,0.3947181008902077,0.4221183800623053
2625,0.6183952724358974,0.39596439169139463,0.42263759086188996
2626,0.6077760576923077,0.3966765578635015,0.4298026998961579
2627,0.6095400106837607,0.3979228486646884,0.4215991692627207
2628,0.6085393215811966,0.3981008902077151,0.41952232606438217
2629,0.6122949732905983,0.3963204747774481,0.4252336448598131
2630,0.6185662713675214,0.39614243323442133,0.4252336448598131
2631,0.6293597168803419,0.40906492629080116,0.3935617860851506
2632,0.652614764957265,0.3937685459940653,0.42834890965732086
2633,0.6134146688034188,0.38148367952522255,0.41744548286604366
2634,0.5591338301282052,0.4045459940652819,0.42627206645898236
2635,0.6375434081196582,0.4169356528189911,0.4642263759086189
2636,0.6459508867521367,0.3737685459940653,0.43572170301142266
2637,0.5855254487179488,0.36486646884273,0.397196261682243
2638,0.5826215224358975,0.4064385756676558,0.4132917964693666
2639,0.6168003472222222,0.41276214362017805,0.42575285565939774
2640,0.6316520886752137,0.40319287833827894,0.4200415368639668
2641,0.6532416666666667,0.3891988130563798,0.4179646936656283
2642,0.6116822061965812,0.3917507418397626,0.4065420560747664
2643,0.5698566025641025,0.390326409495549,0.42627206645898236
2644,0.6149629166666667,0.3881899109792285,0.44335410176531675
2645,0.5769440170940171,0.4098154728189911,0.42107995846313606
2646,0.6082815758547009,0.42149913056379823,0.43229491173416407
2647,0.647151842948718,0.401026706231454,0.4294911734164071
2648,0.6468570993589744,0.3714540059347181,0.42107995846313606
2649,0.594746047008547,0.3753709198813056,0.4153686396677051
2650,0.5712007745726496,0.4080388999406528,0.43037383177570093
2651,0.5910657158119659,0.41672686290801186,0.43177570093457945
2652,0.6407983974358975,0.4098661503264095,0.42782969885773625
2653,0.6542049732905983,0.392106824925816,0.42263759086188996
2654,0.6260063087606837,0.38124629080118694,0.40290758047767394
2655,0.5831529487179488,0.39643916913946586,0.42782969885773625
2656,0.5772735523504273,0.4034421364985163,0.44953271028037384
2657,0.6178636805555555,0.40317507418397625,0.42575285565939774
2658,0.6294458173076923,0.4005341246290801,0.4184839044652129
2659,0.6135999626068376,0.4075491034421365,0.4644340602284528
2660,0.5751758333333333,0.4069191586884273,0.4342679127725857
2661,0.6002234615384615,0.38949554896142435,0.4138110072689512
2662,0.6998411431623932,0.3943026706231454,0.426791277258567
2663,0.6531486912393163,0.41275280712166174,0.397196261682243
2664,0.5244375641025641,0.392106824925816,0.407061266874351
2665,0.5194199305555556,0.4047062314540059,0.4638110072689512
2666,0.6587969978632479,0.4039169139465875,0.4494807892004154
2667,0.5501572061965811,0.4201069109792285,0.40965732087227413
2668,0.668682719017094,0.38688427299703265,0.4184839044652129
2669,0.6204034561965812,0.3950741839762611,0.45301142263759087
2670,0.5606638888888889,0.3913353115727003,0.4290238836967809
2671,0.649075625,0.37228486646884273,0.4055036344755971
2672,0.5618876014957265,0.4205053477744807,0.41952232606438217
2673,0.7156403846153846,0.4322173471810089,0.4710280373831776
2674,0.6688274038461539,0.41385077982195845,0.37123572170301145
2675,0.5485998397435897,0.40455786350148365,0.40238836967808933
2676,0.632586875,0.398160237388724,0.4468328141225338
2677,0.5948520085470086,0.3945994065281899,0.43722741433021806
2678,0.6006535737179487,0.38047477744807123,0.4315680166147456
2679,0.6523692521367521,0.4033412462908012,0.39979231568016615
2680,0.615863782051282,0.3476557863501484,0.36760124610591904
2681,0.6595649145299145,0.3742433234421365,0.4138110072689512
2682,0.6364308867521368,0.40137685459940653,0.4636552440290758
2683,0.5426370245726496,0.39008902077151336,0.43208722741433025
2684,0.5370329113247864,0.3993471810089021,0.4112149532710281
2685,0.6389687393162393,0.4001780415430267,0.4428348909657321
2686,0.6804473664529914,0.37471810089020774,0.4215991692627207
2687,0.6379242414529914,0.3946587537091988,0.4132917964693666
2688,0.6161666079059829,0.3554896142433234,0.38785046728971967
2689,0.6665072008547008,0.39916913946587534,0.4106957424714434
2690,0.6201177724358975,0.4014658753709199,0.43914849428868125
2691,0.5311994337606838,0.39899109792284865,0.43676012461059194
2692,0.5566371688034188,0.40353709198813054,0.4330218068535826
2693,0.6664765811965812,0.3808308605341246,0.42471443406022846
2694,0.6625922008547008,0.3831454005934718,0.4039460020768432
2695,0.5678369604700855,0.39513353115727,0.4106957424714434
2696,0.6224167467948718,0.35097922848664687,0.36760124610591904
2697,0.6501160149572649,0.37525222551928783,0.40290758047767394
2698,0.6043145886752137,0.40554302670623144,0.43696780893042575
2699,0.594186030982906,0.41994239050445104,0.4444963655244029
2700,0.5533711217948718,0.4074866178041543,0.45529595015576324
2701,0.6439140918803419,0.3640356083086053,0.4347871235721703
2702,0.6291830555555555,0.37584569732937684,0.40083073727933544
2703,0.5492284775641025,0.42728691157270027,0.407061266874351
2704,0.603640235042735,0.3854005934718101,0.49041336396677054
2705,0.6211835363247864,0.39008902077151336,0.40134994807892005
2706,0.6104449091880342,0.3911572700296736,0.4200415368639668
2707,0.6130193803418804,0.38207715133531156,0.42419522326064385
2708,0.6160371100427351,0.3937685459940653,0.42263759086188996
2709,0.6139367788461538,0.39620178041543025,0.42782969885773625
2710,0.612863514957265,0.38925816023738874,0.42367601246105924
2711,0.6140613514957265,0.397566765578635,0.42419522326064385
2712,0.6149759722222222,0.3971513353115727,0.42627206645898236
2713,0.6142119337606837,0.39305637982195846,0.42471443406022846
2714,0.6137027938034189,0.3947181008902077,0.42315680166147457
2715,0.6129923717948718,0.3963204747774481,0.4252336448598131
2716,0.6135196955128206,0.3955489614243323,0.42627206645898236
2717,0.6146576495726496,0.39626112759643917,0.42367601246105924
2718,0.6152840705128205,0.40105044510385757,0.42419522326064385
2719,0.6297536378205129,0.41912215014836796,0.4158878504672897
2720,0.6037389743589744,0.38468842729970326,0.45373831775700935
2721,0.6132969978632479,0.39026706231454006,0.4200415368639668
2722,0.618295405982906,0.39483679525222554,0.4039460020768432
2723,0.6138378792735043,0.39548961424332346,0.4200415368639668
2724,0.6128504433760684,0.3937091988130564,0.42471443406022846
2725,0.6130761485042735,0.3923442136498516,0.42627206645898236
2726,0.6116165170940171,0.3909792284866469,0.42995846313603325
2727,0.6139926175213675,0.3953709198813056,0.4221183800623053
2728,0.6142489102564103,0.39400593471810086,0.4190031152647975
2729,0.613867922008547,0.3947181008902077,0.42315680166147457
2730,0.5668086431623932,0.4079887658160237,0.37331256490134995
2731,0.6096195886752137,0.38824925816023736,0.4122533748701973
2732,0.612442280982906,0.4009080118694362,0.4184839044652129
2733,0.6106363888888888,0.3974480712166172,0.41952232606438217
2734,0.6154483600427351,0.39347181008902077,0.4221183800623053
2735,0.6102027670940171,0.39762611275964393,0.4148494288681205
2736,0.6054012873931625,0.4021305637982196,0.41744548286604366
2737,0.6178575053418803,0.39620178041543025,0.43364485981308415
2738,0.6175865117521367,0.39501483679525223,0.42834890965732086
2739,0.6123372222222222,0.39614243323442133,0.42315680166147457
2740,0.6134178151709402,0.3963204747774481,0.42575285565939774
2741,0.6144936965811966,0.39643916913946586,0.42263759086188996
2742,0.616138717948718,0.39566765578635016,0.42419522326064385
2743,0.6136111485042735,0.3964985163204748,0.4252336448598131
2744,0.6109491666666667,0.39762611275964393,0.42315680166147457
2745,0.5916293322649573,0.4349546540059347,0.4101765316718588
2746,0.6255186217948718,0.38545994065281897,0.42731048805815164
2747,0.6003417147435898,0.4203164931750742,0.42834890965732086
2748,0.6104884081196581,0.40121661721068247,0.4138110072689512
2749,0.6222836912393163,0.3835608308605341,0.4112149532710281
2750,0.6196492628205128,0.3851632047477745,0.4290238836967809
2751,0.6195276175213675,0.38433234421364987,0.42419522326064385
2752,0.6133089690170941,0.3947774480712166,0.42107995846313606
2753,0.6124879967948718,0.398160237388724,0.4215991692627207
2754,0.6138021100427351,0.3991097922848665,0.4221183800623053
2755,0.6138402670940171,0.3982789317507418,0.4221183800623053
2756,0.6148288301282051,0.39548961424332346,0.42315680166147457
2757,0.6146309935897436,0.39602373887240355,0.4252336448598131
2758,0.6129767307692308,0.3969139465875371,0.42627206645898236
2759,0.6136733440170941,0.39560830860534124,0.42419522326064385
2760,0.6149451655982906,0.395727002967359,0.42471443406022846
2761,0.6138352457264957,0.3981008902077151,0.42575285565939774
2762,0.7532920673076924,0.3808308605341246,0.416926272066459
2763,0.6195606517094017,0.3865281899109792,0.3899273104880582
2764,0.5913302083333334,0.3982789317507418,0.4205607476635514
2765,0.6097372168803419,0.39703264094955487,0.42315680166147457
2766,0.612891655982906,0.3955489614243323,0.42315680166147457
2767,0.6180028846153847,0.3969139465875371,0.42782969885773625
2768,0.6166095299145299,0.39637982195845695,0.42367601246105924
2769,0.6111489797008547,0.39602373887240355,0.42315680166147457
2770,0.6116331143162393,0.3967359050445104,0.426791277258567
2771,0.6155939423076924,0.3966765578635015,0.42315680166147457
2772,0.6136184882478632,0.39679525222551926,0.4252336448598131
2773,0.6078986538461538,0.39798219584569733,0.4321391484942887
2774,0.6070421741452992,0.39703264094955487,0.4252336448598131
2775,0.6078438835470086,0.3941839762611276,0.41433021806853587
2776,0.6079830021367522,0.3948961424332344,0.41433021806853587
2777,0.6110267681623932,0.39608308605341247,0.41952232606438217
2778,0.6120238408119658,0.3953115727002967,0.4215991692627207
2779,0.6561160096153846,0.38961424332344213,0.42419522326064385
2780,0.6216945566239316,0.3883086053412463,0.4018691588785047
2781,0.6041709935897436,0.39679525222551926,0.4184839044652129
2782,0.6142592307692307,0.3955489614243323,0.42107995846313606
2783,0.6132328098290598,0.39620178041543025,0.42315680166147457
2784,0.6131539316239316,0.39608308605341247,0.42471443406022846
2785,0.615904188034188,0.3968545994065282,0.4298546209761163
2786,0.6494723237179487,0.39940652818991096,0.4575285565939772
2787,0.6700372008547009,0.39020771513353114,0.426791277258567
2788,0.6280216826923077,0.38777448071216614,0.39511941848390447
2789,0.6056940224358974,0.3955489614243323,0.42263759086188996
2790,0.6136536485042735,0.39548961424332346,0.4205607476635514
2791,0.6134144284188034,0.39566765578635016,0.4190031152647975
2792,0.6130601388888889,0.39620178041543025,0.42263759086188996
2793,0.6127117521367521,0.3959050445103858,0.4215991692627207
2794,0.6131803044871795,0.39596439169139463,0.42367601246105924
2795,0.6132840544871795,0.39643916913946586,0.42419522326064385
2796,0.6138399091880342,0.39643916913946586,0.42471443406022846
2797,0.6090712873931624,0.397566765578635,0.42731048805815164
2798,0.5939132264957265,0.4025459940652819,0.438785046728972
2799,0.6202977029914529,0.40041543026706233,0.4384215991692627
2800,0.5592823397435898,0.3983382789317507,0.4452751817237799
2801,0.6212438621794871,0.41481069376854596,0.42315680166147457
2802,0.6327376655982906,0.38545994065281897,0.44273104880581515
2803,0.5797686271367521,0.37525222551928783,0.4304257528556594
2804,0.6127426709401709,0.4042433234421365,0.4101765316718588
2805,0.6901075908119658,0.3992878338278932,0.416926272066459
2806,0.6098053418803419,0.3915727002967359,0.42731048805815164
2807,0.5749859134615385,0.4172604005934718,0.42367601246105924
2808,0.6267582425213676,0.38985163204747775,0.43457943925233644
2809,0.5877945138888889,0.36724035608308603,0.4332814122533749
2810,0.5858079754273504,0.4021305637982196,0.40602284527518173
2811,0.6180990331196581,0.40821451543026704,0.4101765316718588
2812,0.6481119711538461,0.38884272997032643,0.41744548286604366
2813,0.5750289262820513,0.3861127596439169,0.4404984423676013
2814,0.5645640491452991,0.41916927952522254,0.42782969885773625
2815,0.6448836538461539,0.39044510385756676,0.44574247144340606
2816,0.6444285363247864,0.37554896142433236,0.41952232606438217
2817,0.5866330608974359,0.39204747774480714,0.40134994807892005
2818,0.5868317200854701,0.4142844587537092,0.42107995846313606
2819,0.6247266452991453,0.412176657388724,0.4190031152647975
2820,0.6564788835470086,0.3858753709198813,0.42107995846313606
2821,0.603612483974359,0.3941839762611276,0.4316199376947041
2822,0.5840757371794871,0.4162121151335311,0.4252336448598131
2823,0.6558298931623932,0.39899109792284865,0.4200415368639668
2824,0.6321040705128205,0.3770326409495549,0.4395638629283489
2825,0.5789886111111111,0.3835014836795252,0.43800623052959503
2826,0.5417200641025641,0.4426288955489614,0.4190031152647975
2827,0.7211450961538461,0.3918694362017804,0.4080996884735203
2828,0.6992536431623931,0.38480712166172104,0.4101765316718588
2829,0.5550030555555556,0.4359265893175074,0.4106957424714434
2830,0.6167115865384616,0.38504451038575666,0.4347871235721703
2831,0.577637889957265,0.38949554896142435,0.4468847352024922
2832,0.6238502403846153,0.4172565916913947,0.4215991692627207
2833,0.5723961912393163,0.4561473893175074,0.4205607476635514
2834,0.670710405982906,0.42182157270029674,0.39096573208722746
2835,0.7115039636752136,0.37068249258160235,0.397196261682243
2836,0.5346474358974359,0.41139897252225516,0.4127725856697819
2837,0.5745325694444444,0.40239169139465875,0.42315680166147457
2838,0.5851859775641026,0.39038575667655784,0.45119418483904467
2839,0.6503204433760683,0.3973293768545994,0.430269989615784
2840,0.6068218055555555,0.42105658456973294,0.42315680166147457
2841,0.6807227297008547,0.401513353115727,0.4106957424714434
2842,0.6636688514957265,0.3913353115727003,0.39252336448598135
2843,0.5471101014957265,0.4122042934718101,0.40083073727933544
2844,0.6048633653846154,0.3889020771513353,0.4316199376947041
2845,0.6685851495726496,0.3745994065281899,0.4612668743509865
2846,0.575181266025641,0.4220295074183976,0.4331256490134995
2847,0.5803934561965812,0.34362017804154305,0.44911734164070616
2848,0.5944633333333333,0.3586350148367953,0.44543094496365526
2849,0.5985517948717949,0.41771267359050446,0.43052959501557636
2850,0.6082706463675214,0.41199650480712163,0.4138110072689512
2851,0.6568088995726495,0.3813649851632047,0.38785046728971967
2852,0.6709435683760684,0.37875370919881307,0.39875389408099693
2853,0.5725095512820513,0.39400593471810086,0.4190031152647975
2854,0.5517558493589744,0.42263373827893175,0.44221183800623054
2855,0.6125005341880342,0.37329376854599405,0.4369158878504673
2856,0.6052229594017093,0.36456973293768546,0.4528556593977155
2857,0.5925414423076923,0.4018813056379822,0.4423156801661475
2858,0.5701346901709402,0.4019109792284866,0.4091381100726895
2859,0.5545039690170941,0.39258160237388723,0.39667705088265837
2860,0.6887673504273504,0.3869436201780415,0.3940809968847352
2861,0.676064172008547,0.38943620178041544,0.4080996884735203
2862,0.5681454700854701,0.4144382362017804,0.42627206645898236
2863,0.557024017094017,0.37590504451038576,0.42575285565939774
2864,0.5628442094017094,0.3796439169139466,0.4179646936656283
2865,0.6595092361111111,0.4038813056379822,0.46194184839044655
2866,0.6124529487179488,0.4058278931750742,0.4291796469366563
2867,0.5573687232905983,0.37786350148367953,0.4215991692627207
2868,0.5817692361111111,0.4026765578635015,0.40083073727933544
2869,0.6832539423076923,0.4042551928783383,0.3821391484942887
2870,0.6879275106837607,0.38421364985163203,0.4091381100726895
2871,0.6140235737179487,0.3921661721068249,0.4316718587746625
2872,0.6103263087606837,0.3946587537091988,0.4086188992731049
2873,0.6116737179487179,0.3965578635014837,0.4179646936656283
2874,0.6117938514957265,0.3937091988130564,0.4148494288681205
2875,0.6147678632478633,0.3953709198813056,0.4221183800623053
2876,0.6127058493589743,0.3965578635014837,0.42419522326064385
2877,0.612410811965812,0.3966765578635015,0.42471443406022846
2878,0.6131428044871795,0.3950741839762611,0.42419522326064385
2879,0.614263108974359,0.3959050445103858,0.42107995846313606
2880,0.6148563942307692,0.3969139465875371,0.42367601246105924
2881,0.6135562980769231,0.395727002967359,0.42419522326064385
2882,0.6144351442307692,0.3975074183976261,0.42575285565939774
2883,0.6148268002136752,0.39703264094955487,0.42834890965732086
2884,0.6143201175213675,0.39543026706231454,0.42471443406022846
2885,0.6140615651709402,0.396973293768546,0.4215991692627207
2886,0.6143452243589744,0.3969139465875371,0.42782969885773625
2887,0.6147928311965812,0.39525222551928785,0.42834890965732086
2888,0.6154122168803419,0.39637982195845695,0.42575285565939774
2889,0.6147342040598291,0.39703264094955487,0.42367601246105924
2890,0.6138323824786325,0.3977448071216617,0.42419522326064385
2891,0.8031571047008547,0.4638194581602374,0.5764749428868121
2892,0.6146004273504273,0.3953709198813056,0.4153686396677051
2893,0.6058378632478633,0.3913353115727003,0.41952232606438217
2894,0.6182338728632479,0.3973293768545994,0.42731048805815164
2895,0.6134934561965812,0.3953709198813056,0.42107995846313606
2896,0.6139434027777778,0.3944807121661721,0.42367601246105924
2897,0.6123352670940171,0.3953709198813056,0.42419522326064385
2898,0.612264610042735,0.3973887240356083,0.42315680166147457
2899,0.6112020085470086,0.3944807121661721,0.4205607476635514
2900,0.6111691666666667,0.3921661721068249,0.4215991692627207
2901,0.6173981356837607,0.3979228486646884,0.4308930425752856
2902,0.6147172596153846,0.3963204747774481,0.42782969885773625
2903,0.6095365010683761,0.3925222551928783,0.4190031152647975
2904,0.6138278258547009,0.39501483679525223,0.42367601246105924
2905,0.6162040170940171,0.39620178041543025,0.42627206645898236
2906,0.6152754326923077,0.3973887240356083,0.4252336448598131
2907,0.7644951602564103,0.4593718599406528,0.5825290602284527
2908,0.578396420940171,0.3829673590504451,0.39511941848390447
2909,0.6168659294871794,0.39922848664688426,0.4252336448598131
2910,0.623717248931624,0.40358456973293766,0.44278296988577365
2911,0.6393053311965812,0.4519047418397626,0.5864632191069574
2912,0.6404995833333333,0.456120390504451,0.5739866303219107
2913,0.6146477564102564,0.4232684462908012,0.45404984423676015
2914,0.6094082425213675,0.41651705103857567,0.4632917964693666
2915,0.6138715651709401,0.397566765578635,0.4337487019730011
2916,0.6131104594017094,0.39703264094955487,0.42471443406022846
2917,0.6135095886752137,0.3970919881305638,0.42575285565939774
2918,0.6149563782051282,0.39661721068249256,0.42731048805815164
2919,0.6143453311965812,0.39620178041543025,0.42471443406022846
2920,0.6143297596153846,0.39643916913946586,0.42627206645898236
2921,0.614050998931624,0.39584569732937686,0.42471443406022846
2922,0.5956019444444445,0.4617169293768546,0.4468847352024922
2923,0.6185301388888889,0.3907418397626113,0.42834890965732086
2924,0.6174162927350427,0.39596439169139463,0.42886812045690553
2925,0.6149959401709402,0.40159050445103855,0.4311526479750779
2926,0.615286079059829,0.3967359050445104,0.42834890965732086
2927,0.6147407692307693,0.39543026706231454,0.42627206645898236
2928,0.6149305555555555,0.3967359050445104,0.42731048805815164
2929,0.6139885737179487,0.39839762611275964,0.42782969885773625
2930,0.6134313461538461,0.39845697329376856,0.42471443406022846
2931,0.6149022702991453,0.3972106824925816,0.42627206645898236
2932,0.6147763354700855,0.3968545994065282,0.4252336448598131
2933,0.614823344017094,0.39679525222551926,0.42575285565939774
2934,0.6140642788461539,0.3963204747774481,0.4252336448598131
2935,0.6128562606837606,0.39596439169139463,0.42263759086188996
2936,0.6146999091880342,0.39620178041543025,0.42731048805815164
2937,0.6047105982905983,0.4014896142433234,0.41952232606438217
2938,0.6589544017094017,0.39863501483679525,0.4132917964693666
2939,0.6047314797008547,0.3825519287833828,0.441588785046729
2940,0.6138683920940171,0.39958456973293766,0.4215991692627207
2941,0.6190058653846154,0.3983382789317507,0.4205607476635514
2942,0.6140715705128206,0.3973293768545994,0.42367601246105924
2943,0.6105778846153846,0.3937091988130564,0.426791277258567
2944,0.6125441452991454,0.3996439169139466,0.42367601246105924
2945,0.6156945138888889,0.39916913946587534,0.42107995846313606
2946,0.6150989903846154,0.39044510385756676,0.42782969885773625
2947,0.6138612446581196,0.4000593471810089,0.42263759086188996
2948,0.6156929166666667,0.39519287833827893,0.42419522326064385
2949,0.617217313034188,0.3983382789317507,0.42263759086188996
2950,0.6149079967948718,0.40059347181008903,0.4221183800623053
2951,0.6142290865384615,0.38967359050445105,0.42964693665628245
2952,0.6152141346153845,0.3973293768545994,0.42315680166147457
2953,0.6136120245726496,0.39281899109792284,0.42731048805815164
2954,0.6106766025641026,0.39525222551928785,0.4252336448598131
2955,0.5222569818376068,0.37293768545994066,0.4526479750778816
2956,0.6373316185897436,0.3914540059347181,0.4153686396677051
2957,0.610608327991453,0.39335311572700293,0.43120456905503635
2958,0.6137294925213675,0.3982789317507418,0.42315680166147457
2959,0.6156212019230769,0.3992878338278932,0.4215991692627207
2960,0.6178386805555556,0.3998813056379822,0.42107995846313606
2961,0.6153071901709402,0.395727002967359,0.4252336448598131
2962,0.61494359508547,0.39543026706231454,0.4252336448598131
2963,0.6177301442307692,0.39887240356083087,0.4215991692627207
2964,0.6227572542735043,0.4018635014836795,0.41952232606438217
2965,0.6128812232905982,0.39222551928783383,0.42886812045690553
2966,0.6101849839743589,0.39614243323442133,0.4252336448598131
2967,0.6143389690170941,0.3971513353115727,0.42263759086188996
2968,0.6127217414529915,0.3966765578635015,0.42315680166147457
2969,0.6141118643162393,0.3972700296735905,0.42367601246105924
2970,0.6160037126068376,0.3944213649851632,0.426791277258567
2971,0.6162409508547009,0.39839762611275964,0.4221183800623053
2972,0.6136028365384616,0.39584569732937686,0.42315680166147457
2973,0.5918272702991453,0.373946587537092,0.43047767393561787
2974,0.5880205982905983,0.39916913946587534,0.440809968847352
2975,0.6385515544871795,0.3813649851632047,0.43333333333333335
2976,0.6324951602564103,0.38439169139465873,0.4153686396677051
2977,0.5867519658119658,0.4112430916320475,0.4412772585669782
2978,0.6145258974358975,0.4150286860534125,0.44569055036344757
2979,0.6603868162393163,0.3975074183976261,0.39563862928348914
2980,0.5906566666666666,0.38783382789317505,0.4101765316718588
2981,0.5752409882478633,0.3949554896142433,0.44672897196261685
2982,0.642046420940171,0.3883086053412463,0.42315680166147457
2983,0.6165013461538462,0.38522255192878335,0.4106957424714434
2984,0.5921073878205129,0.4041780415430267,0.43779854620976116
2985,0.6060356891025641,0.3835608308605341,0.4215991692627207
2986,0.616482922008547,0.3944213649851632,0.4179646936656283
2987,0.614469797008547,0.3909792284866469,0.4127725856697819
2988,0.594273579059829,0.3945994065281899,0.42419522326064385
2989,0.6051521527777778,0.4000593471810089,0.4502076843198339
2990,0.6429252297008548,0.38409495548961425,0.4153686396677051
2991,0.57638952991453,0.3821958456973294,0.3852544132917965
2992,0.5793883707264957,0.40543026706231455,0.42471443406022846
2993,0.6481473717948718,0.40686089382195845,0.436656282450675
2994,0.640136875,0.3941839762611276,0.4179646936656283
2995,0.5880901495726496,0.3966765578635015,0.44418483904465217
2996,0.6142458226495726,0.40459347181008903,0.46095534787123577
2997,0.6563040544871794,0.3975074183976261,0.4327102803738318
2998,0.6088548824786325,0.3901483679525222,0.4075804776739356
2999,0.7155869658119658,0.3716913946587537,0.3836967808930426
3000,0.6523498985042735,0.38925816023738874,0.4112149532710281
3001,0.5630765758547008,0.39602373887240355,0.4190031152647975
3002,0.5543407478632478,0.39026706231454006,0.4470924195223261
3003,0.5734586378205129,0.4051454005934718,0.4544652128764278
3004,0.6599219017094018,0.3937685459940653,0.4164070612668744
3005,0.6827562873931624,0.3909792284866469,0.42263759086188996
3006,0.6163494711538462,0.4024985163204748,0.42419522326064385
3007,0.7021743002136752,0.3942433234421365,0.43208722741433025
3008,0.6826754433760683,0.3944807121661721,0.4190031152647975
3009,0.5494468162393162,0.3861127596439169,0.3857736240913811
3010,0.5487519497863248,0.38427299703264095,0.44122533748701975
3011,0.6419552403846154,0.3948961424332344,0.426791277258567
3012,0.6603788301282052,0.3953709198813056,0.383177570093458
3013,0.5630797168803419,0.42110983145400593,0.44574247144340606
3014,0.6233947275641025,0.394540059347181,0.42367601246105924
3015,0.713455827991453,0.4055252225519288,0.44236760124610597
3016,0.6629712767094017,0.3855786350148368,0.39823468328141226
3017,0.5412708547008547,0.39661721068249256,0.4075804776739356
3018,0.5491065117521368,0.3887240356083086,0.442263759086189
3019,0.6194936164529914,0.39044510385756676,0.4384215991692627
3020,0.6781158173076923,0.39359050445103855,0.4138110072689512
3021,0.5747421527777777,0.4102969065875371,0.4298546209761163
3022,0.6258040651709402,0.3944213649851632,0.4049844236760125
3023,0.5077684017094017,0.39281899109792284,0.31464174454828664
3024,0.5795305662393162,0.38,0.4179646936656283
3025,0.6218397222222223,0.3955489614243323,0.4179646936656283
3026,0.6082615544871794,0.402486646884273,0.40965732087227413
3027,0.6086140918803419,0.3921661721068249,0.4397715472481828
3028,0.6201068910256411,0.3925222551928783,0.4221183800623053
3029,0.6220052884615385,0.39626112759643917,0.4158878504672897
3030,0.6169884882478632,0.398160237388724,0.4215991692627207
3031,0.6327086378205129,0.39620178041543025,0.4316199376947041
3032,0.5071150913461538,0.34421364985163205,0.35358255451713394
3033,0.6436391933760683,0.4034896142433234,0.4379023883696781
3034,0.6163832959401709,0.3887240356083086,0.43208722741433025
3035,0.5820225053418804,0.3778041543026706,0.41433021806853587
3036,0.6202204006410257,0.400973293768546,0.42315680166147457
3037,0.6387924465811966,0.38545994065281897,0.4338006230529595
3038,0.6342157692307693,0.38124629080118694,0.42938733125649015
3039,0.6058311217948718,0.4046587537091988,0.4117341640706127
3040,0.5960431143162394,0.4037626112759644,0.42107995846313606
3041,0.5319823237179487,0.39525222551928785,0.3582554517133957
3042,0.5959014155982906,0.3881899109792285,0.43722741433021806
3043,0.6185508707264957,0.404053412462908,0.42834890965732086
3044,0.6027751495726495,0.4022373887240356,0.42575285565939774
3045,0.6053403632478632,0.3865875370919881,0.4127725856697819
3046,0.6188077938034189,0.392106824925816,0.41744548286604366
3047,0.6353132318376069,0.40740284362017803,0.446521287642783
3048,0.6234377831196581,0.4015192878338279,0.42367601246105924
3049,0.5960326495726496,0.38480712166172104,0.4075804776739356
3050,0.6176125534188034,0.39845697329376856,0.39979231568016615
3051,0.6110591506410257,0.3999406528189911,0.4205607476635514
3052,0.614772264957265,0.3946587537091988,0.42575285565939774
3053,0.618157467948718,0.3899703264094955,0.43753894080996886
3054,0.6138991773504274,0.3968545994065282,0.42731048805815164
3055,0.6106165064102564,0.4038219584569733,0.41433021806853587
3056,0.6139804807692308,0.39821958456973294,0.42263759086188996
3057,0.6141863408119659,0.3945994065281899,0.4319314641744548
3058,0.6138228044871795,0.3967359050445104,0.426791277258567
3059,0.6136678685897436,0.40064688427299705,0.4184839044652129
3060,0.6138399412393163,0.3849851632047478,0.4065420560747664
3061,0.6166308653846154,0.3918100890207715,0.4379023883696781
3062,0.6154743963675213,0.40878607477744805,0.44828660436137074
3063,0.6130133920940171,0.3983382789317507,0.4184839044652129
3064,0.6137321100427351,0.396973293768546,0.42471443406022846
3065,0.6165883066239316,0.39560830860534124,0.4342679127725857
3066,0.6159889903846154,0.3959050445103858,0.4407580477673936
3067,0.6123904166666667,0.3975074183976261,0.42419522326064385
3068,0.6107953098290598,0.39881305637982195,0.4086188992731049
3069,0.6137835523504274,0.396973293768546,0.41952232606438217
3070,0.6154365277777778,0.39519287833827893,0.42627206645898236
3071,0.6141753632478633,0.3959050445103858,0.42471443406022846
3072,0.6147139102564103,0.39400593471810086,0.42782969885773625
3073,0.6129772168803419,0.39839762611275964,0.42315680166147457
3074,0.6829002136752137,0.3592284866468843,0.4944040524402908
3075,0.6183560523504273,0.39893175074183973,0.43333333333333335
3076,0.6131613087606838,0.397566765578635,0.42471443406022846
3077,0.6171890544871795,0.39323442136498515,0.433177570093458
3078,0.6090098824786325,0.4008545994065282,0.4138110072689512
3079,0.6118610202991454,0.39637982195845695,0.41952232606438217
3080,0.6179887232905983,0.39026706231454006,0.4350986500519211
3081,0.6166805502136752,0.3944213649851632,0.43021806853582556
3082,0.6173663728632479,0.39483679525222554,0.4252336448598131
3083,0.6131694177350427,0.3983382789317507,0.4200415368639668
3084,0.6139890705128205,0.3863501483679525,0.4127725856697819
3085,0.6111415544871794,0.40914449827893173,0.43909657320872275
3086,0.611388141025641,0.4136753537091988,0.4389408099688474
3087,0.6126731463675213,0.39056379821958453,0.4039460020768432
3088,0.6131737126068376,0.39637982195845695,0.4190031152647975
3089,0.6197868108974359,0.3889020771513353,0.43431983385254413
3090,0.6159727831196582,0.39080118694362015,0.426791277258567
3091,0.6111249732905983,0.4057388724035608,0.4158878504672897
3092,0.5999848504273504,0.38522255192878335,0.4331256490134995
3093,0.612452873931624,0.39359050445103855,0.4359293873312565
3094,0.6114843162393162,0.3955489614243323,0.42731048805815164
3095,0.6137584615384616,0.39637982195845695,0.42471443406022846
3096,0.6135030662393163,0.39620178041543025,0.42471443406022846
3097,0.6163721848290599,0.3973887240356083,0.4221183800623053
3098,0.6161556303418804,0.39845697329376856,0.42263759086188996
3099,0.611738563034188,0.3968545994065282,0.426791277258567
3100,0.6135731891025641,0.39548961424332346,0.42419522326064385
3101,0.6154936752136753,0.3947181008902077,0.42419522326064385
3102,0.6157505021367522,0.39483679525222554,0.4215991692627207
3103,0.6155677350427351,0.39703264094955487,0.4205607476635514
3104,0.6144019284188035,0.3979228486646884,0.42419522326064385
3105,0.613605389957265,0.3971513353115727,0.4252336448598131
3106,0.6139453579059829,0.3969139465875371,0.42471443406022846
3107,0.6152468162393163,0.39614243323442133,0.42107995846313606
3108,0.6161467094017095,0.3966765578635015,0.4221183800623053
3109,0.612936655982906,0.3971513353115727,0.426791277258567
3110,0.6136079700854701,0.39637982195845695,0.4252336448598131
3111,0.6140034882478632,0.39643916913946586,0.426791277258567
3112,0.6115135950854701,0.3964985163204748,0.42782969885773625
3113,0.6132460897435897,0.39703264094955487,0.42419522326064385
3114,0.5869302884615385,0.39821958456973294,0.4644340602284528
3115,0.618954967948718,0.389080118694362,0.4308930425752856
3116,0.6143871794871795,0.39335311572700293,0.4330218068535826
3117,0.6129215758547009,0.3967359050445104,0.431723779854621
3118,0.6133616826923077,0.3997626112759644,0.42627206645898236
3119,0.6117934561965812,0.3971513353115727,0.4294911734164071
3120,0.6137415651709401,0.3947181008902077,0.42471443406022846
3121,0.6159442414529914,0.3949554896142433,0.4215991692627207
3122,0.6136210523504273,0.3955489614243323,0.42419522326064385
3123,0.612394780982906,0.3975074183976261,0.42782969885773625
3124,0.6150293482905983,0.39578635014836794,0.42471443406022846
3125,0.6146321314102564,0.3947181008902077,0.42627206645898236
3126,0.6133954006410256,0.39543026706231454,0.42834890965732086
3127,0.6130125,0.3948961424332344,0.42731048805815164
3128,0.6125341666666666,0.395727002967359,0.42575285565939774
3129,0.6174595512820513,0.40074777448071214,0.4252336448598131
3130,0.607657110042735,0.40683665493175075,0.43307372793354104
3131,0.5786198290598291,0.40459940652818993,0.43260643821391487
3132,0.5816143269230769,0.4018813056379822,0.42938733125649015
3133,0.5909377350427351,0.40059347181008903,0.42938733125649015
3134,0.6167347168803419,0.3950741839762611,0.42315680166147457
3135,0.6113902243589744,0.39566765578635016,0.42471443406022846
3136,0.5938481143162393,0.401080118694362,0.4292834890965732
3137,0.6219698611111111,0.3943026706231454,0.42107995846313606
3138,0.6104190705128205,0.3964985163204748,0.42315680166147457
3139,0.6044205341880342,0.39780415430267063,0.42627206645898236
3140,0.6296594925213675,0.3927596439169139,0.42367601246105924
3141,0.6098047115384615,0.3976854599406528,0.42782969885773625
3142,0.6223503632478633,0.39323442136498515,0.4221183800623053
3143,0.614366266025641,0.39519287833827893,0.42315680166147457
3144,0.5915403579059829,0.4010860534124629,0.42886812045690553
3145,0.6227044123931624,0.3941839762611276,0.42263759086188996
3146,0.6162961431623931,0.39614243323442133,0.42367601246105924
3147,0.6217508173076923,0.3941246290801187,0.4221183800623053
3148,0.6179378205128205,0.3953709198813056,0.42419522326064385
3149,0.629323108974359,0.3762017804154303,0.39563862928348914
3150,0.6305171367521367,0.409793353115727,0.43208722741433025
3151,0.5857916346153846,0.4007181008902077,0.4319314641744548
3152,0.622277248931624,0.40041543026706233,0.42471443406022846
3153,0.6355014209401709,0.3953709198813056,0.42263759086188996
3154,0.609431655982906,0.4022848664688427,0.4300623052959502
3155,0.6178954006410257,0.40093768545994063,0.42731048805815164
3156,0.609184017094017,0.39899109792284865,0.4252336448598131
3157,0.6155513888888889,0.39548961424332346,0.42315680166147457
3158,0.6385441399572649,0.3895548961424332,0.4200415368639668
3159,0.6053904594017094,0.4009258160237389,0.426791277258567
3160,0.5786162072649572,0.4086123474777448,0.4333852544132918
3161,0.6092038408119658,0.39798219584569733,0.426791277258567
3162,0.613494123931624,0.3968545994065282,0.42575285565939774
3163,0.5979761752136752,0.40116913946587535,0.42938733125649015
3164,0.6201692307692308,0.39359050445103855,0.4215991692627207
3165,0.5990166292735043,0.3857566765578635,0.38940809968847356
3166,0.5930257852564103,0.3889614243323442,0.4252336448598131
3167,0.6211769230769231,0.3974480712166172,0.39563862928348914
3168,0.6162949626068376,0.401946587537092,0.3920041536863967
3169,0.6003080181623932,0.3858160237388724,0.44854620976116305
3170,0.6317672382478633,0.4018991097922849,0.4413291796469367
3171,0.6057238568376069,0.40335311572700294,0.4290238836967809
3172,0.6204876495726496,0.3776261127596439,0.44543094496365526
3173,0.661913482905983,0.38949554896142435,0.4080996884735203
3174,0.5930274305555556,0.3993471810089021,0.4122533748701973
3175,0.5903194284188035,0.39863501483679525,0.4431983385254413
3176,0.6324893322649573,0.4088822653412463,0.4252336448598131
3177,0.580727532051282,0.3785756676557863,0.40342679127725856
3178,0.6348018002136753,0.37602373887240353,0.44460020768431985
3179,0.6607814423076923,0.39002967359050444,0.4190031152647975
3180,0.5875180715811966,0.40930658884272997,0.4127725856697819
3181,0.6033319230769231,0.401893175074184,0.44797507788161994
3182,0.6452841880341881,0.3997626112759644,0.4221183800623053
3183,0.5772199145299145,0.39299703264094954,0.407061266874351
3184,0.6080054914529914,0.38967359050445105,0.41744548286604366
3185,0.6475543536324786,0.3998813056379822,0.39460020768431986
3186,0.5715195726495726,0.39804154302670625,0.4291796469366563
3187,0.6224685202991453,0.39258160237388723,0.4638629283489097
3188,0.6569079166666667,0.4028367952522255,0.42107995846313606
3189,0.5946030448717949,0.39548961424332346,0.4164070612668744
3190,0.6465560844017094,0.397566765578635,0.4221183800623053
3191,0.6060526014957265,0.4191278706231454,0.40134994807892005
3192,0.5818406837606838,0.39382789317507416,0.416926272066459
3193,0.6426480769230769,0.38979228486646883,0.426791277258567
3194,0.5712153472222222,0.3947181008902077,0.42964693665628245
3195,0.6554230769230769,0.39661721068249256,0.4086188992731049
3196,0.5891294711538462,0.395727002967359,0.4390446521287643
3197,0.6106647916666667,0.3742433234421365,0.4588785046728972
3198,0.6543858226495727,0.4166965454005935,0.3738317757009346
3199,0.6038464903846155,0.3832047477744807,0.39511941848390447
3200,0.600539967948718,0.4058575667655786,0.4039460020768432
3201,0.6370119497863248,0.4182438172106825,0.4086188992731049
3202,0.5352631463675214,0.38207715133531156,0.46827622014537906
3203,0.6804093376068376,0.3944213649851632,0.4313603322949118
3204,0.6655409989316239,0.41059649673590504,0.36760124610591904
3205,0.6883792094017094,0.38344213649851633,0.4122533748701973
3206,0.6590342147435897,0.3942433234421365,0.4075804776739356
3207,0.5125898199786325,0.3893175074183976,0.4101765316718588
3208,0.6775248023504273,0.3899703264094955,0.40342679127725856
3209,0.650251923076923,0.40081899109792285,0.43982346832814123
3210,0.5325143055555556,0.40300890207715134,0.42575285565939774
3211,0.6979528365384615,0.3968545994065282,0.4086188992731049
3212,0.660979642094017,0.3938872403560831,0.39771547248182765
3213,0.5152386618589744,0.46641167359050445,0.34787123572170303
3214,0.5687640331196582,0.4015786350148368,0.4221183800623053
3215,0.5761258386752137,0.38326409495548963,0.42834890965732086
3216,0.5892302136752137,0.403893175074184,0.4379543094496366
3217,0.6319368322649572,0.39798219584569733,0.42995846313603325
3218,0.6441637072649573,0.40722502486646883,0.39304257528556596
3219,0.622931047008547,0.42815502611275963,0.4318795430944964
3220,0.5952447168803419,0.3953115727002967,0.4661993769470405
3221,0.5663743376068376,0.4529474587537092,0.39979231568016615
3222,0.5422950747863248,0.416506834421365,0.43437175493250263
3223,0.5989884027777778,0.37252225519287835,0.42627206645898236
3224,0.6045376549145299,0.3940652818991098,0.4158878504672897
3225,0.6016255128205128,0.39798219584569733,0.42892004153686397
3226,0.6261911057692308,0.3779821958456973,0.37850467289719625
3227,0.6544257585470086,0.4022908011869436,0.3852544132917965
3228,0.6700567414529914,0.39875370919881303,0.45353063343717553
3229,0.5627214049145299,0.43889106112759646,0.4065420560747664
3230,0.6516996581196581,0.40610504451038576,0.4049844236760125
3231,0.6412118696581197,0.3791691394658754,0.36500519210799587
3232,0.6147725213675214,0.3829080118694362,0.4127725856697819
3233,0.597989983974359,0.3943026706231454,0.45321910695742473
3234,0.588754577991453,0.3891394658753709,0.44485981308411215
3235,0.5768966506410257,0.4076116499703264,0.4326583592938733
3236,0.5979861485042735,0.40443916913946587,0.42834890965732086
3237,0.6110208653846154,0.393946587537092,0.397196261682243
3238,0.6060709241452992,0.3833827893175074,0.4184839044652129
3239,0.6058076282051282,0.39519287833827893,0.4106957424714434
3240,0.6188111912393163,0.40701795239169136,0.42575285565939774
3241,0.6190598344017094,0.403566765578635,0.4315680166147456
3242,0.6083668429487179,0.3890207715133531,0.41744548286604366
3243,0.6095590491452991,0.392106824925816,0.4184839044652129
3244,0.6191487713675213,0.4009139465875371,0.43110072689511947
3245,0.6150901976495726,0.394540059347181,0.42575285565939774
3246,0.6097913301282052,0.3929376854599406,0.4200415368639668
3247,0.6144922008547009,0.3978635014836795,0.42419522326064385
3248,0.6147368589743589,0.3972700296735905,0.42419522326064385
3249,0.6114894604700855,0.39643916913946586,0.4205607476635514
3250,0.6110813888888889,0.3940652818991098,0.42107995846313606
3251,0.6144289102564102,0.3941246290801187,0.42731048805815164
3252,0.6178533547008547,0.39905044510385757,0.4295430944963655
3253,0.6168899145299145,0.39958456973293766,0.426791277258567
3254,0.6128756837606838,0.39643916913946586,0.42575285565939774
3255,0.6135936645299145,0.39608308605341247,0.4252336448598131
3256,0.6166813888888889,0.398160237388724,0.42627206645898236
3257,0.6140830288461538,0.39626112759643917,0.42471443406022846
3258,0.6114426175213675,0.3938872403560831,0.4200415368639668
3259,0.6105244978632478,0.39359050445103855,0.4179646936656283
3260,0.6133279326923077,0.39602373887240355,0.42315680166147457
3261,0.6174967841880342,0.39899109792284865,0.4311526479750779
3262,0.6158694391025641,0.39780415430267063,0.42731048805815164
3263,0.6135544337606837,0.39637982195845695,0.42107995846313606
3264,0.6132538995726495,0.39596439169139463,0.42419522326064385
3265,0.609876298076923,0.39204747774480714,0.41744548286604366
3266,0.6315062873931624,0.4053175074183976,0.4350467289719626
3267,0.6092742841880342,0.39863501483679525,0.42419522326064385
3268,0.6166506036324786,0.3965578635014837,0.42575285565939774
3269,0.6091064423076923,0.3855786350148368,0.4221183800623053
3270,0.614782264957265,0.391513353115727,0.42897196261682247
3271,0.6191171260683761,0.40093175074183973,0.42964693665628245
3272,0.6096604754273505,0.39519287833827893,0.4190031152647975
3273,0.6102893108974359,0.3944807121661721,0.4215991692627207
3274,0.6180519017094017,0.3995252225519288,0.426791277258567
3275,0.6145472382478633,0.39608308605341247,0.42315680166147457
3276,0.6116082478632479,0.39804154302670625,0.4205607476635514
3277,0.6102409615384615,0.4000593471810089,0.4179646936656283
3278,0.6119545245726495,0.3950741839762611,0.42315680166147457
3279,0.6196656623931625,0.397566765578635,0.4319833852544133
3280,0.6450116132478633,0.4890981602373887,0.4568016614745587
3281,0.6075833066239316,0.40499109792284865,0.40965732087227413
3282,0.6126456196581197,0.3916913946587537,0.4221183800623053
3283,0.6142977403846154,0.39857566765578634,0.42886812045690553
3284,0.6136267200854701,0.39608308605341247,0.42107995846313606
3285,0.6142508493589743,0.3955489614243323,0.42315680166147457
3286,0.614706014957265,0.3975074183976261,0.42782969885773625
3287,0.6146941773504273,0.39626112759643917,0.4215991692627207
3288,0.6137092841880342,0.3945994065281899,0.41952232606438217
3289,0.6134322168803419,0.39703264094955487,0.426791277258567
3290,0.6143701228632479,0.3979228486646884,0.4293354101765317
3291,0.6142754433760684,0.39637982195845695,0.42419522326064385
3292,0.6125754914529915,0.39560830860534124,0.41952232606438217
3293,0.6134321527777777,0.39566765578635016,0.42315680166147457
3294,0.6155251655982906,0.3972700296735905,0.42834890965732086
3295,0.6145773557692308,0.39643916913946586,0.42419522326064385
3296,0.6123929594017095,0.4080303822551929,0.4086188992731049
3297,0.6050230021367522,0.3883086053412463,0.4039460020768432
3298,0.5967549893162394,0.39364985163204746,0.39563862928348914
3299,0.6026054006410256,0.39821958456973294,0.4075804776739356
3300,0.6064054113247863,0.3955489614243323,0.4122533748701973
3301,0.6059527350427351,0.3875370919881306,0.4112149532710281
3302,0.6119825801282051,0.39317507418397624,0.42107995846313606
3303,0.615537264957265,0.39869436201780417,0.426791277258567
3304,0.6144215277777778,0.39578635014836794,0.4252336448598131
3305,0.61263327991453,0.39483679525222554,0.4215991692627207
3306,0.6145950213675213,0.39780415430267063,0.42575285565939774
3307,0.6176043269230769,0.39887240356083087,0.4301661474558671
3308,0.615288295940171,0.396973293768546,0.42731048805815164
3309,0.6148148504273504,0.3975074183976261,0.4252336448598131
3310,0.614443125,0.39596439169139463,0.42367601246105924
3311,0.6135418856837607,0.3946587537091988,0.42263759086188996
3312,0.615530860042735,0.39905044510385757,0.4252336448598131
3313,0.6370313194444445,0.3893768545994065,0.43489096573208724
3314,0.5613922061965813,0.3720474777448071,0.4607476635514019
3315,0.6140633066239316,0.396973293768546,0.4221183800623053
3316,0.6083289316239316,0.39002967359050444,0.43125649013499484
3317,0.6058489423076923,0.38925816023738874,0.43120456905503635
3318,0.6153580662393162,0.39602373887240355,0.42367601246105924
3319,0.6244544978632478,0.40559643916913946,0.4153686396677051
3320,0.6212725373931625,0.4137673329376855,0.4086188992731049
3321,0.6096407692307693,0.4128801845697329,0.4117341640706127
3322,0.6091994711538462,0.39887240356083087,0.42263759086188996
3323,0.6105287606837607,0.38166172106824925,0.4374350986500519
3324,0.6040410790598291,0.37869436201780415,0.4418483904465213
3325,0.5991564957264958,0.38326409495548963,0.4371235721703012
3326,0.624316517094017,0.40378041543026705,0.4153686396677051
3327,0.576297126068376,0.3865281899109792,0.4403426791277259
3328,0.5537051228632479,0.408731100652819,0.42263759086188996
3329,0.6286209615384615,0.39780415430267063,0.42367601246105924
3330,0.6236777724358974,0.37928783382789316,0.4404465212876428
3331,0.6155376602564102,0.38249258160237387,0.4368120456905504
3332,0.6178505929487179,0.4001780415430267,0.42107995846313606
3333,0.6099481677350427,0.4115902456973294,0.4106957424714434
3334,0.6059107585470085,0.40501483679525224,0.416926272066459
3335,0.618498108974359,0.38646884272997034,0.4346832814122534
3336,0.618679172008547,0.3829080118694362,0.43759086188992735
3337,0.6139979700854701,0.39281899109792284,0.42575285565939774
3338,0.6123679113247863,0.40937075916913945,0.4122533748701973
3339,0.606436655982906,0.4099880166765579,0.41433021806853587
3340,0.6137293803418804,0.3891988130563798,0.4318795430944964
3341,0.6190517895299146,0.3819584569732938,0.43696780893042575
3342,0.6160430876068377,0.39264094955489615,0.42782969885773625
3343,0.6147318269230769,0.4072865957863501,0.4132917964693666
3344,0.6113138621794871,0.4062670623145401,0.4164070612668744
3345,0.6156167574786324,0.38925816023738874,0.4332294911734164
3346,0.6160789316239317,0.38403560830860534,0.4348390446521288
3347,0.6121793322649572,0.40245103857566766,0.4179646936656283
3348,0.6096461805555555,0.37471810089020774,0.42263759086188996
3349,0.6215526068376068,0.3907418397626113,0.4374350986500519
3350,0.6238213782051282,0.39958456973293766,0.41433021806853587
3351,0.6106950320512821,0.3975074183976261,0.41744548286604366
3352,0.6157943429487179,0.3993471810089021,0.44278296988577365
3353,0.6077720352564102,0.40562017804154304,0.4215991692627207
3354,0.6013740598290598,0.3943620178041543,0.4190031152647975
3355,0.6088519284188034,0.3879525222551929,0.43182762201453795
3356,0.6098733012820513,0.40134718100890204,0.42419522326064385
3357,0.6238609081196581,0.4059287833827893,0.42263759086188996
3358,0.6167997115384616,0.3999406528189911,0.43676012461059194
3359,0.6050250641025641,0.39287833827893176,0.43364485981308415
3360,0.6064442094017094,0.4041246290801187,0.426791277258567
3361,0.6099800053418803,0.40258160237388724,0.4148494288681205
3362,0.6265815865384615,0.39501483679525223,0.4200415368639668
3363,0.617606298076923,0.3982789317507418,0.42367601246105924
3364,0.6077139690170941,0.39804154302670625,0.416926272066459
3365,0.6087230128205128,0.37525222551928783,0.4221183800623053
3366,0.6237794978632478,0.392106824925816,0.4190031152647975
3367,0.6170405128205128,0.3913946587537092,0.42315680166147457
3368,0.576532077991453,0.39643916913946586,0.43208722741433025
3369,0.5752542841880341,0.3972106824925816,0.4340083073727934
3370,0.594387905982906,0.38789317507418397,0.42575285565939774
3371,0.6102835363247863,0.3982789317507418,0.42886812045690553
3372,0.6436463301282052,0.40135905044510384,0.44953271028037384
3373,0.6551448664529915,0.39519287833827893,0.4340083073727934
3374,0.6434239797008547,0.3947181008902077,0.4148494288681205
3375,0.6168249839743589,0.3907418397626113,0.41744548286604366
3376,0.6052298183760684,0.38729970326409496,0.41433021806853587
3377,0.6029262232905983,0.39281899109792284,0.4329698857736241
3378,0.5849234348290598,0.3967359050445104,0.4314122533748702
3379,0.5863595833333334,0.393946587537092,0.4190031152647975
3380,0.619212548076923,0.398160237388724,0.426791277258567
3381,0.5821079647435897,0.4091062896735905,0.4112149532710281
3382,0.6356238034188034,0.3967359050445104,0.3811007268951194
3383,0.5807125213675214,0.39982195845697327,0.48302239055036345
3384,0.5943018162393162,0.397566765578635,0.4402907580477674
3385,0.5910392361111111,0.3851632047477745,0.43800623052959503
3386,0.5892840918803419,0.39525222551928785,0.4560747663551402
3387,0.6745158867521368,0.39875370919881303,0.4075804776739356
3388,0.48459345085470085,0.38765578635014836,0.4132917964693666
3389,0.5543478044871795,0.38154302670623147,0.44356178608515057
3390,0.6303655074786325,0.3580415430267062,0.42886812045690553
3391,0.6850057478632479,0.38670623145400596,0.40446521287642784
3392,0.6277065865384616,0.38991097922848666,0.3857736240913811
3393,0.5908430502136752,0.4002373887240356,0.40446521287642784
3394,0.5721782905982906,0.43099276142433235,0.4184839044652129
3395,0.5577474465811966,0.4088686776854599,0.4423156801661475
3396,0.7298844551282051,0.40831314427299703,0.44491173416407065
3397,0.6694060363247863,0.379406528189911,0.4184839044652129
3398,0.5421409081196581,0.39857566765578634,0.39667705088265837
3399,0.6305578632478632,0.39804154302670625,0.4138110072689512
3400,0.6127102083333333,0.4155640682492582,0.4502076843198339
3401,0.6431741933760684,0.3837982195845697,0.42263759086188996
3402,0.5973481356837607,0.37863501483679524,0.4601765316718588
3403,0.6161623344017094,0.4156428409495549,0.4525960539979232
3404,0.47403931196581195,0.35317507418397626,0.3483904465212877
3405,0.5377259561965813,0.3914540059347181,0.4318795430944964
3406,0.7223185202991453,0.37614243323442137,0.43587746625129803
3407,0.6407560256410256,0.3722255192878338,0.3883696780893043
3408,0.5626973344017094,0.39103857566765576,0.39304257528556596
3409,0.5587107051282051,0.39643916913946586,0.426791277258567
3410,0.615817702991453,0.42813276913946585,0.4392523364485981
3411,0.6769601762820513,0.41546242077151335,0.4158878504672897
3412,0.6460679113247864,0.3940652818991098,0.5031699496365525
3413,0.611927719017094,0.41270955133531156,0.3920041536863967
3414,0.6351532852564102,0.4048842729970326,0.4132917964693666
3415,0.6398256303418803,0.3973293768545994,0.4410176531671859
3416,0.6339364262820513,0.39703264094955487,0.4307372793354102
3417,0.601091201923077,0.38427299703264095,0.42419522326064385
3418,0.5925491933760684,0.3971513353115727,0.46713395638629285
3419,0.578053547008547,0.3628486646884273,0.35773624091381107
3420,0.6438221688034188,0.3575074183976261,0.3769470404984424
3421,0.5626959401709402,0.37869436201780415,0.4361370716510904
3422,0.5915868055555555,0.41375547002967356,0.4649532710280374
3423,0.6841662927350427,0.3917507418397626,0.43333333333333335
3424,0.6335193215811966,0.382433234421365,0.4055036344755971
3425,0.5764740064102565,0.42933065697329376,0.4252336448598131
3426,0.5819073878205128,0.4445025845697329,0.4538421599169263
3427,0.615310389957265,0.40078931750741836,0.42912772585669784
3428,0.6086764262820513,0.38445103857566765,0.4221183800623053
3429,0.6088672596153846,0.3881305637982196,0.40031152647975077
3430,0.6153868055555556,0.3994658753709199,0.42575285565939774
3431,0.6134414583333334,0.3947774480712166,0.42627206645898236
3432,0.6144521420940171,0.3955489614243323,0.42107995846313606
3433,0.6173305822649573,0.40079525222551926,0.43250259605399793
3434,0.6131902564102565,0.3971513353115727,0.42731048805815164
3435,0.609324423076923,0.3919881305637982,0.416926272066459
3436,0.61116452991453,0.39068249258160237,0.4292315680166148
3437,0.6134656517094017,0.392106824925816,0.42834890965732086
3438,0.6162731143162393,0.3983382789317507,0.4221183800623053
3439,0.6145032692307693,0.39804154302670625,0.4215991692627207
3440,0.6128657264957265,0.3946587537091988,0.42263759086188996
3441,0.6142258707264957,0.3967359050445104,0.42419522326064385
3442,0.6130542361111111,0.3975074183976261,0.41744548286604366
3443,0.6121722489316239,0.3945994065281899,0.4179646936656283
3444,0.7027440544871795,0.4482802237388724,0.48056593977154727
3445,0.5953637606837607,0.3804154302670623,0.39875389408099693
3446,0.6090248664529915,0.38985163204747775,0.4190031152647975
3447,0.6094550694444445,0.39103857566765576,0.4101765316718588
3448,0.6076338514957265,0.3917507418397626,0.4055036344755971
3449,0.6105337820512821,0.39264094955489615,0.4190031152647975
3450,0.6143367307692308,0.39525222551928785,0.4252336448598131
3451,0.6145228632478632,0.3975074183976261,0.4200415368639668
3452,0.6125821420940171,0.39614243323442133,0.4184839044652129
3453,0.6156708867521368,0.39893175074183973,0.42575285565939774
3454,0.6157735630341881,0.3981008902077151,0.42627206645898236
3455,0.6073375106837606,0.3886646884272997,0.41433021806853587
3456,0.6035446527777778,0.3863501483679525,0.4106957424714434
3457,0.610901688034188,0.3941246290801187,0.42471443406022846
3458,0.6182053632478632,0.4006528189910979,0.42627206645898236
3459,0.617923344017094,0.40200593471810087,0.41952232606438217
3460,0.6168379006410256,0.3998813056379822,0.42471443406022846
3461,0.6154408279914529,0.3985163204747774,0.43094496365524404
3462,0.61013202991453,0.4529376059347181,0.4389408099688474
3463,0.618415170940171,0.3931157270029674,0.40238836967808933
3464,0.6126783386752137,0.3965578635014837,0.42575285565939774
3465,0.6149499465811966,0.3913946587537092,0.4158878504672897
3466,0.6186659989316239,0.38504451038575666,0.4132917964693666
3467,0.6128094177350427,0.4028961424332344,0.43094496365524404
3468,0.6090429113247864,0.41041620035608306,0.42782969885773625
3469,0.6154057852564103,0.39566765578635016,0.4127725856697819
3470,0.6167514903846154,0.3925222551928783,0.4138110072689512
3471,0.6138441826923077,0.3977448071216617,0.4252336448598131
3472,0.6123145886752137,0.39916913946587534,0.4298546209761163
3473,0.6147327991452991,0.39620178041543025,0.42263759086188996
3474,0.6160647809829061,0.3931157270029674,0.41433021806853587
3475,0.613763514957265,0.3950741839762611,0.41952232606438217
3476,0.613275016025641,0.39839762611275964,0.43110072689511947
3477,0.6126201923076923,0.39839762611275964,0.43234683281412256
3478,0.6381498344017094,0.33531157270029677,0.3847352024922118
3479,0.6058317094017094,0.38985163204747775,0.426791277258567
3480,0.6127468482905982,0.40500890207715134,0.4055036344755971
3481,0.6137368482905983,0.40104451038575667,0.4184839044652129
3482,0.6161806517094017,0.4027240356083086,0.4332294911734164
3483,0.6160381143162393,0.39887240356083087,0.42834890965732086
3484,0.6116456463675214,0.3910979228486647,0.4132917964693666
3485,0.6126065117521368,0.395727002967359,0.4215991692627207
3486,0.6166506570512821,0.40316320474777445,0.43546209761163035
3487,0.61570875,0.39922848664688426,0.4306334371754933
3488,0.6125262927350428,0.39335311572700293,0.4184839044652129
3489,0.6120858814102564,0.39335311572700293,0.4164070612668744
3490,0.6149396474358975,0.3975074183976261,0.4252336448598131
3491,0.6166738835470086,0.4007240356083086,0.4314122533748702
3492,0.6150288514957265,0.39893175074183973,0.42731048805815164
3493,0.49443083653846154,0.46217750385756673,0.3821391484942887
3494,0.6732077831196581,0.3899703264094955,0.40290758047767394
3495,0.613859123931624,0.40141839762611276,0.4190031152647975
3496,0.5952936164529915,0.3942433234421365,0.439460020768432
3497,0.6042362660256411,0.3967359050445104,0.42471443406022846
3498,0.6110275854700855,0.4004747774480712,0.4164070612668744
3499,0.6118277403846154,0.3967359050445104,0.42575285565939774
3500,0.605959326923077,0.3925222551928783,0.4350986500519211
3501,0.6123402136752136,0.39584569732937686,0.42575285565939774
3502,0.6213001923076923,0.4002967359050445,0.41433021806853587
3503,0.6185602457264957,0.4009614243323442,0.41433021806853587
3504,0.6044235630341881,0.39359050445103855,0.4304257528556594
3505,0.6058415491452991,0.3923442136498516,0.4346832814122534
3506,0.6201823397435897,0.4000593471810089,0.41744548286604366
3507,0.6159633386752137,0.3982789317507418,0.42107995846313606
3508,0.6479101228632479,0.40104451038575667,0.41433021806853587
3509,0.5547338888888889,0.38991097922848666,0.4525960539979232
3510,0.5906891613247863,0.3891394658753709,0.4405503634475597
3511,0.6074137393162393,0.3955489614243323,0.426791277258567
3512,0.6139642414529914,0.39875370919881303,0.42107995846313606
3513,0.6148156143162393,0.39875370919881303,0.42107995846313606
3514,0.6094162713675214,0.3944807121661721,0.43068535825545173
3515,0.6130002243589744,0.3953709198813056,0.42627206645898236
3516,0.6153672168803419,0.39863501483679525,0.4179646936656283
3517,0.6096552617521368,0.39519287833827893,0.42782969885773625
3518,0.6148061217948718,0.3969139465875371,0.42419522326064385
3519,0.6233898771367521,0.40100890207715134,0.4127725856697819
3520,0.6131086965811966,0.3946587537091988,0.42731048805815164
3521,0.6058970993589744,0.3916913946587537,0.4371754932502596
3522,0.6158594978632479,0.3978635014836795,0.4215991692627207
3523,0.6251127670940171,0.4025519287833828,0.40965732087227413
3524,0.6250877831196582,0.4015608308605341,0.4132917964693666
3525,0.6075328952991453,0.3937685459940653,0.4338006230529595
3526,0.5981445993589743,0.3897329376854599,0.4400311526479751
3527,0.608528952991453,0.39305637982195846,0.4291796469366563
3528,0.6168998130341881,0.39982195845697327,0.4164070612668744
3529,0.5940126976495727,0.39875370919881303,0.4101765316718588
3530,0.6201988675213675,0.4023204747774481,0.41744548286604366
3531,0.6275364583333334,0.3953115727002967,0.4132917964693666
3532,0.6131926976495726,0.3821364985163205,0.4153686396677051
3533,0.6018640811965812,0.38462908011869434,0.41744548286604366
3534,0.6275095833333333,0.38985163204747775,0.41744548286604366
3535,0.6354984508547009,0.3975074183976261,0.41433021806853587
3536,0.6113953952991453,0.390326409495549,0.4117341640706127
3537,0.5999510523504273,0.4003560830860534,0.4439771547248183
3538,0.5921791132478633,0.39940652818991096,0.4301142263759086
3539,0.5961309989316239,0.4081541588724035,0.43442367601246107
3540,0.5939923557692308,0.3977448071216617,0.4529595015576324
3541,0.5993181463675213,0.39548961424332346,0.43541017653167186
3542,0.6045181517094017,0.4060231454005935,0.4200415368639668
3543,0.6159156837606837,0.38884272997032643,0.41744548286604366
3544,0.6010108226495727,0.3995252225519288,0.37279335410176534
3545,0.6213986164529914,0.4030860534124629,0.4127725856697819
3546,0.6424370459401709,0.3970919881305638,0.4138110072689512
3547,0.6456373878205128,0.3841543026706231,0.4055036344755971
3548,0.6224511324786325,0.3916320474777448,0.4205607476635514
3549,0.5735870512820513,0.39661721068249256,0.4307372793354102
3550,0.5648900320512821,0.40378635014836795,0.4497403946002077
3551,0.6437680555555556,0.4013175074183976,0.46656282450674974
3552,0.6757670993589744,0.38545994065281897,0.43047767393561787
3553,0.6206169497863248,0.38545994065281897,0.40290758047767394
3554,0.5864029273504273,0.39863501483679525,0.4190031152647975
3555,0.5643687606837606,0.39305637982195846,0.4117341640706127
3556,0.5921190598290598,0.39845697329376856,0.407061266874351
3557,0.6333759508547009,0.4145347614243323,0.4316718587746625
3558,0.5973614155982906,0.403893175074184,0.41952232606438217
3559,0.6660216239316239,0.3851632047477745,0.416926272066459
3560,0.6209626762820513,0.3831454005934718,0.4298026998961579
3561,0.6213492307692308,0.39643916913946586,0.4355140186915888
3562,0.6775657799145299,0.39270029673590506,0.42471443406022846
3563,0.576793733974359,0.4015548961424332,0.4297507788161994
3564,0.5861711111111111,0.4009554896142433,0.42834890965732086
3565,0.6435733493589744,0.3799406528189911,0.4190031152647975
3566,0.6864221527777777,0.4248630065281899,0.5175919615784008
3567,0.6595823771367522,0.42138542314540056,0.42731048805815164
3568,0.6085272115384616,0.37643916913946585,0.4106957424714434
3569,0.5910383760683761,0.36973293768545995,0.4563343717549325
3570,0.5945647916666666,0.4001186943620178,0.43125649013499484
3571,0.6203414636752137,0.3963204747774481,0.39304257528556596
3572,0.6108011538461539,0.40974635234421364,0.4153686396677051
3573,0.5860374626068376,0.36231454005934716,0.4448078920041537
3574,0.5202612019230769,0.40076557863501483,0.45119418483904467
3575,0.6150532532051283,0.3744807121661721,0.4505711318795431
3576,0.6780395299145299,0.3887240356083086,0.4300103842159917
3577,0.6165045245726496,0.40201780415430266,0.40965732087227413
3578,0.5773469764957265,0.369080118694362,0.387331256490135
3579,0.6063809561965812,0.4063418397626113,0.4112149532710281
3580,0.5984199839743589,0.41207616296735905,0.42938733125649015
3581,0.5646523130341881,0.3862908011869436,0.426791277258567
3582,0.5279564636752136,0.3937685459940653,0.40965732087227413
3583,0.6058594658119658,0.38468842729970326,0.40290758047767394
3584,0.6722943963675214,0.38065281899109793,0.3920041536863967
3585,0.6597630448717948,0.4034658753709199,0.41744548286604366
3586,0.628139391025641,0.38884272997032643,0.44164070612668743
3587,0.5758832425213676,0.40542433234421366,0.416926272066459
3588,0.5385827777777777,0.416715153115727,0.4381619937694704
3589,0.5713434081196581,0.37554896142433236,0.4158878504672897
3590,0.5214606196581196,0.3778041543026706,0.4080996884735203
3591,0.5742976282051282,0.3901483679525222,0.4153686396677051
3592,0.6624023344017094,0.3938872403560831,0.4122533748701973
3593,0.6932634882478632,0.4047299703264095,0.4112149532710281
3594,0.6367210683760683,0.3823145400593472,0.4138110072689512
3595,0.6425143376068376,0.4083609500296736,0.4190031152647975
3596,0.618802751068376,0.4245066979228487,0.42419522326064385
3597,0.6767132425213676,0.4267645816023739,0.528156411734164
3598,0.6751630074786324,0.3937685459940653,0.4875595275181724
3599,0.5485650961538462,0.3810089020771513,0.43670820353063344
3600,0.6467468108974359,0.3687833827893175,0.40238836967808933
3601,0.6538397008547009,0.3985163204747774,0.4164070612668744
3602,0.6184095726495726,0.3966765578635015,0.42367601246105924
3603,0.577956233974359,0.3909792284866469,0.43520249221183804
3604,0.622497922008547,0.3985163204747774,0.42471443406022846
3605,0.6104238034188034,0.39044510385756676,0.4086188992731049
3606,0.6110813354700855,0.37928783382789316,0.4153686396677051
3607,0.6177587820512821,0.3895548961424332,0.3920041536863967
3608,0.6156931517094018,0.3974480712166172,0.4164070612668744
3609,0.6118500747863248,0.3985163204747774,0.43541017653167186
3610,0.6157857852564103,0.3968545994065282,0.426791277258567
3611,0.614567467948718,0.3973887240356083,0.433177570093458
3612,0.6132558920940171,0.39703264094955487,0.42912772585669784
3613,0.6154979700854701,0.4006706231454006,0.4252336448598131
3614,0.6146880128205128,0.4044688427299703,0.4352544132917965
3615,0.6139657852564102,0.4001186943620178,0.43208722741433025
3616,0.6136550587606837,0.3942433234421365,0.42471443406022846
3617,0.61431140491453,0.39513353115727,0.4221183800623053
3618,0.6134350908119658,0.39596439169139463,0.42471443406022846
3619,0.6124981623931625,0.3937685459940653,0.42367601246105924
3620,0.614651688034188,0.3940652818991098,0.4153686396677051
3621,0.6154604754273505,0.39869436201780417,0.42471443406022846
3622,0.6173264903846154,0.40463501483679526,0.42263759086188996
3623,0.618982077991453,0.4037388724035608,0.4158878504672897
3624,0.61609625,0.402106824925816,0.430269989615784
3625,0.6395078311965812,0.43387453234421364,0.4333852544132918
3626,0.6096964316239316,0.39246290801186945,0.42315680166147457
3627,0.6068941773504274,0.383620178041543,0.42969885773624095
3628,0.6149811111111111,0.3997032640949555,0.4292834890965732
3629,0.6143934935897436,0.3992878338278932,0.42834890965732086
3630,0.6116257371794872,0.392106824925816,0.42627206645898236
3631,0.6135263034188034,0.395727002967359,0.42419522326064385
3632,0.6148634348290598,0.3996439169139466,0.42627206645898236
3633,0.6157981891025641,0.3967359050445104,0.4205607476635514
3634,0.6153027136752137,0.3972106824925816,0.4215991692627207
3635,0.6141885683760684,0.3991097922848665,0.4301142263759086
3636,0.6139717841880342,0.3949554896142433,0.42419522326064385
3637,0.6129888888888889,0.39317507418397624,0.42367601246105924
3638,0.6132542681623931,0.3967359050445104,0.4290758047767394
3639,0.6122360256410256,0.39287833827893176,0.426791277258567
3640,0.6111292841880342,0.39062314540059345,0.41952232606438217
3641,0.6121837606837607,0.3921661721068249,0.41744548286604366
3642,0.6144286378205128,0.39483679525222554,0.42107995846313606
3643,0.6146444764957265,0.3983382789317507,0.42575285565939774
3644,0.6163374091880343,0.4016379821958457,0.43078920041536867
3645,0.6163271047008547,0.401026706231454,0.426791277258567
3646,0.5807863675213676,0.39121661721068246,0.4164070612668744
3647,0.6278725160256411,0.3905044510385757,0.4205607476635514
3648,0.592734123931624,0.3937685459940653,0.43997923156801666
3649,0.5898066185897436,0.389080118694362,0.4450155763239876
3650,0.6058395299145299,0.39281899109792284,0.4329698857736241
3651,0.6144798824786325,0.39483679525222554,0.42471443406022846
3652,0.6219446474358974,0.39543026706231454,0.42367601246105924
3653,0.6199144391025642,0.39513353115727,0.42263759086188996
3654,0.6141521153846154,0.3955489614243323,0.42419522326064385
3655,0.6144547596153846,0.3959050445103858,0.42575285565939774
3656,0.6140125747863248,0.39608308605341247,0.42419522326064385
3657,0.617952264957265,0.39566765578635016,0.42107995846313606
3658,0.6143071741452992,0.396973293768546,0.4252336448598131
3659,0.6096078792735042,0.3971513353115727,0.42782969885773625
3660,0.6118746047008548,0.3959050445103858,0.4252336448598131
3661,0.6155087606837607,0.39626112759643917,0.42367601246105924
3662,0.6148068696581197,0.39626112759643917,0.42419522326064385
3663,0.6115465117521368,0.39596439169139463,0.426791277258567
3664,0.612122280982906,0.39626112759643917,0.4252336448598131
3665,0.6414559508547009,0.37946587537091986,0.38785046728971967
3666,0.6013599572649573,0.40361424332344215,0.4398753894080997
3667,0.5987380235042735,0.41302803976261127,0.4293354101765317
3668,0.5678463194444444,0.41771858041543025,0.459190031152648
3669,0.5975948023504274,0.39317507418397624,0.4466770508826584
3670,0.6376027403846154,0.38183976261127595,0.4106957424714434
3671,0.6210201816239316,0.39501483679525223,0.4179646936656283
3672,0.5950742414529915,0.41291509198813053,0.4301661474558671
3673,0.6069305662393163,0.41023373721068246,0.41952232606438217
3674,0.6136035950854701,0.3965578635014837,0.42627206645898236
3675,0.612369310897436,0.39056379821958453,0.4339563862928349
3676,0.6123124786324786,0.39525222551928785,0.42782969885773625
3677,0.6134958386752136,0.39863501483679525,0.42263759086188996
3678,0.6134766025641025,0.39762611275964393,0.42315680166147457
3679,0.6118381570512821,0.39905044510385757,0.42367601246105924
3680,0.6102002136752137,0.398160237388724,0.42731048805815164
3681,0.6087662553418803,0.3973293768545994,0.42834890965732086
3682,0.613671388888889,0.39857566765578634,0.42471443406022846
3683,0.6065663995726496,0.38991097922848666,0.4445482866043614
3684,0.6086986965811966,0.40166765578635016,0.42315680166147457
3685,0.6127494497863248,0.3953709198813056,0.4252336448598131
3686,0.6134689155982906,0.39566765578635016,0.42575285565939774
3687,0.6120778258547008,0.395727002967359,0.42471443406022846
3688,0.6168880181623931,0.39661721068249256,0.42367601246105924
3689,0.6125369123931624,0.39566765578635016,0.4252336448598131
3690,0.6101961858974358,0.39679525222551926,0.42263759086188996
3691,0.6167699198717949,0.39780415430267063,0.4221183800623053
3692,0.6164986698717949,0.39596439169139463,0.4252336448598131
3693,0.6158392094017094,0.3955489614243323,0.4252336448598131
3694,0.6144813728632479,0.39626112759643917,0.4252336448598131
3695,0.6143376175213675,0.39578635014836794,0.42627206645898236
3696,0.614313327991453,0.39614243323442133,0.4252336448598131
3697,0.6108977510683761,0.39703264094955487,0.42471443406022846
3698,0.6108994925213675,0.39637982195845695,0.42471443406022846
3699,0.6157586431623931,0.39543026706231454,0.42263759086188996
3700,0.6149893215811966,0.39578635014836794,0.4252336448598131
3701,0.612432313034188,0.39703264094955487,0.42627206645898236
3702,0.616295625,0.39679525222551926,0.42367601246105924
3703,0.6176712927350427,0.39643916913946586,0.42419522326064385
3704,0.6197059241452991,0.3919881305637982,0.4311526479750779
3705,0.6088878472222222,0.3910979228486647,0.42938733125649015
3706,0.6170776976495727,0.40063501483679526,0.4200415368639668
3707,0.6055948183760684,0.39596439169139463,0.42731048805815164
3708,0.6055275373931625,0.3948961424332344,0.42627206645898236
3709,0.6086406730769232,0.3959050445103858,0.42263759086188996
3710,0.6089643963675213,0.39566765578635016,0.4252336448598131
3711,0.6114506036324786,0.39608308605341247,0.42575285565939774
3712,0.6142407371794871,0.3963204747774481,0.42575285565939774
3713,0.6139779807692307,0.3972700296735905,0.42263759086188996
3714,0.6165720833333334,0.3972700296735905,0.42107995846313606
3715,0.6146254433760684,0.39626112759643917,0.426791277258567
3716,0.6107340705128206,0.39584569732937686,0.42575285565939774
3717,0.6130456196581197,0.396973293768546,0.4221183800623053
3718,0.6141614957264957,0.3965578635014837,0.4252336448598131
3719,0.6141442307692307,0.3963204747774481,0.4252336448598131
3720,0.6136988034188035,0.39637982195845695,0.4252336448598131
3721,0.6134469871794872,0.39614243323442133,0.42367601246105924
3722,0.6145542895299145,0.3970919881305638,0.42367601246105924
3723,0.6141881677350427,0.3969139465875371,0.4252336448598131
3724,0.6166288888888889,0.3574480712166172,0.36863966770508827
3725,0.5979725801282052,0.39264094955489615,0.3888888888888889
3726,0.6316466452991453,0.4140514664688427,0.39563862928348914
3727,0.5872830128205129,0.3976854599406528,0.432398753894081
3728,0.6075146901709402,0.3830860534124629,0.45192107995846315
3729,0.6273458493589744,0.3869436201780415,0.42367601246105924
3730,0.5941233066239316,0.4021305637982196,0.4112149532710281
3731,0.6362281997863248,0.41119546035608306,0.407061266874351
3732,0.6054797008547008,0.4005341246290801,0.442263759086189
3733,0.6080422970085471,0.371513353115727,0.442938733125649
3734,0.605546233974359,0.40215430267062313,0.41744548286604366
3735,0.6285540811965812,0.41077373353115726,0.40342679127725856
3736,0.6519417254273504,0.40415430267062313,0.40965732087227413
3737,0.6003982104700855,0.38646884272997034,0.44745586708203533
3738,0.5809397008547008,0.3916913946587537,0.39667705088265837
3739,0.5889274252136752,0.3950741839762611,0.39563862928348914
3740,0.6149746314102564,0.40300890207715134,0.43852544132917964
3741,0.651125795940171,0.40457566765578634,0.416926272066459
3742,0.6439840170940171,0.411320753768546,0.4101765316718588
3743,0.5895849198717948,0.38741839762611274,0.43826583592938734
3744,0.5691637873931624,0.3627893175074184,0.42886812045690553
3745,0.6130933600427351,0.4000593471810089,0.40290758047767394
3746,0.6250764957264957,0.4154331970326409,0.4355659397715473
3747,0.5742126709401709,0.3935311572700297,0.44273104880581515
3748,0.6059680448717949,0.37554896142433236,0.4075804776739356
3749,0.64916734508547,0.38807121661721067,0.4153686396677051
3750,0.6362965277777778,0.43673081424332344,0.40290758047767394
3751,0.6090975160256411,0.4040652818991098,0.431723779854621
3752,0.6615473344017094,0.3919881305637982,0.4153686396677051
3753,0.6305645673076923,0.37323442136498514,0.41433021806853587
3754,0.5814628846153846,0.4367626985163205,0.4389408099688474
3755,0.6265779006410257,0.4155610997032641,0.4091381100726895
3756,0.5978800480769231,0.37513353115727,0.4418483904465213
3757,0.6482822702991453,0.39519287833827893,0.44589823468328144
3758,0.6007644123931624,0.3909792284866469,0.3883696780893043
3759,0.586671842948718,0.425104975074184,0.3722741433021807
3760,0.6450382852564103,0.37833827893175076,0.43442367601246107
3761,0.6188278685897436,0.3918694362017804,0.4617860851505711
3762,0.4918596736111111,0.4083814623738872,0.4221183800623053
3763,0.5880236431623932,0.37667655786350146,0.39927310488058154
3764,0.7004650961538461,0.3798219584569733,0.3302180685358256
3765,0.4912358392094017,0.3323442136498516,0.328141225337487
3766,0.6191263408119658,0.3931157270029674,0.4347871235721703
3767,0.6971294337606837,0.41196284071216616,0.40134994807892005
3768,0.6101104967948718,0.4259413080118694,0.42627206645898236
3769,0.5833508600427351,0.3861127596439169,0.4740913811007269
3770,0.589602297008547,0.382433234421365,0.43800623052959503
3771,0.5979680128205128,0.4054836795252225,0.39823468328141226
3772,0.5094544823717949,0.3056379821958457,0.3271028037383178
3773,0.6085493536324786,0.42012920534124626,0.3935617860851506
3774,0.6482061965811966,0.43074341661721066,0.42575285565939774
3775,0.6245896741452992,0.39566765578635016,0.42886812045690553
3776,0.6113250267094017,0.3754302670623145,0.45950155763239875
3777,0.6159348664529914,0.4030385756676558,0.4055036344755971
3778,0.6376925534188034,0.39578635014836794,0.37798546209761164
3779,0.5479404326923077,0.43424225044510384,0.4348390446521288
3780,0.7047843215811966,0.38427299703264095,0.4179646936656283
3781,0.5887474893162393,0.3573293768545994,0.38785046728971967
3782,0.5811693643162393,0.43590134480712167,0.407061266874351
3783,0.7208401816239316,0.38729970326409496,0.4153686396677051
3784,0.5391525534188034,0.36451038575667655,0.416926272066459
3785,0.5684877136752137,0.44343676973293766,0.36656282450674976
3786,0.5322413835470086,0.314540059347181,0.2762201453790239
3787,0.5888223290598291,0.3940652818991098,0.43437175493250263
3788,0.6420634561965812,0.41699523857566767,0.4869745695742472
3789,0.6263126282051282,0.40403560830860535,0.43655244029075807
3790,0.639960405982906,0.4118168856379822,0.4138110072689512
3791,0.6122153525641025,0.4032700296735905,0.3821391484942887
3792,0.5677606143162394,0.3813649851632047,0.4324506749740395
3793,0.6156475213675214,0.40316320474777445,0.4221183800623053
3794,0.6174145245726496,0.40074183976261124,0.41952232606438217
3795,0.6124787606837607,0.39857566765578634,0.43255451713395643
3796,0.6132593002136753,0.3913353115727003,0.416926272066459
3797,0.6140803098290598,0.38985163204747775,0.42107995846313606
3798,0.6141222489316239,0.39626112759643917,0.42419522326064385
3799,0.6148358493589744,0.3976854599406528,0.42471443406022846
3800,0.6144544978632479,0.39869436201780417,0.426791277258567
3801,0.6121113782051282,0.3997626112759644,0.4332294911734164
3802,0.6137579006410256,0.3972700296735905,0.42834890965732086
3803,0.6149643803418803,0.3945994065281899,0.41744548286604366
3804,0.6140125747863248,0.4036379821958457,0.42107995846313606
3805,0.6199390705128205,0.4091739466468843,0.4164070612668744
3806,0.6201420993589744,0.4027240356083086,0.4112149532710281
3807,0.6143317521367522,0.39869436201780417,0.41952232606438217
3808,0.6152780502136752,0.38949554896142435,0.4179646936656283
3809,0.6111890331196581,0.3885459940652819,0.4311526479750779
3810,0.5992006356837607,0.4119706397626113,0.4314122533748702
3811,0.6198747596153846,0.40764289388724034,0.43307372793354104
3812,0.6129273878205128,0.3972700296735905,0.439460020768432
3813,0.610158108974359,0.3950741839762611,0.43686396677050887
3814,0.6121213888888889,0.39103857566765576,0.42938733125649015
3815,0.6063727617521368,0.3881305637982196,0.44179646936656286
3816,0.6085073290598291,0.3839762611275964,0.4342159916926272
3817,0.6135109294871794,0.40197626112759643,0.43099688473520253
3818,0.608450202991453,0.4178905002967359,0.45799584631360335
3819,0.613929326923077,0.3966765578635015,0.43052959501557636
3820,0.6200450587606838,0.3783976261127596,0.38161993769470404
3821,0.6250167841880342,0.36913946587537094,0.34215991692627207
3822,0.6258817414529915,0.40398219584569733,0.3868120456905504
3823,0.6133191079059829,0.4280035637982196,0.47107995846313605
3824,0.6112037072649572,0.3969139465875371,0.442938733125649
3825,0.6077277083333333,0.3945994065281899,0.39148494288681207
3826,0.5997041239316239,0.41213160385756675,0.41744548286604366
3827,0.6075257051282051,0.40198219584569733,0.42471443406022846
3828,0.6178819711538461,0.39548961424332346,0.4221183800623053
3829,0.6153236912393163,0.39780415430267063,0.42107995846313606
3830,0.6099231303418804,0.39821958456973294,0.4221183800623053
3831,0.6176338194444444,0.3969139465875371,0.4215991692627207
3832,0.618168498931624,0.3971513353115727,0.42367601246105924
3833,0.6169748344017094,0.3968545994065282,0.42419522326064385
3834,0.615274764957265,0.39626112759643917,0.42263759086188996
3835,0.6152451923076923,0.39620178041543025,0.42263759086188996
3836,0.6156014636752137,0.3965578635014837,0.42471443406022846
3837,0.6102582051282052,0.39679525222551926,0.42627206645898236
3838,0.6130481303418803,0.3965578635014837,0.42419522326064385
3839,0.6148215758547009,0.39661721068249256,0.42315680166147457
3840,0.6434168269230769,0.3485459940652819,0.38161993769470404
3841,0.6013109989316239,0.4130262142433234,0.42834890965732086
3842,0.6133766933760684,0.3992878338278932,0.4321391484942887
3843,0.6126411912393163,0.3969139465875371,0.42627206645898236
3844,0.6162703418803419,0.3947774480712166,0.4184839044652129
3845,0.6161059081196582,0.3947181008902077,0.42107995846313606
3846,0.6140919711538462,0.3972106824925816,0.426791277258567
3847,0.5948136591880342,0.39999999999999997,0.46630321910695743
3848,0.5920941506410257,0.397566765578635,0.47289719626168225
3849,0.6251106143162393,0.38741839762611274,0.41433021806853587
3850,0.633338295940171,0.3889614243323442,0.3920041536863967
3851,0.6125867521367522,0.4034896142433234,0.4184839044652129
3852,0.6071838141025641,0.40461127596439167,0.42731048805815164
3853,0.6127248557692307,0.3963204747774481,0.42627206645898236
3854,0.6189007585470085,0.39246290801186945,0.4221183800623053
3855,0.6111949732905984,0.39916913946587534,0.42627206645898236
3856,0.6093258012820513,0.39940652818991096,0.43021806853582556
3857,0.613712483974359,0.397566765578635,0.42367601246105924
3858,0.618844748931624,0.3941246290801187,0.4148494288681205
3859,0.6178882158119658,0.3937091988130564,0.41952232606438217
3860,0.621359204059829,0.4025341246290801,0.39771547248182765
3861,0.581653498931624,0.40543026706231455,0.4101765316718588
3862,0.6139432211538461,0.3949554896142433,0.4221183800623053
3863,0.5457455982905983,0.3899703264094955,0.4205607476635514
3864,0.543940827991453,0.38884272997032643,0.42107995846313606
3865,0.6128128365384615,0.3943620178041543,0.42731048805815164
3866,0.6378763461538461,0.3977448071216617,0.426791277258567
3867,0.615053076923077,0.39596439169139463,0.42575285565939774
3868,0.6128580822649573,0.39584569732937686,0.4252336448598131
3869,0.6408658386752137,0.39881305637982195,0.42731048805815164
3870,0.6079397168803419,0.39566765578635016,0.42419522326064385
3871,0.5789046420940172,0.3918694362017804,0.42263759086188996
3872,0.6145335737179487,0.39584569732937686,0.4252336448598131
3873,0.6121275747863248,0.3969139465875371,0.42315680166147457
3874,0.6351473771367522,0.3998813056379822,0.42315680166147457
3875,0.6559167200854701,0.4023679525222552,0.42627206645898236
3876,0.6238514369658119,0.3983382789317507,0.4252336448598131
3877,0.5791039049145299,0.39121661721068246,0.42315680166147457
3878,0.6040079700854701,0.3946587537091988,0.42367601246105924
3879,0.6131389049145299,0.3973887240356083,0.42367601246105924
3880,0.6065090438034189,0.3949554896142433,0.42471443406022846
3881,0.6102776549145299,0.39584569732937686,0.42419522326064385
3882,0.6062402083333334,0.395727002967359,0.42471443406022846
3883,0.616614172008547,0.3972700296735905,0.42367601246105924
3884,0.5740992841880342,0.3825519287833828,0.42419522326064385
3885,0.6055118376068376,0.3969139465875371,0.42315680166147457
3886,0.5943032478632478,0.395727002967359,0.42315680166147457
3887,0.6078298878205128,0.3953709198813056,0.42575285565939774
3888,0.612082045940171,0.3963204747774481,0.42419522326064385
3889,0.6039321688034188,0.39626112759643917,0.4215991692627207
3890,0.6260998504273505,0.3973887240356083,0.4252336448598131
3891,0.6151399358974359,0.3965578635014837,0.42471443406022846
3892,0.6096768215811966,0.39637982195845695,0.42419522326064385
3893,0.6357438782051282,0.3985163204747774,0.42575285565939774
3894,0.7419016773504273,0.408550691810089,0.4221183800623053
3895,0.748013028846154,0.41475220771513355,0.4127725856697819
3896,0.5900944497863247,0.4025341246290801,0.4138110072689512
3897,0.5724311271367521,0.3944213649851632,0.4221183800623053
3898,0.560567280982906,0.39483679525222554,0.42107995846313606
3899,0.5383938888888888,0.3942433234421365,0.4200415368639668
3900,0.5819574626068376,0.39305637982195846,0.42575285565939774
3901,0.6125239957264957,0.39483679525222554,0.42627206645898236
3902,0.6142367361111111,0.39679525222551926,0.4221183800623053
3903,0.6306572916666666,0.40426706231454007,0.39304257528556596
3904,0.6092678205128206,0.38047477744807123,0.39148494288681207
3905,0.6014585202991454,0.41008846551928785,0.4055036344755971
3906,0.6216951923076923,0.4015074183976261,0.42367601246105924
3907,0.569981047008547,0.374540059347181,0.41433021806853587
3908,0.6153979594017094,0.40237982195845695,0.39096573208722746
3909,0.6368426335470085,0.425023081305638,0.407061266874351
3910,0.6239094551282052,0.39780415430267063,0.4221183800623053
3911,0.5767676869658119,0.3659347181008902,0.441588785046729
3912,0.6120976762820513,0.38783382789317505,0.4483904465212877
3913,0.6567220352564103,0.4196603347181009,0.42315680166147457
3914,0.6410815384615385,0.39798219584569733,0.4164070612668744
3915,0.5730018536324787,0.3550741839762611,0.39252336448598135
3916,0.5676589903846154,0.3674183976261127,0.34319833852544135
3917,0.6128290331196581,0.39940652818991096,0.3883696780893043
3918,0.6431648504273504,0.4059109792284866,0.44517133956386296
3919,0.565651875,0.3807121661721068,0.4599688473520249
3920,0.6248056196581196,0.38712166172106827,0.4190031152647975
3921,0.5909892307692308,0.42053270385756675,0.4179646936656283
3922,0.6245945245726496,0.3918100890207715,0.4179646936656283
3923,0.6222749465811965,0.3851038575667656,0.4106957424714434
3924,0.6342626655982906,0.39566765578635016,0.42367601246105924
3925,0.6120232478632479,0.4058813056379822,0.4559709241952233
3926,0.5780648397435898,0.38801186943620175,0.4502596053997923
3927,0.6450007745726496,0.4114968989910979,0.4091381100726895
3928,0.5516439903846154,0.36249258160237385,0.3629283489096573
3929,0.6400763835470086,0.3885459940652819,0.3811007268951194
3930,0.631409139957265,0.43139730504451035,0.42575285565939774
3931,0.6946408333333334,0.4042967359050445,0.4807518691588785
3932,0.6229849252136752,0.3808308605341246,0.4415368639667705
3933,0.49297680982905984,0.4065686504035608,0.40238836967808933
3934,0.4810373360042735,0.3993471810089021,0.4304257528556594
3935,0.6895660416666667,0.40652142433234423,0.426791277258567
3936,0.7957248717948717,0.40172106824925813,0.4466251298026999
3937,0.5995529967948718,0.3912759643916914,0.3722741433021807
3938,0.3798076923076923,0.38979228486646883,0.37175493250259606
3939,0.5268055876068376,0.38148367952522255,0.41952232606438217
3940,0.5519443002136752,0.3020771513353116,0.3390446521287643
3941,0.5695009241452992,0.38504451038575666,0.3598130841121495
3942,0.609383344017094,0.4291317002967359,0.39979231568016615
3943,0.5995469177350428,0.4192645596439169,0.4301142263759086
3944,0.6158351068376069,0.3740652818991098,0.45192107995846315
3945,0.5894701549145299,0.36718100890207717,0.39771547248182765
3946,0.6195368696581196,0.4007240356083086,0.38161993769470404
3947,0.4805702767094017,0.362433234421365,0.2715472481827622
3948,0.5185627056623932,0.3911572700296736,0.39252336448598135
3949,0.6114525747863249,0.39222551928783383,0.4086188992731049
3950,0.6421401175213675,0.4186387240356083,0.4179646936656283
3951,0.6252809775641026,0.382433234421365,0.45514018691588787
3952,0.6131500854700855,0.3911572700296736,0.44584631360332294
3953,0.6267755715811966,0.41694326112759644,0.3852544132917965
3954,0.6973470032051282,0.3941839762611276,0.36137071651090347
3955,0.6442704273504274,0.39821958456973294,0.44179646936656286
3956,0.47973246314102563,0.40980965543026704,0.4670820353063344
3957,0.5459066292735043,0.3833234421364985,0.4086188992731049
3958,0.7009371527777778,0.41994442077151334,0.36500519210799587
3959,0.43322649572649574,0.342433234421365,0.31983385254413293
3960,0.6104679807692308,0.36391691394658754,0.40342679127725856
3961,0.607243327991453,0.4502840183976261,0.39979231568016615
3962,0.6400677136752136,0.41958857329376853,0.43624091381100727
3963,0.6173379754273505,0.37632047477744807,0.4365005192107996
3964,0.5976100801282052,0.38112759643916916,0.36448598130841126
3965,0.5968749626068376,0.3913353115727003,0.3592938733125649
3966,0.6364294818376068,0.4009139465875371,0.4106957424714434
3967,0.6155867307692308,0.40093175074183973,0.43997923156801666
3968,0.6138814262820513,0.39400593471810086,0.4350986500519211
3969,0.6183082211538462,0.39204747774480714,0.43572170301142266
3970,0.6188472222222222,0.40403560830860535,0.4205607476635514
3971,0.615806030982906,0.39999999999999997,0.4205607476635514
3972,0.616401858974359,0.398160237388724,0.42471443406022846
3973,0.613475235042735,0.39614243323442133,0.42263759086188996
3974,0.613060608974359,0.39513353115727,0.42263759086188996
3975,0.6140224572649573,0.39566765578635016,0.42367601246105924
3976,0.614229342948718,0.3973293768545994,0.42419522326064385
3977,0.616609935897436,0.3992878338278932,0.4290758047767394
3978,0.61581890491453,0.3972106824925816,0.42627206645898236
3979,0.6122287713675214,0.3946587537091988,0.42471443406022846
3980,0.6134312927350427,0.3955489614243323,0.4252336448598131
3981,0.6141543963675213,0.3953709198813056,0.4205607476635514
3982,0.6125310416666667,0.39596439169139463,0.42315680166147457
3983,0.6146750427350427,0.3970919881305638,0.42627206645898236
3984,0.6148087553418804,0.39620178041543025,0.42575285565939774
3985,0.6134497008547009,0.3968545994065282,0.42367601246105924
3986,0.6137167307692308,0.3974480712166172,0.4252336448598131
3987,0.6141154754273505,0.3944807121661721,0.42782969885773625
3988,0.6123185042735043,0.4109801011275964,0.39615784008307375
3989,0.612896233974359,0.396973293768546,0.42575285565939774
3990,0.6080807745726495,0.3916913946587537,0.4148494288681205
3991,0.5950748824786325,0.38433234421364987,0.40031152647975077
3992,0.6101892200854702,0.3944807121661721,0.4184839044652129
3993,0.6158380662393163,0.39596439169139463,0.431723779854621
3994,0.6101978792735043,0.3887833827893175,0.4321391484942887
3995,0.6223873344017095,0.40078931750741836,0.4334371754932503
3996,0.6232253205128205,0.4062854599406528,0.42419522326064385
3997,0.6144779326923078,0.39869436201780417,0.42419522326064385
3998,0.6134407905982906,0.39566765578635016,0.4252336448598131
3999,0.6145971955128205,0.3969139465875371,0.4221183800623053
4000,0.6092821047008548,0.3943026706231454,0.4190031152647975
4001,0.6132098824786325,0.39560830860534124,0.4215991692627207
4002,0.6171198611111112,0.39821958456973294,0.426791277258567
4003,0.6143766720085471,0.39762611275964393,0.42627206645898236
4004,0.6113196367521367,0.3950741839762611,0.4205607476635514
4005,0.6112580769230769,0.39513353115727,0.4221183800623053
4006,0.6133103685897436,0.39637982195845695,0.4252336448598131
4007,0.6153351976495727,0.39643916913946586,0.42367601246105924
4008,0.6169782425213676,0.3982789317507418,0.42731048805815164
4009,0.6148402190170941,0.3985163204747774,0.42471443406022846
4010,0.5977256143162393,0.4082311818991098,0.40965732087227413
4011,0.6129917574786325,0.4027774480712166,0.426791277258567
4012,0.6177219444444444,0.4001780415430267,0.42575285565939774
4013,0.6123180982905982,0.3975074183976261,0.42263759086188996
4014,0.6163015705128205,0.3979228486646884,0.42731048805815164
4015,0.6162731196581197,0.3971513353115727,0.42834890965732086
4016,0.6124871153846154,0.3964985163204748,0.42419522326064385
4017,0.6128918589743589,0.3969139465875371,0.42367601246105924
4018,0.6153919177350428,0.3973293768545994,0.42575285565939774
4019,0.6150593536324787,0.3971513353115727,0.42575285565939774
4020,0.6149805288461538,0.39899109792284865,0.4290238836967809
4021,0.6158703258547009,0.3993471810089021,0.42782969885773625
4022,0.6138850747863248,0.3979228486646884,0.4205607476635514
4023,0.613201485042735,0.3977448071216617,0.4215991692627207
4024,0.6154769658119659,0.39626112759643917,0.42995846313603325
4025,0.616670202991453,0.394540059347181,0.4298546209761163
4026,0.6143148771367521,0.39661721068249256,0.42315680166147457
4027,0.6135000747863248,0.3977448071216617,0.42471443406022846
4028,0.6158200587606838,0.3969139465875371,0.4304257528556594
4029,0.614379577991453,0.3972106824925816,0.42575285565939774
4030,0.6129741292735043,0.398160237388724,0.4205607476635514
4031,0.6142953418803418,0.3975074183976261,0.42471443406022846
4032,0.6151972702991453,0.39578635014836794,0.42627206645898236
4033,0.6217389209401709,0.4073477512759644,0.4122533748701973
4034,0.6155940918803419,0.4102533477151335,0.3935617860851506
4035,0.616232516025641,0.39804154302670625,0.42782969885773625
4036,0.6140491987179487,0.4000593471810089,0.4301142263759086
4037,0.6138325,0.3972106824925816,0.42886812045690553
4038,0.6136791239316239,0.40102077151335314,0.42367601246105924
4039,0.6134097863247864,0.3981008902077151,0.4127725856697819
4040,0.6134659348290599,0.395727002967359,0.4158878504672897
4041,0.615104780982906,0.3978635014836795,0.42834890965732086
4042,0.6139751549145299,0.3976854599406528,0.42990654205607476
4043,0.613241501068376,0.4002373887240356,0.42471443406022846
4044,0.6141738087606837,0.39881305637982195,0.4179646936656283
4045,0.6148418055555556,0.39578635014836794,0.4215991692627207
4046,0.6127757425213676,0.39560830860534124,0.42471443406022846
4047,0.6131280555555556,0.39643916913946586,0.42575285565939774
4048,0.6150126709401709,0.397566765578635,0.4215991692627207
4049,0.614831266025641,0.39899109792284865,0.42367601246105924
4050,0.6143993536324787,0.39679525222551926,0.42315680166147457
4051,0.6136870619658119,0.39620178041543025,0.42315680166147457
4052,0.6128004487179487,0.3993471810089021,0.42627206645898236
4053,0.6135072061965812,0.39643916913946586,0.4252336448598131
4054,0.6150852777777778,0.3950741839762611,0.42263759086188996
4055,0.6141985042735043,0.3977448071216617,0.42419522326064385
4056,0.6140235416666666,0.3976854599406528,0.42731048805815164
4057,0.503739094017094,0.38154302670623147,0.5235377725856698
4058,0.605948311965812,0.3966765578635015,0.4138110072689512
4059,0.5924452403846154,0.39204747774480714,0.4381619937694704
4060,0.6065505395299146,0.3945994065281899,0.4292834890965732
4061,0.6095062553418804,0.39543026706231454,0.42627206645898236
4062,0.6114015117521368,0.39602373887240355,0.42575285565939774
4063,0.6192653258547008,0.3972106824925816,0.4221183800623053
4064,0.6106415224358974,0.39483679525222554,0.42731048805815164
4065,0.6145167788461539,0.3959050445103858,0.42575285565939774
4066,0.6159569284188035,0.3966765578635015,0.42367601246105924
4067,0.5971864476495726,0.3935311572700297,0.431723779854621
4068,0.6208026816239316,0.3977448071216617,0.4205607476635514
4069,0.6133871581196582,0.3953115727002967,0.42782969885773625
4070,0.6108463728632478,0.3953115727002967,0.426791277258567
4071,0.6286941613247863,0.39958456973293766,0.4164070612668744
4072,0.6027236965811966,0.3941839762611276,0.42943925233644864
4073,0.6119924198717949,0.3955489614243323,0.42627206645898236
4074,0.6144423076923077,0.39543026706231454,0.42627206645898236
4075,0.6098541613247863,0.39602373887240355,0.42575285565939774
4076,0.47780931463675214,0.37287833827893174,0.5087462242990655
4077,0.6432580128205129,0.38991097922848666,0.4132917964693666
4078,0.5986290010683761,0.4002373887240356,0.42627206645898236
4079,0.6043409829059829,0.3919287833827893,0.42834890965732086
4080,0.6062885737179488,0.3963204747774481,0.42627206645898236
4081,0.615632686965812,0.3972106824925816,0.42471443406022846
4082,0.6149344658119658,0.39614243323442133,0.4252336448598131
4083,0.6110026014957265,0.3963204747774481,0.4252336448598131
4084,0.6116102884615384,0.3964985163204748,0.42471443406022846
4085,0.620333514957265,0.39584569732937686,0.42263759086188996
4086,0.614375625,0.39543026706231454,0.42627206645898236
4087,0.6131688888888889,0.396973293768546,0.4252336448598131
4088,0.620673798076923,0.39780415430267063,0.42107995846313606
4089,0.6113746581196582,0.39620178041543025,0.4252336448598131
4090,0.5993808867521367,0.3946587537091988,0.4290758047767394
4091,0.620103563034188,0.3965578635014837,0.42315680166147457
4092,0.6206198611111111,0.3973293768545994,0.42315680166147457
4093,0.6112766132478633,0.3965578635014837,0.4252336448598131
4094,0.6114585950854701,0.3955489614243323,0.4252336448598131
4095,0.6021482745726496,0.39525222551928785,0.42782969885773625
4096,0.6242980502136752,0.39798219584569733,0.42107995846313606
4097,0.6173521581196582,0.39637982195845695,0.42367601246105924
4098,0.6110224465811966,0.39560830860534124,0.42575285565939774
4099,0.6141874252136752,0.3965578635014837,0.42419522326064385
4100,0.613766875,0.3963204747774481,0.42419522326064385
4101,0.6244747916666666,0.35495548961424334,0.4371754932502596
4102,0.6144348557692307,0.3849851632047478,0.42886812045690553
4103,0.5899823344017094,0.42318112581602374,0.4303219106957425
4104,0.6621153792735043,0.41058356047477745,0.4179646936656283
4105,0.6107382158119659,0.3931157270029674,0.43208722741433025
4106,0.6064934935897436,0.381186943620178,0.4342679127725857
4107,0.6096923985042735,0.38741839762611274,0.4184839044652129
4108,0.6235029914529915,0.41431789614243325,0.42471443406022846
4109,0.6230628632478633,0.39246290801186945,0.4179646936656283
4110,0.5783593002136752,0.38130563798219586,0.4300623052959502
4111,0.6172629540598291,0.39020771513353114,0.4290758047767394
4112,0.6080060844017094,0.4067202339703264,0.4200415368639668
4113,0.6250412393162393,0.41967082789317506,0.4330218068535826
4114,0.6492634882478633,0.39614243323442133,0.42471443406022846
4115,0.5639972329059829,0.3793471810089021,0.4426791277258567
4116,0.6262088301282052,0.38433234421364987,0.4346832814122534
4117,0.6168868696581197,0.38427299703264095,0.4055036344755971
4118,0.6301817841880342,0.407234808189911,0.4179646936656283
4119,0.6257620299145299,0.3997626112759644,0.42834890965732086
4120,0.5877905769230769,0.39887240356083087,0.44724818276220146
4121,0.6165075106837608,0.38741839762611274,0.4292315680166148
4122,0.6173524679487179,0.39305637982195846,0.42419522326064385
4123,0.6283179433760684,0.4146573109792285,0.41433021806853587
4124,0.6026758012820513,0.3944213649851632,0.41744548286604366
4125,0.596926436965812,0.3757863501483679,0.4388888888888889
4126,0.6059520566239316,0.3969139465875371,0.4215991692627207
4127,0.6425800534188034,0.41070979258160234,0.4252336448598131
4128,0.7107904113247864,0.3708011869436202,0.45436137071651095
4129,0.6674819444444444,0.39548961424332346,0.4138110072689512
4130,0.5938361164529915,0.42169532700296736,0.41744548286604366
4131,0.5617795192307693,0.4447340824925816,0.4450155763239876
4132,0.5737123450854701,0.40382789317507417,0.44517133956386296
4133,0.6399390170940171,0.3502670623145401,0.41744548286604366
4134,0.6979266987179487,0.35952522255192876,0.40965732087227413
4135,0.7024981196581197,0.40397626112759644,0.47661474558670824
4136,0.593442077991453,0.4170360890207715,0.4075804776739356
4137,0.588412280982906,0.40519881305637984,0.42315680166147457
4138,0.586384764957265,0.3972106824925816,0.42575285565939774
4139,0.6842957104700855,0.40041543026706233,0.42315680166147457
4140,0.6883951762820513,0.3711572700296736,0.39823468328141226
4141,0.564118530982906,0.3802967359050445,0.4349948078920042
4142,0.5510023023504274,0.39857566765578634,0.4490134994807892
4143,0.5451005555555556,0.34991097922848663,0.39771547248182765
4144,0.6442701709401709,0.39548961424332346,0.4049844236760125
4145,0.6336889797008547,0.3740059347181009,0.4065420560747664
4146,0.6462430074786325,0.388486646884273,0.40965732087227413
4147,0.6142216452991454,0.406086646884273,0.4117341640706127
4148,0.5912703258547009,0.4013412462908012,0.42731048805815164
4149,0.6212340972222222,0.4026646884272997,0.42575285565939774
4150,0.6355352617521368,0.4033056379821958,0.42782969885773625
4151,0.6129808974358975,0.39626112759643917,0.4356178608515057
4152,0.5411521314102564,0.38747774480712166,0.37071651090342683
4153,0.5650159668803418,0.39317507418397624,0.41433021806853587
4154,0.592743969017094,0.4060640949554896,0.4215991692627207
4155,0.6619153418803418,0.40360237388724035,0.426791277258567
4156,0.6346058493589743,0.40904668818991097,0.42471443406022846
4157,0.6217618696581197,0.40141246290801186,0.4221183800623053
4158,0.6696763942307692,0.38682492581602373,0.39563862928348914
4159,0.6160665705128205,0.39068249258160237,0.39771547248182765
4160,0.7849610256410257,0.4022492581602374,0.4494288681204569
4161,0.6123622756410256,0.4011454005934718,0.41952232606438217
4162,0.5558898985042735,0.3997626112759644,0.4205607476635514
4163,0.6036162339743589,0.39614243323442133,0.44387331256490137
4164,0.6498734989316239,0.4036854599406528,0.4329179646936656
4165,0.5859066079059829,0.4097938232047478,0.4153686396677051
4166,0.5812872916666667,0.4015786350148368,0.4086188992731049
4167,0.6813230181623932,0.380593471810089,0.42892004153686397
4168,0.5220825213675214,0.38462908011869434,0.39771547248182765
4169,0.6054553098290598,0.3740652818991098,0.4112149532710281
4170,0.6423993963675214,0.38712166172106827,0.4184839044652129
4171,0.6266184401709401,0.3839762611275964,0.4190031152647975
4172,0.5839227083333334,0.36706231454005933,0.40342679127725856
4173,0.5631665117521367,0.40436795252225516,0.41952232606438217
4174,0.6038111965811965,0.4308723121661721,0.42731048805815164
4175,0.6529819070512821,0.4165430243323442,0.42471443406022846
4176,0.525230373931624,0.3376854599406528,0.488014222741433
4177,0.5930904326923077,0.37649851632047476,0.36863966770508827
4178,0.6253899145299145,0.4101235945994065,0.4075804776739356
4179,0.6210637820512821,0.4071700163204748,0.41744548286604366
4180,0.616601875,0.40064688427299705,0.4252336448598131
4181,0.6101052991452991,0.39329376854599407,0.433177570093458
4182,0.6053057905982906,0.39347181008902077,0.4049844236760125
4183,0.613466047008547,0.3976854599406528,0.4221183800623053
4184,0.6239732532051282,0.40172106824925813,0.44382139148494293
4185,0.6156991132478633,0.39626112759643917,0.4252336448598131
4186,0.6099416132478632,0.3943620178041543,0.4153686396677051
4187,0.6165775320512821,0.39940652818991096,0.42315680166147457
4188,0.6132592735042734,0.3964985163204748,0.4221183800623053
4189,0.6129106303418803,0.3967359050445104,0.4190031152647975
4190,0.6225013408119658,0.40159643916913945,0.4358255451713396
4191,0.6189757051282051,0.39821958456973294,0.43520249221183804
4192,0.6074836805555556,0.3931157270029674,0.4112149532710281
4193,0.6092830128205128,0.39400593471810086,0.4158878504672897
4194,0.6160534081196581,0.3981008902077151,0.43037383177570093
4195,0.6170500053418804,0.3983382789317507,0.43094496365524404
4196,0.6147383974358974,0.39548961424332346,0.4252336448598131
4197,0.6122931303418804,0.3969139465875371,0.4184839044652129
4198,0.6107996420940172,0.3965578635014837,0.4164070612668744
4199,0.6763675854700855,0.43935166706231454,0.45955347871235724
4200,0.6251396901709402,0.3942433234421365,0.45742471443406024
4201,0.6233727831196582,0.40182789317507417,0.4376427829698858
4202,0.604736469017094,0.39513353115727,0.40342679127725856
4203,0.6012144230769231,0.3885459940652819,0.4039460020768432
4204,0.6214884027777778,0.3996439169139466,0.43457943925233644
4205,0.6243719230769231,0.4043501483679525,0.43982346832814123
4206,0.6052615010683761,0.3891394658753709,0.4138110072689512
4207,0.6101828098290598,0.39329376854599407,0.41744548286604366
4208,0.6194475267094017,0.4038872403560831,0.42731048805815164
4209,0.6139307371794872,0.3975074183976261,0.41952232606438217
4210,0.6129669444444444,0.3953115727002967,0.42419522326064385
4211,0.6203183012820512,0.4022908011869436,0.4333852544132918
4212,0.6199294764957265,0.4010682492581602,0.42731048805815164
4213,0.6084741025641025,0.3921661721068249,0.4164070612668744
4214,0.6078947916666667,0.39258160237388723,0.4190031152647975
4215,0.6113891346153846,0.3950741839762611,0.4221183800623053
4216,0.6109022702991453,0.39483679525222554,0.4190031152647975
4217,0.6111513568376068,0.3944213649851632,0.416926272066459
4218,0.614918157051282,0.3976854599406528,0.42575285565939774
4219,0.6168623824786325,0.3991097922848665,0.4292834890965732
4220,0.5883206463675213,0.39299703264094954,0.38940809968847356
4221,0.6282272435897436,0.388486646884273,0.40602284527518173
4222,0.6133097008547008,0.4000593471810089,0.42731048805815164
4223,0.6141472702991453,0.398160237388724,0.4190031152647975
4224,0.6187200106837607,0.39626112759643917,0.416926272066459
4225,0.6126928418803419,0.39762611275964393,0.42263759086188996
4226,0.6118933653846154,0.3975074183976261,0.4252336448598131
4227,0.6150534722222223,0.39620178041543025,0.4221183800623053
4228,0.6152500587606837,0.3964985163204748,0.42107995846313606
4229,0.6154645085470085,0.39620178041543025,0.42315680166147457
4230,0.6131629861111111,0.396973293768546,0.42782969885773625
4231,0.6135212393162393,0.3967359050445104,0.42419522326064385
4232,0.6127871314102564,0.3964985163204748,0.42419522326064385
4233,0.610289342948718,0.39845697329376856,0.4298546209761163
4234,0.6103098717948718,0.39899109792284865,0.42731048805815164
4235,0.613243295940171,0.39798219584569733,0.42419522326064385
4236,0.6128473450854701,0.3968545994065282,0.42834890965732086
4237,0.6123863087606838,0.39602373887240355,0.42627206645898236
4238,0.6157829914529915,0.38563798219584566,0.2949117341640707
4239,0.6242962873931623,0.4113286058753709,0.45321910695742473
4240,0.6155902938034188,0.4001780415430267,0.4379023883696781
4241,0.6139581837606838,0.4005341246290801,0.4200415368639668
4242,0.6135641025641025,0.3996439169139466,0.42886812045690553
4243,0.6128784188034189,0.39566765578635016,0.42471443406022846
4244,0.6158830876068376,0.4005341246290801,0.42782969885773625
4245,0.6172019391025642,0.39916913946587534,0.4376427829698858
4246,0.6148435630341881,0.39543026706231454,0.4347871235721703
4247,0.6129337072649572,0.40396439169139464,0.4138110072689512
4248,0.6138856036324787,0.39916913946587534,0.4122533748701973
4249,0.615095625,0.3919881305637982,0.43219106957424713
4250,0.6132017200854701,0.39863501483679525,0.42471443406022846
4251,0.6135570673076923,0.4000593471810089,0.4205607476635514
4252,0.6136948504273505,0.3966765578635015,0.4295430944963655
4253,0.6138217147435898,0.3923442136498516,0.4319833852544133
4254,0.6152381730769231,0.39258160237388723,0.42731048805815164
4255,0.6158030074786325,0.4000593471810089,0.42367601246105924
4256,0.6127617094017094,0.4034658753709199,0.4205607476635514
4257,0.6138409882478633,0.40059347181008903,0.42886812045690553
4258,0.7155448985042735,0.4004747774480712,0.4127725856697819
4259,0.6464391773504274,0.38985163204747775,0.4153686396677051
4260,0.577544780982906,0.3940652818991098,0.44039460020768434
4261,0.6277328846153847,0.4020712166172107,0.416926272066459
4262,0.6171980715811967,0.39578635014836794,0.42419522326064385
4263,0.5936167521367521,0.392106824925816,0.43099688473520253
4264,0.6116719871794871,0.39584569732937686,0.42471443406022846
4265,0.6299823878205129,0.39922848664688426,0.4190031152647975
4266,0.6243095299145299,0.3972700296735905,0.42263759086188996
4267,0.6059213514957265,0.3949554896142433,0.42886812045690553
4268,0.6016393215811966,0.3944807121661721,0.4294911734164071
4269,0.6085037980769231,0.3953115727002967,0.42782969885773625
4270,0.6164968322649573,0.3974480712166172,0.42367601246105924
4271,0.6248300427350427,0.3978635014836795,0.41952232606438217
4272,0.6232403365384616,0.3967359050445104,0.42107995846313606
4273,0.6048000213675213,0.3946587537091988,0.42834890965732086
4274,0.6186636431623932,0.3975074183976261,0.42263759086188996
4275,0.6041551602564103,0.3946587537091988,0.42731048805815164
4276,0.6066896688034188,0.39543026706231454,0.42627206645898236
4277,0.6274627403846154,0.39798219584569733,0.41952232606438217
4278,0.6096341399572649,0.3947181008902077,0.42782969885773625
4279,0.616779780982906,0.39703264094955487,0.42471443406022846
4280,0.620931672008547,0.3972700296735905,0.42107995846313606
4281,0.6018177083333334,0.4066279987299703,0.4153686396677051
4282,0.5567828525641025,0.3753709198813056,0.47393561786085153
4283,0.599193920940171,0.4008605341246291,0.4252336448598131
4284,0.5976454166666667,0.3974480712166172,0.42471443406022846
4285,0.625576907051282,0.396973293768546,0.42107995846313606
4286,0.5979295032051282,0.3944807121661721,0.4300623052959502
4287,0.6057820459401709,0.39543026706231454,0.42886812045690553
4288,0.6383995085470086,0.39839762611275964,0.4164070612668744
4289,0.6073432692307692,0.3953709198813056,0.42471443406022846
4290,0.5999026175213675,0.3947181008902077,0.4298546209761163
4291,0.640139407051282,0.39916913946587534,0.41744548286604366
4292,0.599362077991453,0.39519287833827893,0.42886812045690553
4293,0.6087677831196581,0.3959050445103858,0.42782969885773625
4294,0.6175888194444444,0.3964985163204748,0.42367601246105924
4295,0.6091457264957265,0.3959050445103858,0.4252336448598131
4296,0.6215161324786325,0.3973887240356083,0.4221183800623053
4297,0.6046213194444444,0.3944807121661721,0.42782969885773625
4298,0.6109415865384615,0.3959050445103858,0.42575285565939774
4299,0.6179457425213675,0.397566765578635,0.4221183800623053
4300,0.6220695352564103,0.3973887240356083,0.4221183800623053
4301,0.5962334081196581,0.3937091988130564,0.43094496365524404
4302,0.6196232158119659,0.39602373887240355,0.42315680166147457
4303,0.6265052297008546,0.3979228486646884,0.42107995846313606
4304,0.5989418002136753,0.4053175074183976,0.4356697819314642
4305,0.6068868482905982,0.39258160237388723,0.42471443406022846
4306,0.645645405982906,0.4215426136498516,0.4370716510903427
4307,0.6124331410256411,0.39270029673590506,0.4301661474558671
4308,0.5957219017094018,0.38326409495548963,0.42886812045690553
4309,0.6365203952991453,0.3985163204747774,0.4179646936656283
4310,0.6281161912393163,0.4059786350148368,0.426791277258567
4311,0.6058195192307693,0.3899703264094955,0.4356697819314642
4312,0.6129053792735043,0.3861127596439169,0.42419522326064385
4313,0.6290358012820513,0.4014480712166172,0.407061266874351
4314,0.6181904754273504,0.4048427299703264,0.4252336448598131
4315,0.5953201549145299,0.3919287833827893,0.44039460020768434
4316,0.697252045940171,0.3993471810089021,0.42731048805815164
4317,0.6211703579059829,0.39038575667655784,0.4324506749740395
4318,0.5526571848290598,0.38462908011869434,0.4324506749740395
4319,0.6049491987179487,0.39620178041543025,0.41744548286604366
4320,0.6178801709401709,0.4036320474777448,0.40965732087227413
4321,0.6109948611111111,0.39845697329376856,0.43151609553478715
4322,0.5988905608974359,0.39359050445103855,0.4435098650051921
4323,0.6158573931623932,0.3999406528189911,0.42471443406022846
4324,0.6318224839743589,0.40458160237388724,0.416926272066459
4325,0.6123714102564103,0.39560830860534124,0.4314122533748702
4326,0.6073507799145299,0.3859347181008902,0.4350467289719626
4327,0.6047837767094018,0.3825519287833828,0.40290758047767394
4328,0.6122329647435898,0.4067701652166172,0.41952232606438217
4329,0.7416571688034188,0.40343620178041545,0.48754313136033234
4330,0.6686966025641026,0.39626112759643917,0.42107995846313606
4331,0.563323936965812,0.4076742960237389,0.42367601246105924
4332,0.606279594017094,0.41253212166172104,0.4643821391484943
4333,0.5963881463675214,0.41121521169139463,0.4369158878504673
4334,0.5752941452991454,0.3808308605341246,0.4049844236760125
4335,0.5742001121794872,0.38160237388724033,0.42315680166147457
4336,0.6791774305555556,0.3810089020771513,0.4132917964693666
4337,0.6738330235042735,0.4168355768545994,0.500010588265836
4338,0.6109999412393162,0.3998813056379822,0.43406022845275183
4339,0.685550608974359,0.3807715133531157,0.3888888888888889
4340,0.5712508012820513,0.43123101008902076,0.4341121495327103
4341,0.5846003418803418,0.38563798219584566,0.39511941848390447
4342,0.6462261645299145,0.3664094955489614,0.41744548286604366
4343,0.5873945673076924,0.40404154302670625,0.43982346832814123
4344,0.5637245726495727,0.35887240356083083,0.37279335410176534
4345,0.4971127457264957,0.3767952522255193,0.3940809968847352
4346,0.5459227136752137,0.37863501483679524,0.4523883696780893
4347,0.6450085363247864,0.3602967359050445,0.4412772585669782
4348,0.6461048237179488,0.38427299703264095,0.4091381100726895
4349,0.5722006944444444,0.41123551145400594,0.4190031152647975
4350,0.6260745619658119,0.4173413893175074,0.426791277258567
4351,0.6907689583333333,0.40908700385756674,0.4018691588785047
4352,0.579062045940171,0.35792284866468843,0.38785046728971967
4353,0.5508172756410257,0.38783382789317505,0.397196261682243
4354,0.6103017040598291,0.4290243756676558,0.42731048805815164
4355,0.690638782051282,0.3921661721068249,0.4101765316718588
4356,0.5945128098290599,0.39323442136498515,0.4332814122533749
4357,0.5809916452991453,0.41662043857566766,0.4566458982346833
4358,0.6388804861111111,0.378160237388724,0.42315680166147457
4359,0.6869176549145299,0.40594955489614243,0.4541536863966771
4360,0.6898801923076923,0.4286956474777448,0.4122533748701973
4361,0.5287430982905983,0.4143160777448071,0.4215991692627207
4362,0.6488030876068376,0.3530563798219585,0.4184839044652129
4363,0.7180005608974359,0.36456973293768546,0.42263759086188996
4364,0.6051727617521367,0.3799406528189911,0.42575285565939774
4365,0.5065727788461538,0.41022225602373885,0.442263759086189
4366,0.5548840331196582,0.3805341246290801,0.4184839044652129
4367,0.6214659401709401,0.3789910979228487,0.441588785046729
4368,0.599539391025641,0.40185163204747776,0.40290758047767394
4369,0.603478514957265,0.395727002967359,0.37435098650051923
4370,0.6159630128205128,0.389080118694362,0.3935617860851506
4371,0.5933615972222223,0.40948502700296735,0.4555036344755971
4372,0.6826228899572649,0.39347181008902077,0.4562824506749741
4373,0.6115004326923077,0.38747774480712166,0.43416407061266876
4374,0.6174067681623931,0.3983382789317507,0.41952232606438217
4375,0.6159419658119658,0.39068249258160237,0.39927310488058154
4376,0.6141488301282052,0.3937091988130564,0.4184839044652129
4377,0.6144971153846154,0.40336498516320474,0.43307372793354104
4378,0.6138965170940172,0.40238575667655785,0.4305815160955348
4379,0.6147983547008546,0.39543026706231454,0.42367601246105924
4380,0.6145929967948718,0.3964985163204748,0.42897196261682247
4381,0.6110243108974359,0.390919881305638,0.426791277258567
4382,0.6129488888888889,0.3919881305637982,0.4179646936656283
4383,0.6163736271367521,0.3994658753709199,0.4221183800623053
4384,0.6146068963675214,0.39614243323442133,0.42315680166147457
4385,0.6139923878205128,0.39887240356083087,0.42315680166147457
4386,0.6134415918803419,0.3944807121661721,0.4215991692627207
4387,0.6125683493589744,0.3895548961424332,0.4205607476635514
4388,0.6177018536324786,0.4195583519287834,0.4771910695742472
4389,0.6147174038461538,0.3907418397626113,0.4117341640706127
4390,0.6155472542735043,0.39299703264094954,0.4138110072689512
4391,0.6141048130341881,0.39881305637982195,0.42731048805815164
4392,0.612619797008547,0.3913353115727003,0.41952232606438217
4393,0.6106537713675214,0.3869436201780415,0.41744548286604366
4394,0.6136832745726496,0.3968545994065282,0.42575285565939774
4395,0.6164083867521368,0.40143620178041545,0.42990654205607476
4396,0.6163290491452992,0.4044629080118694,0.43416407061266876
4397,0.6140920245726496,0.39513353115727,0.4221183800623053
4398,0.6109135683760684,0.3862314540059347,0.4164070612668744
4399,0.6131497222222222,0.39264094955489615,0.4164070612668744
4400,0.6170814957264957,0.39940652818991096,0.4190031152647975
4401,0.618248514957265,0.4060320474777448,0.42969885773624095
4402,0.6151064957264958,0.40287240356083087,0.42886812045690553
4403,0.6185549626068376,0.37863501483679524,0.4080996884735203
4404,0.6202567788461538,0.3966765578635015,0.42627206645898236
4405,0.6112179166666667,0.3979228486646884,0.42627206645898236
4406,0.6024422756410257,0.3992878338278932,0.4347871235721703
4407,0.6121682799145299,0.39762611275964393,0.426791277258567
4408,0.6166888301282052,0.394540059347181,0.4205607476635514
4409,0.6117188942307692,0.39626112759643917,0.4252336448598131
4410,0.6086981463675214,0.40061127596439167,0.42419522326064385
4411,0.6178814583333333,0.39661721068249256,0.4215991692627207
4412,0.6243693536324786,0.3922848664688427,0.4205607476635514
4413,0.6171699412393162,0.39548961424332346,0.4215991692627207
4414,0.6145473985042735,0.396973293768546,0.42471443406022846
4415,0.6169396848290598,0.39548961424332346,0.42471443406022846
4416,0.6149870512820513,0.39519287833827893,0.4252336448598131
4417,0.6161500534188034,0.39566765578635016,0.4215991692627207
4418,0.5729993963675214,0.4298403353115727,0.44179646936656286
4419,0.6333269123931624,0.39026706231454006,0.4101765316718588
4420,0.6198924732905983,0.3913946587537092,0.41433021806853587
4421,0.6177237980769231,0.39347181008902077,0.4200415368639668
4422,0.6122712713675214,0.39602373887240355,0.42886812045690553
4423,0.6112102831196582,0.3966765578635015,0.42834890965732086
4424,0.6121951816239316,0.3972700296735905,0.42834890965732086
4425,0.6193554807692307,0.3947774480712166,0.4179646936656283
4426,0.612540795940171,0.396973293768546,0.426791277258567
4427,0.6111252136752137,0.3981008902077151,0.42834890965732086
4428,0.6216855395299146,0.3959050445103858,0.4101765316718588
4429,0.6107359294871795,0.4015192878338279,0.426791277258567
4430,0.6090156891025641,0.39845697329376856,0.4332294911734164
4431,0.6147854700854701,0.3935311572700297,0.42315680166147457
4432,0.6113633066239317,0.3970919881305638,0.42782969885773625
4433,0.6228338782051281,0.39359050445103855,0.4117341640706127
4434,0.6232192788461539,0.3915727002967359,0.4127725856697819
4435,0.7999114583333333,0.41742355667655784,0.37590861889927313
4436,0.6033559829059829,0.4010860534124629,0.426791277258567
4437,0.6071218536324786,0.39602373887240355,0.4252336448598131
4438,0.6158361271367522,0.39643916913946586,0.42471443406022846
4439,0.6126124946581197,0.3974480712166172,0.42419522326064385
4440,0.6159902831196581,0.3981008902077151,0.4215991692627207
4441,0.6176975854700855,0.398160237388724,0.4221183800623053
4442,0.6158087767094017,0.3978635014836795,0.4221183800623053
4443,0.6144749305555556,0.3964985163204748,0.42367601246105924
4444,0.6129788621794872,0.39525222551928785,0.4252336448598131
4445,0.613484610042735,0.39614243323442133,0.42575285565939774
4446,0.615052735042735,0.3972106824925816,0.42471443406022846
4447,0.6120324091880343,0.39566765578635016,0.42471443406022846
4448,0.6146290491452991,0.396973293768546,0.42367601246105924
4449,0.6139050267094017,0.3968545994065282,0.42367601246105924
4450,0.6804611111111111,0.37192878338278934,0.4373831775700935
4451,0.6294772435897436,0.3955489614243323,0.4138110072689512
4452,0.6026952083333333,0.39501483679525223,0.4353582554517134
4453,0.6152023344017095,0.39602373887240355,0.42315680166147457
4454,0.6107124786324787,0.3967359050445104,0.42263759086188996
4455,0.6131624893162393,0.3969139465875371,0.42367601246105924
4456,0.6105415705128205,0.39584569732937686,0.426791277258567
4457,0.6128719871794872,0.39560830860534124,0.42731048805815164
4458,0.6157351014957265,0.3965578635014837,0.42367601246105924
4459,0.612583547008547,0.39620178041543025,0.42367601246105924
4460,0.614957110042735,0.39643916913946586,0.42367601246105924
4461,0.6121629326923077,0.3966765578635015,0.42575285565939774
4462,0.6127257211538462,0.39798219584569733,0.42367601246105924
4463,0.6161840010683761,0.397566765578635,0.4215991692627207
4464,0.6143454807692308,0.3963204747774481,0.42419522326064385
4465,0.6189902617521368,0.39614243323442133,0.42419522326064385
4466,0.614565625,0.39513353115727,0.42627206645898236
4467,0.6097909668803418,0.3949554896142433,0.42782969885773625
4468,0.6169626976495727,0.39578635014836794,0.42471443406022846
4469,0.6212455715811966,0.39602373887240355,0.42315680166147457
4470,0.6185395886752136,0.3965578635014837,0.42419522326064385
4471,0.6114726388888889,0.3971513353115727,0.42367601246105924
4472,0.613362702991453,0.3821364985163205,0.39823468328141226
4473,0.6037865651709402,0.40648522255192876,0.4080996884735203
4474,0.6053149412393163,0.4063572700296736,0.43966770508826586
4475,0.6171774572649573,0.389080118694362,0.42627206645898236
4476,0.625715219017094,0.391513353115727,0.4086188992731049
4477,0.6293049358974359,0.40562017804154304,0.41744548286604366
4478,0.6250860950854701,0.4015727002967359,0.44039460020768434
4479,0.5927754166666667,0.4004747774480712,0.444392523364486
4480,0.6156275053418804,0.39281899109792284,0.45321910695742473
4481,0.5897501655982906,0.39893175074183973,0.42419522326064385
4482,0.6438342094017094,0.4057507418397626,0.3940809968847352
4483,0.5995016987179487,0.3918100890207715,0.42107995846313606
4484,0.5744241079059829,0.3705637982195846,0.4459501557632399
4485,0.5956237927350427,0.4169483347181009,0.42263759086188996
4486,0.6113468322649573,0.40770329086053414,0.42263759086188996
4487,0.6248058547008547,0.3722255192878338,0.4316199376947041
4488,0.6156385256410256,0.39044510385756676,0.42107995846313606
4489,0.6158328311965812,0.41537273887240356,0.4080996884735203
4490,0.6108707585470086,0.40059347181008903,0.42627206645898236
4491,0.5943123611111111,0.38783382789317505,0.4564901349948079
4492,0.6190738141025641,0.40683190166765576,0.43966770508826586
4493,0.663040032051282,0.40535905044510384,0.4055036344755971
4494,0.6357490598290598,0.388486646884273,0.4127725856697819
4495,0.6688831730769231,0.3913353115727003,0.4492211838006231
4496,0.7076344123931624,0.38225519287833826,0.39304257528556596
4497,0.560787297008547,0.3893175074183976,0.42782969885773625
4498,0.6081399145299146,0.4077104174480712,0.42886812045690553
4499,0.6986818482905983,0.3940652818991098,0.4179646936656283
4500,0.5237635683760684,0.40377448071216615,0.44958463136033233
4501,0.6742061645299146,0.39584569732937686,0.45062305295950156
4502,0.5607895245726495,0.39062314540059345,0.3862928348909658
4503,0.5536243055555555,0.39881305637982195,0.4018691588785047
4504,0.691379577991453,0.3916913946587537,0.4179646936656283
4505,0.6521673076923077,0.37827893175074184,0.4334371754932503
4506,0.5385360950854701,0.3965578635014837,0.43281412253374874
4507,0.5346069658119659,0.342433234421365,0.36137071651090347
4508,0.6228320085470086,0.39602373887240355,0.36448598130841126
4509,0.6723158012820513,0.4307964136498516,0.45529595015576324
4510,0.5388513782051282,0.4146396534124629,0.4717030114226376
4511,0.6331549145299146,0.390919881305638,0.4387331256490135
4512,0.6091066826923077,0.3808308605341246,0.39148494288681207
4513,0.6190796901709401,0.40400593471810087,0.4132917964693666
4514,0.4688547530982906,0.3341246290801187,0.39252336448598135
4515,0.6121378472222222,0.401727002967359,0.4138110072689512
4516,0.6981068429487179,0.4162225697329377,0.4363447559709242
4517,0.6338774198717949,0.3945994065281899,0.4215991692627207
4518,0.5342131944444445,0.39679525222551926,0.4431464174454829
4519,0.6301007104700855,0.3747774480712166,0.4179646936656283
4520,0.5793180982905983,0.394540059347181,0.3940809968847352
4521,0.602250170940171,0.3912759643916914,0.4812492197300104
4522,0.6016635950854701,0.3854005934718101,0.4065420560747664
4523,0.6853028472222222,0.3785756676557863,0.4127725856697819
4524,0.539752889957265,0.3919881305637982,0.40290758047767394
4525,0.6170954647435898,0.37863501483679524,0.39304257528556596
4526,0.733288311965812,0.3795845697329377,0.43603322949117346
4527,0.5366630608974359,0.37305637982195844,0.3515057113187955
4528,0.6168008226495727,0.40675121414836796,0.3899273104880582
4529,0.6545580876068375,0.40264688427299705,0.46401869158878506
4530,0.5865499786324786,0.39287833827893176,0.44714434060228453
4531,0.6166094551282051,0.3810089020771513,0.4200415368639668
4532,0.6323309935897437,0.4146659584569733,0.4080996884735203
4533,0.6786910790598291,0.4178546456973294,0.4106957424714434
4534,0.609402483974359,0.38765578635014836,0.4215991692627207
4535,0.6127099198717949,0.3887833827893175,0.43722741433021806
4536,0.6086161378205128,0.3826112759643917,0.40965732087227413
4537,0.6005940598290598,0.3807715133531157,0.42263759086188996
4538,0.6070442307692308,0.3826112759643917,0.42419522326064385
4539,0.620796047008547,0.395727002967359,0.416926272066459
4540,0.6203031997863249,0.4055608308605341,0.42731048805815164
4541,0.6127625213675214,0.393946587537092,0.4184839044652129
4542,0.6150265491452992,0.4014480712166172,0.42782969885773625
4543,0.6133795566239316,0.3963204747774481,0.4205607476635514
4544,0.6127008119658119,0.39246290801186945,0.416926272066459
4545,0.6180259668803418,0.4024154302670623,0.42627206645898236
4546,0.6190849893162393,0.4075768616617211,0.4298026998961579
4547,0.6173221474358974,0.40437388724035606,0.4221183800623053
4548,0.6122644711538462,0.39258160237388723,0.4153686396677051
4549,0.6119729006410257,0.3942433234421365,0.42731048805815164
4550,0.6132627938034189,0.39602373887240355,0.42471443406022846
4551,0.6137303846153846,0.39602373887240355,0.4132917964693666
4552,0.6568256036324787,0.4387354492581602,0.47832294911734163
4553,0.6160149946581197,0.4014540059347181,0.42782969885773625
4554,0.6165509935897436,0.40099109792284865,0.42782969885773625
4555,0.6175251976495726,0.4051216617210682,0.4337487019730011
4556,0.6140637126068376,0.3968545994065282,0.42367601246105924
4557,0.6144991292735043,0.3964985163204748,0.42367601246105924
4558,0.6158136431623932,0.39798219584569733,0.42471443406022846
4559,0.6123663568376069,0.39323442136498515,0.42315680166147457
4560,0.6088026816239316,0.3862314540059347,0.4179646936656283
4561,0.6128923183760684,0.3905044510385757,0.4200415368639668
4562,0.6172615331196581,0.4029080118694362,0.4291796469366563
4563,0.6169489423076924,0.4046706231454006,0.444392523364486
4564,0.613441842948718,0.3998813056379822,0.47476635514018695
4565,0.6140286538461539,0.40293175074183973,0.46105919003115264
4566,0.6192583386752137,0.4044985163204748,0.4101765316718588
4567,0.5287207371794872,0.5349382077151335,0.5903553271028037
4568,0.5999972435897436,0.3800593471810089,0.42367601246105924
4569,0.6197855395299146,0.39566765578635016,0.42107995846313606
4570,0.6010282532051282,0.4041186943620178,0.43909657320872275
4571,0.6097731410256411,0.3913946587537092,0.4349948078920042
4572,0.619577938034188,0.39080118694362015,0.4179646936656283
4573,0.6026048504273505,0.4051572700296736,0.43021806853582556
4574,0.6012920512820513,0.40324035608308606,0.4403426791277259
4575,0.6133958707264957,0.3964985163204748,0.426791277258567
4576,0.6122071100427351,0.397566765578635,0.42731048805815164
4577,0.6176293963675213,0.394540059347181,0.4221183800623053
4578,0.6176924893162393,0.3947181008902077,0.41952232606438217
4579,0.6141744658119659,0.39703264094955487,0.42315680166147457
4580,0.6188906196581196,0.39341246290801185,0.4205607476635514
4581,0.506943172008547,0.48056296735905046,0.5341744340602285
4582,0.649218327991453,0.4045281899109792,0.36812045690550366
4583,0.6403347756410256,0.3839762611275964,0.37279335410176534
4584,0.6291012553418803,0.37370919881305636,0.38161993769470404
4585,0.6327647542735043,0.3757863501483679,0.36137071651090347
4586,0.6218768963675214,0.39329376854599407,0.3920041536863967
4587,0.6139898771367521,0.3948961424332344,0.43546209761163035
4588,0.6142396794871795,0.39513353115727,0.43385254413291796
4589,0.6110900694444444,0.3947181008902077,0.4446521287642783
4590,0.599583327991453,0.40500890207715134,0.47139148494288685
4591,0.6074836752136752,0.4049495548961424,0.4402907580477674
4592,0.6176423717948718,0.39359050445103855,0.4138110072689512
4593,0.6121268536324787,0.39821958456973294,0.430269989615784
4594,0.6160974839743589,0.395727002967359,0.4132917964693666
4595,0.6165119658119658,0.3947181008902077,0.4164070612668744
4596,0.6154994391025641,0.3968545994065282,0.4122533748701973
4597,0.7210975106837607,0.5634674777448071,0.34787123572170303
4598,0.49436893482905986,0.3741839762611276,0.44434060228452754
4599,0.5878746047008547,0.36931750741839764,0.44563862928348913
4600,0.6142823985042736,0.34480712166172106,0.46214953271028036
4601,0.5608244337606838,0.35329376854599404,0.45529595015576324
4602,0.5687914957264957,0.38747774480712166,0.42990654205607476
4603,0.5906920566239316,0.3941246290801187,0.4221183800623053
4604,0.6199963888888889,0.4002373887240356,0.4215991692627207
4605,0.6101916933760684,0.39881305637982195,0.42471443406022846
4606,0.5922386004273504,0.3947181008902077,0.42419522326064385
4607,0.6040812927350427,0.39548961424332346,0.42263759086188996
4608,0.6082295299145299,0.3949554896142433,0.42471443406022846
4609,0.61663875,0.39608308605341247,0.42575285565939774
4610,0.6285975641025641,0.3972700296735905,0.42575285565939774
4611,0.6111459829059829,0.39566765578635016,0.42419522326064385
4612,0.6138927403846154,0.3944807121661721,0.42471443406022846
4613,0.7507905288461538,0.4324510652818991,0.39875389408099693
4614,0.6367469177350428,0.42904211988130564,0.40134994807892005
4615,0.5069985363247863,0.39679525222551926,0.42627206645898236
4616,0.6112796314102564,0.4011216617210682,0.42315680166147457
4617,0.5751044711538462,0.4250974421364985,0.4018691588785047
4618,0.6951798504273504,0.4060617210682492,0.3842159916926272
4619,0.5810799626068376,0.39020771513353114,0.4497403946002077
4620,0.6079227777777778,0.3976854599406528,0.42315680166147457
4621,0.620408141025641,0.39999999999999997,0.416926272066459
4622,0.6253890064102564,0.39762611275964393,0.42315680166147457
4623,0.646252061965812,0.3997626112759644,0.416926272066459
4624,0.6227095405982906,0.3971513353115727,0.4205607476635514
4625,0.5938814743589744,0.3938872403560831,0.42782969885773625
4626,0.5919385256410257,0.39543026706231454,0.42834890965732086
4627,0.5794488087606837,0.3921661721068249,0.43785046728971966
4628,0.5967788995726495,0.3917507418397626,0.4340083073727934
4629,0.6155258653846154,0.395727002967359,0.42471443406022846
4630,0.6126803151709401,0.39637982195845695,0.4252336448598131
4631,0.6228059775641026,0.39780415430267063,0.4205607476635514
4632,0.607818952991453,0.39637982195845695,0.40446521287642784
4633,0.6226047115384615,0.4195323643916914,0.4112149532710281
4634,0.615412313034188,0.3948961424332344,0.42731048805815164
4635,0.5801891025641026,0.3796439169139466,0.4221183800623053
4636,0.639718936965812,0.41403078041543023,0.44511941848390446
4637,0.6201010202991453,0.42956154421364984,0.4455347871235722
4638,0.6216210576923077,0.3943620178041543,0.4393042575285566
4639,0.5898315438034188,0.37293768545994066,0.42834890965732086
4640,0.6282236378205128,0.39875370919881303,0.39771547248182765
4641,0.6274044764957265,0.4110020032047478,0.4184839044652129
4642,0.6291840384615385,0.3821958456973294,0.43546209761163035
4643,0.6152440117521367,0.3947774480712166,0.4366043613707165
4644,0.5642392147435897,0.3655192878338279,0.42367601246105924
4645,0.6156674893162393,0.3716320474777448,0.4517133956386293
4646,0.6586003952991453,0.3995252225519288,0.430269989615784
4647,0.5750665277777778,0.4259966362017804,0.4101765316718588
4648,0.6245135042735043,0.38759643916913944,0.4205607476635514
4649,0.6134331410256411,0.39103857566765576,0.4314122533748702
4650,0.6503199626068377,0.3998813056379822,0.4252336448598131
4651,0.5875264743589743,0.4000593471810089,0.43644859813084114
4652,0.5893364102564103,0.3937685459940653,0.4297507788161994
4653,0.6578265384615385,0.3901483679525222,0.4127725856697819
4654,0.6239539316239316,0.39560830860534124,0.40446521287642784
4655,0.6636008066239316,0.38166172106824925,0.4190031152647975
4656,0.5177254321581197,0.4141901002967359,0.4106957424714434
4657,0.6050741506410257,0.4098750740652819,0.4398753894080997
4658,0.6369548076923077,0.38670623145400596,0.42834890965732086
4659,0.5535963675213675,0.40859086824925817,0.4101765316718588
4660,0.6450229487179487,0.38706231454005935,0.42834890965732086
4661,0.5698033974358975,0.4297138451038576,0.48332443156801663
4662,0.5840862553418803,0.4064899703264095,0.4055036344755971
4663,0.6600266880341881,0.39204747774480714,0.4080996884735203
4664,0.589788482905983,0.3807121661721068,0.4132917964693666
4665,0.6051524252136752,0.3969139465875371,0.4252336448598131
4666,0.6528513621794871,0.4014421364985163,0.4334371754932503
4667,0.5876253792735042,0.42902136439169136,0.4487538940809969
4668,0.6161301335470086,0.3993471810089021,0.397196261682243
4669,0.6712805662393162,0.38089020771513354,0.4462616822429907
4670,0.6275314316239317,0.397566765578635,0.42419522326064385
4671,0.5682403685897436,0.3968545994065282,0.40965732087227413
4672,0.6671579861111111,0.38718100890207713,0.44755970924195226
4673,0.5357745352564103,0.3510979228486647,0.4291796469366563
4674,0.5359012606837606,0.36670623145400594,0.4398753894080997
4675,0.6308791613247864,0.4081632532344214,0.4127725856697819
4676,0.6326240705128205,0.39869436201780417,0.39563862928348914
4677,0.6337236805555555,0.38528189910979227,0.4324506749740395
4678,0.5715760897435898,0.4027240356083086,0.44091381100726895
4679,0.609187061965812,0.40946466545994065,0.4127725856697819
4680,0.5682692628205128,0.3504451038575668,0.4442886812045691
4681,0.5204215972222223,0.366053412462908,0.38940809968847356
4682,0.6424799358974359,0.4161919465875371,0.42834890965732086
4683,0.6526944391025641,0.41456549198813053,0.4106957424714434
4684,0.5571719658119658,0.391513353115727,0.407061266874351
4685,0.636944983974359,0.362433234421365,0.46458982346832817
4686,0.6107924412393162,0.40060534124629077,0.4520249221183801
4687,0.4753375074786325,0.3720474777448071,0.4334890965732087
4688,0.6125888942307692,0.3837388724035608,0.45192107995846315
4689,0.6176336378205128,0.37032640949554896,0.40965732087227413
4690,0.5729193429487179,0.4169831056379822,0.40031152647975077
4691,0.6835229273504273,0.4056854599406528,0.4065420560747664
4692,0.5737591025641026,0.3897329376854599,0.4190031152647975
4693,0.5540278739316239,0.3807121661721068,0.4423156801661475
4694,0.6126808707264957,0.38172106824925817,0.4184839044652129
4695,0.6102987126068375,0.3918100890207715,0.42834890965732086
4696,0.6126596741452992,0.40079525222551926,0.4406022845275182
4697,0.6164048344017095,0.3913946587537092,0.397196261682243
4698,0.613680138888889,0.3913353115727003,0.40238836967808933
4699,0.6137990384615385,0.40041543026706233,0.4376427829698858
4700,0.6142408867521367,0.4007299703264095,0.43598130841121496
4701,0.6145742147435898,0.3977448071216617,0.42263759086188996
4702,0.6137287660256411,0.3978635014836795,0.42471443406022846
4703,0.6140333920940171,0.3972106824925816,0.426791277258567
4704,0.6144398878205128,0.3968545994065282,0.42627206645898236
4705,0.6131762179487179,0.39703264094955487,0.4252336448598131
4706,0.6150974572649572,0.3946587537091988,0.416926272066459
4707,0.6144530502136752,0.3938872403560831,0.41744548286604366
4708,0.6128770619658119,0.3946587537091988,0.4205607476635514
4709,0.6140047222222222,0.3967359050445104,0.42419522326064385
4710,0.6144014797008547,0.3972700296735905,0.42575285565939774
4711,0.6135533173076924,0.39560830860534124,0.42575285565939774
4712,0.6334142254273505,0.40219584569732936,0.44600207684319837
4713,0.6242648504273505,0.398160237388724,0.44013499480789203
4714,0.6425383493589744,0.3950741839762611,0.4805607476635514
4715,0.6270554914529914,0.3982789317507418,0.450778816199377
4716,0.6071719764957265,0.3943026706231454,0.4101765316718588
4717,0.609429967948718,0.39364985163204746,0.4148494288681205
4718,0.6158330021367522,0.3979228486646884,0.42782969885773625
4719,0.6165508226495726,0.39899109792284865,0.4304257528556594
4720,0.6156928258547009,0.39839762611275964,0.426791277258567
4721,0.6159101228632479,0.3974480712166172,0.426791277258567
4722,0.6150539636752137,0.4007181008902077,0.426791277258567
4723,0.6144894871794873,0.39958456973293766,0.42367601246105924
4724,0.6124484615384616,0.39246290801186945,0.4190031152647975
4725,0.6130070673076923,0.39335311572700293,0.42419522326064385
4726,0.6237957745726496,0.4097049411275964,0.4412772585669782
4727,0.582706688034188,0.42017033115727004,0.5223836744548287
4728,0.6107916987179487,0.3995252225519288,0.43447559709241956
4729,0.6126021688034188,0.39798219584569733,0.42367601246105924
4730,0.614271014957265,0.3969139465875371,0.41952232606438217
4731,0.6161829807692307,0.39584569732937686,0.4184839044652129
4732,0.6156815544871794,0.39560830860534124,0.42315680166147457
4733,0.6146042841880341,0.39608308605341247,0.42419522326064385
4734,0.6150266185897436,0.3967359050445104,0.42367601246105924
4735,0.6149899305555555,0.39614243323442133,0.42315680166147457
4736,0.6142357638888889,0.39578635014836794,0.42315680166147457
4737,0.6153030181623932,0.39608308605341247,0.42263759086188996
4738,0.6147396901709402,0.3963204747774481,0.42471443406022846
4739,0.6140622542735042,0.3964985163204748,0.42575285565939774
4740,0.6132774358974359,0.39637982195845695,0.42627206645898236
4741,0.6123269818376069,0.3964985163204748,0.42419522326064385
4742,0.6137547008547009,0.3969139465875371,0.42419522326064385
4743,0.6143282104700855,0.39643916913946586,0.4252336448598131
4744,0.6157259241452991,0.39347181008902077,0.426791277258567
4745,0.6002552510683761,0.39578635014836794,0.3660436137071651
4746,0.609815998931624,0.4027181008902077,0.4055036344755971
4747,0.6175656837606838,0.3950741839762611,0.4215991692627207
4748,0.6136631944444444,0.3973293768545994,0.42263759086188996
4749,0.6144785844017094,0.39643916913946586,0.42575285565939774
4750,0.6124222756410256,0.39620178041543025,0.4190031152647975
4751,0.6131186271367521,0.3982789317507418,0.42419522326064385
4752,0.615145389957265,0.39887240356083087,0.431723779854621
4753,0.6137897168803419,0.39857566765578634,0.42834890965732086
4754,0.6156238514957265,0.39982195845697327,0.4442367601246106
4755,0.6168659188034188,0.39780415430267063,0.4374870197300104
4756,0.6121815224358975,0.3966765578635015,0.4112149532710281
4757,0.611661672008547,0.39857566765578634,0.4132917964693666
4758,0.6152386217948718,0.3972106824925816,0.42782969885773625
4759,0.615411063034188,0.3953709198813056,0.43047767393561787
4760,0.613055,0.39608308605341247,0.42263759086188996
4761,0.6130178899572649,0.39637982195845695,0.4215991692627207
4762,0.6139405128205129,0.39643916913946586,0.42367601246105924
4763,0.6138559455128205,0.39626112759643917,0.42367601246105924
4764,0.6109226762820513,0.3935311572700297,0.4361370716510904
4765,0.6067258012820513,0.35578635014836796,0.46220145379023886
4766,0.6486438782051283,0.3858753709198813,0.4215991692627207
4767,0.5923616826923077,0.39608308605341247,0.42782969885773625
4768,0.6070799465811966,0.39020771513353114,0.4298546209761163
4769,0.607140202991453,0.3883679525222552,0.42782969885773625
4770,0.6109121314102565,0.3914540059347181,0.426791277258567
4771,0.6186705288461538,0.39560830860534124,0.426791277258567
4772,0.609969561965812,0.39543026706231454,0.42627206645898236
4773,0.6123886431623932,0.39329376854599407,0.42627206645898236
4774,0.6239034081196582,0.3941246290801187,0.42419522326064385
4775,0.6209084989316239,0.3963204747774481,0.42367601246105924
4776,0.6110931036324787,0.39614243323442133,0.42419522326064385
4777,0.6123317521367522,0.39560830860534124,0.42315680166147457
4778,0.6103181837606838,0.39543026706231454,0.4252336448598131
4779,0.6215534508547009,0.3971513353115727,0.42575285565939774
4780,0.6116281891025641,0.3859940652818991,0.4215991692627207
4781,0.6291030448717949,0.3893768545994065,0.4319833852544133
4782,0.6122385096153846,0.392106824925816,0.42834890965732086
4783,0.6185740972222222,0.3953709198813056,0.42367601246105924
4784,0.6156525587606838,0.3955489614243323,0.42627206645898236
4785,0.6046362606837608,0.39501483679525223,0.42782969885773625
4786,0.6209307852564103,0.39999999999999997,0.4190031152647975
4787,0.6052245833333334,0.39643916913946586,0.42471443406022846
4788,0.6050453579059829,0.3925222551928783,0.42886812045690553
4789,0.6124351816239316,0.39525222551928785,0.42471443406022846
4790,0.6115134508547009,0.3953115727002967,0.426791277258567
4791,0.6174802136752137,0.39566765578635016,0.42419522326064385
4792,0.6177270245726496,0.3959050445103858,0.42575285565939774
4793,0.6242030876068376,0.3971513353115727,0.42471443406022846
4794,0.6114015544871795,0.3955489614243323,0.42575285565939774
4795,0.6123394818376069,0.3953709198813056,0.4252336448598131
4796,0.6120116987179487,0.3966765578635015,0.42419522326064385
4797,0.6221215865384615,0.39875370919881303,0.4221183800623053
4798,0.5358188782051282,0.3851038575667656,0.3883696780893043
4799,0.5812625213675213,0.3935311572700297,0.4442886812045691
4800,0.6446888568376068,0.3959050445103858,0.4384735202492212
4801,0.6448725427350428,0.3817804154302671,0.397196261682243
4802,0.5919846901709402,0.37988130563798217,0.3811007268951194
4803,0.5875642307692308,0.3864094955489614,0.4316199376947041
4804,0.6107688835470085,0.4067321579050445,0.4557632398753894
4805,0.6125478151709403,0.41026150391691396,0.4465732087227414
4806,0.627438376068376,0.40104451038575667,0.44008307372793354
4807,0.6307793215811965,0.39287833827893176,0.42263759086188996
4808,0.6009136111111111,0.3891988130563798,0.41433021806853587
4809,0.5997325213675214,0.4065447572278932,0.44195223260643823
4810,0.6029855876068376,0.40965335008902076,0.43831775700934583
4811,0.625906842948718,0.3997626112759644,0.40134994807892005
4812,0.6685195886752137,0.3965578635014837,0.416926272066459
4813,0.5706124358974359,0.39703264094955487,0.37175493250259606
4814,0.5661964476495727,0.39317507418397624,0.4215991692627207
4815,0.6088333814102564,0.40076557863501483,0.431048805815161
4816,0.6685477403846154,0.41063623827893175,0.4413811007268951
4817,0.663182077991453,0.40722826023738873,0.4122533748701973
4818,0.6061576549145299,0.40511572700296733,0.38785046728971967
4819,0.6090778632478633,0.39899109792284865,0.4321391484942887
4820,0.5909148344017094,0.3837388724035608,0.45301142263759087
4821,0.5622986645299145,0.39382789317507416,0.4510384215991693
4822,0.6390264209401709,0.4078671409495549,0.4363447559709242
4823,0.6587143589743589,0.38344213649851633,0.39667705088265837
4824,0.5848828044871794,0.3757863501483679,0.39771547248182765
4825,0.5720355288461538,0.4082713259940653,0.4205607476635514
4826,0.6253821047008548,0.40675695050445104,0.4215991692627207
4827,0.629192248931624,0.3912759643916914,0.36863966770508827
4828,0.6127508814102565,0.41126245922848664,0.4505192107995846
4829,0.670530625,0.38712166172106827,0.4101765316718588
4830,0.6375278098290598,0.3991097922848665,0.43961578400830736
4831,0.6226999946581196,0.3687833827893175,0.3862928348909658
4832,0.5734338835470085,0.37566765578635014,0.40342679127725856
4833,0.597653733974359,0.44367024510385755,0.47712357217030116
4834,0.662248579059829,0.39335311572700293,0.4404465212876428
4835,0.6105208707264957,0.3572700296735905,0.4018691588785047
4836,0.5994933012820512,0.4165628504451038,0.42367601246105924
4837,0.560965389957265,0.362433234421365,0.328141225337487
4838,0.6314210630341881,0.38967359050445105,0.37850467289719625
4839,0.6301081143162394,0.39382789317507416,0.407061266874351
4840,0.6057335523504274,0.38160237388724033,0.4127725856697819
4841,0.6109234241452992,0.39893175074183973,0.39979231568016615
4842,0.5630653632478633,0.38664688427299704,0.3899273104880582
4843,0.5989584935897436,0.3724035608308605,0.37331256490134995
4844,0.6340143536324786,0.40377448071216615,0.41433021806853587
4845,0.6026376816239316,0.4451062635014837,0.4502076843198339
4846,0.7018686217948717,0.3803560830860534,0.41744548286604366
4847,0.5784769284188034,0.41745310385756673,0.42315680166147457
4848,0.5686855876068376,0.41983226350148367,0.4252336448598131
4849,0.5916891666666667,0.3947181008902077,0.4215991692627207
4850,0.6103604006410257,0.4067487609970326,0.44563862928348913
4851,0.6706790117521367,0.3893768545994065,0.42263759086188996
4852,0.5710757211538462,0.38545994065281897,0.41433021806853587
4853,0.5528253205128205,0.41857386824925813,0.4332294911734164
4854,0.6346765224358974,0.4014718100890208,0.42471443406022846
4855,0.5793631036324787,0.34362017804154305,0.4018691588785047
4856,0.629737045940171,0.3947181008902077,0.44179646936656286
4857,0.5958678685897436,0.4004747774480712,0.4184839044652129
4858,0.5758599519230769,0.37091988130563797,0.40134994807892005
4859,0.6014190064102565,0.39893175074183973,0.446521287642783
4860,0.6505241132478632,0.39204747774480714,0.4179646936656283
4861,0.6240420993589744,0.38925816023738874,0.3935617860851506
4862,0.580482702991453,0.41021823008902075,0.4075804776739356
4863,0.5933231730769231,0.41052730296735906,0.4604361370716511
4864,0.6423958974358974,0.4113688831454006,0.42731048805815164
4865,0.6740932158119658,0.4004747774480712,0.4112149532710281
4866,0.571194577991453,0.3807121661721068,0.39460020768431986
4867,0.5264690224358974,0.42670611572700295,0.43982346832814123
4868,0.609658733974359,0.4152825697329377,0.4428348909657321
4869,0.6451846901709402,0.3743026706231454,0.4190031152647975
4870,0.6443449465811966,0.3833234421364985,0.4551921079958463
4871,0.6587585416666667,0.4007359050445104,0.416926272066459
4872,0.5907813942307693,0.33887240356083087,0.4321391484942887
4873,0.6837629006410256,0.3913946587537092,0.4523883696780893
4874,0.5966976442307692,0.3748367952522255,0.4127725856697819
4875,0.5992062286324786,0.37275964391691396,0.4127725856697819
4876,0.6424723717948718,0.41101547044510384,0.4489096573208723
4877,0.6361663354700855,0.39940652818991096,0.4164070612668744
4878,0.5915971100427351,0.3753709198813056,0.38785046728971967
4879,0.590447045940171,0.39080118694362015,0.43120456905503635
4880,0.5953586324786325,0.3819584569732938,0.3561786085150571
4881,0.5931236378205128,0.38433234421364987,0.35358255451713394
4882,0.6023509134615385,0.39329376854599407,0.39771547248182765
4883,0.6125769444444444,0.3947181008902077,0.4221183800623053
4884,0.6135342895299145,0.3950741839762611,0.4221183800623053
4885,0.6131885096153846,0.3950741839762611,0.42419522326064385
4886,0.6130027136752136,0.3959050445103858,0.4221183800623053
4887,0.615146672008547,0.39703264094955487,0.42315680166147457
4888,0.6236567895299145,0.40196439169139464,0.44885773624091385
4889,0.6213955341880342,0.4022848664688427,0.44356178608515057
4890,0.6103747916666666,0.39560830860534124,0.41433021806853587
4891,0.6093326762820512,0.39246290801186945,0.4148494288681205
4892,0.6109126282051283,0.3927596439169139,0.4158878504672897
4893,0.6129263675213675,0.3955489614243323,0.42263759086188996
4894,0.6107793322649573,0.39620178041543025,0.4179646936656283
4895,0.6118931356837607,0.3943026706231454,0.4179646936656283
4896,0.6190816292735043,0.39620178041543025,0.43629283489096576
4897,0.6039129006410257,0.3911572700296736,0.4106957424714434
4898,0.5927502991452991,0.3889020771513353,0.39979231568016615
4899,0.6266992681623932,0.3975074183976261,0.4403426791277259
4900,0.6163081623931624,0.395727002967359,0.42731048805815164
4901,0.6090618108974359,0.39501483679525223,0.4179646936656283
4902,0.6193712713675213,0.39857566765578634,0.4316199376947041
4903,0.6288449732905983,0.3994658753709199,0.44273104880581515
4904,0.6281491773504273,0.4013056379821958,0.4432502596053998
4905,0.6220388888888889,0.4024213649851632,0.4355659397715473
4906,0.608725827991453,0.39525222551928785,0.416926272066459
4907,0.601252735042735,0.391513353115727,0.4080996884735203
4908,0.6047979166666667,0.3925222551928783,0.4138110072689512
4909,0.6139973717948718,0.39548961424332346,0.42419522326064385
4910,0.6067396153846154,0.39258160237388723,0.4138110072689512
4911,0.607546282051282,0.39299703264094954,0.416926272066459
4912,0.6238933173076924,0.4029139465875371,0.4348390446521288
4913,0.6177797168803418,0.40274777448071214,0.4252336448598131
4914,0.6145823664529915,0.39887240356083087,0.42627206645898236
4915,0.5452583386752137,0.44878745697329375,0.5513406438213915
4916,0.6130297756410257,0.398160237388724,0.41952232606438217
4917,0.616405389957265,0.39637982195845695,0.42107995846313606
4918,0.6131880769230769,0.3965578635014837,0.42315680166147457
4919,0.6149609241452991,0.39614243323442133,0.4221183800623053
4920,0.613113952991453,0.3968545994065282,0.42471443406022846
4921,0.6136682692307692,0.3973887240356083,0.426791277258567
4922,0.6127824358974359,0.3977448071216617,0.42731048805815164
4923,0.6134905341880342,0.39703264094955487,0.42627206645898236
4924,0.6146725267094018,0.3964985163204748,0.42367601246105924
4925,0.61337109508547,0.39608308605341247,0.42471443406022846
4926,0.6119219764957265,0.3973293768545994,0.4292834890965732
4927,0.611888766025641,0.3977448071216617,0.42782969885773625
4928,0.6163682478632478,0.3937091988130564,0.4221183800623053
4929,0.5825723717948718,0.42368397388724033,0.36500519210799587
4930,0.6062223878205129,0.41342784391691395,0.44460020768431985
4931,0.6221296260683761,0.39614243323442133,0.43779854620976116
4932,0.611679577991453,0.4031513353115727,0.4292834890965732
4933,0.6136173878205129,0.40401780415430266,0.44543094496365526
4934,0.6150661324786325,0.39899109792284865,0.42834890965732086
4935,0.6148494604700855,0.39922848664688426,0.42995846313603325
4936,0.6144860523504274,0.39703264094955487,0.42315680166147457
4937,0.6145716613247864,0.392106824925816,0.42107995846313606
4938,0.6168230074786325,0.33887240356083087,0.40342679127725856
4939,0.6106042628205128,0.3490207715133531,0.3805815160955348
4940,0.6001438995726496,0.4729841721068249,0.545696199376947
4941,0.6203749358974359,0.4334915756676558,0.4664589823468328
4942,0.6277485416666667,0.3655786350148368,0.32969885773624097
4943,0.610975592948718,0.4040890207715133,0.4158878504672897
4944,0.6120139583333333,0.40260534124629077,0.4200415368639668
4945,0.5092802371794872,0.3791691394658754,0.45373831775700935
4946,0.6279093482905983,0.3889614243323442,0.42575285565939774
4947,0.609209967948718,0.3910979228486647,0.42995846313603325
4948,0.598086233974359,0.3914540059347181,0.429595015576324
4949,0.6074517521367522,0.3917507418397626,0.4291796469366563
4950,0.6233198504273505,0.3941246290801187,0.42627206645898236
4951,0.625619155982906,0.39578635014836794,0.42367601246105924
4952,0.6167584134615385,0.3942433234421365,0.42575285565939774
4953,0.625252922008547,0.39513353115727,0.42627206645898236
4954,0.6234527938034188,0.39578635014836794,0.42471443406022846
4955,0.6245994123931624,0.39839762611275964,0.42263759086188996
4956,0.6203639102564102,0.39798219584569733,0.42263759086188996
4957,0.6016190811965813,0.3947774480712166,0.42575285565939774
4958,0.6011935363247863,0.3955489614243323,0.426791277258567
4959,0.6073147970085471,0.39566765578635016,0.42575285565939774
4960,0.6070428739316239,0.39643916913946586,0.42471443406022846
4961,0.6117424732905983,0.39525222551928785,0.42471443406022846
4962,0.6243455876068376,0.3941839762611276,0.42471443406022846
4963,0.607820422008547,0.39643916913946586,0.42575285565939774
4964,0.616862516025641,0.3979228486646884,0.42315680166147457
4965,0.6148974198717949,0.3964985163204748,0.42419522326064385
4966,0.622785422008547,0.39560830860534124,0.42627206645898236
4967,0.6262319444444444,0.396973293768546,0.42315680166147457
4968,0.4872852355769231,0.38189910979228486,0.44382139148494293
4969,0.6503756891025642,0.3907418397626113,0.42471443406022846
4970,0.6088692521367521,0.38961424332344213,0.4316718587746625
4971,0.6161915758547009,0.3925222551928783,0.42731048805815164
4972,0.6189052617521368,0.3929376854599406,0.42627206645898236
4973,0.6182845192307692,0.39281899109792284,0.4252336448598131
4974,0.6219528846153846,0.395727002967359,0.42471443406022846
4975,0.6266837232905983,0.3976854599406528,0.42315680166147457
4976,0.6150018482905983,0.395727002967359,0.4252336448598131
4977,0.6142196581196582,0.39762611275964393,0.42367601246105924
4978,0.6134977831196582,0.39703264094955487,0.42367601246105924
4979,0.6110622061965812,0.3965578635014837,0.42627206645898236
4980,0.6072999572649573,0.3955489614243323,0.4252336448598131
4981,0.6043736858974359,0.39483679525222554,0.4252336448598131
4982,0.6097734455128205,0.3950741839762611,0.4252336448598131
4983,0.6231806837606838,0.3943026706231454,0.42471443406022846
4984,0.594245202991453,0.37252225519287835,0.37279335410176534
4985,0.5948657318376068,0.3919287833827893,0.4184839044652129
4986,0.5787510576923077,0.3881305637982196,0.4298546209761163
4987,0.5953115811965812,0.3938872403560831,0.4356697819314642
4988,0.5902233066239316,0.40678477674183977,0.46656282450674974
4989,0.6483052136752137,0.4064142433234421,0.4463136033229491
4990,0.6824510897435898,0.38718100890207713,0.4205607476635514
4991,0.6116994764957265,0.38563798219584566,0.4293354101765317
4992,0.5923823450854702,0.3938872403560831,0.41744548286604366
4993,0.6037615170940172,0.3810089020771513,0.40134994807892005
4994,0.6059439316239317,0.3997626112759644,0.426791277258567
4995,0.5956922863247863,0.41963696735905043,0.4534267912772586
4996,0.6134994497863248,0.4077879646290801,0.43515057113187955
4997,0.6303074946581196,0.39566765578635016,0.4112149532710281
4998,0.6108352777777778,0.38747774480712166,0.4117341640706127
4999,0.5886706784188034,0.3768545994065282,0.41433021806853587
5000,0.6626809882478633,0.3925222551928783,0.44195223260643823
5001,0.6350630608974359,0.3797626112759644,0.4039460020768432
5002,0.5696370566239316,0.4012581602373887,0.4435098650051921
5003,0.5707839209401709,0.41636275074183976,0.4474039460020769
5004,0.6204678472222223,0.4065653435851632,0.416926272066459
5005,0.6337670566239316,0.39008902077151336,0.42419522326064385
5006,0.6233341132478633,0.39845697329376856,0.431048805815161
5007,0.6457269177350428,0.41277611275964393,0.450778816199377
5008,0.6364925267094017,0.4048545994065282,0.44755970924195226
5009,0.6077358333333334,0.3821364985163205,0.40083073727933544
5010,0.603154594017094,0.3893768545994065,0.40342679127725856
5011,0.6097836111111111,0.3886646884272997,0.39615784008307375
5012,0.6173386217948718,0.38563798219584566,0.39304257528556596
5013,0.6218756303418803,0.41207023139465876,0.5065328826583593
5014,0.6013207585470086,0.3833827893175074,0.4565420560747664
5015,0.6163265491452992,0.4063614243323442,0.3608515057113188
5016,0.6056758386752137,0.39804154302670625,0.39875389408099693
5017,0.6253259027777778,0.3919881305637982,0.46427829698857737
5018,0.6095281196581197,0.41020190011869434,0.46526479750778815
5019,0.6251387446581197,0.3805341246290801,0.42315680166147457
5020,0.6314619284188034,0.3835014836795252,0.40031152647975077
5021,0.598303952991453,0.3945994065281899,0.44771547248182764
5022,0.7318636645299146,0.3864094955489614,0.42471443406022846
5023,0.7059648023504274,0.3911572700296736,0.433177570093458
5024,0.5028440662393162,0.4021721068249258,0.39667705088265837
5025,0.5733956356837607,0.393946587537092,0.39148494288681207
5026,0.6552815010683761,0.4087542097329377,0.44460020768431985
5027,0.6183813408119658,0.4087971465281899,0.4338006230529595
5028,0.6073035256410256,0.38189910979228486,0.4293354101765317
5029,0.6364441773504274,0.37264094955489613,0.46277258566978197
5030,0.6894711485042735,0.396973293768546,0.40602284527518173
5031,0.7037912286324787,0.3835608308605341,0.4691069574247145
5032,0.5862597489316239,0.41211055584569734,0.4039460020768432
5033,0.5479980876068377,0.42622629317507416,0.4536344755970924
5034,0.5913252884615385,0.3828486646884273,0.4584631360332295
5035,0.6545201014957265,0.39359050445103855,0.4341121495327103
5036,0.6414224305555556,0.39804154302670625,0.39979231568016615
5037,0.640595422008547,0.38605341246290803,0.39771547248182765
5038,0.6368202777777778,0.3943620178041543,0.4501557632398754
5039,0.6250118429487179,0.3826112759643917,0.44963655244029077
5040,0.4645405982905983,0.3364985163204748,0.39667705088265837
5041,0.6337249038461539,0.3919287833827893,0.4829483323468328
5042,0.6480781196581197,0.3741839762611276,0.4080996884735203
5043,0.5305082158119658,0.3560237388724036,0.34994807892004154
5044,0.6110329807692307,0.3759643916913947,0.4117341640706127
5045,0.6496361111111111,0.4110458283086053,0.4518172377985462
5046,0.6029981944444445,0.4531483762611276,0.4252336448598131
5047,0.5627945138888889,0.4160156694362018,0.39460020768431986
5048,0.561637938034188,0.3311572700296736,0.3224299065420561
5049,0.5791283173076923,0.3708011869436202,0.3904465212876428
5050,0.5941443215811966,0.3905044510385757,0.42471443406022846
5051,0.5709457585470086,0.3912759643916914,0.43520249221183804
5052,0.5825284561965812,0.4018872403560831,0.4321391484942887
5053,0.6427544284188034,0.38943620178041544,0.42471443406022846
5054,0.5995276816239317,0.40631691394658753,0.44330218068535826
5055,0.5962184241452991,0.4214041471810089,0.44979231568016614
5056,0.6264149465811966,0.3748367952522255,0.4132917964693666
5057,0.4998319903846154,0.3359050445103858,0.3821391484942887
5058,0.5360722542735042,0.38462908011869434,0.4138110072689512
5059,0.6188629326923077,0.36112759643916914,0.4565420560747664
5060,0.6101829807692307,0.37833827893175076,0.4341121495327103
5061,0.5753380021367521,0.3979228486646884,0.42107995846313606
5062,0.6538417841880342,0.37264094955489613,0.4560228452751817
5063,0.6420970673076923,0.39044510385756676,0.4148494288681205
5064,0.589132889957265,0.4278167507418398,0.4190031152647975
5065,0.5789464102564102,0.4228021489614243,0.42912772585669784
5066,0.6286631997863248,0.394540059347181,0.4252336448598131
5067,0.6199121474358974,0.39543026706231454,0.4205607476635514
5068,0.6122670085470086,0.39703264094955487,0.4221183800623053
5069,0.6135218162393162,0.3974480712166172,0.426791277258567
5070,0.6141647756410257,0.3966765578635015,0.42834890965732086
5071,0.6111588087606837,0.3978635014836795,0.42990654205607476
5072,0.6117026602564103,0.39893175074183973,0.43203530633437176
5073,0.6133391933760683,0.40203560830860535,0.4306334371754933
5074,0.6115933867521368,0.4019109792284866,0.42892004153686397
5075,0.6151992200854701,0.390326409495549,0.4190031152647975
5076,0.6200096314102564,0.38605341246290803,0.4086188992731049
5077,0.6184388194444445,0.3937091988130564,0.41744548286604366
5078,0.6133708066239316,0.39958456973293766,0.42897196261682247
5079,0.610425202991453,0.401080118694362,0.4316718587746625
5080,0.6122960202991453,0.39513353115727,0.42575285565939774
5081,0.6141002083333333,0.38991097922848666,0.4215991692627207
5082,0.6145150908119659,0.39566765578635016,0.42419522326064385
5083,0.6139834134615385,0.4003560830860534,0.42731048805815164
5084,0.615208125,0.39643916913946586,0.42263759086188996
5085,0.6169162553418803,0.3959050445103858,0.4215991692627207
5086,0.6099666773504273,0.42037254896142434,0.45612668743509865
5087,0.6132151816239316,0.38682492581602373,0.4205607476635514
5088,0.6185986164529915,0.3963204747774481,0.416926272066459
5089,0.6186651709401709,0.39762611275964393,0.4190031152647975
5090,0.615233295940171,0.39643916913946586,0.42315680166147457
5091,0.6129832532051283,0.3975074183976261,0.42627206645898236
5092,0.6117921634615384,0.39525222551928785,0.42886812045690553
5093,0.6129221420940171,0.3944807121661721,0.42575285565939774
5094,0.6138882585470086,0.39845697329376856,0.42471443406022846
5095,0.6127021153846154,0.39922848664688426,0.42731048805815164
5096,0.6135316452991453,0.396973293768546,0.42627206645898236
5097,0.6162821153846154,0.39643916913946586,0.4200415368639668
5098,0.6155060683760684,0.3949554896142433,0.4215991692627207
5099,0.6144671474358975,0.3946587537091988,0.42575285565939774
5100,0.6158961431623932,0.3977448071216617,0.42263759086188996
5101,0.6153825534188034,0.3938872403560831,0.4205607476635514
5102,0.614591655982906,0.39317507418397624,0.42315680166147457
5103,0.5869721367521368,0.41273215727002965,0.39667705088265837
5104,0.6227627083333334,0.3862314540059347,0.42107995846313606
5105,0.6146735844017094,0.39893175074183973,0.42471443406022846
5106,0.6152797168803419,0.39584569732937686,0.42107995846313606
5107,0.613354155982906,0.3965578635014837,0.42627206645898236
5108,0.6171406517094017,0.39543026706231454,0.42471443406022846
5109,0.6163667895299145,0.3946587537091988,0.42107995846313606
5110,0.6152830982905984,0.39596439169139463,0.42471443406022846
5111,0.6182968696581197,0.39661721068249256,0.42315680166147457
5112,0.6151215544871795,0.3959050445103858,0.42315680166147457
5113,0.614294407051282,0.395727002967359,0.42367601246105924
5114,0.6140621581196581,0.39614243323442133,0.4252336448598131
5115,0.6158336858974359,0.39578635014836794,0.42419522326064385
5116,0.6153778525641025,0.395727002967359,0.42315680166147457
5117,0.6142562980769231,0.395727002967359,0.4252336448598131
5118,0.6153788514957265,0.3963204747774481,0.42471443406022846
5119,0.6647661645299145,0.3973887240356083,0.34371754932502596
5120,0.6001920886752137,0.4053887240356083,0.43982346832814123
5121,0.6116458173076923,0.3974480712166172,0.42627206645898236
5122,0.6140211752136753,0.3982789317507418,0.42107995846313606
5123,0.6133337820512821,0.39857566765578634,0.42367601246105924
5124,0.6099814476495726,0.3993471810089021,0.4303219106957425
5125,0.6092112446581197,0.39863501483679525,0.4306334371754933
5126,0.6159715705128205,0.39596439169139463,0.4190031152647975
5127,0.6171467841880341,0.3953709198813056,0.4205607476635514
5128,0.6140933333333334,0.3953709198813056,0.42367601246105924
5129,0.6147702083333333,0.39614243323442133,0.4221183800623053
5130,0.6147829700854701,0.39780415430267063,0.42471443406022846
5131,0.6129548878205129,0.3972106824925816,0.42575285565939774
5132,0.6132504220085471,0.3963204747774481,0.42471443406022846
5133,0.6136909188034188,0.3969139465875371,0.42419522326064385
5134,0.6150441292735043,0.3973887240356083,0.42315680166147457
5135,0.6172338514957265,0.3950741839762611,0.4190031152647975
5136,0.6151914743589744,0.39548961424332346,0.42367601246105924
5137,0.1965811965811966,0.054005934718100945,0.6182784787123572
5138,0.3653846153846154,,0.5398204153686397
5139,0.7349415811965812,0.0836795252225519,0.3271028037383178
5140,0.6280814049145299,0.42122701483679525,0.42315680166147457
5141,0.5561632478632479,0.790354237388724,0.5156954475597093
5142,0.8037537767094016,1.0,0.2502596053997923
5143,1.0,0.724522178041543,0.08722741433021808
5144,0.8358766185897436,0.44498044391691394,0.2165109034267913
5145,0.6595822329059828,0.4191715002967359,0.23416407061266878
5146,0.7266389797008548,0.4032878338278932,0.18224299065420568
5147,0.6028513408119658,0.3887833827893175,0.43442367601246107
5148,0.24572649572649574,0.29851632047477744,0.9224920093457945
5149,0.2168803418803419,0.03976261127596442,0.9734138058151609
5150,0.4815102403846154,0.0,0.6348565835929387
5151,0.5991378952991453,0.2545994065281899,0.42731048805815164
5152,0.6052446794871795,0.46259164510385753,0.4190031152647975
5153,0.7063180074786325,0.6731360474777448,0.3530633437175493
5154,0.82920202991453,0.7593549080118693,0.1827622014537903
5155,0.5526244391025641,0.37863501483679524,0.5281692056074767
5156,0.6628607371794872,0.3905044510385757,0.426791277258567
5157,0.6042585737179487,0.39661721068249256,0.4306334371754933
5158,0.6117929006410256,0.3972106824925816,0.4252336448598131
5159,0.6110677564102565,0.39626112759643917,0.42419522326064385
5160,0.6124718536324787,0.3950741839762611,0.42782969885773625
5161,0.6158858119658119,0.39543026706231454,0.42834890965732086
5162,0.6096818536324786,0.39584569732937686,0.42834890965732086
5163,0.6100052350427351,0.39584569732937686,0.426791277258567
5164,0.6107321581196581,0.39578635014836794,0.42575285565939774
5165,0.6114764797008547,0.39584569732937686,0.426791277258567
5166,0.6101092841880342,0.39560830860534124,0.42782969885773625
5167,0.6157870726495727,0.395727002967359,0.42575285565939774
5168,0.6187292040598291,0.3967359050445104,0.42367601246105924
5169,0.6183807478632479,0.39626112759643917,0.42263759086188996
5170,0.6280718856837607,0.3943620178041543,0.3790238836967809
5171,0.6354174572649572,0.3922848664688427,0.4138110072689512
5172,0.6333405021367522,0.3925222551928783,0.4065420560747664
5173,0.5865589209401709,0.39519287833827893,0.43276220145379024
5174,0.590552077991453,0.4010682492581602,0.43655244029075807
5175,0.5869643055555556,0.3947774480712166,0.42627206645898236
5176,0.5945121260683761,0.39893175074183973,0.42731048805815164
5177,0.6203699465811966,0.3941246290801187,0.4200415368639668
5178,0.6332065277777778,0.3886646884272997,0.4252336448598131
5179,0.6273819230769231,0.4054658753709199,0.4252336448598131
5180,0.6387406623931624,0.39922848664688426,0.4184839044652129
5181,0.6313721047008547,0.3890207715133531,0.42263759086188996
5182,0.6098532905982906,0.39323442136498515,0.42575285565939774
5183,0.6167300106837608,0.39566765578635016,0.4215991692627207
5184,0.6222266826923077,0.388486646884273,0.4200415368639668
5185,0.6166752938034188,0.38688427299703265,0.4184839044652129
5186,0.6038269070512821,0.4075249809495549,0.43281412253374874
5187,0.5892231356837607,0.3955489614243323,0.43644859813084114
5188,0.604608092948718,0.39341246290801185,0.39771547248182765
5189,0.6465486111111112,0.3972106824925816,0.33229491173416414
5190,0.6169031570512821,0.3947774480712166,0.43457943925233644
5191,0.6147951602564103,0.3885459940652819,0.43094496365524404
5192,0.6179942361111112,0.40258160237388724,0.42107995846313606
5193,0.6146988728632479,0.40791414427299705,0.4252336448598131
5194,0.6069501495726496,0.4029258160237389,0.43457943925233644
5195,0.6190130448717949,0.4004747774480712,0.4338006230529595
5196,0.6295114316239316,0.3946587537091988,0.4329179646936656
5197,0.6156329166666666,0.39364985163204746,0.4340083073727934
5198,0.6219114957264957,0.390919881305638,0.42834890965732086
5199,0.6308778044871794,0.3948961424332344,0.42367601246105924
5200,0.617390860042735,0.40366172106824927,0.4190031152647975
5201,0.5947404967948718,0.3849851632047478,0.42627206645898236
5202,0.6141609241452992,0.374540059347181,0.4295430944963655
5203,0.6272408547008547,0.38522255192878335,0.4122533748701973
5204,0.6094185576923077,0.4036261127596439,0.41952232606438217
5205,0.6001934081196582,0.4185532433234421,0.43250259605399793
5206,0.6051888087606838,0.42270775074183975,0.42897196261682247
5207,0.5876375747863248,0.3964985163204748,0.397196261682243
5208,0.610729391025641,0.39566765578635016,0.4221183800623053
5209,0.6356965651709402,0.37525222551928783,0.42834890965732086
5210,0.6703331089743589,0.3841543026706231,0.4350467289719626
5211,0.5874172970085471,0.4061857566765579,0.42471443406022846
5212,0.5856210683760684,0.39525222551928785,0.44273104880581515
5213,0.6810657211538461,0.38326409495548963,0.4483385254413292
5214,0.6610559081196581,0.39893175074183973,0.3904465212876428
5215,0.6339445886752136,0.4019050445103857,0.4644340602284528
5216,0.6318065224358974,0.3837388724035608,0.39875389408099693
5217,0.6518008707264957,0.3853412462908012,0.4190031152647975
5218,0.6615312980769231,0.39270029673590506,0.4215991692627207
5219,0.623285186965812,0.4061127596439169,0.4158878504672897
5220,0.5694449038461539,0.426522649851632,0.4132917964693666
5221,0.5693279967948718,0.409072737388724,0.4065420560747664
5222,0.6448766132478633,0.38225519287833826,0.4138110072689512
5223,0.6507690384615384,0.38451038575667656,0.42834890965732086
5224,0.5700744925213675,0.3754302670623145,0.4614226375908619
5225,0.6367569925213675,0.38712166172106827,0.48215295482866044
5226,0.6202899572649573,0.3773293768545994,0.4158878504672897
5227,0.5761160042735043,0.38172106824925817,0.42886812045690553
5228,0.5484586485042735,0.3664688427299703,0.4252336448598131
5229,0.6249032905982906,0.3801780415430267,0.4179646936656283
5230,0.6964836965811966,0.42578969198813055,0.40446521287642784
5231,0.6278146420940172,0.4148650985163205,0.39875389408099693
5232,0.6085107692307692,0.4040830860534125,0.43546209761163035
5233,0.5898586752136752,0.39548961424332346,0.4496884735202492
5234,0.530700844017094,0.37863501483679524,0.42315680166147457
5235,0.6714180502136752,0.3967359050445104,0.4018691588785047
5236,0.6248108867521367,0.37228486646884273,0.3001038421599169
5237,0.6691959188034188,0.3632047477744807,0.3826583592938733
5238,0.618570827991453,0.4001780415430267,0.4308411214953271
5239,0.5632845085470086,0.37566765578635014,0.4628245067497404
5240,0.611561063034188,0.3887833827893175,0.45244029075804776
5241,0.6226893108974358,0.41771442611275966,0.3920041536863967
5242,0.6403608760683761,0.407006120652819,0.39927310488058154
5243,0.6019829006410257,0.383620178041543,0.46261682242990654
5244,0.5909202831196582,0.3712759643916914,0.45145379023883697
5245,0.621677280982906,0.39881305637982195,0.3847352024922118
5246,0.6615782318376069,0.40600059347181006,0.3608515057113188
5247,0.6052453418803418,0.3897329376854599,0.42107995846313606
5248,0.6021192254273504,0.34943620178041546,0.4719626168224299
5249,0.6111348557692308,0.4139434919881306,0.4112149532710281
5250,0.642518327991453,0.40264688427299705,0.35046728971962615
5251,0.6127698076923077,0.35198813056379824,0.45856697819314646
5252,0.5985668963675214,0.4070797396795252,0.41952232606438217
5253,0.6697700267094017,0.4154131649851632,0.32502596053997923
5254,0.58780015491453,0.3777448071216617,0.42315680166147457
5255,0.5722621901709402,0.3971513353115727,0.5164654595015576
5256,0.6195328952991453,0.4021780415430267,0.43234683281412256
5257,0.6572466185897436,0.39525222551928785,0.3229491173416407
5258,0.6797104487179487,0.38706231454005935,0.4065420560747664
5259,0.6059168322649573,0.3865281899109792,0.2777777777777778
5260,0.6499727136752137,0.3813649851632047,0.39148494288681207
5261,0.6489804487179487,0.40376854599406525,0.42263759086188996
5262,0.5829712446581197,0.36747774480712164,0.4606957424714434
5263,0.5740016666666666,0.3869436201780415,0.4523883696780893
5264,0.6663968643162393,0.4227614213649852,0.37642782969885774
5265,0.6197141773504273,0.3859347181008902,0.4055036344755971
5266,0.5677829861111111,0.38089020771513354,0.47315680166147456
5267,0.6079471420940171,0.39299703264094954,0.4215991692627207
5268,0.6376929113247863,0.3830860534124629,0.3852544132917965
5269,0.6165045085470086,0.39341246290801185,0.4205607476635514
5270,0.5857039316239316,0.41875802908011867,0.4904943068535826
5271,0.5856156784188035,0.40612106824925814,0.5094749885773624
5272,0.6250406356837607,0.39080118694362015,0.37279335410176534
5273,0.6198190651709402,0.4031454005934718,0.42627206645898236
5274,0.6143238354700855,0.3935311572700297,0.42263759086188996
5275,0.6145333974358974,0.3983382789317507,0.42107995846313606
5276,0.613195251068376,0.4059412462908012,0.4338006230529595
5277,0.6141460576923077,0.3953709198813056,0.42315680166147457
5278,0.6153143215811966,0.38979228486646883,0.41744548286604366
5279,0.6140235042735043,0.39548961424332346,0.42471443406022846
5280,0.6136533066239316,0.39560830860534124,0.42471443406022846
5281,0.61401375,0.3966765578635015,0.42367601246105924
5282,0.6158039262820513,0.39821958456973294,0.42471443406022846
5283,0.6141624198717949,0.3977448071216617,0.42419522326064385
5284,0.6120825267094017,0.39560830860534124,0.42471443406022846
5285,0.6130556997863248,0.39329376854599407,0.42315680166147457
5286,0.6146540865384615,0.3959050445103858,0.42315680166147457
5287,0.6155135523504274,0.39905044510385757,0.42575285565939774
5288,0.6138953685897436,0.39626112759643917,0.42627206645898236
5289,0.6132542147435898,0.3972106824925816,0.42731048805815164
5290,0.612681047008547,0.394540059347181,0.42107995846313606
5291,0.6163691773504274,0.39845697329376856,0.4132917964693666
5292,0.6135500320512821,0.39566765578635016,0.4215991692627207
5293,0.613071501068376,0.3973293768545994,0.4350467289719626
5294,0.6154900694444445,0.39845697329376856,0.43151609553478715
5295,0.6137641613247864,0.39566765578635016,0.4200415368639668
5296,0.6132618910256411,0.3943620178041543,0.4215991692627207
5297,0.615625186965812,0.4016913946587537,0.42731048805815164
5298,0.6170028258547009,0.4031275964391691,0.4200415368639668
5299,0.6140764797008547,0.39359050445103855,0.4158878504672897
5300,0.6133951121794872,0.39305637982195846,0.42367601246105924
5301,0.6143133867521368,0.3946587537091988,0.42263759086188996
5302,0.6117638728632478,0.39329376854599407,0.4221183800623053
5303,0.6133198344017095,0.3937091988130564,0.4252336448598131
5304,0.6144319871794872,0.39762611275964393,0.42367601246105924
5305,0.6160821688034188,0.40385163204747776,0.426791277258567
5306,0.6163012393162394,0.4016973293768546,0.4316199376947041
5307,0.6129327670940171,0.39359050445103855,0.42731048805815164
5308,0.6166380822649573,0.45072200178041544,0.45462097611630325
5309,0.6181170405982906,0.3500890207715133,0.42575285565939774
5310,0.6174131036324786,0.3887833827893175,0.4252336448598131
5311,0.6137603098290598,0.40185163204747776,0.4184839044652129
5312,0.6135837980769231,0.4012818991097923,0.42731048805815164
5313,0.6137179433760684,0.3968545994065282,0.42731048805815164
5314,0.6134323824786325,0.3968545994065282,0.42315680166147457
5315,0.6147951442307692,0.3965578635014837,0.4221183800623053
5316,0.6142035844017094,0.3991097922848665,0.42627206645898236
5317,0.6118007532051282,0.4005341246290801,0.4329179646936656
5318,0.6132057585470085,0.3966765578635015,0.42627206645898236
5319,0.6152459722222222,0.3967359050445104,0.4179646936656283
5320,0.6140919764957264,0.394540059347181,0.4184839044652129
5321,0.6149633386752137,0.394540059347181,0.426791277258567
5322,0.614556891025641,0.3982789317507418,0.4306334371754933
5323,0.6136572916666667,0.3959050445103858,0.42471443406022846
5324,0.6186036271367521,0.3937091988130564,0.44865005192108
5325,0.6101172008547009,0.4247875786350148,0.4403426791277259
5326,0.6147919658119658,0.3953709198813056,0.42263759086188996
5327,0.6140355074786324,0.39798219584569733,0.426791277258567
5328,0.6118796260683761,0.4003560830860534,0.42419522326064385
5329,0.613259983974359,0.3982789317507418,0.4221183800623053
5330,0.6133236912393163,0.39922848664688426,0.42419522326064385
5331,0.6136678151709402,0.39982195845697327,0.42471443406022846
5332,0.6140886752136752,0.39881305637982195,0.42886812045690553
5333,0.6124843002136753,0.39905044510385757,0.42964693665628245
5334,0.6129399252136752,0.398160237388724,0.42575285565939774
5335,0.6143755128205128,0.39703264094955487,0.42627206645898236
5336,0.6134057745726496,0.39863501483679525,0.42731048805815164
5337,0.6140263835470086,0.3974480712166172,0.42263759086188996
5338,0.6134368803418804,0.3982789317507418,0.42627206645898236
5339,0.5852812179487179,0.3971513353115727,0.4395119418483905
5340,0.6664090918803419,0.4015548961424332,0.407061266874351
5341,0.5933920405982906,0.39543026706231454,0.4331256490134995
5342,0.5908725587606838,0.3887833827893175,0.4429906542056075
5343,0.6200384668803419,0.39062314540059345,0.4334890965732087
5344,0.6227830235042735,0.39637982195845695,0.42315680166147457
5345,0.5719365705128205,0.3913946587537092,0.4387331256490135
5346,0.3701923076923077,0.286646884272997,0.5770592938733126
5347,0.29594017094017094,0.1186943620178042,0.6640602596053998
5348,0.5263024786324786,0.09851632047477743,0.5320818385254413
5349,0.6136755128205128,0.14005934718100893,0.3826583592938733
5350,0.5787828418803419,0.18219584569732938,0.31983385254413293
5351,0.5813394925213675,0.3580415430267062,0.39979231568016615
5352,0.5857449626068376,0.5399696735905044,0.5037119807892004
5353,0.5962947115384616,0.6199331632047478,0.4934071760124611
5354,0.6342489957264957,0.6103863086053412,0.42995846313603325
5355,0.7208344604700855,0.6199520652818991,0.3442367601246106
5356,0.7563401014957265,0.6280668902077151,0.25856697819314645
5357,0.7055053632478632,0.5478957329376855,0.23052959501557635
5358,0.7081205608974359,0.4774273293768546,0.2637590861889928
5359,0.7669906356837606,0.4346774480712166,0.3006230529595016
5360,0.461073717948718,0.36439169139465877,0.6155581412253375
5361,0.6389447756410256,0.4175434949554896,0.34631360332294914
5362,0.6796916880341881,0.4380435264094955,0.245067497403946
5363,0.6968009027777777,0.4183772130563798,0.05192107995846318
5364,0.639889748931624,0.3554896142433234,0.0
5365,0.5992519177350427,0.35258160237388725,0.23727933541017657
5366,0.6082543322649573,0.3948961424332344,0.4294911734164071
5367,0.617030673076923,0.4039287833827893,0.44179646936656286
5368,0.5740581944444445,0.4436581697329377,0.6757731879543094
5369,0.4081196581196581,0.4144282183976261,1.0
5370,0.4081196581196581,0.3264094955489614,0.8541505607476636
5371,0.5777955128205128,0.34480712166172106,0.5273540633437176
5372,0.616930876068376,0.394540059347181,0.4252336448598131
5373,0.6077758173076924,0.40622848664688427,0.4122533748701973
5374,0.5742219658119658,0.3691988130563798,0.4725856697819315
5375,0.5755227457264958,0.35869436201780414,0.48634478868120457
5376,0.6100744444444445,0.42005627596439166,0.3899273104880582
5377,0.605438733974359,0.4377317637982196,0.35773624091381107
5378,0.6238681463675214,0.42464389317507417,0.3629283489096573
5379,0.5906055715811966,0.3747774480712166,0.4463655244029076
5380,0.6172946527777778,0.3907418397626113,0.4179646936656283
5381,0.6174163034188034,0.40395252225519285,0.4292315680166148
5382,0.612951858974359,0.39821958456973294,0.42263759086188996
5383,0.6221431570512821,0.38741839762611274,0.42315680166147457
5384,0.6192852831196581,0.36913946587537094,0.41952232606438217
5385,0.5961636645299145,0.404053412462908,0.4614745586708204
5386,0.6077775213675214,0.42518077507418395,0.4447040498442368
5387,0.6466457104700855,0.40422551928783385,0.3868120456905504
5388,0.637818392094017,0.3942433234421365,0.39875389408099693
5389,0.6225902938034188,0.38468842729970326,0.4148494288681205
5390,0.6228343803418803,0.39566765578635016,0.4184839044652129
5391,0.6179437019230769,0.395727002967359,0.4252336448598131
5392,0.609496217948718,0.38451038575667656,0.43442367601246107
5393,0.6033292467948718,0.4012878338278932,0.42575285565939774
5394,0.6149469337606838,0.41170466362017805,0.42107995846313606
5395,0.6124014743589744,0.40379821958456974,0.43229491173416407
5396,0.587125357905983,0.38545994065281897,0.43676012461059194
5397,0.5891350480769231,0.38605341246290803,0.43260643821391487
5398,0.6204056730769231,0.3941246290801187,0.4190031152647975
5399,0.6230762767094017,0.37946587537091986,0.4200415368639668
5400,0.6330808066239316,0.3712759643916914,0.41952232606438217
5401,0.6146227403846154,0.4080863329376854,0.4158878504672897
5402,0.5952349893162393,0.4001780415430267,0.4370716510903427
5403,0.5800484882478633,0.38925816023738874,0.446521287642783
5404,0.6012078472222222,0.398160237388724,0.444392523364486
5405,0.632313969017094,0.4055727002967359,0.4363447559709242
5406,0.6371956143162394,0.403513353115727,0.432398753894081
5407,0.620256485042735,0.4036320474777448,0.4305815160955348
5408,0.627529407051282,0.392106824925816,0.43852544132917964
5409,0.6215010844017095,0.38682492581602373,0.42886812045690553
5410,0.6054035630341881,0.39086053412462907,0.4138110072689512
5411,0.6084504326923077,0.3913353115727003,0.41952232606438217
5412,0.6112636591880342,0.3883086053412463,0.4200415368639668
5413,0.6121763675213675,0.3915727002967359,0.4122533748701973
5414,0.606317110042735,0.3959050445103858,0.43177570093457945
5415,0.618229139957265,0.4223687364985163,0.4439252336448598
5416,0.6148131303418803,0.4052878338278932,0.4413811007268951
5417,0.6288940918803418,0.38160237388724033,0.4448078920041537
5418,0.6851644123931624,0.35952522255192876,0.4117341640706127
5419,0.6367675641025641,0.39982195845697327,0.39771547248182765
5420,0.5616705876068376,0.4068972772344214,0.4127725856697819
5421,0.6712542841880342,0.39026706231454006,0.4517653167185878
5422,0.6134747275641026,0.39780415430267063,0.42834890965732086
5423,0.5921959989316239,0.3796439169139466,0.4205607476635514
5424,0.681283782051282,0.38545994065281897,0.44356178608515057
5425,0.6239006784188035,0.3915727002967359,0.4200415368639668
5426,0.675813125,0.4021246290801187,0.4744029075804777
5427,0.6346588782051282,0.40083086053412464,0.39667705088265837
5428,0.625932061965812,0.3917507418397626,0.4148494288681205
5429,0.6057833333333333,0.37531157270029675,0.45124610591900316
5430,0.6111981677350428,0.4019228486646884,0.43769470404984423
5431,0.5695892361111111,0.3977448071216617,0.4117341640706127
5432,0.5442513087606837,0.3909792284866469,0.40238836967808933
5433,0.6219838514957265,0.40298516320474775,0.4075804776739356
5434,0.6414322542735043,0.39513353115727,0.43120456905503635
5435,0.6842098878205128,0.43945095014836794,0.44382139148494293
5436,0.6378807425213675,0.3944807121661721,0.4018691588785047
5437,0.6503976175213675,0.39608308605341247,0.40134994807892005
5438,0.5590489903846154,0.40478931750741837,0.4112149532710281
5439,0.536656201923077,0.40299703264094955,0.43655244029075807
5440,0.6449213835470086,0.38688427299703265,0.4132917964693666
5441,0.6621779754273505,0.3881899109792285,0.43260643821391487
5442,0.641301501068376,0.4081295299703264,0.454932502596054
5443,0.6342411752136752,0.4080367572700297,0.4313603322949118
5444,0.6043313301282052,0.3608902077151335,0.426791277258567
5445,0.5258491773504274,0.3258160237388724,0.503701751298027
5446,0.6231520405982907,0.3703857566765579,0.43229491173416407
5447,0.6291695192307692,0.3857566765578635,0.41952232606438217
5448,0.6229298076923078,0.40943021115727,0.4368120456905504
5449,0.5797411057692308,0.42060996201780415,0.4075804776739356
5450,0.6214225106837608,0.39258160237388723,0.3556593977154725
5451,0.6924109348290599,0.39501483679525223,0.4086188992731049
5452,0.6230768963675214,0.40486646884273,0.4518172377985462
5453,0.5420497916666667,0.40179821958456974,0.433177570093458
5454,0.5679102083333334,0.37014836795252226,0.4476116303219107
5455,0.6346648023504273,0.3719881305637982,0.3618899273104881
5456,0.6251698824786325,0.36694362017804155,0.4055036344755971
5457,0.6288507104700854,0.41180753667655784,0.42627206645898236
5458,0.5521420192307692,0.407642293768546,0.4348390446521288
5459,0.5615249786324786,0.359406528189911,0.4586188992731049
5460,0.6373484188034189,0.36949554896142434,0.4470924195223261
5461,0.6067508707264957,0.412464318694362,0.42419522326064385
5462,0.5995626388888888,0.4109571561424332,0.3842159916926272
5463,0.6739149893162393,0.39258160237388723,0.3883696780893043
5464,0.6388102564102565,0.412003218694362,0.42782969885773625
5465,0.6528123344017094,0.3809495548961424,0.3442367601246106
5466,0.6321879006410256,0.39940652818991096,0.37798546209761164
5467,0.5950570833333333,0.4003560830860534,0.4298546209761163
5468,0.5577702777777778,0.39643916913946586,0.4538421599169263
5469,0.5784415758547009,0.376379821958457,0.452128764278297
5470,0.6282869070512821,0.3543026706231454,0.4190031152647975
5471,0.6412058547008548,0.40264094955489615,0.4505711318795431
5472,0.6036464102564103,0.42438751157270027,0.43546209761163035
5473,0.5739548023504274,0.38991097922848666,0.37279335410176534
5474,0.6316872168803419,0.38884272997032643,0.3852544132917965
5475,0.6111609401709401,0.3918100890207715,0.4347871235721703
5476,0.6179297382478632,0.38267062314540057,0.4179646936656283
5477,0.6181093162393163,0.3887240356083086,0.40031152647975077
5478,0.6163695993589744,0.4011513353115727,0.4184839044652129
5479,0.6160971047008547,0.3963204747774481,0.41433021806853587
5480,0.6158771474358975,0.3948961424332344,0.41952232606438217
5481,0.615474813034188,0.4000593471810089,0.4205607476635514
5482,0.6130383493589744,0.4025222551928783,0.42731048805815164
5483,0.614321858974359,0.39299703264094954,0.4200415368639668
5484,0.6160347435897435,0.38439169139465873,0.4039460020768432
5485,0.6146160042735043,0.39026706231454006,0.4138110072689512
5486,0.6149890384615384,0.39525222551928785,0.42367601246105924
5487,0.614259545940171,0.39762611275964393,0.42892004153686397
5488,0.6137720833333333,0.3943620178041543,0.426791277258567
5489,0.6136125480769231,0.3916320474777448,0.4164070612668744
5490,0.6135331463675213,0.39513353115727,0.4221183800623053
5491,0.6141986965811965,0.3966765578635015,0.426791277258567
5492,0.6136523504273504,0.40116913946587535,0.4335410176531672
5493,0.6120242361111111,0.41193004931750743,0.44558670820353063
5494,0.6148362339743589,0.4059833827893175,0.426791277258567
5495,0.6169389262820513,0.3893768545994065,0.4117341640706127
5496,0.6142911004273504,0.3885459940652819,0.41952232606438217
5497,0.6125603044871795,0.39056379821958453,0.42367601246105924
5498,0.6113465865384615,0.3910979228486647,0.42731048805815164
5499,0.6452231196581196,0.46657887240356083,0.47659397715472485
5500,0.619893936965812,0.3864094955489614,0.4075804776739356
5501,0.6120884508547009,0.39258160237388723,0.4215991692627207
5502,0.6152055502136752,0.3969139465875371,0.4200415368639668
5503,0.6142579166666666,0.39400593471810086,0.41952232606438217
5504,0.6139323290598291,0.39703264094955487,0.4215991692627207
5505,0.6149329807692308,0.3979228486646884,0.42367601246105924
5506,0.6147012179487179,0.3981008902077151,0.4252336448598131
5507,0.6141623717948718,0.39845697329376856,0.42367601246105924
5508,0.6138553579059829,0.39602373887240355,0.42367601246105924
5509,0.6148964316239316,0.3953115727002967,0.4205607476635514
5510,0.6145915331196581,0.3976854599406528,0.4221183800623053
5511,0.6133849305555555,0.396973293768546,0.426791277258567
5512,0.6140452938034188,0.39364985163204746,0.42419522326064385
5513,0.5525682745726496,0.4279769958456973,0.48699046365524407
5514,0.4097222222222222,0.5042132640949555,0.5422091017653168
5515,0.2451923076923077,0.5568862136498516,0.5965098961578401
5516,0.45,0.4616578284866469,0.47766874350986505
5517,0.639723936965812,0.3918694362017804,0.4049844236760125
5518,0.6117196207264958,0.39863501483679525,0.42263759086188996
5519,0.6121376335470086,0.397566765578635,0.42419522326064385
5520,0.6178115331196581,0.3963204747774481,0.42263759086188996
5521,0.6147155662393162,0.3963204747774481,0.42471443406022846
5522,0.6128345833333333,0.3972106824925816,0.4252336448598131
5523,0.6153459455128205,0.3977448071216617,0.42263759086188996
5524,0.6102729807692308,0.39637982195845695,0.42731048805815164
5525,0.6144705288461538,0.39596439169139463,0.42471443406022846
5526,0.6155645192307693,0.39614243323442133,0.42263759086188996
5527,0.6149332478632479,0.39637982195845695,0.42263759086188996
5528,0.615180170940171,0.3965578635014837,0.42367601246105924
5529,0.6127832905982906,0.3969139465875371,0.42782969885773625
5530,0.6155030608974359,0.39614243323442133,0.42471443406022846
5531,0.6171623397435897,0.39566765578635016,0.4200415368639668
5532,0.6202185737179488,0.3966765578635015,0.41952232606438217
5533,0.6146370192307692,0.3968545994065282,0.4252336448598131
5534,0.6057175694444444,0.3925222551928783,0.4423156801661475
5535,0.6166153846153846,0.40542433234421366,0.44096573208722745
5536,0.609880202991453,0.40041543026706233,0.4335410176531672
5537,0.6102573664529914,0.3973293768545994,0.44065420560747665
5538,0.6087434615384615,0.3972106824925816,0.446521287642783
5539,0.6125319391025641,0.3927596439169139,0.43047767393561787
5540,0.6132533493589744,0.3942433234421365,0.426791277258567
5541,0.6121519391025642,0.39560830860534124,0.42575285565939774
5542,0.6142305715811966,0.3959050445103858,0.42263759086188996
5543,0.6141726228632478,0.3968545994065282,0.42627206645898236
5544,0.6138813034188034,0.39614243323442133,0.42575285565939774
5545,0.6147950534188035,0.3953115727002967,0.42471443406022846
5546,0.6141615170940171,0.3959050445103858,0.42315680166147457
5547,0.6152395405982906,0.3967359050445104,0.4184839044652129
5548,0.620126655982906,0.39305637982195846,0.4055036344755971
5549,0.6191819391025641,0.3943620178041543,0.40342679127725856
5550,0.6156239797008547,0.4003560830860534,0.4190031152647975
5551,0.6141810202991453,0.39958456973293766,0.42782969885773625
5552,0.6129654861111111,0.3992878338278932,0.42834890965732086
5553,0.613041485042735,0.4007121661721068,0.426791277258567
5554,0.6138640384615385,0.39679525222551926,0.42315680166147457
5555,0.6136385737179487,0.39566765578635016,0.42575285565939774
5556,0.613529983974359,0.3965578635014837,0.42575285565939774
5557,0.46644702248931624,0.3737685459940653,0.4487019730010384
5558,0.6389969818376069,0.39614243323442133,0.4252336448598131
5559,0.6010575801282052,0.39584569732937686,0.42731048805815164
5560,0.6073293696581197,0.39519287833827893,0.42419522326064385
5561,0.6190390384615385,0.3970919881305638,0.42367601246105924
5562,0.614642702991453,0.39661721068249256,0.42471443406022846
5563,0.6127620192307692,0.3976854599406528,0.42315680166147457
5564,0.6142338782051282,0.3972700296735905,0.42367601246105924
5565,0.609950795940171,0.3947181008902077,0.426791277258567
5566,0.6036055822649573,0.39364985163204746,0.42731048805815164
5567,0.6187153205128205,0.395727002967359,0.4252336448598131
5568,0.6344262232905983,0.39899109792284865,0.42315680166147457
5569,0.6156235042735043,0.3966765578635015,0.42315680166147457
5570,0.6092250854700855,0.39596439169139463,0.42471443406022846
5571,0.6142611645299145,0.3964985163204748,0.42627206645898236
5572,0.6157192467948718,0.39578635014836794,0.42471443406022846
5573,0.617001420940171,0.3969139465875371,0.42367601246105924
5574,0.48846447596153847,0.3851038575667656,0.4463136033229491
5575,0.6554559455128205,0.38688427299703265,0.4324506749740395
5576,0.603308498931624,0.39875370919881303,0.4252336448598131
5577,0.6115403205128205,0.3967359050445104,0.42471443406022846
5578,0.6184797115384615,0.39578635014836794,0.4252336448598131
5579,0.6111648397435897,0.39596439169139463,0.42419522326064385
5580,0.6097294444444444,0.3959050445103858,0.42471443406022846
5581,0.6087276495726496,0.3953709198813056,0.42731048805815164
5582,0.6093488675213675,0.3945994065281899,0.42731048805815164
5583,0.6247946901709402,0.3950741839762611,0.42575285565939774
5584,0.6206350747863247,0.39703264094955487,0.42419522326064385
5585,0.6126674732905983,0.39643916913946586,0.42419522326064385
5586,0.6114480555555556,0.39560830860534124,0.4252336448598131
5587,0.6149715331196581,0.3966765578635015,0.42419522326064385
5588,0.6170646955128205,0.3971513353115727,0.42315680166147457
5589,0.6034952617521367,0.3964985163204748,0.4252336448598131
5590,0.6067488514957264,0.3947774480712166,0.42731048805815164
5591,0.6183094017094017,0.42378572818991095,0.426791277258567
5592,0.612914561965812,0.41450610979228486,0.4461059190031153
5593,0.6256978418803418,0.398160237388724,0.4442367601246106
5594,0.6117304861111111,0.395727002967359,0.4138110072689512
5595,0.6096872061965812,0.3953115727002967,0.4065420560747664
5596,0.5863198931623932,0.3967359050445104,0.4153686396677051
5597,0.5808801068376068,0.3943026706231454,0.4371754932502596
5598,0.6366189155982906,0.381186943620178,0.44179646936656286
5599,0.646678141025641,0.3800593471810089,0.4158878504672897
5600,0.5814816132478633,0.3941246290801187,0.4112149532710281
5601,0.5758435790598291,0.4044629080118694,0.4190031152647975
5602,0.6196472275641025,0.4175020338278932,0.4373831775700935
5603,0.6822874091880342,0.3975074183976261,0.416926272066459
5604,0.6255569337606838,0.3891988130563798,0.40342679127725856
5605,0.5559185844017094,0.40321661721068247,0.42834890965732086
5606,0.6030563408119658,0.39062314540059345,0.41744548286604366
5607,0.6554398076923077,0.39086053412462907,0.4205607476635514
5608,0.6354543002136752,0.37851632047477746,0.40446521287642784
5609,0.58118375,0.41289249673590506,0.4200415368639668
5610,0.6088099412393162,0.41443351335311573,0.43603322949117346
5611,0.6731324732905983,0.38189910979228486,0.4091381100726895
5612,0.592140357905983,0.393946587537092,0.40031152647975077
5613,0.5796414423076923,0.40847787412462905,0.4583592938733126
5614,0.6501149305555556,0.38712166172106827,0.4591381100726895
5615,0.5699562232905983,0.3919881305637982,0.40965732087227413
5616,0.5798760202991453,0.42392954955489615,0.42419522326064385
5617,0.6873359455128205,0.394540059347181,0.42419522326064385
5618,0.6418061378205129,0.3869436201780415,0.4065420560747664
5619,0.6272312873931624,0.42018728011869433,0.45373831775700935
5620,0.5993050961538462,0.38563798219584566,0.42263759086188996
5621,0.6788106837606838,0.37050445103857566,0.39148494288681207
5622,0.6877142681623931,0.401026706231454,0.42886812045690553
5623,0.6072244818376069,0.4176768023738872,0.4319314641744548
5624,0.6028084935897435,0.3889614243323442,0.4112149532710281
5625,0.5565323931623931,0.4010385756676558,0.42107995846313606
5626,0.5988819337606838,0.39287833827893176,0.42892004153686397
5627,0.6141083226495727,0.4136805620178041,0.43473520249221187
5628,0.5264141185897436,0.38706231454005935,0.42834890965732086
5629,0.5910370192307692,0.39857566765578634,0.426791277258567
5630,0.6099759401709401,0.38712166172106827,0.42315680166147457
5631,0.6406320085470085,0.38403560830860534,0.42731048805815164
5632,0.6067472702991453,0.40182195845697327,0.42782969885773625
5633,0.6455479861111111,0.4064691988130564,0.42471443406022846
5634,0.6814479700854701,0.4100164155489614,0.416926272066459
5635,0.6519045245726496,0.4431293632047478,0.4531152647975078
5636,0.584262077991453,0.3943620178041543,0.434527518172378
5637,0.596384594017094,0.3828486646884273,0.4112149532710281
5638,0.6222523985042735,0.3963204747774481,0.4132917964693666
5639,0.5979337072649573,0.39940652818991096,0.4252336448598131
5640,0.6077044123931624,0.389080118694362,0.41952232606438217
5641,0.5949808653846154,0.3862908011869436,0.4314122533748702
5642,0.5565570512820512,0.4019940652818991,0.4523883696780893
5643,0.5972616452991453,0.4001186943620178,0.4205607476635514
5644,0.6421390705128205,0.3513946587537092,0.363447559709242
5645,0.6042481997863248,0.41696446409495547,0.4358255451713396
5646,0.5533818482905983,0.39525222551928785,0.4368120456905504
5647,0.5633455982905983,0.39246290801186945,0.44247144340602285
5648,0.6524123557692307,0.3772700296735905,0.4319833852544133
5649,0.6341179113247863,0.3655786350148368,0.4200415368639668
5650,0.6142170993589744,0.3916320474777448,0.43094496365524404
5651,0.6068458333333333,0.4295795679525222,0.4179646936656283
5652,0.5815443803418804,0.40706093549554895,0.4049844236760125
5653,0.6081394711538461,0.3845697329376855,0.4158878504672897
5654,0.562769017094017,0.3506824925816024,0.3883696780893043
5655,0.6019989262820513,0.38201780415430264,0.4138110072689512
5656,0.6228380502136752,0.40200593471810087,0.44563862928348913
5657,0.6122338835470086,0.39062314540059345,0.42627206645898236
5658,0.6119002564102565,0.3819584569732938,0.4221183800623053
5659,0.6415471741452992,0.39281899109792284,0.4395119418483905
5660,0.6469663942307693,0.4004747774480712,0.4315680166147456
5661,0.6052610576923076,0.39026706231454006,0.4127725856697819
5662,0.572519123931624,0.3741839762611276,0.4153686396677051
5663,0.6074251602564102,0.35281899109792286,0.3494288681204569
5664,0.5801631463675214,0.38480712166172104,0.4091381100726895
5665,0.6035082425213676,0.3968545994065282,0.44330218068535826
5666,0.6939563408119658,0.3927596439169139,0.44418483904465217
5667,0.6442898824786325,0.38166172106824925,0.4106957424714434
5668,0.6007327083333334,0.3943026706231454,0.39511941848390447
5669,0.614351266025641,0.4107057983976261,0.4164070612668744
5670,0.6013732585470085,0.3993471810089021,0.4356697819314642
5671,0.5957505876068376,0.39602373887240355,0.4297507788161994
5672,0.6194758173076923,0.3749554896142433,0.4101765316718588
5673,0.6128930074786325,0.37044510385756674,0.39460020768431986
5674,0.6150308707264958,0.3800593471810089,0.3920041536863967
5675,0.6151182692307693,0.3969139465875371,0.42575285565939774
5676,0.6141272329059829,0.3995252225519288,0.42886812045690553
5677,0.6136877243589743,0.3940652818991098,0.4158878504672897
5678,0.6134453846153847,0.3865281899109792,0.4164070612668744
5679,0.6142077457264957,0.3953709198813056,0.42731048805815164
5680,0.6143110576923076,0.3983382789317507,0.42263759086188996
5681,0.614450608974359,0.3901483679525222,0.4106957424714434
5682,0.6139345192307692,0.3918694362017804,0.4158878504672897
5683,0.6135330021367522,0.4003560830860534,0.4292834890965732
5684,0.6154006356837607,0.40086646884273,0.42627206645898236
5685,0.6152120726495727,0.4019228486646884,0.4305815160955348
5686,0.612226266025641,0.4030326409495549,0.44039460020768434
5687,0.6130700427350427,0.39204747774480714,0.426791277258567
5688,0.6146881143162393,0.3889614243323442,0.4148494288681205
5689,0.6140192628205128,0.39578635014836794,0.42419522326064385
5690,0.6133804380341881,0.3999406528189911,0.4397715472481828
5691,0.6930497061965812,0.4445375988130564,0.47502596053997925
5692,0.6192952243589743,0.41053654753709196,0.4454828660436137
5693,0.6094231997863249,0.38777448071216614,0.42107995846313606
5694,0.6156333173076923,0.3965578635014837,0.4200415368639668
5695,0.617387094017094,0.41011114961424333,0.42782969885773625
5696,0.6141256196581196,0.40041543026706233,0.4292315680166148
5697,0.613755422008547,0.3873590504451038,0.4200415368639668
5698,0.6136327724358974,0.3915727002967359,0.416926272066459
5699,0.6135380982905982,0.3942433234421365,0.4184839044652129
5700,0.6157074145299145,0.39839762611275964,0.42263759086188996
5701,0.6152286378205128,0.40075370919881304,0.42834890965732086
5702,0.6133308653846155,0.4019347181008902,0.42943925233644864
5703,0.6149907158119658,0.40182789317507417,0.42834890965732086
5704,0.6153350106837607,0.39762611275964393,0.42575285565939774
5705,0.6134483867521368,0.3937685459940653,0.4215991692627207
5706,0.6142284241452991,0.39548961424332346,0.4205607476635514
5707,0.6144753365384615,0.3945994065281899,0.4190031152647975
5708,0.5177298557692308,0.5459075727002967,0.5418954984423676
5709,0.6169502297008547,0.3776261127596439,0.39563862928348914
5710,0.6196698344017094,0.39821958456973294,0.4179646936656283
5711,0.6177900267094016,0.40075370919881304,0.4179646936656283
5712,0.6141667094017094,0.3968545994065282,0.4215991692627207
5713,0.6111234722222223,0.396973293768546,0.42834890965732086
5714,0.6154278632478632,0.396973293768546,0.42367601246105924
5715,0.6163630288461539,0.3964985163204748,0.4215991692627207
5716,0.6147587873931624,0.3963204747774481,0.42263759086188996
5717,0.6145919070512821,0.39643916913946586,0.42263759086188996
5718,0.6147434027777778,0.39643916913946586,0.42419522326064385
5719,0.6157894711538462,0.3963204747774481,0.4221183800623053
5720,0.6136857318376069,0.39637982195845695,0.42367601246105924
5721,0.6121642841880341,0.3964985163204748,0.42834890965732086
5722,0.6129483547008547,0.39626112759643917,0.42782969885773625
5723,0.6132949091880342,0.39643916913946586,0.42471443406022846
5724,0.6707406356837606,0.3347181008902077,0.36812045690550366
5725,0.606413766025641,0.4109953571513353,0.4252336448598131
5726,0.6163105288461539,0.39578635014836794,0.42782969885773625
5727,0.6143762393162393,0.3959050445103858,0.4252336448598131
5728,0.6123279754273504,0.39881305637982195,0.42731048805815164
5729,0.6126066079059829,0.3970919881305638,0.4252336448598131
5730,0.6113677777777777,0.3974480712166172,0.4252336448598131
5731,0.6189447702991453,0.3953709198813056,0.41433021806853587
5732,0.6179749465811966,0.39584569732937686,0.4179646936656283
5733,0.6072172702991453,0.4014421364985163,0.4366043613707165
5734,0.6158151121794873,0.3946587537091988,0.42107995846313606
5735,0.6181382692307693,0.39222551928783383,0.4164070612668744
5736,0.6190709775641026,0.39038575667655784,0.4106957424714434
5737,0.6241559668803419,0.3859940652818991,0.4039460020768432
5738,0.6128003151709401,0.3973887240356083,0.43037383177570093
5739,0.6018494604700855,0.40609376854599405,0.45353063343717553
5740,0.6092576709401709,0.3983382789317507,0.4395638629283489
5741,0.618528498931624,0.39068249258160237,0.4179646936656283
5742,0.5233857104700855,0.37270029673590505,0.45067497403946005
5743,0.6473284882478633,0.39916913946587534,0.42471443406022846
5744,0.6046328952991453,0.39703264094955487,0.42627206645898236
5745,0.615107110042735,0.3948961424332344,0.4252336448598131
5746,0.6131505288461538,0.3955489614243323,0.42575285565939774
5747,0.6085061004273504,0.3972106824925816,0.42419522326064385
5748,0.6163032425213675,0.39703264094955487,0.42367601246105924
5749,0.6188134935897436,0.39602373887240355,0.42367601246105924
5750,0.6172226442307692,0.39608308605341247,0.42575285565939774
5751,0.6139696794871795,0.39637982195845695,0.4252336448598131
5752,0.6148812446581197,0.39626112759643917,0.42419522326064385
5753,0.6124601335470086,0.39602373887240355,0.42471443406022846
5754,0.6082112446581196,0.39626112759643917,0.42419522326064385
5755,0.618317670940171,0.3965578635014837,0.42367601246105924
5756,0.6206503205128205,0.39608308605341247,0.4252336448598131
5757,0.6125643803418803,0.39608308605341247,0.42419522326064385
5758,0.6217384348290599,0.39620178041543025,0.426791277258567
5759,0.6219638835470085,0.3966765578635015,0.42575285565939774
5760,0.6099509775641025,0.39703264094955487,0.42367601246105924
5761,0.6374434508547009,0.3757863501483679,0.44979231568016614
5762,0.6428918162393162,0.3941246290801187,0.42367601246105924
5763,0.6012858333333333,0.39762611275964393,0.42575285565939774
5764,0.614630186965812,0.39614243323442133,0.42575285565939774
5765,0.6169201602564103,0.39620178041543025,0.4252336448598131
5766,0.6214403205128205,0.39614243323442133,0.42575285565939774
5767,0.6117549198717949,0.3972700296735905,0.42315680166147457
5768,0.6037359081196582,0.39614243323442133,0.42315680166147457
5769,0.6151640224358974,0.39543026706231454,0.426791277258567
5770,0.6196739209401709,0.39620178041543025,0.426791277258567
5771,0.6185451655982905,0.39566765578635016,0.426791277258567
5772,0.6117599946581197,0.39608308605341247,0.42367601246105924
5773,0.6132059508547009,0.3963204747774481,0.4221183800623053
5774,0.6190172435897436,0.3963204747774481,0.4252336448598131
5775,0.6102300427350427,0.3968545994065282,0.4252336448598131
5776,0.6156089049145299,0.39626112759643917,0.4252336448598131
5777,0.6131823344017093,0.39679525222551926,0.4221183800623053
5778,0.6097755288461538,0.39703264094955487,0.42367601246105924
5779,0.6195011271367521,0.39519287833827893,0.42782969885773625
5780,0.621775625,0.3953709198813056,0.426791277258567
5781,0.6112840331196581,0.3965578635014837,0.42367601246105924
5782,0.6042083226495727,0.39679525222551926,0.42107995846313606
5783,0.616791826923077,0.39614243323442133,0.42419522326064385
5784,0.6220119017094017,0.4123501551335311,0.42834890965732086
5785,0.6013714209401709,0.3966765578635015,0.4374350986500519
5786,0.5962396955128205,0.4023382789317507,0.4158878504672897
5787,0.6079725694444444,0.40280118694362016,0.4075804776739356
5788,0.6121187820512821,0.4099556884866469,0.44205607476635517
5789,0.6286957638888889,0.41332784213649854,0.4415368639667705
5790,0.6445864155982906,0.38979228486646883,0.4101765316718588
5791,0.6320563408119658,0.3873590504451038,0.4112149532710281
5792,0.5924571848290598,0.3969139465875371,0.42471443406022846
5793,0.5835655341880341,0.3991097922848665,0.4328660436137072
5794,0.5950881036324787,0.40116913946587535,0.4353582554517134
5795,0.6143828365384616,0.39335311572700293,0.431048805815161
5796,0.6512543108974359,0.3890207715133531,0.4304257528556594
5797,0.6473559668803419,0.38112759643916916,0.4132917964693666
5798,0.5993864476495727,0.39080118694362015,0.4127725856697819
5799,0.5894308867521367,0.39602373887240355,0.41744548286604366
5800,0.5913691346153847,0.41759533115727004,0.42731048805815164
5801,0.6427322702991454,0.40256973293768544,0.4388888888888889
5802,0.663829983974359,0.38421364985163203,0.4179646936656283
5803,0.6146361912393162,0.37833827893175076,0.4179646936656283
5804,0.5739055448717949,0.39364985163204746,0.42263759086188996
5805,0.581537467948718,0.410637659347181,0.4205607476635514
5806,0.6310348557692308,0.41512650919881305,0.42782969885773625
5807,0.6541671527777778,0.39270029673590506,0.4205607476635514
5808,0.6407822435897436,0.39501483679525223,0.4205607476635514
5809,0.5745270886752136,0.4055252225519288,0.4292834890965732
5810,0.5769081303418804,0.396973293768546,0.4366043613707165
5811,0.6650642414529915,0.3944213649851632,0.4322429906542056
5812,0.6458195085470085,0.38409495548961425,0.4138110072689512
5813,0.5853259027777777,0.37786350148367953,0.42575285565939774
5814,0.5973762606837607,0.3923442136498516,0.4298026998961579
5815,0.6155780608974359,0.4330244474777448,0.46557632398753895
5816,0.5911054113247863,0.3995252225519288,0.429595015576324
5817,0.6293519604700855,0.3899703264094955,0.42107995846313606
5818,0.6631731997863248,0.3937091988130564,0.4179646936656283
5819,0.6785986164529915,0.4038100890207715,0.4101765316718588
5820,0.5728710576923077,0.40093768545994063,0.4018691588785047
5821,0.5270264797008547,0.38462908011869434,0.4200415368639668
5822,0.6203069177350428,0.38949554896142435,0.4200415368639668
5823,0.6123317681623932,0.4077835112759644,0.4055036344755971
5824,0.6257926976495727,0.41811440771513353,0.4604361370716511
5825,0.6951142414529914,0.39329376854599407,0.43146417445482865
5826,0.6616770299145299,0.3883679525222552,0.387331256490135
5827,0.5941226335470086,0.3919287833827893,0.4018691588785047
5828,0.5700122756410256,0.4177878540059347,0.4311526479750779
5829,0.5371417628205128,0.40041543026706233,0.42627206645898236
5830,0.6891302243589743,0.3863501483679525,0.43826583592938734
5831,0.6919173611111111,0.39305637982195846,0.43494288681204574
5832,0.5867285950854702,0.38664688427299704,0.3847352024922118
5833,0.5971134134615385,0.4000593471810089,0.4215991692627207
5834,0.6134703846153846,0.39626112759643917,0.43281412253374874
5835,0.6369630502136752,0.4036320474777448,0.40031152647975077
5836,0.616374375,0.38884272997032643,0.39511941848390447
5837,0.6342973504273505,0.3696142433234421,0.4091381100726895
5838,0.594512938034188,0.3887833827893175,0.42107995846313606
5839,0.5864203525641025,0.40311572700296733,0.4459501557632399
5840,0.6215014049145299,0.4032640949554896,0.44304257528556595
5841,0.5846819337606838,0.3540652818991098,0.37487019730010385
5842,0.6311794871794871,0.3740652818991098,0.4221183800623053
5843,0.6462527884615384,0.39026706231454006,0.44387331256490137
5844,0.5980265384615384,0.4048486646884273,0.4221183800623053
5845,0.5757639262820513,0.4154886522255193,0.4122533748701973
5846,0.5986676282051282,0.40976176694362015,0.40602284527518173
5847,0.6662401495726495,0.3851038575667656,0.3940809968847352
5848,0.6107692788461538,0.3835014836795252,0.4075804776739356
5849,0.5921238514957265,0.3938872403560831,0.42107995846313606
5850,0.6205896367521367,0.4333121002967359,0.471858774662513
5851,0.5717520886752137,0.3883086053412463,0.41952232606438217
5852,0.6276207638888889,0.3959050445103858,0.4132917964693666
5853,0.5576816613247864,0.3863501483679525,0.42471443406022846
5854,0.6015581356837607,0.38700296735905043,0.4215991692627207
5855,0.7345683974358974,0.3891988130563798,0.4153686396677051
5856,0.6316265705128206,0.4045103857566765,0.4205607476635514
5857,0.5458129006410256,0.41477503679525224,0.42575285565939774
5858,0.5775937019230769,0.3785756676557863,0.3888888888888889
5859,0.6041244604700855,0.3910979228486647,0.4200415368639668
5860,0.5983378952991453,0.38504451038575666,0.4179646936656283
5861,0.6176553846153846,0.38925816023738874,0.4075804776739356
5862,0.6210895886752137,0.4015074183976261,0.42263759086188996
5863,0.6111465491452992,0.39020771513353114,0.41433021806853587
5864,0.6299524145299146,0.37869436201780415,0.42471443406022846
5865,0.6442665438034189,0.38403560830860534,0.4526998961578401
5866,0.6561942895299145,0.4040474777448071,0.42419522326064385
5867,0.6147386164529914,0.38724035608308605,0.4049844236760125
5868,0.6130925267094017,0.39584569732937686,0.42782969885773625
5869,0.6141469284188035,0.393946587537092,0.4252336448598131
5870,0.6139428151709402,0.39703264094955487,0.429595015576324
5871,0.6151714583333333,0.39821958456973294,0.4337487019730011
5872,0.6138794978632478,0.3959050445103858,0.42367601246105924
5873,0.6133829273504273,0.39620178041543025,0.4205607476635514
5874,0.6133131677350427,0.39548961424332346,0.42107995846313606
5875,0.6137180128205129,0.3953115727002967,0.42367601246105924
5876,0.6147937713675213,0.3976854599406528,0.42627206645898236
5877,0.614598563034188,0.4020890207715134,0.42731048805815164
5878,0.6154807692307692,0.4005341246290801,0.42367601246105924
5879,0.612976907051282,0.3927596439169139,0.426791277258567
5880,0.6129181463675214,0.39270029673590506,0.42834890965732086
5881,0.6165428632478632,0.3993471810089021,0.4190031152647975
5882,0.6132041613247863,0.3955489614243323,0.42886812045690553
5883,0.6127364636752137,0.39264094955489615,0.42990654205607476
5884,0.6148663782051282,0.3966765578635015,0.42419522326064385
5885,0.6526143963675214,0.4091122612462908,0.49904773676012465
5886,0.6103757264957265,0.40293175074183973,0.42782969885773625
5887,0.6141064636752137,0.39329376854599407,0.4205607476635514
5888,0.6157138621794872,0.3978635014836795,0.426791277258567
5889,0.614667719017094,0.3983382789317507,0.42419522326064385
5890,0.6131245940170941,0.3983382789317507,0.42886812045690553
5891,0.6142084775641026,0.397566765578635,0.42575285565939774
5892,0.6147059989316239,0.3959050445103858,0.42263759086188996
5893,0.6142701068376069,0.3940652818991098,0.4215991692627207
5894,0.6142175,0.3964985163204748,0.4190031152647975
5895,0.613347889957265,0.39982195845697327,0.42575285565939774
5896,0.6144110844017094,0.3973293768545994,0.42834890965732086
5897,0.6144329967948718,0.39323442136498515,0.4179646936656283
5898,0.6133297061965812,0.39548961424332346,0.4205607476635514
5899,0.6137122649572649,0.3966765578635015,0.426791277258567
5900,0.6146151709401709,0.39560830860534124,0.42782969885773625
5901,0.6147409989316239,0.3970919881305638,0.4290238836967809
5902,0.6143319017094018,0.3977448071216617,0.426791277258567
5903,0.5218011057692308,0.4367970367952522,0.4778556593977155
5904,0.6303649572649572,0.390326409495549,0.4080996884735203
5905,0.6076079273504273,0.3999406528189911,0.4315680166147456
5906,0.610546217948718,0.39780415430267063,0.42627206645898236
5907,0.6174867254273504,0.3940652818991098,0.42107995846313606
5908,0.6165909188034189,0.3953709198813056,0.42419522326064385
5909,0.6149065224358974,0.39626112759643917,0.42575285565939774
5910,0.6119390651709402,0.3966765578635015,0.42575285565939774
5911,0.6138502777777778,0.39637982195845695,0.42315680166147457
5912,0.6144908547008547,0.3955489614243323,0.42367601246105924
5913,0.6101242574786325,0.3968545994065282,0.42834890965732086
5914,0.6114305021367521,0.3977448071216617,0.42627206645898236
5915,0.6156904433760684,0.3967359050445104,0.42263759086188996
5916,0.6144586111111111,0.3972700296735905,0.42471443406022846
5917,0.6104518856837606,0.39875370919881303,0.42627206645898236
5918,0.6124893108974359,0.39608308605341247,0.42419522326064385
5919,0.6167396848290598,0.39566765578635016,0.42263759086188996
5920,0.6128575908119658,0.39560830860534124,0.42886812045690553
5921,0.6275837446581196,0.39281899109792284,0.36967808930425755
5922,0.6258153846153847,0.3929376854599406,0.41952232606438217
5923,0.6103437553418803,0.39922848664688426,0.42964693665628245
5924,0.6131134882478633,0.39703264094955487,0.426791277258567
5925,0.6137715918803419,0.39679525222551926,0.42627206645898236
5926,0.6136106036324787,0.3964985163204748,0.426791277258567
5927,0.6130405876068377,0.3967359050445104,0.42731048805815164
5928,0.6116022702991453,0.39839762611275964,0.42964693665628245
5929,0.6133180982905984,0.398160237388724,0.42419522326064385
5930,0.6138536164529915,0.39679525222551926,0.4252336448598131
5931,0.6142905235042735,0.39584569732937686,0.42471443406022846
5932,0.6145976068376069,0.39525222551928785,0.4215991692627207
5933,0.6140034561965813,0.39620178041543025,0.42731048805815164
5934,0.6151199305555556,0.39637982195845695,0.42627206645898236
5935,0.6125685363247864,0.3976854599406528,0.42627206645898236
5936,0.613542094017094,0.3969139465875371,0.42367601246105924
5937,0.6141066346153846,0.39620178041543025,0.42315680166147457
5938,0.6140192574786325,0.39584569732937686,0.426791277258567
5939,0.6137544497863248,0.39614243323442133,0.42731048805815164
5940,0.576817061965812,0.3873590504451038,0.4439771547248183
5941,0.5888647382478632,0.39317507418397624,0.42834890965732086
5942,0.6164297168803419,0.39643916913946586,0.42367601246105924
5943,0.6138198076923077,0.3955489614243323,0.42575285565939774
5944,0.6147164957264957,0.39614243323442133,0.42419522326064385
5945,0.6137421688034188,0.39584569732937686,0.42263759086188996
5946,0.6135790651709402,0.39637982195845695,0.42419522326064385
5947,0.6154902777777778,0.39703264094955487,0.4252336448598131
5948,0.6123722168803419,0.39614243323442133,0.4252336448598131
5949,0.6117769284188035,0.39637982195845695,0.42471443406022846
5950,0.6134413835470085,0.3964985163204748,0.42419522326064385
5951,0.612868579059829,0.3964985163204748,0.42367601246105924
5952,0.6136875961538462,0.3967359050445104,0.42367601246105924
5953,0.6163409188034188,0.39679525222551926,0.42367601246105924
5954,0.6155340438034188,0.39637982195845695,0.4252336448598131
5955,0.6136461912393163,0.39643916913946586,0.4252336448598131
5956,0.6129286645299146,0.39637982195845695,0.42419522326064385
5957,0.5983881784188034,0.39703264094955487,0.4148494288681205
5958,0.6380533226495726,0.39905044510385757,0.42263759086188996
5959,0.5985472435897436,0.39578635014836794,0.42782969885773625
5960,0.6145054700854701,0.3968545994065282,0.42315680166147457
5961,0.6138980021367522,0.3963204747774481,0.42419522326064385
5962,0.6091629700854702,0.3965578635014837,0.42367601246105924
5963,0.6121190705128206,0.397566765578635,0.42419522326064385
5964,0.6140563782051283,0.396973293768546,0.42471443406022846
5965,0.6118156997863248,0.3955489614243323,0.42575285565939774
5966,0.6128998344017094,0.39525222551928785,0.42627206645898236
5967,0.6128824946581197,0.39548961424332346,0.4252336448598131
5968,0.6127036591880342,0.39643916913946586,0.42471443406022846
5969,0.6128049091880342,0.39661721068249256,0.42419522326064385
5970,0.6127220993589744,0.39661721068249256,0.42575285565939774
5971,0.6148884241452992,0.39620178041543025,0.42419522326064385
5972,0.6155535523504274,0.39584569732937686,0.42471443406022846
5973,0.6139501549145299,0.39643916913946586,0.42471443406022846
5974,0.6116202403846154,0.39643916913946586,0.42419522326064385
5975,0.6120191452991454,0.3991097922848665,0.42107995846313606
5976,0.6058555235042735,0.40537685459940653,0.42419522326064385
5977,0.6196495673076923,0.3995252225519288,0.4127725856697819
5978,0.6016228525641025,0.39382789317507416,0.4179646936656283
5979,0.6101143429487179,0.4010741839762611,0.43447559709241956
5980,0.6562173664529914,0.40154302670623143,0.4122533748701973
5981,0.5806954220085471,0.3927596439169139,0.4101765316718588
5982,0.608628295940171,0.4021780415430267,0.44615784008307374
5983,0.6604249358974359,0.392106824925816,0.43759086188992735
5984,0.599722248931624,0.3827893175074184,0.4205607476635514
5985,0.5867315651709402,0.4037448071216617,0.42315680166147457
5986,0.6269072596153846,0.4060314540059347,0.42263759086188996
5987,0.6111687019230769,0.39916913946587534,0.4215991692627207
5988,0.6065543108974358,0.398160237388724,0.4315680166147456
5989,0.6514045673076924,0.39008902077151336,0.42471443406022846
5990,0.6218199626068376,0.4081236414836795,0.40446521287642784
5991,0.5892026495726496,0.41179341762611277,0.40446521287642784
5992,0.6420458974358975,0.3869436201780415,0.4389408099688474
5993,0.6266075587606837,0.3830860534124629,0.4164070612668744
5994,0.5641175160256411,0.40653152102973295,0.42627206645898236
5995,0.6214296741452991,0.405893175074184,0.4431464174454829
5996,0.6666547489316239,0.4056854599406528,0.426791277258567
5997,0.5824974252136752,0.40264688427299705,0.4252336448598131
5998,0.5970129166666667,0.3921661721068249,0.4407580477673936
5999,0.6519353579059829,0.38528189910979227,0.416926272066459
6000,0.5947632425213676,0.3833234421364985,0.39979231568016615
6001,0.5828264583333334,0.41409205578635017,0.4339563862928349
6002,0.6338387446581196,0.40836280611275966,0.439460020768432
6003,0.646193547008547,0.3899703264094955,0.4184839044652129
6004,0.6867880021367522,0.4084368852818991,0.43110072689511947
6005,0.5468642948717949,0.4216058362017804,0.44880581516095536
6006,0.655714358974359,0.3835608308605341,0.4075804776739356
6007,0.6360966185897436,0.3918100890207715,0.42575285565939774
6008,0.548935454059829,0.40536498516320474,0.42627206645898236
6009,0.651302142094017,0.3830860534124629,0.39563862928348914
6010,0.6494140277777778,0.40379228486646884,0.4449636552440291
6011,0.6804799091880342,0.4233197703264095,0.44755970924195226
6012,0.5949666880341881,0.41161314356083084,0.40446521287642784
6013,0.6253486378205129,0.3851632047477745,0.3826583592938733
6014,0.596144594017094,0.40275370919881304,0.432398753894081
6015,0.615224391025641,0.4039169139465875,0.42367601246105924
6016,0.6008784508547008,0.3823145400593472,0.4164070612668744
6017,0.6408918803418804,0.41421045637982196,0.42731048805815164
6018,0.6420669764957265,0.38842729970326406,0.4360851505711319
6019,0.5976048611111111,0.41209923418397626,0.4148494288681205
6020,0.6578833974358975,0.3945994065281899,0.4018691588785047
6021,0.6417423183760684,0.3927596439169139,0.41433021806853587
6022,0.6213475106837607,0.39560830860534124,0.42263759086188996
6023,0.5317909722222223,0.3963204747774481,0.4205607476635514
6024,0.5983137019230769,0.40730781240356084,0.4369158878504673
6025,0.685031688034188,0.3919287833827893,0.4221183800623053
6026,0.6229419764957265,0.368486646884273,0.3598130841121495
6027,0.6003965384615385,0.3877151335311573,0.4379023883696781
6028,0.5910957692307692,0.40560237388724035,0.42107995846313606
6029,0.5726515651709402,0.4073527565578635,0.44039460020768434
6030,0.5793971848290599,0.3992878338278932,0.46277258566978197
6031,0.6170492467948718,0.38943620178041544,0.4205607476635514
6032,0.6408589209401709,0.38344213649851633,0.42367601246105924
6033,0.6346312232905983,0.3833827893175074,0.4559709241952233
6034,0.5660998130341881,0.3650445103857567,0.38785046728971967
6035,0.636287938034188,0.401566765578635,0.4215991692627207
6036,0.6215841025641026,0.39287833827893176,0.4291796469366563
6037,0.6196894070512821,0.4029258160237389,0.416926272066459
6038,0.6488011698717949,0.40960482991097924,0.4200415368639668
6039,0.6092041239316239,0.3950741839762611,0.42731048805815164
6040,0.6247205448717948,0.3944213649851632,0.4127725856697819
6041,0.6491536271367522,0.3837388724035608,0.41952232606438217
6042,0.6101937606837606,0.38421364985163203,0.41433021806853587
6043,0.5974213675213675,0.360593471810089,0.39304257528556596
6044,0.6632837767094018,0.37946587537091986,0.397196261682243
6045,0.6336668856837607,0.3947181008902077,0.4101765316718588
6046,0.6102613835470085,0.4004747774480712,0.42834890965732086
6047,0.6016904006410256,0.4020949554896142,0.4447040498442368
6048,0.5805269871794871,0.398160237388724,0.4403426791277259
6049,0.6023510576923077,0.3935311572700297,0.42886812045690553
6050,0.6081309348290598,0.4009258160237389,0.43883696780893044
6051,0.6170786164529914,0.3944807121661721,0.37331256490134995
6052,0.6162546848290598,0.39400593471810086,0.4122533748701973
6053,0.6132888194444445,0.39044510385756676,0.4205607476635514
6054,0.6133039155982907,0.394540059347181,0.4190031152647975
6055,0.614539594017094,0.3968545994065282,0.4205607476635514
6056,0.6157470566239316,0.39905044510385757,0.42834890965732086
6057,0.6145091185897436,0.3972106824925816,0.42938733125649015
6058,0.6135238568376069,0.3965578635014837,0.42575285565939774
6059,0.6144628632478633,0.39821958456973294,0.42575285565939774
6060,0.6134843856837606,0.3969139465875371,0.4252336448598131
6061,0.6138438835470086,0.39305637982195846,0.41744548286604366
6062,0.6154126549145299,0.39637982195845695,0.4205607476635514
6063,0.6139837446581197,0.39863501483679525,0.426791277258567
6064,0.613952126068376,0.3965578635014837,0.42419522326064385
6065,0.6146165598290598,0.39762611275964393,0.42834890965732086
6066,0.6138756143162394,0.3965578635014837,0.42834890965732086
6067,0.6134776014957265,0.3970919881305638,0.4252336448598131
6068,0.6140385042735043,0.39637982195845695,0.41952232606438217
6069,0.6137541666666667,0.3916913946587537,0.4148494288681205
6070,0.6129630715811966,0.39359050445103855,0.4184839044652129
6071,0.6139170352564103,0.3971513353115727,0.42419522326064385
6072,0.6141248237179487,0.3964985163204748,0.43021806853582556
6073,0.6140650534188035,0.3942433234421365,0.42575285565939774
6074,0.6131745085470086,0.3942433234421365,0.42627206645898236
6075,0.6146624786324786,0.3985163204747774,0.42834890965732086
6076,0.6663294284188035,0.4360817459940653,0.5007477445482866
6077,0.614739391025641,0.42120186824925815,0.40290758047767394
6078,0.6119586378205129,0.39620178041543025,0.4117341640706127
6079,0.6124133493589744,0.36771513353115726,0.4158878504672897
6080,0.611959391025641,0.388486646884273,0.40342679127725856
6081,0.6137475854700855,0.3999406528189911,0.4252336448598131
6082,0.6152380021367522,0.4003560830860534,0.4290238836967809
6083,0.615862313034188,0.4011394658753709,0.42834890965732086
6084,0.6161438408119658,0.40218397626112756,0.4342159916926272
6085,0.61569984508547,0.4002373887240356,0.4319833852544133
6086,0.6148670833333334,0.39519287833827893,0.42419522326064385
6087,0.613366469017094,0.3953709198813056,0.42627206645898236
6088,0.6134169658119658,0.3973887240356083,0.42627206645898236
6089,0.6135472702991454,0.39578635014836794,0.42419522326064385
6090,0.6141766025641026,0.3966765578635015,0.42627206645898236
6091,0.6137786217948717,0.3953115727002967,0.42419522326064385
6092,0.6106661698717949,0.38664688427299704,0.4138110072689512
6093,0.6107777777777778,0.3861721068249258,0.41433021806853587
6094,0.6130872916666666,0.39341246290801185,0.4190031152647975
6095,0.5371249465811966,0.4306523305637982,0.5010643504672897
6096,0.6192923450854702,0.39222551928783383,0.4179646936656283
6097,0.6149543856837607,0.3972106824925816,0.42782969885773625
6098,0.6091421848290599,0.3973887240356083,0.43021806853582556
6099,0.612362905982906,0.39643916913946586,0.42471443406022846
6100,0.6138494177350428,0.39643916913946586,0.42627206645898236
6101,0.6113149786324786,0.39780415430267063,0.42886812045690553
6102,0.6194192574786325,0.39566765578635016,0.416926272066459
6103,0.622480405982906,0.3941246290801187,0.4158878504672897
6104,0.6149651175213675,0.39614243323442133,0.42315680166147457
6105,0.6123290224358975,0.396973293768546,0.42575285565939774
6106,0.6105650053418803,0.3968545994065282,0.42731048805815164
6107,0.6115708974358974,0.3972106824925816,0.42886812045690553
6108,0.6160932371794872,0.3959050445103858,0.4252336448598131
6109,0.6154556036324786,0.3953115727002967,0.4221183800623053
6110,0.6137418856837606,0.39679525222551926,0.4215991692627207
6111,0.6247375534188034,0.3863501483679525,0.4106957424714434
6112,0.6201357051282052,0.39614243323442133,0.4221183800623053
6113,0.6104902457264958,0.39881305637982195,0.4301142263759086
6114,0.6140122542735043,0.3972700296735905,0.4252336448598131
6115,0.6143316132478632,0.3972106824925816,0.42419522326064385
6116,0.6136219497863248,0.39661721068249256,0.42419522326064385
6117,0.6112292574786324,0.3994658753709199,0.42912772585669784
6118,0.6133910897435897,0.39869436201780417,0.4326583592938733
6119,0.616661485042735,0.3940652818991098,0.4252336448598131
6120,0.6132638034188034,0.39643916913946586,0.42627206645898236
6121,0.6146142254273504,0.39501483679525223,0.42263759086188996
6122,0.6145789743589744,0.39626112759643917,0.42782969885773625
6123,0.6137295352564103,0.39608308605341247,0.42782969885773625
6124,0.6136570886752137,0.3963204747774481,0.42367601246105924
6125,0.6146322863247863,0.3964985163204748,0.42367601246105924
6126,0.6143888354700855,0.3955489614243323,0.42575285565939774
6127,0.6123492307692308,0.39614243323442133,0.4329698857736241
6128,0.7179806463675213,0.3835608308605341,0.4148494288681205
6129,0.6095078151709402,0.3971513353115727,0.43276220145379024
6130,0.6087203792735043,0.39602373887240355,0.42471443406022846
6131,0.6190439423076923,0.3965578635014837,0.42367601246105924
6132,0.612388498931624,0.3967359050445104,0.42575285565939774
6133,0.6116330128205129,0.39584569732937686,0.42471443406022846
6134,0.6045961858974359,0.39483679525222554,0.42419522326064385
6135,0.6096673824786325,0.3965578635014837,0.42419522326064385
6136,0.6150216826923077,0.3965578635014837,0.4252336448598131
6137,0.6143513514957265,0.39620178041543025,0.42575285565939774
6138,0.6123645192307692,0.39620178041543025,0.42367601246105924
6139,0.6121424519230769,0.3959050445103858,0.42419522326064385
6140,0.6113140064102565,0.39596439169139463,0.4252336448598131
6141,0.6139142414529914,0.39703264094955487,0.42471443406022846
6142,0.613788936965812,0.39626112759643917,0.42471443406022846
6143,0.6145240651709402,0.3963204747774481,0.42367601246105924
6144,0.6128697863247863,0.39643916913946586,0.42367601246105924
6145,0.6156890705128205,0.39679525222551926,0.42263759086188996
6146,0.6163487606837607,0.3970919881305638,0.42367601246105924
6147,0.6010512873931624,0.3948961424332344,0.42731048805815164
6148,0.6113420085470085,0.39578635014836794,0.4252336448598131
6149,0.6182080074786325,0.39626112759643917,0.42367601246105924
6150,0.6069507585470085,0.39513353115727,0.42575285565939774
6151,0.5877805555555555,0.3887240356083086,0.42782969885773625
6152,0.5545316506410256,0.39222551928783383,0.43463136033229494
6153,0.601393327991453,0.39335311572700293,0.42575285565939774
6154,0.6240673076923077,0.39863501483679525,0.42315680166147457
6155,0.612075016025641,0.39703264094955487,0.42315680166147457
6156,0.6055708386752137,0.3948961424332344,0.42419522326064385
6157,0.6121561538461538,0.3953115727002967,0.42627206645898236
6158,0.6148332585470085,0.39614243323442133,0.42471443406022846
6159,0.616005625,0.3967359050445104,0.42367601246105924
6160,0.6113407051282052,0.39596439169139463,0.42575285565939774
6161,0.6100917094017094,0.39608308605341247,0.42419522326064385
6162,0.6138806837606837,0.39596439169139463,0.42471443406022846
6163,0.6139014316239316,0.39620178041543025,0.42471443406022846
6164,0.6121362713675214,0.3968545994065282,0.42263759086188996
6165,0.613503530982906,0.3963204747774481,0.42419522326064385
6166,0.6075285096153846,0.3768545994065282,0.3862928348909658
6167,0.6109248878205128,0.3972106824925816,0.40602284527518173
6168,0.5790469604700854,0.4113639390504451,0.4319314641744548
6169,0.6418987927350427,0.39068249258160237,0.43359293873312565
6170,0.6410676335470086,0.37910979228486646,0.407061266874351
6171,0.5577458867521368,0.3999406528189911,0.4164070612668744
6172,0.6100673771367522,0.4120402178041543,0.43914849428868125
6173,0.6548945352564103,0.3975074183976261,0.4112149532710281
6174,0.6051586324786324,0.39281899109792284,0.42263759086188996
6175,0.6102212606837607,0.4026884272997033,0.44148494288681206
6176,0.6354927777777778,0.3881305637982196,0.4158878504672897
6177,0.6050687980769232,0.37768545994065283,0.4086188992731049
6178,0.5864775534188034,0.4055074183976261,0.42731048805815164
6179,0.6201305876068376,0.4067368864391691,0.4382139148494289
6180,0.6005647702991452,0.37643916913946585,0.3857736240913811
6181,0.5960356036324786,0.4026765578635015,0.39875389408099693
6182,0.5591178472222222,0.4015786350148368,0.42263759086188996
6183,0.6284305395299146,0.3861721068249258,0.42575285565939774
6184,0.6546256196581197,0.38225519287833826,0.43359293873312565
6185,0.5898919604700855,0.40300890207715134,0.4300103842159917
6186,0.6185612713675214,0.41289437922848665,0.429595015576324
6187,0.6421635844017094,0.4007774480712166,0.4132917964693666
6188,0.598408360042735,0.3917507418397626,0.4138110072689512
6189,0.590818920940171,0.39281899109792284,0.4473520249221184
6190,0.6379914850427351,0.39798219584569733,0.42315680166147457
6191,0.6108121153846153,0.38842729970326406,0.39563862928348914
6192,0.5760493429487179,0.3916913946587537,0.42367601246105924
6193,0.6276353311965812,0.4001186943620178,0.43811007268951196
6194,0.6375203418803419,0.38985163204747775,0.42419522326064385
6195,0.6325058173076923,0.4058219584569733,0.4200415368639668
6196,0.6800509775641026,0.3991097922848665,0.4164070612668744
6197,0.6773471794871795,0.38528189910979227,0.4039460020768432
6198,0.5688178205128205,0.3717507418397626,0.4049844236760125
6199,0.6078855341880343,0.39560830860534124,0.4138110072689512
6200,0.5646979754273505,0.3969139465875371,0.42782969885773625
6201,0.6136055128205128,0.39602373887240355,0.4411214953271028
6202,0.6917487767094017,0.4085938318694362,0.4356178608515057
6203,0.6346297489316239,0.37804154302670623,0.4221183800623053
6204,0.5521837126068376,0.3971513353115727,0.438785046728972
6205,0.6067015117521368,0.378160237388724,0.4132917964693666
6206,0.6568326228632478,0.38189910979228486,0.39148494288681207
6207,0.6449018429487179,0.41786229732937685,0.4518172377985462
6208,0.5669242788461538,0.39329376854599407,0.4439771547248183
6209,0.6656649572649572,0.39400593471810086,0.397196261682243
6210,0.6028849305555556,0.41437146290801186,0.4055036344755971
6211,0.6552502884615384,0.41681598694362015,0.4487019730010384
6212,0.6689753472222222,0.40064094955489615,0.39096573208722746
6213,0.6272985950854701,0.4039347181008902,0.3920041536863967
6214,0.5513219818376068,0.4003560830860534,0.42419522326064385
6215,0.6094075427350427,0.3965578635014837,0.476116303219107
6216,0.7048186271367521,0.4010326409495549,0.43359293873312565
6217,0.536685795940171,0.3773887240356083,0.37798546209761164
6218,0.6109060202991453,0.40399999999999997,0.40965732087227413
6219,0.5945609935897436,0.39240356083086053,0.40342679127725856
6220,0.6016376923076923,0.39620178041543025,0.39771547248182765
6221,0.6459126495726496,0.412897306231454,0.4055036344755971
6222,0.6096827403846155,0.39305637982195846,0.42367601246105924
6223,0.5934648290598291,0.395727002967359,0.4341121495327103
6224,0.6100579647435898,0.3942433234421365,0.426791277258567
6225,0.5866659775641025,0.38729970326409496,0.42263759086188996
6226,0.5852079326923076,0.41100906516320473,0.3624091381100727
6227,0.6077355181623931,0.4088374352522255,0.4138110072689512
6228,0.6194584882478633,0.39881305637982195,0.41744548286604366
6229,0.5951455395299146,0.39881305637982195,0.39771547248182765
6230,0.5870301442307693,0.40134718100890204,0.42107995846313606
6231,0.6373576762820513,0.4008427299703264,0.430269989615784
6232,0.6290308547008547,0.3982789317507418,0.42419522326064385
6233,0.5902303098290598,0.40999369827893173,0.436656282450675
6234,0.586585341880342,0.39519287833827893,0.41744548286604366
6235,0.5254754433760684,0.41249282077151334,0.36448598130841126
6236,0.593961875,0.3964985163204748,0.42575285565939774
6237,0.6641272435897436,0.3893768545994065,0.4331256490134995
6238,0.6312701762820513,0.3943620178041543,0.40083073727933544
6239,0.5980879754273505,0.3801780415430267,0.39875389408099693
6240,0.5766136217948719,0.3972106824925816,0.3800623052959502
6241,0.6114977724358974,0.4025103857566765,0.4106957424714434
6242,0.6264657371794872,0.391513353115727,0.4596053997923157
6243,0.6182629380341881,0.4175001293768546,0.4573208722741433
6244,0.6089020138888889,0.3864094955489614,0.40238836967808933
6245,0.6187944764957265,0.3855192878338279,0.3800623052959502
6246,0.6121482211538462,0.3999406528189911,0.4392004153686397
6247,0.6103620085470085,0.38961424332344213,0.4340083073727934
6248,0.6164023931623932,0.3941246290801187,0.4158878504672897
6249,0.6199749091880342,0.4109720839169139,0.4352544132917965
6250,0.6154601602564103,0.4033293768545994,0.440809968847352
6251,0.6139773824786325,0.3973293768545994,0.4252336448598131
6252,0.6168370405982906,0.401080118694362,0.41952232606438217
6253,0.6146623076923077,0.3946587537091988,0.4190031152647975
6254,0.6121367735042735,0.39103857566765576,0.4184839044652129
6255,0.6110744925213676,0.391513353115727,0.42471443406022846
6256,0.613152719017094,0.39359050445103855,0.42471443406022846
6257,0.6166226388888889,0.3995252225519288,0.426791277258567
6258,0.6164788675213675,0.40118100890207714,0.42471443406022846
6259,0.6151846527777778,0.3981008902077151,0.42263759086188996
6260,0.6128663247863249,0.39661721068249256,0.4386292834890966
6261,0.6121723023504273,0.3935311572700297,0.4300103842159917
6262,0.6133990224358974,0.39086053412462907,0.4127725856697819
6263,0.6128578846153846,0.39543026706231454,0.4252336448598131
6264,0.6268048023504273,0.4006528189910979,0.39875389408099693
6265,0.6060737019230769,0.3879525222551929,0.407061266874351
6266,0.6138284615384615,0.3938872403560831,0.426791277258567
6267,0.6131936912393162,0.3935311572700297,0.42731048805815164
6268,0.610551233974359,0.3901483679525222,0.43094496365524404
6269,0.6140415438034188,0.39341246290801185,0.42912772585669784
6270,0.6172277777777778,0.39999999999999997,0.4304257528556594
6271,0.6146719497863248,0.39875370919881303,0.41433021806853587
6272,0.615590235042735,0.40243916913946587,0.4101765316718588
6273,0.606907264957265,0.3867655786350148,0.4534267912772586
6274,0.6194579700854701,0.4078812030860534,0.42886812045690553
6275,0.6251959615384616,0.417737706231454,0.4101765316718588
6276,0.6082696527777778,0.3865281899109792,0.44574247144340606
6277,0.6153915598290598,0.39566765578635016,0.43733125649013505
6278,0.6199752991452991,0.4032522255192878,0.4337487019730011
6279,0.6112126655982906,0.3917507418397626,0.4200415368639668
6280,0.607454358974359,0.38391691394658756,0.4112149532710281
6281,0.6179154433760684,0.4056379821958457,0.4339563862928349
6282,0.6322492147435897,0.45889207537091986,0.4556593977154725
6283,0.6078338514957264,0.39922848664688426,0.4622533748701973
6284,0.5964373664529914,0.34302670623145404,0.43099688473520253
6285,0.62025625,0.3945994065281899,0.39511941848390447
6286,0.560929407051282,0.44179857210682494,0.5071970742471443
6287,0.6102458707264957,0.40455786350148365,0.42263759086188996
6288,0.612270827991453,0.39204747774480714,0.42627206645898236
6289,0.6090772596153846,0.39584569732937686,0.43385254413291796
6290,0.6167782745726496,0.3938872403560831,0.42263759086188996
6291,0.6359741666666667,0.38664688427299704,0.40083073727933544
6292,0.6300504647435897,0.3907418397626113,0.4065420560747664
6293,0.6101288675213675,0.39940652818991096,0.42912772585669784
6294,0.6189892948717949,0.3965578635014837,0.41952232606438217
6295,0.6203156677350428,0.39703264094955487,0.41744548286604366
6296,0.6128294497863248,0.3982789317507418,0.42367601246105924
6297,0.6207338194444445,0.3971513353115727,0.4127725856697819
6298,0.6224600213675213,0.3991097922848665,0.4106957424714434
6299,0.6136486057692307,0.39905044510385757,0.42367601246105924
6300,0.611418311965812,0.3974480712166172,0.42834890965732086
6301,0.6120484775641026,0.3985163204747774,0.42731048805815164
6302,0.6110399412393163,0.39857566765578634,0.4290238836967809
6303,0.6085987606837607,0.4004747774480712,0.4301661474558671
6304,0.6221429807692308,0.3849258160237389,0.41744548286604366
6305,0.6346942948717949,0.37893175074183977,0.40290758047767394
6306,0.6097580982905983,0.37507418397626113,0.3790238836967809
6307,0.6154815491452992,0.4120970737091988,0.4101765316718588
6308,0.6100265010683761,0.3914540059347181,0.40238836967808933
6309,0.6113648664529915,0.3883679525222552,0.4117341640706127
6310,0.6115020726495727,0.38884272997032643,0.4334890965732087
6311,0.6165357532051282,0.3994658753709199,0.4336967808930426
6312,0.6171197222222222,0.4009554896142433,0.4363966770508827
6313,0.6131819925213675,0.39519287833827893,0.4106957424714434
6314,0.6134152884615385,0.3973887240356083,0.40965732087227413
6315,0.6137547702991453,0.39608308605341247,0.42107995846313606
6316,0.6135976442307692,0.3948961424332344,0.4301142263759086
6317,0.6109813247863248,0.38842729970326406,0.4252336448598131
6318,0.6088082692307693,0.3851632047477745,0.41433021806853587
6319,0.613306501068376,0.39584569732937686,0.42627206645898236
6320,0.6164669551282052,0.3991097922848665,0.43390446521287646
6321,0.6146677297008547,0.3953115727002967,0.42897196261682247
6322,0.6132629754273504,0.39483679525222554,0.42419522326064385
6323,0.6128893643162393,0.3959050445103858,0.4184839044652129
6324,0.614753344017094,0.39899109792284865,0.4164070612668744
6325,0.6148015224358974,0.39999999999999997,0.4205607476635514
6326,0.6129907264957265,0.39525222551928785,0.42782969885773625
6327,0.6134720085470086,0.39341246290801185,0.43883696780893044
6328,0.6168592735042735,0.4052759643916914,0.42367601246105924
6329,0.6277489476495727,0.38403560830860534,0.4407580477673936
6330,0.6058861698717949,0.38712166172106827,0.4221183800623053
6331,0.6271214636752137,0.4007181008902077,0.4221183800623053
6332,0.6371805662393163,0.40297329376854596,0.4205607476635514
6333,0.6161866025641025,0.39483679525222554,0.42419522326064385
6334,0.610217232905983,0.3944807121661721,0.42471443406022846
6335,0.6146788514957265,0.3971513353115727,0.42471443406022846
6336,0.6167446794871795,0.3973887240356083,0.42575285565939774
6337,0.6133257745726496,0.3944213649851632,0.4252336448598131
6338,0.6106298344017094,0.39080118694362015,0.42782969885773625
6339,0.6175769658119659,0.39483679525222554,0.42575285565939774
6340,0.611262922008547,0.40081305637982195,0.4215991692627207
6341,0.6093699091880342,0.39982195845697327,0.4221183800623053
6342,0.6156655555555556,0.3883086053412463,0.4304257528556594
6343,0.6183080128205128,0.3885459940652819,0.4313603322949118
6344,0.6311040651709402,0.40830142409495546,0.41433021806853587
6345,0.6231472489316239,0.4049614243323442,0.4158878504672897
6346,0.602770219017094,0.3887240356083086,0.4298026998961579
6347,0.6245134241452992,0.3857566765578635,0.4215991692627207
6348,0.5887723824786325,0.3833827893175074,0.446521287642783
6349,0.6437795673076923,0.40322255192878337,0.4148494288681205
6350,0.6002469818376068,0.39519287833827893,0.426791277258567
6351,0.6021950801282051,0.3937091988130564,0.426791277258567
6352,0.6153135950854701,0.39258160237388723,0.426791277258567
6353,0.5981121153846154,0.3941246290801187,0.43052959501557636
6354,0.5902706196581197,0.39887240356083087,0.4252336448598131
6355,0.5878455608974359,0.39525222551928785,0.42782969885773625
6356,0.6034289049145299,0.39347181008902077,0.42782969885773625
6357,0.6182514797008547,0.3964985163204748,0.42315680166147457
6358,0.6212068696581197,0.396973293768546,0.4252336448598131
6359,0.6191629273504273,0.39762611275964393,0.42263759086188996
6360,0.6120877777777778,0.3963204747774481,0.42315680166147457
6361,0.6186688141025641,0.39661721068249256,0.4252336448598131
6362,0.6211873504273504,0.3967359050445104,0.42419522326064385
6363,0.610991704059829,0.3943620178041543,0.42627206645898236
6364,0.6094738194444445,0.3947181008902077,0.42731048805815164
6365,0.6063764155982906,0.3944213649851632,0.426791277258567
6366,0.6141936004273505,0.39643916913946586,0.42315680166147457
6367,0.622169577991453,0.39620178041543025,0.42367601246105924
6368,0.6247277510683761,0.3964985163204748,0.42367601246105924
6369,0.6071586217948718,0.3955489614243323,0.42627206645898236
6370,0.6239225587606838,0.3974480712166172,0.42263759086188996
6371,0.6188905555555555,0.40195252225519285,0.42731048805815164
6372,0.5819828365384616,0.4131243946587537,0.42107995846313606
6373,0.5900053846153847,0.39578635014836794,0.43909657320872275
6374,0.6527769284188034,0.3943620178041543,0.44543094496365526
6375,0.6649236431623932,0.38344213649851633,0.42782969885773625
6376,0.6046718002136753,0.3859347181008902,0.4117341640706127
6377,0.5879843856837607,0.3953709198813056,0.439460020768432
6378,0.5945054540598291,0.39121661721068246,0.42782969885773625
6379,0.6092415170940171,0.4045459940652819,0.40134994807892005
6380,0.6314276068376068,0.4046587537091988,0.4792367601246106
6381,0.6039102243589743,0.41594063857566765,0.426791277258567
6382,0.637227483974359,0.4160727940652819,0.407061266874351
6383,0.6478312446581197,0.40041543026706233,0.4148494288681205
6384,0.6146831036324787,0.39543026706231454,0.4184839044652129
6385,0.6107371848290598,0.4122623613649852,0.4215991692627207
6386,0.6364852297008547,0.4052878338278932,0.4329698857736241
6387,0.6553485096153846,0.3971513353115727,0.4132917964693666
6388,0.5995334455128205,0.39204747774480714,0.40446521287642784
6389,0.5658237286324787,0.39596439169139463,0.42782969885773625
6390,0.6258362980769231,0.3927596439169139,0.45145379023883697
6391,0.6429432852564103,0.3854005934718101,0.44600207684319837
6392,0.5844276923076923,0.381186943620178,0.416926272066459
6393,0.5800220993589744,0.4092976203560831,0.4117341640706127
6394,0.647223108974359,0.42040404569732936,0.43260643821391487
6395,0.6768172168803419,0.3991097922848665,0.40446521287642784
6396,0.5886314903846154,0.3829080118694362,0.39823468328141226
6397,0.5536569551282051,0.3922848664688427,0.4588785046728972
6398,0.6253095512820512,0.39958456973293766,0.4489096573208723
6399,0.6204058920940171,0.40991439857566764,0.4628245067497404
6400,0.5867920032051283,0.4159604421364985,0.4148494288681205
6401,0.5924878472222223,0.3973293768545994,0.4117341640706127
6402,0.5913840438034188,0.3830860534124629,0.42107995846313606
6403,0.6703539262820513,0.4013056379821958,0.4148494288681205
6404,0.6596264583333333,0.4012581602373887,0.38940809968847356
6405,0.5793105555555556,0.37388724035608306,0.4402907580477674
6406,0.5674163354700855,0.3712759643916914,0.47917445482866045
6407,0.5412989049145299,0.3335311572700297,0.3883696780893043
6408,0.6264241452991453,0.40338278931750743,0.4416926272066459
6409,0.6047139155982906,0.40752412504451035,0.4642263759086189
6410,0.597401842948718,0.3995252225519288,0.42886812045690553
6411,0.5774095245726496,0.39002967359050444,0.4347871235721703
6412,0.5615405074786325,0.3893175074183976,0.45586708203530635
6413,0.6185352403846154,0.4002967359050445,0.4179646936656283
6414,0.6240921688034188,0.38142433234421363,0.4205607476635514
6415,0.6280415544871795,0.3801186943620178,0.4184839044652129
6416,0.649432889957265,0.3925222551928783,0.45514018691588787
6417,0.6869846153846154,0.3801780415430267,0.4190031152647975
6418,0.6778535737179487,0.39637982195845695,0.39927310488058154
6419,0.5936557692307692,0.3996439169139466,0.41433021806853587
6420,0.5797227297008547,0.3948961424332344,0.4122533748701973
6421,0.5358999572649573,0.40779731887240356,0.39823468328141226
6422,0.6615534935897436,0.3973293768545994,0.416926272066459
6423,0.7263697863247863,0.39246290801186945,0.45514018691588787
6424,0.6681921527777778,0.3992878338278932,0.4179646936656283
6425,0.6952752670940171,0.38824925816023736,0.4544652128764278
6426,0.6486167788461539,0.39780415430267063,0.4190031152647975
6427,0.549578888888889,0.3948961424332344,0.4065420560747664
6428,0.5259291132478633,0.40583976261127597,0.4153686396677051
6429,0.6130015865384615,0.39002967359050444,0.4306334371754933
6430,0.71419640491453,0.3829673590504451,0.4606957424714434
6431,0.6307915331196581,0.3911572700296736,0.42315680166147457
6432,0.5282496634615385,0.33827893175074186,0.3348909657320872
6433,0.5757597115384615,0.3741839762611276,0.4112149532710281
6434,0.6531558012820513,0.388486646884273,0.4393042575285566
6435,0.6469446367521368,0.396973293768546,0.42575285565939774
6436,0.6104051442307692,0.3940652818991098,0.42107995846313606
6437,0.6339485416666667,0.40141246290801186,0.4403426791277259
6438,0.633924780982906,0.4111983439762611,0.42575285565939774
6439,0.5975669123931624,0.40382789317507417,0.4252336448598131
6440,0.6052459668803419,0.393946587537092,0.42627206645898236
6441,0.5997667361111111,0.40822929863501484,0.416926272066459
6442,0.5859966773504274,0.3573887240356083,0.37331256490134995
6443,0.657167686965812,0.3889614243323442,0.3904465212876428
6444,0.6328450534188035,0.40226706231454007,0.44880581516095536
6445,0.619955405982906,0.4073465178041543,0.4190031152647975
6446,0.5942803258547009,0.3973293768545994,0.3940809968847352
6447,0.5841844444444444,0.3664094955489614,0.4581516095534787
6448,0.6153260256410257,0.39578635014836794,0.4545171339563863
6449,0.6311578098290598,0.41846492878338276,0.41433021806853587
6450,0.577820219017094,0.3887833827893175,0.4153686396677051
6451,0.610885811965812,0.36931750741839764,0.46401869158878506
6452,0.6196679166666667,0.39875370919881303,0.43572170301142266
6453,0.6090464743589744,0.38842729970326406,0.43359293873312565
6454,0.6165120512820513,0.4028902077151335,0.4117341640706127
6455,0.6176860523504274,0.40299109792284865,0.42886812045690553
6456,0.6134245352564103,0.40635845697329376,0.40031152647975077
6457,0.6135349946581197,0.4039109792284866,0.40342679127725856
6458,0.6162591452991453,0.39246290801186945,0.4501557632398754
6459,0.6154654380341881,0.3912759643916914,0.43203530633437176
6460,0.6135707104700855,0.3919287833827893,0.4184839044652129
6461,0.6149288995726496,0.3963204747774481,0.42471443406022846
6462,0.6132214957264958,0.39875370919881303,0.4179646936656283
6463,0.6118326976495727,0.3947181008902077,0.42886812045690553
6464,0.609531842948718,0.39068249258160237,0.416926272066459
6465,0.6127730448717948,0.3947774480712166,0.4148494288681205
6466,0.6184800160256411,0.4010682492581602,0.4342159916926272
6467,0.602248969017094,0.37786350148367953,0.4127725856697819
6468,0.6132983386752137,0.39382789317507416,0.42367601246105924
6469,0.6168515491452992,0.39626112759643917,0.4358255451713396
6470,0.6136451655982906,0.3970919881305638,0.42471443406022846
6471,0.6148721367521368,0.3985163204747774,0.4215991692627207
6472,0.6119924946581197,0.3927596439169139,0.42315680166147457
6473,0.6118093055555556,0.3946587537091988,0.42367601246105924
6474,0.6155773023504274,0.3979228486646884,0.42627206645898236
6475,0.6162109455128205,0.397566765578635,0.426791277258567
6476,0.6124117467948718,0.39501483679525223,0.42575285565939774
6477,0.6115771794871795,0.3944213649851632,0.42263759086188996
6478,0.6161017414529915,0.3968545994065282,0.42782969885773625
6479,0.6158560844017094,0.395727002967359,0.43094496365524404
6480,0.6131888194444445,0.3966765578635015,0.42367601246105924
6481,0.6141908386752137,0.4001780415430267,0.4132917964693666
6482,0.6149686858974359,0.39845697329376856,0.4190031152647975
6483,0.6144296741452991,0.3970919881305638,0.429595015576324
6484,0.6151936698717949,0.39958456973293766,0.41952232606438217
6485,0.6145555822649573,0.39780415430267063,0.42367601246105924
6486,0.6142635042735043,0.39560830860534124,0.42886812045690553
6487,0.6123696047008547,0.3777448071216617,0.434527518172378
6488,0.6129084455128205,0.40293768545994063,0.43364485981308415
6489,0.6097970299145299,0.39899109792284865,0.426791277258567
6490,0.6052008547008547,0.3982789317507418,0.43831775700934583
6491,0.6098478151709402,0.4003560830860534,0.4329179646936656
6492,0.6161093108974359,0.39317507418397624,0.4221183800623053
6493,0.6146482318376069,0.3849851632047478,0.4252336448598131
6494,0.6182217895299145,0.3923442136498516,0.41952232606438217
6495,0.618314155982906,0.3997032640949555,0.416926272066459
6496,0.6102647329059829,0.39329376854599407,0.429595015576324
6497,0.6099775053418803,0.38991097922848666,0.4307372793354102
6498,0.6173624145299146,0.39281899109792284,0.4190031152647975
6499,0.6211358119658119,0.39637982195845695,0.41433021806853587
6500,0.6158910096153847,0.3953709198813056,0.4200415368639668
6501,0.5923060256410256,0.36718100890207717,0.3546209761163033
6502,0.6085756143162393,0.39614243323442133,0.4112149532710281
6503,0.621962702991453,0.4069327061364985,0.426791277258567
6504,0.6138283547008547,0.39637982195845695,0.4252336448598131
6505,0.6148015544871794,0.396973293768546,0.42419522326064385
6506,0.6164433653846154,0.3967359050445104,0.42782969885773625
6507,0.6141911057692307,0.3963204747774481,0.42731048805815164
6508,0.613772297008547,0.3959050445103858,0.4252336448598131
6509,0.6160173717948718,0.3975074183976261,0.42897196261682247
6510,0.6128973717948718,0.3915727002967359,0.43260643821391487
6511,0.6126835202991453,0.39086053412462907,0.43078920041536867
6512,0.6154249572649573,0.40063501483679526,0.42367601246105924
6513,0.6146391506410256,0.39881305637982195,0.4252336448598131
6514,0.6151444123931624,0.39513353115727,0.426791277258567
6515,0.6133377510683761,0.39602373887240355,0.42315680166147457
6516,0.6832667948717949,0.44970512878338276,0.41744548286604366
6517,0.6155916880341881,0.41058722551928784,0.4164070612668744
6518,0.6059167948717948,0.38439169139465873,0.42834890965732086
6519,0.6159186004273505,0.38605341246290803,0.42731048805815164
6520,0.6210267841880341,0.3995252225519288,0.42263759086188996
6521,0.6163244444444445,0.39643916913946586,0.42575285565939774
6522,0.6056961111111111,0.3918100890207715,0.426791277258567
6523,0.6145183653846154,0.39400593471810086,0.42471443406022846
6524,0.6187484401709402,0.39780415430267063,0.42367601246105924
6525,0.6147981623931624,0.39875370919881303,0.42315680166147457
6526,0.6126727938034189,0.39893175074183973,0.42367601246105924
6527,0.6139237873931624,0.3976854599406528,0.42471443406022846
6528,0.6150678632478632,0.3993471810089021,0.42367601246105924
6529,0.6162141399572649,0.39887240356083087,0.42419522326064385
6530,0.6188538782051283,0.3993471810089021,0.42315680166147457
6531,0.6143959829059829,0.39821958456973294,0.42367601246105924
6532,0.6156295192307693,0.3971513353115727,0.4252336448598131
6533,0.6154604113247863,0.3971513353115727,0.42419522326064385
6534,0.614369017094017,0.39246290801186945,0.42627206645898236
6535,0.5422571474358975,0.41868052344213647,0.3862928348909658
6536,0.5525681623931624,0.3714540059347181,0.4447040498442368
6537,0.5808518536324786,0.39513353115727,0.4290238836967809
6538,0.6083216987179487,0.3968545994065282,0.42419522326064385
6539,0.6022545138888888,0.3942433234421365,0.42782969885773625
6540,0.6068584775641026,0.39584569732937686,0.4252336448598131
6541,0.6093648557692308,0.39637982195845695,0.42575285565939774
6542,0.6045280235042735,0.3947774480712166,0.42731048805815164
6543,0.6083105502136752,0.39513353115727,0.42575285565939774
6544,0.6097679594017094,0.39596439169139463,0.42575285565939774
6545,0.6127403952991453,0.39661721068249256,0.42419522326064385
6546,0.6107269604700855,0.39578635014836794,0.4252336448598131
6547,0.6116576388888889,0.3959050445103858,0.42471443406022846
6548,0.6154073985042735,0.3963204747774481,0.42315680166147457
6549,0.6159395993589744,0.39703264094955487,0.42419522326064385
6550,0.6093012606837607,0.39578635014836794,0.42575285565939774
6551,0.6190047489316239,0.39762611275964393,0.4221183800623053
6552,0.6238217788461539,0.39798219584569733,0.4215991692627207
6553,0.6710726068376068,0.4108111496142433,0.4091381100726895
6554,0.5694914957264957,0.38807121661721067,0.44335410176531675
6555,0.5959778311965812,0.3944807121661721,0.46817237798546213
6556,0.6650177350427351,0.38729970326409496,0.4386292834890966
6557,0.585689391025641,0.3891394658753709,0.41744548286604366
6558,0.572453530982906,0.4004747774480712,0.4127725856697819
6559,0.6597581784188034,0.40041543026706233,0.40602284527518173
6560,0.6303177510683761,0.40286646884273,0.4132917964693666
6561,0.5557172756410257,0.39548961424332346,0.4523883696780893
6562,0.6490773824786324,0.39038575667655784,0.45404984423676015
6563,0.6313965331196582,0.38065281899109793,0.416926272066459
6564,0.5563900373931624,0.4012700296735905,0.416926272066459
6565,0.6453931143162394,0.4197210866468843,0.42107995846313606
6566,0.6684693910256411,0.3919287833827893,0.4086188992731049
6567,0.6232391613247863,0.38201780415430264,0.42107995846313606
6568,0.6494551709401709,0.3796439169139466,0.4200415368639668
6569,0.577379155982906,0.3973293768545994,0.43831775700934583
6570,0.6074073824786325,0.41335003976261125,0.426791277258567
6571,0.6637507745726496,0.39359050445103855,0.4039460020768432
6572,0.5947074946581197,0.3969139465875371,0.4164070612668744
6573,0.5636114476495726,0.3947774480712166,0.4376427829698858
6574,0.6556678579059829,0.3851038575667656,0.43219106957424713
6575,0.6324071741452992,0.3864094955489614,0.43219106957424713
6576,0.5664378098290599,0.39643916913946586,0.4304257528556594
6577,0.6003275427350427,0.4113071379821958,0.42575285565939774
6578,0.6509475854700855,0.4084238936498516,0.4164070612668744
6579,0.6628525961538462,0.39899109792284865,0.42886812045690553
6580,0.6511336057692307,0.3750148367952522,0.4091381100726895
6581,0.678769594017094,0.38724035608308605,0.416926272066459
6582,0.5717127884615385,0.41006699590504453,0.42471443406022846
6583,0.5723723397435898,0.3835608308605341,0.3857736240913811
6584,0.6682065170940171,0.39080118694362015,0.41433021806853587
6585,0.6349486485042735,0.40305044510385757,0.44854620976116305
6586,0.5288760737179488,0.41828596913946586,0.426791277258567
6587,0.6665722596153846,0.3849258160237389,0.42575285565939774
6588,0.6916917788461538,0.38605341246290803,0.4080996884735203
6589,0.6288936485042735,0.40809763240356084,0.4101765316718588
6590,0.5429779006410257,0.4225612225519288,0.3920041536863967
6591,0.6392942254273505,0.3735905044510386,0.40602284527518173
6592,0.6594006463675214,0.37228486646884273,0.42367601246105924
6593,0.5818881196581197,0.38967359050445105,0.46220145379023886
6594,0.6113834081196581,0.37008902077151334,0.47346832814122536
6595,0.6259528418803418,0.41288867893175074,0.4508307372793354
6596,0.6640017574786325,0.3940652818991098,0.40342679127725856
6597,0.5931286805555556,0.3828486646884273,0.39875389408099693
6598,0.6047034882478632,0.3865281899109792,0.43021806853582556
6599,0.6675744070512821,0.39347181008902077,0.43385254413291796
6600,0.5936947115384615,0.37910979228486646,0.4599688473520249
6601,0.5409052297008548,0.409690700652819,0.3868120456905504
6602,0.5382766025641026,0.37329376854599405,0.3354101765316719
6603,0.6175221688034188,0.36795252225519287,0.42315680166147457
6604,0.6226134455128205,0.36789317507418395,0.4221183800623053
6605,0.5609855608974359,0.40379821958456974,0.42367601246105924
6606,0.5627481944444445,0.40672641997626113,0.4357736240913811
6607,0.6932644604700855,0.41703705578635014,0.40965732087227413
6608,0.696443969017094,0.3947774480712166,0.4065420560747664
6609,0.6011150373931624,0.39501483679525223,0.39615784008307375
6610,0.5332438995726496,0.39679525222551926,0.34475597092419524
6611,0.6141040918803419,0.3855786350148368,0.42575285565939774
6612,0.6588841185897436,0.3610682492581602,0.43779854620976116
6613,0.5939442200854701,0.3768545994065282,0.42315680166147457
6614,0.5767492735042735,0.3839762611275964,0.40965732087227413
6615,0.6391740651709402,0.4132939056379822,0.44460020768431985
6616,0.6440835416666667,0.4262508890207715,0.48153826048805815
6617,0.5883694444444445,0.40041543026706233,0.43333333333333335
6618,0.5931521260683761,0.38682492581602373,0.3047767393561786
6619,0.5964176282051282,0.36510385756676556,0.4091381100726895
6620,0.5432969337606838,0.38047477744807123,0.42627206645898236
6621,0.590435405982906,0.4010385756676558,0.42263759086188996
6622,0.6604761965811966,0.38801186943620175,0.44460020768431985
6623,0.6431792735042735,0.3859347181008902,0.4164070612668744
6624,0.5627509134615385,0.39062314540059345,0.4205607476635514
6625,0.6132418322649573,0.38801186943620175,0.43811007268951196
6626,0.6150297863247863,0.39543026706231454,0.4290238836967809
6627,0.6138600534188035,0.3998813056379822,0.4252336448598131
6628,0.6133494497863248,0.398160237388724,0.42782969885773625
6629,0.6139530288461539,0.39804154302670625,0.426791277258567
6630,0.6136307638888889,0.3968545994065282,0.42419522326064385
6631,0.613572532051282,0.39661721068249256,0.42315680166147457
6632,0.6130826335470085,0.39916913946587534,0.42575285565939774
6633,0.6142388354700855,0.39922848664688426,0.42782969885773625
6634,0.6142638141025641,0.39661721068249256,0.42575285565939774
6635,0.6147585202991452,0.393946587537092,0.4221183800623053
6636,0.6143910576923077,0.3968545994065282,0.42419522326064385
6637,0.6123166773504274,0.4019406528189911,0.42834890965732086
6638,0.6146170085470085,0.39637982195845695,0.42367601246105924
6639,0.6170677403846154,0.3885459940652819,0.4132917964693666
6640,0.6133961271367521,0.39359050445103855,0.42263759086188996
6641,0.6123690705128205,0.40197626112759643,0.4334371754932503
6642,0.6168122115384616,0.3718694362017804,0.3940809968847352
6643,0.6111624519230769,0.3998813056379822,0.426791277258567
6644,0.6143026602564103,0.398160237388724,0.42834890965732086
6645,0.6152833493589743,0.3943620178041543,0.42419522326064385
6646,0.6145849038461538,0.3935311572700297,0.4221183800623053
6647,0.6142677243589744,0.39501483679525223,0.42471443406022846
6648,0.6141700641025641,0.39608308605341247,0.42627206645898236
6649,0.6127206303418804,0.3967359050445104,0.42834890965732086
6650,0.613889561965812,0.39608308605341247,0.42575285565939774
6651,0.614477061965812,0.39875370919881303,0.42731048805815164
6652,0.6133505448717949,0.3979228486646884,0.426791277258567
6653,0.6135669284188034,0.39543026706231454,0.4221183800623053
6654,0.6153662606837607,0.3948961424332344,0.4215991692627207
6655,0.6133403525641026,0.39887240356083087,0.42834890965732086
6656,0.5999557692307692,0.4200723097922849,0.4215991692627207
6657,0.6281399465811965,0.37264094955489613,0.407061266874351
6658,0.6141035950854701,0.4005341246290801,0.42782969885773625
6659,0.6141026762820513,0.39643916913946586,0.42575285565939774
6660,0.6150693856837607,0.3927596439169139,0.42367601246105924
6661,0.6130014743589743,0.39548961424332346,0.4252336448598131
6662,0.614754326923077,0.39620178041543025,0.42627206645898236
6663,0.6150226602564103,0.39578635014836794,0.42575285565939774
6664,0.614495186965812,0.39566765578635016,0.42367601246105924
6665,0.613539139957265,0.39608308605341247,0.42419522326064385
6666,0.6149933066239317,0.3944213649851632,0.42315680166147457
6667,0.6113255662393162,0.396973293768546,0.42627206645898236
6668,0.6115315224358975,0.39845697329376856,0.42731048805815164
6669,0.6177823771367521,0.39543026706231454,0.42419522326064385
6670,0.6159373878205128,0.39483679525222554,0.42419522326064385
6671,0.6443973183760684,0.42654117863501484,0.36448598130841126
6672,0.5986333493589744,0.3953115727002967,0.4397196261682243
6673,0.6155849412393162,0.39602373887240355,0.42575285565939774
6674,0.6144228632478632,0.3973887240356083,0.42731048805815164
6675,0.6130676068376069,0.3966765578635015,0.42471443406022846
6676,0.612812280982906,0.39780415430267063,0.42107995846313606
6677,0.6159055555555555,0.3973887240356083,0.4190031152647975
6678,0.6151919444444445,0.3964985163204748,0.42627206645898236
6679,0.6134201762820513,0.39596439169139463,0.42834890965732086
6680,0.6150875213675213,0.3950741839762611,0.42315680166147457
6681,0.6139198397435898,0.39637982195845695,0.42419522326064385
6682,0.6133186591880342,0.3973887240356083,0.42471443406022846
6683,0.612291858974359,0.39661721068249256,0.4252336448598131
6684,0.7125737286324787,0.3947774480712166,0.4132917964693666
6685,0.6252759401709402,0.3995252225519288,0.4252336448598131
6686,0.6022716079059829,0.397566765578635,0.42315680166147457
6687,0.6138224198717949,0.39608308605341247,0.42315680166147457
6688,0.6142504006410257,0.3967359050445104,0.42367601246105924
6689,0.6140255555555556,0.39602373887240355,0.42419522326064385
6690,0.6154009401709402,0.39620178041543025,0.42627206645898236
6691,0.6134833226495726,0.3967359050445104,0.42471443406022846
6692,0.6126189797008548,0.39626112759643917,0.42315680166147457
6693,0.615091420940171,0.3967359050445104,0.42419522326064385
6694,0.6142175534188035,0.39643916913946586,0.42471443406022846
6695,0.6149093002136752,0.39584569732937686,0.42471443406022846
6696,0.6157900267094017,0.39584569732937686,0.42575285565939774
6697,0.6144259401709402,0.39608308605341247,0.42471443406022846
6698,0.6150970619658119,0.3965578635014837,0.42315680166147457
6699,0.6141186591880342,0.3967359050445104,0.42419522326064385
6700,0.6144970352564103,0.39679525222551926,0.4252336448598131
6701,0.6161227297008547,0.39637982195845695,0.4252336448598131
6702,0.6900964743589744,0.3915727002967359,0.4221183800623053
6703,0.5990522596153847,0.39982195845697327,0.42782969885773625
6704,0.61551702991453,0.3966765578635015,0.4215991692627207
6705,0.6152062980769231,0.39614243323442133,0.42367601246105924
6706,0.6128478365384615,0.3964985163204748,0.42575285565939774
6707,0.616384358974359,0.3963204747774481,0.42471443406022846
6708,0.6129824519230769,0.3967359050445104,0.42367601246105924
6709,0.6108661858974359,0.3973887240356083,0.42315680166147457
6710,0.6128408600427351,0.3967359050445104,0.42315680166147457
6711,0.6151209615384615,0.39626112759643917,0.42627206645898236
6712,0.6160177510683761,0.3967359050445104,0.4252336448598131
6713,0.6132568002136752,0.39614243323442133,0.4221183800623053
6714,0.6130882104700854,0.39560830860534124,0.42627206645898236
6715,0.6139958653846154,0.39661721068249256,0.42731048805815164
6716,0.6149184722222222,0.3964985163204748,0.42367601246105924
6717,0.6137509294871795,0.39620178041543025,0.4221183800623053
6718,0.6163916452991454,0.39602373887240355,0.42627206645898236
6719,0.6172229754273504,0.3963204747774481,0.42575285565939774
6720,0.612495641025641,0.39596439169139463,0.42315680166147457
6721,0.6137398985042735,0.39560830860534124,0.4252336448598131
6722,0.6154267094017094,0.3965578635014837,0.4252336448598131
6723,0.6122394925213676,0.3972700296735905,0.42315680166147457
6724,0.6113642200854701,0.36967359050445103,0.45695742471443407
6725,0.6083705235042736,0.3795252225519288,0.4132917964693666
6726,0.552688125,0.40992205732937687,0.4328660436137072
6727,0.6168391773504274,0.4156508047477745,0.4557632398753894
6728,0.6432897275641025,0.3821364985163205,0.4298026998961579
6729,0.5863949465811966,0.3797032640949555,0.42731048805815164
6730,0.5932067628205129,0.4087891143620178,0.42367601246105924
6731,0.6230356730769231,0.4118871890801187,0.4153686396677051
6732,0.6472654059829059,0.3909792284866469,0.4086188992731049
6733,0.6606461698717949,0.38486646884272996,0.4065420560747664
6734,0.5828540598290598,0.39643916913946586,0.42315680166147457
6735,0.5379389583333334,0.40334718100890204,0.4429906542056075
6736,0.6422532585470085,0.4096780061127596,0.4541017653167186
6737,0.6222441506410257,0.40416617210682493,0.37071651090342683
6738,0.6406796741452991,0.40746846676557863,0.4018691588785047
6739,0.6470076549145299,0.3861127596439169,0.4112149532710281
6740,0.5703074198717949,0.3857566765578635,0.42107995846313606
6741,0.6099622222222223,0.4132963412462908,0.4503115264797508
6742,0.6538513888888888,0.3974480712166172,0.44460020768431985
6743,0.586432483974359,0.37649851632047476,0.4153686396677051
6744,0.5844702884615385,0.4039169139465875,0.42107995846313606
6745,0.6290330662393162,0.41166223454005935,0.42575285565939774
6746,0.6678036378205128,0.3937091988130564,0.4106957424714434
6747,0.6099324679487179,0.39038575667655784,0.416926272066459
6748,0.5394015064102564,0.4001780415430267,0.4386292834890966
6749,0.617006030982906,0.40443916913946587,0.44885773624091385
6750,0.6872283493589744,0.3905044510385757,0.4447040498442368
6751,0.718118952991453,0.3953115727002967,0.4215991692627207
6752,0.5773832104700855,0.3735905044510386,0.40134994807892005
6753,0.5396068376068376,0.37228486646884273,0.4636552440290758
6754,0.6027679914529914,0.4067821554302671,0.4215991692627207
6755,0.6298352938034188,0.39643916913946586,0.4091381100726895
6756,0.5913408333333333,0.4050682492581602,0.4840910303738318
6757,0.6243028205128205,0.40823547513353114,0.44096573208722745
6758,0.6583929594017094,0.4152428397626113,0.43914849428868125
6759,0.7261761057692309,0.3886053412462908,0.4432502596053998
6760,0.6344223076923077,0.3779821958456973,0.42107995846313606
6761,0.5132784204059829,0.3869436201780415,0.4117341640706127
6762,0.5477269658119658,0.42507928605341244,0.37538940809968846
6763,0.700753141025641,0.39780415430267063,0.4190031152647975
6764,0.6952989957264958,0.3827299703264095,0.4997055628245068
6765,0.5788682745726496,0.39893175074183973,0.4101765316718588
6766,0.5660134668803419,0.42225061543026704,0.4943786339563863
6767,0.5775367200854701,0.4112658521661721,0.4497403946002077
6768,0.6941241079059829,0.3859940652818991,0.3582554517133957
6769,0.6029062179487179,0.39347181008902077,0.4039460020768432
6770,0.5764284668803419,0.4032759643916914,0.44345794392523363
6771,0.6344180502136753,0.39400593471810086,0.4091381100726895
6772,0.6883566933760684,0.4098393370919881,0.4742990654205608
6773,0.6475106356837607,0.38706231454005935,0.4582035306334372
6774,0.5745734989316239,0.3634421364985163,0.328141225337487
6775,0.5866269337606838,0.38065281899109793,0.383177570093458
6776,0.6264920726495726,0.3783976261127596,0.42263759086188996
6777,0.6340711645299145,0.3916320474777448,0.42419522326064385
6778,0.6060856036324787,0.4016913946587537,0.4164070612668744
6779,0.6400870405982906,0.41334709732937686,0.4252336448598131
6780,0.6211968643162393,0.3943026706231454,0.4466251298026999
6781,0.5572910844017094,0.3632047477744807,0.4153686396677051
6782,0.5870194818376069,0.3943026706231454,0.42419522326064385
6783,0.5255048237179487,0.3782195845697329,0.4442886812045691
6784,0.6120784294871795,0.36830860534124626,0.3940809968847352
6785,0.6501813888888889,0.3774480712166172,0.4442886812045691
6786,0.5846374732905983,0.394540059347181,0.4424195223260644
6787,0.5716247596153846,0.4011157270029673,0.416926272066459
6788,0.6124669497863248,0.44065792403560833,0.431048805815161
6789,0.6684178365384615,0.420431565578635,0.3868120456905504
6790,0.6767896314102564,0.36735905044510386,0.37071651090342683
6791,0.6026109722222223,0.33827893175074186,0.39460020768431986
6792,0.686011842948718,0.376973293768546,0.3920041536863967
6793,0.6185047435897436,0.3893175074183976,0.43811007268951196
6794,0.5960567628205129,0.3741839762611276,0.397196261682243
6795,0.6091701175213675,0.40577448071216615,0.42731048805815164
6796,0.624111030982906,0.3915727002967359,0.42263759086188996
6797,0.62001515491453,0.3883679525222552,0.4215991692627207
6798,0.5933487446581197,0.4088899743620178,0.37331256490134995
6799,0.6154855876068376,0.3955489614243323,0.4132917964693666
6800,0.6139482211538462,0.39305637982195846,0.4221183800623053
6801,0.6148964316239316,0.3965578635014837,0.4252336448598131
6802,0.6142967200854701,0.39602373887240355,0.42575285565939774
6803,0.6140346901709401,0.3991097922848665,0.42419522326064385
6804,0.6137364316239317,0.39863501483679525,0.42367601246105924
6805,0.6144494497863248,0.39614243323442133,0.42367601246105924
6806,0.614193189102564,0.3944807121661721,0.42315680166147457
6807,0.6139980876068376,0.3913946587537092,0.42315680166147457
6808,0.6140279967948719,0.3942433234421365,0.42367601246105924
6809,0.6126595993589744,0.39940652818991096,0.426791277258567
6810,0.6141069978632478,0.39869436201780417,0.4252336448598131
6811,0.6157435844017094,0.39620178041543025,0.42367601246105924
6812,0.6143988621794871,0.3974480712166172,0.42575285565939774
6813,0.6137900373931624,0.39798219584569733,0.426791277258567
6814,0.6307237767094017,0.4074393187537092,0.4221183800623053
6815,0.6100061538461539,0.3889614243323442,0.40965732087227413
6816,0.6146597115384616,0.3975074183976261,0.4221183800623053
6817,0.6147680662393162,0.3982789317507418,0.42471443406022846
6818,0.6137526655982906,0.39584569732937686,0.42315680166147457
6819,0.6129177724358974,0.39513353115727,0.42419522326064385
6820,0.613189642094017,0.4001186943620178,0.4303219106957425
6821,0.6160185950854701,0.4033293768545994,0.43437175493250263
6822,0.6157973290598291,0.39281899109792284,0.4221183800623053
6823,0.6129052617521368,0.39364985163204746,0.4190031152647975
6824,0.6134890331196581,0.3983382789317507,0.42575285565939774
6825,0.6134742735042735,0.3946587537091988,0.42471443406022846
6826,0.6142784081196582,0.3948961424332344,0.42315680166147457
6827,0.6146977831196581,0.39602373887240355,0.42419522326064385
6828,0.6143341239316239,0.3969139465875371,0.426791277258567
6829,0.6139899572649573,0.3950741839762611,0.42263759086188996
6830,0.6130827510683761,0.3945994065281899,0.4221183800623053
6831,0.6142136485042735,0.40075370919881304,0.4291796469366563
6832,0.6148440865384616,0.40041543026706233,0.42834890965732086
6833,0.6174227617521367,0.3823738872403561,0.4091381100726895
6834,0.6158484935897436,0.38468842729970326,0.42263759086188996
6835,0.613820641025641,0.39916913946587534,0.4292834890965732
6836,0.6145163675213675,0.39566765578635016,0.42471443406022846
6837,0.6129712179487179,0.396973293768546,0.42471443406022846
6838,0.6122650213675214,0.39703264094955487,0.42834890965732086
6839,0.6147328685897436,0.3953115727002967,0.42731048805815164
6840,0.6135850480769232,0.3979228486646884,0.42471443406022846
6841,0.6107549252136752,0.40118694362017804,0.42731048805815164
6842,0.6141615010683761,0.39893175074183973,0.42575285565939774
6843,0.6145921260683761,0.39519287833827893,0.42315680166147457
6844,0.6128504166666666,0.39501483679525223,0.4252336448598131
6845,0.6145572382478632,0.39614243323442133,0.42419522326064385
6846,0.6132192735042735,0.3974480712166172,0.42367601246105924
6847,0.6135761858974359,0.39637982195845695,0.42471443406022846
6848,0.6155345566239316,0.39620178041543025,0.4252336448598131
6849,0.5838399038461538,0.3991097922848665,0.41744548286604366
6850,0.6083033974358975,0.3973887240356083,0.43759086188992735
6851,0.6188550694444445,0.39626112759643917,0.4200415368639668
6852,0.6142627831196581,0.39608308605341247,0.42315680166147457
6853,0.6152205662393162,0.39637982195845695,0.42575285565939774
6854,0.6162163675213675,0.39548961424332346,0.4200415368639668
6855,0.6138904967948718,0.39584569732937686,0.4205607476635514
6856,0.6135470245726495,0.3965578635014837,0.42575285565939774
6857,0.6155798504273504,0.3964985163204748,0.426791277258567
6858,0.61321859508547,0.3983382789317507,0.42575285565939774
6859,0.6138455502136753,0.3972106824925816,0.42315680166147457
6860,0.6139913835470086,0.39602373887240355,0.42263759086188996
6861,0.613049951923077,0.3972106824925816,0.42419522326064385
6862,0.6149139583333334,0.395727002967359,0.42419522326064385
6863,0.6143556997863248,0.39566765578635016,0.42471443406022846
6864,0.613384107905983,0.3975074183976261,0.4252336448598131
6865,0.7102419871794872,0.38468842729970326,0.4153686396677051
6866,0.5969162660256411,0.39584569732937686,0.4388888888888889
6867,0.6148314316239316,0.3969139465875371,0.4221183800623053
6868,0.6205056623931624,0.39513353115727,0.42263759086188996
6869,0.6144537606837607,0.39661721068249256,0.42575285565939774
6870,0.6131222008547008,0.3967359050445104,0.42627206645898236
6871,0.6137286538461538,0.39637982195845695,0.42471443406022846
6872,0.6135841346153846,0.3963204747774481,0.42419522326064385
6873,0.6155305715811966,0.395727002967359,0.42471443406022846
6874,0.6137121741452991,0.3967359050445104,0.42315680166147457
6875,0.6134411111111111,0.39608308605341247,0.42367601246105924
6876,0.6150795886752136,0.39608308605341247,0.4252336448598131
6877,0.6148023557692308,0.3967359050445104,0.42471443406022846
6878,0.6140050641025641,0.3964985163204748,0.42419522326064385
6879,0.6144923985042735,0.39614243323442133,0.42575285565939774
6880,0.7245482211538461,0.40261721068249257,0.3935617860851506
6881,0.6024038301282051,0.39703264094955487,0.42834890965732086
6882,0.6099842040598291,0.39584569732937686,0.42627206645898236
6883,0.6193841987179487,0.39643916913946586,0.42263759086188996
6884,0.6155500854700855,0.39608308605341247,0.42627206645898236
6885,0.6145108493589744,0.3971513353115727,0.4252336448598131
6886,0.6133948183760684,0.3970919881305638,0.42419522326064385
6887,0.6152229807692308,0.39596439169139463,0.42263759086188996
6888,0.6131259401709401,0.3963204747774481,0.42315680166147457
6889,0.6150750213675213,0.39637982195845695,0.42575285565939774
6890,0.6143900801282052,0.39626112759643917,0.42471443406022846
6891,0.6136006997863248,0.39602373887240355,0.42367601246105924
6892,0.6149214155982906,0.3963204747774481,0.42471443406022846
6893,0.6144204967948718,0.39661721068249256,0.4252336448598131
6894,0.642746436965812,0.3955489614243323,0.39252336448598135
6895,0.6664369925213676,0.3918694362017804,0.39927310488058154
6896,0.5904004754273504,0.38605341246290803,0.42627206645898236
6897,0.5920135630341881,0.39798219584569733,0.4164070612668744
6898,0.6071275854700855,0.4080026046290801,0.42263759086188996
6899,0.6463447008547009,0.3942433234421365,0.4138110072689512
6900,0.6655050587606838,0.3857566765578635,0.4080996884735203
6901,0.5866673557692308,0.3972700296735905,0.4158878504672897
6902,0.5496457425213676,0.4052700296735905,0.43618899273104883
6903,0.637379033119658,0.4024985163204748,0.45659397715472483
6904,0.6564871367521368,0.3869436201780415,0.42731048805815164
6905,0.5920150480769231,0.39258160237388723,0.42419522326064385
6906,0.581660811965812,0.4082869721068249,0.43442367601246107
6907,0.6013256143162393,0.396973293768546,0.407061266874351
6908,0.5306972061965812,0.38759643916913944,0.47808930425752855
6909,0.6214266880341881,0.4069143439050445,0.4476635514018692
6910,0.6519400961538462,0.3857566765578635,0.4295430944963655
6911,0.5720309668803419,0.4021127596439169,0.4117341640706127
6912,0.6209130181623932,0.41049692706231455,0.42315680166147457
6913,0.6631400267094016,0.39080118694362015,0.416926272066459
6914,0.6145328525641025,0.38842729970326406,0.40290758047767394
6915,0.5444507532051283,0.3981008902077151,0.44382139148494293
6916,0.658597954059829,0.3973887240356083,0.4494288681204569
6917,0.6724496153846153,0.3877151335311573,0.4386292834890966
6918,0.5543245032051283,0.3979228486646884,0.4184839044652129
6919,0.5782141292735042,0.40770623329376854,0.40602284527518173
6920,0.6061341666666666,0.40561424332344215,0.43151609553478715
6921,0.6665977831196581,0.42485930385756676,0.44408099688473524
6922,0.6947740438034188,0.4084815912759644,0.3904465212876428
6923,0.5681862873931625,0.39323442136498515,0.3494288681204569
6924,0.6172651068376068,0.38670623145400596,0.42897196261682247
6925,0.6651318696581197,0.3665875370919881,0.46869158878504674
6926,0.631489594017094,0.38741839762611274,0.4435098650051921
6927,0.5402105822649572,0.42420257626112756,0.46105919003115264
6928,0.6132363835470086,0.3895548961424332,0.4158878504672897
6929,0.685001891025641,0.4137048961424332,0.4117341640706127
6930,0.7003543482905983,0.3893175074183976,0.40342679127725856
6931,0.5827428685897436,0.38729970326409496,0.37123572170301145
6932,0.5446665865384616,0.4091428555489614,0.42419522326064385
6933,0.6735454914529915,0.39056379821958453,0.46505711318795434
6934,0.6834895032051282,0.36949554896142434,0.4388888888888889
6935,0.5180718370726496,0.4170667299703264,0.44569055036344757
6936,0.5708273664529915,0.39982195845697327,0.42995846313603325
6937,0.5525160470085471,0.4366245596439169,0.4891448011422638
6938,0.646359780982906,0.39240356083086053,0.4138110072689512
6939,0.7172813728632479,0.3827893175074184,0.3551401869158879
6940,0.5429830128205129,0.3944213649851632,0.39771547248182765
6941,0.5588700641025641,0.40059347181008903,0.43447559709241956
6942,0.6396885576923077,0.3886053412462908,0.4200415368639668
6943,0.6491188408119658,0.4118329261721068,0.4720145379023884
6944,0.6001908867521368,0.3943620178041543,0.4597092419522326
6945,0.621219967948718,0.37632047477744807,0.4426272066458983
6946,0.5663153044871795,0.38249258160237387,0.34319833852544135
6947,0.5658984989316239,0.39875370919881303,0.41952232606438217
6948,0.5706265918803419,0.402700296735905,0.47133956386292836
6949,0.6170156356837607,0.4023679525222552,0.469055036344756
6950,0.6771101335470086,0.3943620178041543,0.450778816199377
6951,0.628700608974359,0.37887240356083085,0.4402907580477674
6952,0.5847515705128206,0.3777448071216617,0.4086188992731049
6953,0.552137264957265,0.3586350148367953,0.4091381100726895
6954,0.6331250213675214,0.3773887240356083,0.42315680166147457
6955,0.6271345459401709,0.4098226052818991,0.4559709241952233
6956,0.6027400961538462,0.3964985163204748,0.4184839044652129
6957,0.5820020459401709,0.36255192878338277,0.37071651090342683
6958,0.605688311965812,0.413248328189911,0.42367601246105924
6959,0.6301357264957266,0.4311602771513353,0.4387331256490135
6960,0.6726166185897435,0.3802967359050445,0.3821391484942887
6961,0.5372529967948718,0.3264094955489614,0.4158878504672897
6962,0.5170831607905984,0.3890207715133531,0.44148494288681206
6963,0.585342077991453,0.42168153293768545,0.4947310851505711
6964,0.6694298878205128,0.3915727002967359,0.4772949117341641
6965,0.6526530288461538,0.38801186943620175,0.4341121495327103
6966,0.5968378525641026,0.40105044510385757,0.42575285565939774
6967,0.5908083173076923,0.38528189910979227,0.397196261682243
6968,0.6006921420940171,0.4007299703264095,0.41952232606438217
6969,0.6108613034188034,0.39703264094955487,0.4290238836967809
6970,0.6155466613247863,0.3959050445103858,0.42731048805815164
6971,0.6155037072649573,0.3971513353115727,0.42367601246105924
6972,0.6141715972222223,0.40400593471810087,0.42419522326064385
6973,0.6138811378205128,0.40478931750741837,0.42782969885773625
6974,0.6129933707264957,0.3979228486646884,0.4318795430944964
6975,0.6145707692307693,0.39056379821958453,0.39667705088265837
6976,0.6157835737179487,0.38504451038575666,0.3411214953271028
6977,0.6128976068376069,0.36456973293768546,0.40134994807892005
6978,0.6110277617521367,0.3833234421364985,0.49326982139148495
6979,0.611933717948718,0.40259347181008903,0.44745586708203533
6980,0.6155372275641026,0.3918100890207715,0.43307372793354104
6981,0.6163705555555555,0.39299703264094954,0.43359293873312565
6982,0.6153837927350427,0.4012759643916914,0.426791277258567
6983,0.6139248717948718,0.39845697329376856,0.42471443406022846
6984,0.6141978579059829,0.3944213649851632,0.4221183800623053
6985,0.614194626068376,0.39400593471810086,0.42263759086188996
6986,0.6157353044871795,0.40244510385756677,0.4200415368639668
6987,0.6154667414529915,0.40305637982195847,0.4184839044652129
6988,0.6098481410256411,0.3891394658753709,0.4153686396677051
6989,0.6146530128205128,0.3975074183976261,0.42575285565939774
6990,0.617595138888889,0.40361424332344215,0.43307372793354104
6991,0.6129840438034189,0.3917507418397626,0.42886812045690553
6992,0.6147924893162393,0.39584569732937686,0.4298546209761163
6993,0.614809780982906,0.3991097922848665,0.42731048805815164
6994,0.6132230608974358,0.3953709198813056,0.426791277258567
6995,0.6126562606837607,0.39270029673590506,0.42263759086188996
6996,0.5876515384615385,0.40923502729970324,0.4661993769470405
6997,0.617070625,0.39341246290801185,0.4158878504672897
6998,0.6142911805555555,0.400700296735905,0.42731048805815164
6999,0.5693931677350428,0.44344979050445105,0.47862409138110074
7000,0.4182692307692308,0.5669175074183976,0.5678169626168225
7001,0.4641773504273504,0.5313365459940653,0.49966073831775704
7002,0.6308565918803419,0.3999406528189911,0.39823468328141226
7003,0.6264642574786325,0.3889020771513353,0.4200415368639668
7004,0.6149559561965812,0.39626112759643917,0.42627206645898236
7005,0.6161315170940171,0.396973293768546,0.4221183800623053
7006,0.6158327884615384,0.39626112759643917,0.42315680166147457
7007,0.6172861485042735,0.3959050445103858,0.42107995846313606
7008,0.6169810790598291,0.39578635014836794,0.42107995846313606
7009,0.6167040758547009,0.39596439169139463,0.42315680166147457
7010,0.6053631891025641,0.3886646884272997,0.4510384215991693
7011,0.6212231143162393,0.4125916955489614,0.41952232606438217
7012,0.616897922008547,0.39893175074183973,0.4184839044652129
7013,0.6074702884615385,0.36979228486646887,0.43857736240913814
7014,0.6100781410256411,0.37649851632047476,0.4326583592938733
7015,0.6147399091880342,0.40305637982195847,0.4252336448598131
7016,0.613285876068376,0.4008545994065282,0.4221183800623053
7017,0.6159244444444445,0.39608308605341247,0.41952232606438217
7018,0.6159863888888889,0.39513353115727,0.42419522326064385
7019,0.6135676388888889,0.39637982195845695,0.4252336448598131
7020,0.61341140491453,0.3978635014836795,0.42575285565939774
7021,0.6135233814102564,0.39899109792284865,0.42627206645898236
7022,0.6152157799145299,0.39620178041543025,0.4205607476635514
7023,0.6149428792735043,0.394540059347181,0.42471443406022846
7024,0.6147147435897435,0.39519287833827893,0.42471443406022846
7025,0.6144250213675213,0.396973293768546,0.42315680166147457
7026,0.6143966773504274,0.3970919881305638,0.42263759086188996
7027,0.6137968269230769,0.39637982195845695,0.42315680166147457
7028,0.6200966826923077,0.39222551928783383,0.4388888888888889
7029,0.5980104647435898,0.3976854599406528,0.426791277258567
7030,0.5998327938034188,0.39264094955489615,0.42731048805815164
7031,0.6098616773504274,0.3955489614243323,0.42471443406022846
7032,0.615295219017094,0.3964985163204748,0.42471443406022846
7033,0.6145373344017094,0.3967359050445104,0.42627206645898236
7034,0.617242702991453,0.3959050445103858,0.4252336448598131
7035,0.6167699305555556,0.395727002967359,0.42419522326064385
7036,0.6121430662393162,0.39614243323442133,0.4252336448598131
7037,0.615740389957265,0.39637982195845695,0.42263759086188996
7038,0.6141730982905983,0.396973293768546,0.42419522326064385
7039,0.6124442467948719,0.3966765578635015,0.42419522326064385
7040,0.6154360576923077,0.39596439169139463,0.42315680166147457
7041,0.5978688194444445,0.39637982195845695,0.42731048805815164
7042,0.5808853418803419,0.39703264094955487,0.42782969885773625
7043,0.6125509134615384,0.3974480712166172,0.42315680166147457
7044,0.6372512393162393,0.3981008902077151,0.4205607476635514
7045,0.6465215224358974,0.376379821958457,0.45700934579439256
7046,0.6362102831196581,0.39240356083086053,0.434527518172378
7047,0.6267539262820513,0.39762611275964393,0.42107995846313606
7048,0.6225827403846154,0.39566765578635016,0.42419522326064385
7049,0.6185208814102564,0.39821958456973294,0.4200415368639668
7050,0.6174301549145299,0.39881305637982195,0.4205607476635514
7051,0.6136148344017094,0.3953709198813056,0.42731048805815164
7052,0.6197583012820513,0.394540059347181,0.42575285565939774
7053,0.6227350961538461,0.3953115727002967,0.4252336448598131
7054,0.6160869497863248,0.3953709198813056,0.42575285565939774
7055,0.6133036057692307,0.39584569732937686,0.42627206645898236
7056,0.6146211591880342,0.3968545994065282,0.42419522326064385
7057,0.6039373504273504,0.3973887240356083,0.42367601246105924
7058,0.6144082264957265,0.39679525222551926,0.42471443406022846
7059,0.6276112767094018,0.3944807121661721,0.42627206645898236
7060,0.6178881196581196,0.39513353115727,0.42419522326064385
7061,0.6131440758547009,0.39643916913946586,0.42419522326064385
7062,0.6142264102564102,0.39596439169139463,0.42367601246105924
7063,0.6160328098290598,0.39637982195845695,0.42315680166147457
7064,0.6148877777777778,0.3968545994065282,0.42627206645898236
7065,0.6108183814102565,0.3967359050445104,0.42471443406022846
7066,0.5825984027777777,0.37946587537091986,0.44698857736240916
7067,0.5740481784188034,0.3938872403560831,0.43836967808930427
7068,0.5971729807692308,0.39329376854599407,0.44345794392523363
7069,0.6103246741452991,0.3982789317507418,0.44491173416407065
7070,0.6265777510683761,0.40403560830860535,0.4444444444444445
7071,0.6210517735042735,0.4018872403560831,0.42315680166147457
7072,0.6473733707264957,0.3873590504451038,0.43992731048805817
7073,0.6494730235042735,0.39287833827893176,0.4463136033229491
7074,0.6177078311965812,0.4020474777448071,0.41433021806853587
7075,0.6018151816239317,0.3916913946587537,0.4200415368639668
7076,0.5975245993589744,0.3827893175074184,0.42471443406022846
7077,0.597621875,0.3912759643916914,0.4221183800623053
7078,0.6036254487179487,0.4059347181008902,0.42315680166147457
7079,0.6105048450854701,0.40317507418397625,0.4200415368639668
7080,0.6089408600427351,0.40436795252225516,0.4190031152647975
7081,0.6141871741452991,0.4100371274777448,0.42892004153686397
7082,0.597942329059829,0.3847477744807122,0.4331256490134995
7083,0.614159780982906,0.3955489614243323,0.4327102803738318
7084,0.6333026869658119,0.3948961424332344,0.4252336448598131
7085,0.6211646527777778,0.3942433234421365,0.41952232606438217
7086,0.5996863408119658,0.3970919881305638,0.42897196261682247
7087,0.5985442788461539,0.4034777448071217,0.42912772585669784
7088,0.5933619070512821,0.3972700296735905,0.43655244029075807
7089,0.5957174465811966,0.3946587537091988,0.42897196261682247
7090,0.6121589957264957,0.390919881305638,0.4091381100726895
7091,0.612664342948718,0.3925222551928783,0.42419522326064385
7092,0.5963055395299145,0.39780415430267063,0.4494288681204569
7093,0.5987980395299145,0.39637982195845695,0.4469366562824507
7094,0.6162601816239316,0.3996439169139466,0.42834890965732086
7095,0.6119811858974359,0.3913353115727003,0.4205607476635514
7096,0.6353987286324787,0.3864094955489614,0.4215991692627207
7097,0.6587209561965812,0.3941246290801187,0.4454828660436137
7098,0.6212952938034189,0.3918100890207715,0.4502076843198339
7099,0.6296533867521368,0.40998599436201777,0.4630841121495327
7100,0.5745086912393162,0.39703264094955487,0.4179646936656283
7101,0.6682511324786324,0.4062154302670623,0.37487019730010385
7102,0.5718973397435898,0.3837388724035608,0.39771547248182765
7103,0.5780986485042735,0.37833827893175076,0.4652128764278297
7104,0.6538856784188034,0.38991097922848666,0.44309449636552445
7105,0.5916838728632479,0.3981008902077151,0.3935617860851506
7106,0.6659631570512821,0.40933715697329376,0.42471443406022846
7107,0.5986708066239317,0.42141942551928785,0.44750778816199377
7108,0.5837587286324787,0.39264094955489615,0.4127725856697819
7109,0.6815391666666667,0.3502670623145401,0.41744548286604366
7110,0.6359876335470086,0.4116692130563798,0.4670820353063344
7111,0.6236120032051282,0.39044510385756676,0.4795898234683282
7112,0.5885295993589743,0.38326409495548963,0.4319314641744548
7113,0.6799588514957265,0.40849317792284867,0.3660436137071651
7114,0.6144094978632478,0.39940652818991096,0.4091381100726895
7115,0.5889612019230769,0.38249258160237387,0.46827622014537906
7116,0.606055860042735,0.3982789317507418,0.43276220145379024
7117,0.6119418482905983,0.3859940652818991,0.407061266874351
7118,0.5797397329059829,0.4215212902077151,0.4112149532710281
7119,0.6115301762820513,0.405459940652819,0.4179646936656283
7120,0.6741724091880342,0.38065281899109793,0.4518172377985462
7121,0.6035119978632478,0.38783382789317505,0.44543094496365526
7122,0.5719844658119658,0.36913946587537094,0.44491173416407065
7123,0.5774043963675214,0.4161866943620178,0.3525441329179647
7124,0.6595064743589744,0.3851038575667656,0.36137071651090347
7125,0.5892800213675213,0.3486646884272997,0.4607476635514019
7126,0.5886582264957265,0.4202184183976261,0.5019661578400831
7127,0.6622013194444445,0.4393530949554896,0.3769470404984424
7128,0.5895581623931624,0.37531157270029675,0.4055036344755971
7129,0.6077173664529915,0.3734124629080119,0.5224634823468328
7130,0.6303287232905983,0.41702425103857566,0.4252336448598131
7131,0.6598506623931624,0.43118040593471807,0.328141225337487
7132,0.6053863194444444,0.3899703264094955,0.42627206645898236
7133,0.5840805448717948,0.36077151335311575,0.5091945145379024
7134,0.6034552403846154,0.3376854599406528,0.4584631360332295
7135,0.5925516826923077,0.42911512047477746,0.328141225337487
7136,0.6415051602564102,0.4085873451632047,0.3442367601246106
7137,0.5731144711538462,0.33887240356083087,0.4679127725856698
7138,0.6009516452991452,0.3777448071216617,0.49258905295950156
7139,0.633574358974359,0.4272760931750742,0.39979231568016615
7140,0.6204874145299145,0.41457979169139464,0.37071651090342683
7141,0.6057784188034188,0.39323442136498515,0.45586708203530635
7142,0.5580318055555555,0.36765578635014834,0.4834157407061267
7143,0.6739251068376069,0.4033353115727003,0.4552440290758048
7144,0.6276213782051282,0.4371948605341246,0.34319833852544135
7145,0.5607426762820513,0.3919881305637982,0.4190031152647975
7146,0.6172304807692308,0.3997626112759644,0.43733125649013505
7147,0.5549363194444444,0.3777448071216617,0.4164070612668744
7148,0.6154949091880342,0.3841543026706231,0.3811007268951194
7149,0.6178736858974359,0.4084641997032641,0.3738317757009346
7150,0.5895371794871795,0.42817853827893176,0.4496884735202492
7151,0.6649214262820513,0.3997626112759644,0.5039449252336449
7152,0.6447573183760684,0.374540059347181,0.4049844236760125
7153,0.6355692841880342,0.40459347181008903,0.39875389408099693
7154,0.5720242521367521,0.41058154136498515,0.4341121495327103
7155,0.5239234508547008,0.38985163204747775,0.3920041536863967
7156,0.6430090758547009,0.3927596439169139,0.4576323987538941
7157,0.5536477403846154,0.3490207715133531,0.4885626609553479
7158,0.6567920085470086,0.4376959554896142,0.3551401869158879
7159,0.6279144925213676,0.39347181008902077,0.39252336448598135
7160,0.5317266666666667,0.36255192878338277,0.5001809615784009
7161,0.6574615705128205,0.4020652818991098,0.39563862928348914
7162,0.6360861698717949,0.4093432836795252,0.3852544132917965
7163,0.5630083066239316,0.3486053412462908,0.4661993769470405
7164,0.619009951923077,0.3686053412462908,0.4694704049844237
7165,0.6107653792735043,0.42305551869436203,0.37487019730010385
7166,0.6425665491452992,0.41330393293768547,0.3234683281412254
7167,0.626582922008547,0.41132386083086053,0.42731048805815164
7168,0.6169666613247864,0.37287833827893174,0.39460020768431986
7169,0.612091047008547,0.43809563738872404,0.4392523364485981
7170,0.614564561965812,0.4359504759643917,0.4397715472481828
7171,0.6140286164529914,0.3978635014836795,0.4221183800623053
7172,0.6144576121794871,0.3914540059347181,0.4221183800623053
7173,0.6128430555555555,0.3983382789317507,0.42782969885773625
7174,0.6113028205128206,0.40585163204747776,0.42263759086188996
7175,0.6101782104700855,0.4057388724035608,0.42627206645898236
7176,0.6150964583333334,0.39246290801186945,0.42834890965732086
7177,0.6187767628205129,0.38486646884272996,0.42107995846313606
7178,0.6146043322649573,0.39323442136498515,0.42731048805815164
7179,0.6135648344017094,0.3974480712166172,0.42731048805815164
7180,0.6133231196581197,0.398160237388724,0.42263759086188996
7181,0.6136979914529914,0.39982195845697327,0.4215991692627207
7182,0.6149098076923077,0.39922848664688426,0.4179646936656283
7183,0.611368547008547,0.3968545994065282,0.4205607476635514
7184,0.6100474038461539,0.39893175074183973,0.4221183800623053
7185,0.6107625961538461,0.37833827893175076,0.4117341640706127
7186,0.6144416025641026,0.37602373887240353,0.407061266874351
7187,0.614456891025641,0.39608308605341247,0.41952232606438217
7188,0.6170346474358974,0.39982195845697327,0.42782969885773625
7189,0.6160675908119658,0.4225676005934718,0.43992731048805817
7190,0.6102291666666667,0.43895558753709196,0.4774454828660436
7191,0.6142431303418804,0.3826112759643917,0.40342679127725856
7192,0.6158685844017094,0.3592878338278932,0.3722741433021807
7193,0.6144665811965813,0.39299703264094954,0.43255451713395643
7194,0.6149478525641026,0.41013534753709197,0.4395119418483905
7195,0.6124608012820513,0.3873590504451038,0.42315680166147457
7196,0.6101742574786325,0.36635014836795254,0.40446521287642784
7197,0.6124050213675214,0.39400593471810086,0.4307372793354102
7198,0.6126252670940171,0.398160237388724,0.4390446521287643
7199,0.6141430288461538,0.4130685578635015,0.4484423676012461
7200,0.6396035416666667,0.3910979228486647,0.416926272066459
7201,0.6246438888888889,0.3916320474777448,0.42315680166147457
7202,0.6217762553418804,0.3967359050445104,0.416926272066459
7203,0.6190878632478632,0.3964985163204748,0.42107995846313606
7204,0.6183927777777778,0.39560830860534124,0.42315680166147457
7205,0.6189586645299145,0.3953709198813056,0.42263759086188996
7206,0.6192821955128205,0.39637982195845695,0.4221183800623053
7207,0.6181982318376068,0.39602373887240355,0.4221183800623053
7208,0.6154428365384615,0.3959050445103858,0.42263759086188996
7209,0.6161688995726495,0.39602373887240355,0.42263759086188996
7210,0.6167272275641026,0.39578635014836794,0.42263759086188996
7211,0.6163410683760684,0.3959050445103858,0.42367601246105924
7212,0.6195783653846154,0.3863501483679525,0.42990654205607476
7213,0.6102418055555555,0.40159643916913945,0.4350986500519211
7214,0.6129408493589743,0.4002373887240356,0.42315680166147457
7215,0.6130754754273504,0.395727002967359,0.42315680166147457
7216,0.6147455982905983,0.39566765578635016,0.42419522326064385
7217,0.6149983493589743,0.39857566765578634,0.42575285565939774
7218,0.6145682211538461,0.39940652818991096,0.42367601246105924
7219,0.6144103258547009,0.3968545994065282,0.42575285565939774
7220,0.6125510790598291,0.3948961424332344,0.42731048805815164
7221,0.6151392788461538,0.3953709198813056,0.4190031152647975
7222,0.6149309348290599,0.40396439169139464,0.41744548286604366
7223,0.6122308547008547,0.40584569732937686,0.42834890965732086
7224,0.6138529433760684,0.3965578635014837,0.42782969885773625
7225,0.6129605288461538,0.39008902077151336,0.42731048805815164
7226,0.6116893429487179,0.391513353115727,0.4300623052959502
7227,0.612925405982906,0.3976854599406528,0.42782969885773625
7228,0.6146413568376068,0.3967359050445104,0.4252336448598131
7229,0.6124048023504274,0.39637982195845695,0.42627206645898236
7230,0.6248060416666666,0.3709792284866469,0.45347871235721704
7231,0.5947338514957266,0.4011572700296736,0.4190031152647975
7232,0.6190391346153846,0.3972106824925816,0.4252336448598131
7233,0.6174470512820512,0.39483679525222554,0.426791277258567
7234,0.6100254166666667,0.39525222551928785,0.426791277258567
7235,0.6081862713675213,0.39519287833827893,0.42834890965732086
7236,0.6148342948717949,0.39614243323442133,0.42367601246105924
7237,0.6167991987179487,0.39703264094955487,0.42315680166147457
7238,0.6164570085470086,0.3970919881305638,0.42471443406022846
7239,0.6153172115384615,0.396973293768546,0.42367601246105924
7240,0.6165840544871795,0.39703264094955487,0.42315680166147457
7241,0.6168252457264958,0.39501483679525223,0.4252336448598131
7242,0.6136076602564102,0.3915727002967359,0.43203530633437176
7243,0.6092974038461538,0.3937685459940653,0.4305815160955348
7244,0.6077552938034188,0.396973293768546,0.4252336448598131
7245,0.61241625,0.396973293768546,0.42367601246105924
7246,0.6185449358974359,0.39780415430267063,0.42107995846313606
7247,0.6511770138888888,0.39020771513353114,0.43701973001038424
7248,0.6325608493589744,0.3881899109792285,0.44434060228452754
7249,0.5906960523504273,0.38385756676557864,0.4512980269989616
7250,0.624437313034188,0.3948961424332344,0.42315680166147457
7251,0.6368234294871795,0.3985163204747774,0.4179646936656283
7252,0.614756875,0.39643916913946586,0.42471443406022846
7253,0.6134273450854701,0.3931157270029674,0.42912772585669784
7254,0.6135953205128205,0.3927596439169139,0.43068535825545173
7255,0.6116132638888889,0.3950741839762611,0.42731048805815164
7256,0.6150622542735042,0.39578635014836794,0.42575285565939774
7257,0.6202938942307692,0.3937091988130564,0.42943925233644864
7258,0.6201192948717948,0.39382789317507416,0.42834890965732086
7259,0.6166716239316239,0.39578635014836794,0.42419522326064385
7260,0.6168649038461539,0.39703264094955487,0.42315680166147457
7261,0.6135742681623931,0.3963204747774481,0.42575285565939774
7262,0.6348406143162393,0.3716320474777448,0.4767601246105919
7263,0.6744091346153847,0.39548961424332346,0.43520249221183804
7264,0.6336306517094017,0.3881305637982196,0.44164070612668743
7265,0.5953762499999999,0.39501483679525223,0.4407580477673936
7266,0.5799805876068376,0.3985163204747774,0.4215991692627207
7267,0.6096641826923077,0.39857566765578634,0.4055036344755971
7268,0.6059624572649573,0.40181008902077153,0.4018691588785047
7269,0.5965516132478632,0.41041011234421365,0.4190031152647975
7270,0.6066141933760684,0.41063995103857565,0.4313084112149533
7271,0.6268244230769231,0.3941246290801187,0.407061266874351
7272,0.6445626228632478,0.3905044510385757,0.40238836967808933
7273,0.6310369497863249,0.3966765578635015,0.4112149532710281
7274,0.6358312553418803,0.3891394658753709,0.4132917964693666
7275,0.6502781570512821,0.39026706231454006,0.42263759086188996
7276,0.6156711858974359,0.4063994065281899,0.42731048805815164
7277,0.592687905982906,0.40940106255192876,0.4485981308411215
7278,0.6164261485042735,0.3863501483679525,0.4481827622014538
7279,0.5809080288461539,0.40366765578635017,0.4311526479750779
7280,0.5655438087606838,0.3947774480712166,0.4415368639667705
7281,0.6188965865384616,0.3997032640949555,0.45218068535825545
7282,0.678220186965812,0.3985163204747774,0.4560228452751817
7283,0.638474423076923,0.389080118694362,0.4373831775700935
7284,0.5842392948717949,0.39068249258160237,0.42315680166147457
7285,0.5834029380341881,0.39044510385756676,0.4127725856697819
7286,0.5888990384615385,0.41884245578635015,0.4158878504672897
7287,0.613778076923077,0.4254048486646884,0.416926272066459
7288,0.6498029647435898,0.3959050445103858,0.3935617860851506
7289,0.662788936965812,0.3845697329376855,0.3920041536863967
7290,0.6174790170940171,0.3907418397626113,0.4184839044652129
7291,0.5773476335470086,0.39940652818991096,0.4442886812045691
7292,0.5768500854700855,0.3947774480712166,0.4538421599169263
7293,0.6102446420940171,0.39080118694362015,0.4489096573208723
7294,0.5779181944444445,0.4274285359050445,0.4425752855659398
7295,0.6313974946581197,0.3849258160237389,0.40965732087227413
7296,0.6598695085470085,0.3602373887240356,0.41433021806853587
7297,0.6666619764957264,0.36688427299703263,0.4562824506749741
7298,0.6286099412393162,0.4105830503264095,0.4580477673935618
7299,0.5999462019230769,0.38943620178041544,0.37487019730010385
7300,0.5367974465811965,0.38724035608308605,0.429595015576324
7301,0.5450305929487179,0.39400593471810086,0.4992597886812046
7302,0.6178937232905983,0.3972700296735905,0.42315680166147457
7303,0.612507483974359,0.4194295887240356,0.44646936656282454
7304,0.6349792094017094,0.3943026706231454,0.4117341640706127
7305,0.6323314797008547,0.35833827893175074,0.4091381100726895
7306,0.6648965918803419,0.37287833827893174,0.44854620976116305
7307,0.6692475801282052,0.4233212747774481,0.4539460020768432
7308,0.612392922008547,0.38409495548961425,0.3800623052959502
7309,0.57667859508547,0.3776261127596439,0.45301142263759087
7310,0.6156809935897436,0.4416934403560831,0.5107529319833852
7311,0.6435282104700855,0.4237270326409496,0.4153686396677051
7312,0.5987941079059829,0.4046646884272997,0.4688473520249221
7313,0.601319951923077,0.39056379821958453,0.42627206645898236
7314,0.6778392307692308,0.39335311572700293,0.3592938733125649
7315,0.6947381517094018,0.3862314540059347,0.4075804776739356
7316,0.6164128151709402,0.4101509947181009,0.44221183800623054
7317,0.45229700854700855,0.40379821958456974,0.42315680166147457
7318,0.5258272222222222,0.41398773649851633,0.42263759086188996
7319,0.7280405555555556,0.4156324759643917,0.46292834890965734
7320,0.703269813034188,0.3881305637982196,0.4594496365524403
7321,0.6390041933760684,0.3802967359050445,0.3847352024922118
7322,0.5127680058760684,0.3359050445103858,0.4533748701973001
7323,0.5814464316239316,0.366053412462908,0.4184839044652129
7324,0.6279327724358974,0.3650445103857567,0.4334371754932503
7325,0.655969748931624,0.37905044510385755,0.43541017653167186
7326,0.6482705074786325,0.4027833827893175,0.4158878504672897
7327,0.5699073824786325,0.40963817264094954,0.40342679127725856
7328,0.569215811965812,0.4139205833827893,0.3904465212876428
7329,0.655266858974359,0.4002373887240356,0.37850467289719625
7330,0.6739710363247864,0.397566765578635,0.3940809968847352
7331,0.6293413728632479,0.39121661721068246,0.426791277258567
7332,0.5667189049145299,0.35056379821958455,0.4483904465212877
7333,0.5810839583333334,0.3929376854599406,0.35773624091381107
7334,0.6836428952991453,0.3746587537091988,0.397196261682243
7335,0.6048497489316239,0.407010474652819,0.42731048805815164
7336,0.5342223023504273,0.39008902077151336,0.43494288681204574
7337,0.6145376014957264,0.36468842729970324,0.45482866043613707
7338,0.6499771314102565,0.37922848664688424,0.4746105919003115
7339,0.6403027510683761,0.41367092640949554,0.43333333333333335
7340,0.5850869711538461,0.4147836961424332,0.36967808930425755
7341,0.660132702991453,0.39982195845697327,0.3374870197300104
7342,0.6133208493589744,0.342433234421365,0.45134994807892004
7343,0.6229861965811966,0.3827893175074184,0.4065420560747664
7344,0.5839774946581197,0.3849258160237389,0.3935617860851506
7345,0.5768486698717948,0.44416786706231454,0.3660436137071651
7346,0.592930811965812,0.4058813056379822,0.4039460020768432
7347,0.6258896047008546,0.3725816023738872,0.3868120456905504
7348,0.6121008066239316,0.4019287833827893,0.40446521287642784
7349,0.6118522275641025,0.39643916913946586,0.45742471443406024
7350,0.6205417521367521,0.3953709198813056,0.39875389408099693
7351,0.6535809134615385,0.39916913946587534,0.37487019730010385
0,0.6030982905982907,0.39270029673590506,0.47315680166147456
1,0.6185897435897436,0.39869436201780417,0.4190031152647975
2,0.6127136752136753,0.39103857566765576,0.41952232606438217
3,0.6100427350427351,0.38718100890207713,0.41952232606438217
4,0.6127136752136753,0.39002967359050444,0.4132917964693666
5,0.6148504273504274,0.39548961424332346,0.4215991692627207
6,0.6153846153846154,0.39566765578635016,0.426791277258567
7,0.6127136752136753,0.3916913946587537,0.4200415368639668
8,0.6116452991452992,0.3940652818991098,0.4215991692627207
9,0.6132478632478633,0.4003560830860534,0.42897196261682247
10,0.6148504273504274,0.3975074183976261,0.42943925233644864
11,0.6148504273504274,0.3935311572700297,0.42367601246105924
12,0.6127136752136753,0.39281899109792284,0.4221183800623053
13,0.6095085470085471,0.39008902077151336,0.42367601246105924
14,0.6132478632478633,0.3953115727002967,0.43021806853582556
15,0.6164529914529915,0.4036320474777448,0.4360851505711319
16,0.6319444444444444,0.39501483679525223,0.42782969885773625
17,0.6057692307692308,0.39270029673590506,0.4153686396677051
18,0.6196581196581197,0.40445697329376856,0.43727933541017655
19,0.6105769230769231,0.3910979228486647,0.43151609553478715
20,0.6009615384615384,0.3802967359050445,0.4086188992731049
21,0.6105769230769231,0.3887240356083086,0.4190031152647975
22,0.625534188034188,0.41353115727002965,0.46433021806853586
23,0.6228632478632479,0.41317507418397625,0.4448078920041537
24,0.6132478632478633,0.3972700296735905,0.4158878504672897
25,0.6111111111111112,0.3916320474777448,0.4117341640706127
26,0.6132478632478633,0.390919881305638,0.4148494288681205
27,0.6153846153846154,0.39798219584569733,0.42886812045690553
28,0.6137820512820513,0.3971513353115727,0.42575285565939774
29,0.6196581196581197,0.4014540059347181,0.4252336448598131
30,0.6185897435897436,0.4019347181008902,0.42731048805815164
31,0.6239316239316239,0.39780415430267063,0.4080996884735203
32,0.6137820512820513,0.3912759643916914,0.41952232606438217
33,0.6143162393162394,0.3979228486646884,0.42627206645898236
34,0.6143162393162394,0.40197626112759643,0.4292315680166148
35,0.6137820512820513,0.40357863501483676,0.42627206645898236
36,0.6143162393162394,0.39305637982195846,0.4205607476635514
37,0.6127136752136753,0.39222551928783383,0.42575285565939774
38,0.6127136752136753,0.3972700296735905,0.4301661474558671
39,0.6148504273504274,0.3965578635014837,0.42627206645898236
40,0.6143162393162394,0.3969139465875371,0.42471443406022846
41,0.6132478632478633,0.39643916913946586,0.42419522326064385
42,0.6132478632478633,0.3973887240356083,0.42627206645898236
43,0.6153846153846154,0.39513353115727,0.42419522326064385
44,0.6180555555555556,0.4079287833827893,0.39252336448598135
45,0.6100427350427351,0.40122255192878337,0.4313603322949118
46,0.6153846153846154,0.38991097922848666,0.4164070612668744
47,0.6137820512820513,0.39602373887240355,0.4184839044652129
48,0.6148504273504274,0.39940652818991096,0.42107995846313606
49,0.6153846153846154,0.4003560830860534,0.4221183800623053
50,0.6132478632478633,0.3858753709198813,0.42367601246105924
51,0.6121794871794872,0.38166172106824925,0.4252336448598131
52,0.6132478632478633,0.39584569732937686,0.42263759086188996
53,0.6143162393162394,0.39916913946587534,0.42627206645898236
54,0.6137820512820513,0.39596439169139463,0.42892004153686397
55,0.5587606837606838,0.3917507418397626,0.4316199376947041
56,0.6266025641025641,0.3925222551928783,0.43047767393561787
57,0.6185897435897436,0.39382789317507416,0.42897196261682247
58,0.6111111111111112,0.3938872403560831,0.42834890965732086
59,0.6132478632478633,0.39596439169139463,0.426791277258567
60,0.6148504273504274,0.39608308605341247,0.42627206645898236
61,0.6153846153846154,0.39543026706231454,0.42367601246105924
62,0.6217948717948718,0.3977448071216617,0.42107995846313606
63,0.6212606837606838,0.39899109792284865,0.4221183800623053
64,0.6111111111111112,0.39483679525222554,0.42731048805815164
65,0.6223290598290598,0.396973293768546,0.42367601246105924
66,0.6474358974358975,0.3832047477744807,0.4215991692627207
67,0.6410256410256411,0.39881305637982195,0.42419522326064385
68,0.6057692307692308,0.3946587537091988,0.4290238836967809
69,0.6233974358974359,0.39626112759643917,0.42419522326064385
70,0.608440170940171,0.39602373887240355,0.426791277258567
71,0.6233974358974359,0.39578635014836794,0.42419522326064385
72,0.6175213675213675,0.39620178041543025,0.42471443406022846
73,0.6137820512820513,0.3959050445103858,0.42575285565939774
74,0.6340811965811965,0.3972700296735905,0.42263759086188996
75,0.6132478632478633,0.39566765578635016,0.42627206645898236
76,0.6132478632478633,0.394540059347181,0.4290758047767394
77,0.6388888888888888,0.3972106824925816,0.42315680166147457
78,0.6127136752136753,0.3967359050445104,0.42263759086188996
79,0.5747863247863247,0.3873590504451038,0.43047767393561787
80,0.5988247863247863,0.4045044510385757,0.4517133956386293
81,0.6394230769230769,0.38884272997032643,0.44039460020768434
82,0.6308760683760684,0.39341246290801185,0.4122533748701973
83,0.607905982905983,0.3970919881305638,0.4179646936656283
84,0.5657051282051282,0.3997032640949555,0.4252336448598131
85,0.6175213675213675,0.4146587537091988,0.4215991692627207
86,0.657051282051282,0.3985163204747774,0.4127725856697819
87,0.6362179487179487,0.38421364985163203,0.4122533748701973
88,0.6367521367521367,0.4001186943620178,0.41744548286604366
89,0.5689102564102564,0.4002373887240356,0.4346832814122534
90,0.5699786324786325,0.394540059347181,0.45508826583592943
91,0.6527777777777778,0.38842729970326406,0.42471443406022846
92,0.6308760683760684,0.3916913946587537,0.4164070612668744
93,0.578525641025641,0.4061827893175074,0.4307372793354102
94,0.625,0.3941246290801187,0.4215991692627207
95,0.6436965811965812,0.3807715133531157,0.4153686396677051
96,0.5886752136752137,0.4049554896142433,0.4381619937694704
97,0.5924145299145299,0.40783382789317507,0.4553997923156802
98,0.6431623931623932,0.38480712166172104,0.42419522326064385
99,0.608440170940171,0.3808308605341246,0.4075804776739356
100,0.594017094017094,0.40717507418397625,0.4190031152647975
101,0.6212606837606838,0.41578635014836796,0.426791277258567
102,0.655982905982906,0.39240356083086053,0.4148494288681205
103,0.6191239316239316,0.37667655786350146,0.4117341640706127
104,0.5641025641025641,0.3977448071216617,0.43406022845275183
105,0.6004273504273504,0.40616973293768543,0.44418483904465217
106,0.6463675213675214,0.3819584569732938,0.43021806853582556
107,0.6207264957264957,0.3802373887240356,0.4158878504672897
108,0.6052350427350428,0.3972700296735905,0.4179646936656283
109,0.6757478632478633,0.3713946587537092,0.42315680166147457
110,0.6436965811965812,0.3917507418397626,0.39823468328141226
111,0.6346153846153846,0.4072878338278932,0.4467808930425753
112,0.5480769230769231,0.4005341246290801,0.45799584631360335
113,0.5037393162393162,0.3972106824925816,0.43182762201453795
114,0.6436965811965812,0.4004747774480712,0.41744548286604366
115,0.6132478632478633,0.40762017804154305,0.4101765316718588
116,0.6105769230769231,0.38130563798219586,0.41433021806853587
117,0.6933760683760684,0.3717507418397626,0.4200415368639668
118,0.6185897435897436,0.40294362017804153,0.37798546209761164
119,0.655448717948718,0.395727002967359,0.40602284527518173
120,0.6773504273504274,0.3992878338278932,0.4039460020768432
121,0.5870726495726496,0.39341246290801185,0.4055036344755971
122,0.5913461538461539,0.4113353115727003,0.4075804776739356
123,0.592948717948718,0.40493175074183974,0.4179646936656283
124,0.6148504273504274,0.37786350148367953,0.4179646936656283
125,0.6068376068376069,0.3889614243323442,0.4544652128764278
126,0.6266025641025641,0.37323442136498514,0.4402907580477674
127,0.6153846153846154,0.4101127596439169,0.41433021806853587
128,0.5961538461538461,0.40415430267062313,0.416926272066459
129,0.6175213675213675,0.4147181008902077,0.45093457943925236
130,0.6853632478632479,0.3917507418397626,0.40342679127725856
131,0.5608974358974359,0.3648071216617211,0.4101765316718588
132,0.5758547008547008,0.4034540059347181,0.42627206645898236
133,0.6004273504273504,0.388486646884273,0.29802699896157847
134,0.5774572649572649,0.3772106824925816,0.3172377985462098
135,0.5924145299145299,0.4028545994065282,0.4086188992731049
136,0.5956196581196581,0.4124510385756677,0.43229491173416407
137,0.6164529914529915,0.40203560830860535,0.3899273104880582
138,0.563034188034188,0.4002373887240356,0.39304257528556596
139,0.563034188034188,0.4055252225519288,0.43416407061266876
140,0.6324786324786325,0.41477744807121664,0.36915887850467294
141,0.6025641025641026,0.4258753709198813,0.3618899273104881
142,0.5075854700854701,0.3901483679525222,0.30114226375908626
143,0.561965811965812,0.43044510385756674,0.2736240913811008
144,0.6180555555555556,0.3999406528189911,0.3899273104880582
145,0.6180555555555556,0.39596439169139463,0.426791277258567
146,0.5715811965811965,0.4022314540059347,0.4200415368639668
147,0.5998931623931624,0.42272997032640947,0.39823468328141226
148,0.6095085470085471,0.4228486646884273,0.4122533748701973
149,0.5448717948717949,0.38486646884272996,0.42367601246105924
150,0.5051816239316239,0.31869436201780416,0.3556593977154725
151,0.6153846153846154,0.3999406528189911,0.387331256490135
152,0.6127136752136753,0.4018872403560831,0.4138110072689512
153,0.5961538461538461,0.4039287833827893,0.4112149532710281
154,0.6185897435897436,0.4037566765578635,0.40134994807892005
155,0.5918803418803419,0.3849258160237389,0.4215991692627207
156,0.593482905982906,0.39299703264094954,0.4686396677050883
157,0.6233974358974359,0.3694362017804154,0.4298026998961579
158,0.5827991452991453,0.3738278931750742,0.47263759086188994
159,0.6196581196581197,0.38824925816023736,0.39096573208722746
160,0.6191239316239316,0.3885459940652819,0.3935617860851506
161,0.6116452991452992,0.3897329376854599,0.4148494288681205
162,0.6132478632478633,0.39560830860534124,0.42731048805815164
163,0.6148504273504274,0.40059347181008903,0.43489096573208724
164,0.6132478632478633,0.40219584569732936,0.43909657320872275
165,0.6143162393162394,0.3992878338278932,0.42834890965732086
166,0.6153846153846154,0.3976854599406528,0.42419522326064385
167,0.6143162393162394,0.3941246290801187,0.4221183800623053
168,0.6105769230769231,0.3909792284866469,0.42107995846313606
169,0.6420940170940171,0.4178041543026706,0.45872274143302183
170,0.6137820512820513,0.3929376854599406,0.4055036344755971
171,0.6153846153846154,0.39626112759643917,0.41952232606438217
172,0.6148504273504274,0.396973293768546,0.42782969885773625
173,0.6137820512820513,0.3963204747774481,0.4215991692627207
174,0.6143162393162394,0.3964985163204748,0.4184839044652129
175,0.6137820512820513,0.3965578635014837,0.42419522326064385
176,0.6116452991452992,0.39317507418397624,0.42367601246105924
177,0.6111111111111112,0.3916913946587537,0.4215991692627207
178,0.6164529914529915,0.39804154302670625,0.4221183800623053
179,0.6191239316239316,0.4002373887240356,0.42471443406022846
180,0.6137820512820513,0.3977448071216617,0.42897196261682247
181,0.594017094017094,0.45543026706231454,0.4599169262720665
182,0.5897435897435898,0.42397626112759645,0.45223260643821395
183,0.6105769230769231,0.40395845697329374,0.43406022845275183
184,0.6111111111111112,0.39703264094955487,0.42834890965732086
185,0.6095085470085471,0.39916913946587534,0.43052959501557636
186,0.6127136752136753,0.39940652818991096,0.42731048805815164
187,0.6148504273504274,0.3972700296735905,0.4252336448598131
188,0.6127136752136753,0.39643916913946586,0.42471443406022846
189,0.6132478632478633,0.3966765578635015,0.42627206645898236
190,0.607905982905983,0.3964985163204748,0.4338006230529595
191,0.6105769230769231,0.3975074183976261,0.4308930425752856
192,0.686965811965812,0.31275964391691397,0.30114226375908626
193,0.5982905982905983,0.3948961424332344,0.42471443406022846
194,0.6175213675213675,0.3972700296735905,0.4361370716510904
195,0.607905982905983,0.39821958456973294,0.4400311526479751
196,0.6095085470085471,0.39875370919881303,0.4342679127725857
197,0.6143162393162394,0.39845697329376856,0.42367601246105924
198,0.6127136752136753,0.40359643916913945,0.4305815160955348
199,0.6148504273504274,0.4021721068249258,0.42627206645898236
200,0.6164529914529915,0.39839762611275964,0.41952232606438217
201,0.6116452991452992,0.39845697329376856,0.43078920041536867
202,0.6127136752136753,0.39501483679525223,0.426791277258567
203,0.6196581196581197,0.4046528189910979,0.40031152647975077
204,0.6207264957264957,0.3925222551928783,0.43208722741433025
205,0.5897435897435898,0.3971513353115727,0.4290758047767394
206,0.6153846153846154,0.39762611275964393,0.4215991692627207
207,0.6201923076923077,0.3968545994065282,0.42263759086188996
208,0.6105769230769231,0.3953115727002967,0.426791277258567
209,0.6030982905982907,0.395727002967359,0.426791277258567
210,0.6095085470085471,0.39602373887240355,0.42575285565939774
211,0.6164529914529915,0.39584569732937686,0.42575285565939774
212,0.6212606837606838,0.3971513353115727,0.42471443406022846
213,0.6191239316239316,0.3968545994065282,0.42315680166147457
214,0.6041666666666667,0.3869436201780415,0.43935617860851506
215,0.6282051282051282,0.39614243323442133,0.42731048805815164
216,0.6282051282051282,0.3963204747774481,0.42263759086188996
217,0.6196581196581197,0.39637982195845695,0.42419522326064385
218,0.6169871794871795,0.39620178041543025,0.42419522326064385
219,0.6159188034188035,0.3955489614243323,0.42575285565939774
220,0.6137820512820513,0.39703264094955487,0.4252336448598131
221,0.6105769230769231,0.395727002967359,0.42315680166147457
222,0.6116452991452992,0.3967359050445104,0.42107995846313606
223,0.6121794871794872,0.3983382789317507,0.42367601246105924
224,0.6132478632478633,0.39548961424332346,0.426791277258567
225,0.6137820512820513,0.39608308605341247,0.4252336448598131
226,0.6127136752136753,0.3971513353115727,0.42367601246105924
227,0.5988247863247863,0.35537091988130565,0.4428868120456906
228,0.5817307692307693,0.40281305637982195,0.4403426791277259
229,0.6057692307692308,0.3974480712166172,0.431048805815161
230,0.624465811965812,0.39103857566765576,0.4215991692627207
231,0.594017094017094,0.4153115727002967,0.42367601246105924
232,0.6330128205128205,0.398160237388724,0.4205607476635514
233,0.6346153846153846,0.38148367952522255,0.4221183800623053
234,0.5774572649572649,0.3943620178041543,0.43722741433021806
235,0.6105769230769231,0.4029614243323442,0.44615784008307374
236,0.6543803418803419,0.3917507418397626,0.42315680166147457
237,0.5876068376068376,0.393946587537092,0.39771547248182765
238,0.5806623931623932,0.4106706231454006,0.4148494288681205
239,0.6399572649572649,0.3998813056379822,0.42834890965732086
240,0.6607905982905983,0.3947181008902077,0.42731048805815164
241,0.608974358974359,0.3983382789317507,0.41952232606438217
242,0.6474358974358975,0.3910979228486647,0.426791277258567
243,0.6068376068376069,0.3998813056379822,0.43021806853582556
244,0.607905982905983,0.3967359050445104,0.4410176531671859
245,0.6020299145299145,0.3869436201780415,0.41433021806853587
246,0.5849358974358975,0.4122373887240356,0.42367601246105924
247,0.6688034188034189,0.40256379821958455,0.42315680166147457
248,0.6148504273504274,0.3867655786350148,0.42834890965732086
249,0.6057692307692308,0.39661721068249256,0.44164070612668743
250,0.6415598290598291,0.3861127596439169,0.42107995846313606
251,0.5699786324786325,0.39679525222551926,0.4153686396677051
252,0.5961538461538461,0.41335311572700295,0.4215991692627207
253,0.6420940170940171,0.3891988130563798,0.4179646936656283
254,0.6196581196581197,0.38741839762611274,0.4205607476635514
255,0.5993589743589743,0.4020593471810089,0.43234683281412256
256,0.6362179487179487,0.40059347181008903,0.39563862928348914
257,0.5331196581196581,0.39008902077151336,0.4547767393561786
258,0.6260683760683761,0.3996439169139466,0.4101765316718588
259,0.6047008547008548,0.394540059347181,0.4127725856697819
260,0.6191239316239316,0.4005341246290801,0.4122533748701973
261,0.6420940170940171,0.41051632047477743,0.4039460020768432
262,0.6004273504273504,0.37554896142433236,0.4132917964693666
263,0.5982905982905983,0.37032640949554896,0.39252336448598135
264,0.6057692307692308,0.363026706231454,0.4424195223260644
265,0.6260683760683761,0.39762611275964393,0.4489096573208723
266,0.6047008547008548,0.40980415430267064,0.40134994807892005
267,0.6009615384615384,0.3855786350148368,0.4158878504672897
268,0.6057692307692308,0.3941839762611276,0.407061266874351
269,0.6314102564102564,0.37329376854599405,0.4106957424714434
270,0.5715811965811965,0.39020771513353114,0.45617860851505715
271,0.5881410256410257,0.3795252225519288,0.42263759086188996
272,0.6917735042735043,0.4006765578635015,0.44574247144340606
273,0.6191239316239316,0.3945994065281899,0.40134994807892005
274,0.5202991452991453,0.3776261127596439,0.4205607476635514
275,0.5806623931623932,0.4014718100890208,0.46079958463136034
276,0.7158119658119658,0.397566765578635,0.4122533748701973
277,0.6303418803418803,0.4154896142433234,0.4153686396677051
278,0.6228632478632479,0.3861127596439169,0.416926272066459
279,0.5763888888888888,0.29198813056379824,0.39771547248182765
280,0.6597222222222222,0.36356083086053415,0.4179646936656283
281,0.6143162393162394,0.4231454005934718,0.4392004153686397
282,0.6025641025641026,0.39881305637982195,0.42263759086188996
283,0.5977564102564102,0.3805341246290801,0.407061266874351
284,0.625,0.3927596439169139,0.42471443406022846
285,0.6100427350427351,0.38421364985163203,0.4215991692627207
286,0.5705128205128205,0.41002967359050446,0.4138110072689512
287,0.5699786324786325,0.3620771513353116,0.31516095534787125
288,0.5950854700854701,0.37584569732937684,0.4205607476635514
289,0.6362179487179487,0.3905044510385757,0.43836967808930427
290,0.6185897435897436,0.38427299703264095,0.4352544132917965
291,0.6052350427350428,0.3827299703264095,0.44387331256490137
292,0.6014957264957265,0.4120771513353116,0.40965732087227413
293,0.5849358974358975,0.4064445103857567,0.39823468328141226
294,0.5790598290598291,0.4082967359050445,0.426791277258567
295,0.6677350427350428,0.3807715133531157,0.3089304257528557
296,0.6586538461538461,0.3864094955489614,0.4086188992731049
297,0.6025641025641026,0.39679525222551926,0.45041536863966775
298,0.6063034188034189,0.41092581602373884,0.4333852544132918
299,0.6137820512820513,0.41311572700296734,0.4148494288681205
300,0.5966880341880342,0.3971513353115727,0.43826583592938734
301,0.5715811965811965,0.3970919881305638,0.4498961578400831
302,0.5721153846153846,0.4282492581602374,0.6464174454828661
303,0.6185897435897436,0.3569139465875371,0.40446521287642784
304,0.6308760683760684,0.38480712166172104,0.37954309449636553
305,0.6036324786324787,0.41857566765578635,0.4546728971962617
306,0.6047008547008548,0.40929376854599403,0.4508307372793354
307,0.6169871794871795,0.3940652818991098,0.4153686396677051
308,0.6073717948717949,0.40059347181008903,0.4404465212876428
309,0.6100427350427351,0.40941246290801186,0.43733125649013505
310,0.6169871794871795,0.39626112759643917,0.4200415368639668
311,0.6159188034188035,0.3919881305637982,0.4190031152647975
312,0.6153846153846154,0.39270029673590506,0.41952232606438217
313,0.6164529914529915,0.3915727002967359,0.4190031152647975
314,0.6175213675213675,0.39400593471810086,0.41744548286604366
315,0.6169871794871795,0.39578635014836794,0.416926272066459
316,0.6148504273504274,0.39578635014836794,0.4184839044652129
317,0.6095085470085471,0.39335311572700293,0.4301661474558671
318,0.6447649572649573,0.4513353115727003,0.41952232606438217
319,0.6111111111111112,0.3849258160237389,0.4049844236760125
320,0.6164529914529915,0.38712166172106827,0.4200415368639668
321,0.6132478632478633,0.3887240356083086,0.426791277258567
322,0.6095085470085471,0.39121661721068246,0.43914849428868125
323,0.6116452991452992,0.39548961424332346,0.43603322949117346
324,0.6116452991452992,0.40080712166172106,0.42834890965732086
325,0.6132478632478633,0.3885459940652819,0.4179646936656283
326,0.6153846153846154,0.3883679525222552,0.4205607476635514
327,0.6132478632478633,0.39881305637982195,0.43125649013499484
328,0.6121794871794872,0.3992878338278932,0.43021806853582556
329,0.6292735042735043,0.4019169139465875,0.3561786085150571
330,0.5673076923076923,0.4391691394658754,0.4376427829698858
331,0.6196581196581197,0.39246290801186945,0.41952232606438217
332,0.6164529914529915,0.398160237388724,0.4184839044652129
333,0.6137820512820513,0.39893175074183973,0.4179646936656283
334,0.6137820512820513,0.39821958456973294,0.42419522326064385
335,0.6127136752136753,0.3992878338278932,0.42107995846313606
336,0.6137820512820513,0.40063501483679526,0.4127725856697819
337,0.6153846153846154,0.4003560830860534,0.40965732087227413
338,0.6132478632478633,0.39875370919881303,0.4221183800623053
339,0.6116452991452992,0.3978635014836795,0.42886812045690553
340,0.6143162393162394,0.3968545994065282,0.42263759086188996
341,0.6201923076923077,0.3953709198813056,0.42263759086188996
342,0.6159188034188035,0.4235014836795252,0.4184839044652129
343,0.6143162393162394,0.4066676557863501,0.41952232606438217
344,0.6127136752136753,0.3997626112759644,0.42731048805815164
345,0.6111111111111112,0.40178635014836794,0.43416407061266876
346,0.6121794871794872,0.40334718100890204,0.430269989615784
347,0.6143162393162394,0.39863501483679525,0.42627206645898236
348,0.6159188034188035,0.39887240356083087,0.416926272066459
349,0.6159188034188035,0.39382789317507416,0.41744548286604366
350,0.6095085470085471,0.3992878338278932,0.43909657320872275
351,0.608974358974359,0.41275964391691394,0.4404465212876428
352,0.6143162393162394,0.4041186943620178,0.42575285565939774
353,0.6148504273504274,0.3893175074183976,0.42107995846313606
354,0.4930555555555556,0.4104272997032641,0.42263759086188996
355,0.6308760683760684,0.3847477744807122,0.4295430944963655
356,0.5918803418803419,0.39869436201780417,0.42731048805815164
357,0.6153846153846154,0.3972700296735905,0.4221183800623053
358,0.6137820512820513,0.39637982195845695,0.42419522326064385
359,0.6137820512820513,0.3963204747774481,0.42419522326064385
360,0.6137820512820513,0.395727002967359,0.42419522326064385
361,0.6137820512820513,0.39643916913946586,0.42471443406022846
362,0.6127136752136753,0.3972106824925816,0.4252336448598131
363,0.6132478632478633,0.3966765578635015,0.42419522326064385
364,0.6143162393162394,0.3953709198813056,0.42315680166147457
365,0.6137820512820513,0.3963204747774481,0.4252336448598131
366,0.6185897435897436,0.3977448071216617,0.42315680166147457
367,0.6116452991452992,0.3963204747774481,0.42471443406022846
368,0.6153846153846154,0.39703264094955487,0.42315680166147457
369,0.6207264957264957,0.3979228486646884,0.4184839044652129
370,0.6410256410256411,0.3975074183976261,0.3852544132917965
371,0.6607905982905983,0.41152522255192875,0.3805815160955348
372,0.6025641025641026,0.4021246290801187,0.4164070612668744
373,0.6143162393162394,0.39584569732937686,0.4252336448598131
374,0.6175213675213675,0.39620178041543025,0.4221183800623053
375,0.6116452991452992,0.39548961424332346,0.4252336448598131
376,0.6121794871794872,0.3964985163204748,0.42471443406022846
377,0.6164529914529915,0.3964985163204748,0.42263759086188996
378,0.6148504273504274,0.3967359050445104,0.4252336448598131
379,0.6159188034188035,0.3971513353115727,0.42471443406022846
380,0.6127136752136753,0.3949554896142433,0.42419522326064385
381,0.6137820512820513,0.39596439169139463,0.42471443406022846
382,0.6137820512820513,0.3973293768545994,0.42575285565939774
383,0.6217948717948718,0.3959050445103858,0.4215991692627207
384,0.6308760683760684,0.43388724035608306,0.42969885773624095
385,0.6052350427350428,0.40098516320474775,0.4335410176531672
386,0.6207264957264957,0.39525222551928785,0.4290758047767394
387,0.6121794871794872,0.3865281899109792,0.4122533748701973
388,0.6041666666666667,0.40239762611275964,0.41952232606438217
389,0.6511752136752137,0.4058575667655786,0.42731048805815164
390,0.6057692307692308,0.39335311572700293,0.4311526479750779
391,0.5982905982905983,0.38207715133531156,0.42834890965732086
392,0.6025641025641026,0.3911572700296736,0.39927310488058154
393,0.6116452991452992,0.39940652818991096,0.40965732087227413
394,0.6356837606837606,0.3938872403560831,0.4305815160955348
395,0.6020299145299145,0.41311572700296734,0.4454828660436137
396,0.6191239316239316,0.3943026706231454,0.4406022845275182
397,0.6052350427350428,0.3768545994065282,0.4158878504672897
398,0.6030982905982907,0.4097388724035608,0.4200415368639668
399,0.6485042735042735,0.41335311572700295,0.43572170301142266
400,0.6057692307692308,0.37252225519287835,0.4055036344755971
401,0.6095085470085471,0.4050385756676558,0.4221183800623053
402,0.6196581196581197,0.4154896142433234,0.4148494288681205
403,0.6185897435897436,0.39121661721068246,0.4298026998961579
404,0.6068376068376069,0.3740652818991098,0.42315680166147457
405,0.6095085470085471,0.41136498516320474,0.42471443406022846
406,0.6356837606837606,0.40976261127596436,0.41744548286604366
407,0.6105769230769231,0.38985163204747775,0.43260643821391487
408,0.5988247863247863,0.37869436201780415,0.4329698857736241
409,0.6111111111111112,0.3937091988130564,0.4138110072689512
410,0.6394230769230769,0.4108427299703264,0.4200415368639668
411,0.5961538461538461,0.39068249258160237,0.4138110072689512
412,0.6047008547008548,0.3974480712166172,0.42995846313603325
413,0.6175213675213675,0.3972106824925816,0.43546209761163035
414,0.6137820512820513,0.41275964391691394,0.42782969885773625
415,0.6415598290598291,0.4146587537091988,0.44247144340602285
416,0.5886752136752137,0.41477744807121664,0.4324506749740395
417,0.6485042735042735,0.3861127596439169,0.4221183800623053
418,0.5534188034188035,0.42468842729970324,0.4722741433021807
419,0.6228632478632479,0.40219584569732936,0.4252336448598131
420,0.5876068376068376,0.4108724035608309,0.44600207684319837
421,0.6271367521367521,0.4252225519287834,0.44600207684319837
422,0.6351495726495726,0.39299703264094954,0.4342679127725857
423,0.6655982905982906,0.37893175074183977,0.4132917964693666
424,0.6175213675213675,0.38961424332344213,0.4179646936656283
425,0.545940170940171,0.4034480712166172,0.45981308411214955
426,0.5844017094017094,0.40476557863501483,0.426791277258567
427,0.5811965811965812,0.3995252225519288,0.40342679127725856
428,0.6095085470085471,0.39560830860534124,0.42627206645898236
429,0.7232905982905983,0.3937685459940653,0.40031152647975077
430,0.6372863247863247,0.421839762611276,0.469055036344756
431,0.578525641025641,0.41058753709198814,0.45223260643821395
432,0.5614316239316239,0.3931157270029674,0.42995846313603325
433,0.5902777777777778,0.37887240356083085,0.41952232606438217
434,0.6127136752136753,0.4074658753709199,0.416926272066459
435,0.608440170940171,0.3948961424332344,0.42782969885773625
436,0.6517094017094017,0.38729970326409496,0.42315680166147457
437,0.6442307692307693,0.4106646884272997,0.3811007268951194
438,0.6597222222222222,0.3519287833827893,0.3561786085150571
439,0.5790598290598291,0.41560830860534126,0.43618899273104883
440,0.5405982905982907,0.3918100890207715,0.4504672897196262
441,0.6303418803418803,0.38801186943620175,0.46843198338525444
442,0.6266025641025641,0.40166765578635016,0.3935617860851506
443,0.6442307692307693,0.39881305637982195,0.37435098650051923
444,0.5982905982905983,0.4048367952522255,0.4360851505711319
445,0.5587606837606838,0.38439169139465873,0.42627206645898236
446,0.6469017094017094,0.38225519287833826,0.4221183800623053
447,0.6613247863247863,0.3970919881305638,0.43800623052959503
448,0.5913461538461539,0.40837388724035606,0.4112149532710281
449,0.5582264957264957,0.3341246290801187,0.42263759086188996
450,0.5993589743589743,0.3905044510385757,0.42263759086188996
451,0.6645299145299145,0.38462908011869434,0.44221183800623054
452,0.6720085470085471,0.3999406528189911,0.4371754932502596
453,0.6121794871794872,0.39620178041543025,0.40031152647975077
454,0.5988247863247863,0.4016320474777448,0.4158878504672897
455,0.6207264957264957,0.39222551928783383,0.416926272066459
456,0.6111111111111112,0.37548961424332344,0.4117341640706127
457,0.6009615384615384,0.3863501483679525,0.43431983385254413
458,0.6442307692307693,0.3287833827893175,0.40238836967808933
459,0.6522435897435898,0.38189910979228486,0.45223260643821395
460,0.6052350427350428,0.3921661721068249,0.4389408099688474
461,0.625,0.3931157270029674,0.4091381100726895
462,0.6148504273504274,0.3941839762611276,0.4352544132917965
463,0.5988247863247863,0.39525222551928785,0.4468328141225338
464,0.6159188034188035,0.3918694362017804,0.40134994807892005
465,0.6047008547008548,0.40105044510385757,0.3899273104880582
466,0.6618589743589743,0.5525222551928783,0.6568016614745587
467,0.5678418803418803,0.38979228486646883,0.5052440290758048
468,0.6314102564102564,0.3799406528189911,0.37331256490134995
469,0.624465811965812,0.4041186943620178,0.397196261682243
470,0.6143162393162394,0.40340652818991096,0.416926272066459
471,0.6159188034188035,0.3891394658753709,0.41744548286604366
472,0.6148504273504274,0.38949554896142435,0.42419522326064385
473,0.6180555555555556,0.3919287833827893,0.4075804776739356
474,0.6159188034188035,0.3955489614243323,0.4117341640706127
475,0.6111111111111112,0.3953709198813056,0.43587746625129803
476,0.6100427350427351,0.40258160237388724,0.444392523364486
477,0.6127136752136753,0.40237388724035605,0.4252336448598131
478,0.6132478632478633,0.39620178041543025,0.42575285565939774
479,0.6169871794871795,0.39258160237388723,0.4153686396677051
480,0.6169871794871795,0.3917507418397626,0.4153686396677051
481,0.6132478632478633,0.37988130563798217,0.4184839044652129
482,0.6789529914529915,0.5169139465875371,0.46214953271028036
483,0.607905982905983,0.37210682492581604,0.4091381100726895
484,0.6159188034188035,0.3887833827893175,0.4075804776739356
485,0.6159188034188035,0.3950741839762611,0.42575285565939774
486,0.6116452991452992,0.41893175074183975,0.4363966770508827
487,0.6121794871794872,0.4070480712166172,0.43457943925233644
488,0.6143162393162394,0.3779228486646884,0.42834890965732086
489,0.6159188034188035,0.3981008902077151,0.41952232606438217
490,0.6169871794871795,0.41881305637982197,0.39771547248182765
491,0.6137820512820513,0.39863501483679525,0.42107995846313606
492,0.6127136752136753,0.3772106824925816,0.44672897196261685
493,0.6105769230769231,0.3938872403560831,0.42627206645898236
494,0.5082264957264957,0.4902077151335311,0.4158878504672897
495,0.6164529914529915,0.37210682492581604,0.4184839044652129
496,0.6180555555555556,0.4010326409495549,0.4221183800623053
497,0.6132478632478633,0.3974480712166172,0.42627206645898236
498,0.6111111111111112,0.3973887240356083,0.4252336448598131
499,0.6105769230769231,0.39863501483679525,0.42107995846313606
500,0.6068376068376069,0.39916913946587534,0.43250259605399793
501,0.607905982905983,0.39798219584569733,0.4416926272066459
502,0.6185897435897436,0.3943620178041543,0.4252336448598131
503,0.6185897435897436,0.39602373887240355,0.4065420560747664
504,0.608974358974359,0.3998813056379822,0.416926272066459
505,0.6127136752136753,0.39661721068249256,0.42315680166147457
506,0.6143162393162394,0.3965578635014837,0.42471443406022846
507,0.6127136752136753,0.3976854599406528,0.4221183800623053
508,0.6127136752136753,0.48189910979228484,0.5217549325025961
509,0.6324786324786325,0.37804154302670623,0.37123572170301145
510,0.6137820512820513,0.3725816023738872,0.4164070612668744
511,0.6143162393162394,0.3849851632047478,0.426791277258567
512,0.6137820512820513,0.4036795252225519,0.4295430944963655
513,0.6132478632478633,0.4097388724035608,0.4252336448598131
514,0.6121794871794872,0.3959050445103858,0.4314122533748702
515,0.608440170940171,0.4226112759643917,0.44532710280373833
516,0.6047008547008548,0.4456379821958457,0.4252336448598131
517,0.6105769230769231,0.3827299703264095,0.43520249221183804
518,0.6185897435897436,0.36350148367952523,0.45109034267912773
519,0.6175213675213675,0.3897329376854599,0.4148494288681205
520,0.32158119658119655,0.44166172106824925,0.45134994807892004
521,0.657051282051282,0.3855192878338279,0.42731048805815164
522,0.6063034188034189,0.39881305637982195,0.4215991692627207
523,0.6041666666666667,0.3972700296735905,0.4252336448598131
524,0.6175213675213675,0.39637982195845695,0.41952232606438217
525,0.6217948717948718,0.3967359050445104,0.41952232606438217
526,0.6201923076923077,0.39566765578635016,0.42575285565939774
527,0.6159188034188035,0.3968545994065282,0.42315680166147457
528,0.608440170940171,0.3970919881305638,0.4252336448598131
529,0.6036324786324787,0.396973293768546,0.4252336448598131
530,0.6057692307692308,0.39637982195845695,0.42263759086188996
531,0.6137820512820513,0.39643916913946586,0.42315680166147457
532,0.4985042735042735,0.3998813056379822,0.46168224299065425
533,0.6495726495726496,0.38777448071216614,0.4190031152647975
534,0.6095085470085471,0.4002373887240356,0.4200415368639668
535,0.6127136752136753,0.39637982195845695,0.42367601246105924
536,0.6175213675213675,0.39566765578635016,0.4215991692627207
537,0.6148504273504274,0.3966765578635015,0.4252336448598131
538,0.6148504273504274,0.39661721068249256,0.42471443406022846
539,0.6121794871794872,0.3965578635014837,0.42263759086188996
540,0.6137820512820513,0.3970919881305638,0.42263759086188996
541,0.6143162393162394,0.39614243323442133,0.42315680166147457
542,0.6111111111111112,0.39584569732937686,0.42575285565939774
543,0.6137820512820513,0.39661721068249256,0.4252336448598131
544,0.6217948717948718,0.39762611275964393,0.39771547248182765
545,0.6180555555555556,0.410540059347181,0.43546209761163035
546,0.594551282051282,0.3823738872403561,0.42471443406022846
547,0.6271367521367521,0.3973887240356083,0.41433021806853587
548,0.6164529914529915,0.4072166172106825,0.4132917964693666
549,0.6233974358974359,0.3945994065281899,0.4331256490134995
550,0.5993589743589743,0.3857566765578635,0.4371235721703012
551,0.593482905982906,0.410433234421365,0.4148494288681205
552,0.6463675213675214,0.40402967359050446,0.4127725856697819
553,0.6095085470085471,0.38106824925816024,0.44309449636552445
554,0.5982905982905983,0.3945994065281899,0.44195223260643823
555,0.6095085470085471,0.3971513353115727,0.4190031152647975
556,0.6276709401709402,0.39299703264094954,0.4080996884735203
557,0.6217948717948718,0.39999999999999997,0.4215991692627207
558,0.608974358974359,0.41839762611275966,0.3790238836967809
559,0.6260683760683761,0.37347181008902075,0.4086188992731049
560,0.6127136752136753,0.41275964391691394,0.4065420560747664
561,0.6196581196581197,0.39922848664688426,0.42627206645898236
562,0.6073717948717949,0.3937685459940653,0.4356697819314642
563,0.6346153846153846,0.3955489614243323,0.4153686396677051
564,0.6282051282051282,0.39602373887240355,0.43447559709241956
565,0.5726495726495726,0.390919881305638,0.4357736240913811
566,0.6047008547008548,0.39958456973293766,0.4184839044652129
567,0.6308760683760684,0.4011454005934718,0.39615784008307375
568,0.6271367521367521,0.3947181008902077,0.4336967808930426
569,0.5779914529914529,0.3942433234421365,0.4586188992731049
570,0.6143162393162394,0.392106824925816,0.4122533748701973
571,0.6404914529914529,0.3964985163204748,0.40238836967808933
572,0.6100427350427351,0.40637922848664687,0.4435098650051921
573,0.6602564102564102,0.39940652818991096,0.4091381100726895
574,0.655448717948718,0.4172106824925816,0.4442367601246106
575,0.6602564102564102,0.38154302670623147,0.426791277258567
576,0.5827991452991453,0.3890207715133531,0.4334890965732087
577,0.5817307692307693,0.42451038575667654,0.42627206645898236
578,0.5865384615384616,0.3830860534124629,0.40602284527518173
579,0.5908119658119658,0.3837982195845697,0.41433021806853587
580,0.6639957264957265,0.4202373887240356,0.407061266874351
581,0.6041666666666667,0.4141839762611276,0.43686396677050887
582,0.6314102564102564,0.4190504451038576,0.4018691588785047
583,0.593482905982906,0.38124629080118694,0.4365005192107996
584,0.6832264957264957,0.39020771513353114,0.4541017653167186
585,0.657051282051282,0.3893768545994065,0.42471443406022846
586,0.530982905982906,0.38112759643916916,0.41433021806853587
587,0.5512820512820513,0.4138278931750742,0.38940809968847356
588,0.6506410256410257,0.4114718100890208,0.4132917964693666
589,0.6057692307692308,0.41235014836795253,0.4127725856697819
590,0.6682692307692308,0.3767359050445104,0.4411214953271028
591,0.6095085470085471,0.38427299703264095,0.42782969885773625
592,0.5395299145299145,0.40762017804154305,0.44345794392523363
593,0.655448717948718,0.4054836795252225,0.4252336448598131
594,0.6121794871794872,0.40432640949554893,0.36500519210799587
595,0.5918803418803419,0.3341246290801187,0.39823468328141226
596,0.6335470085470085,0.4052700296735905,0.45088265835929386
597,0.6463675213675214,0.40599109792284865,0.44558670820353063
598,0.608440170940171,0.397566765578635,0.42731048805815164
599,0.594551282051282,0.374540059347181,0.4376427829698858
600,0.6127136752136753,0.38189910979228486,0.4101765316718588
601,0.5699786324786325,0.40100296735905044,0.4049844236760125
602,0.5678418803418803,0.39958456973293766,0.40342679127725856
603,0.593482905982906,0.3329376854599406,0.40965732087227413
604,0.6672008547008548,0.4001780415430267,0.4293354101765317
605,0.6762820512820513,0.4004747774480712,0.4122533748701973
606,0.6063034188034189,0.38949554896142435,0.4179646936656283
607,0.5892094017094017,0.3916320474777448,0.4442367601246106
608,0.6239316239316239,0.38468842729970326,0.4215991692627207
609,0.5646367521367521,0.4070106824925816,0.407061266874351
610,0.5507478632478633,0.41275964391691394,0.4205607476635514
611,0.625,0.286646884272997,0.37435098650051923
612,0.5806623931623932,0.3978635014836795,0.42367601246105924
613,0.5758547008547008,0.40649097922848665,0.43463136033229494
614,0.6287393162393162,0.40316320474777445,0.4423156801661475
615,0.6394230769230769,0.42729970326409494,0.4539460020768432
616,0.6196581196581197,0.3779228486646884,0.4386292834890966
617,0.5827991452991453,0.3767952522255193,0.416926272066459
618,0.5614316239316239,0.3929376854599406,0.39979231568016615
619,0.6148504273504274,0.41281899109792286,0.45
620,0.6159188034188035,0.3937685459940653,0.42315680166147457
621,0.6111111111111112,0.39614243323442133,0.4316718587746625
622,0.6105769230769231,0.3948961424332344,0.44018691588785047
623,0.6175213675213675,0.3935311572700297,0.416926272066459
624,0.6159188034188035,0.3941839762611276,0.4106957424714434
625,0.6148504273504274,0.39584569732937686,0.4215991692627207
626,0.6143162393162394,0.39798219584569733,0.42782969885773625
627,0.6121794871794872,0.39821958456973294,0.42886812045690553
628,0.6132478632478633,0.39584569732937686,0.42575285565939774
629,0.6271367521367521,0.3971513353115727,0.4564901349948079
630,0.6100427350427351,0.3942433234421365,0.4200415368639668
631,0.6121794871794872,0.39679525222551926,0.43769470404984423
632,0.6132478632478633,0.39839762611275964,0.431723779854621
633,0.6132478632478633,0.3982789317507418,0.42315680166147457
634,0.6127136752136753,0.3975074183976261,0.42367601246105924
635,0.6143162393162394,0.39626112759643917,0.42627206645898236
636,0.6169871794871795,0.39804154302670625,0.4205607476635514
637,0.6228632478632479,0.38183976261127595,0.38940809968847356
638,0.6196581196581197,0.38344213649851633,0.40083073727933544
639,0.6073717948717949,0.41590504451038574,0.44937694704049846
640,0.6100427350427351,0.41201186943620177,0.44335410176531675
641,0.5908119658119658,0.40119287833827894,0.4453790238836968
642,0.6217948717948718,0.39323442136498515,0.4080996884735203
643,0.6201923076923077,0.3964985163204748,0.4086188992731049
644,0.6159188034188035,0.3950741839762611,0.41952232606438217
645,0.6132478632478633,0.3963204747774481,0.42627206645898236
646,0.6132478632478633,0.3959050445103858,0.426791277258567
647,0.6153846153846154,0.39519287833827893,0.42367601246105924
648,0.6148504273504274,0.39578635014836794,0.4190031152647975
649,0.6132478632478633,0.3964985163204748,0.42315680166147457
650,0.6137820512820513,0.39780415430267063,0.42575285565939774
651,0.6148504273504274,0.397566765578635,0.42471443406022846
652,0.594017094017094,0.3905044510385757,0.45124610591900316
653,0.6282051282051282,0.3953115727002967,0.4117341640706127
654,0.6121794871794872,0.40142433234421365,0.4221183800623053
655,0.6127136752136753,0.3982789317507418,0.42419522326064385
656,0.6148504273504274,0.39679525222551926,0.4200415368639668
657,0.6164529914529915,0.3901483679525222,0.4086188992731049
658,0.6137820512820513,0.39566765578635016,0.41433021806853587
659,0.6095085470085471,0.40953709198813054,0.4221183800623053
660,0.6132478632478633,0.3976854599406528,0.43624091381100727
661,0.6159188034188035,0.390919881305638,0.4301142263759086
662,0.6153846153846154,0.395727002967359,0.41433021806853587
663,0.6137820512820513,0.3972106824925816,0.4336967808930426
664,0.6137820512820513,0.3977448071216617,0.42782969885773625
665,0.6143162393162394,0.39798219584569733,0.41952232606438217
666,0.2435897435897436,0.3916913946587537,0.46272066458982347
667,0.6752136752136753,0.3851038575667656,0.4127725856697819
668,0.6041666666666667,0.3999406528189911,0.42575285565939774
669,0.5758547008547008,0.3946587537091988,0.42315680166147457
670,0.5598290598290598,0.3855192878338279,0.42367601246105924
671,0.5870726495726496,0.3917507418397626,0.42367601246105924
672,0.6212606837606838,0.39566765578635016,0.42575285565939774
673,0.6111111111111112,0.395727002967359,0.42471443406022846
674,0.6127136752136753,0.3950741839762611,0.42419522326064385
675,0.6175213675213675,0.39400593471810086,0.42471443406022846
676,0.6196581196581197,0.39596439169139463,0.42419522326064385
677,0.6223290598290598,0.3982789317507418,0.42471443406022846
678,0.5267094017094017,0.3394658753709199,0.4190031152647975
679,0.5817307692307693,0.3809495548961424,0.42315680166147457
680,0.6111111111111112,0.38979228486646883,0.42782969885773625
681,0.6175213675213675,0.39560830860534124,0.42471443406022846
682,0.6185897435897436,0.3982789317507418,0.4252336448598131
683,0.6367521367521367,0.40243323442136497,0.42315680166147457
684,0.6239316239316239,0.4052166172106825,0.42315680166147457
685,0.6004273504273504,0.38712166172106827,0.42834890965732086
686,0.6105769230769231,0.3869436201780415,0.42575285565939774
687,0.5854700854700855,0.39347181008902077,0.42107995846313606
688,0.6014957264957265,0.3949554896142433,0.42419522326064385
689,0.6191239316239316,0.39661721068249256,0.42627206645898236
690,0.6030982905982907,0.36071216617210683,0.39771547248182765
691,0.6223290598290598,0.38718100890207713,0.44927310488058153
692,0.6324786324786325,0.40624035608308606,0.4200415368639668
693,0.6201923076923077,0.4045281899109792,0.4360851505711319
694,0.5982905982905983,0.38403560830860534,0.4075804776739356
695,0.6271367521367521,0.3953115727002967,0.4164070612668744
696,0.6041666666666667,0.4072937685459941,0.44517133956386296
697,0.5988247863247863,0.39062314540059345,0.4332294911734164
698,0.6282051282051282,0.38326409495548963,0.4363447559709242
699,0.6271367521367521,0.38646884272997034,0.4127725856697819
