0,1,2
0.27338151814373,0.008162768176886437,-0.07979999946532834
0.37108439704870433,0.0690893870078958,0.10316000044407758
0.2796824380731111,-0.032200024552444306,-0.12899999944096663
0.2763502581104573,-0.017200025061825275,-0.1259999994424521
0.2838500580264016,-0.019000025000699527,-0.12399999944344231
0.2753178181220284,-0.027400024715446225,-0.11999999944542306
0.27269869815138303,-0.01870002501088719,-0.09879999945592033
0.2816983780505169,-0.008420025359982874,-0.10399999945334548
0.281465598053126,-0.01070002528255698,-0.12699999944195683
0.2768772581045509,-0.01600002510257581,-0.10899999945086969
0.2776161380962696,-0.009640025318553236,-0.08659999946196129
0.27523061812300575,-0.015500025119555061,-0.08869999946092144
0.27653188810842155,-0.016900025072012825,-0.09619999945720781
0.27643397810951886,-0.008600025353870278,-0.10499999945285043
0.2939544779131542,0.09458966614193864,-0.032799999488600795
0.28080907806048416,-0.047900024019292275,-0.2009999994053152
0.2833894880315637,-0.028000024695070902,-0.12699999944195683
0.2762324781117773,-0.02140002491919868,-0.07579999946730898
0.27311168814675435,-0.03120002458640314,-0.07789999946626913
0.28241577804247675,-0.008010025373906049,-0.13499999943799568
0.2815003780527361,-0.00012202564177243858,-0.13499999943799568
0.27538697812125346,-0.018500025017679,-0.11299999944888917
0.27670386810649417,-0.014300025160305596,-0.10999999945037453
0.2797520780723308,-0.014700025146722084,-0.11199999944938421
0.27740466809863995,-0.015500025119555061,-0.10599999945235516
0.27596619811476164,-0.01630002509238815,-0.10599999945235516
0.4737080458985281,-0.04970002395816653,-0.5029999992557774
0.2105165488483025,0.009155362943179202,-0.051299999479440306
0.29242164793033365,-0.012500025221431232,-0.10299999945384064
0.27706765810241696,-0.012100025235014744,-0.10299999945384064
0.2753932281211835,-0.014100025167097296,-0.11199999944938421
0.27712095810181947,-0.014600025150118046,-0.10899999945086969
0.2769330581039253,-0.015000025136534423,-0.10899999945086969
0.2761885781122695,-0.01560002511615921,-0.10799999945136496
0.27559206811895476,-0.014400025156909746,-0.10099999945483107
0.27694534810378757,-0.017300025058429425,-0.10599999945235516
-0.28399998560929907,-0.10300002214816628,0.059291335465799344
0.3346398074571648,-0.0028400255494726023,-0.13499999943799568
0.2595878882983249,-0.02390002483430176,-0.0977999994564156
0.25552393834387255,-0.01600002510257581,-0.10999999945037453
0.2629512482606293,-0.008010025373906049,-0.11899999944591821
0.2382416885375671,-0.022100024895427506,-0.10199999945433591
0.29859784786111265,-0.020200024959949103,-0.10299999945384064
0.2956968078936266,-0.015300025126346872,-0.10799999945136496
0.24598337845080032,-0.02330002485467697,-0.10399999945334548
0.26939608818839766,-0.01840002502107485,-0.10799999945136496
0.2797614280722258,-0.017000025068616975,-0.10999999945037453
0.28612082800095173,-0.016600025082200487,-0.11199999944938421
0.2890526179680928,-0.01600002510257581,-0.10899999945086969
0.2651418482360779,-0.06930002329257545,-0.027099999491423166
0.28518554801143403,-0.011700025248598367,-0.11299999944888917
0.2591611883031073,-0.017600025048241763,-0.10799999945136496
0.271093008169379,-0.01890002500409549,-0.10499999945285043
0.2733416381441769,-0.01830002502447059,-0.10599999945235516
0.2859108480033048,-0.017100025065221236,-0.11199999944938421
0.24683386844126853,-0.019000025000699527,-0.10599999945235516
0.28411782802340046,-0.017200025061825275,-0.10499999945285043
0.26971518818482143,-0.016800025075408676,-0.10799999945136496
0.2767627381058344,-0.016700025078804637,-0.11099999944987948
0.27636983811023774,-0.01880002500749134,-0.10899999945086969
0.3109427877227542,-0.01080002527916113,-0.11399999944839401
0.253332638368432,-0.06700002337068056,-0.1619999994246264
0.2094448588603135,0.013031858911538241,-0.07359999946839835
0.30035904784137357,-0.01590002510597166,-0.08529999946260503
0.2248006886882099,-0.030700024603382392,-0.12699999944195683
0.2783244980883306,-0.017600025048241763,-0.09999999945532612
0.3505994572782938,-0.040100024284170366,-0.14399999943353925
0.20145248894988987,-0.0018500255830917745,-0.0977999994564156
0.30159242782755036,-0.005920025444879684,-0.07099999946968583
0.3089073677455665,-0.03730002437925484,-0.13499999943799568
0.2650730882368486,-0.007550025389527093,-0.09669999945696017
0.32009773762014837,-0.011700025248598367,-0.12699999944195683
0.21476710880066352,-0.01820002502786655,-0.10299999945384064
0.3021002378218589,-0.01830002502447059,-0.0818999994642885
0.3637475471309337,-0.022300024888635694,-0.14699999943205377
0.20461621891443182,-0.06730002336049301,-0.13999999943551977
0.23832071853668135,0.0021029263826709554,-0.04989999948013357
0.3592946571808404,-0.016600025082200487,-0.12399999944344231
0.2447142884650242,-0.03150002457621548,-0.18099999941521838
0.2693012981894598,0.007891738786090285,-0.05069999947973747
0.3191730976305114,-0.037900024358879625,-0.08779999946136707
0.2117337688346601,-0.03840002434190026,-0.13499999943799568
0.31754982764870454,-0.014000025170493147,-0.09629999945715828
0.2596014682981729,-0.014100025167097296,-0.10999999945037453
0.2952849778982425,-0.010400025292744641,-0.10499999945285043
0.31950556762678506,-0.024400024817322397,-0.11399999944839401
0.18424891914270236,0.004085386115349143,-0.0965999994570097
0.34414764735060377,-0.029900024630549416,-0.13299999943898588
0.35403835723975163,-0.032700024535464944,-0.12999999944047136
0.41498814655664384,-0.023200024858072932,-0.09829999945616796
0.43487951633370714,-0.0164000250889923,-0.07789999946626913
0.23021700862750527,-0.020400024953157292,-0.13899999943601493
0.12793752977382422,-0.02380002483769761,-0.09949999945557375
0.26525509823480875,-0.023100024861468782,-0.12399999944344231
0.38229654692304194,-0.03720002438265069,-0.1379999994365102
0.2665905482198414,0.008940040650491254,-0.03769999948617442
0.23144933861369377,0.003297606942101239,-0.11399999944839401
0.34453519734626026,-0.05500002377818536,-0.009149999500311257
0.17921646919910472,-0.032200024552444306,-0.10999999945037453
0.3727019570305752,-0.03960002430114973,-0.11199999944938421
0.38773459686209355,0.0034767945360161256,-0.09499999945780202
0.15153105950939483,0.013647386890635826,-0.08929999946062439
0.3427211673665913,-0.030200024620361754,-0.0891999994606738
0.2758796681157316,-0.024800024803738885,-0.10699999945186012
0.3575102572008393,-0.022200024892031656,0.013010512488715764
0.23731517854795103,-0.06010002360499578,-0.11399999944839401
0.2963660578861258,-0.05250002386308217,-0.14899999943106346
0.24282283848622277,0.03432028318861047,-0.11599999944740369
0.3567819072090026,0.008700990558609178,-0.09999999945532612
0.3187814776349005,-0.03570002443358877,-0.06229999947399367
0.1713487092872843,-0.011900025241806556,-0.08609999946220881
0.22504190868550622,-0.09130002254548342,-0.3699999993216335
0.1052454900281502,-0.05450002379516461,-0.3649999993241093
0.13452444969999977,-0.027400024715446225,-0.13399999943849072
0.2541504383592663,0.009953237016084415,-0.06779999947127024
0.27599575811443033,-0.006340025430617069,-0.07469999946785366
0.304846107791084,-0.011300025262181768,-0.0988999994558708
0.407415036641521,-0.02600002476298846,-0.11299999944888917
0.32866996752407296,-0.04700002404985515,-0.10099999945483107
0.26105771828185165,-0.028000024695070902,-0.07679999946681382
0.05737817856463301,-0.12900002126523935,-0.33399999933945923
0.23497768857414902,-0.06780002334351354,-0.21099999940036362
0.39776368674969054,-0.012600025218035382,-0.0779999994662196
0.2811881580562354,0.009539468430135534,-0.029899999490036744
0.19202015905560454,-0.004630025488686518,-0.13199999943948115
0.24174825849826642,-0.024200024824114208,-0.11399999944839401
0.31663465765896137,-0.030700024603382392,-0.09049999946003018
0.2861860680002204,-0.04990002395137483,-0.11699999944690853
0.11356913993486106,-0.08080002290205002,-0.31799999934738177
0.20329341892925723,-0.04220002421285707,-0.18099999941521838
0.3161573776643105,-0.04150002423662813,-0.14099999943502473
0.22936233863708444,-0.0075700253888477675,-0.11999999944542306
0.17176011928267343,-0.01860002501428304,-0.09149999945953491
0.3047426477922437,0.005541303965908018,-0.10099999945483107
0.39329743679974705,0.01075323598891742,-0.14699999943205377
0.2846359680175934,-0.037800024362275475,-0.17099999942016997
0.3006570978380334,0.030198102328594434,0.05800829846643474
0.27051319817587727,-0.034800024464151647,-0.10399999945334548
0.2747464381284326,-0.037800024362275475,-0.13499999943799568
0.2792844480775718,-0.039900024290962066,-0.12999999944047136
0.2768360481050127,-0.008040025372887172,-0.09859999945601938
0.27747325809787093,-0.004650025488007414,-0.09059999945998054
0.27674479810603536,-0.021900024902219206,-0.09399999945829707
0.27524866812280346,-0.011500025255390067,-0.09479999945790096
0.2779755580922414,-0.016700025078804637,-0.10999999945037453
0.2794545880756649,-0.015200025129742722,-0.11199999944938421
0.27735415809920605,-0.01080002527916113,-0.11399999944839401
0.27597747811463536,-0.020500024949761442,-0.11399999944839401
0.2782996880886086,-0.019100024997303677,-0.11399999944839401
0.3126045177041299,0.04167057193900403,-0.07819999946612066
0.272397918154754,-0.019000025000699527,-0.10099999945483107
0.2801942380673752,-0.018500025017679,-0.10499999945285043
0.2800252180692695,-0.016500025085596337,-0.0996999994554747
0.27897305808106165,-0.01560002511615921,-0.10399999945334548
0.2767427281060584,-0.015000025136534423,-0.10699999945186012
0.27666967810687737,-0.01840002502107485,-0.10599999945235516
0.2784752680866409,-0.016700025078804637,-0.10099999945483107
0.2767238281062705,-0.015100025133138573,-0.10899999945086969
0.03215086584737359,0.2356871163504486,-0.07739999946651666
0.29600095789021785,-0.03900002432152494,-0.17099999942016997
0.27244325815424575,-0.006510025424844135,-0.11599999944740369
0.2650513982370917,-0.005820025448275645,-0.11199999944938421
0.2830597380352593,-0.020500024949761442,-0.11099999944987948
0.28457600801826555,-0.02090002493617793,-0.10699999945186012
0.2905494279513172,-0.02070002494296974,-0.11199999944938421
0.2852582880106185,-0.01820002502786655,-0.11599999944740369
0.38325418691230895,-0.060800023581224716,-0.23099999939046045
0.2626573482639234,0.003348997040355961,-0.13699999943700536
0.2824128380425097,-0.012900025207847832,-0.11599999944740369
0.27247712815386627,-0.00712002540412926,-0.11499999944789874
0.2707604181731065,-0.011100025268973468,-0.10699999945186012
0.2765411581083177,-0.015100025133138573,-0.10699999945186012
0.2723729081550341,-0.014600025150118046,-0.09999999945532612
0.2765139181086229,-0.01610002509917985,-0.10599999945235516
0.27478773812796975,-0.015500025119555061,-0.10599999945235516
0.2668619482167993,-0.012800025211243682,-0.0992999994556728
0.2760534581137837,-0.016500025085596337,-0.10799999945136496
0.276221078111905,-0.015400025122950911,-0.10999999945037453
0.2748234781275689,-0.013700025180680808,-0.10099999945483107
0.2788477880824656,-0.016500025085596337,-0.10899999945086969
0.3756747669972569,-0.015200025129742722,-0.15899999942611187
0.27151667816463054,-0.00977002531413862,-0.11399999944839401
0.27320377814572216,-0.019500024983720166,-0.10299999945384064
0.28335524803194745,-0.016800025075408676,-0.11099999944987948
0.27442966813198266,-0.017100025065221236,-0.10499999945285043
0.28030977806607993,-0.0181000250312624,-0.10599999945235516
0.28286688803742077,-0.01860002501428304,-0.10999999945037453
0.2783206680883734,-0.01870002501088719,-0.10799999945136496
0.2758202481163976,-0.01580002510936751,-0.10699999945186012
0.2745867981302217,-0.016500025085596337,-0.10599999945235516
0.27829992808860604,-0.016600025082200487,-0.10899999945086969
0.2787430480836397,-0.016900025072012825,-0.10699999945186012
0.2784118380873517,-0.016800025075408676,-0.10999999945037453
0.3753429670009756,-0.0058300254479360936,-0.14799999943155862
0.26486367823919554,-0.014700025146722084,-0.10699999945186012
0.2682850582008496,-0.02090002493617793,-0.09839999945611844
0.27775354809472974,-0.0164000250889923,-0.11099999944987948
0.27885311808240587,-0.014700025146722084,-0.11499999944789874
0.27707567810232714,-0.01800002503465825,-0.10399999945334548
0.2836423880287291,-0.0181000250312624,-0.10699999945186012
0.28435952802069164,-0.017500025051637724,-0.11399999944839401
0.27955543807453465,-0.017800025041450063,-0.10999999945037453
0.2780487180914213,-0.016500025085596337,-0.10799999945136496
0.2760286081140624,-0.017100025065221236,-0.10599999945235516
0.2772359881005302,-0.016200025095784,-0.10799999945136496
0.20827927887337716,-0.0448000241245643,-0.06649999947191398
0.33468610745664584,-0.032800024532069094,-0.0605999994748353
0.2882233179773874,-0.05920002363555865,-0.07219999946909161
0.20109646895388011,-0.0026400255562643027,-0.11499999944789874
0.28471327801672697,0.014879908848780876,-0.14499999943304398
0.3401310773956201,-0.005370025463557027,-0.13999999943551977
0.1960107990108788,-0.009690025316855255,-0.08899999946077297
0.30027427784232374,-0.04370002416191898,-0.07079999946978477
0.32572658755706163,-0.037600024369067175,-0.10499999945285043
0.19721667899736373,0.006483378533916451,-0.1359999994375004
0.321215907607616,0.006537163332089868,-0.13699999943700536
0.3422998573713132,-0.004650025488007414,-0.1379999994365102
0.21910769875201552,-0.019700024976928465,-0.11799999944641326
0.33036927750502776,-0.0900000225896298,-0.16399999942363597
0.21541604879339027,-0.028000024695070902,-0.12799999944146168
0.21798578876458952,-0.014000025170493147,0.0061948684920906105
0.3229968575876556,-0.040400024273982704,-0.024799999492561953
0.23212344860613854,-0.0019300255803750277,-0.16099999942512155
0.31957188762604183,-0.0005830256261174505,-0.16599999942264576
0.3367318874337175,-0.008510025356926576,-0.10799999945136496
0.20622164889643835,-0.002440025563056114,-0.07129999946953725
0.25525817834685127,-0.05150002389704078,-0.08379999946334771
0.28845632797477583,-0.045300024107584935,-0.11499999944789874
0.3866188568745985,0.07148844592642678,-0.07809999946617008
0.3120884077099144,-0.04230002420946122,-0.06839999947097308
0.2629200082609797,0.006515965032809823,-0.09409999945824765
0.2892977579653453,-0.05620002373743482,-0.1619999994246264
0.3520864372616279,-0.01080002527916113,-0.16599999942264576
0.24512346846043798,-0.01100002527236943,-0.16999999942066502
0.18274179915959388,-0.03910002431812909,-0.11799999944641326
0.3590915771831167,-0.010600025285952941,-0.02919999949038332
0.376987616982543,-0.025000024796947184,-0.15599999942759735
0.26396821824923156,-0.00261002555728318,-0.2269999993924412
0.25663570833141236,-0.032900024528673244,-0.09089999945983207
0.2454980184562403,-0.037900024358879625,-0.10299999945384064
0.2619652982716798,-0.008960025341645195,-0.13999999943551977
0.34828457730423823,-0.01580002510936751,-0.01929999949528549
0.3201557976194973,-0.02370002484109346,-0.0636999994733004
0.2781393580904057,-0.0265000247460091,-0.20499999940333458
0.36207914714963274,-0.03950002430454569,-0.07889999946577397
0.2278307186542503,-0.02850002467809165,-0.06729999947151788
0.1660384093468006,0.016284357801087612,-0.14899999943106346
0.21284469882220924,-0.0018500255830917745,-0.04189999948409484
0.4555713261017993,-0.06340002349293195,-0.06419999947305277
0.13396550970626442,-0.06200002354047418,-0.09229999945913892
0.2615432082764102,-0.09550002240285682,-0.10899999945086969
0.24060537851107555,-0.008730025349455772,-0.10599999945235516
0.3414181073811957,0.031723092276807696,-0.11799999944641326
0.45609422609593886,-0.022000024898823356,-0.13399999943849072
0.15364839948566433,-0.02880002466790399,-0.10799999945136496
0.157519069442283,-0.040600024267191004,-0.07949999946547681
0.14474072958549877,-0.09020002258283799,-0.14899999943106346
0.1842362991428439,-0.029500024644132927,-0.2009999994053152
0.4723323259139469,0.042787246901083154,-0.13699999943700536
0.38623625687888685,-0.029600024640737077,-0.12899999944096663
0.13964611964259777,-0.02130002492259453,-0.08269999946389239
0.23156992861234227,-0.035300024447172285,-0.03749999948627347
0.21039376884967864,-0.055600023757810035,-0.08219999946413992
0.1803961491858832,-0.09070002256585863,-0.07179999946928961
0.13238433972398567,-0.008010025373906049,-0.18799999941175216
0.38172772692941703,0.035805397138177875,-0.07749999946646724
0.4428636962442227,-0.06130002356424524,-0.12699999944195683
0.16278092938330957,-0.03170002456942367,-0.14599999943254882
0.2408841885079509,0.0015751996005919366,-0.07229999946904198
0.3535995572446693,-0.08430002278319448,-0.0772999994665663
0.2834398180309996,0.025317157494345266,0.09522787244800512
0.2568461983290531,-0.04600002408381387,-0.17699999941719902
0.2817610980498142,-0.0181000250312624,-0.1379999994365102
0.2771866481010832,-0.022700024875052294,-0.11799999944641326
0.2758457681161115,-0.01800002503465825,-0.09999999945532612
0.27726427810021304,-0.015400025122950911,-0.10299999945384064
0.2798679180710324,-0.014600025150118046,-0.10499999945285043
0.276944948103792,-0.016500025085596337,-0.10699999945186012
0.276213668111988,-0.021600024912406868,-0.1259999994424521
0.2766565981070239,-0.019700024976928465,-0.11999999944542306
0.27780382809416615,-0.014400025156909746,-0.09819999945621738
0.2793114080772696,-0.015400025122950911,-0.10799999945136496
0.2769019381042741,-0.01570002511276336,-0.10799999945136496
0.27612396811299345,-0.017600025048241763,-0.10699999945186012
0.27803496809157546,-0.017500025051637724,-0.10699999945186012
0.2766658081069209,-0.01590002510597166,-0.10399999945334548
0.24527246845876816,-0.014800025143326234,-0.5099999992523113
0.3465990173231295,0.0363888211183655,0.004174315293091091
0.287995017979946,-0.025000024796947184,-0.09169999945943597
0.28474136801641214,-0.017200025061825275,-0.09799999945631654
0.2800802680686525,-0.015500025119555061,-0.09789999945636596
0.27479989812783323,-0.01860002501428304,-0.11199999944938421
0.28156463805201604,-0.01580002510936751,-0.09859999945601938
0.2834253180311619,-0.016200025095784,-0.09709999945676218
0.28589321800350254,-0.017000025068616975,-0.09399999945829707
0.297452717873947,-0.010200025299536453,-0.05899999947562773
0.2773218380995679,-0.022600024878448144,-0.10599999945235516
0.2615787982760116,-0.029300024650924628,-0.14699999943205377
0.27756883809679955,-0.017100025065221236,-0.10899999945086969
0.280639638062383,-0.015500025119555061,-0.10199999945433591
0.276482598108974,-0.016700025078804637,-0.10699999945186012
0.27787730809334255,-0.017300025058429425,-0.10999999945037453
0.12998991975082164,0.10483885079388944,0.06872937446112604
0.2792528980779252,-0.03980002429435803,-0.1549999994280925
0.2774641980979724,-0.014000025170493147,-0.09619999945720781
0.27383245813867596,-0.014100025167097296,-0.10799999945136496
0.27350894814230187,-0.017700025044845913,-0.10699999945186012
0.28426497802175144,-0.01880002500749134,-0.11199999944938421
0.280297748066215,-0.017500025051637724,-0.10899999945086969
0.2720920581581818,-0.016600025082200487,-0.10299999945384064
0.2737304581398192,-0.01580002510936751,-0.10499999945285043
0.2725566281529752,-0.015500025119555061,-0.10399999945334548
0.2802985980662056,-0.01870002501088719,-0.11199999944938421
0.1665555193410051,0.0430051508936834,-0.04569999948221326
0.2922839879318766,-0.002120025573922879,-0.12199999944443263
0.2822927680438554,-0.022800024871656444,-0.09629999945715828
0.2679034582051265,-0.01560002511615921,-0.08449999946300113
0.27649156810887354,-0.011400025258785917,-0.11099999944987948
0.27558898811898924,-0.01070002528255698,-0.10799999945136496
0.27608520811342796,-0.01350002518747262,-0.11499999944789874
0.27841979808726247,-0.01320002519766017,-0.10499999945285043
0.2761989581121529,-0.014100025167097296,-0.09319999945869328
0.27453120813084464,-0.014600025150118046,-0.09569999945745533
0.26420227824660847,-0.007790025381376964,-0.07779999946631866
0.2522643383804053,-0.008670025351493194,-0.05799999947612278
0.27082582817237344,-0.01330002519426432,-0.07539999946750708
-0.42099998407384265,-0.10800002197837266,0.14361353042404668
0.3156520676699739,0.00016983658831637438,-0.1379999994365102
0.26665366821913383,0.004133648713710247,-0.11299999944888917
0.26511616823636586,0.011963704947811515,-0.12299999944393758
0.30007490784455815,-0.01340002519086847,-0.11399999944839401
0.36528714711367827,-0.011700025248598367,-0.11699999944690853
0.26511027823643163,-0.015100025133138573,-0.10899999945086969
0.19844920898354967,-0.02610002475959261,-0.09669999945696017
0.2841020480235774,-0.025100024793551223,-0.10699999945186012
0.24199202849553436,-0.03370002450150622,-0.0950999994577525
0.2351307685724333,-0.032600024538860906,-0.09519999945770286
0.2625347382652976,-0.025500024779967823,-0.10299999945384064
0.267642168208055,-0.021900024902219206,-0.10599999945235516
-0.02129998855356474,-0.1590000202464774,0.08299952045406012
0.4868380057513715,0.036752259106023644,-0.17999999941571354
0.2418310484973385,-0.04140002424002398,-0.0814999994644866
0.196216879008569,-0.04510002411437675,-0.08979999946037676
0.23172431861061193,-0.023000024864864632,-0.10699999945186012
0.22026139873908512,-0.02370002484109346,-0.10399999945334548
0.2611246282811017,-0.022200024892031656,-0.10699999945186012
0.2684640381988437,-0.022500024881843994,-0.10599999945235516
0.30947248773923297,-0.011200025265577618,-0.11099999944987948
0.25419380835878025,-0.020400024953157292,-0.10399999945334548
0.27566952811808654,-0.019300024990511977,-0.10499999945285043
0.27756612809683023,-0.019800024973532615,-0.10699999945186012
0.27545819812045536,-0.019400024987116016,-0.10999999945037453
0.27694629810377713,-0.017400025055033574,-0.11099999944987948
0.28716981798919483,-0.016200025095784,-0.10799999945136496
0.2925287079291339,-0.015100025133138573,-0.10999999945037453
0.23920811852673585,0.043559707874851306,-0.1429999994340343
0.3103864477289895,0.010790732987644103,-0.14599999943254882
0.31267747770331233,-0.058200023669517376,-0.08599999946225834
0.26530725823422396,-0.05950002362537099,-0.0725999994688934
0.2532621483692221,0.025633187483613207,-0.11399999944839401
0.3148471376789954,0.049366450677661766,-0.14899999943106346
0.25044799840076215,-0.025500024779967823,-0.10199999945433591
0.2929887179239783,-0.08090002289865417,-0.08519999946265444
0.24533500845806722,-0.012100025235014744,-0.09999999945532612
0.2991898478544779,0.014831269850432593,-0.1359999994375004
0.25652445833265913,-0.017400025055033574,-0.12699999944195683
0.21123172884028696,-0.012400025224827194,-0.07909999946567503
0.2026928289359884,-0.07140002322126215,-0.11999999944542306
0.26741454821060606,-0.052900023849498656,-0.08399999946324865
0.29099099794636807,-0.06680002337747226,-0.11899999944591821
0.2596509382976184,0.011959948947939059,-0.10099999945483107
0.3468872573198989,0.03324550022510875,-0.14399999943353925
0.18340929915211257,-0.022200024892031656,-0.11399999944839401
0.2854535580084301,-0.07740002301750981,-0.10999999945037453
0.28028971806630487,-0.03150002457621548,-0.08989999946032723
0.253521718366313,0.049112554686283616,-0.06769999947131977
0.3045994777938481,0.006092203347200176,-0.14399999943353925
0.23221825860507583,-0.04180002422644047,-0.10499999945285043
0.35567677722138846,-0.06710002336728471,-0.12499999944294726
0.38550289688710615,0.00259411246599095,-0.034999999487511424
0.19831241898508267,0.0027531434605904126,-0.13499999943799568
0.17810839921152355,-0.04770002402608409,-0.16599999942264576
0.34936345729214646,-0.0074600253925832805,-0.11099999944987948
0.28833934797608696,-0.0286000246746958,-0.08709999946171365
0.2950955479003654,-0.03980002429435803,-0.12199999944443263
0.35258190725607497,-0.04930002397175004,-0.07329999946854693
0.22019902873978392,-0.04610002408041791,-0.15299999942908282
0.29228268793189116,0.009886973518334674,-0.1359999994375004
0.240402358513351,0.00636078143807961,-0.12099999944492779
0.2169482587762177,-0.06390002347595258,-0.05739999947641994
0.3731741470252832,-0.0033500255321536887,-0.04759999948127247
0.3617961871528039,-0.024600024810530696,-0.10199999945433591
0.19184361905758318,0.004727367993548337,-0.16799999942165544
0.20397464892162231,-0.013800025177284958,-0.11599999944740369
0.28263698803999726,-0.03160002457281963,-0.11299999944888917
0.25687524832872755,-0.0014000255983731558,-0.10199999945433591
0.3056101977825203,-0.016700025078804637,-0.029999999489987217
0.24123973850396574,-0.11500002174066148,-0.029899999490036744
0.1251589598049656,-0.09690002235531459,-0.15299999942908282
0.2958923678914349,0.006189442043898152,-0.0667999994717654
0.3857053368848371,0.03422838719173116,-0.16999999942066502
0.30700515776688597,-0.011700025248598367,-0.19999999940581037
0.1981912189864412,0.005399121970736442,-0.04409999948300547
0.24277673848673964,-0.04400002415173132,-0.0833999994635457
0.3118988377120391,-0.09900002228400118,-0.11499999944789874
0.08039852430662764,-0.058400023662725564,-0.16399999942363597
0.26894082819349996,0.04215374992259591,-0.17999999941571354
0.4174976465285183,-0.012000025238410705,-0.048999999480579204
0.25863904830895934,-0.07790002300053034,-0.08069999946488271
0.21409844880815765,-0.037400024375858876,-0.14199999943452946
0.33152918749202764,0.053118091550260815,-0.18799999941175216
0.1333635197130114,0.020698136651201238,-0.2509999993805574
0.2857453180051601,0.010125445010236489,-0.13399999943849072
0.24413345847153378,-0.03590002442679707,-0.018499999495681485
0.3205040276155944,-0.0963000223756898,-0.06509999947260714
0.19870516898068113,-0.020300024956553253,-0.12399999944344231
0.34407712735139406,0.05871288536026864,-0.1379999994365102
0.2730386081475733,-0.03380002449811037,-0.10299999945384064
0.27267238815167794,-0.014400025156909746,-0.10499999945285043
0.27973943807247226,-0.015000025136534423,-0.10499999945285043
0.27794935809253496,-0.010000025306328153,-0.10099999945483107
0.27438140813252354,-0.014000025170493147,-0.10099999945483107
0.27149144816491355,-0.03120002458640314,-0.10399999945334548
0.28040727806498733,-0.017600025048241763,-0.11399999944839401
0.2854579880083805,-0.006870025412618941,-0.11699999944690853
0.2762941181110865,-0.015200025129742722,-0.10699999945186012
0.27413574813527686,-0.023100024861468782,-0.10499999945285043
0.27729439809987566,-0.028200024688279313,-0.11399999944839401
0.27178993816156805,-0.04420002414493962,-0.11799999944641326
0.28274276803881193,-0.013800025177284958,-0.11799999944641326
0.2774797180977986,-0.01820002502786655,-0.10899999945086969
0.2746668681293243,-0.01820002502786655,-0.10599999945235516
0.2792253180782345,-0.015100025133138573,-0.11199999944938421
0.28050369806390685,-0.014800025143326234,-0.11199999944938421
0.2769439281038035,-0.023100024861468782,-0.10999999945037453
0.2767587181058795,-0.024700024807134846,-0.10899999945086969
0.27610087811325235,-0.01090002527576528,-0.10299999945384064
0.2765404481083258,-0.014100025167097296,-0.10199999945433591
0.22345536870328786,0.09702677805917748,-0.17599999941769406
0.2770158081029981,-0.05160002389364493,-0.10399999945334548
0.2785833480854294,-0.009780025313799068,-0.10299999945384064
0.27772264809507585,-0.01590002510597166,-0.11499999944789874
0.2767743381057044,-0.0181000250312624,-0.11499999944789874
0.2756017481188464,-0.014400025156909746,-0.10699999945186012
0.2776756980956019,-0.017700025044845913,-0.10399999945334548
0.28023702806689554,-0.019000025000699527,-0.10699999945186012
0.27793725809267067,-0.01800002503465825,-0.11099999944987948
0.27763741809603104,-0.017300025058429425,-0.10599999945235516
0.2803621180654934,-0.017100025065221236,-0.10799999945136496
0.27298961814812217,-0.01320002519766017,-0.10999999945037453
0.26478934824002853,-0.007030025407185558,-0.11199999944938421
0.26611936822512217,-0.007800025381037301,-0.10399999945334548
0.32285702758922286,-0.09600002238587735,-0.23499999938847982
0.27989365807074384,0.023982070539683042,-0.11999999944542306
0.2794809780753691,-0.012900025207847832,-0.10999999945037453
0.2758758881157739,-0.021600024912406868,-0.10599999945235516
0.27963427807365093,-0.015200025129742722,-0.10999999945037453
0.27574522811723834,-0.012600025218035382,-0.10599999945235516
0.27556481811926026,-0.015000025136534423,-0.10799999945136496
0.2799702980698848,-0.017300025058429425,-0.10899999945086969
0.2767680681057747,-0.017300025058429425,-0.10699999945186012
0.2776889580954536,-0.017000025068616975,-0.10899999945086969
0.279994928069609,-0.01860002501428304,-0.10999999945037453
0.2786761980843888,-0.014300025160305596,-0.10999999945037453
0.36320030713706686,-0.03580002443019292,-0.15199999942957787
0.29738209787473857,-0.014600025150118046,-0.09249999945903986
0.2598168082957595,-0.014400025156909746,-0.11499999944789874
0.27757050809678097,-0.017400025055033574,-0.10999999945037453
0.27393461813753106,-0.01600002510257581,-0.10699999945186012
0.2656229482306858,-0.016700025078804637,-0.10399999945334548
0.2740035681367583,-0.017200025061825275,-0.10499999945285043
0.2813132480548335,-0.016600025082200487,-0.10999999945037453
0.27743572809829176,-0.017400025055033574,-0.10999999945037453
0.2777001080953285,-0.016800025075408676,-0.10899999945086969
0.27931196807726333,-0.016600025082200487,-0.10999999945037453
0.2758501381160625,-0.018500025017679,-0.10899999945086969
0.27610843811316754,-0.017500025051637724,-0.10799999945136496
0.27930705807731826,-0.016500025085596337,-0.10799999945136496
0.35125850727090735,-0.032900024528673244,-0.09149999945953491
0.2656438082304522,-0.012800025211243682,-0.10099999945483107
0.2711319481689427,-0.016500025085596337,-0.10899999945086969
0.27873646808371344,-0.017300025058429425,-0.10499999945285043
0.27624177811167305,-0.0181000250312624,-0.10799999945136496
0.27751169809744014,-0.01800002503465825,-0.11099999944987948
0.2774634880979805,-0.017100025065221236,-0.10899999945086969
0.27609496811331846,-0.01570002511276336,-0.10799999945136496
0.2752310381230012,-0.016600025082200487,-0.10599999945235516
0.27726429810021314,-0.017800025041450063,-0.10799999945136496
0.2782550980891083,-0.017200025061825275,-0.11199999944938421
0.27881018808288727,-0.016700025078804637,-0.10999999945037453
0.2783093280885005,-0.016500025085596337,-0.10599999945235516
0.27548002812021055,-0.017200025061825275,-0.10899999945086969
0.2767841881055939,-0.016900025072012825,-0.10999999945037453
0.27534912812167756,-0.013700025180680808,-0.10999999945037453
0.15468830947400924,-0.03200002455923601,-0.05229999947894526
0.25019456840360266,-0.003610025523324456,-0.0903999994600797
0.34713638731710694,-0.0007880256191559187,-0.07669999946686334
0.2850228280132576,-0.022300024888635694,-0.07469999946785366
0.24747010843413775,-0.04730002403966749,-0.14499999943304398
0.27141271816579593,0.010990493980860494,-0.15599999942759735
0.2715779881639435,0.03186121827211719,-0.10799999945136496
0.28757126798469534,-0.015000025136534423,-0.11399999944839401
0.3237326975794086,-0.04130002424341994,-0.1259999994424521
0.3159858976662324,-0.03940002430794154,-0.10699999945186012
0.28071197806157233,-0.00795002537594347,-0.09649999945705923
0.2592668683019228,-0.03130002458300718,-0.11699999944690853
0.28107445805750975,-0.042900024189085895,-0.10799999945136496
0.308057107755096,-0.017600025048241763,-0.11699999944690853
0.23986556851936713,-0.016800025075408676,-0.12799999944146168
0.23452415857923214,-0.01100002527236943,-0.0996999994554747
0.2122022688294094,-0.009610025319572002,-0.05809999947607336
0.2739244281376454,0.016351389798811233,-0.08199999946423897
0.35935047718021473,-0.023100024861468782,-0.07589999946725945
0.3416318373788003,-0.029600024640737077,-0.0988999994558708
0.25830591831269323,-0.01630002509238815,-0.12499999944294726
0.24352431847836087,-0.03400002449131867,-0.11799999944641326
0.25130664839113903,-0.01800002503465825,-0.10999999945037453
0.25792974831690896,-0.009350025328401346,-0.12799999944146168
0.2738903881380266,-0.014000025170493147,-0.12999999944047136
0.3292513375175572,-0.006100025438767198,-0.0988999994558708
0.2526525183760546,-0.037600024369067175,-0.10199999945433591
0.22259655871291328,-0.025000024796947184,-0.09749999945656407
0.23758535854492302,-0.009100025336891027,-0.09569999945745533
0.4294513763945442,0.0032917497423000652,-0.11799999944641326
0.2845663580183737,0.03997954099642931,-0.2129999993993733
0.16198735939220343,-0.01800002503465825,-0.18499999941323775
0.29762225787204666,-0.02380002483769761,-0.07829999946607102
0.4293816163953261,-0.048100024012500575,-0.0725999994688934
0.16490726935947797,-0.043100024182294194,-0.0872999994616146
0.2937299879156703,0.006519558332687803,-0.08699999946176318
0.428147106409162,0.00011715164010539514,-0.09839999945611844
0.3489760272964886,0.008518871864793609,-0.17099999942016997
0.23169683861091994,-0.03560002443698462,-0.1379999994365102
0.36218210714847876,-0.04470002412796015,-0.050599999479786995
0.15716985944619677,-0.026700024739217287,-0.05069999947973747
0.32016448761939986,-0.0286000246746958,-0.1359999994375004
0.35021005728265786,0.04872906369930663,-0.14199999943452946
0.2007420489578522,0.01581999581685667,-0.02339999949325522
0.4469636561982715,-0.01580002510936751,-0.11799999944641326
0.374244127013291,-0.037900024358879625,-0.17999999941571354
0.12025391985994005,-0.03690002439283835,-0.12799999944146168
0.34609481732878034,-0.0572000237034761,-0.0853999994625555
0.2654422782327106,-0.024500024813926546,-0.08519999946265444
0.223300188705027,0.02619951946438126,-0.08019999946513023
0.4341714863416424,-0.06230002353028663,-0.21399999939887815
0.2291112786398981,-0.13300002112940446,-0.20599999940283942
0.15890499942674974,-0.021600024912406868,-0.12299999944393758
0.2698700881830851,-0.0039800255107597104,-0.08299999946374392
0.291355217942286,-0.007580025388508216,-0.08879999946087191
0.2618649182728048,-0.030800024599986542,-0.08869999946092144
0.26284943826177054,-0.027400024715446225,-0.09539999945760391
0.31957277762603176,-0.008340025362699621,-0.08169999946438755
0.32825782752869226,-0.03110002458979899,-0.09999999945532612
0.19898892897750087,-0.10100002221608373,-0.13399999943849072
0.3108672677236004,-0.020500024949761442,-0.06019999947503352
0.3087308677475449,-0.0347000244675475,-0.08859999946097097
0.2732818681448468,-0.019600024980324315,-0.09849999945606891
0.31047315772801753,-0.010300025296140491,-0.11299999944888917
0.22850493864669397,-0.014200025163701446,-0.17299999941917954
0.24556653845547216,-0.022900024868260593,-0.11199999944938421
0.3224444075938473,-0.0364000244098176,-0.0733999994684974
0.22948955863565845,-0.0036700255212869237,-0.11099999944987948
0.17008200930148099,-0.11500002174066148,-0.17999999941571354
0.20844568887151205,-0.002160025572564561,-0.07519999946760614
0.28831325797637963,-0.007270025399035429,-0.05659999947681604
0.37263875703128346,-0.012700025214639532,-0.09999999945532612
0.3290439075198821,-0.0385000243385043,-0.08589999946230786
0.23836946853613505,-0.01340002519086847,-0.12099999944492779
0.2674725382099561,0.0101151380105865,-0.09519999945770286
0.2757767781168847,-0.045600024097397385,-0.08099999946473413
0.2643298482451786,-0.022100024895427506,-0.13299999943898588
0.28072370806144087,-0.01880002500749134,-0.10799999945136496
0.2771540781014481,-0.010600025285952941,-0.10599999945235516
0.28183716804896153,-0.008580025354549492,-0.11299999944888917
0.2783544980879944,-0.020000024966740915,-0.10399999945334548
0.2775017180975521,-0.017200025061825275,-0.10699999945186012
0.27697249810348334,-0.010600025285952941,-0.10999999945037453
0.27596200811480864,-0.014000025170493147,-0.10499999945285043
0.27879522808305457,-0.019900024970136765,-0.10899999945086969
0.2782385480892937,-0.017100025065221236,-0.10999999945037453
0.27870931808401744,-0.014500025153513896,-0.10899999945086969
0.27729094809991417,-0.017200025061825275,-0.10499999945285043
0.274885318126876,-0.019000025000699527,-0.10599999945235516
0.2787825680831968,-0.017400025055033574,-0.11099999944987948
0.27933456807701007,-0.015300025126346872,-0.10899999945086969
0.29489521790261075,0.01902431970804197,-0.10299999945384064
0.2695387281867989,-0.03670002439963005,-0.12099999944492779
0.27840853808738864,-0.0181000250312624,-0.11399999944839401
0.27805704809132803,-0.017200025061825275,-0.11299999944888917
0.277896458093128,-0.01820002502786655,-0.10899999945086969
0.27653115810842976,-0.015100025133138573,-0.10799999945136496
0.27825319808912985,-0.015300025126346872,-0.10699999945186012
0.2790245780804843,-0.02060002494636559,-0.11099999944987948
0.27665233810707157,-0.022000024898823356,-0.11799999944641326
0.27788615809324324,-0.013000025204451982,-0.10699999945186012
0.27750302809753724,-0.010100025302932303,-0.10399999945334548
0.2778287480938868,-0.014500025153513896,-0.10599999945235516
0.24772514843127924,-0.02370002484109346,-0.15599999942759735
0.28793391798063106,-0.03090002459659069,-0.10199999945433591
0.27281147815011875,-0.004070025507703412,-0.11899999944591821
0.27530777812214113,-0.01560002511615921,-0.10899999945086969
0.27855203808578044,-0.017000025068616975,-0.10699999945186012
0.26375219825165264,-0.009090025337230578,-0.10999999945037453
0.2672219482127647,-0.012700025214639532,-0.10499999945285043
0.2819055180481955,-0.019200024993907827,-0.10499999945285043
0.2826844380394655,-0.020100024963344953,-0.10599999945235516
0.28305561803530543,-0.021700024909011018,-0.10899999945086969
0.27071511817361427,-0.013100025201056131,-0.10499999945285043
0.2768520981048328,-0.015500025119555061,-0.09949999945557375
0.27198298815940425,-0.01340002519086847,-0.11199999944938421
0.26356005825380624,-0.0068200254143169214,-0.11799999944641326
0.28906572796794605,-0.025500024779967823,-0.09999999945532612
0.32221519759641626,0.022357167594862615,-0.17999999941571354
0.27439461813237553,-0.04420002414493962,-0.08889999946082239
0.27046247817644575,-0.017300025058429425,-0.08489999946280302
0.2774149080985251,-0.020100024963344953,-0.10299999945384064
0.2764150681097308,-0.01840002502107485,-0.10799999945136496
0.2771278181017425,-0.01830002502447059,-0.11199999944938421
0.27758461809662305,-0.009600025319911554,-0.09539999945760391
0.2739723581371081,-0.013000025204451982,-0.08709999946171365
0.2752602181226742,-0.024200024824114208,-0.10499999945285043
0.27518349812353393,-0.01080002527916113,-0.10399999945334548
0.27561977811864424,-0.007400025394620813,-0.10499999945285043
0.2814528180532694,-0.0179000250380541,-0.11899999944591821
0.3032523578089463,-0.025200024790155373,-0.09129999945963407
0.23816469853843003,-0.005990025442502711,-0.11799999944641326
0.2637474082517064,-0.01330002519426432,-0.1259999994424521
0.28338738803158736,-0.017500025051637724,-0.11199999944938421
0.28308825803493987,-0.01860002501428304,-0.11199999944938421
0.28189858804827317,-0.0181000250312624,-0.11599999944740369
0.27436916813266077,-0.016700025078804637,-0.10999999945037453
0.27790904809298667,-0.016500025085596337,-0.10999999945037453
0.2808988680594777,-0.017800025041450063,-0.11599999944740369
0.271303578167019,-0.017300025058429425,-0.10299999945384064
0.28114114805676227,-0.0181000250312624,-0.09679999945691065
0.2833040280325214,-0.016600025082200487,-0.11099999944987948
0.27343109814317446,-0.0164000250889923,-0.11499999944789874
0.28371607802790333,-0.020500024949761442,-0.09819999945621738
0.2828136580380174,-0.017600025048241763,-0.09859999945601938
0.34555330733484957,-0.035300024447172285,-0.11299999944888917
0.27393141813756694,-0.012900025207847832,-0.09619999945720781
0.2609797182827258,-0.014800025143326234,-0.10799999945136496
0.27995960807000464,-0.01830002502447059,-0.10799999945136496
0.2786713680844428,-0.01800002503465825,-0.11299999944888917
0.2800837880686129,-0.017300025058429425,-0.11499999944789874
0.2765714881079777,-0.01560002511615921,-0.10999999945037453
0.27771845809512286,-0.016200025095784,-0.11099999944987948
0.2759231681152441,-0.017600025048241763,-0.10799999945136496
0.2765560081081513,-0.017000025068616975,-0.10999999945037453
0.2776010080964393,-0.017100025065221236,-0.10499999945285043
0.2797015880728966,-0.017300025058429425,-0.10699999945186012
0.19344778903960425,-0.007060025406166792,-0.06379999947325088
0.2922793579319285,-0.004540025491742816,-0.06159999947434025
0.3184339976387949,-0.014000025170493147,-0.07719999946661571
0.2197549787447608,-0.04640002407023036,-0.1309999994399763
0.25902502830463336,-0.035500024440380584,-0.14799999943155862
0.34054339739099904,0.004802796590986813,-0.10999999945037453
0.3482079573050969,-0.01560002511615921,-0.11499999944789874
0.2523332183796334,-0.006050025440465179,-0.11599999944740369
0.1740040792575237,0.015086409841768345,-0.08649999946201081
0.303323947808144,-0.012700025214639532,-0.08399999946324865
0.3708231970516318,-0.025400024783363673,-0.0907999994598816
0.2539466983615499,-0.040400024273982704,-0.0992999994556728
0.22629584867145258,-0.04650002406683451,-0.13299999943898588
0.26497330823796683,-0.0005320256278493751,-0.14099999943502473
0.27085307817206816,-0.0010400256105983496,-0.12099999944492779
0.2573387283235329,-0.03360002450490207,-0.14399999943353925
0.20366345892510984,-0.004190025503628347,-0.10099999945483107
0.3408841773871798,-0.007580025388508216,-0.05939999947542951
0.31934547762857934,-0.022200024892031656,-0.11399999944839401
0.19864335898137364,-0.0265000247460091,-0.10399999945334548
0.24586726845210194,-0.0014300255973545006,-0.11999999944542306
0.33324288747282127,-0.0014300255973545006,-0.14599999943254882
0.35691894720746675,-0.04870002399212525,-0.12399999944344231
0.245656228454467,-0.01840002502107485,-0.10299999945384064
0.20657187889251305,0.016881563780807185,-0.09209999945923786
0.3287961375226589,-0.016500025085596337,-0.08619999946215928
0.2953494978975193,-0.040300024277378554,-0.08899999946077297
0.20812615887509311,-0.0385000243385043,-0.11199999944938421
0.26551623823188186,-0.007880025378320554,-0.1309999994399763
0.27088111817175364,0.005586060564388151,-0.11999999944542306
0.24439798846856897,-0.045200024110980896,-0.08749999946151565
0.16831268932131116,0.005302044274033024,-0.11599999944740369
0.27027293817857023,-0.06150002355745354,-0.13699999943700536
0.3952631667777158,-0.03380002449811037,-0.11499999944789874
0.41457082656132105,-0.022600024878448144,-0.14699999943205377
0.18406817914472806,-0.03650002440642186,-0.1549999994280925
0.1759617192355829,0.013359555900410158,-0.08019999946513023
0.32648048754861225,-0.01580002510936751,-0.03099999948949206
0.3480356473070283,0.0016826579969427824,-0.023199999493354273
0.39850641674136633,-0.016700025078804637,-0.18099999941521838
0.13091181974048927,-0.05140002390043674,-0.18499999941323775
0.2925923479284207,-0.02880002466790399,-0.06859999947087414
0.4260909464322067,-0.008400025360662089,-0.05489999947765778
0.13530156969129026,-0.01570002511276336,-0.07919999946562539
0.24707361843858133,0.0049255695868176685,-0.09129999945963407
0.45445175611434707,-0.03590002442679707,-0.1939999994087812
0.22439081869280364,0.0026719190633487377,-0.015399999497216599
0.21863941875726356,0.012976815913407491,-0.058899999475677145
0.2737192881399444,-0.021900024902219206,-0.13699999943700536
0.3023913378185963,-0.07120002322805385,-0.12899999944096663
0.3103628277292543,-0.027100024725633887,-0.09549999945755439
0.30659781777145145,-0.03360002450490207,-0.14699999943205377
0.22101117873068166,-0.00962002531923245,-0.12899999944096663
0.2730493981474522,0.029454583353843433,-0.10799999945136496
0.19499673902224401,-0.14000002089169328,-0.11399999944839401
0.09337120616123373,-0.053100023842706845,-0.13199999943948115
0.22040868873743413,-0.027800024701862713,-0.1309999994399763
0.3253787275609603,-0.00197002557901671,-0.13399999943849072
0.3385806174129975,0.006150584945217585,-0.08909999946072333
0.36309022713830075,-0.032200024552444306,-0.12499999944294726
0.3548934072301684,-0.022700024875052294,-0.11699999944690853
0.24243330849058853,-0.03420002448452686,-0.06829999947102272
0.2690300181925003,-0.02330002485467697,-0.09719999945671265
0.24703475843901712,-0.12400002143503297,-0.12399999944344231
0.07730888534125546,-0.03360002450490207,-0.11399999944839401
0.16491265935941768,0.004491864101545673,-0.07929999946557598
0.2977369178707616,0.017448469761555896,-0.11299999944888917
0.33182840748867415,-0.015100025133138573,-0.14599999943254882
0.37603345699323665,-0.03090002459659069,-0.18299999941422807
0.30987099773476645,-0.024400024817322397,-0.10499999945285043
0.2576893183196036,-0.0179000250380541,-0.035399999487313316
0.29984874784709303,-0.023000024864864632,-0.08929999946062439
0.2511831483925231,-0.12900002126523935,-0.17099999942016997
0.24175959849813933,-0.029600024640737077,-0.12999999944047136
0.2757942081166893,-0.01600002510257581,-0.0833999994635457
0.29592440789107566,0.038276798054252215,-0.11499999944789874
0.23621532856027794,0.024864149509728817,-0.09629999945715828
0.15598520945947403,-0.060500023591412266,-0.10299999945384064
0.19526114901928038,-0.05650002372724727,-0.10099999945483107
0.2639994682488813,-0.01870002501088719,-0.07559999946740803
0.2926760479274826,-0.004670025487328089,-0.06769999947131977
0.30604485777764867,-0.03620002441660941,-0.06649999947191398
0.2676240182082583,0.006445694435196048,0.11262212043939224
0.23396049858554946,-0.045200024110980896,-0.2029999994043249
0.24313101848276886,-0.03690002439283835,-0.20399999940382973
0.25857160830971515,-0.029600024640737077,-0.11999999944542306
0.29470474790474555,0.010146669009515663,-0.09169999945943597
0.29458842790604933,0.011366433968094003,-0.09589999945735628
0.28569979800567036,-0.020300024956553253,-0.08549999946250586
0.2836697180284229,-0.019700024976928465,-0.09009999946022818
0.2849692880138577,-0.009490025323647067,-0.09629999945715828
0.281851398048802,-0.010400025292744641,-0.10199999945433591
0.2747739581281239,-0.01610002509917985,-0.11399999944839401
0.27062401817463533,-0.022000024898823356,-0.12699999944195683
0.27652253810852634,-0.019700024976928465,-0.10999999945037453
0.27572396811747635,-0.02380002483769761,-0.10599999945235516
0.27328713814478767,-0.022000024898823356,-0.11499999944789874
0.2765165781085932,-0.014800025143326234,-0.11099999944987948
0.27910603807957113,-0.01630002509238815,-0.10299999945384064
0.42009441649941404,0.06337186520205562,0.00023739405504041855
0.26282518826204226,-0.024100024827510058,-0.12199999944443263
0.2581843283140557,-0.02620002475619665,-0.13399999943849072
0.2818594180487122,-0.015400025122950911,-0.10499999945285043
0.27491706812652006,-0.01880002500749134,-0.11499999944789874
0.26866146819663106,-0.024200024824114208,-0.11899999944591821
0.28146103805317724,-0.016700025078804637,-0.09869999945596997
0.2805669880631976,-0.014500025153513896,-0.10799999945136496
0.2897170079606466,-0.0027800255515102457,-0.09679999945691065
0.2881725679779563,-0.008680025351153642,-0.09009999946022818
0.26986927818309403,-0.027400024715446225,-0.11399999944839401
0.2744606081316361,-0.016900025072012825,-0.11799999944641326
0.275881068115716,-0.00962002531923245,-0.12099999944492779
0.24783800843001447,-0.04180002422644047,-0.1309999994399763
0.2794671180755246,-0.032600024538860906,-0.11899999944591821
0.2776884080954596,-0.010200025299536453,-0.0938999994583466
0.27578610811678006,-0.019600024980324315,-0.09979999945542517
0.2788859680820377,-0.011700025248598367,-0.11999999944542306
0.2819469080477317,-0.014500025153513896,-0.13499999943799568
0.2804805480641661,-0.016700025078804637,-0.12199999944443263
0.27687481810457815,-0.013900025173889108,-0.10499999945285043
0.2777896280943253,-0.01820002502786655,-0.10899999945086969
0.2781790380899609,-0.020400024953157292,-0.10899999945086969
0.27797958809219603,-0.019800024973532615,-0.10899999945086969
0.2758027881165932,-0.01580002510936751,-0.10899999945086969
0.2975796378725246,0.04597543179281649,-0.041399999484342365
0.28223668804448376,-0.006500025425183686,-0.11799999944641326
0.2755268581196857,-0.01330002519426432,-0.11999999944542306
0.2802827280663831,-0.002080025575281197,-0.09449999945804954
0.2792925080774813,-0.01070002528255698,-0.09409999945824765
0.27605599811375514,-0.01590002510597166,-0.10999999945037453
0.27847150808668286,-0.010400025292744641,-0.11199999944938421
0.2769892381032957,-0.014000025170493147,-0.10799999945136496
0.2766645681069346,-0.02390002483430176,-0.11399999944839401
0.2787349680837301,-0.017400025055033574,-0.10499999945285043
0.27872521808383954,-0.015300025126346872,-0.10599999945235516
0.27576535811701275,-0.01840002502107485,-0.11599999944740369
0.2744051781322572,-0.01580002510936751,-0.11399999944839401
0.2781348180904566,-0.01580002510936751,-0.11299999944888917
-0.2789999856653377,0.03272807124267996,0.004246843393055144
0.3483319973037067,-0.042700024195877706,-0.11499999944789874
0.266823618217229,-0.02100002493278208,-0.09319999945869328
0.27000223818160407,-0.02360002484448942,-0.09789999945636596
0.28139541805391266,-0.019400024987116016,-0.10699999945186012
0.2637840982512951,-0.013600025184076658,-0.10999999945037453
0.2617255482743668,-0.014900025139930384,-0.10899999945086969
0.27174868816203035,-0.02620002475619665,-0.0988999994558708
0.27936020807672257,-0.025700024773176122,-0.09999999945532612
0.2872033879888185,-0.012200025231618894,-0.11299999944888917
0.2840991180236101,-0.01320002519766017,-0.11199999944938421
0.2885709579734912,-0.014800025143326234,-0.11299999944888917
0.45153890614699344,-0.03410002448792282,-0.13899999943601493
0.25913867830335957,-0.02340002485128112,-0.09199999945928738
0.2800136780693987,-0.023100024861468782,-0.09979999945542517
0.28360396802915977,-0.01630002509238815,-0.11199999944938421
0.2720788581583298,-0.019000025000699527,-0.10899999945086969
0.29867251786027604,-0.014100025167097296,-0.11199999944938421
0.28154442805224233,-0.01890002500409549,-0.10599999945235516
0.2730033381479686,-0.02090002493617793,-0.10699999945186012
0.29949814785102236,-0.012200025231618894,-0.11499999944789874
0.27753325809719853,-0.019100024997303677,-0.10599999945235516
0.2957797178926975,-0.006370025429598303,-0.12299999944393758
0.30036600784129575,-0.009850025311421873,-0.11699999944690853
0.3495839072896758,-0.02070002494296974,-0.11899999944591821
0.18216148916609787,-0.10300002214816628,-0.051899999479143255
0.22785735865395162,-0.04220002421285707,-0.09939999945562328
0.2518394383851674,-0.019300024990511977,-0.12099999944492779
0.31613720766453657,0.00896267884972246,-0.12399999944344231
0.38844624685411766,0.044817004832155116,-0.09919999945572233
0.34283456736532036,-0.00879002534741824,-0.11999999944542306
0.2740163781366147,-0.05110002391062429,-0.1429999994340343
0.24446779846778655,-0.03820002434869196,-0.13399999943849072
0.23557884856741151,-0.032400024545652606,-0.11799999944641326
0.26215410826956353,-0.005680025453029813,-0.13299999943898588
0.28750455798544317,-0.01890002500409549,-0.10899999945086969
0.293619627916907,-0.0364000244098176,-0.07039999946998288
0.29031258795397163,-0.01580002510936751,-0.12399999944344231
0.2755047781199331,-0.015000025136534423,-0.11099999944987948
0.25200007838336713,-0.01830002502447059,-0.09019999946017876
0.2611790582804918,-0.025100024793551223,-0.11699999944690853
0.254246138358194,-0.11500002174066148,-0.11699999944690853
0.23190890860854307,-0.017600025048241763,-0.1259999994424521
0.22581388867685415,0.003969223519293963,-0.08619999946215928
0.22418338869512833,-0.009000025340286877,-0.028899999490531902
0.26906703819208544,-0.022300024888635694,-0.03559999948721426
0.33718876742859694,-0.050500023930999616,-0.0679999994711713
0.3339483774649141,-0.03460002447094335,-0.11099999944987948
0.2898911979586942,-0.030100024623757715,-0.13699999943700536
0.2567399683302438,-0.03660002440302601,-0.12199999944443263
0.235441228568954,-0.01630002509238815,-0.11299999944888917
0.2465381584445827,-0.007200025401412513,-0.11299999944888917
0.2763211481107837,-0.013000025204451982,-0.10899999945086969
0.2793476780768629,0.0027456679608443,-0.12799999944146168
0.28225496804427896,-0.0021300255735833273,-0.12299999944393758
0.46487060599757557,-0.03950002430454569,-0.03329999948835316
0.3808190069396018,-0.01090002527576528,-0.14499999943304398
0.17218004927796682,-0.03670002439963005,-0.18799999941175216
0.19945312897229805,-0.05990002361178748,-0.09179999945938644
0.3528017372536112,0.04474286083467305,-0.09709999945676218
0.26905657819220274,-0.020200024959949103,-0.1549999994280925
0.19442080902869896,-0.06890002330615896,0.02356624148348907
0.281307128054902,0.012619358925546331,-0.013099999498355386
0.3699402070615281,-0.0028400255494726023,-0.045199999482460895
0.40928654662054575,-0.03660002440302601,-0.09769999945646501
0.20586353890045195,-0.04450002413475196,-0.18499999941323775
0.1162862799044081,-0.032900024528673244,-0.06819999947107214
0.2216704587232925,-0.015200025129742722,-0.056299999476964624
0.47016308593825906,-0.034800024464151647,-0.1909999994102668
0.4004248967198645,0.015879555814834134,-0.09599999945730686
0.17034926929848582,0.019498840691927866,-0.09719999945671265
0.3463277173261703,0.015577101825105077,-0.025199999492363956
0.32480956756733925,-0.032600024538860906,-0.04029999948488716
0.3597171871761049,-0.04700002404985515,-0.2029999994043249
0.28028135806639876,0.008699055158674862,-0.14199999943452946
0.22662672866774436,-0.013900025173889108,-0.07839999946602161
0.3466942673220619,-0.06500002343859801,-0.15599999942759735
0.23489885857503268,0.029522780351527556,-0.006849999501450155
0.28955043796251356,-0.028100024691675163,-0.0679999994711713
0.10900062998606352,-0.11700002167274404,-0.14399999943353925
0.14274211960789884,-0.040200024280774516,-0.16099999942512155
0.17329742926544345,0.00023894716596928323,-0.10099999945483107
0.3131046076985251,0.019298990698714436,-0.03749999948627347
0.341561987379583,0.01723592476877367,-0.10799999945136496
0.32314898758595056,-0.07910002295977991,-0.11999999944542306
0.35088405727510397,-0.0551000237747894,-0.0787999994658235
0.273904108137873,-0.010300025296140491,-0.12699999944195683
0.3084415377507874,-0.015300025126346872,-0.11099999944987948
0.11955090986781913,-0.07650002304807257,-0.08759999946146613
0.22830192864896914,-0.008160025368812218,-0.18299999941422807
0.36308091713840507,0.021724658616341874,-0.10099999945483107
0.34876653729883644,0.02331596656230306,-0.11699999944690853
0.2752807881224437,-0.027100024725633887,-0.24699999938253792
0.25279165837449535,-0.0637000234827444,-0.057599999476320884
0.3452752773379655,0.011488854963936812,-0.0752999994675565
0.22495897868643588,0.005397893570778134,-0.18499999941323775
0.2255548786797572,-0.035100024453963985,-0.10199999945433591
0.15415589947997632,-0.0032300255362287533,-0.13699999943700536
0.3160570576654349,-0.0037000255202681576,-0.258999999376596
0.40769588663837353,-0.0005110256285625336,-0.16599999942264576
0.28660660799550697,0.0038808832222938516,-0.08759999946146613
0.1998160789682304,-0.03950002430454569,-0.14099999943502473
0.2149512687985995,-0.022300024888635694,-0.07929999946557598
0.2234357487035079,-0.004640025488346966,-0.056999999476617935
0.28195989804758614,-0.029500024644132927,0.0021623123940872624
0.2930891879228523,-0.0006130256250986843,-0.07349999946844776
0.21802432876415745,-0.05640002373064312,-0.1739999994186845
0.2613613182784491,-0.02110002492938623,-0.12499999944294726
0.3226844675911569,0.011776941954153686,-0.04099999948454047
0.28164596805110453,-0.0179000250380541,-0.10399999945334548
0.2749418981262417,-0.015400025122950911,-0.11699999944690853
0.287756727982617,-0.01070002528255698,-0.09429999945814849
0.2801299380680957,-0.015000025136534423,-0.10799999945136496
0.2684759381987105,-0.024100024827510058,-0.12399999944344231
0.27852488808608467,-0.02330002485467697,-0.10199999945433591
0.2915445979401634,-0.01600002510257581,-0.0752999994675565
0.26878973819519336,-0.02100002493278208,-0.11899999944591821
0.2732765681449063,-0.014500025153513896,-0.12099999944492779
0.2879171779808185,-0.012900025207847832,-0.09549999945755439
0.2717213081623373,-0.022100024895427506,-0.11199999944938421
0.27247381815390326,-0.020000024966740915,-0.11299999944888917
0.3906475568294463,0.015100938841274947,-0.02059999949464164
0.24591987845151198,-0.03110002458979899,-0.1429999994340343
0.31399785768851385,0.0014135406060816758,-0.07329999946854693
0.31605285766548197,-0.009010025339947325,-0.0636999994733004
0.26554984823150507,-0.02890002466450814,-0.11899999944591821
0.26854972819788325,-0.01830002502447059,-0.11899999944591821
0.302769047814363,-0.007870025378660217,-0.07719999946661571
0.28471054801675777,-0.013700025180680808,-0.09959999945552422
0.2650192682374517,-0.022100024895427506,-0.12799999944146168
0.26908585819187447,-0.019700024976928465,-0.11599999944740369
0.2817562980498678,-0.008220025366774686,-0.10799999945136496
0.29008539795651767,-0.009370025327722131,-0.09879999945592033
0.2689748181931191,-0.022300024888635694,-0.11399999944839401
0.2661629982246332,-0.021800024905615167,-0.11799999944641326
0.2821914680449906,-0.01800002503465825,-0.09999999945532612
0.43116444637534457,0.24635489598818405,0.28093905035604894
0.21268136882403965,-0.017100025065221236,-0.12399999944344231
0.2872103779887403,-0.012600025218035382,-0.10599999945235516
0.28129548805503246,-0.01340002519086847,-0.09999999945532612
0.2759973381144125,-0.015100025133138573,-0.10799999945136496
0.27548608812014264,-0.012500025221431232,-0.10899999945086969
0.2750548681249758,-0.016200025095784,-0.10899999945086969
0.27742101809845643,-0.01880002500749134,-0.10899999945086969
0.2775949180965076,-0.017800025041450063,-0.10899999945086969
0.27754269809709253,-0.015000025136534423,-0.10999999945037453
0.2750801581246922,-0.011500025255390067,-0.10199999945433591
0.2721572981574507,-0.009170025334513832,-0.10499999945285043
0.2763167681108327,-0.014000025170493147,-0.10399999945334548
0.2797604180722373,-0.024500024813926546,-0.10199999945433591
0.21905859875256573,0.05862313036331668,-0.19499999940828616
0.25098921839469646,-0.032300024549048456,-0.14899999943106346
0.2498307584076802,-0.07040002325522088,-0.13299999943898588
0.31049430772778064,-0.00418002550396801,-0.0652999994725082
0.2973190878754446,-0.009540025321949086,-0.0903999994600797
0.29025838795457903,-0.014200025163701446,-0.08989999946032723
0.2850422480130399,-0.014600025150118046,-0.09839999945611844
0.32085664761164256,0.0008295654259127261,-0.04639999948186668
0.3053624177852974,0.00913753244378468,-0.06729999947151788
0.2752520381227659,-0.0064300254275607704,-0.11799999944641326
0.2859145380032635,-0.016800025075408676,-0.09709999945676218
0.27777376809450294,-0.017200025061825275,-0.10699999945186012
0.27637091811022585,-0.01580002510936751,-0.11299999944888917
0.2826212080401742,-0.017200025061825275,-0.10599999945235516
-0.871999979019165,0.15460776910380014,0.3307534203313829
0.38002077694854797,-0.040500024270586854,-0.13899999943601493
0.32668024754637326,-0.02870002467129984,-0.11099999944987948
0.2904963679519117,-0.01340002519086847,-0.10899999945086969
0.3062031577758746,-0.017500025051637724,-0.11599999944740369
0.27964128807357236,-0.019900024970136765,-0.10599999945235516
0.2839989080247334,-0.014300025160305596,-0.11099999944987948
0.30671933777008964,-0.004050025508382515,-0.13299999943898588
0.26603638822605213,-0.01870002501088719,-0.10599999945235516
0.23320486859401823,-0.032400024545652606,-0.08119999946463519
0.2737271681398563,-0.019300024990511977,-0.10399999945334548
0.02681506246280918,0.17752212832565772,0.5439392902258222
0.3286087175247596,-0.034800024464151647,-0.13499999943799568
0.3309889474980825,-0.023200024858072932,-0.12799999944146168
0.30185730782458164,-0.014500025153513896,-0.10699999945186012
0.3202004376189971,-0.013700025180680808,-0.11899999944591821
0.3219655275992146,-0.007110025404468812,-0.12899999944096663
0.2917008779384118,-0.012800025211243682,-0.11699999944690853
0.24433569846926728,-0.025300024786759523,-0.09529999945765344
0.25761226832046713,-0.022200024892031656,-0.10199999945433591
0.27500120812557705,-0.019200024993907827,-0.10799999945136496
0.2995268678507006,-0.017800025041450063,-0.11099999944987948
0.26416854824698643,-0.02130002492259453,-0.09709999945676218
0.23558483856734447,-0.02090002493617793,-0.09859999945601938
0.28669350799453297,-0.019400024987116016,-0.10899999945086969
0.31764294764766077,-0.017300025058429425,-0.11299999944888917
0.22364703870113978,-0.03350002450829792,-0.0772999994665663
0.20438609891701076,-0.014400025156909746,-0.029899999490036744
0.27517870812358747,-0.0345000244743392,-0.037599999486224056
0.35535615722498215,-0.046900024053251,-0.08249999946399134
0.3087853077469347,-0.03650002440642186,-0.11199999944938421
0.2642074182465508,-0.021900024902219206,-0.10799999945136496
0.245865558452121,-0.020000024966740915,-0.10999999945037453
0.25646164833336305,0.013878908882773655,-0.11199999944938421
0.25355220836597137,0.02616610646551587,-0.12799999944146168
0.31758001764836585,-0.003070025541662136,-0.15199999942957787
0.34669873732201206,-0.02880002466790399,-0.1619999994246264
0.27103712817000525,-0.028200024688279313,-0.13999999943551977
0.2628655682615897,-0.0092300253324763,-0.11399999944839401
0.2643551082448956,-0.00879002534741824,-0.10899999945086969
0.2692138981904395,-0.022300024888635694,-0.0706999994698343
0.23889834853020742,-0.07160002321447045,-0.11899999944591821
0.21525546879518997,-0.025200024790155373,-0.11299999944888917
0.18136709917500116,-0.009760025314478171,-0.06769999947131977
0.20790723887754692,-0.03140002457961133,-0.05549999947736062
0.30973203773632396,-0.028200024688279313,-0.0760999994671605
0.3854361068878547,-0.03430002448113101,-0.07689999946676429
0.32563204755812114,-0.03410002448792282,-0.09759999945651454
0.2807020280616839,-0.008620025353191174,-0.11399999944839401
0.22057783873553838,-0.01070002528255698,-0.11499999944789874
0.19528723901898815,0.003867086122762431,-0.14599999943254882
0.2881330079783997,0.002145277381232824,-0.11799999944641326
0.39809058674602693,0.004404783504502907,-0.1379999994365102
0.3179532276441832,-0.016200025095784,-0.17799999941670386
0.2329489385968868,-0.03370002450150622,-0.15799999942660692
0.37330240702384554,-0.01590002510597166,-0.03449999948775906
0.25027328840272034,-0.01090002527576528,-0.10199999945433591
0.2671910182131114,-0.05970002361857929,-0.2299999993909556
0.3285583175253244,0.0026224317650291873,-0.12299999944393758
0.26833708820026647,0.006620997929243089,-0.11499999944789874
0.27084308817217995,-0.06550002342161865,-0.08949999946052534
0.2852345080108851,0.013752008887082945,0.06271498946410414
0.4059642466577813,0.006360708638082135,-0.019799999495037857
0.2609289382832951,-0.0450000241177726,-0.09749999945656407
0.15191489950509274,-0.027400024715446225,-0.16299999942413124
0.2939157079135888,0.03188474727131818,-0.11599999944740369
0.3079661677561154,0.049374014677404876,-0.12299999944393758
0.3043487777966578,-0.07140002322126215,-0.07939999946552645
0.2767230581062792,-0.06430002346236918,-0.01479999949751365
0.34943569729133683,-0.05400002381214397,-0.05579999947721215
0.3213842576057291,-0.016800025075408676,-0.007189999501281852
0.2836715380284025,-0.007500025391224963,-0.1719999994196748
0.2795357080747556,-0.007550025389527093,-0.17099999942016997
0.24445261846795674,0.00032071138319278436,-0.11699999944690853
0.3060661377774103,-0.08200002286129959,-0.1379999994365102
0.28614863800063994,-0.040600024267191004,-0.014599999497612592
0.04792607467056953,-0.06690002337407641,-0.08199999946423897
0.22694147866421654,-0.00829002536439749,-0.1549999994280925
0.4463296462053774,-0.01800002503465825,-0.21699999939739267
0.3432565573605908,0.024874473509378103,-0.1669999994221506
0.24042897851305245,0.022120680602893517,-0.1429999994340343
0.2650771882368026,-0.06870002331295078,-0.03939999948533279
0.2261210586734117,-0.025200024790155373,-0.08459999946295149
0.15389471948290345,0.01307034991023126,-0.14199999943452946
0.2945636079063272,-0.008360025362020407,-0.08659999946196129
0.21492501879889359,-0.022000024898823356,-0.021999999493948486
0.278753898083518,-0.058200023669517376,-0.08099999946473413
0.33201286748660674,-0.0450000241177726,-0.2009999994053152
0.279142558079162,-0.03320002451848558,-0.12499999944294726
0.2626793482636769,0.001398833606581107,-0.10499999945285043
0.15539158946612708,-0.027900024698466863,-0.17299999941917954
0.0640732074895971,-0.0051200254720467075,-0.27199999937015895
0.17665828922777616,-0.0385000243385043,-0.042999999483550155
0.4635884960119452,-0.09730002234173096,0.14253710042457968
0.4600400060517156,0.004460806602600398,-0.05719999947651899
0.17706121922326012,-0.009790025313459516,-0.0988999994558708
0.3383901874151316,-0.03200002455923601,-0.1359999994375004
0.35887315718556434,-0.05630002373403897,-0.07769999946636819
0.3279710475319064,-0.053100023842706845,-0.054399999477905414
0.2192938587499289,-0.05480002378497706,-0.15599999942759735
0.21443510880438432,0.0413618109494891,-0.15299999942908282
0.2559922783386237,0.061575146263069924,-0.11799999944641326
0.24950159841136932,-0.014700025146722084,-0.07479999946780413
0.2838436680264733,-0.025600024776571972,-0.13699999943700536
0.2869948679911556,-0.015400025122950911,-0.10499999945285043
0.2763071481109405,-0.014800025143326234,-0.10299999945384064
0.27921587807834025,-0.012900025207847832,-0.10899999945086969
0.27707234810236425,-0.012100025235014744,-0.10499999945285043
0.27573002811740865,-0.029900024630549416,-0.11599999944740369
0.2774397880982462,-0.028100024691675163,-0.11799999944641326
0.2789414280814162,-0.007830025380018535,-0.10099999945483107
0.2793893880763956,-0.013100025201056131,-0.10199999945433591
0.27675384810593395,-0.021500024915802718,-0.10699999945186012
0.2769730081034776,-0.019200024993907827,-0.10899999945086969
0.2804461480645517,-0.020100024963344953,-0.11599999944740369
0.27604096811392376,-0.015200025129742722,-0.10799999945136496
0.34963844728906435,0.07105055194129717,0.023691110483427202
0.27023661817897726,-0.03430002448113101,-0.11399999944839401
0.2763700281102357,-0.01590002510597166,-0.10899999945086969
0.27621012811202794,-0.021700024909011018,-0.10999999945037453
0.2721538681574891,-0.040600024267191004,-0.12899999944096663
0.2678705582054952,-0.043100024182294194,-0.10899999945086969
0.28006618806881023,-0.0017400255868272874,-0.08699999946176318
0.2910431579457835,0.011952916948177794,-0.11199999944938421
0.27744413809819735,-0.007490025391564514,-0.09729999945666312
0.2710465781698994,-0.02890002466450814,-0.09949999945557375
0.2784229180872275,-0.03400002449131867,-0.12699999944195683
0.2796143080738749,-0.017300025058429425,-0.11699999944690853
0.27747832809781436,-0.011800025245202406,-0.10299999945384064
0.278858198082349,-0.01610002509917985,-0.12399999944344231
0.09021879819656486,0.25185079580155045,0.03207638547927516
0.28425617802184977,-0.04990002395137483,-0.195999999407791
0.2815034780527015,-0.01090002527576528,-0.10299999945384064
0.27177692816171395,-0.010300025296140491,-0.10399999945334548
0.27548690812013343,-0.017300025058429425,-0.11299999944888917
0.2786464580847221,-0.017800025041450063,-0.11399999944839401
0.27729272809989425,-0.015400025122950911,-0.11299999944888917
0.27240003815473024,-0.014300025160305596,-0.10299999945384064
0.2766590281069965,-0.01800002503465825,-0.10999999945037453
0.28135157805440403,-0.016900025072012825,-0.11299999944888917
0.29394827791322387,-0.021700024909011018,-0.12799999944146168
0.2920932879340139,-0.022700024875052294,-0.12799999944146168
0.28854029797383474,-0.005370025463557027,-0.20599999940283942
0.2952512978986197,-0.035300024447172285,-0.10899999945086969
0.26977036818420297,-0.007330025396997897,-0.07219999946909161
0.28052734806364166,-0.02380002483769761,-0.13899999943601493
0.2771755781012073,-0.014200025163701446,-0.11099999944987948
0.2754379781206817,-0.008900025343682727,-0.08469999946290208
0.27792509809280697,-0.01870002501088719,-0.11399999944839401
0.27534850812168465,-0.015100025133138573,-0.11199999944938421
0.2770398381027286,-0.014200025163701446,-0.10899999945086969
0.2788227180827465,-0.016800025075408676,-0.10699999945186012
0.2785143780862025,-0.01600002510257581,-0.09959999945552422
0.2795815080742423,-0.017100025065221236,-0.10799999945136496
0.27875528808350225,-0.019200024993907827,-0.11399999944839401
0.27730623809974286,-0.017200025061825275,-0.11699999944690853
0.27579477811668296,-0.013800025177284958,-0.11299999944888917
0.3773540669784359,0.013388134899439685,-0.23099999939046045
0.38306521691442685,-0.0026700255552456476,-0.1619999994246264
0.2524441983783894,-0.017800025041450063,-0.10199999945433591
0.2761643781125407,-0.016600025082200487,-0.11099999944987948
0.28263290804004315,-0.017700025044845913,-0.11199999944938421
0.2795980180740574,-0.017000025068616975,-0.11099999944987948
0.2710171381702293,-0.016200025095784,-0.10499999945285043
0.2600825782927807,-0.0181000250312624,-0.09679999945691065
0.2649297682384548,-0.01800002503465825,-0.10299999945384064
0.2728084981501522,-0.017300025058429425,-0.10899999945086969
0.2734389581430863,-0.01610002509917985,-0.10799999945136496
0.2780852280910122,-0.016800025075408676,-0.10899999945086969
0.2771606681013743,-0.016800025075408676,-0.10899999945086969
0.3530998072502707,-0.008560025355228706,-0.15299999942908282
0.39539036677629014,0.00028449408442265955,-0.26699999937263486
0.4044879266743273,-0.0008270256178315449,-0.31999999934639134
0.41521816655406596,-0.001230025604146201,-0.21699999939739267
0.2889158579696256,-0.02330002485467697,-0.04039999948483752
0.26021642829128067,-0.016200025095784,-0.10199999945433591
0.27759370809652095,-0.01820002502786655,-0.09999999945532612
0.2790009980807484,-0.01800002503465825,-0.10099999945483107
0.2413011885032772,-0.010600025285952941,-0.11899999944591821
0.22878368864356968,-0.009000025340286877,-0.12699999944195683
0.2663777382222263,-0.014800025143326234,-0.11699999944690853
0.275832878116256,-0.019500024983720166,-0.0899999994602777
0.26381240825097785,-0.019600024980324315,-0.08469999946290208
0.27272592815107766,-0.01820002502786655,-0.0973999994566136
0.3005918878387641,-0.019900024970136765,-0.11299999944888917
0.28563595800638586,-0.017800025041450063,-0.11199999944938421
0.2657567882291858,-0.016600025082200487,-0.09819999945621738
0.2690589081921766,-0.014500025153513896,-0.11399999944839401
0.267185618213172,-0.014200025163701446,-0.11799999944641326
0.27421619813437537,-0.017200025061825275,-0.10699999945186012
0.28595606800279816,-0.017500025051637724,-0.10699999945186012
0.30616139777634266,0.004274375008931353,-0.16799999942165544
0.3496948472884325,-0.021500024915802718,-0.10099999945483107
0.27631226811088294,-0.04220002421285707,-0.12199999944443263
0.17469853924974044,-0.0033400255324932404,-0.10499999945285043
0.3214812676046419,0.017536548758564807,-0.03189999948904643
0.33722006742824595,-0.05520002377139355,-0.08679999946186223
0.22410364869602217,-0.07020002326201258,-0.16099999942512155
0.21866749875694902,-0.0001510256407876165,-0.12999999944047136
0.28265025803984867,0.010504185997374904,-0.10599999945235516
0.3104527177282468,-0.005620025455067346,-0.11699999944690853
0.35086840727527946,-0.029200024654320478,-0.12099999944492779
0.27306909814723146,-0.024900024800343035,-0.1429999994340343
0.19477156902476755,-0.027300024718842075,-0.10499999945285043
0.2792105880783995,-0.03090002459659069,-0.07209999946914103
0.20803920887606786,0.005539045865984749,-0.11499999944789874
0.2667031182185797,0.0252260084974405,-0.09339999945859423
0.339468257403049,-0.009270025331117981,-0.09879999945592033
0.3389164974092329,-0.0591000236389545,-0.11499999944789874
0.24136460850256647,-0.05250002386308217,-0.1259999994424521
0.19728785899656587,0.0025455206676410214,-0.09709999945676218
0.23447502857978275,0.017184737770511882,-0.09439999945809907
0.3275746075363497,0.005624437463084941,-0.10199999945433591
0.3526717172550684,-0.024300024820718358,-0.11199999944938421
0.2998838178466998,-0.042600024199273556,-0.1499999994305683
0.21966232874579927,-0.017000025068616975,-0.10199999945433591
0.2086560988691537,-0.005200025469330072,-0.06019999947503352
0.28464081801753904,-0.0056500254540485795,-0.10599999945235516
0.3063225777745362,-0.010100025302932303,-0.11999999944542306
0.2766591381069954,0.0017202135956674303,-0.031499999489244424
0.20472916891316562,0.0006587567217132273,-0.08959999946047581
0.2516183283876454,-0.02870002467129984,-0.12899999944096663
0.43810262629758356,-0.02060002494636559,-0.10399999945334548
0.3506943572772301,0.010488453997909208,-0.16099999942512155
0.10974712997769709,-0.024300024820718358,-0.14199999943452946
0.10035412008297118,-0.003070025541662136,-0.03269999948865032
0.3612679871587239,-0.004400025496496984,-0.06029999947498388
0.15789429943807742,0.022880118577103925,-0.13699999943700536
0.37977405695131305,-0.03310002452188143,-0.11999999944542306
0.2893952779642526,-0.019300024990511977,-0.053499999478351046
0.17756280921763845,-0.025600024776571972,-0.0996999994554747
0.3430695773626864,-0.05770002368649674,-0.14499999943304398
0.17985359919196386,0.023551484554305113,-0.11799999944641326
0.4676788059661021,0.0432862028841392,-0.018799999495532904
0.38004490694827764,0.01233853793508266,-0.21099999940036362
0.15497890947075232,-0.003320025533172455,-0.15099999943007314
0.3122026377086342,-0.014100025167097296,-0.06539999947245856
0.2415629685003433,-0.020100024963344953,-0.08389999946329829
0.2524234983786213,-0.04390002415512717,-0.09479999945790096
0.34923524729358335,-0.005370025463557027,-0.15599999942759735
0.2808970080594986,-0.09920002227720948,-0.21799999939689751
0.3627055271426123,-0.05440002379856046,-0.12899999944096663
0.31939862762798366,-0.008680025351153642,-0.03299999948850174
0.14381651959585717,-0.027700024705258564,-0.09379999945839612
0.13332561971343626,-0.012100025235014744,-0.13399999943849072
0.32414948757473727,-0.01070002528255698,-0.07309999946864598
0.40179747670448096,-0.05360002382572748,-0.11399999944839401
0.32219418759665164,-0.020000024966740915,-0.12999999944047136
0.281463898053145,-0.0860000227254647,-0.1789999994162086
0.37570148699695727,-0.012400025224827194,-0.13499999943799568
0.2888604779702464,-0.008530025356247473,-0.08019999946513023
0.1224053498358274,-0.012700025214639532,-0.08479999946285255
0.1700247893021225,-0.005040025474763454,-0.09199999945928738
0.3756441669975996,-0.04330002417550238,-0.10799999945136496
0.36837260707909736,-0.03940002430794154,-0.14799999943155862
0.19099079906714134,-0.019200024993907827,-0.13499999943799568
0.2931641579220119,-0.09360002246737842,-0.21799999939689751
0.34501718734085807,-0.05270002385629036,-0.1499999994305683
0.25927691830181043,-0.001660025589543923,-0.08439999946305066
0.24031625851431593,0.0226029015865179,-0.0698999994702304
0.16391074937064687,0.0016149252992428975,-0.04909999948052979
0.33340718747097964,-0.07160002321447045,-0.08859999946097097
0.3058306877800492,-0.05170002389024908,-0.15399999942858766
0.1561557194575629,0.03497841916626099,-0.14199999943452946
0.2580145283159587,-0.03560002443698462,0.018536139485979763
0.2908555879478858,-0.027700024705258564,-0.15299999942908282
0.27075287817319116,-0.02590002476638431,-0.11699999944690853
0.27557228811917667,-0.04120002424681579,-0.10899999945086969
0.2812214780558622,-0.021500024915802718,-0.11199999944938421
0.27728965809992867,-0.017400025055033574,-0.10199999945433591
0.27528050812244675,-0.029100024657716328,-0.10999999945037453
0.27752285809731503,-0.015100025133138573,-0.10899999945086969
0.2792350280781255,-0.01580002510936751,-0.10499999945285043
0.2778047480941557,-0.022700024875052294,-0.10799999945136496
0.27685163810483804,-0.019900024970136765,-0.11099999944987948
0.27552172811974307,-0.017200025061825275,-0.10699999945186012
0.27650887810867975,-0.018500025017679,-0.10499999945285043
0.2786391280848042,-0.017300025058429425,-0.10999999945037453
0.2798117880716615,-0.0092300253324763,-0.10899999945086969
0.3068988177680778,0.021220796633452443,-0.12499999944294726
0.25819936831388723,-0.0368000243962342,-0.05209999947904431
0.2760919881133519,-0.027400024715446225,-0.11699999944690853
0.28544900800848105,-0.019700024976928465,-0.14799999943155862
0.27710451810200376,-0.01860002501428304,-0.11699999944690853
0.27525603812272115,-0.021600024912406868,-0.10799999945136496
0.2756785581179855,-0.02390002483430176,-0.10499999945285043
0.27294612814860986,-0.02620002475619665,-0.09789999945636596
0.27739418809875716,-0.01880002500749134,-0.11299999944888917
0.27787396809337994,-0.02110002492938623,-0.11899999944591821
0.2771607581013733,-0.019900024970136765,-0.11099999944987948
0.1890657890887164,0.002461044670509782,-0.20699999940234426
0.26920787819050696,-0.030800024599986542,-0.13199999943948115
0.2744919581312846,-0.009470025324326281,-0.11999999944542306
0.2711113281691735,-0.015300025126346872,-0.11799999944641326
0.28011933806821454,-0.022000024898823356,-0.11299999944888917
0.2702995881782715,-0.015000025136534423,-0.12699999944195683
0.2613112182790105,-0.00741002539428115,-0.12199999944443263
0.2846292580176686,-0.017400025055033574,-0.0907999994598816
0.28412195802335427,-0.019400024987116016,-0.10099999945483107
0.2742952881334888,-0.017500025051637724,-0.11099999944987948
0.27631815811081695,-0.017200025061825275,-0.10599999945235516
0.2783322080882442,-0.017000025068616975,-0.11199999944938421
0.2814116880537303,-0.01830002502447059,-0.10899999945086969
0.27668007810676065,-0.016900025072012825,-0.10699999945186012
0.2716968481626112,-0.015000025136534423,-0.11099999944987948
0.2355301185679577,0.047898564727509196,-0.1359999994375004
0.29897086785693205,-0.035500024440380584,-0.10299999945384064
0.2518396983851645,0.023233264565111544,-0.10099999945483107
0.2708343081722784,-0.008950025341984857,-0.12899999944096663
0.29291507792480354,-0.0387000243317126,-0.13399999943849072
0.2879834279800759,-0.03600002442340111,-0.0996999994554747
0.2877557079826283,-0.037400024375858876,-0.10899999945086969
0.2761143981131009,-0.019800024973532615,-0.11499999944789874
0.27457753813032526,-0.014100025167097296,-0.11399999944839401
0.2770375581027542,-0.012500025221431232,-0.11299999944888917
0.2771089881019535,-0.013900025173889108,-0.11299999944888917
0.27895957808121263,-0.01860002501428304,-0.11099999944987948
0.27858922808536346,-0.017700025044845913,-0.10699999945186012
0.27549244812007134,-0.016200025095784,-0.10499999945285043
0.276796508105456,-0.01840002502107485,-0.10899999945086969
0.279177358078772,-0.01820002502786655,-0.10799999945136496
0.27709958810205904,-0.014200025163701446,-0.10599999945235516
0.5381627551761385,-0.04330002417550238,-0.12299999944393758
0.28781754798193515,-0.03370002450150622,-0.17499999941818933
0.23497015857423365,-0.013900025173889108,-0.11599999944740369
0.26942807818803916,-0.01600002510257581,-0.11099999944987948
0.27533318812185614,-0.018500025017679,-0.11099999944987948
0.2849014080146186,-0.016200025095784,-0.10199999945433591
0.28229304804385214,-0.017100025065221236,-0.10999999945037453
0.272070898158419,-0.017700025044845913,-0.11099999944987948
0.2729771981482616,-0.016500025085596337,-0.10399999945334548
0.28039186806516025,-0.016600025082200487,-0.11099999944987948
0.27669381810660676,-0.0164000250889923,-0.10699999945186012
0.2659862882266135,-0.014400025156909746,-0.09369999945844565
0.26438295824458335,-0.01600002510257581,-0.10699999945186012
0.2658837582277629,-0.02080002493957378,-0.12799999944146168
0.26614418822484387,-0.019600024980324315,-0.12799999944146168
0.27184211816098336,-0.017600025048241763,-0.11799999944641326
0.27370863814006374,-0.01890002500409549,-0.11399999944839401
0.3562491772149732,-0.02850002467809165,-0.10899999945086969
0.29181221793716405,-0.030700024603382392,-0.15199999942957787
0.259008108304823,-0.0164000250889923,-0.11999999944542306
0.27789328809316327,-0.018500025017679,-0.11499999944789874
0.27597182811469856,-0.017400025055033574,-0.11099999944987948
0.2758241681163536,-0.017600025048241763,-0.10799999945136496
0.28097264805865074,-0.01630002509238815,-0.09809999945626702
0.3438121973543633,-0.012000025238410705,-0.04479999948265889
0.38230964692289504,-0.027500024712050375,-0.10399999945334548
0.3036565978044157,-0.03160002457281963,-0.16499999942314092
0.26185921827286873,-0.018500025017679,-0.11199999944938421
0.276759638105869,-0.01860002501428304,-0.11599999944740369
0.2763118181108881,-0.01830002502447059,-0.11899999944591821
0.27564858811832127,-0.017400025055033574,-0.11199999944938421
0.27499640812563086,-0.0179000250380541,-0.11399999944839401
0.2758735381158002,-0.017800025041450063,-0.10999999945037453
0.2760677581136235,-0.017000025068616975,-0.10899999945086969
0.2771083181019611,-0.017000025068616975,-0.10799999945136496
0.2681814582020108,-0.015100025133138573,-0.10299999945384064
0.23980556852003954,-0.006710025418052323,-0.08089999946478366
0.28919730796647114,-0.010300025296140491,-0.08159999946443708
0.17497654924662442,-0.013800025177284958,-0.06839999947097308
0.29096851794661993,0.01395599288015581,-0.11099999944987948
0.3124849177054705,-0.035500024440380584,-0.07329999946854693
0.213326878816805,-0.05270002385629036,-0.09699999945681159
0.275054288124982,-0.003850025515174327,-0.1359999994375004
0.41988141650180144,-0.012200025231618894,-0.12299999944393758
0.26955560818660973,-0.025200024790155373,-0.10299999945384064
0.20437363891715044,0.01808374873998253,-0.10999999945037453
0.30129143783092394,-0.028100024691675163,-0.08899999946077297
0.22835133864841528,-0.06620002339784758,-0.09149999945953491
0.22463253869009447,-0.00741002539428115,-0.14399999943353925
0.285081398012601,0.0028414327575921883,-0.1359999994375004
0.3412656173829045,-0.029800024633945266,-0.12199999944443263
0.20445415891624785,-0.03440002447773516,-0.07759999946641771
0.18486390913580975,0.02130020963075563,-0.10199999945433591
0.33522220745063747,-0.027100024725633887,-0.06749999947141871
0.3343702274601863,-0.05220002387326972,-0.11799999944641326
0.22617709867278357,-0.024400024817322397,-0.15299999942908282
0.22654898866861561,0.01306928691026732,-0.11499999944789874
0.2974882878735483,0.009517641730876658,-0.11899999944591821
0.35692847720736,-0.034800024464151647,-0.11499999944789874
0.2579625783165411,-0.02080002493957378,-0.09469999945795049
0.22138978872643822,0.016317387799965943,-0.10699999945186012
0.35571356722097613,-0.012700025214639532,-0.11699999944690853
0.3112988277187636,-0.04970002395816653,-0.07939999946552645
0.2118666888331704,-0.03880002432831675,-0.08239999946404097
0.14209996961509574,0.06082966128838563,-0.11899999944591821
0.4779836258506087,-0.024700024807134846,-0.13999999943551977
0.4370028263099097,-0.03660002440302601,-0.1359999994375004
0.16696572933640752,0.04953627567189467,-0.13499999943799568
0.28248409804171093,-0.03620002441660941,-0.08859999946097097
0.20933813886150965,-0.02870002467129984,-0.0652999994725082
0.295847657891936,0.01807733074020057,-0.11399999944839401
0.199525678971485,0.08360832251485129,-0.11599999944740369
0.3835698869087707,0.02576932347899019,-0.17299999941917954
0.4599354260528876,-0.06040002359480823,-0.16099999942512155
0.12886000976348533,0.0082072427753761,-0.1309999994399763
0.203524978926662,-0.006970025409223091,-0.11099999944987948
0.22346815870314463,-0.027200024722238036,-0.056999999476617935
0.34539987733656896,-0.015500025119555061,-0.09729999945666312
0.2639704282492068,0.024480318522763223,-0.11099999944987948
0.4023129566987036,-0.008450025358964108,-0.13499999943799568
0.3703880970565083,-0.025600024776571972,-0.16999999942066502
0.15219011950200811,0.009564208529295293,-0.15399999942858766
0.26030422829029654,-0.029700024637341227,-0.09469999945795049
0.37959140695336036,-0.05380002381893578,-0.037599999486224056
0.20473933891305163,0.026119693467092087,-0.09179999945938644
0.21449655880369578,-0.10600002204629011,-0.0609999994746373
0.24083536850849785,-0.08070002290544587,-0.06809999947112166
0.2484889684227185,0.01884582871410334,-0.09679999945691065
0.2666826582188089,0.009214084641185005,-0.12899999944096663
0.3575462672004357,-0.04240002420606537,-0.1789999994162086
0.3840063669038787,-0.04680002405664685,-0.15799999942660692
0.1997378889691066,-0.02110002492938623,-0.11899999944591821
0.16088695940453657,0.027137822432517722,-0.07429999946805177
0.2746010081300623,-0.056000023744226635,-0.08449999946300113
0.26097738828275174,-0.07070002324503322,-0.053799999478202465
0.23723758854882093,-0.007830025380018535,-0.07409999946815071
0.19529214901893321,-0.0077800253817165155,-0.1379999994365102
0.16603143934687892,-0.02350002484788527,-0.1619999994246264
0.41737248652992087,-0.033000024525277394,-0.1669999994221506
0.3935921367964441,-0.02880002466790399,-0.13999999943551977
0.19156832906066867,0.013328401901468112,-0.10499999945285043
0.17074896929400585,-0.05160002389364493,-0.10599999945235516
0.18164436917189364,-0.045300024107584935,-0.12099999944492779
0.36260129714378064,-0.004460025494459452,-0.036299999486867685
0.27451192813106085,-0.0011800256058441816,-0.09939999945562328
0.17139425928677365,-0.048300024005708764,-0.11399999944839401
0.2170720187748305,-0.006490025425523238,-0.15399999942858766
0.4070513866455967,-0.00383002551585343,-0.18999999941076195
0.4158003065475413,-0.037600024369067175,-0.1379999994365102
0.27745213809810765,-0.024200024824114208,-0.09459999945800002
0.27053085817567935,-0.020000024966740915,-0.13899999943601493
0.2730532081474095,-0.016800025075408676,-0.12099999944492779
0.27327809814488924,-0.021600024912406868,-0.12699999944195683
0.2788454480824918,-0.01880002500749134,-0.11299999944888917
0.27498535812575464,-0.016800025075408676,-0.10899999945086969
0.274433048131945,-0.016600025082200487,-0.10799999945136496
0.27580333811658697,-0.019300024990511977,-0.10899999945086969
0.27790054809308207,-0.0179000250380541,-0.11499999944789874
0.27901117808063436,-0.016200025095784,-0.10999999945037453
0.2765773981079116,-0.01820002502786655,-0.10899999945086969
0.2782225980894726,-0.015200025129742722,-0.10599999945235516
0.27895577808125527,-0.01600002510257581,-0.10099999945483107
0.2780072680918859,-0.01870002501088719,-0.10799999945136496
0.2775232580973108,-0.01610002509917985,-0.11399999944839401
0.27805426809135936,-0.016200025095784,-0.10199999945433591
0.27889218808196814,-0.019000025000699527,-0.10099999945483107
0.2800516780689728,-0.017100025065221236,-0.10599999945235516
0.27878243808319825,-0.01600002510257581,-0.10999999945037453
0.27709422810211914,-0.014800025143326234,-0.10899999945086969
0.6315101041299283,0.09653575807585191,0.18429074040390514
0.27853200808600476,-0.01880002500749134,-0.1259999994424521
0.2621284882698507,-0.025600024776571972,-0.11799999944641326
0.2853338180097722,-0.015500025119555061,-0.10299999945384064
0.27645975810923007,-0.01880002500749134,-0.11499999944789874
0.2773020580997898,-0.020300024956553253,-0.10999999945037453
0.2742916281335297,-0.01880002500749134,-0.10899999945086969
0.27415935813501213,-0.015400025122950911,-0.11099999944987948
0.27217016815730655,-0.020300024956553253,-0.11599999944740369
0.2721086881579955,-0.024200024824114208,-0.11399999944839401
0.28376931802730665,-0.014500025153513896,-0.09609999945725722
0.27875071808355356,-0.017200025061825275,-0.10199999945433591
0.2690523381922503,-0.02360002484448942,-0.11899999944591821
0.27708569810221473,-0.019400024987116016,-0.10999999945037453
0.2815339280523601,-0.017400025055033574,-0.10499999945285043
0.2797956180718426,-0.015400025122950911,-0.10699999945186012
0.5591349449410883,0.08904155533034552,0.19595097039813125
0.2107581088455952,-0.03970002429775388,-0.16499999942314092
0.2827730280384726,-0.012300025228223044,-0.10699999945186012
0.29559869789472626,-0.004960025477480201,-0.07319999946859634
0.32477958756767533,0.07645946175761742,0.2035281603943795
0.327015227542619,0.08356282951639604,0.17949825040627787
0.27862060808501177,0.028207305396199422,-0.05149999947934136
0.26881223819494116,0.016831204782517428,-0.03369999948815516
0.2771675781012968,-0.015100025133138573,-0.09059999945998054
0.2757427881172656,-0.01600002510257581,-0.10799999945136496
0.27648995810889154,-0.01590002510597166,-0.10599999945235516
0.2791983480785365,-0.016700025078804637,-0.10299999945384064
0.27805446809135703,-0.017400025055033574,-0.10799999945136496
0.2780253180916836,-0.017000025068616975,-0.10499999945285043
0.2775034780975323,-0.01800002503465825,-0.10799999945136496
0.2429668484846088,0.09299299719615961,-0.0652999994725082
0.28588842800355607,-0.026600024742613138,-0.10099999945483107
0.28380330802692555,-0.017800025041450063,-0.09999999945532612
0.2792724080777067,-0.008320025363378836,-0.09559999945750486
0.2798155480716191,-0.016500025085596337,-0.10099999945483107
0.2787947280830605,-0.01870002501088719,-0.10499999945285043
0.2791500080790785,-0.016500025085596337,-0.10299999945384064
0.277386618098842,-0.013700025180680808,-0.10199999945433591
0.2763434881105331,-0.013600025184076658,-0.10799999945136496
0.2790970580796721,-0.01570002511276336,-0.10499999945285043
0.27886130808231413,-0.01630002509238815,-0.10699999945186012
0.2789493080813279,-0.0164000250889923,-0.10599999945235516
0.27752833809725375,-0.017200025061825275,-0.10699999945186012
0.2752669281225988,-0.017800025041450063,-0.11199999944938421
0.2787182380839177,-0.017400025055033574,-0.10299999945384064
0.2600182482935016,-0.008490025357605901,-0.11799999944641326
0.3615626471554214,-0.01330002519426432,-0.12999999944047136
0.26005733829306354,-0.040400024273982704,-0.07549999946745756
0.2771616381013635,-0.011700025248598367,-0.11399999944839401
0.28677898799357515,-0.013800025177284958,-0.11599999944740369
0.27754198809710084,-0.015500025119555061,-0.10999999945037453
0.2710018081704011,-0.021600024912406868,-0.10399999945334548
0.27468264812914756,-0.011600025251994217,-0.10999999945037453
0.28058013806304993,-0.012400025224827194,-0.11499999944789874
0.2794653180755444,-0.027100024725633887,-0.10199999945433591
0.27714825810151344,-0.01090002527576528,-0.11199999944938421
0.28057714806308365,-0.019100024997303677,-0.10899999945086969
0.2834308180311005,-0.013800025177284958,-0.11199999944938421
0.2791077780795519,-0.010000025306328153,-0.11299999944888917
0.27783685809379577,-0.0284000246814875,-0.09849999945606891
0.27968086807312864,-0.015500025119555061,-0.11099999944987948
0.27668171810674247,-0.023100024861468782,-0.10299999945384064
0.27118660816833007,-0.019000025000699527,-0.10699999945186012
0.10566508002344743,-0.05660002372385131,-0.05419999947800447
0.3210847976090856,-0.025400024783363673,-0.1259999994424521
0.2710587981697625,-0.022200024892031656,-0.09549999945755439
0.2769016181042778,-0.013900025173889108,-0.11099999944987948
0.2804428980645881,-0.012200025231618894,-0.11399999944839401
0.2845940180180635,-0.011200025265577618,-0.11499999944789874
0.2798550680711762,-0.01820002502786655,-0.10699999945186012
0.2791744180788047,-0.01870002501088719,-0.10699999945186012
0.2843908380203408,-0.012900025207847832,-0.11399999944839401
0.29380158791486766,-0.00786002537899988,-0.11799999944641326
0.275313658122075,-0.024100024827510058,-0.09999999945532612
0.27026629817864456,-0.017500025051637724,-0.10699999945186012
0.2780425580914905,-0.01580002510936751,-0.11199999944938421
0.2750151081254213,-0.016600025082200487,-0.11099999944987948
0.2776174180962554,-0.01560002511615921,-0.10999999945037453
0.28115895805656277,-0.020400024953157292,-0.10399999945334548
0.2816030680515853,-0.013700025180680808,-0.11299999944888917
0.27666451810693515,-0.01800002503465825,-0.11099999944987948
0.2359006585638046,-0.05490002378158121,-0.09689999945686123
0.22877456864367174,-0.012400025224827194,-0.07699999946671487
0.32336851758349017,-0.04240002420606537,-0.09139999945958455
0.3120309477105585,-0.03730002437925484,-0.1259999994424521
0.2263996886702888,0.00794458348429572,-0.0760999994671605
0.27839248808756856,0.014323309867682377,-0.0675999994713693
0.36424412712536824,-0.015200025129742722,-0.16399999942363597
0.2337092885883647,-0.03150002457621548,-0.1359999994375004
0.20485113891179885,-0.019500024983720166,-0.06559999947235962
0.32991090751016494,-0.030700024603382392,-0.11099999944987948
0.2820905280461221,-0.03590002442679707,-0.13499999943799568
0.23642503855792762,-0.003960025511438814,-0.08279999946384287
0.2624988182657002,-0.0387000243317126,-0.11399999944839401
0.2820560380465085,-0.020400024953157292,-0.12099999944492779
0.2782874680887455,-0.02620002475619665,-0.1309999994399763
0.240480148512479,-0.020100024963344953,-0.10899999945086969
0.26084483828423743,-0.01090002527576528,-0.058899999475677145
0.331556037491727,-0.037800024362275475,-0.1259999994424521
0.20700120888770135,-0.04100002425360749,-0.1839999994137329
0.21261503882478316,-0.0018500255830917745,-0.10799999945136496
0.341331887382162,0.0005605804250471413,-0.0849999994627535
0.326336237550229,-0.02080002493957378,-0.12099999944492779
0.22890476864221254,-0.016600025082200487,-0.07049999946993324
0.2778681880934446,-0.003260025535209876,-0.038199999485926894
0.3566011972110279,-0.015200025129742722,-0.09259999945899033
0.26777634820655116,-0.027600024708654525,-0.14099999943502473
0.4675788059672228,-0.058700023652538014,-0.18699999941224743
0.3491990172939894,-0.029100024657716328,-0.13399999943849072
0.18207935916701823,-0.017700025044845913,-0.11899999944591821
0.16572588935030308,-0.027400024715446225,-0.0648999994727062
0.2015145789491941,-0.002330025566791516,-0.05069999947973747
0.3633738071351227,-0.021500024915802718,-0.12399999944344231
0.40611977665603805,-0.02620002475619665,-0.11199999944938421
0.2818062180493086,-0.006790025415335577,-0.10899999945086969
0.44247029624863177,-0.02070002494296974,-0.09379999945839612
0.4059684366577341,-0.020300024956553253,-0.11899999944591821
0.1565644494529821,-0.03440002447773516,-0.18299999941422807
0.15526365946756093,-0.037500024372463026,-0.07619999946711087
0.32974021751207805,-0.019600024980324315,-0.10399999945334548
0.36422917712553593,-0.01880002500749134,-0.18799999941175216
0.1820852391669523,0.02457003951971637,-0.06749999947141871
0.2949949379014929,-0.020200024959949103,-0.10999999945037453
0.463589316011936,-0.001690025588525157,-0.07399999946820024
0.36908223707114396,-0.035300024447172285,-0.15899999942611187
0.14125904962452052,-0.016700025078804637,-0.14099999943502473
0.1559273994601218,-0.030000024627153565,-0.0741999994681013
0.2876920579833415,-0.027100024725633887,-0.08159999946443708
0.3974328167533989,-0.021800024905615167,-0.12899999944096663
0.20391731892226472,0.006350261738436891,-0.09809999945626702
0.2995052178509432,-0.020400024953157292,-0.14599999943254882
0.07854245832743001,-0.023100024861468782,-0.31999999934639134
0.21288122882179983,-0.04470002412796015,-0.12099999944492779
0.2920839679341185,-0.018500025017679,-0.12099999944492779
0.2666656382189996,-0.006810025414656473,-0.13699999943700536
0.26732558821160324,-0.024200024824114208,-0.07899999946572445
0.28884010797047477,-0.02360002484448942,-0.11299999944888917
0.29239390793064457,-0.017300025058429425,-0.12499999944294726
0.2830024580359012,-0.014100025167097296,-0.11399999944839401
0.3124305777060796,-0.017400025055033574,-0.09469999945795049
0.07731946134113687,-0.10500002208024883,-0.24499999938352834
0.3328925774767473,-0.0051200254720467075,-0.08259999946394192
0.2818695380485987,-0.030000024627153565,-0.09379999945839612
0.217546138769517,-0.048400024002312914,-0.12799999944146168
0.28905259796809313,-0.009360025328061683,-0.11099999944987948
0.32381946757843605,-0.035500024440380584,-0.09049999946003018
0.31525192767445875,-0.042600024199273556,-0.09899999945582139
0.262115868269992,-0.003150025538945389,-0.13299999943898588
0.24379271847535278,-0.004660025487667641,-0.11499999944789874
0.12387091981940168,-0.019000025000699527,-0.23599999938798466
0.24352745847832558,-0.03090002459659069,-0.08389999946329829
0.28592723800312125,-0.004170025504307562,-0.10099999945483107
0.25639508833410907,-0.007230025400393858,-0.10599999945235516
0.2611971682802887,-0.03360002450490207,-0.1309999994399763
0.2864081979977309,-0.024300024820718358,-0.12199999944443263
0.3173063776514331,0.0014737658040364643,-0.06599999947216151
0.2950755379005898,-0.008440025359303771,-0.10999999945037453
0.2437731284755722,-0.03660002440302601,-0.14099999943502473
0.28417070802280775,-0.013600025184076658,-0.15599999942759735
0.27190273816030386,-0.011100025268973468,-0.11599999944740369
0.2788536880823995,-0.020000024966740915,-0.10599999945235516
0.2851907880113751,-0.027900024698466863,-0.08329999946359534
0.27721926810071773,-0.01630002509238815,-0.10299999945384064
0.2710741081695909,-0.004560025491063602,-0.12799999944146168
0.27737146809901203,-0.014000025170493147,-0.11199999944938421
0.27775683809469287,-0.020100024963344953,-0.09409999945824765
0.27707629810232004,-0.016500025085596337,-0.10399999945334548
0.2767862581055709,-0.00991002530938434,-0.11999999944542306
0.27710837810196054,-0.03630002441321345,-0.1429999994340343
0.2823329880434047,-0.024800024803738885,-0.08259999946394192
0.2801680780676681,0.0038045102248873697,-0.06259999947384509
0.2755610781193021,-0.013800025177284958,-0.11999999944542306
0.27690651810422295,-0.01610002509917985,-0.10799999945136496
0.28225331804429743,-0.01840002502107485,-0.08959999946047581
0.2811313980568717,-0.0179000250380541,-0.07709999946666524
0.2743948681323727,-0.015200025129742722,-0.10899999945086969
0.27140882816583933,-0.013000025204451982,-0.13899999943601493
0.27700281810314364,-0.01610002509917985,-0.11799999944641326
0.28009718806846284,-0.019100024997303677,-0.10499999945285043
0.277736288094923,-0.0179000250380541,-0.10799999945136496
0.27874444808362386,-0.02110002492938623,-0.10199999945433591
0.27549335812006115,-0.013700025180680808,-0.11099999944987948
0.40638920665301836,-0.0797000229394047,0.02622220548217391
0.28556253800720865,-0.012800025211243682,-0.09139999945958455
0.2758379781161988,-0.015100025133138573,-0.10799999945136496
0.2833779180316933,-0.022400024885239844,-0.09169999945943597
0.26806650820329914,-0.009560025321269983,-0.12899999944096663
0.27340383814348,-0.017100025065221236,-0.11799999944641326
0.2848748980149156,-0.027400024715446225,-0.08799999946126802
0.282425998042362,-0.020400024953157292,-0.0973999994566136
0.2837098580279731,-0.019700024976928465,-0.10699999945186012
0.2758531581160286,-0.013800025177284958,-0.11699999944690853
0.2773875480988315,-0.03400002449131867,-0.1309999994399763
0.27205699815857476,0.004408453804378154,-0.08029999946508082
0.27251860815340123,0.012042944945120593,-0.08059999946493224
0.2749241381264407,-0.026900024732425698,-0.14799999943155862
0.27586119811593846,-0.017100025065221236,-0.11899999944591821
0.2882409179771903,-0.029700024637341227,-0.08949999946052534
0.28110105805721175,-0.0265000247460091,-0.10399999945334548
0.27202595815892283,-0.0013300256007503508,-0.12499999944294726
0.2511716483926518,-0.03590002442679707,-0.09179999945938644
0.27451178813106236,-0.021800024905615167,-0.08639999946206023
0.27269864815138334,-0.018500025017679,-0.10299999945384064
0.27695584810367,-0.017100025065221236,-0.10799999945136496
0.27647774810902837,-0.017400025055033574,-0.10799999945136496
0.2818487380488319,-0.015400025122950911,-0.11299999944888917
0.28144334805337534,-0.013600025184076658,-0.11199999944938421
0.27317459814604916,-0.01630002509238815,-0.10399999945334548
0.2766090181075571,-0.01860002501428304,-0.10899999945086969
0.2802041680672638,-0.019900024970136765,-0.10899999945086969
0.2806849480618754,-0.019700024976928465,-0.11399999944839401
0.28034280806571,-0.01600002510257581,-0.11599999944740369
0.27816041809016956,-0.014500025153513896,-0.10899999945086969
0.2766692981068817,-0.01580002510936751,-0.10699999945186012
0.2773057180997487,-0.016200025095784,-0.10799999945136496
0.2797420480724433,-0.017500025051637724,-0.11499999944789874
0.28142664805356254,-0.016600025082200487,-0.11299999944888917
0.2754174281209123,-0.01580002510936751,-0.10399999945334548
0.27667412810682745,-0.017100025065221236,-0.10699999945186012
0.2774145380985291,-0.017000025068616975,-0.10399999945334548
0.2727534581507691,-0.016900025072012825,-0.10199999945433591
0.27599668811442,-0.01600002510257581,-0.10899999945086969
0.2267335086665474,-0.014000025170493147,-0.031499999489244424
0.28668370799464293,-0.029400024647528777,-0.09609999945725722
0.278132808090479,-0.022200024892031656,-0.09199999945928738
0.27538919812122864,-0.016500025085596337,-0.09449999945804954
0.2762130781119947,-0.011400025258785917,-0.10499999945285043
0.2732773581448975,-0.01580002510936751,-0.09879999945592033
0.27692421810402434,-0.019900024970136765,-0.10799999945136496
0.2810476280578105,-0.019500024983720166,-0.11399999944839401
0.27669861810655294,-0.018500025017679,-0.10899999945086969
0.27440303813228106,-0.015200025129742722,-0.10199999945433591
0.27933494807700576,-0.0181000250312624,-0.10799999945136496
0.27859135808533964,-0.019900024970136765,-0.10499999945285043
0.2762761981112871,-0.01870002501088719,-0.10099999945483107
0.2755594081193209,-0.019600024980324315,-0.10299999945384064
0.27466396812935656,-0.01820002502786655,-0.10599999945235516
0.2838842880260182,-0.009740025315157386,-0.10699999945186012
0.2655341182316815,0.0005197378964341137,-0.09189999945933691
0.21117632884090787,-0.003250025535549539,-0.09279999945889128
0.21678202877808084,-0.007830025380018535,-0.09899999945582139
0.2342354485824678,-0.010000025306328153,-0.09899999945582139
0.28252739804122573,-0.019300024990511977,-0.11099999944987948
0.27252250815335755,-0.01830002502447059,-0.10799999945136496
0.2396836785214056,-0.00918002533417428,-0.09919999945572233
0.2923275879313878,-0.02060002494636559,-0.11499999944789874
0.27070450817373315,-0.016900025072012825,-0.11099999944987948
0.25947524829958746,-0.014700025146722084,-0.10499999945285043
0.3067225777700531,-0.023200024858072932,-0.10999999945037453
0.2695544281866229,-0.014900025139930384,-0.10199999945433591
0.29303988792340485,-0.022400024885239844,-0.11299999944888917
0.2780936580909177,-0.019100024997303677,-0.11099999944987948
0.23536355856982438,-0.009170025334513832,-0.09999999945532612
0.29370266791597643,-0.02080002493957378,-0.11199999944938421
0.28170638805042714,-0.017500025051637724,-0.10999999945037453
0.29191753793598374,-0.02090002493617793,-0.11299999944888917
0.2847796080159837,-0.01880002500749134,-0.10899999945086969
0.30609286777711064,-0.05110002391062429,-0.16399999942363597
0.3083280877520589,0.005501774167250506,-0.09379999945839612
0.22460194869043737,-0.009790025313459516,-0.09409999945824765
0.2929030179249388,-0.010300025296140491,-0.10799999945136496
0.3176586676474844,-0.01880002500749134,-0.11199999944938421
0.26885606819445007,-0.007150025403110494,-0.09769999945646501
0.2847001980168735,-0.009420025326024262,-0.10299999945384064
0.26839248819964556,-0.012700025214639532,-0.10699999945186012
0.28031220806605295,-0.01860002501428304,-0.11099999944987948
0.3233546375836456,-0.0286000246746958,-0.11699999944690853
0.2612909482792376,-0.009440025325344936,-0.10399999945334548
0.2111695488409837,0.00351177973482808,-0.09129999945963407
0.26842959819922974,-0.014400025156909746,-0.10399999945334548
0.27646100810921603,-0.01630002509238815,-0.10599999945235516
0.24741140843479537,-0.00903002533926811,-0.09899999945582139
0.2889568079691667,-0.021800024905615167,-0.11399999944839401
0.24935913841296586,-0.035000024457359835,-0.17599999941769406
0.23814427853865894,-0.029600024640737077,-0.10699999945186012
0.29084320794802454,-0.015300025126346872,-0.16399999942363597
0.2817041780504521,-0.007720025383753937,-0.17099999942016997
0.2517766183858716,-0.034900024460755685,-0.062099999474092615
0.31066827772583094,-0.007800025381037301,-0.07599999946720992
0.26191506827224287,-0.005350025464236241,-0.0996999994554747
0.289552887962486,-0.04870002399212525,-0.06809999947112166
0.3671020470933375,-0.02870002467129984,-0.13999999943551977
0.23814735853862445,-0.012100025235014744,-0.13199999943948115
0.23307797859544066,-0.01330002519426432,-0.07239999946899256
0.31202003771068076,0.003966591319383261,-0.10699999945186012
0.21512194879668645,-0.0471000240464593,-0.14899999943106346
0.3163489776621633,-0.05140002390043674,-0.06969999947032945
0.3649828671170885,-0.027800024701862713,-0.11899999944591821
0.22783383865421536,0.0046815763951033595,-0.1309999994399763
0.25743736832242736,-0.007810025380697749,-0.06319999947354804
0.3359720074422341,-0.011400025258785917,-0.11299999944888917
0.2085556888702791,-0.022800024871656444,-0.14199999943452946
0.26618628822437196,-0.0284000246814875,-0.12199999944443263
0.3402217573946038,-0.011200025265577618,-0.16599999942264576
0.19788464898987712,-0.014300025160305596,-0.09939999945562328
0.2932610779209257,-0.02350002484788527,-0.03259999948869974
0.3577316271983584,-0.0062200254346921335,-0.11499999944789874
0.24109690850556675,-0.01860002501428304,-0.12399999944344231
0.3383529974155486,-0.015100025133138573,-0.11299999944888917
0.26253047826534526,0.0212304356331251,-0.15299999942908282
0.21720576877333153,-0.02140002491919868,-0.12299999944393758
0.3310372074975416,-0.028200024688279313,-0.10399999945334548
0.19731513899625996,-0.019900024970136765,-0.09849999945606891
0.3549520072295116,-0.016700025078804637,-0.13899999943601493
0.2308503786204068,-0.01820002502786655,-0.08039999946503118
0.2711644981685777,-0.05440002379856046,-0.04219999948394626
0.35301026725127405,0.017133652772246655,-0.20599999940283942
0.2584006383116315,-0.03930002431133739,-0.16499999942314092
0.25221082838100517,-0.0011300256075420512,-0.14799999943155862
0.32048637761579246,0.01974080568371106,-0.13899999943601493
0.13001261975056733,-0.04120002424681579,-0.02409999949290864
0.4017262867052791,-0.020400024953157292,-0.09519999945770286
0.373892757017229,0.006855071121294243,-0.21799999939689751
0.41664588653806445,-0.03890002432492079,-0.13199999943948115
0.3617120571537469,-0.02070002494296974,-0.14099999943502473
0.08756815322627265,-0.02900002466111229,-0.1359999994375004
0.3963264367657988,-0.027900024698466863,-0.14899999943106346
0.34527160733800666,-0.00962002531923245,-0.07889999946577397
0.12486678980824018,-0.005930025444540132,-0.10599999945235516
0.4345677163372017,-0.01630002509238815,-0.13899999943601493
0.3653538971129302,-0.02130002492259453,-0.1599999994256167
0.09252678517069768,0.10090364092752413,-0.2559999993780815
0.19272627904769069,-0.008340025362699621,-0.11299999944888917
0.206507578893234,-0.03920002431473324,-0.10099999945483107
0.23103896861829298,-0.004440025495138666,-0.08249999946399134
0.31098575772227255,-0.014400025156909746,-0.09789999945636596
0.33387446746574256,0.0011741412142113328,-0.16899999942116029
0.2941269279112213,0.03644119211658703,-0.09419999945819801
0.2422981184921038,-0.01890002500409549,-0.028099999490928007
0.18825276909782862,0.07821643969795267,-0.15599999942759735
0.14317638960303136,0.016813989783102,-0.08939999946057475
0.24930629841355811,-0.05730002370008025,-0.10499999945285043
0.2596944982971303,-0.02100002493278208,-0.12499999944294726
0.25424296835822924,-0.014400025156909746,-0.09989999945537575
0.3002297578428228,-0.048100024012500575,-0.19699999940729584
0.3530850272504362,-0.0071400254034501565,-0.1839999994137329
0.3823462269224851,-0.013100025201056131,-0.05249999947884609
0.18141447917447007,0.054531410502266286,-0.1429999994340343
0.347981767307632,-0.0007130256217028341,-0.14599999943254882
0.3283486275276746,-0.04610002408041791,-0.22299999939442172
0.27885416808239416,-0.03980002429435803,-0.1309999994399763
0.24743725843450592,-0.02060002494636559,-0.05309999947854904
0.23014857862827243,-0.029300024650924628,-0.06919999947057709
0.20795053887706172,0.0018256044920884618,-0.09269999945894081
0.2474300784345862,-0.0035200255263806435,-0.10099999945483107
0.27183106816110714,-0.02120002492599038,-0.16099999942512155
0.26256477826496094,-0.03900002432152494,-0.11999999944542306
0.2620718882704851,-0.019100024997303677,-0.13499999943799568
0.2864145579976596,0.0008252241060601184,-0.10599999945235516
0.28688001799244267,-0.004990025476461324,-0.09479999945790096
0.2668627382167905,-0.029500024644132927,-0.12199999944443263
0.269094548191777,-0.024300024820718358,-0.11999999944542306
0.2870465079905766,-0.009460025324665833,-0.09569999945745533
0.27944885807572906,-0.020200024959949103,-0.10599999945235516
0.2695293781869039,-0.022900024868260593,-0.11699999944690853
0.27832940808827566,-0.014600025150118046,-0.10899999945086969
0.2787874080831423,-0.01560002511615921,-0.10899999945086969
0.2727082781512755,-0.017000025068616975,-0.11599999944740369
0.271944368159837,-0.02100002493278208,-0.11499999944789874
0.27821092808960324,-0.02090002493617793,-0.10299999945384064
0.28462148801775555,-0.012600025218035382,-0.09869999945596997
0.28281792803796946,-0.011700025248598367,-0.10399999945334548
0.2753032881221915,-0.017000025068616975,-0.10599999945235516
0.27664734810712743,-0.017600025048241763,-0.10699999945186012
0.2824275680423445,-0.014100025167097296,-0.10499999945285043
0.27756343809686035,-0.017300025058429425,-0.10799999945136496
0.2726205881522583,-0.02130002492259453,-0.11699999944690853
0.2709018681715212,-0.021800024905615167,-0.12099999944492779
0.27614989811270285,-0.017700025044845913,-0.11099999944987948
0.28395398802523686,-0.012700025214639532,-0.09559999945750486
0.2809075980593798,-0.014700025146722084,-0.10299999945384064
0.2765739081079506,-0.017100025065221236,-0.11499999944789874
0.2760113081142561,-0.017800025041450063,-0.10899999945086969
0.2696884381851208,-0.024400024817322397,-0.12199999944443263
0.3101797777313058,-0.002040025576639626,-0.0880999994612186
0.26856146819775173,-0.01330002519426432,-0.10899999945086969
0.28236993804299027,-0.016800025075408676,-0.10599999945235516
0.2682472682012731,-0.035300024447172285,-0.11299999944888917
0.2788724080821898,-0.025300024786759523,-0.09979999945542517
0.28698726799124086,-0.009430025325684599,-0.09849999945606891
0.2692844181896492,-0.019100024997303677,-0.11899999944591821
0.27046159817645554,-0.020300024956553253,-0.11399999944839401
0.28499316801359,-0.011800025245202406,-0.10399999945334548
0.2784324380871208,-0.017600025048241763,-0.11099999944987948
0.2729306481487832,-0.014300025160305596,-0.11599999944740369
0.27037108817747013,-0.01090002527576528,-0.12099999944492779
0.27357887814151804,-0.019300024990511977,-0.11099999944987948
0.28801412797973214,-0.015100025133138573,-0.09399999945829707
0.3354617474479529,0.13913036962939296,-0.046199999481965626
0.2653959582332297,-0.0025900255579622833,-0.13699999943700536
0.2748726081270183,-0.025000024796947184,-0.11299999944888917
0.27796537809235544,-0.01340002519086847,-0.09999999945532612
0.27670922810643406,-0.017600025048241763,-0.11499999944789874
0.27787759809333923,-0.018500025017679,-0.11099999944987948
0.2787296680837894,-0.015200025129742722,-0.10199999945433591
0.27870750808403777,-0.017300025058429425,-0.11399999944839401
0.2768637881047018,-0.020100024963344953,-0.11799999944641326
0.27634511811051476,-0.01600002510257581,-0.10399999945334548
0.27810087809083694,-0.014500025153513896,-0.09909999945577175
0.2779236380928234,-0.017100025065221236,-0.10899999945086969
0.27474132812848984,-0.01840002502107485,-0.11799999944641326
0.27634499811051616,-0.01830002502447059,-0.11099999944987948
0.2802631180666031,-0.01560002511615921,-0.10099999945483107
0.27848881808648884,-0.017000025068616975,-0.10899999945086969
0.27439962813231955,0.0025311683681285,-0.13899999943601493
0.26060306828694735,-0.030700024603382392,-0.14799999943155862
0.24512534846041723,-0.021700024909011018,-0.16399999942363597
0.25607731833767056,-0.014000025170493147,-0.14099999943502473
0.26319093825794315,-0.018500025017679,-0.13199999943948115
0.2623435282674407,-0.03200002455923601,-0.13399999943849072
0.2736313981409293,-0.022500024881843994,-0.11499999944789874
0.2802857680663493,-0.01320002519766017,-0.10399999945334548
0.2781971080897583,-0.0181000250312624,-0.10699999945186012
0.27484950812727726,-0.019700024976928465,-0.11399999944839401
0.2785218880861182,-0.014700025146722084,-0.10599999945235516
0.2841553080229804,-0.012900025207847832,-0.09749999945656407
0.2798196980715728,-0.01610002509917985,-0.10299999945384064
0.278933408081506,-0.015200025129742722,-0.10699999945186012
0.2782375380893052,-0.017800025041450063,-0.10999999945037453
0.2765504181082139,-0.020000024966740915,-0.11199999944938421
0.2802737780664837,-0.012600025218035382,-0.10699999945186012
0.320522637615386,-0.02890002466450814,-0.08839999946107002
0.17892621920235774,-0.058100023672913226,-0.038599999485728786
0.27752651809727413,-0.01610002509917985,-0.11299999944888917
0.266791768217586,-0.027800024701862713,-0.09539999945760391
0.2621492282696183,-0.029100024657716328,-0.09549999945755439
0.2799503080701089,-0.017700025044845913,-0.10999999945037453
0.296978827879258,-0.0015700255926002216,-0.1259999994424521
0.2910221979460186,0.012197929939857577,-0.13899999943601493
0.2692475281900626,0.010703084990620448,-0.13299999943898588
0.2684214181993214,-0.012900025207847832,-0.11199999944938421
0.2709098481714318,-0.04190002422304462,-0.08349999946349629
0.2587649083075487,-0.046900024053251,-0.07499999946770508
0.24962096841003145,-0.03920002431473324,-0.08409999946319913
0.296720527882153,-0.004630025488686518,-0.1259999994424521
0.20682822888963992,-0.03370002450150622,-0.07789999946626913
0.16453599936363927,0.003711878828033033,-0.11199999944938421
0.30477844779184227,-0.014700025146722084,-0.10999999945037453
0.2955247978955544,-0.04590002408720972,-0.07769999946636819
0.2802865080663408,-0.040500024270586854,-0.08469999946290208
0.2846163180178136,-0.01070002528255698,-0.11499999944789874
0.269822978183613,0.008529538064431463,-0.13499999943799568
0.26226494826832125,-0.002550025559320601,-0.12299999944393758
0.28582846800422823,-0.03380002449811037,-0.08879999946087191
0.28616741800042944,-0.03980002429435803,-0.08319999946364476
0.27740420809864497,-0.023100024861468782,-0.10599999945235516
0.2743527381328448,0.004789703391431477,-0.13199999943948115
0.2632494282572875,0.0058297822561117485,-0.12799999944146168
0.2769014081042802,-0.029200024654320478,-0.09419999945819801
0.2868649579926117,-0.04140002424002398,-0.08439999946305066
0.28123266805573666,-0.02340002485128112,-0.10199999945433591
0.27877798808324794,0.001277888210688194,-0.12999999944047136
0.2723795581549595,-0.00044002563097356173,-0.12399999944344231
0.2804345780646813,-0.029100024657716328,-0.09159999945948549
0.2812997680549847,-0.037900024358879625,-0.08849999946102038
0.27399971813680146,-0.006870025412618941,-0.12099999944492779
0.26925765818994907,-0.05360002382572748,-0.11199999944938421
0.2915464879401424,-0.026600024742613138,-0.08349999946349629
0.2957936278925415,-0.011700025248598367,-0.12799999944146168
0.2712211081679432,-0.015200025129742722,-0.12199999944443263
0.2807670180609554,-0.012100025235014744,-0.07319999946859634
0.2657492582292702,-0.0015300255939585394,-0.11399999944839401
0.253772248363505,-0.020500024949761442,-0.11899999944591821
0.2677708182066132,-0.03130002458300718,-0.09429999945814849
0.26968282818518396,-0.008730025349455772,-0.10899999945086969
0.2958676278917123,-0.0010100256116171158,-0.11199999944938421
0.2826490680398621,-0.011100025268973468,-0.08479999946285255
0.2606069282869039,-0.023000024864864632,-0.0907999994598816
0.26326356825712915,-0.004050025508382515,-0.10399999945334548
0.26988257818294525,-0.006650025420089856,-0.12699999944195683
0.3009607378346302,-0.019400024987116016,-0.11699999944690853
0.2841589980229391,-0.013900025173889108,-0.10999999945037453
0.2656405582304886,-0.014300025160305596,-0.12299999944393758
0.26752948820931777,-0.05270002385629036,-0.11299999944888917
0.2957152278934201,-0.024300024820718358,-0.11899999944591821
0.2830998480348097,-0.025500024779967823,-0.11099999944987948
0.20726805888471067,-0.017000025068616975,-0.09379999945839612
0.20487602891151968,-0.01570002511276336,-0.09009999946022818
0.24069416851008052,-0.03140002457961133,-0.10599999945235516
0.27045078817657675,-0.013900025173889108,-0.09999999945532612
0.3329059374765977,-0.008710025350134876,-0.06019999947503352
0.3544311972353489,-0.019100024997303677,-0.09009999946022818
0.3324896974812628,-0.019900024970136765,-0.12699999944195683
0.2826963780393317,-0.026600024742613138,-0.12199999944443263
0.260990228282608,-0.032400024545652606,-0.12799999944146168
0.25667789833093946,-0.023100024861468782,-0.09209999945923786
0.2229766787086529,-0.016500025085596337,-0.0950999994577525
0.2256651486785215,-0.02120002492599038,-0.11899999944591821
0.28716589798923864,-0.014100025167097296,-0.10399999945334548
0.21770611876772383,0.004344072306564528,-0.13399999943849072
0.3178877676449168,-0.016500025085596337,-0.19199999940977164
0.21509384879700133,-0.011300025262181768,0.004301124693028235
0.24053300851188664,-0.015100025133138573,-0.0779999994662196
0.23442545858033825,-0.03600002442340111,-0.08239999946404097
0.23113982861716287,-0.019000025000699527,-0.04759999948127247
0.39069374682892866,-0.013100025201056131,-0.14099999943502473
0.03515895081365972,-0.03180002456602782,-0.12999999944047136
0.16573909935015507,-0.04210002421625292,-0.07169999946933914
0.30804423775524037,-0.08170002287148725,-0.09999999945532612
0.4103307666088425,-0.03340002451169377,-0.14699999943205377
0.3030667378110268,-0.028000024695070902,-0.18299999941422807
0.23405819858445454,-0.010600025285952941,-0.14699999943205377
0.19911776897605682,0.041222775954210644,-0.11999999944542306
0.17210322927882782,0.003943696120160767,-0.07409999946815071
0.4943437056672497,0.0030076223519487355,-0.0690999994706265
0.3811281069361374,-0.045700024094001424,-0.11999999944542306
0.1428877896062659,-0.01340002519086847,-0.1619999994246264
0.3084043277512045,-0.014300025160305596,-0.12899999944096663
0.2749935181256633,0.015225428837047472,-0.058899999475677145
0.33202209748650335,-0.03830002434529611,-0.11199999944938421
0.2462357184479722,-0.04700002404985515,-0.03969999948518421
0.2814558980532347,0.015358160832540046,-0.05429999947795483
0.015401603035094413,-0.08990002259302565,-0.25499999937857665
0.13462299969889546,-0.025400024783363673,-0.09419999945819801
0.48018027582598943,-0.05120002390722844,-0.08649999946201081
0.32749528753723856,-0.05780002368310089,-0.17799999941670386
0.18136941917497507,-0.02610002475959261,-0.16899999942116029
0.17390644925861776,-0.017000025068616975,-0.10399999945334548
0.28081074806046535,0.03640368911786063,-0.0799999994652294
0.39526945677764536,0.015054152842863822,-0.12499999944294726
0.3374391374257908,-0.02100002493278208,0.04310532347381413
0.27352869814208036,0.010415568000384234,-0.17099999942016997
0.3170069576547887,-0.0027700255518497974,-0.12999999944047136
0.325753587556759,-0.015500025119555061,-0.07659999946691287
0.31472899768031937,-0.01600002510257581,-0.09639999945710875
0.2532427383694398,-0.037500024372463026,-0.10899999945086969
0.23725209854865814,-0.01580002510936751,-0.02629999949181927
0.210116248852789,-0.0736000231465529,-0.2369999993874894
0.3332351074729083,-0.08260002284092438,-0.19999999940581037
0.18136680917500425,-0.046900024053251,-0.08599999946225834
0.23545050856884986,0.012177940940536258,-0.030499999489739582
0.40875930662645477,-0.024900024800343035,-0.09139999945958455
0.3139481776890707,-0.040600024267191004,-0.14499999943304398
0.20715934888592913,0.03842213004931694,-0.10699999945186012
0.21733063877193204,0.06398682718117221,-0.051899999479143255
0.27986105807110917,-0.00967002531753458,-0.09949999945557375
0.2674422782102954,-0.03720002438265069,-0.11299999944888917
0.26779951820629133,-0.03100002459319484,-0.1549999994280925
0.28000410806950593,-0.011900025241806556,-0.10599999945235516
0.27636241811032103,-0.019800024973532615,-0.10499999945285043
0.278254418089116,-0.018500025017679,-0.11499999944789874
0.283642858028724,-0.009660025317874132,-0.09299999945879223
0.2758921681155915,-0.01580002510936751,-0.10299999945384064
0.2686553281966997,-0.024500024813926546,-0.12299999944393758
0.2721000081580929,-0.026700024739217287,-0.0992999994556728
0.2764077081098133,-0.024300024820718358,-0.10099999945483107
0.2816632780509105,-0.013800025177284958,-0.11299999944888917
0.2783501280880434,-0.014300025160305596,-0.11399999944839401
0.2752846481224003,-0.020000024966740915,-0.11199999944938421
0.2778308380938632,-0.016500025085596337,-0.10899999945086969
0.27563753811844527,-0.015200025129742722,-0.12199999944443263
0.27398645813695,-0.020100024963344953,-0.12099999944492779
0.4435368762366778,0.07035214896501407,-0.000429999504629075
0.24252096848960636,-0.04400002415173132,-0.15799999942660692
0.2680945582029848,-0.028100024691675163,-0.11899999944591821
0.26889989819395876,-0.02610002475959261,-0.1359999994375004
0.26549057823216926,-0.024900024800343035,-0.14499999943304398
0.2709192481713265,-0.02340002485128112,-0.11899999944591821
0.2780383680915375,-0.019000025000699527,-0.10699999945186012
0.27838680808763216,-0.015200025129742722,-0.11699999944690853
0.27475377812835,-0.017500025051637724,-0.11999999944542306
0.28053590806354567,-0.012800025211243682,-0.10599999945235516
0.2807281180613914,-0.014200025163701446,-0.10499999945285043
0.2649358282383867,-0.030100024623757715,-0.12799999944146168
0.2578355983179643,-0.03400002449131867,-0.13499999943799568
0.27160796816360744,-0.02090002493617793,-0.10799999945136496
0.28528044801037034,-0.009900025309724003,-0.10499999945285043
0.2847525080162874,-0.007620025387149898,-0.11799999944641326
0.2827205580390608,-0.011200025265577618,-0.10799999945136496
0.2801052380683724,-0.01350002518747262,-0.09599999945730686
0.2701671681797557,0.07819983769851646,-0.08059999946493224
0.2856732080059683,-0.022600024878448144,-0.15099999943007314
0.27493385812633186,-0.016800025075408676,-0.10599999945235516
0.2791863080786716,-0.025500024779967823,-0.12499999944294726
0.28614275800070565,-0.03620002441660941,-0.12999999944047136
0.2751792381235816,-0.006120025438087984,-0.09599999945730686
0.2681283382026063,0.006551271731610853,-0.10199999945433591
0.2800396380691079,-0.01830002502447059,-0.1309999994399763
0.2825587980408737,-0.02360002484448942,-0.12899999944096663
0.27711631810187143,-0.014800025143326234,-0.10699999945186012
0.2742529181339637,-0.012400025224827194,-0.09809999945626702
0.27877980808322755,-0.017400025055033574,-0.11199999944938421
0.2812732780552816,-0.022600024878448144,-0.12799999944146168
0.2769653081035641,-0.019300024990511977,-0.11799999944641326
0.27605083811381315,-0.013700025180680808,-0.09569999945745533
0.27482500812755184,-0.013700025180680808,-0.09329999945864365
0.32261649759191857,-0.12000002157086787,-0.18499999941323775
0.26211696826997977,-0.028100024691675163,-0.10399999945334548
0.2750621081248943,-0.0025600255589810494,-0.14499999943304398
0.2769153881041233,-0.009240025332136748,-0.11999999944542306
0.2814901880528504,-0.006410025428239985,-0.09159999945948549
0.281223358055841,-0.012900025207847832,-0.10099999945483107
0.2730006581479987,-0.02600002476298846,-0.12999999944047136
0.27479939812783893,-0.01820002502786655,-0.11399999944839401
0.28237003804298944,-0.005670025453369476,-0.0872999994616146
0.2806067880627514,-0.012300025228223044,-0.0965999994570097
0.2746492281295221,-0.022200024892031656,-0.11999999944542306
0.27382477813876216,-0.022200024892031656,-0.12399999944344231
0.2791670280788878,-0.015200025129742722,-0.10699999945186012
0.28241351804250203,-0.009780025313799068,-0.0950999994577525
0.2793340180770161,-0.012800025211243682,-0.10299999945384064
0.05357453660726319,0.09376906516980521,-0.18999999941076195
0.3882449768563736,-0.027900024698466863,-0.1499999994305683
0.2771442881015582,-0.008610025353530726,-0.11899999944591821
0.24238965849107785,-0.02070002494296974,-0.0795999994654274
0.2591302983034536,-0.016500025085596337,-0.10799999945136496
0.27184364816096607,-0.010200025299536453,-0.12399999944344231
0.27334153814417816,-0.016500025085596337,-0.10599999945235516
0.2623558682673024,-0.02360002484448942,-0.08799999946126802
0.2743008881334259,-0.01800002503465825,-0.10599999945235516
0.29107396794543816,-0.010500025289348791,-0.12799999944146168
0.28594478800292444,-0.009380025327382469,-0.12799999944146168
0.25948091829952413,-0.021800024905615167,-0.09699999945681159
0.26213538826977323,-0.02390002483430176,-0.08879999946087191
0.28898134796889163,-0.01090002527576528,-0.12199999944443263
0.2810833780574098,-0.013900025173889108,-0.11499999944789874
0.3408877573871396,-0.009240025332136748,-0.12799999944146168
0.16646184934205466,-0.028000024695070902,-0.05429999947795483
0.23377011858768326,-0.029300024650924628,-0.07749999946646724
0.26507852823678757,-0.018500025017679,-0.10399999945334548
0.27734106809935244,-0.013100025201056131,-0.11499999944789874
0.27893483808149,-0.013100025201056131,-0.11499999944789874
0.26882726819477276,-0.020300024956553253,-0.09649999945705923
0.27553642811957846,-0.01880002500749134,-0.10499999945285043
0.2799674380699171,-0.01330002519426432,-0.12099999944492779
0.2692746581897587,-0.019100024997303677,-0.10199999945433591
0.27891706808168926,-0.016200025095784,-0.10899999945086969
0.2949858579015947,-0.009300025330099215,-0.1309999994399763
0.27573948811730253,-0.020000024966740915,-0.10299999945384064
0.2622393782686081,-0.025000024796947184,-0.08399999946324865
0.2808889880595886,-0.014600025150118046,-0.11399999944839401
0.29821110786544724,-0.006700025418391875,-0.13699999943700536
0.2981643378659715,-0.008370025361680855,-0.12999999944047136
0.2653015882342875,-0.021500024915802718,-0.09049999946003018
0.24772669843126183,-0.028300024684883462,-0.07849999946597208
0.26716620821338943,-0.022700024875052294,-0.09939999945562328
0.2828364580377618,-0.011300025262181768,-0.12399999944344231
0.23999177851795261,-0.013100025201056131,-0.1359999994375004
0.28901228796854483,-0.007090025405148026,-0.12199999944443263
0.30274825781459613,-0.01890002500409549,-0.12999999944047136
0.27589673811554016,-0.04110002425021164,-0.1259999994424521
0.254689568353224,-0.03690002439283835,-0.12199999944443263
0.3026979478151599,-0.028100024691675163,-0.12199999944443263
0.31765310764754706,-0.015200025129742722,-0.12799999944146168
0.2725321881532492,-0.027300024718842075,-0.13299999943898588
0.251108378393361,-0.010400025292744641,-0.07089999946973524
0.23655930855642282,-0.012000025238410705,-0.09759999945651454
0.24395723847350892,0.0027397319610458215,-0.08929999946062439
0.23995369851837944,-0.014800025143326234,-0.05359999947830152
0.2499235784066398,-0.01860002501428304,-0.08739999946156518
0.2596579882975394,-0.0008510256170165542,-0.11699999944690853
0.2809941680584096,-0.029800024633945266,-0.12199999944443263
0.2530922683711263,-0.011800025245202406,-0.2079999994018491
0.29125821794337314,-0.005800025448954749,-0.1309999994399763
0.33064215750196935,-0.01590002510597166,-0.12899999944096663
0.33663319743482356,-0.037700024365671325,-0.14499999943304398
0.2932285279212905,-0.025100024793551223,-0.11599999944740369
0.2017549689464999,-0.016700025078804637,-0.09639999945710875
0.18547414912897042,-0.0046200254890260695,-0.05979999947523151
0.33313380747404375,-0.008780025347757792,-0.027399999491274696
0.39303601680267697,-0.035500024440380584,-0.09689999945686123
0.28979493795977307,-0.035500024440380584,-0.1499999994305683
0.22574628867761182,-0.01330002519426432,-0.11899999944591821
0.18449832913990694,-0.022700024875052294,-0.13299999943898588
0.23644688855768248,-0.013600025184076658,-0.14199999943452946
0.3136797876920787,0.013491046895944825,-0.09459999945800002
0.24626057844769367,-0.004440025495138666,-0.11799999944641326
0.37479248700714507,-0.03600002442340111,-0.12299999944393758
0.2904421379525195,-0.03940002430794154,-0.09819999945621738
0.2911657679444093,-0.017000025068616975,-0.08719999946166423
0.39640314676493915,-0.02330002485467697,-0.10799999945136496
0.2077578788792207,-0.008380025361341303,-0.09829999945616796
0.22531232868247564,-0.009390025327042917,-0.10099999945483107
0.33276931747812877,-0.0448000241245643,-0.11899999944591821
0.4129822765791249,0.03089413930495799,0.0708821184600601
0.36273821714224597,0.025034411503946807,-0.10299999945384064
0.2671629482134261,-0.050700023924207915,-0.13499999943799568
0.23442384858035625,-0.06200002354047418,-0.047099999481519994
0.24102529850636922,-0.01080002527916113,-0.09539999945760391
0.28927922796555317,-0.017200025061825275,-0.16899999942116029
0.27141976816571667,0.005422577869939826,-0.1259999994424521
0.2250621386852798,-0.07450002311599013,-0.06929999947052745
0.10192898006532047,-0.009710025316176152,-0.056999999476617935
0.2793796980765042,-0.05400002381214397,-0.05819999947602372
0.39729000675499937,-0.030000024627153565,-0.0977999994564156
0.2820964780460553,-0.007600025387829112,-0.13699999943700536
0.20879354886761337,-0.0631000235031196,-0.17999999941571354
0.2631451582584561,-0.00031402563525229077,-0.13399999943849072
0.248242218425484,0.009348308636627056,-0.09899999945582139
0.18502913913395802,-0.03410002448792282,-0.10399999945334548
0.11633450990386751,-0.021500024915802718,-0.13699999943700536
0.2621689282693975,-0.0368000243962342,-0.1499999994305683
0.3865351168755373,-0.04360002416531483,-0.17099999942016997
0.3630764271384552,-0.00516002547068839,-0.12199999944443263
0.3038769478019461,-0.029800024633945266,-0.07539999946750708
0.20605343889832373,-0.0018600255827521117,-0.12299999944393758
0.13622696968091863,0.017165006771181823,-0.08209999946418955
0.1975548689935731,-0.05220002387326972,-0.12499999944294726
0.10417429004015566,-0.048400024002312914,-0.13999999943551977
0.20308516893159112,-0.027600024708654525,-0.1259999994424521
0.3680171770830809,-0.02130002492259453,-0.13199999943948115
0.42578925643558807,-0.0030300255430204537,-0.13399999943849072
0.31994184762189515,-0.040800024260399304,-0.12899999944096663
0.3307868475003477,0.0030881750492132154,-0.11899999944591821
0.28639875799783643,0.03029375932534617,-0.10899999945086969
0.39480719678282616,0.03409829319614899,0.09122924944998512
0.3919051568153513,-0.021500024915802718,0.013039650488701371
0.15491386947148134,-0.043000024185690044,-0.08489999946280302
0.3387100374115468,-0.06360002348614024,-0.15099999943007314
0.3519879272627322,-0.01350002518747262,-0.12399999944344231
0.2856627280060857,-0.016600025082200487,-0.10999999945037453
0.20993407885483073,-0.02620002475619665,-0.08779999946136707
0.29331611792030876,-0.01350002518747262,-0.10799999945136496
0.2707133681736338,-0.027100024725633887,-0.13899999943601493
0.2719442681598383,-0.04590002408720972,-0.1259999994424521
0.2844444480197399,-0.0286000246746958,-0.17099999942016997
0.28057758806307853,-0.015300025126346872,-0.12399999944344231
0.27338334814370957,-0.01350002518747262,-0.08739999946156518
0.2807509980611351,-0.01630002509238815,-0.10399999945334548
0.27847030808669637,-0.015400025122950911,-0.09169999945943597
0.27601503811421435,-0.01600002510257581,-0.09949999945557375
0.2802122080671736,-0.00987002531074277,-0.10699999945186012
0.2786959680841672,-0.003470025528078624,-0.0876999994614166
0.27734395809932,-0.01080002527916113,-0.09379999945839612
0.2767622781058394,-0.02070002494296974,-0.10799999945136496
0.27799095809206875,-0.019200024993907827,-0.11299999944888917
0.27635049811045453,-0.017800025041450063,-0.10799999945136496
0.27459656813011213,-0.021500024915802718,-0.10999999945037453
0.2786279680849293,-0.02100002493278208,-0.1259999994424521
0.28014201806796035,-0.01320002519766017,-0.10799999945136496
0.2836351980288099,-0.003190025537587071,-0.11199999944938421
0.28673445799407404,-0.004700025486309434,-0.12499999944294726
0.28133218805462135,-0.007450025392922943,-0.09729999945666312
0.3251586675634266,0.0460785597893143,-0.09129999945963407
0.26935172818889463,-0.02370002484109346,-0.11099999944987948
0.2641059082476884,-0.03860002433510845,-0.09839999945611844
0.27924464807801774,-0.011500025255390067,-0.09919999945572233
0.27814462809034657,-0.012200025231618894,-0.10099999945483107
0.27296338814841636,-0.024300024820718358,-0.10499999945285043
0.27652124810854084,-0.01820002502786655,-0.10899999945086969
0.27902435808048676,-0.011600025251994217,-0.10499999945285043
0.28077421806087477,-0.016500025085596337,-0.11599999944740369
0.27984668807127044,-0.01570002511276336,-0.11399999944839401
0.277761008094646,-0.012500025221431232,-0.09759999945651454
0.27735518809919424,-0.019500024983720166,-0.10899999945086969
0.2755152081198162,-0.022500024881843994,-0.10999999945037453
0.27601199811424837,-0.016500025085596337,-0.09959999945552422
0.274105848135612,-0.023000024864864632,-0.10399999945334548
0.2720340281588325,-0.026800024735821548,-0.11799999944641326
0.27400800813670845,-0.024200024824114208,-0.12199999944443263
0.2782104180896092,-0.019700024976928465,-0.11499999944789874
0.2786144680850806,-0.013800025177284958,-0.10599999945235516
0.2817836380495615,-0.008240025366095471,-0.09629999945715828
0.2817643480497778,-0.009270025331117981,-0.10399999945334548
0.2152320887954522,-0.025800024769780272,-0.12399999944344231
0.3033773578075454,-0.027000024729029737,-0.11599999944740369
0.23759828854477827,-0.021500024915802718,-0.07859999946592244
0.23211799860619964,-0.029400024647528777,-0.06889999947072556
0.26213160826981574,-0.023100024861468782,-0.09209999945923786
0.27830634808853394,-0.019700024976928465,-0.10799999945136496
0.2922803879319169,-0.01870002501088719,-0.10999999945037453
0.2884798379745126,-0.019200024993907827,-0.11199999944938421
0.2776927680954109,-0.018500025017679,-0.10899999945086969
0.2782593180890611,-0.0179000250380541,-0.10599999945235516
0.2774315480983385,-0.017600025048241763,-0.10899999945086969
0.28480664801568056,-0.01830002502447059,-0.11499999944789874
0.27798303809215774,-0.01610002509917985,-0.10699999945186012
0.26918595819075253,-0.01580002510936751,-0.10199999945433591
0.2734292681431949,-0.0179000250380541,-0.10699999945186012
0.2802324080669474,-0.017300025058429425,-0.10999999945037453
0.27891846808167364,-0.017300025058429425,-0.10899999945086969
0.27281507815007866,-0.017800025041450063,-0.10399999945334548
0.27389291813799854,-0.017300025058429425,-0.10699999945186012
0.32880554752255353,-0.045600024097397385,-0.1789999994162086
0.2537458483638009,-0.004910025479178071,-0.0787999994658235
0.24883758841881143,0.010952220982160199,-0.09909999945577175
0.19100831906694493,0.01885578171376534,-0.04159999948424342
0.2466974784427971,-0.022500024881843994,-0.06569999947230998
0.3215923376033971,-0.04160002423323228,-0.13499999943799568
0.29054978795131303,-0.019400024987116016,-0.12099999944492779
0.24197898849568067,0.01076190398862309,-0.09749999945656407
0.26417402824692493,0.00624382134205137,-0.11799999944641326
0.2766659381069192,-0.016800025075408676,-0.10499999945285043
0.27435535813281553,-0.026900024732425698,-0.09019999946017876
0.2742489681340079,-0.019000025000699527,-0.10199999945433591
0.27646421810917987,-0.01330002519426432,-0.11199999944938421
0.27642820810958346,-0.015000025136534423,-0.11099999944987948
0.27336103814395973,-0.012600025218035382,-0.10999999945037453
0.27029480817832496,-0.014100025167097296,-0.10299999945384064
0.2676104382084106,-0.015500025119555061,-0.10099999945483107
0.27679284810549687,-0.01340002519086847,-0.10799999945136496
0.2634923082545655,-0.028000024695070902,-0.06979999947027993
0.267483968209828,-0.008190025367793341,-0.11099999944987948
0.27506697812484004,-0.01880002500749134,-0.10699999945186012
0.2764138181097451,-0.01830002502447059,-0.10599999945235516
0.2738096981389311,-0.01820002502786655,-0.10799999945136496
0.28281437803800924,-0.016700025078804637,-0.10999999945037453
0.2746691081292991,-0.01830002502447059,-0.10699999945186012
0.2702872681784094,-0.0164000250889923,-0.11199999944938421
0.28259329804048705,-0.014700025146722084,-0.11299999944888917
0.2820855180461781,-0.017800025041450063,-0.10699999945186012
0.2808510080600142,-0.018500025017679,-0.10699999945186012
0.27830913808850277,-0.017300025058429425,-0.10699999945186012
0.27804002809151873,-0.0181000250312624,-0.10499999945285043
0.27799455809202844,-0.017500025051637724,-0.10699999945186012
0.27160059816369,-0.01600002510257581,-0.10799999945136496
0.2716038581636535,-0.017100025065221236,-0.10799999945136496
0.2807001880617044,-0.01870002501088719,-0.11199999944938421
0.2792600180778455,-0.0181000250312624,-0.10699999945186012
0.2744732981314937,-0.01600002510257581,-0.10499999945285043
0.28170541805043814,-0.0164000250889923,-0.10999999945037453
0.2842806680215755,-0.017000025068616975,-0.10899999945086969
0.2880894979788873,-0.024500024813926546,-0.09559999945750486
0.2678380582058595,-0.02600002476298846,-0.09899999945582139
0.2831694580340296,-0.009930025308705237,-0.11699999944690853
0.2616735082749502,-0.017800025041450063,-0.10299999945384064
0.2615475582763618,-0.019600024980324315,-0.10499999945285043
0.2673753482110457,-0.0179000250380541,-0.11199999944938421
0.2679813582042534,-0.01830002502447059,-0.10699999945186012
0.27263553815209063,-0.017600025048241763,-0.10599999945235516
0.2778586680935513,-0.017200025061825275,-0.10599999945235516
0.27736678809906423,-0.01560002511615921,-0.11199999944938421
0.2822229480446379,-0.01560002511615921,-0.11499999944789874
0.2785788380854799,-0.017300025058429425,-0.10399999945334548
0.27129418816712425,-0.01800002503465825,-0.10599999945235516
0.2756214081186259,-0.01610002509917985,-0.11299999944888917
0.277710328095214,-0.016800025075408676,-0.10699999945186012
0.2776780080955761,-0.017200025061825275,-0.10699999945186012
0.27684416810492163,-0.017100025065221236,-0.10699999945186012
0.27637276811020506,-0.017500025051637724,-0.10999999945037453
0.27844563808697287,-0.01590002510597166,-0.10999999945037453
0.2777602580946543,-0.016200025095784,-0.10699999945186012
0.28232928804344604,-0.08270002283752853,-0.21599999939788783
0.24740467843487113,-0.02340002485128112,-0.17699999941719902
0.3104425277283609,0.012676694923599241,-0.16399999942363597
0.22739380865914716,-0.014900025139930384,-0.09319999945869328
0.2652675082346696,-0.03950002430454569,-0.0555999994773112
0.30239143781859523,-0.033000024525277394,-0.10999999945037453
0.24019883851563195,-0.00741002539428115,-0.13399999943849072
0.3190191976322363,0.007864324787021149,-0.14199999943452946
0.2614580082773652,-0.010100025302932303,-0.0741999994681013
0.26625518822359995,-0.05900002364235046,-0.07289999946874492
0.26158255827596943,-0.007370025395639579,-0.12199999944443263
0.30465324779324554,0.007153715111152592,-0.14899999943106346
0.34843491730255316,-0.004000025510080496,-0.13699999943700536
0.2519454583839791,-0.03380002449811037,-0.06419999947305277
0.2155191287922349,-0.025000024796947184,-0.1619999994246264
0.23047214862464593,-0.019300024990511977,-0.16399999942363597
0.27923251807815386,-0.005930025444540132,-0.08139999946453613
0.3469074973196722,-0.003290025534191221,-0.12299999944393758
0.33353808746951263,0.008075444179851843,-0.1359999994375004
0.2317029786108511,-0.032200024552444306,-0.0818999994642885
0.19347461903930352,-0.07370002314315705,-0.09999999945532612
0.27571077811762446,-0.01090002527576528,-0.1499999994305683
0.29814320786620807,0.015004910844535924,-0.08709999946171365
0.2029261289333737,-0.021900024902219206,-0.07329999946854693
0.2623721882671195,-0.05220002387326972,-0.14099999943502473
0.3432412773607618,-0.03110002458979899,-0.1259999994424521
0.31914710763080256,0.05089139462587655,-0.1499999994305683
0.2682305582014606,-0.004150025504986665,-0.09449999945804954
0.36641661710101947,-0.024500024813926546,-0.1259999994424521
0.30841687775106386,-0.056100023740830784,-0.12799999944146168
0.2164985287812582,0.050945119624052126,-0.08059999946493224
0.30095383783470764,0.01522042683721736,-0.1379999994365102
0.24723145843681227,-0.052900023849498656,-0.07499999946770508
0.34158441737933165,-0.019100024997303677,-0.0671999994715673
0.25263098837629583,-0.02620002475619665,-0.17799999941670386
0.22624969867196998,0.031301856291112484,-0.20899999940135394
0.3355116774473932,-0.04750002403287579,-0.08929999946062439
0.2864457779973095,-0.024700024807134846,-0.036599999486719215
0.048761319661208335,0.0031227383480394444,-0.11299999944888917
0.228780268643608,-0.050300023937791316,-0.1569999994271022
0.4392706662844923,-0.0450000241177726,-0.2899999993612461
0.04759350167429688,-0.12500002140107425,-0.2939999993592656
0.2870045179910474,-0.022600024878448144,-0.08859999946097097
0.43302630635447725,0.009157360643111345,-0.15299999942908282
0.27012685818020743,0.03271107724325706,-0.10499999945285043
0.22003281874164693,-0.03440002447773516,-0.01289999949845444
0.23173550861048664,-0.040600024267191004,-0.08239999946404097
0.24739612843496683,-0.001760025586148073,-0.15899999942611187
0.08169880129205465,-0.17000001987293145,-0.29599999935827515
0.2672043982129615,0.022917684575828212,-0.16799999942165544
0.34144200738092767,0.040802629968478166,-0.10599999945235516
0.29723187787642225,-0.01830002502447059,-0.09999999945532612
0.27240045815472547,-0.05240002386647802,-0.04099999948454047
0.28103007805800706,-0.005880025446238113,-0.14499999943304398
0.32176046760151267,-0.0181000250312624,-0.1979999994068007
0.15374449948458735,0.046698164768273265,-0.08849999946102038
0.44735625619387154,-0.037500024372463026,-0.12099999944492779
0.23013530862842102,-0.08290002283073672,-0.1789999994162086
0.21594905878741644,0.04949373867333917,-0.14199999943452946
0.47741282585700606,-0.032400024545652606,-0.1259999994424521
0.1372935896689642,-0.07080002324163737,-0.12299999944393758
0.19220900905348803,0.06219092924215863,-0.2199999993959072
0.12435587981396634,-0.15500002038231242,-0.3939999993097497
0.23027540862685103,-0.02100002493278208,-0.08939999946057475
0.3299427975098077,0.017636950755155256,0.011913021489259212
0.30045724784027317,-0.004200025503288685,-0.08519999946265444
0.32600588755393134,0.008911426351463025,-0.12899999944096663
0.2740671481360457,-0.005490025459481962,-0.18999999941076195
0.19084787906874334,-0.04240002420606537,-0.0930999994587427
0.280492168064036,-0.005670025453369476,-0.11299999944888917
0.28379999802696276,-0.009750025314817834,-0.11799999944641326
0.27456024813051916,-0.01340002519086847,-0.09289999945884175
0.27602141811414294,-0.025600024776571972,-0.12299999944393758
0.27755834809691726,-0.028100024691675163,-0.11499999944789874
0.27763685809603733,-0.017300025058429425,-0.10899999945086969
0.2789727180810655,-0.014900025139930384,-0.10799999945136496
0.27825882808906655,-0.01320002519766017,-0.10399999945334548
0.27387250813822717,-0.011400025258785917,-0.09159999945948549
0.27695479810368173,-0.01560002511615921,-0.10099999945483107
0.27921332807836863,-0.020100024963344953,-0.12199999944443263
0.2774315480983385,-0.0048700254805363885,-0.11499999944789874
0.28852594797399567,0.004458074302693182,-0.12399999944344231
0.2889060179697358,-0.006410025428239985,-0.13399999943849072
0.27802904809164186,-0.01320002519766017,-0.11799999944641326
0.27980051807178774,-0.02870002467129984,-0.12099999944492779
0.27214587815757874,-0.030300024616965904,-0.09559999945750486
0.2497035984091054,0.009170502042665118,-0.0950999994577525
0.28840555797534506,0.0018782504903006592,-0.09189999945933691
0.27540007812110656,-0.01560002511615921,-0.0795999994654274
0.27021598817920833,-0.019300024990511977,-0.08459999946295149
0.27389124813801713,-0.02610002475959261,-0.09899999945582139
0.26312981825862836,-0.03100002459319484,-0.07509999946765555
0.26712572821384306,-0.038000024355483775,-0.08969999946042628
0.2764924681088634,-0.007670025385451917,-0.09589999945735628
0.26701878821504166,0.019145466703928027,-0.043899999483104524
0.27727570810008517,-0.016600025082200487,-0.09679999945691065
0.288724357971772,-0.04740002403627164,-0.1909999994102668
0.29803142786746095,-0.06300002350651546,-0.26699999937263486
0.2996506278493134,-0.004290025500232497,-0.18099999941521838
0.27613337811288785,0.036185978125253815,-0.018699999495582542
0.2721733481572708,-0.016200025095784,-0.07289999946874492
0.26566627823020017,-0.020100024963344953,-0.1719999994196748
0.2506461283985415,0.009441726533454653,-0.12199999944443263
0.26528812823443837,-0.00766002538579158,-0.10799999945136496
0.2846750580171553,-0.01860002501428304,-0.11299999944888917
0.27988595807083017,-0.014700025146722084,-0.11499999944789874
0.26977610818413855,-0.014000025170493147,-0.11299999944888917
0.28421051802236175,-0.016200025095784,-0.11399999944839401
0.2852114380111437,-0.01580002510936751,-0.10999999945037453
0.28297689803618775,-0.01630002509238815,-0.10899999945086969
0.27979436807185665,-0.017300025058429425,-0.11199999944938421
0.2797390080724771,-0.017400025055033574,-0.11199999944938421
0.2804059480650023,-0.016800025075408676,-0.10799999945136496
0.2704033681771083,-0.0164000250889923,-0.10499999945285043
0.27562610811857335,-0.016800025075408676,-0.10899999945086969
0.2789459980813649,-0.016700025078804637,-0.11099999944987948
0.33247630748141255,-0.09770002232814756,-0.1909999994102668
0.25365419836482794,0.010949144982264625,-0.10099999945483107
0.2762411781116798,-0.012200025231618894,-0.09369999945844565
0.2748643181271113,-0.016200025095784,-0.10499999945285043
0.2816580880509687,-0.019800024973532615,-0.11999999944542306
0.28135026805441865,-0.019900024970136765,-0.11499999944789874
0.2775801780966727,-0.01570002511276336,-0.10399999945334548
0.24149117850114776,-0.01100002527236943,-0.02789999949102706
0.23640025855820546,-0.015100025133138573,-0.015199999497315542
0.29820707786549217,-0.032200024552444306,-0.12799999944146168
0.3136092976928688,-0.029600024640737077,-0.17099999942016997
0.2747624081282536,-0.0051200254720467075,-0.11999999944542306
0.26464810824161145,-0.0032300255362287533,-0.10299999945384064
0.2750209381253559,-0.017200025061825275,-0.10499999945285043
0.28658222799578037,-0.02370002484109346,-0.11299999944888917
0.2721569981574543,-0.012400025224827194,-0.10499999945285043
0.2686579081966709,-0.012000025238410705,-0.0973999994566136
0.27686977810463453,-0.015100025133138573,-0.10999999945037453
0.2864773779969556,-0.02090002493617793,-0.12699999944195683
0.2846867480170243,-0.021600024912406868,-0.11799999944641326
0.2911844379441999,-0.00673002541737322,-0.1599999994256167
0.21685535877725903,-0.0018500255830917745,-0.1359999994375004
0.27730171809979365,-0.019500024983720166,-0.11299999944888917
0.14963576953063673,-0.027900024698466863,-0.11599999944740369
0.14625723956850223,-0.029800024633945266,-0.11499999944789874
0.27518563812351005,-0.020500024949761442,-0.10299999945384064
0.3221045275976566,-0.014800025143326234,-0.10399999945334548
0.279379368076508,-0.017800025041450063,-0.10599999945235516
0.27527033812256074,-0.01800002503465825,-0.10699999945186012
0.3277008575349347,-0.013000025204451982,-0.10299999945384064
0.266063158225752,-0.01830002502447059,-0.10899999945086969
0.2117094988349324,-0.024700024807134846,-0.11199999944938421
0.2784068580874075,-0.01800002503465825,-0.10699999945186012
0.27390282813788747,-0.016200025095784,-0.11099999944987948
0.31699589765491276,-0.011200025265577618,-0.11099999944987948
0.3558761072191545,-0.007010025407864662,-0.10499999945285043
0.29584989789191085,-0.013800025177284958,-0.10699999945186012
0.21208251883075158,-0.025800024769780272,-0.11099999944987948
0.2587029283082436,-0.020000024966740915,-0.10999999945037453
0.27579603811666886,-0.015400025122950911,-0.10999999945037453
0.2633849382557689,-0.019500024983720166,-0.10799999945136496
0.27043977817670006,-0.01800002503465825,-0.10899999945086969
0.2628816782614092,-0.01820002502786655,-0.10799999945136496
0.2823017380437547,-0.01560002511615921,-0.10999999945037453
0.20271386893575283,-0.040400024273982704,-0.10899999945086969
0.26151816827669094,-0.016200025095784,-0.11099999944987948
0.24053568851185658,-0.01820002502786655,-0.11099999944987948
0.26585755822805646,-0.01880002500749134,-0.10599999945235516
0.27381759813884265,-0.017200025061825275,-0.10899999945086969
0.25856102830983385,-0.017300025058429425,-0.11399999944839401
0.3000589278447374,-0.015400025122950911,-0.10699999945186012
0.27954196807468534,-0.016800025075408676,-0.10799999945136496
0.26931501818930625,-0.017100025065221236,-0.10899999945086969
0.3181125476423976,-0.01350002518747262,-0.10599999945235516
0.5168399454151182,0.003407889938356057,-0.11299999944888917
0.5282803952868973,0.013857443883502518,-0.1309999994399763
0.23265681860016052,-0.00673002541737322,-0.12899999944096663
0.199591078970752,-0.020400024953157292,-0.11299999944888917
0.17738195921966526,-0.019700024976928465,-0.11499999944789874
0.1358733696848815,-0.02070002494296974,-0.11699999944690853
0.2174243787708814,-0.022700024875052294,-0.10599999945235516
0.2746449281295702,-0.019700024976928465,-0.10499999945285043
0.27785117809363524,-0.0164000250889923,-0.11299999944888917
0.3085904577491183,-0.0038100255165326447,-0.16899999942116029
0.26854936819788744,-0.04390002415512717,-0.1719999994196748
0.25393035836173317,0.005999038550363989,-0.14499999943304398
0.2918134079371508,-0.008460025358624557,-0.10999999945037453
0.1950045290221567,-0.05390002381553993,-0.12799999944146168
0.280024988069272,-0.006990025408543876,-0.17299999941917954
0.3201694176193448,0.0311638652957984,-0.14199999943452946
0.29595850789069367,-0.014700025146722084,-0.11299999944888917
0.20770911887976728,-0.06840002332313833,-0.07549999946745756
0.2738468581385145,-0.03150002457621548,-0.062399999473944034
0.3573836572022584,0.022127637602657235,-0.11099999944987948
0.328104647530409,-0.014400025156909746,-0.12399999944344231
0.20065947895877767,-0.08670002270169364,-0.16999999942066502
0.1906576390708754,-0.06590002340803525,-0.26499999937362506
0.2752159581231701,-0.012000025238410705,-0.17799999941670386
0.33200460748669935,-0.0010400256105983496,-0.06859999947087414
0.18690031911298632,-0.04350002416871068,-0.040099999484986104
0.2976361278718913,-0.032700024535464944,-0.11899999944591821
0.23433184858138745,0.02359757955273989,-0.12099999944492779
0.29724095787632043,-0.024800024803738885,-0.12099999944492779
0.29289870792498696,-0.03610002442000526,-0.13499999943799568
0.3153397176734747,-0.01830002502447059,-0.10999999945037453
0.27370752814007626,-0.001090025608900369,-0.047799999481173416
0.21013738885255195,-0.03120002458640314,-0.05879999947572667
0.3354414574481801,0.008372248869772836,-0.1379999994365102
0.16067755940688344,-0.0742000231261778,-0.2269999993924412
0.3262229975514981,-0.030300024616965904,-0.19199999940977164
0.30999791773334406,0.0419044319310623,-0.10599999945235516
0.42836764640669034,-0.0037600255182306253,-7.189950480634977e-05
0.29422778791009097,-0.04330002417550238,-0.07559999946740803
0.05085259863776992,6.815028176943017e-05,-0.15099999943007314
0.028501903888270008,-0.012100025235014744,-0.09699999945681159
0.4188676365131636,-1.1425645528251316e-05,-0.10399999945334548
0.6175969642858625,-0.00810002537084975,-0.06579999947226056
0.2503632184017126,-0.025700024773176122,-0.20899999940135394
-0.16099998698784757,-0.028200024688279313,-0.20999999940085878
0.11418006992801388,-0.04220002421285707,-0.11799999944641326
0.16123973940058267,-0.176000019669179,-0.2729999993696639
0.19410573903223005,-0.03620002441660941,-0.23299999938947025
0.26876562819546357,0.038086888060701374,-0.15599999942759735
0.25035183840184017,0.021460756625303667,-0.09759999945651454
0.2808433280601004,-0.05470002378837291,-0.0555999994773112
0.231488138613259,-0.06630002339445162,-0.1599999994256167
0.287773027982434,-0.009780025313799068,-0.1909999994102668
0.027627568898069277,-0.07430002312278183,-0.4029999993052933
0.09874939510095637,-0.02590002476638431,-0.16999999942066502
0.27263922815204955,-0.024100024827510058,-0.13899999943601493
0.330086307508199,0.02040622366111433,-0.12099999944492779
0.29852599786191814,-0.040600024267191004,-0.04939999948038121
0.2758169681164344,-0.02590002476638431,-0.06729999947151788
0.30132387783056,0.017549368758129402,-0.1839999994137329
0.4334335963499125,-0.02080002493957378,-0.2299999993909556
0.33407424746350345,-0.014000025170493147,-0.07509999946765555
0.026059181915647267,0.005529243566317565,-0.026399999491769743
0.14993721952725814,-0.03910002431812909,-0.13899999943601493
0.4401543562745882,0.022606322586401717,-0.22299999939442172
-0.06099998810861862,-0.10800002197837266,-0.30999999935134304
0.27079606817270707,-0.07180002320767864,-0.14899999943106346
0.2647595182403628,0.07372854285035602,-0.15599999942759735
0.32620676755167977,0.02200671960676348,-0.08579999946235739
0.28365669802856885,-0.050900023917416104,-0.08529999946260503
0.24672607844247652,-0.042800024192481745,-0.22399999939392656
0.24534993845789987,-0.025600024776571972,-0.23399999938897498
0.31939599762801296,-0.009460025324665833,-0.13499999943799568
0.28037836806531136,-0.009430025325684599,-0.07859999946592244
0.2771860381010902,-0.02110002492938623,-0.08799999946126802
0.28547299800821224,-0.024400024817322397,-0.08679999946186223
0.2864820079969035,-0.004200025503288685,-0.11599999944740369
0.2807888980607103,-0.01100002527236943,-0.11599999944740369
0.2819042880482092,-0.014100025167097296,-0.10799999945136496
0.27642564810961234,-0.017500025051637724,-0.11199999944938421
0.2756494681183115,-0.019200024993907827,-0.11199999944938421
0.27745004809813123,-0.01830002502447059,-0.10999999945037453
0.27783733809379063,-0.015500025119555061,-0.10899999945086969
0.28229380804384374,-0.012200025231618894,-0.09959999945552422
0.28081299806044013,-0.01570002511276336,-0.10499999945285043
0.27409226813576426,-0.020000024966740915,-0.10799999945136496
0.27634338811053416,-0.018500025017679,-0.10699999945186012
0.27769703809536295,-0.01880002500749134,-0.11599999944740369
0.2746581181294223,-0.017800025041450063,-0.11099999944987948
0.2786716880844393,-0.01590002510597166,-0.10499999945285043
0.278921998081634,-0.017400025055033574,-0.10599999945235516
0.276377848110148,-0.01630002509238815,-0.10999999945037453
0.2768777281045456,-0.015300025126346872,-0.10699999945186012
0.2776241780961797,-0.020300024956553253,-0.10199999945433591
0.2742602481338816,0.007501444499344201,-0.16299999942413124
0.2753417581217603,-0.01610002509917985,-0.10599999945235516
0.2663272182227925,-0.025000024796947184,-0.12699999944195683
0.24198018849566716,-0.037400024375858876,-0.1549999994280925
0.27027422817855573,-0.020300024956553253,-0.11999999944542306
0.28084886806003806,-0.017800025041450063,-0.09449999945804954
0.27029043817837417,-0.029900024630549416,-0.09369999945844565
0.2931090979226292,-0.00967002531753458,-0.09119999945968349
0.2946778079050474,-0.000409025632026383,-0.10899999945086969
0.278302698088575,-0.01320002519766017,-0.10899999945086969
0.27636116811033506,-0.01830002502447059,-0.10699999945186012
0.2785259580860726,-0.016200025095784,-0.11299999944888917
0.2685761081975877,-0.02060002494636559,-0.11899999944591821
0.27592890811517967,-0.01840002502107485,-0.11399999944839401
0.2832483880331451,-0.014000025170493147,-0.10399999945334548
0.2781131380906996,-0.015000025136534423,-0.10499999945285043
0.2723903681548385,-0.019300024990511977,-0.11599999944740369
0.27227512815613,-0.019200024993907827,-0.11299999944888917
0.27611701811307143,-0.017100025065221236,-0.10699999945186012
0.2799074980705887,-0.017000025068616975,-0.10999999945037453
0.28298327803611634,-0.013900025173889108,-0.10299999945384064
0.2789808980809738,-0.01350002518747262,-0.10799999945136496
0.24694235844005252,0.00286951575663863,-0.13699999943700536
0.2755205781197563,-0.006320025431296172,-0.10399999945334548
0.2843754880205127,-0.01070002528255698,-0.10599999945235516
0.27425948813389,-0.015200025129742722,-0.11199999944938421
0.28171654805031343,-0.014500025153513896,-0.10299999945384064
0.28166328805091045,-0.01580002510936751,-0.10099999945483107
0.27457588813034395,-0.016900025072012825,-0.10899999945086969
0.27533356812185206,-0.016200025095784,-0.10999999945037453
0.2800136780693987,-0.015500025119555061,-0.10599999945235516
0.2793911180763762,-0.01580002510936751,-0.10599999945235516
0.2792435580780299,-0.012700025214639532,-0.0996999994554747
0.2809092580593615,-0.012100025235014744,-0.10199999945433591
0.2771928681010136,-0.014500025153513896,-0.11599999944740369
0.2759131881153556,-0.014800025143326234,-0.11399999944839401
0.2801728880676144,-0.017300025058429425,-0.09789999945636596
0.2824066280425792,-0.020200024959949103,-0.09809999945626702
0.27799745809199594,-0.016700025078804637,-0.11099999944987948
0.27647214810909126,-0.014800025143326234,-0.10799999945136496
0.2808151580604159,-0.016200025095784,-0.09699999945681159
0.27811857809063856,-0.01570002511276336,-0.10599999945235516
0.2754875781201258,-0.014100025167097296,-0.11599999944740369
0.2779608880924058,-0.015200025129742722,-0.10799999945136496
0.2796492980734826,-0.0181000250312624,-0.10499999945285043
0.2918952679362332,0.0013809352071889602,-0.13199999943948115
0.2803921480651568,0.00627686504092928,-0.16799999942165544
0.2815872780517621,-0.014300025160305596,-0.10199999945433591
0.2775001080975701,-0.01090002527576528,-0.09759999945651454
0.2770944481021167,-0.01570002511276336,-0.09999999945532612
0.2768073281053345,-0.009280025330778319,-0.10999999945037453
0.27630312811098556,-0.014200025163701446,-0.1309999994399763
0.2764082381098074,-0.01820002502786655,-0.12499999944294726
0.27947615807542303,-0.014600025150118046,-0.10099999945483107
0.27736149809912347,-0.014900025139930384,-0.09799999945631654
0.2759880981145162,-0.010600025285952941,-0.10799999945136496
0.2777333780949556,-0.013000025204451982,-0.12099999944492779
0.27898386808094044,-0.0181000250312624,-0.11399999944839401
0.2751161981242882,-0.01840002502107485,-0.10799999945136496
0.27577572811689643,-0.017000025068616975,-0.10599999945235516
0.2793037280773554,-0.015100025133138573,-0.11399999944839401
0.2789641380811616,-0.012700025214639532,-0.10999999945037453
0.2781555980902235,-0.0164000250889923,-0.11099999944987948
0.2768221881051678,-0.017400025055033574,-0.11099999944987948
0.2751624481237698,-0.012100025235014744,-0.10499999945285043
0.2764854981089415,-0.017000025068616975,-0.10699999945186012
0.2794396480758323,-0.019300024990511977,-0.11199999944938421
0.27777960809443747,-0.014800025143326234,-0.10899999945086969
0.27745207809810823,-0.014900025139930384,-0.10299999945384064
0.07099959441196824,-0.04210002421625292,0.08233375045438973
0.2623352482675334,-0.016600025082200487,-0.12899999944096663
0.23705749855083935,-0.024400024817322397,-0.08209999946418955
0.26346261825489825,-0.020100024963344953,-0.09919999945572233
0.26899571819288504,-0.01870002501088719,-0.10499999945285043
0.27254363815312077,-0.017700025044845913,-0.10599999945235516
0.28726469798813126,-0.01570002511276336,-0.11299999944888917
0.271120938169066,-0.019700024976928465,-0.10299999945384064
0.2783754180877598,-0.0179000250380541,-0.10599999945235516
0.28107137805754445,-0.016600025082200487,-0.10999999945037453
0.24593303845136472,-0.021900024902219206,-0.09449999945804954
0.2901426279558763,-0.014800025143326234,-0.11599999944740369
0.2762607681114604,-0.01890002500409549,-0.10199999945433591
0.2715044181647679,-0.01890002500409549,-0.10399999945334548
0.3049154777903065,-0.011700025248598367,-0.12399999944344231
0.2562987683351887,-0.02080002493957378,-0.0988999994558708
0.273649818140723,-0.018500025017679,-0.10499999945285043
0.27823600808932225,-0.01870002501088719,-0.10499999945285043
0.26964699818558535,-0.017700025044845913,-0.10599999945235516
0.022459047955996625,-0.05670002372045546,0.053845228468496154
0.3321790074847448,-0.028000024695070902,-0.12999999944047136
0.24863349842109872,-0.010600025285952941,-0.10499999945285043
0.25932632830125657,-0.024600024810530696,-0.10099999945483107
0.26297221826039463,-0.017200025061825275,-0.10499999945285043
0.2804643980643471,-0.01570002511276336,-0.10799999945136496
0.2791573280789963,-0.017500025051637724,-0.10699999945186012
0.2717968781614901,-0.017200025061825275,-0.10699999945186012
0.27293446814874045,-0.016900025072012825,-0.10799999945136496
0.28926434796572,-0.01800002503465825,-0.11199999944938421
0.2781111780907213,-0.01870002501088719,-0.10499999945285043
0.27585216811603974,-0.01610002509917985,-0.10699999945186012
0.2899013579585803,-0.014700025146722084,-0.11499999944789874
0.2724933681536843,-0.017400025055033574,-0.10699999945186012
0.2500410284053234,-0.020000024966740915,-0.09959999945552422
0.2888338779705444,-0.016800025075408676,-0.11099999944987948
0.2898003879597122,-0.015500025119555061,-0.11099999944987948
0.27230982815574123,-0.016800025075408676,-0.10699999945186012
0.2726504981519231,-0.018500025017679,-0.10699999945186012
0.25522157834726156,-0.019000025000699527,-0.10199999945433591
0.2966859578825407,-0.014400025156909746,-0.11499999944789874
0.2836832480282714,-0.017100025065221236,-0.10999999945037453
0.27183402816107405,-0.01840002502107485,-0.10599999945235516
0.2777588680946699,-0.016800025075408676,-0.10899999945086969
0.2769715981034935,-0.017200025061825275,-0.10899999945086969
0.2970168178788324,-0.08690002269490182,-0.08399999946324865
0.27822205808947853,-0.03630002441321345,-0.09999999945532612
0.23244693860251298,0.028060170401195905,-0.09719999945671265
0.3674799970891014,0.006833273522034444,-0.12099999944492779
0.27130194816703734,-0.022600024878448144,-0.09379999945839612
0.26335582825609505,-0.042700024195877706,-0.08959999946047581
0.2693441781889794,-0.032200024552444306,-0.11999999944542306
0.29519760789922156,0.013125628908354003,-0.10799999945136496
0.29437368790845597,-0.02370002484109346,-0.12099999944492779
0.2106886188463739,-0.042500024202669406,-0.09769999945646501
0.2835162580301429,-0.027500024712050375,-0.09959999945552422
0.26618739822435966,0.0003235685830957902,-0.11699999944690853
0.298077207866948,0.022145318602056818,-0.09199999945928738
0.34342125735874496,-0.017500025051637724,-0.10799999945136496
0.18380282914770207,-0.04580002409060557,-0.0733999994684974
0.30026293784245084,-0.037400024375858876,-0.08879999946087191
0.2828122280380334,-0.037500024372463026,-0.14499999943304398
0.30770030775909496,0.001190626113651616,-0.12099999944492779
0.2994265278518251,-0.011400025258785917,-0.10099999945483107
0.22834396864849782,-0.012900025207847832,-0.06459999947285477
0.2821020680459927,-0.032200024552444306,-0.0992999994556728
0.28368382802826453,-0.022700024875052294,-0.10899999945086969
0.30421119779819983,0.013697542888932546,-0.12799999944146168
0.2562091083361935,-0.020400024953157292,-0.12199999944443263
0.24544629845681998,-0.05180002388685323,-0.08069999946488271
0.26234225826745483,-0.016200025095784,-0.11399999944839401
0.330909867498969,0.007045974614811268,-0.10699999945186012
0.4585996560678587,-0.06020002360159993,-0.050899999479638414
0.3775262069765064,-0.01860002501428304,-0.12899999944096663
0.23966121852165756,0.025556599486214027,-0.12199999944443263
0.1796512691942318,0.06437690116792594,-0.06889999947072556
0.20198951894387096,-0.0045500254914032645,-0.06859999947087414
0.3259658475543801,-0.09480002242662788,-0.12199999944443263
0.43451878633775,-0.07920002295638406,-0.13699999943700536
0.44307648624183793,-0.0043000254998928344,-0.008039999500860873
0.23892357852992463,0.017705783752817728,-0.14099999943502473
0.22950779863545412,-0.0022400255698478144,-0.11099999944987948
0.22571228867799298,-0.01570002511276336,-0.10599999945235516
0.4090015766237396,-0.010300025296140491,-0.11099999944987948
0.41667577653772936,-0.05960002362197514,-0.15899999942611187
0.18402989914515722,-0.04420002414493962,-0.08819999946116897
0.15947631942034657,-0.01340002519086847,-0.06119999947453825
0.14842824954417022,-0.09540002240625267,-0.1599999994256167
0.3340737674635088,-0.01860002501428304,-0.14599999943254882
0.3142657776855111,-0.05480002378497706,-0.1429999994340343
0.3377669174221172,-0.030400024613570054,-0.13699999943700536
0.27782292809395215,-0.0007440256206501239,-0.13299999943898588
0.2348580585754898,-0.00874002534911611,-0.10299999945384064
0.29095023794682495,-0.006510025424844135,-0.10599999945235516
0.31772201764677455,-0.005430025461519605,-0.10199999945433591
0.27550024811998397,-0.017300025058429425,-0.08699999946176318
0.14103679962701143,-0.032100024555840156,-0.21199999939986847
0.18570989912632818,-0.022500024881843994,-0.12799999944146168
0.23761671854457167,-0.0007820256193596942,-0.11399999944839401
0.36710552709329836,-0.004930025478498856,-0.10399999945334548
0.31598215766627424,0.004243643809974995,-0.10799999945136496
0.29193822793575186,-0.008620025353191174,-0.11299999944888917
0.38163421693046495,-0.03320002451848558,-0.16399999942363597
0.2812766280552439,-0.026700024739217287,-0.1599999994256167
0.5974470445116973,-0.007210025401072961,-0.06039999947493446
0.27434218813296307,-0.009070025337909682,-0.11799999944641326
0.1686258993178007,-0.011400025258785917,-0.11599999944740369
0.25796959831646227,-0.017500025051637724,-0.07109999946963619
0.3445631973459464,-0.004790025483253135,-0.09219999945918844
0.2248171786880251,0.005502566267223563,-0.1259999994424521
0.21616981878494235,-0.008340025362699621,-0.13899999943601493
0.40343669668610915,-0.04370002416191898,-0.09989999945537575
0.10533849002710782,-0.03690002439283835,-0.1599999994256167
0.26141234827787696,-0.05470002378837291,-0.13399999943849072
0.3305716775027594,-0.032700024535464944,-0.11999999944542306
0.30102972783385695,-0.038000024355483775,-0.11899999944591821
0.22110331872964917,-0.06650002338765992,-0.14899999943106346
0.18224771916513127,-0.00364002552230569,-0.11799999944641326
0.2583345683123719,0.04101981896110274,-0.10299999945384064
0.3503821372807294,0.01687496978103109,-0.10799999945136496
0.11123126996106325,-0.11600002170670287,0.013915393488267647
0.23826529853730238,-0.050600023927603766,-0.21599999939788783
0.2987299278596325,0.0060582310483539015,-0.14099999943502473
0.29063140795039843,0.0010814518173589693,-0.12199999944443263
0.2822787180440127,-0.00991002530938434,-0.10699999945186012
0.2701171281803163,-0.022300024888635694,-0.09169999945943597
0.261132448281014,-0.022000024898823356,-0.14599999943254882
0.276408448109805,-0.014900025139930384,-0.11299999944888917
0.296077937889355,-0.00810002537084975,-0.07119999946958666
0.28058874806295364,-0.017300025058429425,-0.10699999945186012
0.26981070818375064,-0.020500024949761442,-0.1259999994424521
0.2822331480445235,-0.012000025238410705,-0.11099999944987948
0.27602136811414324,-0.016900025072012825,-0.11299999944888917
0.2753687081214582,-0.016500025085596337,-0.11899999944591821
0.2933225179202372,-0.008310025363718387,-0.08659999946196129
0.28672252799420783,-0.014000025170493147,-0.08779999946136707
0.26520945823532016,-0.022600024878448144,-0.13399999943849072
0.2685778081975685,-0.02110002492938623,-0.12499999944294726
0.2812519880555202,-0.014200025163701446,-0.09709999945676218
0.28311761803461066,-0.013800025177284958,-0.09599999945730686
0.2787902880831101,-0.01860002501428304,-0.10699999945186012
0.2742127481344139,-0.016200025095784,-0.11999999944542306
0.2714169381657485,-0.016800025075408676,-0.12399999944344231
0.3941601267900783,0.055307531475910165,-0.04089999948459
0.29826150786488226,-0.02070002494296974,-0.04499999948255984
0.2949538579019535,-0.007920025376962347,-0.08309999946369429
0.2600666782929588,-0.019200024993907827,-0.14899999943106346
0.2534734083668544,-0.030300024616965904,-0.14799999943155862
0.29142629794148944,-0.011600025251994217,-0.08899999946077297
0.2968242478809908,-0.0036700255212869237,-0.07889999946577397
0.2610495382819433,-0.029300024650924628,-0.12899999944096663
0.27026222817869017,-0.022300024888635694,-0.12199999944443263
0.28760577798430864,-0.004450025494799004,-0.10299999945384064
0.2772783481000556,-0.015200025129742722,-0.11799999944641326
0.2754741281202766,-0.01890002500409549,-0.10899999945086969
0.28923586796603895,-0.0071400254034501565,-0.09129999945963407
0.28850798797419697,-0.009200025333495176,-0.10299999945384064
0.26706352821454016,-0.024200024824114208,-0.12399999944344231
0.26597905822669476,-0.02350002484788527,-0.11899999944591821
0.2725204681533804,-0.019300024990511977,-0.11299999944888917
0.27160905816359526,-0.019700024976928465,-0.11899999944591821
0.2720753481583691,-0.020400024953157292,-0.12299999944393758
0.2791267980793386,-0.014900025139930384,-0.10599999945235516
0.28276638803854715,-0.012500025221431232,-0.09919999945572233
0.2293362586373766,-0.022800024871656444,-0.17599999941769406
0.3040414078001028,-0.030400024613570054,-0.14399999943353925
0.27611576811308525,-0.01090002527576528,-0.10299999945384064
0.2776836980955124,-0.014100025167097296,-0.11899999944591821
0.28624386799957247,-0.017300025058429425,-0.12299999944393758
0.27496100812602764,-0.015000025136534423,-0.11199999944938421
0.27346438814280116,-0.015200025129742722,-0.10699999945186012
0.2793801080764997,-0.017400025055033574,-0.11299999944888917
0.2797481180723749,-0.016900025072012825,-0.11499999944789874
0.2801495680678756,-0.017400025055033574,-0.11099999944987948
0.2758411181161635,-0.01610002509917985,-0.10199999945433591
0.2765117681086471,-0.016500025085596337,-0.10899999945086969
0.2751375181240494,-0.016900025072012825,-0.10899999945086969
0.27046165817645496,-0.013600025184076658,-0.09809999945626702
0.27050008817602444,-0.012700025214639532,-0.10299999945384064
0.27599145811447867,-0.014400025156909746,-0.10899999945086969
0.27525023812278593,-0.01630002509238815,-0.10099999945483107
0.27438717813245894,-0.017700025044845913,-0.10499999945285043
0.2807457680611938,-0.035200024450568246,-0.3579999993275753
0.2966826578825774,0.008088674979402577,-0.05309999947854904
0.2803850380652366,-0.01070002528255698,-0.08259999946394192
0.27732972809947976,-0.010100025302932303,-0.11699999944690853
0.27659200810774776,-0.011600025251994217,-0.09999999945532612
0.2753084081221342,-0.01830002502447059,-0.10799999945136496
0.28093314805909353,-0.010100025302932303,-0.10199999945433591
0.28340203803142305,-0.012400025224827194,-0.08309999946369429
0.2789871580809038,-0.01870002501088719,-0.08859999946097097
0.2754119081209738,-0.004320025499213731,-0.12899999944096663
0.2771938581010025,-0.012400025224827194,-0.13199999943948115
0.27945901807561513,-0.024500024813926546,-0.09359999945849518
0.2759136281153509,-0.01330002519426432,-0.10799999945136496
0.2765788381078955,-0.01090002527576528,-0.11599999944740369
0.2768367681050048,-0.016600025082200487,-0.09869999945596997
0.2770742581023431,-0.02390002483430176,-0.09399999945829707
0.27972586807262445,-0.02350002484788527,-0.10299999945384064
0.28078323806077377,-0.01090002527576528,-0.10999999945037453
0.27508992812458266,-0.00516002547068839,-0.11599999944740369
0.2771103381019384,-0.010000025306328153,-0.09999999945532612
0.4675000559681055,-0.010200025299536453,-0.1309999994399763
0.3381341474180015,-0.028100024691675163,-0.1259999994424521
0.20916383886346313,-0.02100002493278208,-0.07779999946631866
0.3031159678104751,-0.0075100253908853,-0.12299999944393758
0.28339479803150414,-0.0181000250312624,-0.10899999945086969
0.2392505685262598,-0.024300024820718358,-0.09589999945735628
0.27304996814744587,-0.01800002503465825,-0.10799999945136496
0.30732703776327863,-0.012300025228223044,-0.11899999944591821
0.29670744788229975,-0.01560002511615921,-0.11199999944938421
0.26228477826809904,-0.019500024983720166,-0.09999999945532612
0.2542688183579396,-0.020300024956553253,-0.09879999945592033
0.2671191182139172,-0.01890002500409549,-0.10199999945433591
0.28208207804621677,-0.015300025126346872,-0.10999999945037453
0.29768184787137897,-0.014600025150118046,-0.11799999944641326
0.29470591790473244,-0.016500025085596337,-0.11499999944789874
0.2601856482916254,-0.020000024966740915,-0.10099999945483107
0.2861383480007553,-0.015200025129742722,-0.11199999944938421
0.25897846830515525,-0.020000024966740915,-0.10299999945384064
0.2637230682519791,-0.01870002501088719,-0.10499999945285043
0.3026102578161427,-0.014400025156909746,-0.11799999944641326
0.2692351181902015,-0.019900024970136765,-0.10199999945433591
0.28261175804028027,-0.01600002510257581,-0.10799999945136496
0.29038409795317,-0.01560002511615921,-0.11499999944789874
0.254602758354197,0.0001681522083734066,-0.1259999994424521
0.17029750929906573,-0.05250002386308217,-0.013199999498305859
0.24969102840924617,-0.009550025321609534,-0.10699999945186012
0.2467922284417352,-0.015300025126346872,-0.10799999945136496
0.29907997785570895,-0.01610002509917985,-0.11499999944789874
0.24732403843577466,-0.020300024956553253,-0.09769999945646501
0.26202399827102174,-0.01870002501088719,-0.09999999945532612
0.32308388758668016,-0.013700025180680808,-0.12399999944344231
0.2649466082382661,-0.01880002500749134,-0.10799999945136496
0.2510177083943772,-0.019900024970136765,-0.09809999945626702
0.32634097755017577,-0.012400025224827194,-0.12199999944443263
0.2500058184057181,-0.019100024997303677,-0.09999999945532612
0.26761329820837854,-0.0179000250380541,-0.10199999945433591
0.2841262780233058,-0.016900025072012825,-0.10999999945037453
0.2683208082004491,-0.0179000250380541,-0.10699999945186012
0.2914782079409075,-0.015400025122950911,-0.11299999944888917
0.2598511182953749,-0.020300024956553253,-0.10199999945433591
0.27168265816277026,-0.0179000250380541,-0.10599999945235516
0.28479443801581716,-0.015100025133138573,-0.11299999944888917
0.2925141779292968,-0.015400025122950911,-0.11299999944888917
0.24414894847136015,-0.021600024912406868,-0.09599999945730686
0.2879346679806227,-0.017700025044845913,-0.11099999944987948
0.3008177978362321,-0.014500025153513896,-0.11499999944789874
0.24921905841453595,-0.002040025576639626,-0.0868999994618127
0.264092188247842,-0.02350002484788527,-0.10799999945136496
0.3366482074346553,0.02529927749495242,-0.08419999946314971
0.27447484813147627,-0.02330002485467697,-0.09749999945656407
0.2431914084820921,-0.03920002431473324,-0.09999999945532612
0.31956618762610556,-0.01350002518747262,-0.12099999944492779
0.30383351780243295,-0.0009260256144696388,-0.10399999945334548
0.2620941482702357,-0.027900024698466863,-0.0868999994618127
0.27535887812156834,-0.03440002447773516,-0.10899999945086969
0.3055550277831387,-0.008560025355228706,-0.14199999943452946
0.2852525780106825,-0.0028400255494726023,-0.10699999945186012
0.24243933849052102,-0.024600024810530696,-0.07779999946631866
0.433255836351905,-0.012100025235014744,-0.10299999945384064
0.29083091794816207,-0.027200024722238036,-0.0930999994587427
0.16257425938562564,-0.03690002439283835,-0.0930999994587427
0.2604649082884958,-0.017400025055033574,-0.12199999944443263
0.2846716880171929,-0.004880025480196837,-0.13699999943700536
0.27178238816165257,-0.013600025184076658,-0.09489999945785144
0.24912313841561096,-0.021800024905615167,-0.07179999946928961
0.28088504805963277,-0.011100025268973468,-0.10799999945136496
0.3107716977246715,-0.0032800255345307727,-0.12299999944393758
0.27435928813277144,-0.01840002502107485,-0.0950999994577525
0.2649606682381085,-0.0347000244675475,-0.0880999994612186
0.2601552382919665,-0.040400024273982704,-0.1499999994305683
0.27410011813567636,0.0004077027302386016,-0.11799999944641326
0.5163822254202484,-0.005210025468990409,0.013008071488717077
0.3798000469510219,-0.017300025058429425,-0.11499999944789874
0.18254241916182834,0.00193116308850394,-0.10999999945037453
0.2629554082605827,0.010116599010536853,-0.03159999948919501
0.24443861846811377,0.007897605785891049,-0.08449999946300113
0.2049506489106836,-0.04330002417550238,-0.14599999943254882
0.20290261893363715,-0.04200002421964877,-0.11099999944987948
0.3994201567311255,-0.043000024185690044,-0.12999999944047136
0.3894154268432555,0.017367920764291167,0.037020393476827174
0.2717918981615459,-0.011200025265577618,-0.0899999994602777
0.4113507465974109,-0.04340002417210653,-0.17699999941719902
0.1973815089955162,0.041624224940577825,-0.08989999946032723
0.22237184871543159,-0.035200024450568246,-0.16499999942314092
0.33773538742247045,-0.06760002335030535,-0.12199999944443263
0.22760263865680663,-0.004190025503628347,-0.07889999946577397
0.1832924091534227,-0.08030002291902949,-0.2079999994018491
0.058595070550994444,-0.050100023944583016,-0.1669999994221506
0.1499673295269206,-0.04700002404985515,-0.05469999947775683
0.3354559874480174,-0.07790002300053034,-0.0760999994671605
0.33750823742501646,-0.037500024372463026,-0.1379999994365102
0.19915970897558655,0.007931810884729495,-0.11899999944591821
0.3000115878452678,0.018220214735348406,-0.10399999945334548
0.42111949648792546,0.004311575707668047,-0.15199999942957787
0.2120041588316297,-0.08190002286469544,-0.1789999994162086
0.15912994942422864,-0.03150002457621548,-0.16099999942512155
0.27048479817619575,0.03790604606684256,-0.10299999945384064
0.4208758064906566,-0.024200024824114208,-0.1359999994375004
0.24092798850745978,-0.022400024885239844,-0.09149999945953491
0.21561636879114499,0.017005412776601503,-0.046499999481817045
0.3239842775765891,-0.04780002402268824,-0.11099999944987948
0.41390985656872914,-0.0009750256128056023,-0.051299999479440306
0.41945572650657237,0.03735213908565249,-0.13199999943948115
0.11780708988736333,0.01312256490845809,-0.11399999944839401
0.3425593873684043,-0.09010002258623384,-0.11999999944542306
0.4720970559165838,-0.07070002324503322,-0.11199999944938421
0.2608834182838051,-0.0448000241245643,-0.10599999945235516
0.07630425235251503,0.006224475542708441,-0.0741999994681013
0.16674291933890473,-0.04380002415852313,-0.11999999944542306
0.2913842479419606,-0.04640002407023036,-0.07549999946745756
0.25033774840199796,-0.007880025378320554,-0.1499999994305683
0.25771178831935204,-0.01820002502786655,-0.20499999940333458
0.2810827680574166,-0.029400024647528777,-0.16799999942165544
0.2387729185316132,0.004982244684893056,-0.048699999480727785
0.4058700566588367,-0.022000024898823356,-0.04719999948147047
0.2727288181510452,-0.032100024555840156,-0.08979999946037676
0.2837854780271254,-0.013800025177284958,-0.11799999944641326
0.2810433680578581,-0.026700024739217287,-0.1569999994271022
0.2776866180954798,-0.021600024912406868,-0.11999999944542306
0.27833860808817246,-0.0053300254649153445,-0.09189999945933691
0.27721428810077353,-0.006980025408883539,-0.09669999945696017
0.278902528081852,-0.01870002501088719,-0.10999999945037453
0.2785180980861608,-0.016900025072012825,-0.09979999945542517
0.27183751816103485,-0.0263000247528008,-0.10399999945334548
0.27544032812065544,-0.024500024813926546,-0.12099999944492779
0.28185143804880153,-0.011900025241806556,-0.11299999944888917
0.2785441180858692,-0.017500025051637724,-0.11099999944987948
0.277393758098762,-0.012900025207847832,-0.11099999944987948
0.2763626681103182,-0.020300024956553253,-0.11399999944839401
0.2747279581286397,-0.0286000246746958,-0.11599999944740369
0.28433787802093424,0.021955796608492784,-0.006929999501410489
0.2787509880835506,-0.026600024742613138,-0.13299999943898588
0.28030446806613973,-0.022800024871656444,-0.12899999944096663
0.27760421809640334,-0.013000025204451982,-0.10299999945384064
0.2748242681275601,-0.025600024776571972,-0.11799999944641326
0.271143868168809,-0.033000024525277394,-0.12199999944443263
0.2768150981052475,-0.01630002509238815,-0.10599999945235516
0.28191650804807256,-0.008580025354549492,-0.09799999945631654
0.281767988049737,-0.0034800255277390724,-0.08979999946037676
0.2775802780966714,-0.019200024993907827,-0.11299999944888917
0.27163020816335814,-0.03420002448452686,-0.12399999944344231
0.2758162881164419,-0.02340002485128112,-0.12399999944344231
0.28317656803394997,-0.012000025238410705,-0.11899999944591821
0.28536122800946484,-0.0008360256175259373,-0.09839999945611844
0.2794793680753871,-0.006160025436729666,-0.09999999945532612
0.2859348980030354,-0.04700002404985515,-0.13999999943551977
0.28912069796732975,-0.016600025082200487,-0.10499999945285043
0.2721999481569728,-0.014500025153513896,-0.10499999945285043
0.2557719483410932,-0.012200025231618894,-0.08859999946097097
0.27397902813703334,-0.015000025136534423,-0.10399999945334548
0.28244149804218854,-0.020200024959949103,-0.11599999944740369
0.2731377781464617,-0.017300025058429425,-0.10699999945186012
0.2674829382098396,-0.00997002530734692,-0.10899999945086969
0.28467409801716603,-0.016700025078804637,-0.11399999944839401
0.2968194378810445,-0.02400002483090591,-0.11599999944740369
0.2833421380320942,-0.01860002501428304,-0.11399999944839401
0.27843273808711744,-0.01610002509917985,-0.10799999945136496
0.28291109803692516,-0.01860002501428304,-0.10799999945136496
0.2792557680778933,-0.019100024997303677,-0.10699999945186012
0.2814329080534923,-0.01830002502447059,-0.11399999944839401
0.20065487895882916,0.03928093802015287,-0.07509999946765555
0.3135879876931076,-0.027400024715446225,-0.1359999994375004
0.2884387179749732,-0.025500024779967823,-0.12799999944146168
0.2843789580204741,-0.022000024898823356,-0.11699999944690853
0.2741718281348724,-0.017700025044845913,-0.09999999945532612
0.2721856581571329,-0.016600025082200487,-0.10099999945483107
0.2740293881364688,-0.01560002511615921,-0.10099999945483107
0.2874334679862398,-0.019800024973532615,-0.12099999944492779
0.27467637812921764,-0.01610002509917985,-0.10399999945334548
0.27202640815891765,-0.014200025163701446,-0.10099999945483107
0.29179533793735324,-0.0179000250380541,-0.1359999994375004
0.2712976681670851,-0.008440025359303771,-0.10399999945334548
0.26807737820317734,-0.013600025184076658,-0.09159999945948549
0.2788784080821225,-0.021900024902219206,-0.11099999944987948
0.27247211815392247,-0.01590002510597166,-0.10199999945433591
0.29394502791326005,-0.021800024905615167,-0.13299999943898588
0.2946664979051743,-0.025200024790155373,-0.1309999994399763
0.6254342541980247,0.018358666730646678,-0.20199999940482005
0.2574824083219227,-0.009170025334513832,-0.10399999945334548
0.26453211824291145,-0.017700025044845913,-0.10699999945186012
0.280845238060079,-0.017000025068616975,-0.10799999945136496
0.27481059812771336,-0.015300025126346872,-0.10899999945086969
0.28113381805684434,-0.014200025163701446,-0.11399999944839401
0.2843298880210239,-0.014100025167097296,-0.11299999944888917
0.2807940380606526,-0.014600025150118046,-0.11299999944888917
0.2782970780886378,-0.016900025072012825,-0.10999999945037453
0.27549643812002667,-0.019000025000699527,-0.10699999945186012
0.27644319810941553,-0.017500025051637724,-0.10599999945235516
0.279378728076515,-0.01570002511276336,-0.10799999945136496
0.2737246781398841,-0.01830002502447059,-0.10799999945136496
0.27858558808540423,-0.01610002509917985,-0.10999999945037453
0.277230218100595,-0.01630002509238815,-0.10999999945037453
0.4018232067041927,-0.058300023666121414,-0.08359999946344676
0.3063814077738767,-0.018500025017679,-0.12899999944096663
0.2562454383357864,-0.019400024987116016,-0.08749999946151565
0.27965877807337636,-0.017700025044845913,-0.11099999944987948
0.2712537681675773,-0.016500025085596337,-0.11199999944938421
0.27584018811617383,-0.016200025095784,-0.10999999945037453
0.27093382817116307,-0.01800002503465825,-0.10399999945334548
0.2752963681222691,-0.01840002502107485,-0.10299999945384064
0.2806561180621985,-0.016800025075408676,-0.10999999945037453
0.2747564081283207,-0.017400025055033574,-0.10999999945037453
0.2791997180785213,-0.017000025068616975,-0.10999999945037453
0.27396901813714547,-0.016600025082200487,-0.10599999945235516
0.2750225581253378,-0.014400025156909746,-0.10999999945037453
0.2814964580527801,-0.015100025133138573,-0.11399999944839401
0.2780547480913538,-0.017200025061825275,-0.10899999945086969
0.28674977799390255,-0.017500025051637724,-0.10899999945086969
0.2784668580867351,-0.019200024993907827,-0.10499999945285043
0.26952869818691116,-0.019500024983720166,-0.10199999945433591
0.2829541780364424,-0.0181000250312624,-0.10799999945136496
0.2909717179465843,-0.017700025044845913,-0.11099999944987948
0.28590611800335797,-0.016800025075408676,-0.10899999945086969
0.27267678815162855,-0.01580002510936751,-0.10999999945037453
0.2762149881119733,-0.04110002425021164,-0.15899999942611187
0.2582884583128888,-7.242564345688596e-05,-0.13999999943551977
0.2611495782808222,-0.00028802563613528065,-0.07919999946562539
0.28335620803193673,-0.029400024647528777,-0.10499999945285043
0.2993388978528073,-0.025300024786759523,-0.13899999943601493
0.3060588477774919,-0.0015300255939585394,-0.12199999944443263
0.2981611778660067,-0.008350025362359959,-0.07779999946631866
0.2376755885439117,-0.010200025299536453,-0.07009999947013146
0.280454698064456,-0.023100024861468782,-0.05309999947854904
0.23201231860738414,-0.012800025211243682,-0.10899999945086969
0.3332576474726556,-0.0013100256014294542,-0.1669999994221506
0.2502671884027887,-0.024800024803738885,-0.11499999944789874
0.20332193892893757,-0.060600023588016416,-0.06709999947161693
0.2430077484841504,0.017557917757839103,-0.11199999944938421
0.2724412781542682,0.001980019386844778,-0.11199999944938421
0.2976365678718864,-0.05780002368310089,-0.09469999945795049
0.2804753280642247,-0.027100024725633887,-0.11499999944789874
0.2808390680601478,0.014903038847995487,-0.13999999943551977
0.2715500681642564,-0.010000025306328153,-0.10499999945285043
0.24055274851166542,-0.03150002457621548,-0.046799999481668575
0.2869061879921495,0.0005117286467060111,-0.07919999946562539
0.36921094706970137,-0.00197002557901671,-0.14499999943304398
0.3181222476422889,-0.030400024613570054,-0.1309999994399763
0.3801493069471076,-0.025600024776571972,-0.060799999474736355
0.4526916261340741,-0.04090002425700345,-0.16899999942116029
0.17779382921504916,-0.02900002466111229,-0.10199999945433591
0.2664379282215519,0.0019920276864369146,-0.09999999945532612
0.43593242632190643,-0.02100002493278208,-0.12099999944492779
0.10848540999183809,-0.004640025488346966,-0.06009999947508293
0.39011394683542666,-0.01800002503465825,-0.05809999947607336
0.1777979992150025,-0.026800024735821548,-0.1819999994147231
0.16438470936533478,-0.013000025204451982,-0.15199999942957787
0.4222625764751142,-0.025000024796947184,-0.12099999944492779
0.3488572072978202,-0.04760002402947994,-0.09119999945968349
0.13613957968189805,-0.016800025075408676,-0.09239999945908928
0.12878424976433456,-0.10800002197837266,-0.2299999993909556
0.2939415279132995,-0.017700025044845913,-0.22399999939392656
0.38657518687508796,0.04089192996544566,-0.04909999948052979
0.13672978967528304,0.013667789889942883,-0.017499999496176755
0.3132660076967162,-0.0263000247528008,-0.08099999946473413
0.26824771820126814,-0.04330002417550238,-0.1719999994196748
0.28691718799202603,-0.004250025501590815,-0.12999999944047136
0.005696108943870737,-0.12200002150295042,-0.16999999942066502
0.2739220581376718,-0.008090025371189302,-0.12899999944096663
0.43485601633397053,0.016335003799367698,-0.08559999946245644
0.31461853768155756,-0.020100024963344953,-0.11399999944839401
0.12804710977259615,-0.0164000250889923,-0.07249999946894303
0.30754853776079605,-0.053500023829123444,-0.12099999944492779
0.21248348882625767,-0.020200024959949103,-0.1669999994221506
0.2554123283451235,-0.025700024773176122,0.0008859976947193093
0.25431425835743027,-0.03560002443698462,-0.1429999994340343
0.4108869366026091,-0.0471000240464593,-0.1309999994399763
0.13841741965636878,-0.024500024813926546,-0.1499999994305683
0.28320271803365693,-0.04700002404985515,-0.16899999942116029
0.5007157255958341,-0.045400024104189085,-0.08619999946215928
0.13263325972119588,-0.05640002373064312,-0.2489999993815475
0.2826511480398388,0.00037577018132306517,-0.17499999941818933
0.35333274724765973,-0.0065400254238252575,-0.03229999948884832
0.2260215686745266,-0.023000024864864632,-0.06479999947275572
0.28229290804385365,-0.043000024185690044,-0.11699999944690853
0.31172362771400275,0.013712113888437738,-0.13999999943551977
0.39850970674132946,0.019085051705979628,-0.13499999943799568
0.2688014581950622,-0.03180002456602782,-0.11399999944839401
0.27499297812566925,-0.029900024630549416,-0.08389999946329829
0.2673294182115602,-0.040300024277378554,-0.13699999943700536
0.25231208837986996,-0.04340002417210653,-0.11199999944938421
0.2643868082445402,-0.040300024277378554,-0.10899999945086969
0.2901302079560155,-0.01820002502786655,-0.12299999944393758
0.289207597966356,-0.0016300255905626893,-0.10299999945384064
0.27509144812456565,-0.02120002492599038,-0.11999999944542306
0.2793297080770645,-0.008560025355228706,-0.10199999945433591
0.2762465381116197,-0.017200025061825275,-0.11599999944740369
0.27497592812586036,-0.02370002484109346,-0.12299999944393758
0.2849446180141342,-0.0069300254105815196,-0.10499999945285043
0.2869271079919151,0.001766986194079112,-0.09819999945621738
0.2836270680289008,-0.0036300255226452416,-0.11299999944888917
0.27415909813501527,-0.02350002484788527,-0.1259999994424521
0.2736132781411327,-0.02070002494296974,-0.10299999945384064
0.27602795811406966,-0.017700025044845913,-0.10799999945136496
0.276903288104259,-0.017700025044845913,-0.12999999944047136
0.35757753720008534,0.054269204511170344,-0.004749999502489999
0.28118007805632605,-0.008550025355568258,-0.10199999945433591
0.2821834680450803,-0.009330025329080449,-0.10199999945433591
0.2840071780246405,-0.002370025565433309,-0.09059999945998054
0.2775272780972655,-0.01630002509238815,-0.10999999945037453
0.27834237808813,-0.016900025072012825,-0.10999999945037453
0.2808031480605506,-0.014400025156909746,-0.10799999945136496
0.27434982813287756,-0.022400024885239844,-0.11099999944987948
0.2676786282076462,-0.03420002448452686,-0.12099999944492779
0.2753344281218424,-0.027000024729029737,-0.11699999944690853
0.2835135980301726,-0.006100025438767198,-0.09939999945562328
0.28292842803673124,-0.0031300255396246035,-0.07009999947013146
0.2763631381103129,-0.011200025265577618,-0.011599999499098068
0.2774616480980012,-0.006060025440125516,-0.03799999948602595
0.28725161798827803,-0.0034200255297764937,-0.1359999994375004
0.11776522988783245,0.2163708470064043,0.21102436039066763
0.2511948483923918,-0.044600024131356,-0.10999999945037453
0.288238537977217,-0.01830002502447059,-0.11499999944789874
0.25312489837076035,-0.004060025508042964,-0.08029999946508082
0.2694953281872854,-0.025500024779967823,-0.08819999946116897
0.2878499079815724,-0.0265000247460091,-0.12099999944492779
0.25607628833768215,-0.0023100255674707304,-0.0973999994566136
0.2536187283652258,-0.005540025457783981,-0.07789999946626913
0.27627707811127733,-0.016900025072012825,-0.10399999945334548
0.27405171813621876,-0.015100025133138573,-0.10299999945384064
0.2842022380224545,-0.020200024959949103,-0.11299999944888917
0.2843203480211307,-0.019900024970136765,-0.11799999944641326
0.2777346080949421,-0.01600002510257581,-0.11099999944987948
0.286563247995993,-0.022100024895427506,-0.11599999944740369
0.07699762834474388,0.12474857011778062,0.1028199604442459
0.3433367173596924,-0.0033700255314744743,-0.21699999939739267
0.32670670754607656,-0.038000024355483775,-0.2079999994018491
0.3056775577817654,-0.0553000237679977,-0.1909999994102668
0.31253562770490206,-0.05180002388685323,-0.2299999993909556
0.2921535579333385,-0.022300024888635694,-0.17099999942016997
0.27738905809881476,-0.019600024980324315,-0.0872999994616146
0.27785668809357356,-0.019200024993907827,-0.0903999994600797
0.271960618159655,-0.019900024970136765,-0.06959999947037898
0.250419998401076,-0.0025600255589810494,-0.018099999495879593
0.2652094482353202,-0.0026600255555851993,-0.0779999994662196
0.2842265280221823,-0.021800024905615167,-0.12899999944096663
0.27390147813790255,-0.014000025170493147,-0.09729999945666312
0.2813344980545953,-0.01820002502786655,-0.12999999944047136
0.28211040804589915,-0.019900024970136765,-0.12399999944344231
0.2802149580671429,-0.01630002509238815,-0.13199999943948115
0.47789454585160707,0.26444266537394645,-0.2559999993780815
0.05345865660856197,-0.05450002379516461,-0.07019999947008182
0.22850126864673492,-0.06270002351670301,-0.06769999947131977
0.2779366580926774,-0.10400002211420756,-0.03589999948706579
0.17786334921427005,-0.08970002259981746,-0.04909999948052979
0.19277768904711445,-0.032100024555840156,-0.09799999945631654
0.23377553858762257,-0.02090002493617793,-0.11299999944888917
0.2886332479727931,-0.010600025285952941,-0.11399999944839401
0.27027885817850383,-0.013000025204451982,-0.10799999945136496
0.2366706685551747,-0.019900024970136765,-0.10899999945086969
0.2588401883067051,-0.01860002501428304,-0.11199999944938421
0.2666056882196717,-0.019500024983720166,-0.10799999945136496
0.28234774804323903,-0.017600025048241763,-0.10599999945235516
0.30473464779233317,-0.01560002511615921,-0.10599999945235516
0.27206528815848197,-0.01830002502447059,-0.10899999945086969
0.2772072181008527,-0.020300024956553253,-0.10799999945136496
0.5334798752286227,0.0436800178707657,-0.15799999942660692
0.31999023762135304,0.037935945065827203,-0.15299999942908282
0.07710127034358227,-0.0164000250889923,-0.10499999945285043
0.272315478155678,-0.009110025336551475,-0.11099999944987948
0.20459557891466318,0.03128916329154352,-0.15199999942957787
0.4293766863953812,-0.0007860256192239179,-0.1859999994127426
0.2157816987892922,-0.027500024712050375,-0.05979999947523151
0.26603144822610747,-0.014900025139930384,-0.11099999944987948
0.2894040479641542,-0.01100002527236943,-0.12299999944393758
0.2987282278596515,-0.015000025136534423,-0.11099999944987948
0.3377838674219271,-0.011400025258785917,-0.12299999944393758
0.293712267915869,-0.01580002510936751,-0.11599999944740369
0.23974612852070587,-0.02130002492259453,-0.10199999945433591
0.2361089285614706,-0.01870002501088719,-0.10099999945483107
0.21272817882351513,-0.024200024824114208,-0.08269999946389239
0.24517010845991516,-0.024900024800343035,-0.09009999946022818
0.28026442806658847,-0.01820002502786655,-0.10799999945136496
0.2749375581262903,-0.017100025065221236,-0.10699999945186012
0.2938927979138457,-0.014700025146722084,-0.11599999944740369
0.2658370882282859,-0.017100025065221236,-0.14699999943205377
0.2935160279180682,0.0219120076099798,-0.13399999943849072
0.2800518580689706,-0.019600024980324315,-0.10299999945384064
0.21411400880798315,-0.045300024107584935,-0.11299999944888917
0.3255538575589976,0.012641838924782878,-0.06869999947082461
0.28882911797059774,0.03881117503610543,-0.06789999947122072
0.29167462793870613,-0.020500024949761442,-0.07989999946527881
0.2321646586056767,-0.05660002372385131,-0.10099999945483107
0.30403465780017846,-0.013100025201056131,-0.1599999994256167
0.3025011878173651,0.007538349498090957,-0.11999999944542306
0.30583252778002845,-0.04100002425360749,-0.0872999994616146
0.27973679807250185,-0.019800024973532615,-0.08509999946270408
0.18425581914262512,-0.06910002329936715,-0.10999999945037453
0.28052954806361696,-0.058800023649142164,-0.055999999477113205
0.3608999471628487,-0.011800025245202406,-0.09729999945666312
0.20452454891545901,0.03280430524009115,-0.1359999994375004
0.29708928787802025,-0.03190002456263197,-0.11599999944740369
0.2763468481104956,-0.02610002475959261,-0.0950999994577525
0.3453989773365793,-0.011200025265577618,-0.10699999945186012
0.22784956865403894,-0.01090002527576528,-0.0853999994625555
0.23123776861606493,-0.021500024915802718,-0.09829999945616796
0.3594512871790849,-0.027600024708654525,-0.1309999994399763
0.29604176788976044,-0.01840002502107485,-0.14699999943205377
0.37026071705793595,-0.04190002422304462,-0.11899999944591821
0.0971820191185232,0.012910292915666588,-0.13499999943799568
0.26069881828587405,0.0056394739625743595,-0.0787999994658235
0.32037940761699124,-0.03340002451169377,-0.10099999945483107
0.16433240936592086,0.0034755872360572315,-0.1359999994375004
0.3354829674477149,-0.032800024532069094,-0.10099999945483107
0.19467196902588402,0.0390678020273908,0.004882855692740273
0.22140947872621752,-6.442564372843851e-05,-0.14499999943304398
0.363569967132924,-0.024400024817322397,-0.13999999943551977
0.23208404860658027,-0.04350002416871068,-0.12999999944047136
0.26084534828423167,-0.016200025095784,-0.10699999945186012
0.3501377572834683,-0.008570025354889155,-0.09119999945968349
0.22803471865196379,0.037900972067014815,-0.06169999947429072
0.28139561805391056,-0.012100025235014744,-0.16099999942512155
0.3846372268968081,-0.04320002417889823,-0.06649999947191398
0.30273884781470173,-0.015100025133138573,-0.10899999945086969
0.19174597905867752,-0.01630002509238815,-0.13699999943700536
0.3769197569833034,-0.032600024538860906,-0.06399999947315183
0.13096993973983784,-0.09340002247417012,-0.09939999945562328
0.13120716973717905,-0.06710002336728471,-0.0787999994658235
0.3090057977444636,0.0027550559605254987,-0.1309999994399763
0.31227226770785377,-0.01320002519766017,-0.16399999942363597
0.3143307376847828,-0.03580002443019292,-0.0930999994587427
0.19799044898869145,-0.006410025428239985,-0.07679999946681382
0.26839818819958183,0.004947935486058097,-0.1309999994399763
0.19180006905807145,-0.09450002243681543,-0.07029999947003229
0.10222924006195533,-0.06820002332993003,-0.17599999941769406
0.3307224475010695,0.016283403801120033,-0.10099999945483107
0.34984399728676063,0.013542827894186371,-0.13499999943799568
0.171025929290902,-0.025300024786759523,-0.14199999943452946
0.3203610176171974,-0.07430002312278183,-0.031199999489393004
0.2714034581658995,-0.009980025307007367,-0.055399999477410256
0.017831825007857183,-0.058100023672913226,-0.09109999945973313
0.27476641812820857,-0.03840002434190026,-0.0555999994773112
0.2842101780223656,-0.061000023574432904,-0.13699999943700536
0.20050501896050865,0.01761650675584947,-0.1549999994280925
0.4075549266399532,-0.0014200255976940523,-0.1429999994340343
0.20207704894289003,-0.028300024684883462,-0.11899999944591821
0.16514018935686758,-0.04350002416871068,-0.07409999946815071
0.27493859812627863,-0.04180002422644047,-0.11999999944542306
0.2704791981762582,-0.024800024803738885,-0.10099999945483107
0.2748989181267236,-0.009660025317874132,-0.07739999946651666
0.28190985804814694,-0.025500024779967823,-0.16099999942512155
0.2768092281053134,-0.025600024776571972,-0.15099999943007314
0.2770318081028187,-0.010300025296140491,-0.08309999946369429
0.2778589480935483,-0.00977002531413862,-0.08629999946210987
0.2784829380865548,-0.014800025143326234,-0.11199999944938421
0.2769002581042932,-0.014600025150118046,-0.10799999945136496
0.2774705180979016,-0.01570002511276336,-0.10399999945334548
0.2782314780893731,-0.01630002509238815,-0.10499999945285043
0.27586588811588575,-0.01600002510257581,-0.10699999945186012
0.27946244807557674,-0.020000024966740915,-0.12299999944393758
0.278256118089097,-0.02130002492259453,-0.12199999944443263
0.2753058681221625,-0.020000024966740915,-0.11599999944740369
0.2774168480985033,-0.016500025085596337,-0.10899999945086969
0.2781595780901789,-0.01560002511615921,-0.10599999945235516
0.27657181810797415,-0.01840002502107485,-0.10599999945235516
0.3137514376912758,-0.007300025398016663,-0.06699999947166635
0.2966238078832373,-0.014100025167097296,-0.07829999946607102
0.3308317974998438,-0.019300024990511977,-0.0004399995046241445
0.3018478878246871,-0.013900025173889108,-0.05779999947622183
0.26462594824186003,-0.02060002494636559,-0.1359999994375004
0.2688529081944855,-0.021700024909011018,-0.12699999944195683
0.2808393880601445,-0.014500025153513896,-0.10199999945433591
0.2821831480450838,-0.012700025214639532,-0.09699999945681159
0.28057697806308535,-0.013700025180680808,-0.10399999945334548
0.2809837580585264,-0.015300025126346872,-0.10399999945334548
0.27938102807648924,-0.009790025313459516,-0.10399999945334548
0.2783243280883325,-0.011700025248598367,-0.10999999945037453
0.274503528131155,-0.02370002484109346,-0.11899999944591821
0.2755492381194349,-0.022200024892031656,-0.10899999945086969
0.2957456978930788,0.005352799972309419,-0.0760999994671605
0.21882692875516208,0.022986981573475007,0.08011095745549057
0.27140206816591506,-0.011800025245202406,-0.0891999994606738
0.27479126812792987,-0.014400025156909746,-0.10999999945037453
0.2779153480929162,-0.016200025095784,-0.11799999944641326
0.2814945480528015,-0.01800002503465825,-0.11999999944542306
0.2805558780633217,-0.01840002502107485,-0.11099999944987948
0.2785392280859238,-0.017600025048241763,-0.10899999945086969
0.279329838077063,-0.016500025085596337,-0.10999999945037453
0.2792611580778326,-0.017500025051637724,-0.11099999944987948
0.27784935809365585,-0.0181000250312624,-0.11099999944987948
0.27984725807126387,-0.017600025048241763,-0.11199999944938421
0.278792708083083,-0.017200025061825275,-0.10799999945136496
0.2775245480972961,-0.016900025072012825,-0.10599999945235516
0.2760553681137623,-0.017100025065221236,-0.10499999945285043
0.2742761181337037,-0.016900025072012825,-0.10899999945086969
0.2769488081037488,-0.016200025095784,-0.10899999945086969
0.27802241809171613,-0.017000025068616975,-0.10699999945186012
0.28063893806239104,-0.022000024898823356,-0.10399999945334548
0.25167783838697866,-0.0181000250312624,-0.22099999939541215
0.2695755581863861,-0.006420025427900322,-0.14499999943304398
0.2840829680237913,-0.019300024990511977,-0.11399999944839401
0.2767775081056687,-0.015500025119555061,-0.11199999944938421
0.27830391808856136,-0.017000025068616975,-0.10599999945235516
0.27445450813170424,-0.017400025055033574,-0.11899999944591821
0.2757580781170943,-0.013900025173889108,-0.10899999945086969
0.2795521780745711,-0.012900025207847832,-0.09449999945804954
0.2770143581030142,-0.01340002519086847,-0.10099999945483107
0.28044785806453265,-0.011300025262181768,-0.07039999946998288
0.28277300803847294,-0.014700025146722084,-0.0833999994635457
0.2740038181367557,-0.016600025082200487,-0.13399999943849072
0.2730306581476625,-0.01340002519086847,-0.12999999944047136
0.2797267080726149,-0.01570002511276336,-0.10199999945433591
0.280049518068997,-0.01880002500749134,-0.09689999945686123
0.27563896811842925,-0.017600025048241763,-0.11199999944938421
0.2755694981192076,-0.017100025065221236,-0.11399999944839401
0.27729664809985044,-0.017000025068616975,-0.10999999945037453
0.2771383381016248,-0.017300025058429425,-0.10999999945037453
0.27164725816316726,-0.021900024902219206,-0.08599999946225834
0.2637907082512212,-0.08550002274244406,-0.03579999948711532
0.34226134737174485,-0.034800024464151647,-0.11399999944839401
0.23690107855259224,-0.017600025048241763,-0.10199999945433591
0.2644536682437908,-0.027500024712050375,-0.09809999945626702
0.2645664682425266,-0.030600024606778242,-0.10199999945433591
0.2716275181633885,-0.025400024783363673,-0.10399999945334548
0.2861512380006106,-0.01840002502107485,-0.10399999945334548
0.2698630281831642,-0.01870002501088719,-0.10499999945285043
0.27439154813240996,-0.022300024888635694,-0.10499999945285043
0.29594718789082064,-0.02090002493617793,-0.10899999945086969
0.2903407179536561,-0.017200025061825275,-0.10999999945037453
0.2719662981595916,-0.017500025051637724,-0.10899999945086969
0.27428504813360366,-0.01840002502107485,-0.11099999944987948
0.27051564817584994,-0.01870002501088719,-0.10699999945186012
0.2915480679401248,-0.01580002510936751,-0.10599999945235516
0.27296797814836493,-0.03460002447094335,-0.11399999944839401
0.30568090778172796,-0.02890002466450814,-0.09399999945829707
0.27411049813555977,-0.024300024820718358,-0.10099999945483107
0.28597071800263385,-0.01880002500749134,-0.10999999945037453
0.28050159806393027,-0.018500025017679,-0.10499999945285043
0.25987908829506146,-0.019400024987116016,-0.10199999945433591
0.29038243795318874,-0.01100002527236943,-0.11899999944591821
0.26098042828271795,-0.017000025068616975,-0.10799999945136496
0.26064491828647807,-0.02360002484448942,-0.09999999945532612
0.2744786681314335,-0.019000025000699527,-0.10799999945136496
0.2727531881507723,-0.01890002500409549,-0.10399999945334548
0.2839229680255846,-0.01830002502447059,-0.10899999945086969
0.2843849980204063,-0.0179000250380541,-0.10599999945235516
0.29650818788453304,-0.01580002510936751,-0.10799999945136496
0.27254371815311984,-0.018500025017679,-0.10599999945235516
0.27429951813344156,-0.01880002500749134,-0.10699999945186012
0.27368590814031846,-0.016600025082200487,-0.10899999945086969
0.29261161792820456,-0.013100025201056131,-0.11299999944888917
0.13105294973890746,-0.03610002442000526,-0.17799999941670386
0.21612344878546175,-0.021900024902219206,-0.07029999947003229
0.3348575474547244,-0.0179000250380541,-0.0814999994644866
0.3352014074508707,-0.04170002422983632,-0.16099999942512155
0.23619534856050195,-0.04490002412116856,-0.19199999940977164
0.22792024865324678,-0.03390002449471452,-0.09469999945795049
0.2713593581663938,0.00034366041241351564,-0.04819999948097542
0.2746895181290705,0.006290608240462681,-0.06589999947221115
0.30256464781665393,-0.009240025332136748,-0.07839999946602161
0.308818897746558,-0.023000024864864632,-0.11199999944938421
0.25291028837316554,-0.029200024654320478,-0.12799999944146168
0.250699288397946,2.7890282136566746e-05,-0.07479999946780413
0.25678902832969386,0.005265869075261498,-0.08179999946433802
0.2996976178487869,-0.011400025258785917,-0.15299999942908282
0.37946867695473574,-0.016800025075408676,-0.12299999944393758
0.19618648900890978,-0.01600002510257581,-0.20999999940085878
0.18791975910156067,-0.022500024881843994,-0.11399999944839401
0.2677360982070023,-0.009710025316176152,-0.0957999994574058
0.37952137695414523,0.0069220356190201615,-0.07589999946725945
0.3694768570667213,0.0011795928140262424,-0.13199999943948115
0.2627271382631411,-0.0023800255650936464,-0.1789999994162086
0.2681937682018729,-0.012700025214639532,-0.09369999945844565
0.2341925785829484,-0.03840002434190026,-0.053499999478351046
0.18062310918333946,-0.02140002491919868,-0.057299999476469354
0.324257467573527,0.0022561067774692356,-0.08559999946245644
0.36111328716045765,-0.03890002432492079,-0.1619999994246264
0.22290061870950528,-0.05180002388685323,-0.1599999994256167
0.19885051897905193,0.0029371585543415124,-0.11599999944740369
0.2987153078597964,0.00038543594099482714,-0.11399999944839401
0.3058478977798562,-0.025700024773176122,-0.21599999939788783
0.27506965812481,0.007977217883187504,-0.05829999947597431
0.3832333369125427,-0.032700024535464944,-0.1359999994375004
0.321452067604969,-0.012500025221431232,-0.07929999946557598
0.2936943979160691,-0.06360002348614024,-0.1819999994147231
0.20146823894971333,-0.05200002388006153,-0.14899999943106346
0.24680779844156064,0.06258433522879914,-0.00705999950134617
0.3677293470863068,-0.022200024892031656,-0.07769999946636819
0.2708950781715973,-0.08300002282734087,-0.15199999942957787
0.25025146840296486,0.01690837677989665,-0.10999999945037453
0.1781272192113128,-0.07430002312278183,-0.2939999993592656
0.31002023773309406,-0.0284000246814875,-0.19699999940729584
0.30756239776064076,-0.02140002491919868,-0.14199999943452946
0.2619332182720393,-0.04200002421964877,-0.1309999994399763
0.27164865816315165,-0.012800025211243682,-0.15599999942759735
0.1820583691672535,-0.03350002450829792,-0.17499999941818933
0.24925030841418572,-0.05750002369328855,-0.20699999940234426
0.3148748776786843,-0.004640025488346966,-0.12799999944146168
0.2561377483369931,0.06500402614662948,-0.058899999475677145
0.44189806625504513,-0.04410002414833547,-0.12199999944443263
0.2109088188439059,0.018408453728955942,-0.11099999944987948
0.19257942904933656,0.022417337592819386,-0.10699999945186012
0.2356421285667023,-0.019900024970136765,-0.11399999944839401
0.2705946781749642,0.00037163662146333376,-0.06769999947131977
0.3835111169094292,-0.02890002466450814,-0.11199999944938421
0.19705375899918964,-0.035500024440380584,-0.12799999944146168
0.16288900938209805,0.02029694166482532,-0.09159999945948549
0.3161144576647916,-0.008520025356587024,-0.10799999945136496
0.21256773882531332,-0.10600002204629011,-0.15199999942957787
0.306867757768426,-0.019900024970136765,-0.07509999946765555
0.24346465847902965,-0.010200025299536453,-0.11999999944542306
0.2060098388988123,-0.06000002360839163,-0.15299999942908282
0.2538563883625622,-0.012800025211243682,-0.06599999947216151
0.3457811473322958,-0.024400024817322397,-0.12099999944492779
0.2962068178879107,-0.029100024657716328,-0.16799999942165544
0.2146636288018231,0.006217691842938744,-0.14099999943502473
0.2387009885324194,0.006738479625253535,-0.039199999485431736
0.33056512750283273,0.008156542177097936,-0.10299999945384064
0.38990250683779637,-0.010200025299536453,-0.13399999943849072
0.19727625899669587,-0.04350002416871068,-0.16599999942264576
0.1135500199350753,0.0339997781994944,-0.07889999946577397
0.2692811581896857,0.014751103853155034,-0.07309999946864598
0.3357857474443213,-0.05430002380195642,-0.11899999944591821
0.33421374746194,-0.03910002431812909,-0.049299999480430734
0.3611959971595309,-0.009760025314478171,-0.12299999944393758
0.23394277858574797,-0.11400002177462021,-0.09369999945844565
0.4080041566349184,-0.025500024779967823,-0.05469999947775683
0.2450179984616201,-0.053400023832519294,-0.1309999994399763
0.24971406840898802,-0.05690002371366365,-0.1309999994399763
0.33070828750122816,0.0075610417973203115,-0.061399999474439304
0.3189033876335341,-0.012000025238410705,-0.12399999944344231
0.2354697985686336,-0.05250002386308217,-0.1789999994162086
0.23331687859276284,-0.0265000247460091,-0.09549999945755439
0.24251136848971377,-0.04140002424002398,-0.23999999938600403
0.23832745853660575,-0.037400024375858876,-0.24499999938352834
0.2556009183430099,-0.022300024888635694,-0.1599999994256167
0.2747440481284591,-0.019900024970136765,-0.11299999944888917
0.27653619810837315,-0.019300024990511977,-0.11299999944888917
0.275888898115628,-0.019300024990511977,-0.10899999945086969
0.27554108811952616,-0.0179000250380541,-0.11299999944888917
0.2795545780745441,-0.01600002510257581,-0.11099999944987948
0.29548551789599475,-0.007690025384772814,-0.061499999474389666
0.29125244794343774,-0.007150025403110494,-0.07169999946933914
0.2706216181746621,-0.01840002502107485,-0.12799999944146168
0.2686707781965265,-0.02370002484109346,-0.12699999944195683
0.27162844816337794,-0.023200024858072932,-0.12499999944294726
0.27539816812112794,-0.018500025017679,-0.11199999944938421
0.27137891816617454,-0.017400025055033574,-0.12099999944492779
0.273463958142806,-0.02060002494636559,-0.12099999944492779
0.28692081799198554,-0.017400025055033574,-0.08569999946240692
0.25852495831023803,-0.02590002476638431,-0.13499999943799568
0.2376285685444386,-0.029700024637341227,-0.15599999942759735
0.3011810378321611,-0.015200025129742722,-0.07789999946626913
0.28172888805017515,-0.01820002502786655,-0.10299999945384064
0.26816371820220963,-0.019400024987116016,-0.12099999944492779
0.2874630279859085,-0.01340002519086847,-0.09469999945795049
0.3051977977871423,-0.011900025241806556,-0.07329999946854693
0.3038952678017406,-0.008800025347078688,-0.07229999946904198
0.29245680792993967,-0.006920025410921071,-0.08709999946171365
0.26753475820925887,-0.019000025000699527,-0.12299999944393758
0.2535451283660506,-0.025300024786759523,-0.13999999943551977
0.26018170829166976,-0.02360002484448942,-0.12899999944096663
0.2774030880986573,-0.01860002501428304,-0.10899999945086969
0.26381656825093125,-0.02350002484788527,-0.12899999944096663
0.26532664823400665,-0.022800024871656444,-0.12299999944393758
0.29592829789103225,-0.00609002543910675,-0.08849999946102038
0.28448363801930054,-0.006370025429598303,-0.10699999945186012
0.2784981980863839,-0.012900025207847832,-0.10499999945285043
0.14872361954085966,0.07120683693598995,0.13588208042787486
0.2755917481189585,-0.014100025167097296,-0.11799999944641326
0.2819108980481353,-0.017100025065221236,-0.11499999944789874
0.2758880881156369,-0.016800025075408676,-0.11099999944987948
0.27920685807844126,-0.017500025051637724,-0.11299999944888917
0.2757493281171923,-0.01630002509238815,-0.10799999945136496
0.27678700810556234,-0.015400025122950911,-0.10399999945334548
0.2751287281241477,-0.014800025143326234,-0.10299999945384064
0.2764542881092913,-0.01600002510257581,-0.10499999945285043
0.27866697808449215,-0.016900025072012825,-0.10999999945037453
0.27623069811179723,-0.017600025048241763,-0.10799999945136496
0.273517948142201,-0.015500025119555061,-0.09919999945572233
0.2734557781428977,-0.014800025143326234,-0.10199999945433591
0.28184136804891446,-0.021600024912406868,-0.11299999944888917
0.21857548875798005,0.028907469372422723,-0.22299999939442172
0.2628483182617831,0.011625890959283236,-0.06969999947032945
0.29262666792803604,-0.017500025051637724,-0.08279999946384287
0.2730641781472867,-0.005690025452690262,-0.09919999945572233
0.27669175810662994,-0.0042300255022700295,-0.06809999947112166
0.279403808076234,-0.012700025214639532,-0.10099999945483107
0.27899819808077986,-0.012300025228223044,-0.09789999945636596
0.2783178980884047,-0.01600002510257581,-0.11099999944987948
0.2784781580866085,-0.024300024820718358,-0.11499999944789874
0.28269267803937326,-0.11400002177462021,-0.14899999943106346
0.27105118816984763,-0.09690002235531459,-0.19299999940927648
0.2514693883893149,0.11197830055144276,0.12501088043325792
0.28934188796485083,0.0454332778112273,-0.027599999491175642
0.30314527781014644,-0.06900002330276311,-0.29099999936075094
0.27174631816205697,-0.004110025506345094,-0.12499999944294726
0.273690138140271,-0.0066100254214482845,-0.11699999944690853
0.08137261429571041,-0.04610002408041791,-0.05209999947904431
0.3034463078067726,-0.029600024640737077,-0.10599999945235516
0.2684410681991012,-0.02600002476298846,-0.09789999945636596
0.24761743843248651,-0.025400024783363673,-0.09859999945601938
0.26514968823599006,-0.024900024800343035,-0.09939999945562328
0.2948547679030642,-0.02090002493617793,-0.10499999945285043
0.2991590678548226,-0.0181000250312624,-0.10999999945037453
0.28257175804072854,-0.02070002494296974,-0.10599999945235516
0.29847347786250644,-0.019200024993907827,-0.10499999945285043
0.2951036379002747,-0.0181000250312624,-0.10799999945136496
0.29725010787621775,-0.013700025180680808,-0.11199999944938421
0.2893212479650822,-0.014400025156909746,-0.11199999944938421
0.25423092835836436,-0.019800024973532615,-0.10599999945235516
0.2534343083672925,-0.018500025017679,-0.10399999945334548
0.2648933082388636,-0.01830002502447059,-0.10599999945235516
0.2643842682445685,-0.017000025068616975,-0.10799999945136496
0.27318191814596715,-0.019000025000699527,-0.10799999945136496
0.2967749478815431,-0.02080002493957378,-0.10799999945136496
0.26583983822825497,-0.017000025068616975,-0.10599999945235516
0.2827666380385443,-0.014500025153513896,-0.11099999944987948
0.2790879780797737,-0.016900025072012825,-0.10899999945086969
0.29385431791427674,-0.01840002502107485,-0.10499999945285043
0.3003062078419658,-0.01610002509917985,-0.11099999944987948
0.04019797175718387,-0.04150002423662813,-0.07119999946958666
0.34550329733540996,-0.026600024742613138,-0.10799999945136496
0.26780324820624957,-0.02850002467809165,-0.09459999945800002
0.2815106380526211,-0.02360002484448942,-0.10299999945384064
0.28659065799568584,-0.022900024868260593,-0.10499999945285043
0.2854286280087095,-0.023100024861468782,-0.10699999945186012
0.2922958079317439,-0.01820002502786655,-0.10799999945136496
0.30115193783248717,-0.014900025139930384,-0.11099999944987948
0.27928346807758286,-0.01820002502786655,-0.10699999945186012
0.27781920809399385,-0.015000025136534423,-0.10999999945037453
0.2764678581091393,-0.01600002510257581,-0.10999999945037453
0.2719084581602398,-0.016800025075408676,-0.10499999945285043
0.264865528239175,-0.018500025017679,-0.10699999945186012
0.2593875483005703,-0.019700024976928465,-0.10699999945186012
0.26949589818727904,-0.019300024990511977,-0.10699999945186012
0.294594247905984,-0.02060002494636559,-0.10799999945136496
0.24042702851307451,-0.05730002370008025,-0.2079999994018491
0.2415886585000553,-0.024600024810530696,-0.11999999944542306
0.21142198883815455,-0.03100002459319484,-0.09809999945626702
0.24242328849070094,-0.02130002492259453,-0.0868999994618127
0.23289803859745728,0.0004323231494025581,-0.027399999491274696
0.34162736737885013,-0.00019202563939535455,-0.06639999947196351
0.4055484466624415,-0.032600024538860906,-0.11599999944740369
0.27310142814686933,-0.035200024450568246,-0.09909999945577175
0.23693975855215887,-0.02130002492259453,-0.12199999944443263
0.25824156831341427,-0.043000024185690044,-0.15299999942908282
0.26232704826762543,-0.011400025258785917,-0.10399999945334548
0.24313596848271346,0.022088263603994296,-0.05269999947874715
0.27647097810910415,0.0021226946819996595,-0.08789999946131755
0.3079356377564575,-0.01830002502447059,-0.13399999943849072
0.2714836481650009,-0.032100024555840156,-0.13299999943898588
0.22999151863003253,-0.05000002394797887,-0.12799999944146168
0.36853881707723457,-0.02360002484448942,-0.07479999946780413
0.3168380576566818,-0.04510002411437675,-0.14799999943155862
0.19436057902937387,-0.008880025344361941,-0.07179999946928961
0.19650750900531166,0.016571208791346548,-0.06429999947300324
0.2895158179629016,6.257829295863715e-05,-0.12299999944393758
0.314411937683873,-0.027700024705258564,-0.10899999945086969
0.2948814679027647,-0.013600025184076658,-0.0957999994574058
0.3368007974329452,0.010527723996575644,-0.05779999947622183
0.3195140176266904,-0.0028200255501518168,-0.06399999947315183
0.2656814882300298,-0.04110002425021164,-0.15399999942858766
0.2571054083261479,-0.02890002466450814,-0.14899999943106346
0.2695149281870657,-0.030100024623757715,-0.16299999942413124
0.28365790802855506,-0.035200024450568246,-0.16899999942116029
0.2921511879333649,0.009338313936966491,0.04958233247060684
0.2536724683646234,-0.03900002432152494,-0.0466999994817181
0.28176330804978944,-0.0002810256363731112,-0.23099999939046045
0.26182517827325014,-0.014300025160305596,-0.15799999942660692
0.29861009786097537,-0.024500024813926546,-0.031799999489095954
0.26903664819242623,0.006190175843873158,-0.029899999490036744
0.2982597378649021,-0.04380002415852313,-0.11099999944987948
0.31009673773223656,-0.03880002432831675,-0.1549999994280925
0.24802500842791853,-0.020100024963344953,-0.0636999994733004
0.4980487856257243,-0.03390002449471452,-0.10799999945136496
0.449566116169104,-0.02590002476638431,-0.09169999945943597
0.06932410243074649,-0.007340025396658345,-0.1619999994246264
0.20139663895051574,-0.02120002492599038,-0.1719999994196748
0.3546869772324821,0.0037508176267107007,-0.06969999947032945
0.28560987800667803,0.0038231661242538184,-0.09049999946003018
0.26487220823909996,-0.04150002423662813,-0.09909999945577175
0.3194235076277048,-0.05710002370687195,-0.034699999487659894
0.4186899965151545,-0.01610002509917985,-0.14399999943353925
0.44549718621470746,-0.0387000243317126,-0.02249999949370085
0.22547825868061588,0.009406260634659103,-0.14799999943155862
0.15385242948337763,0.03319127722695003,-0.05229999947894526
0.23496094857433691,-0.039900024290962066,-0.042999999483550155
0.3532616372484567,-0.021800024905615167,-0.08989999946032723
0.32874279752325686,-0.014300025160305596,-0.15599999942759735
0.32719463754060807,-0.0345000244743392,-0.1599999994256167
0.32012756761981387,-0.020500024949761442,-0.05899999947562773
0.2980221778675647,-0.040300024277378554,-0.05999999947513246
-0.002379988765614627,-0.11800002163878531,-0.1619999994246264
0.31433302768475735,-0.024600024810530696,0.0041584885930988635
0.34120224738361493,-0.05450002379516461,-0.13999999943551977
0.12111138985032965,-0.08510002275602757,-0.2519999993800621
0.2718537481608527,-0.05150002389704078,-0.13299999943898588
0.3441188073509269,0.0076121947955831715,-0.05579999947721215
0.2568126283294294,0.07855498568645614,-0.10699999945186012
0.1815513391729362,0.015986376811206626,-0.16599999942264576
0.17938622919720215,-0.1270000213331568,-0.3049999993538187
0.21212821883023936,-0.06020002360159993,-0.1739999994186845
0.24023817851519103,-0.027000024729029737,-0.10799999945136496
0.19681046900191634,-0.025700024773176122,-0.08779999946136707
0.21849327875890157,-0.007820025380358198,-0.09369999945844565
0.33123629749531025,-0.02880002466790399,-0.10799999945136496
0.25031582840224376,-0.00035602563382608476,-0.07219999946909161
0.2441208984716745,0.025065961502875433,-0.05969999947528104
0.3006487878381263,-0.053400023832519294,-0.12999999944047136
0.0636854964939425,-0.11900002160482659,-0.18999999941076195
0.1315272697335914,-0.03690002439283835,-0.12899999944096663
0.286511417996574,-0.07650002304807257,-0.0466999994817181
0.27026254817868645,-0.04750002403287579,-0.08989999946032723
0.2050327489097632,-0.014500025153513896,-0.11499999944789874
0.3519918272626883,-0.05710002370687195,-0.04769999948122294
0.33000571750910246,-0.027100024725633887,-0.12699999944195683
0.23085677862033505,0.035871198135943416,-0.11899999944591821
0.21178768883405596,0.027421594422881168,-0.09949999945557375
0.30485751779095605,-0.020200024959949103,-0.10699999945186012
0.28847554797456043,-0.01870002501088719,-0.11599999944740369
0.274163848134962,-0.01600002510257581,-0.11299999944888917
0.27651284810863497,-0.015300025126346872,-0.10399999945334548
0.27771646809514516,-0.016600025082200487,-0.10099999945483107
0.2720892981582128,-0.014600025150118046,-0.09799999945631654
0.27310738814680247,-0.012800025211243682,-0.0938999994583466
0.2761709781124666,-0.0075700253888477675,-0.0965999994570097
0.27290282814909506,-0.0077800253817165155,-0.09989999945537575
0.27965294807344176,-0.027300024718842075,-0.11899999944591821
0.2886580379725152,-0.0345000244743392,-0.13899999943601493
0.2857174780054721,-0.021600024912406868,-0.12199999944443263
0.2762301581118032,-0.011700025248598367,-0.09979999945542517
0.27071598817360454,-0.00918002533417428,-0.09459999945800002
0.27421815813435324,-0.019200024993907827,-0.10599999945235516
0.2775955980964999,-0.028000024695070902,-0.11399999944839401
0.2783722580877954,-0.01830002502447059,-0.10899999945086969
0.27737695809895047,-0.010400025292744641,-0.10299999945384064
0.27966961807325474,-0.017000025068616975,-0.11199999944938421
0.28286723803741687,-0.0179000250380541,-0.11399999944839401
0.2698576281832248,0.023327718561904076,-0.047499999481322
0.27593882811506854,-0.03320002451848558,-0.11599999944740369
0.2860166180021195,-0.017200025061825275,-0.12299999944393758
0.28614120800072307,-0.015000025136534423,-0.11899999944591821
0.2797167380727268,-0.017000025068616975,-0.11099999944987948
0.2755046581199345,-0.015200025129742722,-0.10499999945285043
0.27327493814492443,-0.019000025000699527,-0.09999999945532612
0.27539025812121665,-0.020300024956553253,-0.10599999945235516
0.27719882810094676,-0.013600025184076658,-0.10799999945136496
0.2749783681258331,-0.012300025228223044,-0.10299999945384064
0.2765312481084288,-0.01610002509917985,-0.10499999945285043
0.28168012805072173,-0.017000025068616975,-0.11699999944690853
0.28022736806700377,-0.019500024983720166,-0.11399999944839401
0.2782825080888012,-0.020000024966740915,-0.10599999945235516
0.28095758805881954,-0.014800025143326234,-0.11199999944938421
0.27999614806959516,-0.02130002492259453,-0.11599999944740369
0.2785155880861889,-0.022500024881843994,-0.11099999944987948
0.2268118486656694,0.010453658999090676,-0.1619999994246264
0.2938117979147534,-0.03420002448452686,-0.11499999944789874
0.2786689580844699,-0.012800025211243682,-0.10799999945136496
0.2798036380717528,-0.01800002503465825,-0.11499999944789874
0.2761989881121527,-0.016800025075408676,-0.10499999945285043
0.28328730803270874,-0.01870002501088719,-0.10799999945136496
0.28183863804894504,-0.020000024966740915,-0.11499999944789874
0.2798099680716819,-0.017800025041450063,-0.10799999945136496
0.2854517480084504,-0.016700025078804637,-0.11099999944987948
0.2795075580750712,-0.0179000250380541,-0.11099999944987948
0.27795913809242534,-0.01820002502786655,-0.10999999945037453
0.2775243680972983,-0.017500025051637724,-0.10699999945186012
0.2808406680601301,-0.0181000250312624,-0.10899999945086969
0.2799873480696937,-0.01820002502786655,-0.11099999944987948
0.27788779809322484,-0.01820002502786655,-0.10699999945186012
0.2799892180696728,-0.017200025061825275,-0.10799999945136496
0.3724422670334857,-0.015400025122950911,-0.26399999937412033
0.2515595983883039,-0.0019200255807145794,-0.07889999946577397
0.27300097814799495,-0.015300025126346872,-0.10499999945285043
0.27744764809815803,-0.013900025173889108,-0.11499999944789874
0.2761608481125801,-0.01340002519086847,-0.10999999945037453
0.26988527818291486,-0.012100025235014744,-0.09719999945671265
0.26844345819907445,-0.01330002519426432,-0.0965999994570097
0.2810987880572371,-0.017800025041450063,-0.11899999944591821
0.28329878803258013,-0.01880002500749134,-0.11599999944740369
0.2775827280966441,-0.01880002500749134,-0.10999999945037453
0.2788498380824427,-0.017500025051637724,-0.11299999944888917
0.2788737280821749,-0.014700025146722084,-0.10799999945136496
0.2754515581205297,-0.01570002511276336,-0.10599999945235516
0.2760047981143292,-0.017200025061825275,-0.10799999945136496
0.27682940810508705,-0.016200025095784,-0.10899999945086969
0.2793626180766955,-0.015400025122950911,-0.11099999944987948
0.28346177803075334,-0.019300024990511977,-0.11899999944591821
0.2796384480736043,-0.01860002501428304,-0.10999999945037453
-0.5039999831436026,-0.5940000054744301,0.26480435036403804
-0.18799998668523932,0.09830010570455272,0.11369412043886151
0.5038106455611469,-0.5440000071723667,-0.29599999935827515
0.30376839780316267,0.024767493513011107,-0.11099999944987948
0.16913760931206578,0.646746842391382,0.06722943246186897
0.6326270741174094,0.9999999403953552,-0.44399999928499184
1.0,0.5358198261583225,-0.7579999991295122
0.6927610334434455,0.0647920201538289,-0.5089999992528065
0.36273794714224894,0.021303951630628593,-0.47499999926964187
0.48826817573534265,-0.005460025460500728,-0.574999999220126
0.2565377183325104,-0.029900024630549416,-0.08929999946062439
-0.41199998417471206,-0.18200001946542665,0.8507196100739174
-0.4659999835694957,-0.6180000046594206,0.9487949900253545
0.029387180878348018,-0.6850000023841858,0.29673378034822795
0.2495861484104216,-0.2560000169524807,-0.10299999945384064
0.26101804828229636,0.0944668931461079,-0.11899999944591821
0.4502273161616934,0.4492341990986606,-0.24599999938303307
0.6802662035834841,0.5945129741651776,-0.5739999992206212
0.16251295938631283,-0.04700002404985515,0.09125389044997312
0.3688753070734634,-0.027000024729029737,-0.10399999945334548
0.2591720583029855,-0.016700025078804637,-0.0965999994570097
0.27327631814490916,-0.01570002511276336,-0.10699999945186012
0.27191884816012335,-0.017300025058429425,-0.10899999945086969
0.27454731813066413,-0.019300024990511977,-0.10199999945433591
0.28093824805903633,-0.01870002501088719,-0.10099999945483107
0.2693244381892006,-0.01800002503465825,-0.10099999945483107
0.26992980818241596,-0.01800002503465825,-0.10399999945334548
0.2712906081671642,-0.0181000250312624,-0.10599999945235516
0.272683978151548,-0.01800002503465825,-0.10399999945334548
0.27012458818023277,-0.01840002502107485,-0.10199999945433591
0.28075340806110805,-0.01820002502786655,-0.10599999945235516
0.2862610779993797,-0.016500025085596337,-0.10999999945037453
0.28560876800669077,-0.017300025058429425,-0.11199999944938421
0.30375057780336245,-0.020500024949761442,-0.195999999407791
0.31750148764924613,-0.02400002483090591,-0.12899999944096663
0.3136134276928224,-0.02360002484448942,-0.1429999994340343
0.22603830867433894,-0.019100024997303677,-0.09249999945903986
0.23351349859055937,-0.009200025333495176,-0.08519999946265444
0.22679718866583376,-0.019800024973532615,-0.10499999945285043
0.24092670850747422,-0.012800025211243682,-0.10299999945384064
0.28933254796495556,-0.02090002493617793,-0.11699999944690853
0.31336262769563317,-0.030100024623757715,-0.10699999945186012
0.30245896781783843,-0.0017900255851293068,-0.10699999945186012
0.3237225275795226,-0.012300025228223044,-0.11999999944542306
0.30992858773412113,-0.029500024644132927,-0.11199999944938421
0.2696453681856037,-0.022400024885239844,-0.10599999945235516
0.28251858804132457,-0.01830002502447059,-0.11399999944839401
0.2928083579259997,-0.030400024613570054,-0.11699999944690853
0.28241615804247244,-0.03310002452188143,-0.11999999944542306
0.2583639783120424,0.00167956719704776,-0.09239999945908928
0.23102571861844168,-0.018500025017679,-0.0853999994625555
0.25982635829565237,-0.022100024895427506,-0.1599999994256167
0.33833900741570533,-0.01570002511276336,-0.2859999993632266
0.28284271803769157,-0.019800024973532615,-0.08899999946077297
0.27889654808191944,-0.030300024616965904,-0.09599999945730686
0.28488521801480005,-0.006650025420089856,-0.11499999944789874
0.2787162980839393,0.002335307374779716,-0.10699999945186012
0.26421068824651406,-0.006070025439785853,-0.08899999946077297
0.2867924279934244,-0.010200025299536453,-0.09049999946003018
0.30644540777315954,-0.020000024966740915,-0.09219999945918844
0.28046482806434225,-0.021700024909011018,-0.09009999946022818
0.2922183279326125,-0.0263000247528008,-0.10099999945483107
0.3090032577444919,-0.019600024980324315,-0.10999999945037453
0.28375569802745915,-0.004830025481894706,-0.11899999944591821
0.2413542185026829,-0.03630002441321345,-0.10499999945285043
0.27770925809522606,-0.05390002381553993,-0.09869999945596997
0.30219488782079806,-0.03590002442679707,-0.13199999943948115
0.26883154819472477,-0.004890025479857285,-0.11799999944641326
0.2515620683882762,0.020262188666005487,-0.09299999945879223
0.26091345828346846,0.027262533428282665,-0.09979999945542517
0.22805754865170802,-0.016900025072012825,-0.16099999942512155
0.27128542816722256,-0.01830002502447059,-0.11299999944888917
0.3180239776433902,-0.05270002385629036,-0.10099999945483107
0.38286358691668654,-0.037700024365671325,-0.0880999994612186
0.22764518865632977,-0.0005770256263212259,-0.10799999945136496
0.22428264869401615,-0.019000025000699527,-0.07329999946854693
0.40295503669150734,-0.03920002431473324,-0.06249999947389462
0.36549666711133,-0.012800025211243682,-0.1739999994186845
0.3147442776801481,-0.007790025381376964,-0.031499999489244424
0.31074181772500653,-0.03840002434190026,-0.15799999942660692
0.34817123730550836,-0.03570002443358877,-0.11899999944591821
0.366386597101356,-0.02330002485467697,-0.11399999944839401
0.2947898779037914,-0.0007000256221443291,-0.12499999944294726
0.1940008690334054,0.03369063820999241,-0.12999999944047136
0.19378201903585812,0.004287536708484363,-0.1429999994340343
0.3352090274507853,-0.04090002425700345,-0.12899999944096663
0.3462396473271572,-0.03710002438604654,-0.10099999945483107
0.19517945902019607,-0.05240002386647802,-0.03729999948637264
0.3200090976211416,-0.032700024535464944,0.0026265914938574664
0.28918280796663387,-0.049200023975146,-0.12499999944294726
0.20648916889344027,-0.04180002422644047,-0.09999999945532612
0.15471459947371446,-0.0675000233537012,-0.10699999945186012
0.2978189678698422,-0.04440002413814781,-0.12099999944492779
0.4318174863680255,0.03245560425193261,-0.14699999943205377
0.3032690178087596,0.014047664877042898,-0.15799999942660692
0.26713216821377084,-0.004120025506005431,-0.0872999994616146
0.23221544860510734,-0.01860002501428304,-0.0598999994751821
0.12147198984628815,-0.04700002404985515,-0.11099999944987948
0.3848945968939237,-0.016500025085596337,-0.15199999942957787
0.29764598787178076,-0.05770002368649674,-0.347999999332527
0.38073476694054587,-0.07300002316692822,-0.1889999994112571
0.2859645980027026,-0.01070002528255698,-0.09619999945720781
0.18246860916265573,-0.05200002388006153,-0.03459999948770953
0.2728423181497732,-0.029900024630549416,-0.05459999947780636
0.29367439791629324,0.01884878171400306,-0.17099999942016997
0.32675556754552915,0.00080528762673715,-0.1569999994271022
0.2549119983507311,-0.03860002433510845,-0.034999999487511424
0.234202778582834,-0.05940002362876684,-0.05649999947686557
0.29177987793752647,-0.013000025204451982,-0.18499999941323775
0.3664744571003713,-0.0008890256157261245,-0.23099999939046045
0.2610192882822824,-0.028300024684883462,-0.11499999944789874
0.25516719834787094,-0.09620002237908565,-0.01699999949642428
0.27204445815871536,0.012494757929777611,-0.13399999943849072
0.3307943175002641,-0.0065400254238252575,-0.2509999993805574
0.2751050881244128,-0.0919000225251081,-0.04279999948364921
0.2485172384224017,0.0009293356825246235,-0.11799999944641326
0.3818094969285004,0.014971156845682176,-0.2999999993562946
0.22836189864829692,-0.04850002399891706,-0.11099999944987948
0.19927482897429627,-0.01580002510936751,0.06871247546113446
0.2877655879825176,-0.007330025396997897,-0.09329999945864365
0.35836567719125223,-0.019000025000699527,-0.3039999993543139
0.4004179667199421,-0.032800024532069094,-0.1429999994340343
0.262276318268194,-0.03370002450150622,-0.3909999993112352
0.34474892734386486,-0.04240002420606537,-0.1719999994196748
0.34289140736468315,-0.004650025488007414,-0.11199999944938421
0.21932217874961157,-0.0658000234114311,-0.03869999948567937
0.20253112893780068,-0.033000024525277394,-0.05469999947775683
0.3754949369992724,0.02735296842521162,-0.2009999994053152
0.2881049479787141,-0.0347000244675475,-0.14499999943304398
0.19088975906827388,-0.04320002417889823,-0.014699999497563176
0.26607705822559646,-0.022800024871656444,-0.11399999944839401
0.32176113760150526,-0.03950002430454569,-0.1839999994137329
0.2820964480460557,-0.022100024895427506,-0.11599999944740369
0.22443776869227738,0.020607252654287533,0.01869203548590259
0.2242725586941292,-0.0006860256226197681,0.0552488284678011
0.29807607786696044,-0.0265000247460091,-0.2079999994018491
0.2883012979765136,-0.005700025452350599,-0.10499999945285043
0.2780142280918081,-0.021900024902219206,-0.11199999944938421
0.27840652808741106,-0.013800025177284958,-0.11499999944789874
0.27590151811548647,-0.0009890256123301633,-0.09049999946003018
0.27768142809553775,-0.01880002500749134,-0.11099999944987948
0.2798684180710267,-0.028200024688279313,-0.12199999944443263
0.2774520080981091,-0.01860002501428304,-0.10799999945136496
0.27675899810587623,-0.01840002502107485,-0.10799999945136496
0.2774337480983138,-0.016600025082200487,-0.10999999945037453
0.28078495806075443,-0.014000025170493147,-0.10799999945136496
0.2777120580951946,-0.014800025143326234,-0.10899999945086969
0.2738184981388323,-0.01840002502107485,-0.10799999945136496
0.2756402781184144,-0.022300024888635694,-0.11099999944987948
0.2786324580848789,-0.0179000250380541,-0.11099999944987948
0.2802413780668467,-0.012600025218035382,-0.10599999945235516
0.2772121381007975,-0.017300025058429425,-0.10499999945285043
0.27601189811424964,-0.01570002511276336,-0.10299999945384064
0.2749389281262751,-0.020200024959949103,-0.11499999944789874
0.281843108048895,-0.013600025184076658,-0.12999999944047136
0.27656566810804306,-0.01830002502447059,-0.11399999944839401
0.275669858118083,-0.015500025119555061,-0.0880999994612186
0.28019741806733944,-0.013600025184076658,-0.09489999945785144
0.27696651810355055,-0.01830002502447059,-0.11699999944690853
0.2760262681140886,-0.020500024949761442,-0.11399999944839401
0.2804503580645046,-0.00815002536915177,-0.10299999945384064
0.2830292980356006,-0.005730025451331944,-0.11699999944690853
0.2775511780969977,-0.021800024905615167,-0.12499999944294726
0.2762756581112933,-0.022700024875052294,-0.10999999945037453
0.2779946680920271,-0.020000024966740915,-0.11199999944938421
0.2732219781455181,-0.022300024888635694,-0.11299999944888917
0.2761347381128729,-0.021600024912406868,-0.10699999945186012
0.2782166880895389,-0.015000025136534423,-0.10999999945037453
0.2813058280549168,-0.004510025492761471,-0.10399999945334548
0.28171592805032053,-0.008140025369491322,-0.09469999945795049
0.27541014812099385,-0.021800024905615167,-0.10299999945384064
0.2823464980432533,0.07446654482529436,-0.05039999947988594
0.2851151080122234,-0.09510002241644033,-0.10599999945235516
0.2837973380269925,-0.029900024630549416,-0.10699999945186012
0.27695930810363123,-0.007880025378320554,-0.11999999944542306
0.2766288781073345,-0.00884002534572026,-0.10299999945384064
0.27687999810452024,-0.01630002509238815,-0.10299999945384064
0.27634542811051155,-0.01630002509238815,-0.11099999944987948
0.2788965180819194,-0.016800025075408676,-0.11299999944888917
0.27778911809433104,-0.012500025221431232,-0.10499999945285043
0.2732910181447443,-0.010100025302932303,-0.09219999945918844
0.2759211881152661,-0.016600025082200487,-0.10499999945285043
0.27974046807246067,-0.016500025085596337,-0.12099999944492779
0.2775801880966724,-0.020200024959949103,-0.11999999944542306
0.2792113780783907,-0.020200024959949103,-0.10399999945334548
0.2784505080869182,-0.013900025173889108,-0.0965999994570097
0.2767664581057927,-0.0179000250380541,-0.10799999945136496
0.28602599800201434,-0.021600024912406868,-0.06189999947419167
0.27013940818006676,0.030767043309273934,-0.07789999946626913
0.2788905680819862,-0.01880002500749134,-0.11199999944938421
0.2774744780978573,-0.014400025156909746,-0.10399999945334548
0.2734386681430896,-0.010400025292744641,-0.10899999945086969
0.2760226981141285,-0.013900025173889108,-0.11299999944888917
0.27614195811279196,-0.012300025228223044,-0.10899999945086969
0.2767861581055717,-0.011300025262181768,-0.10799999945136496
0.2775740080967417,-0.013000025204451982,-0.09999999945532612
0.27457061813040307,-0.012600025218035382,-0.09849999945606891
0.2754235481208436,-0.014100025167097296,-0.10599999945235516
0.27811096809072366,-0.01600002510257581,-0.10499999945285043
0.2762956181110696,-0.01330002519426432,-0.10299999945384064
0.2774573980980488,-0.015300025126346872,-0.11199999944938421
0.2763538481104171,-0.013900025173889108,-0.10499999945285043
0.22364644870114625,-0.01580002510936751,-0.07949999946547681
0.3755178269990158,-0.008380025361341303,-0.14199999943452946
0.23882990853097463,-0.01870002501088719,-0.09179999945938644
0.23411343858383526,-0.029900024630549416,-0.07279999946879445
0.28871201797191026,-0.026800024735821548,-0.09109999945973313
0.2938498279143271,-0.017100025065221236,-0.11099999944987948
0.19866526898112813,-0.025500024779967823,-0.08099999946473413
-0.17899998678610873,-0.20200001878625212,0.18541620040334772
-0.3179999852282369,-0.48500000917593156,0.3529800603203772
0.11323824993856946,-0.5190000080213348,0.0987896214462416
0.2768005681054102,-0.44900001039844584,-0.1889999994112571
0.21148148883748763,-0.3780000128095157,-0.30999999935134304
0.21626753878384708,-0.08170002287148725,-0.15599999942759735
0.22451457869141667,0.22484886671850157,0.04414927547329717
0.24426370847007406,0.35958734214295407,0.024302221483124664
0.31531412767376144,0.34350089268922934,-0.09789999945636596
0.4774021158571262,0.3596191921418723,-0.2629999993746155
0.5438686751121882,0.37329267167753843,-0.4279999992929143
0.4487060461787433,0.23820427626496887,-0.4819999992661758
0.45360169612387446,0.1194650202972033,-0.4179999992978658
0.5638064748887308,0.04743147274337112,-0.34699999933302206
-0.008869988692876585,-0.07100002323484556,0.2595649803666322
0.32410462757523995,0.018560762723783708,-0.258999999376596
0.4003828467203361,0.05310331455076256,-0.45399999928004026
0.4324112963613702,0.019965577676077984,-0.8259999990958414
0.3258736175554138,-0.0860000227254647,-0.9259999990463257
0.24979959840802923,-0.09090002255906693,-0.4689999992726128
0.26665211821915125,-0.019600024980324315,-0.09879999945592033
0.28308142803501624,-0.004380025497176199,-0.07509999946765555
0.20263694893661488,0.06256398822949016,0.37553916030920664
-0.10799998758185625,0.013311521902041323,1.0
-0.10799998758185625,-0.1350000210614869,0.719093980139093
0.2096332088582027,-0.10400002211420756,0.0896839264507503
0.28289460803711,-0.020200024959949103,-0.10699999945186012
0.265756338229191,-0.0005050256287663091,-0.13199999943948115
0.20294352893317869,-0.06290002350991131,-0.01579999949701838
0.20537858890588723,-0.08060002290884183,0.010700063489859746
0.27005936818096377,0.02279479858000122,-0.17499999941818933
0.26138131827822475,0.052577994568601794,-0.2369999993874894
0.29588117789156043,0.030524933317495728,-0.2269999993924412
0.23361363858943696,-0.053500023829123444,-0.06629999947201293
0.28357559802947785,-0.026600024742613138,-0.12099999944492779
0.2838033280269254,-0.004340025498534628,-0.0992999994556728
0.27544588812059323,-0.014000025170493147,-0.11199999944938421
0.2926519979277522,-0.032200024552444306,-0.11099999944987948
0.2873020579877126,-0.06300002350651546,-0.11799999944641326
0.24401838847282353,-0.004170025504307562,-0.03719999948642205
0.26575952822915516,0.03142957928677503,-0.06949999947042851
0.33852077741366804,-0.0038800255141555606,-0.18099999941521838
0.3219960375988724,-0.02070002494296974,-0.15799999942660692
0.2934890379183708,-0.0368000243962342,-0.12699999944195683
0.2939459679132497,-0.01830002502447059,-0.11999999944542306
0.28479061801586014,-0.01820002502786655,-0.10699999945186012
0.2689769281930956,-0.03710002438604654,-0.08929999946062439
0.25743235832248357,-0.008830025346059811,-0.10599999945235516
0.27918066807873476,0.008722332257884435,-0.11499999944789874
0.27441556813214074,-0.004600025489705284,-0.09339999945859423
0.22709867866245492,-0.035500024440380584,-0.08479999946285255
0.23086081862028984,-0.0345000244743392,-0.09279999945889128
0.2893994279642058,-0.02090002493617793,-0.11899999944591821
0.29439879790817436,-0.045600024097397385,-0.11699999944690853
0.313127277698271,-0.05940002362876684,-0.11799999944641326
0.2785737780855366,0.0026254452649269178,-0.12499999944294726
0.24227990849230796,-0.01070002528255698,-0.08419999946314971
0.2138507788109334,-0.029100024657716328,-0.06599999947216151
0.25346109836699227,-0.014100025167097296,-0.07009999947013146
0.31169175771435986,-0.0016100255912417927,-0.08559999946245644
0.320830197611939,-0.005080025473405025,-0.09319999945869328
0.289120147967336,-0.004880025480196837,-0.09669999945696017
0.3027350578147441,-0.024300024820718358,-0.08139999946453613
0.2914500379412235,-0.03320002451848558,-0.09999999945532612
0.26131547827896284,-0.02640002474940495,-0.12899999944096663
0.2670192182150368,-0.025600024776571972,-0.11799999944641326
0.27228557815601295,-0.030700024603382392,-0.11699999944690853
0.2739941681368636,-0.025200024790155373,-0.13199999943948115
0.26302563825979575,-0.0179000250380541,-0.09439999945809907
0.28532495800987157,0.026691294447681257,-0.07099999946968583
0.27893018808154224,-0.002090025574941645,-0.07589999946725945
0.30528974778611184,-0.04200002421964877,-0.06929999947052745
0.41062778660551347,-0.07920002295638406,-0.13299999943898588
0.32002888762091963,-0.011300025262181768,-0.1599999994256167
0.17944734919651717,0.0006218864729652385,-0.1309999994399763
0.3845880268973596,-0.027400024715446225,-0.05589999947716262
0.276424698109623,-0.014700025146722084,-0.10099999945483107
0.2365909185560684,-0.045300024107584935,-0.11599999944740369
0.40336324668693235,-0.035500024440380584,-0.07169999946933914
0.2959420778908779,-0.025200024790155373,-0.11699999944690853
0.39312217680171124,-0.007420025393941598,-0.01229999949875149
0.3160814276651618,-0.009600025319911554,-0.1619999994246264
0.29974482784825773,-0.024900024800343035,-0.12699999944195683
0.2620264082709949,-0.05260002385968621,-0.05689999947666746
0.2721629781573871,-0.00776002538239573,-0.08299999946374392
0.1942710590303771,-0.014800025143326234,-0.13299999943898588
0.14683845956198804,-0.02620002475619665,-0.15099999943007314
0.2923537779310945,-0.0059700254431818145,-0.14099999943502473
0.3287611875230507,-0.019200024993907827,-0.09549999945755439
0.40884091662554023,0.05547482347022914,-0.07119999946958666
0.3221127575975644,-0.020300024956553253,-0.15199999942957787
0.34554434733494976,-0.017600025048241763,-0.15299999942908282
0.17453971925152034,-0.002930025546416415,-0.13399999943849072
0.13262041972133987,-0.005950025443861029,-0.08519999946265444
0.33529283744984584,-0.03310002452188143,-0.12999999944047136
0.36759717708778816,-0.03090002459659069,-0.09279999945889128
0.32851641752579397,0.002698232262455247,-0.0497999994801831
0.31529948767392546,0.002541910267763736,-0.09519999945770286
0.2593082583014592,-0.07690002303448917,-0.10399999945334548
0.1123896699480802,-0.13600002102752817,0.044129573473306816
0.294540627906585,-0.060900023577828755,-0.09339999945859423
0.3058053477803331,-0.035000024457359835,-0.11799999944641326
0.2941246079112476,0.0048898799880295885,-0.08469999946290208
0.21327535881738258,0.023727759548319072,-0.14099999943502473
0.2913029479428719,-0.02350002484788527,-0.24099999938550887
0.4241932764534755,-0.019400024987116016,-0.13899999943601493
0.29439995790816154,-0.00280002555083092,-0.05579999947721215
0.14271721960817785,-0.007970025375264367,-0.09169999945943597
0.19112791906560478,-0.06130002356424524,-0.06389999947320135
0.31609251766503754,-0.058200023669517376,-0.22899999939145077
0.29831802786424877,-0.06670002338086811,-0.14499999943304398
0.30520853778702195,0.008895673351997924,-0.10499999945285043
0.1616098693964343,0.0018772392903350088,-0.08849999946102038
0.17917476919957198,-0.07940002294959225,-0.042699999483698736
0.32111624760873303,-0.06240002352689067,-0.0648999994727062
0.26383763825069506,0.0100023510144166,-0.10899999945086969
0.2503812684015101,0.007462782200657103,-0.1859999994127426
0.3895688668415358,-0.02350002484788527,-0.17799999941670386
0.32385280757806245,0.009225397540800984,-0.10199999945433591
0.35006469728428713,-0.043100024182294194,-0.2629999993746155
0.31145575771700496,-0.012000025238410705,-0.1979999994068007
0.2419468684960404,-0.010400025292744641,-0.09809999945626702
0.1721459692783487,-0.017000025068616975,-0.051899999479143255
0.21084263884464782,-0.050800023920811954,-0.0551999994775092
0.30415309779885114,-0.08800002265754725,-0.11899999944591821
0.32833736752780096,-0.006550025423485706,-0.05819999947602372
0.2580260883158294,0.03009293033216598,-0.0872999994616146
0.20244339893878416,-0.028000024695070902,-0.2079999994018491
0.31051847772750985,-0.029800024633945266,-0.1839999994137329
0.27209328815816813,-0.024800024803738885,-0.08859999946097097
0.2847644780161531,-0.040200024280774516,-0.12099999944492779
0.28510064801238544,-0.030000024627153565,-0.1549999994280925
0.2818438980488862,-0.009060025338249345,-0.11999999944542306
0.2813337880546032,-0.017200025061825275,-0.12799999944146168
0.2809220280592184,-0.019600024980324315,-0.11799999944641326
0.28016885806765957,-0.01090002527576528,-0.11599999944740369
0.27560779811877856,-0.0067500254166940055,-0.10299999945384064
0.27801052809184945,-0.022800024871656444,-0.11699999944690853
0.2812170480559115,-0.03730002437925484,-0.14799999943155862
0.2785611680856781,-0.027400024715446225,-0.12899999944096663
0.2792594880778514,-0.019000025000699527,-0.10999999945037453
0.2778938780931568,-0.015000025136534423,-0.09989999945537575
0.27698134810338426,-0.020500024949761442,-0.10399999945334548
0.2766826981067314,-0.025100024793551223,-0.12399999944344231
0.27653405810839726,-0.019200024993907827,-0.11299999944888917
0.2777799680944333,-0.016600025082200487,-0.10399999945334548
0.2767572081058962,-0.00903002533926811,-0.09099999945978254
0.27370937814005547,0.009102107144987714,-0.06779999947127024
0.27897343808105735,-0.0009180256147413024,-0.10399999945334548
0.2829096780369411,-0.02890002466450814,-0.13299999943898588
0.2779529480924947,-0.030300024616965904,-0.11799999944641326
0.2747128981288083,-0.026900024732425698,-0.10999999945037453
0.272440818154273,-0.02600002476298846,-0.10299999945384064
0.3358576874435151,0.10118537091795698,-0.00807999950084104
0.2884414579749426,-0.03390002449471452,-0.14099999943502473
0.2738295881387083,-0.02350002484788527,-0.11399999944839401
0.2796647980733087,-0.016200025095784,-0.11699999944690853
0.2778908280931909,-0.02110002492938623,-0.11799999944641326
0.27728132810002215,-0.01600002510257581,-0.11399999944839401
0.2791545480790276,-0.014500025153513896,-0.10999999945037453
0.27872068808389017,-0.014200025163701446,-0.10699999945186012
0.2777119680951956,-0.013600025184076658,-0.10999999945037453
0.27713723810163704,-0.017700025044845913,-0.10999999945037453
0.27908612807979427,-0.01890002500409549,-0.11599999944740369
0.27851535808619143,-0.014900025139930384,-0.11299999944888917
0.27625659811150705,-0.01610002509917985,-0.10399999945334548
0.2774927980976518,-0.021700024909011018,-0.10899999945086969
0.16240781938749116,0.03614121112677404,0.011943633489244099
-0.10499998761547935,0.16459931876449985,0.11829473043658356
-0.41299998416350436,0.25335323575052937,0.22287806038479818
-0.029599988460540794,0.09289341219954139,-0.006009999501865981
0.3255632175588927,-0.024700024807134846,-0.14599999943254882
0.27313913814644675,-0.01330002519426432,-0.11199999944938421
0.27392165813767644,-0.015100025133138573,-0.10899999945086969
0.28454319801863304,-0.017200025061825275,-0.11199999944938421
0.27874754808358904,-0.017200025061825275,-0.10799999945136496
0.2752263481230537,-0.01570002511276336,-0.10699999945186012
0.27992761807036315,-0.014800025143326234,-0.11199999944938421
0.2704310281767983,-0.017100025065221236,-0.10299999945384064
0.2782888380887303,-0.017800025041450063,-0.10799999945136496
0.28033678806577744,-0.017500025051637724,-0.11199999944938421
0.2791550480790219,-0.017100025065221236,-0.11199999944938421
0.27961728807384145,-0.016800025075408676,-0.10999999945037453
0.27513032812412996,-0.016200025095784,-0.10199999945433591
0.28022173806706685,-0.017500025051637724,-0.10799999945136496
0.2833279080322537,-0.01830002502447059,-0.11699999944690853
0.28904917796813145,-0.016600025082200487,-0.11799999944641326
0.27860050808523695,-0.01630002509238815,-0.10699999945186012
0.2619032982723746,-0.02360002484448942,-0.07409999946815071
0.28230400804372935,-0.0018600255827521117,-0.07669999946686334
0.26969574818503905,-0.010300025296140491,-0.09099999945978254
0.27040179817712584,-0.015500025119555061,-0.0772999994665663
0.26756776820888883,-0.01570002511276336,-0.06599999947216151
0.27465979812940344,-0.023200024858072932,-0.09689999945686123
0.2760102781142677,-0.02070002494296974,-0.10399999945334548
0.27394843813737624,-0.01840002502107485,-0.10599999945235516
0.2778396380937649,-0.0179000250380541,-0.11199999944938421
0.2777311580949804,-0.01630002509238815,-0.10499999945285043
0.2771858081010927,-0.017500025051637724,-0.10599999945235516
0.27889634808192154,-0.01890002500409549,-0.10799999945136496
0.27771036809521354,-0.0179000250380541,-0.11099999944987948
0.27972842807259557,-0.016500025085596337,-0.11999999944542306
0.28887710797005983,-0.022700024875052294,-0.14499999943304398
0.28710859798988086,-0.020500024949761442,-0.14899999943106346
0.28044809806452986,-0.010400025292744641,-0.11899999944591821
0.2777468780948045,-0.011700025248598367,-0.10199999945433591
0.2754713981203072,-0.012200025231618894,-0.10099999945483107
0.2756136681187127,-0.009800025313119853,-0.10399999945334548
0.277153488101455,-0.0164000250889923,-0.11099999944987948
0.2767314181061853,-0.01830002502447059,-0.10599999945235516
0.27652813810846366,-0.016800025075408676,-0.10599999945235516
0.001188837294387013,-0.05520002377139355,-0.061799999474241196
0.32420235757414484,-0.017500025051637724,-0.10699999945186012
0.25317979837014515,-0.01800002503465825,-0.10299999945384064
0.2649205882385577,-0.019100024997303677,-0.10899999945086969
0.2868410879928791,-0.01590002510597166,-0.10999999945037453
0.2786111480851179,-0.016700025078804637,-0.10799999945136496
0.27509050812457625,-0.014900025139930384,-0.11099999944987948
0.2778458280936953,-0.01560002511615921,-0.10999999945037453
0.269827898183558,-0.019900024970136765,-0.10399999945334548
0.25794965831668604,-0.021700024909011018,-0.10299999945384064
0.2862350879996709,-0.01820002502786655,-0.10699999945186012
0.31564589767004314,-0.012700025214639532,-0.11099999944987948
0.28044720806453993,-0.016600025082200487,-0.11099999944987948
0.268469368198784,-0.017800025041450063,-0.10799999945136496
0.27789690809312284,-0.016900025072012825,-0.10499999945285043
0.28062643806253096,-0.0181000250312624,-0.10799999945136496
0.2830266680356299,-0.016200025095784,-0.10999999945037453
0.04240550973244239,-0.03610002442000526,-0.06639999947196351
0.3550135372288219,-0.03310002452188143,-0.0930999994587427
0.257393518322919,-0.013100025201056131,-0.10699999945186012
0.2728034881502084,-0.016500025085596337,-0.10799999945136496
0.28579402800461406,-0.0181000250312624,-0.10699999945186012
0.27210058815808624,-0.017800025041450063,-0.10899999945086969
0.2694135281882022,-0.0179000250380541,-0.10799999945136496
0.2675381682092206,-0.01880002500749134,-0.10299999945384064
0.2687010881961869,-0.020100024963344953,-0.10299999945384064
0.2976156678721209,-0.019300024990511977,-0.10599999945235516
0.2898288679593928,-0.01600002510257581,-0.10899999945086969
0.27491351812655984,-0.017000025068616975,-0.10899999945086969
0.27263076815214426,-0.01840002502107485,-0.10699999945186012
0.27922671807821864,-0.016600025082200487,-0.10899999945086969
0.2831451180343023,-0.01580002510936751,-0.11099999944987948
0.25774313831900053,-0.016900025072012825,-0.10699999945186012
0.26383385825073735,-0.019800024973532615,-0.10299999945384064
0.2854752080081875,0.029078925366600283,-0.10399999945334548
0.2753760681213757,0.013442768897584334,-0.0667999994717654
0.2993063678531718,-0.014100025167097296,-0.07039999946998288
0.27315947814621855,-0.01820002502786655,-0.12899999944096663
0.2693344581890884,-0.01890002500409549,-0.1429999994340343
0.22559084867935408,-0.016500025085596337,-0.1259999994424521
0.21540756879348533,-0.02060002494636559,-0.08399999946324865
0.31975061762403856,-0.042700024195877706,-0.07509999946765555
0.33858148741298755,-0.044600024131356,-0.12499999944294726
0.21653358878086526,-0.02090002493617793,-0.13399999943849072
0.205979188899156,-0.0034800255277390724,-0.11899999944591821
0.2879796179801186,0.018490900726156223,-0.08359999946344676
0.40524203666587555,-0.015200025129742722,-0.12299999944393758
0.29904258785612825,-0.029200024654320478,-0.14899999943106346
0.16867959931719878,-0.0055800254564257745,-0.10099999945483107
0.25692147832820944,-0.026800024735821548,-0.12199999944443263
0.3549833272291605,-0.02640002474940495,-0.11599999944740369
0.31757045764847325,-0.04720002404306334,-0.14699999943205377
0.21597598878711466,0.010723830989916028,-0.11699999944690853
0.2676922182074939,0.013320443901738366,-0.08619999946215928
0.3881039968579536,-0.04150002423662813,-0.1379999994365102
0.2364867585572359,-0.02120002492599038,-0.1549999994280925
0.21308878881947346,0.0032851921425227637,-0.0431999994834511
0.34501515734088084,-0.032700024535464944,-0.041699999484193895
0.19495805902267738,-0.024500024813926546,-0.13699999943700536
0.2135279188145518,0.02932126435837079,-0.10899999945086969
0.414692896559953,-0.020200024959949103,-0.10899999945086969
0.32946109751520636,-0.033000024525277394,-0.1429999994340343
0.30217697782099884,0.0230155405725051,-0.05209999947904431
0.24989914840691374,-0.035200024450568246,-0.11199999944938421
0.3987336067388201,-0.060700023584620566,-0.1719999994196748
0.4154011165520153,-0.009270025331117981,-0.09999999945532612
0.2647242382407584,0.018785385716155845,-0.09409999945824765
0.2564575083334093,-0.029600024640737077,-0.13399999943849072
0.16982864930432062,-0.009250025331797196,-0.11499999944789874
0.24910698841579193,-0.023000024864864632,-0.09989999945537575
0.27761078809632966,0.012051720944822542,-0.08869999946092144
0.1134472399362273,-0.032800024532069094,-0.10099999945483107
0.2344213085803848,-0.01340002519086847,-0.10399999945334548
0.26987496818303036,-0.032700024535464944,-0.11099999944987948
0.32726312753984055,-0.037900024358879625,-0.10299999945384064
0.26383089825077066,-0.007930025376622685,-0.10199999945433591
0.3364658374366991,-9.942564253995201e-05,-0.10799999945136496
0.40367060668348764,0.005877634354486627,-0.12299999944393758
0.34836527730333366,0.061672949259748644,-0.0532999994784501
0.22173861872252876,-0.020500024949761442,-0.08909999946072333
0.24443196846818815,-0.039900024290962066,-0.13399999943849072
0.29285649792546,-0.017200025061825275,-0.12999999944047136
0.24733190843568664,-0.012000025238410705,-0.10699999945186012
0.26562266823068903,-0.029400024647528777,-0.11799999944641326
0.24180418849763963,-0.03410002448792282,-0.0950999994577525
0.16987480930380316,-0.0076400253864706835,-0.05469999947775683
0.24607380844978688,-0.01080002527916113,-0.11599999944740369
0.33008434750822113,-0.09290002249114948,-0.22599999939293625
0.25915263830320323,0.017585095756916136,-0.08659999946196129
0.1639308293704218,-0.019000025000699527,-0.08469999946290208
0.18258296916137384,-0.02370002484109346,-0.0737999994682993
0.34931593729267885,-0.04930002397175004,-0.09399999945829707
0.3150687376765118,-0.06900002330276311,-0.11699999944690853
0.2778144180940474,-0.025100024793551223,-0.09599999945730686
0.26401540824870273,0.03884154503507409,-0.12099999944492779
0.2166510887795483,0.0008976506336005885,-0.14599999943254882
0.26643709822156114,-0.03700002438944239,-0.12499999944294726
0.18150360917347097,-0.09410002245039895,-0.17799999941670386
0.2549419983503949,-0.04130002424341994,-0.12899999944096663
0.2939528379131726,-0.007620025387149898,-0.06769999947131977
0.274101838135657,-0.026800024735821548,-0.10499999945285043
0.2734772881426568,-0.04140002424002398,-0.11299999944888917
0.3289763175206397,-0.023100024861468782,-0.07949999946547681
0.33912109740693985,-0.010200025299536453,-0.09479999945790096
0.2610487082819526,-0.027400024715446225,-0.1309999994399763
0.19975580896890577,-0.05450002379516461,-0.1259999994424521
0.26509990823654794,-0.09050002257265033,-0.25299999937956696
0.2140654188085278,-0.03660002440302601,-0.1379999994365102
0.2577674383187283,-0.01630002509238815,-0.07219999946909161
0.42708627642105146,-0.023200024858072932,-0.07049999946993324
0.33411066746309537,-0.04190002422304462,-0.13499999943799568
0.25257163837696117,-0.02060002494636559,-0.16499999942314092
0.27806557809123245,0.007039244415039891,-0.12399999944344231
0.25377074836352187,-0.012100025235014744,-0.0868999994618127
0.24324510848149017,-0.017700025044845913,-0.09829999945616796
0.287658737983715,-0.053200023839310995,-0.1359999994375004
0.2753357181218279,-0.060800023581224716,-0.16599999942264576
0.2793377980769738,-0.044600024131356,-0.17099999942016997
0.2795014080751401,-0.016200025095784,-0.10599999945235516
0.2776461880959329,-0.011800025245202406,-0.09999999945532612
0.27682342810515403,-0.02100002493278208,-0.12499999944294726
0.2763697681102386,-0.03370002450150622,-0.12399999944344231
0.2777969080942435,-0.01880002500749134,-0.10299999945384064
0.27799030809207603,-0.013800025177284958,-0.11199999944938421
0.2782515480891481,-0.027600024708654525,-0.13499999943799568
0.27728542809997614,-0.024700024807134846,-0.12499999944294726
0.27653378810840046,-0.010400025292744641,-0.09919999945572233
0.2800299980692158,-0.009540025321949086,-0.10499999945285043
0.2796770080731721,-0.00776002538239573,-0.09669999945696017
0.27408757813581675,-0.005890025445898561,-0.07779999946631866
0.27566712811811356,-0.024400024817322397,-0.10399999945334548
0.2786961580841649,-0.029600024640737077,-0.12699999944195683
0.277444068098198,-0.0181000250312624,-0.10899999945086969
0.27624818811160123,-0.011100025268973468,-0.07899999946572445
0.4253890564400735,0.06404582617916876,-0.011099999499345703
0.287320667987504,0.006754056724724511,-0.0679999994711713
0.26884023819462755,-0.03160002457281963,-0.11499999944789874
0.2804655780643339,-0.016800025075408676,-0.11699999944690853
0.2837486480275382,0.006037261249066006,-0.10199999945433591
0.27764316809596656,-0.010300025296140491,-0.0992999994556728
0.2769501581037339,-0.032300024549048456,-0.11699999944690853
0.276720558106307,-0.025200024790155373,-0.12299999944393758
0.2765433281082932,-0.02070002494296974,-0.11999999944542306
0.28060428806277926,-0.013700025180680808,-0.11199999944938421
0.2797080180728244,-0.009730025315497048,-0.10099999945483107
0.2761553881126415,-0.007740025383074833,-0.0988999994558708
0.2792626280778163,-0.007920025376962347,-0.10099999945483107
0.2799071480705928,-0.015000025136534423,-0.10599999945235516
0.2763753881101756,-0.021500024915802718,-0.11399999944839401
0.27783561809380974,-0.01860002501428304,-0.11599999944740369
0.2782978380886294,-0.020100024963344953,-0.11899999944591821
0.09719030011843033,0.2348542263787322,0.1176907304368826
0.28293083803670394,-0.04870002399212525,-0.16399999942363597
0.2880219379796445,-0.014000025170493147,-0.12099999944492779
0.2845029380190842,-0.009730025315497048,-0.12099999944492779
0.2777200880951045,-0.01630002509238815,-0.11399999944839401
0.27202314815895434,-0.01610002509917985,-0.10099999945483107
0.28008096806864446,-0.01610002509917985,-0.10999999945037453
0.281831598049024,-0.016900025072012825,-0.11399999944839401
0.2788284580826823,-0.017200025061825275,-0.11199999944938421
0.2785160580861836,-0.017000025068616975,-0.11199999944938421
0.2787996580830052,-0.017000025068616975,-0.10899999945086969
0.28075789806105766,-0.017200025061825275,-0.11299999944888917
0.276819698105196,-0.017100025065221236,-0.10999999945037453
0.273971548137117,-0.016900025072012825,-0.10099999945483107
0.27543932812066685,-0.017300025058429425,-0.10199999945433591
0.27608807811339564,-0.017000025068616975,-0.10799999945136496
0.38362647690813634,-0.12100002153690914,-0.21699999939739267
0.2632065782577677,0.007527150898471224,-0.10699999945186012
0.2817333180501256,-0.0181000250312624,-0.10199999945433591
0.2781123280907085,-0.0179000250380541,-0.10699999945186012
0.2742779781336828,-0.013000025204451982,-0.10299999945384064
0.27479957812783673,-0.01590002510597166,-0.10699999945186012
0.2724804881538285,-0.015300025126346872,-0.10699999945186012
0.2866646179948569,-0.01880002500749134,-0.12799999944146168
0.28484910801520447,-0.01800002503465825,-0.12099999944492779
0.2647107382409095,-0.008570025354889155,-0.08509999946270408
0.2808058980605199,-0.020000024966740915,-0.11499999944789874
0.28515484801177804,-0.024100024827510058,-0.12399999944344231
0.28690087799220887,-0.027200024722238036,-0.13499999943799568
0.29641997788552166,-0.03460002447094335,-0.14799999943155862
0.27516219812377263,-0.015400025122950911,-0.09709999945676218
0.25466219835353066,-0.0007320256210576748,-0.05249999947884609
0.26853036819810017,-0.013800025177284958,-0.07939999946552645
0.2858853580035907,-0.026700024739217287,-0.12099999944492779
0.10777805999976586,-0.0570000237102678,-0.05799999947612278
0.33979893739934286,-0.012400025224827194,-0.10799999945136496
0.25987278829513194,-0.01600002510257581,-0.10499999945285043
0.2794805180753741,-0.019600024980324315,-0.10699999945186012
0.27581779811642493,-0.018500025017679,-0.10599999945235516
0.2671234282138688,-0.01570002511276336,-0.10899999945086969
0.2817196780502782,-0.01600002510257581,-0.10999999945037453
0.2864188679976112,-0.017700025044845913,-0.10999999945037453
0.28344079803098854,-0.017600025048241763,-0.10599999945235516
0.2773512480992384,-0.017100025065221236,-0.10699999945186012
0.27905769808011316,-0.017300025058429425,-0.10899999945086969
0.27452537813091005,-0.017700025044845913,-0.10799999945136496
0.2665714582200551,-0.017300025058429425,-0.10899999945086969
0.28549068800801414,-0.016800025075408676,-0.10999999945037453
0.289857407959073,-0.017600025048241763,-0.10699999945186012
0.27472052812872283,-0.017600025048241763,-0.10899999945086969
0.29189435793624363,-0.017400025055033574,-0.10399999945334548
0.2923163979315133,-0.016600025082200487,-0.10599999945235516
0.26982823818355417,-0.01600002510257581,-0.10999999945037453
0.32129414760673924,-0.05180002388685323,-0.05969999947528104
0.3314934874924278,-0.02090002493617793,-0.10999999945037453
0.25360708836535606,-0.015000025136534423,-0.10599999945235516
0.2785877180853804,-0.017500025051637724,-0.10599999945235516
0.2828745480373349,-0.017400025055033574,-0.10699999945186012
0.2913362879424981,-0.017500025051637724,-0.10599999945235516
0.27320521814570586,-0.01560002511615921,-0.11099999944987948
0.25819362831395165,-0.017500025051637724,-0.11099999944987948
0.27958705807418016,-0.01870002501088719,-0.10399999945334548
0.2880295879795587,-0.017400025055033574,-0.10399999945334548
0.2859165580032408,-0.01830002502447059,-0.10399999945334548
0.2732147181455995,-0.017600025048241763,-0.10999999945037453
0.27592154811526215,-0.017200025061825275,-0.11299999944888917
0.28680028799333646,-0.017200025061825275,-0.10699999945186012
0.27035064817769894,-0.01630002509238815,-0.10699999945186012
0.28041987806484614,-0.017300025058429425,-0.10699999945186012
0.27587733811575754,-0.0164000250889923,-0.11299999944888917
0.26949979818723513,-0.01600002510257581,-0.10999999945037453
0.2877061179831839,-0.019100024997303677,-0.10199999945433591
0.29196397793546325,-0.01880002500749134,-0.10399999945334548
0.27232371815558554,-0.016800025075408676,-0.10999999945037453
0.25907798830403994,-0.0164000250889923,-0.11499999944789874
0.28263430804002754,-0.017500025051637724,-0.10899999945086969
0.2924062879305058,0.009809985420949019,-0.10099999945483107
0.2537673083635603,-0.016600025082200487,-0.08349999946349629
0.24416071847122822,-0.007060025406166792,-0.12499999944294726
0.2661246582250629,-0.006280025432654601,-0.14099999943502473
0.2738863681380719,0.005775309257961547,-0.07459999946790319
0.3049184777902729,0.011457387965005394,-0.07559999946740803
0.33466577745687376,-0.028200024688279313,-0.1359999994375004
0.31120947771976515,-0.032300024549048456,-0.13399999943849072
0.23707985855058866,-0.016200025095784,-0.10799999945136496
0.22043468873714267,-0.012500025221431232,-0.09229999945913892
0.24200493849538973,-0.00903002533926811,-0.08749999946151565
0.2781246780905702,-0.022200024892031656,-0.0957999994574058
0.3471480773169757,-0.029500024644132927,-0.09699999945681159
0.3398503773987662,-0.042800024192481745,-0.12999999944047136
0.25005143840520705,-0.0265000247460091,-0.1309999994399763
0.2314146286140828,-0.017700025044845913,-0.12199999944443263
0.23504302857341686,0.018648106720817736,-0.10299999945384064
0.3311948174957755,-0.006670025419410752,-0.08069999946488271
0.3706897370531277,-0.037600024369067175,-0.12099999944492779
0.27859895808525437,-0.04750002403287579,-0.12099999944492779
0.20235118893981752,-0.021700024909011018,-0.11199999944938421
0.21663814877969334,0.00692443011893884,-0.11599999944740369
0.30929725774119676,0.014488141862084802,-0.10199999945433591
0.35260091725586196,-0.02330002485467697,-0.11599999944740369
0.3275443675366885,-0.019400024987116016,-0.11599999944740369
0.20351471892677675,-0.001690025588525157,-0.09919999945572233
0.20797202887682076,-0.01610002509917985,-0.08509999946270408
0.3730002670272319,-0.020400024953157292,-0.0934999994585447
0.3369741274310025,-0.037800024362275475,-0.12899999944096663
0.22373009870020866,-0.048300024005708764,-0.10599999945235516
0.24628836844738222,-0.02390002483430176,-0.09819999945621738
0.28036213806549326,0.044646166837956636,-0.029299999490333795
0.23454933857894988,-0.011800025245202406,-0.09859999945601938
0.3061468777765053,-0.027900024698466863,-0.11499999944789874
0.36946023706690756,-0.021600024912406868,-0.12099999944492779
0.39833661674326937,-0.004580025490384498,-0.1359999994375004
0.20041462896152185,-0.009420025326024262,-0.15199999942957787
0.11459357992337937,-0.03690002439283835,-0.11699999944690853
0.28921455796627793,-0.02870002467129984,-0.11699999944690853
0.27428507813360326,0.002115190782254528,-0.14499999943304398
0.29948393785118177,0.019522750691115864,-0.039199999485431736
0.42925386639675756,-0.022300024888635694,-0.09499999945780202
0.3666594070982985,-0.030600024606778242,-0.17999999941571354
0.24019757851564605,-0.024600024810530696,-0.15199999942957787
0.19506298902150143,0.01897250770980141,-0.09559999945750486
0.13352938971115225,-0.010300025296140491,-0.10499999945285043
0.41805178652230746,-0.03400002449131867,-0.0818999994642885
0.4232693064638311,-0.022700024875052294,-0.08829999946111944
0.2263559386707792,-0.03350002450829792,-0.18499999941323775
0.24579631845289707,-0.01090002527576528,-0.11399999944839401
0.27641656810971416,-0.017300025058429425,-0.09239999945908928
0.3203948376168182,-0.004880025480196837,-0.1549999994280925
0.2818528380487859,-0.029800024633945266,-0.16499999942314092
0.315404647672747,-0.06220002353368248,-0.1379999994365102
0.2409282285074572,-0.029900024630549416,-0.11499999944789874
0.22577890867724615,-0.005750025450652729,-0.06709999947161693
0.2914506379412165,-0.00550002545914241,-0.07269999946884398
0.22252458871371994,-0.08840002264396374,-0.20399999940382973
0.3095680077381622,-0.05470002378837291,-0.11299999944888917
0.33778522742191175,-0.027400024715446225,-0.07109999946963619
0.24750568843373877,-0.002830025549812265,-0.11299999944888917
0.20583007890082716,0.01509835284136285,-0.13199999943948115
0.24870580842028822,0.005448551469057761,-0.14399999943353925
0.37520156700256035,-0.03610002442000526,-0.1669999994221506
0.2713600981663855,-0.03880002432831675,-0.14099999943502473
0.23645585855758222,-0.02130002492259453,-0.11499999944789874
0.28974380796034627,0.04513086182149695,-0.017199999496325225
0.19831991898499868,-0.030700024603382392,-0.11799999944641326
0.3029060778128272,-0.0179000250380541,-0.12999999944047136
0.1719800792802082,-0.03400002449131867,-0.10799999945136496
0.25411683835964305,-0.032900024528673244,-0.11399999944839401
0.5031120455689766,-0.029200024654320478,-0.1259999994424521
0.31040494772878224,-0.003400025530455819,-0.11599999944740369
0.14976175952922444,0.013895910882196216,-0.10599999945235516
0.2092554188624367,-0.0471000240464593,-0.17699999941719902
0.2589209983057994,-0.02600002476298846,-0.11699999944690853
0.24808854842720618,-0.03620002441660941,-0.12099999944492779
0.28425088802190923,-0.029100024657716328,-0.14099999943502473
0.2906797179498568,-0.008460025358624557,-0.11199999944938421
0.2720663481584702,-0.027500024712050375,-0.12799999944146168
0.3072709277639074,-0.046900024053251,-0.10799999945136496
0.33406697746358494,-0.037900024358879625,-0.054099999478053884
0.35639571721333096,-0.00418002550396801,-0.10899999945086969
0.2787906980831054,-0.032500024542256756,-0.14599999943254882
0.27570921811764193,-0.01800002503465825,-0.10199999945433591
0.27768305809551963,-0.02120002492599038,-0.10699999945186012
0.27730095809980204,-0.01600002510257581,-0.09859999945601938
0.27960097807402406,-0.014000025170493147,-0.09059999945998054
0.27718242810113036,-0.0179000250380541,-0.10999999945037453
0.27625284811154893,-0.017400025055033574,-0.11599999944740369
0.2761222581130127,-0.01860002501428304,-0.11499999944789874
0.2768801281045188,-0.01890002500409549,-0.10999999945037453
0.27889394808194834,-0.014900025139930384,-0.10499999945285043
0.27852851808604395,-0.007480025391904066,-0.10299999945384064
0.2801800080675345,-0.010100025302932303,-0.10999999945037453
0.27549277812006756,-0.023200024858072932,-0.10399999945334548
0.2753827781213005,-0.02330002485467697,-0.10099999945483107
0.28216824804525076,-0.012100025235014744,-0.11899999944591821
0.2759181981152996,-0.018500025017679,-0.09999999945532612
0.27504266812511236,-0.02340002485128112,-0.09799999945631654
0.27902986808042507,-0.016600025082200487,-0.10899999945086969
0.34969415728844,0.004354134406222787,0.03516594147774543
0.2706233681746426,-0.006060025440125516,-0.10199999945433591
0.2776073080963686,-0.022300024888635694,-0.11599999944740369
0.2806163580626442,-0.014600025150118046,-0.10399999945334548
0.278657978084593,-0.013800025177284958,-0.10899999945086969
0.2757692481169691,-0.013800025177284958,-0.09999999945532612
0.2777982780942283,-0.015100025133138573,-0.10599999945235516
0.2787296380837898,-0.0179000250380541,-0.11199999944938421
0.2779136480929352,-0.02100002493278208,-0.11399999944839401
0.27781516809403883,-0.016900025072012825,-0.11899999944591821
0.2761872581122842,-0.011300025262181768,-0.10599999945235516
0.27817755808997746,-0.015500025119555061,-0.10099999945483107
0.27821857808951767,-0.022400024885239844,-0.12099999944492779
0.2761532181126656,-0.01860002501428304,-0.11599999944740369
0.27686936810463925,-0.016600025082200487,-0.10399999945334548
0.2785596080856956,-0.01840002502107485,-0.10199999945433591
0.27879515808305544,-0.01590002510597166,-0.0996999994554747
0.2780293280916388,-0.014800025143326234,-0.10399999945334548
0.10481168003301211,0.05100297962208733,-0.005649999502044256
0.30804320775525174,-0.027300024718842075,-0.13999999943551977
0.26544204823271333,-0.011100025268973468,-0.09479999945790096
0.27094252817106557,-0.014700025146722084,-0.10499999945285043
0.2839351580254479,-0.02100002493278208,-0.11499999944789874
0.28225820804424284,-0.01880002500749134,-0.10899999945086969
0.27910501807958266,-0.017300025058429425,-0.10599999945235516
0.2735499381418425,-0.016600025082200487,-0.10599999945235516
0.2771277281017437,-0.017100025065221236,-0.11099999944987948
0.27832688808830386,-0.018500025017679,-0.10999999945037453
0.27015261817991876,-0.01630002509238815,-0.10099999945483107
0.2725979081525125,-0.014800025143326234,-0.10499999945285043
0.2805725180631353,-0.016500025085596337,-0.11199999944938421
0.2782665280889802,-0.01560002511615921,-0.10799999945136496
0.2707659381730445,-0.013100025201056131,-0.10499999945285043
0.27457999813029765,-0.017600025048241763,-0.10899999945086969
0.28253669804112147,-0.01830002502447059,-0.11199999944938421
0.275269418122571,-0.01840002502107485,-0.09999999945532612
0.30283677781360385,-0.023100024861468782,-0.21399999939887815
0.29952640785070583,-0.022900024868260593,-0.11799999944641326
0.27056351817531343,-0.012300025228223044,-0.09849999945606891
0.27574845811720206,-0.01600002510257581,-0.10399999945334548
0.2769804281033945,-0.0164000250889923,-0.10499999945285043
0.2766790581067722,-0.016900025072012825,-0.10399999945334548
0.2756119881187318,-0.016500025085596337,-0.10299999945384064
0.2729194581489085,-0.013700025180680808,-0.09849999945606891
0.27613148811290933,-0.014100025167097296,-0.10899999945086969
0.27713397810167373,-0.0164000250889923,-0.10699999945186012
0.2779518680925068,-0.01800002503465825,-0.10799999945136496
0.27852672808606416,-0.019000025000699527,-0.11399999944839401
0.2774144780985299,-0.017400025055033574,-0.10299999945384064
0.27950451807510523,-0.017100025065221236,-0.10499999945285043
0.2747283081286356,-0.014900025139930384,-0.10499999945285043
0.27655080810820953,-0.016200025095784,-0.10999999945037453
0.2776076280963651,-0.017400025055033574,-0.11099999944987948
0.2774440580981983,-0.01800002503465825,-0.10399999945334548
0.2769483381037541,-0.017500025051637724,-0.10299999945384064
0.20780154887873126,-0.032300024549048456,-0.07089999946973524
0.2303547986259611,-0.022500024881843994,-0.10099999945483107
0.2819564380476247,-0.017000025068616975,-0.10999999945037453
0.277070688102383,-0.018500025017679,-0.10599999945235516
0.2787492880835696,-0.017500025051637724,-0.10899999945086969
0.2769253481040119,-0.01800002503465825,-0.11199999944938421
0.27662001810743386,-0.017100025065221236,-0.10899999945086969
0.2801978080673351,-0.01600002510257581,-0.10699999945186012
0.2743607981327547,-0.017500025051637724,-0.10699999945186012
0.2732464181452443,-0.017100025065221236,-0.10799999945136496
0.27636227811032255,-0.016900025072012825,-0.10899999945086969
0.2752899881223405,-0.016900025072012825,-0.10999999945037453
0.2768231881051568,-0.016500025085596337,-0.10999999945037453
0.28179020804948784,-0.0164000250889923,-0.10999999945037453
0.2802797380664168,-0.017100025065221236,-0.10699999945186012
0.27674567810602557,-0.017000025068616975,-0.10699999945186012
0.2754024681210798,-0.017100025065221236,-0.10899999945086969
0.24818267842615138,-0.01600002510257581,-0.12699999944195683
0.3224358275939434,-0.012600025218035382,-0.11199999944938421
0.24848044842281425,-0.0181000250312624,-0.10199999945433591
0.278354248087997,-0.01630002509238815,-0.11099999944987948
0.2772170681007424,-0.017200025061825275,-0.10899999945086969
0.2683530882000873,-0.016800025075408676,-0.10999999945037453
0.27388690813806593,-0.015100025133138573,-0.10899999945086969
0.27751354809741957,-0.01610002509917985,-0.10799999945136496
0.2733189981444306,-0.018500025017679,-0.10599999945235516
0.2753484981216847,-0.019000025000699527,-0.10499999945285043
0.2753160381220485,-0.01860002501428304,-0.10699999945186012
0.27498125812580065,-0.017000025068616975,-0.10799999945136496
0.2751707981236764,-0.016700025078804637,-0.10899999945086969
0.27501577812541367,-0.016700025078804637,-0.10599999945235516
0.2790711380799624,-0.017400025055033574,-0.10899999945086969
0.2803162580660077,-0.01800002503465825,-0.10799999945136496
0.2773146980996479,-0.017000025068616975,-0.10799999945136496
0.2729530981485315,-0.017000025068616975,-0.10899999945086969
0.27369984814016246,-0.012500025221431232,-0.11499999944789874
0.26216154826948035,-0.001940025580035476,-0.10899999945086969
0.2879839979800696,-0.011800025245202406,-0.1309999994399763
0.25423798835828504,-0.02140002491919868,-0.12099999944492779
0.2701340581801266,-0.009190025333834728,-0.0891999994606738
0.3564389172128466,-0.008400025360662089,-0.13199999943948115
0.21506183879736018,-0.023200024858072932,-0.1359999994375004
0.2673521782113053,-0.007330025396997897,-0.06669999947181493
0.3643154871245684,-0.024300024820718358,-0.08319999946364476
0.25068005839816143,-0.040000024287566216,-0.11599999944740369
0.22636149867071675,-0.0046900254866489854,-0.11099999944987948
0.30157039782779727,-0.0008370256174919932,-0.11199999944938421
0.2721078181580052,-0.012400025224827194,-0.11399999944839401
0.26346967825481893,-0.014100025167097296,-0.09479999945790096
0.3474293573138234,-0.027700024705258564,-0.10799999945136496
0.29204697793453294,0.00268831016279214,-0.14699999943205377
0.23098736861887148,0.008871882752805815,-0.14699999943205377
0.329909927510176,-0.033000024525277394,-0.08059999946493224
0.3010093578340851,-0.03950002430454569,-0.12399999944344231
0.18402799914517853,5.587288994024497e-06,-0.10499999945285043
0.2913163579427216,-0.0010700256095795835,-0.07249999946894303
0.37597769699386174,-0.0014200255976940523,-0.10399999945334548
0.2184351887595526,-0.0065400254238252575,-0.10699999945186012
0.24560818845500543,-0.024200024824114208,-0.07709999946666524
0.3484229973026869,-0.03580002443019292,-0.12299999944393758
0.24139679850220563,-0.03910002431812909,-0.15599999942759735
0.21905113875264925,0.01274508792127671,-0.09019999946017876
0.31454613768236883,0.0030913025491070556,-0.0795999994654274
0.33767432742315484,-0.027900024698466863,-0.11999999944542306
0.4136671465714492,0.003216125944868087,-0.09569999945745533
0.15172996950716544,0.025405807491334698,-0.06159999947434025
0.35549728722340035,-0.0387000243317126,-0.14099999943502473
0.31877287763499695,-0.024800024803738885,-0.10599999945235516
0.1556071794637106,-0.0019600255793562615,-0.10499999945285043
0.34723761731597214,-0.03950002430454569,-0.16399999942363597
0.34370306735558653,-0.004610025489365621,-0.06899999947067603
0.4018583967037983,0.028293786393262632,-0.06399999947315183
0.24177764849793704,0.008568120963121206,-0.14699999943205377
0.29865265786049844,-0.03600002442340111,-0.1889999994112571
0.24398268847322346,-0.0063600254299379655,-0.09319999945869328
0.27970006807291337,-0.004400025496496984,-0.10999999945037453
0.2528444683739033,-0.040800024260399304,-0.12399999944344231
0.3277496075343882,0.012944592914501785,-0.10299999945384064
0.3299493875097337,-0.030500024610174203,-0.08609999946220881
0.24671630844258607,0.009387183635306884,-0.12699999944195683
0.35955772717789203,-0.020100024963344953,-0.15199999942957787
0.3293416275165455,-0.023200024858072932,-0.12799999944146168
0.2911625479444455,-0.01840002502107485,-0.11199999944938421
0.12351270982341644,-0.017200025061825275,-0.11599999944740369
0.2480432584277139,0.0013136382094742771,-0.08449999946300113
0.41037932660829823,-0.024600024810530696,-0.11299999944888917
0.29414738791099215,-0.06410002346916077,-0.23299999938947025
0.2519423283840143,-0.03170002456942367,-0.08259999946394192
0.23453128857915218,-0.0015600255929397733,-0.11499999944789874
0.2000037389661271,0.0013893691069025715,-0.07779999946631866
0.2126315388245983,-0.012200025231618894,-0.034699999487659894
0.2831161980346266,-0.02880002466790399,-0.11599999944740369
0.3276879075350798,-0.03890002432492079,-0.10999999945037453
0.316029657665742,-0.03900002432152494,-0.047799999481173416
0.18773885910358845,-0.06990002327220024,-0.1789999994162086
0.31913102763098267,-0.008360025362020407,-0.11399999944839401
0.2916054479394814,-0.023000024864864632,-0.09939999945562328
0.28805857797923373,-0.006070025439785853,-0.12299999944393758
0.34255579736844477,0.005184112578037858,-0.11699999944690853
0.26843012819922385,-0.019300024990511977,-0.10299999945384064
0.29747686787367633,-0.020400024953157292,-0.1309999994399763
0.34321559736105,-0.03840002434190026,-0.11799999944641326
0.27028272817846033,-0.037600024369067175,-0.12799999944146168
0.24637280844643583,-0.07740002301750981,-0.16899999942116029
0.3696672370645875,-0.045600024097397385,-0.16099999942512155
0.31422441768597476,-0.019900024970136765,-0.1359999994375004
0.2704093181770415,-0.010200025299536453,-0.10099999945483107
0.25436443835686795,-0.007470025392243729,-0.06949999947042851
0.21474652880089407,-0.014100025167097296,-0.07789999946626913
0.2556011883430067,-0.021900024902219206,-0.09999999945532612
0.2664211182217402,-0.009440025325344936,-0.08079999946483318
0.28317117803401026,-0.020300024956553253,-0.20699999940234426
0.28162877805129694,-0.02110002492938623,-0.13199999943948115
0.27607667811352354,-0.027100024725633887,-0.11599999944740369
0.2761049381132068,-0.020200024959949103,-0.11899999944591821
0.27841812808728106,-0.01630002509238815,-0.11599999944740369
0.28067849806194745,-0.012600025218035382,-0.10099999945483107
0.27836107808792043,-0.01570002511276336,-0.09899999945582139
0.2765166681085922,-0.016800025075408676,-0.10599999945235516
0.278274488088891,-0.014000025170493147,-0.10599999945235516
0.2764427781094203,-0.016200025095784,-0.10699999945186012
0.2771157581018777,-0.022700024875052294,-0.12199999944443263
0.2800524980689636,-0.017100025065221236,-0.11599999944740369
0.27737757809894337,-0.01330002519426432,-0.10399999945334548
0.2773183880996066,-0.016800025075408676,-0.10899999945086969
0.27856220808566645,-0.015000025136534423,-0.10099999945483107
0.27717515810121207,-0.016800025075408676,-0.10099999945483107
0.27643007810956255,-0.01590002510597166,-0.10699999945186012
0.27748008809779434,-0.017100025065221236,-0.11799999944641326
0.2769478081037602,-0.025000024796947184,-0.12699999944195683
0.27546687812035797,-0.021800024905615167,-0.11999999944542306
0.2772526981003429,-0.01580002510936751,-0.10899999945086969
0.2776416780959834,-0.016900025072012825,-0.0973999994566136
0.2775297880972376,-0.02070002494296974,-0.10599999945235516
0.27586268811592185,-0.02070002494296974,-0.10499999945285043
0.27864816808470283,-0.01350002518747262,-0.10099999945483107
0.3753686970006873,0.049797714663016523,0.03844015647612409
0.2787921480830893,0.024725121514449944,-0.1499999994305683
0.27358657814143195,-0.017400025055033574,-0.13299999943898588
0.27443779813189173,-0.0654000234250145,-0.12499999944294726
0.27358798814141605,-0.030400024613570054,-0.14899999943106346
0.2769354881038981,-0.011100025268973468,-0.10699999945186012
0.27972554807262795,-0.010400025292744641,-0.0996999994554747
0.2808942580595295,-0.00908002533757013,-0.10099999945483107
0.2814212780536227,-0.0073200253973375595,-0.08969999946042628
0.280590118062938,-0.010600025285952941,-0.09399999945829707
0.2790311880804104,-0.019100024997303677,-0.10899999945086969
0.2762220381118943,-0.01880002500749134,-0.10499999945285043
0.2763165681108348,-0.015400025122950911,-0.10499999945285043
0.2765604981081011,-0.0181000250312624,-0.10899999945086969
0.2777386080948969,-0.016600025082200487,-0.10499999945285043
0.2769935881032468,-0.01890002500409549,-0.10899999945086969
0.2711670781685489,-0.03350002450829792,-0.12899999944096663
0.2713760081662071,-0.03430002448113101,-0.12799999944146168
0.27569941811775167,-0.022100024895427506,-0.11899999944591821
0.1334979097115052,0.04064914997369018,0.039049939475822026
0.2873152779875645,-0.024100024827510058,-0.12099999944492779
0.2791946180785785,-0.01570002511276336,-0.10199999945433591
0.2683141782005234,-0.015400025122950911,-0.0973999994566136
0.2743433681329499,-0.017000025068616975,-0.10799999945136496
0.2771261181017617,-0.017000025068616975,-0.10499999945285043
0.2723816481549364,-0.014700025146722084,-0.09999999945532612
0.2875528579849018,-0.01830002502447059,-0.12299999944393758
0.29328332792067635,-0.02090002493617793,-0.12499999944294726
0.27921470807835336,-0.017500025051637724,-0.11099999944987948
0.2742799381336609,-0.01610002509917985,-0.10599999945235516
0.2709776981706713,-0.01630002509238815,-0.10299999945384064
0.27286072814956697,-0.01570002511276336,-0.09999999945532612
0.2813265480546845,-0.0179000250380541,-0.10699999945186012
0.28013289806806263,-0.01890002500409549,-0.11299999944888917
0.2769248181040176,-0.0164000250889923,-0.11399999944839401
0.2975087078733194,-0.03400002449131867,-0.13499999943799568
0.28889404796987006,-0.017500025051637724,-0.11299999944888917
0.27083774817223993,-0.013000025204451982,-0.09759999945651454
0.27743094809834523,-0.01560002511615921,-0.10699999945186012
0.2780287880916448,-0.01570002511276336,-0.10899999945086969
0.27670029810653407,-0.016700025078804637,-0.10899999945086969
0.27222117815673474,-0.011900025241806556,-0.09949999945557375
0.2762681281113777,-0.01320002519766017,-0.09269999945894081
0.2823903080427621,-0.02100002493278208,-0.10699999945186012
0.2760298481140482,-0.017000025068616975,-0.10499999945285043
0.27855783808571544,-0.019400024987116016,-0.11199999944938421
0.2784918480864549,-0.017300025058429425,-0.10199999945433591
0.2769016981042769,-0.017600025048241763,-0.10199999945433591
0.276766078105797,-0.017200025061825275,-0.10999999945037453
0.2785916480853363,-0.016900025072012825,-0.10999999945037453
0.2781359080904442,-0.018500025017679,-0.10599999945235516
0.2743177681332367,-0.017500025051637724,-0.09209999945923786
0.47205977591700155,-0.0387000243317126,-0.12699999944195683
0.2689986381928522,-0.01580002510936751,-0.09249999945903986
0.26752455820937326,-0.017700025044845913,-0.10799999945136496
0.28685026799277624,-0.016800025075408676,-0.10999999945037453
0.27439127813241293,-0.016500025085596337,-0.10599999945235516
0.27297700814826364,-0.01800002503465825,-0.10799999945136496
0.2598040682959022,-0.019700024976928465,-0.10899999945086969
0.26929734818950424,-0.016800025075408676,-0.10899999945086969
0.2793205980771667,-0.016800025075408676,-0.10699999945186012
0.2780657380912306,-0.017400025055033574,-0.10599999945235516
0.274346388132916,-0.017400025055033574,-0.10999999945037453
0.2739306781375752,-0.0179000250380541,-0.10899999945086969
0.27237982815495676,-0.017800025041450063,-0.10699999945186012
0.2772474681004016,-0.01600002510257581,-0.10799999945136496
0.27701289810303065,-0.017300025058429425,-0.10799999945136496
0.27838905808760694,-0.017200025061825275,-0.10999999945037453
0.275292248122315,-0.017000025068616975,-0.10999999945037453
0.28056994806316427,-0.0164000250889923,-0.11199999944938421
0.28180488804932335,-0.01590002510597166,-0.10999999945037453
0.25316801837027714,-0.019600024980324315,-0.10299999945384064
0.27243224815436906,-0.0181000250312624,-0.10699999945186012
0.2852853980103147,-0.017300025058429425,-0.10999999945037453
0.26421182824650113,-0.019200024993907827,-0.10599999945235516
0.22832520864870798,-0.030000024627153565,-0.10199999945433591
0.16608325934629775,-0.024100024827510058,-0.08889999946082239
0.2538083183631008,-0.022200024892031656,-0.10599999945235516
0.29625400788738165,-0.01330002519426432,-0.11099999944987948
0.2738044381389899,-0.01600002510257581,-0.11099999944987948
0.26162861827545303,-0.019600024980324315,-0.10899999945086969
0.27395632813728765,-0.01890002500409549,-0.10499999945285043
0.27896786808111984,-0.017500025051637724,-0.10799999945136496
0.2811625380565226,-0.016500025085596337,-0.10999999945037453
0.27242980815439655,-0.017800025041450063,-0.10599999945235516
0.2700916881806015,-0.017600025048241763,-0.10899999945086969
0.27718464810110555,-0.017800025041450063,-0.10799999945136496
0.2772234881006703,-0.017400025055033574,-0.10799999945136496
0.2739191081377048,-0.01630002509238815,-0.11199999944938421
0.27647861810901864,-0.017200025061825275,-0.10899999945086969
0.2652933782343796,-0.05000002394797887,-0.1819999994147231
0.27165139816312056,-0.01570002511276336,-0.14399999943353925
0.2119759188319461,0.008148211377380754,-0.09409999945824765
0.32963454751326227,-0.026700024739217287,-0.09089999945983207
0.3280786175307009,-0.04620002407702217,-0.14199999943452946
0.17210030927886066,-0.011100025268973468,-0.12399999944344231
0.2700461381811121,0.009287741038683794,-0.08019999946513023
0.35396257724060076,-0.015200025129742722,-0.13399999943849072
0.26085696828410154,-0.023100024861468782,-0.11199999944938421
0.27033420817788345,-0.006470025426202453,-0.0756999994673585
0.317642487647666,-0.03100002459319484,-0.12499999944294726
0.26068879828598646,-0.0486000239955211,-0.13899999943601493
0.22588598867604603,-0.0017200255875063908,-0.10299999945384064
0.28888446796997735,0.00035162799214283336,-0.08199999946423897
0.2522572583804845,-0.050700023924207915,-0.18299999941422807
0.2437786584755104,-0.006490025425523238,-0.15799999942660692
0.1746686192500757,-0.008340025362699621,-0.11199999944938421
0.3044219777958377,-0.03430002448113101,-0.10599999945235516
0.35345916724624304,-0.04090002425700345,-0.09089999945983207
0.23227775860440913,-0.005930025444540132,-0.0977999994564156
0.285946708002903,0.010727002989808332,-0.09859999945601938
0.33013023750770687,-0.009690025316855255,-0.12999999944047136
0.24822045842572793,-0.024900024800343035,-0.12899999944096663
0.23401302858496065,-0.023100024861468782,-0.06439999947295383
0.3223200675952409,-0.014400025156909746,-0.11099999944987948
0.2714402881654867,-0.030500024610174203,-0.16399999942363597
0.2063643788948386,-0.025000024796947184,-0.10999999945037453
0.3029333478125218,-0.01080002527916113,-0.08219999946413992
0.32143808760512593,-0.028100024691675163,-0.10899999945086969
0.3120508977103347,-0.0011900256055045189,-0.11699999944690853
0.40105543671279764,-0.012500025221431232,-0.12399999944344231
0.3959939267695256,-0.03580002443019292,-0.14799999943155862
0.19282696904656205,-0.058600023655933864,-0.14599999943254882
0.2659617282268891,-0.01840002502107485,-0.12899999944096663
0.18511461913299998,-0.016200025095784,-0.10199999945433591
0.27666952810687895,-0.017700025044845913,-0.07639999946701193
0.422953716467368,0.003480580935887656,-0.08699999946176318
0.31602689766577297,-0.048000024015896425,-0.11299999944888917
0.1616879193955596,-0.01580002510936751,-0.08089999946478366
0.2637452382517309,-0.04780002402268824,-0.12999999944047136
0.357590677199938,-0.04150002423662813,-0.1719999994196748
0.3352562574502558,0.019097944705541714,-0.05579999947721215
0.18928225908629015,-0.022300024888635694,-0.07089999946973524
0.37412480701462836,-0.02110002492938623,-0.16099999942512155
0.2566005983318058,0.013215888905288908,-0.14499999943304398
0.35462854723313675,0.01733491176541213,-0.061799999474241196
0.3803218569451736,-0.009920025309044789,-0.17299999941917954
0.3023029778195867,-0.00437002549751575,-0.17099999942016997
0.16007475941363936,-0.010400025292744641,-0.10899999945086969
0.2688109281949558,-0.016800025075408676,-0.008999999500385547
0.44742047619315173,-0.009260025331457644,-0.09089999945983207
0.13267581972071896,-0.04910002397854185,-0.1979999994068007
0.2716160781635166,-0.004260025501251263,-0.13699999943700536
0.24101818850644885,-0.02380002483769761,-0.14899999943106346
0.25426576835797365,-0.017400025055033574,-0.1599999994256167
0.33714848742904824,0.010731934989640757,-0.14499999943304398
0.2693260981891821,-0.022700024875052294,-0.10999999945037453
0.23896616852944752,-0.01820002502786655,-0.08989999946032723
0.2700285181813096,-0.02070002494296974,-0.10399999945334548
0.2262387186720929,-0.032400024545652606,-0.11199999944938421
0.2235092587026839,0.007550248897686851,-0.22799999939194593
0.26568089823003627,0.003891052621948443,-0.12899999944096663
0.2876262979840787,-0.013000025204451982,-0.12199999944443263
0.24211245849418472,-0.013000025204451982,-0.1599999994256167
0.22692043866445255,-0.008730025349455772,-0.11499999944789874
0.3211335776085389,-0.00958002532059088,-0.09729999945666312
0.3055457677832425,-0.013900025173889108,-0.10899999945086969
0.2329111485973101,0.005839355755786535,-0.0849999994627535
0.22608776867378477,-0.019100024997303677,-0.12199999944443263
0.11169003995592153,0.01005037701278566,-0.22399999939392656
0.23989663851901888,-0.016900025072012825,-0.10599999945235516
0.37124620704689093,-0.02890002466450814,-0.09179999945938644
0.30973777773625955,-0.020500024949761442,-0.15399999942858766
0.24762069843245005,-0.04440002413814781,-0.15799999942660692
0.2074207088829998,-0.01570002511276336,-0.1939999994087812
0.272723838151101,-0.006770025416014902,-0.13499999943799568
0.30074386783706064,-0.025300024786759523,-0.040799999484639526
0.2853882280091624,0.018487691726265187,-0.045199999482460895
0.2678645782055622,-0.03390002449471452,-0.15099999943007314
0.2863832679980103,-0.035400024443776434,-0.1939999994087812
0.27394147813745406,-0.011100025268973468,-0.08009999946517976
0.27059768817493035,-0.02850002467809165,-0.09009999946022818
0.28190528804819825,-0.02090002493617793,-0.12499999944294726
0.28859303797324376,0.007487935499802867,-0.0876999994614166
0.2801414280679668,-0.005390025462877812,-0.07699999946671487
0.27736566809907703,-0.015500025119555061,-0.10699999945186012
0.2827189480390788,-0.00918002533417428,-0.11799999944641326
0.27864784808470655,-0.020000024966740915,-0.11899999944591821
0.27392004813769444,-0.02610002475959261,-0.11999999944542306
0.2719314581599821,-0.025300024786759523,-0.10799999945136496
0.2758218981163789,-0.021800024905615167,-0.10799999945136496
0.2823175880435771,-0.011800025245202406,-0.10399999945334548
0.28204844804659346,-0.009010025339947325,-0.10799999945136496
0.2796256780737474,-0.014200025163701446,-0.11199999944938421
0.2752857681223879,-0.016700025078804637,-0.08119999946463519
0.2739865581369487,-0.021900024902219206,-0.0977999994564156
0.2762829781112113,-0.02640002474940495,-0.1309999994399763
0.27526996812256477,-0.01870002501088719,-0.10699999945186012
0.3013785978299468,-0.009900025309724003,-0.15799999942660692
0.26256997826490247,-0.03130002458300718,-0.14199999943452946
0.2770868881022013,-0.02130002492259453,-0.10399999945334548
0.2758985981155193,-0.021900024902219206,-0.10299999945384064
0.2709519181709603,-0.027600024708654525,-0.09599999945730686
0.2774857780977307,-0.022100024895427506,-0.09949999945557375
0.28345040803088084,-0.01100002527236943,-0.09699999945681159
0.27866589808450426,-0.013100025201056131,-0.12799999944146168
0.28038492806523774,-0.006890025411939726,-0.1359999994375004
0.26413040824741385,-0.03330002451508973,-0.05269999947874715
0.28762532798408946,0.0022798014766645114,-0.09999999945532612
0.2983668478637018,0.018888008712670934,-0.1359999994375004
0.26668079821882973,-0.03370002450150622,-0.06749999947141871
0.2800130080694061,-0.01830002502447059,-0.08369999946339712
0.28859376797323555,-0.005520025458463307,-0.09059999945998054
0.27219011815708294,-0.024900024800343035,-0.11699999944690853
0.2651545682359353,-0.03810002435208781,-0.13399999943849072
0.284737718016453,-0.0015000255949773056,-0.09019999946017876
0.3115705377157185,0.08823311835779901,-0.048399999480876366
0.26586497822797317,-0.012300025228223044,-0.035699999487164846
0.24453075846708083,-0.10700002201233128,-0.09589999945735628
0.2891197079673409,-0.020100024963344953,-0.16499999942314092
0.17805985921206768,0.05943056633589716,0.050861565469973447
0.270380278177367,-0.003320025533172455,-0.11199999944938421
0.2741709981348819,-0.024400024817322397,-0.10499999945285043
0.26819263820188555,-0.01800002503465825,-0.0903999994600797
0.28260893804031184,-0.02130002492259453,-0.11199999944938421
0.31854364763756604,-0.03350002450829792,-0.15399999942858766
0.3074544777618502,-0.026600024742613138,-0.1429999994340343
0.2701612481798219,-0.012000025238410705,-0.09949999945557375
0.28674796799392266,-0.016800025075408676,-0.11799999944641326
0.28923093796609445,-0.01600002510257581,-0.12199999944443263
0.2752167381231614,-0.013900025173889108,-0.10999999945037453
0.2900137179573212,-0.01580002510936751,-0.1309999994399763
0.2932451679211039,-0.012500025221431232,-0.13499999943799568
0.2767501981059748,-0.012600025218035382,-0.10999999945037453
0.2725750881527682,-0.015300025126346872,-0.10099999945483107
0.27375475813954697,-0.01350002518747262,-0.10299999945384064
0.2718667781607069,-0.01340002519086847,-0.0996999994554747
0.2672968882119249,-0.010200025299536453,-0.09749999945656407
0.29265166792775577,-0.0364000244098176,-0.12199999944443263
0.3161477276644187,-0.04650002406683451,-0.1499999994305683
0.2694671681876011,-0.053000023846102695,-0.195999999407791
0.2801814680675183,0.009383543235430447,-0.1359999994375004
0.26996961818196974,-0.025400024783363673,-0.15099999943007314
0.2724750381538896,-0.030600024606778242,-0.13299999943898588
0.272731888151011,-0.029800024633945266,-0.09109999945973313
0.28215493804540004,-0.011900025241806556,-0.09069999945993112
0.28324812803314803,-0.009390025327042917,-0.08549999946250586
0.27587669811576476,-0.019100024997303677,-0.13499999943799568
0.2763134281108701,-0.015400025122950911,-0.13699999943700536
0.2769489381037473,-0.017600025048241763,-0.11499999944789874
0.27665479810704396,-0.019600024980324315,-0.09759999945651454
0.2717570481619367,-0.030500024610174203,-0.10699999945186012
0.2676890882075291,-0.03600002442340111,-0.12799999944146168
0.2761097781131525,-0.01800002503465825,-0.10499999945285043
0.28202614804684356,-0.012500025221431232,-0.09029999946012912
0.2786579980845927,-0.01890002500409549,-0.09979999945542517
0.2760282981140656,-0.019700024976928465,-0.10899999945086969
0.2753288981219044,-0.0179000250380541,-0.11999999944542306
0.27881826808279664,-0.012700025214639532,-0.12399999944344231
0.27890845808178555,-0.01100002527236943,-0.11599999944740369
0.2755186481197778,-0.019000025000699527,-0.10199999945433591
0.2764196081096799,-0.022100024895427506,-0.08079999946483318
0.28276056803861227,-0.0021100255742625418,-0.10999999945037453
0.30314603781013805,-0.037900024358879625,-0.07709999946666524
0.26221891826883725,-0.032700024535464944,-0.11299999944888917
0.301971387823303,-0.009790025313459516,-0.11299999944888917
0.32080202761225474,-0.005990025442502711,-0.11599999944740369
0.28150132805272543,-0.019700024976928465,-0.10899999945086969
0.2703266681779679,-0.020300024956553253,-0.10799999945136496
0.27867881808435957,-0.01580002510936751,-0.10799999945136496
0.2825460480410167,-0.015400025122950911,-0.10599999945235516
0.27614585811274805,-0.020400024953157292,-0.10699999945186012
0.2710990581693111,-0.0265000247460091,-0.10199999945433591
0.2841040880235546,-0.019700024976928465,-0.10599999945235516
0.27228419815602845,-0.009630025318892899,-0.11399999944839401
0.26874047819574565,-0.011300025262181768,-0.11299999944888917
0.2805259280636576,-0.030700024603382392,-0.09699999945681159
0.2854726080082166,-0.030300024616965904,-0.09519999945770286
0.3094268177397448,0.0029878738526192272,-0.12799999944146168
0.29453165790668523,-0.0026400255562643027,-0.12499999944294726
0.25638585833421246,-0.030000024627153565,-0.09819999945621738
0.29708913787802205,-0.035000024457359835,-0.11399999944839401
0.2301819086278989,-0.03900002432152494,-0.06599999947216151
0.333155357473802,-0.005570025456765326,-0.12699999944195683
0.251662358387152,-0.019100024997303677,-0.10399999945334548
0.2553091983462794,-0.021600024912406868,-0.10399999945334548
0.27986705807104206,-0.02350002484788527,-0.10399999945334548
0.24766588843194337,-0.02090002493617793,-0.09679999945691065
0.23298660859646447,-0.012900025207847832,-0.10699999945186012
0.22844689864734424,-0.019000025000699527,-0.10199999945433591
0.25761891832039274,-0.022000024898823356,-0.10199999945433591
0.2853667780094027,-0.016900025072012825,-0.11099999944987948
0.29089926794739607,-0.01610002509917985,-0.10699999945186012
0.2870730079902797,-0.015000025136534423,-0.11199999944938421
0.2738283281387224,-0.017200025061825275,-0.11099999944987948
0.28614802800064676,-0.016700025078804637,-0.10699999945186012
0.29086272794780554,-0.016500025085596337,-0.10899999945086969
0.2717764781617189,-0.020500024949761442,-0.10499999945285043
0.26893499819356537,-0.019900024970136765,-0.10299999945384064
0.2631366582585515,-0.020400024953157292,-0.10399999945334548
0.27777042809454056,-0.017000025068616975,-0.11099999944987948
0.2927014579271978,-0.017400025055033574,-0.10999999945037453
0.29749035787352507,-0.016900025072012825,-0.10999999945037453
0.2646009482421401,-0.018500025017679,-0.10499999945285043
0.2959830378904189,-0.015300025126346872,-0.11199999944938421
0.28656312799599415,-0.0077100253840937105,-0.10299999945384064
0.21747187877034935,0.011114578976646805,-0.11499999944789874
0.23249008860202935,-0.0181000250312624,-0.08029999946508082
0.3499984172850299,-0.020500024949761442,-0.06809999947112166
0.3727370670301817,-0.03890002432492079,-0.10199999945433591
0.25994561829431584,-0.0347000244675475,-0.13299999943898588
0.22870677864443145,-0.01880002500749134,-0.0795999994654274
0.2409142185076143,-0.025800024769780272,-0.10199999945433591
0.26850012819843916,-0.0033400255324932404,-0.15299999942908282
0.31003248773295655,-0.003150025538945389,-0.00298999950336154
0.25851994831029423,0.015859949815499985,-0.10399999945334548
0.3208898576112704,0.016082631807938008,-0.14199999943452946
0.3407400973887946,-0.010300025296140491,-0.12699999944195683
0.27868677808427034,-0.01870002501088719,-0.11999999944542306
0.27130001816705884,0.009662052925972664,-0.11399999944839401
0.3195003576268436,-0.002090025574941645,-0.09209999945923786
0.35481241723107604,-0.01580002510936751,-0.12999999944047136
0.25032661840212267,-0.024400024817322397,-0.14699999943205377
0.18722202910938068,-0.017800025041450063,-0.10199999945433591
0.29956555785026695,-0.023200024858072932,-0.05649999947686557
0.3315898374913482,-0.03560002443698462,-0.06699999947166635
0.22204864871905405,-0.042700024195877706,-0.12299999944393758
0.2138013788114872,0.004666464495616474,-0.13299999943898588
0.3396016674015536,0.023380790560101783,-0.09279999945889128
0.3950018367806447,-0.012500025221431232,-0.14699999943205377
0.22991815863085474,-0.03980002429435803,-0.15899999942611187
0.1644458293646498,-0.02400002483090591,-0.04219999948394626
0.2985794878613184,-0.011700025248598367,-0.061399999474439304
0.2893998379642013,0.005705735760324182,-0.03459999948770953
0.22647463866944895,0.01589331881436684,-0.12699999944195683
0.23713725854994538,-0.015500025119555061,-0.13299999943898588
0.23507093857310402,-0.03950002430454569,-0.11499999944789874
0.38290255691624986,-0.008800025347078688,-0.12699999944195683
0.362820737141321,-0.008880025344361941,-0.17599999941769406
0.21246936882641587,-0.05500002377818536,-0.0779999994662196
0.19020338907596646,-0.05940002362876684,-0.003109999503302041
0.14131155962393205,-0.1230000214689917,-0.17799999941670386
0.3006660078379333,-0.005300025465934111,-0.0752999994675565
0.2600244582934321,0.0016781249970966305,-0.03189999948904643
0.2463362584468456,-0.011800025245202406,-0.09999999945532612
0.20891063886630112,-0.027800024701862713,-0.08859999946097097
0.17920383919924632,-0.02900002466111229,-0.04799999948107436
0.2858979780034492,-0.010500025289348791,-0.12099999944492779
0.2963005478868601,-0.04230002420946122,-0.11599999944740369
0.30369379780399863,-0.04450002413475196,-0.11999999944542306
0.34373837735519075,-0.02360002484448942,-0.04939999948038121
0.4140352065673243,-0.04440002413814781,-0.11899999944591821
0.3969418967589011,-0.017100025065221236,-0.1569999994271022
0.23932360852544132,-0.011600025251994217,-0.12799999944146168
0.21324095881776794,-0.019600024980324315,-0.13199999943948115
0.13120472973720654,0.0021384565814644985,-0.15899999942611187
0.36642814710089033,-0.015500025119555061,-0.12299999944393758
0.4877642457409903,-0.02370002484109346,-0.04939999948038121
0.3788557169616056,-0.012200025231618894,-0.12099999944492779
0.42955530639337924,-0.030800024599986542,-0.05069999947973747
0.3422106173723134,-0.014700025146722084,-0.11899999944591821
0.15681168945021118,-0.019600024980324315,-0.1429999994340343
0.11253930994640315,-0.001160025606523285,-0.1259999994424521
0.27553897811954964,-0.027800024701862713,-0.0965999994570097
0.4649756759963981,-0.03970002429775388,-0.03869999948567937
0.30884175774630185,-0.02590002476638431,-0.11099999944987948
0.11688337989771591,-0.11500002174066148,-0.28099999936570264
0.2058221889009153,-0.05450002379516461,-0.13399999943849072
0.350707667277081,-0.030400024613570054,-0.07989999946527881
0.33908036740739633,-0.01610002509917985,-0.10599999945235516
0.27067843817402526,-0.02100002493278208,-0.11499999944789874
0.3147516776800654,-0.008620025353191174,-0.07789999946626913
0.314707197680564,0.007869183686856185,-0.10599999945235516
0.2466452684433822,-0.0045500254914032645,-0.10699999945186012
0.2610204582822693,-0.02120002492599038,-0.10499999945285043
0.2507633383972281,0.002866342456746329,-0.12299999944393758
0.2249857886861355,-0.08280002283413268,-0.20699999940234426
0.3582179171929081,-0.029600024640737077,-0.1739999994186845
0.31268594770321756,-0.007180025402091728,-0.06159999947434025
0.28855652797365283,0.0013788568072594654,-0.11899999944591821
0.24049277851233763,-0.015500025119555061,-0.1669999994221506
0.2215932887241574,-0.06760002335030535,-0.043599999483253105
0.2798903280707812,-0.0181000250312624,-0.050599999479786995
0.3095274277386171,0.02011337867105889,-0.12799999944146168
0.20967945885768424,-0.029900024630549416,-0.1259999994424521
0.2715782481639406,-0.06270002351670301,-0.03229999948884832
0.28801834797968473,-0.013100025201056131,-0.08679999946186223
0.26813500820253156,-0.030500024610174203,-0.09089999945983207
0.2821105680458975,-0.006130025437748432,-0.13299999943898588
0.2843082980212659,-0.005960025443521366,-0.09999999945532612
0.2763307381106761,-0.0002860256362032798,-0.1549999994280925
0.27653751810835847,-0.0044100254961574326,-0.14899999943106346
0.28163712805120356,-0.02370002484109346,-0.05899999947562773
0.28015130806785615,-0.025700024773176122,-0.0938999994583466
0.2766043781076093,-0.024600024810530696,-0.11999999944542306
0.27914690807911335,-0.017200025061825275,-0.10799999945136496
0.2759506481149361,-0.013100025201056131,-0.12099999944492779
0.27335081814407425,-0.019900024970136765,-0.09999999945532612
0.2690436181923481,-0.026700024739217287,-0.12299999944393758
0.2751111481243449,-0.019800024973532615,-0.12699999944195683
0.28579459800460794,-0.009200025333495176,-0.08969999946042628
0.25541007834514873,-0.048300024005708764,-0.1309999994399763
0.27609449811332376,-0.02140002491919868,-0.10999999945037453
0.28274610803877454,-0.017300025058429425,-0.08659999946196129
0.276743758106047,-0.01590002510597166,-0.10799999945136496
0.27904064808030427,-0.01350002518747262,-0.11399999944839401
0.27364995814072146,-0.023200024858072932,-0.11099999944987948
0.27330702814456487,-0.020000024966740915,-0.10999999945037453
0.2803607180655092,-0.014500025153513896,-0.10499999945285043
0.2815468980522149,-0.015100025133138573,-0.10399999945334548
0.27443479813192506,-0.019400024987116016,-0.10599999945235516
0.2728724881494351,-0.020400024953157292,-0.11199999944938421
0.281342468054506,-0.01630002509238815,-0.10199999945433591
0.2808825980596601,-0.01820002502786655,-0.09599999945730686
0.2758894781156216,-0.016600025082200487,-0.10999999945037453
0.2777652580945984,-0.01070002528255698,-0.12999999944047136
0.27922138807827857,-0.013600025184076658,-0.11899999944591821
0.27821235808958744,-0.01590002510597166,-0.09859999945601938
0.2796425580735582,-0.011700025248598367,-0.11799999944641326
0.2784480580869457,-0.014700025146722084,-0.10999999945037453
0.2779012880930738,-0.01840002502107485,-0.09999999945532612
0.2743559081328093,-0.04850002399891706,-0.08909999946072333
0.27536461812150415,-0.006050025440465179,-0.0907999994598816
0.269540048186784,-0.012700025214639532,-0.10399999945334548
0.2609360082832157,-0.013900025173889108,-0.08179999946433802
0.2696351181857186,-0.010400025292744641,-0.09219999945918844
0.2813566380543473,-0.022500024881843994,-0.11299999944888917
0.2786214980850019,-0.03630002441321345,-0.10699999945186012
0.2853111980100256,-0.02390002483430176,-0.11799999944641326
0.28548410800808766,-0.011500025255390067,-0.12299999944393758
0.2704155881769714,-0.022300024888635694,-0.09859999945601938
0.2698778981829977,-0.028000024695070902,-0.09639999945710875
0.2837024480280561,-0.023100024861468782,-0.11899999944591821
0.29076624794888684,-0.017100025065221236,-0.12799999944146168
0.28094797805892746,-0.01880002500749134,-0.11699999944690853
0.2367968885537599,-0.06630002339445162,-0.24299999938451844
0.2672535582124105,-0.017500025051637724,-0.13399999943849072
0.29231418793153807,0.0006815841709379988,-0.10399999945334548
0.2770866881022036,-0.017100025065221236,-0.10699999945186012
0.27890851808178496,-0.01610002509917985,-0.10899999945086969
0.2819819880473384,-0.016500025085596337,-0.10199999945433591
0.2777657580945927,-0.017200025061825275,-0.10299999945384064
0.2769817481033796,-0.0179000250380541,-0.10699999945186012
0.28118452805627614,-0.015200025129742722,-0.09979999945542517
0.27534388812173627,-0.025200024790155373,-0.09279999945889128
0.2749435581262232,-0.02640002474940495,-0.09629999945715828
0.2800755280687055,-0.009930025308705237,-0.10999999945037453
0.2786044980851923,-0.013000025204451982,-0.10699999945186012
0.27955034807459156,-0.019200024993907827,-0.10399999945334548
0.2761682781124968,-0.017700025044845913,-0.11099999944987948
0.407075446645327,0.07275311388348027,-0.12199999944443263
0.28038764806520744,0.006839449121824659,-0.12399999944344231
0.2622762482681946,-0.03730002437925484,-0.10099999945483107
0.28099962805834844,-0.0345000244743392,-0.10299999945384064
0.2905621479511744,-0.011800025245202406,-0.11199999944938421
0.2817593680498336,-0.017000025068616975,-0.10599999945235516
0.26186312827282476,-0.024800024803738885,-0.10399999945334548
0.2783783880877264,-0.02110002492938623,-0.10799999945136496
0.28629708799897613,-0.014700025146722084,-0.10999999945037453
0.2789021680818562,-0.013100025201056131,-0.11099999944987948
0.27492347812644824,-0.012800025211243682,-0.10999999945037453
0.2772653381002015,-0.014900025139930384,-0.10799999945136496
0.27940704807619765,-0.012100025235014744,-0.10999999945037453
0.2815528780521477,-0.012900025207847832,-0.10899999945086969
0.28649446799676404,-0.012100025235014744,-0.11099999944987948
0.27814928809029404,-0.014000025170493147,-0.10999999945037453
0.28045846806441377,-0.01580002510936751,-0.10699999945186012
0.28014189806796175,-0.01580002510936751,-0.10899999945086969
0.27809880809085996,-0.02370002484109346,-0.10499999945285043
0.14310538960382724,0.020476655658722476,-0.1819999994147231
0.16240760938749355,-0.0591000236389545,-0.06949999947042851
0.2153546787940781,-0.019200024993907827,-0.0996999994554747
0.2667782282177378,-0.01630002509238815,-0.10899999945086969
0.25542045834503235,-0.02070002494296974,-0.10199999945433591
0.2640390782484374,-0.01800002503465825,-0.10699999945186012
0.26873101819585155,-0.017100025065221236,-0.10599999945235516
0.25967646829733226,-0.019800024973532615,-0.10299999945384064
0.26675735821797164,-0.019200024993907827,-0.10599999945235516
0.26948562818739386,-0.017800025041450063,-0.10599999945235516
0.2750500281250299,-0.016700025078804637,-0.10899999945086969
0.2712808781672733,-0.0181000250312624,-0.10699999945186012
0.273023108147747,-0.0179000250380541,-0.10799999945136496
0.2800426580690738,-0.017200025061825275,-0.11099999944987948
0.2810389380579079,-0.01600002510257581,-0.10899999945086969
0.2686119681971857,-0.0181000250312624,-0.10599999945235516
0.2867768979935985,-0.015000025136534423,-0.11299999944888917
0.29579437789253316,-0.014400025156909746,-0.11399999944839401
0.3842479269011714,0.007216761209011602,-0.1379999994365102
0.1940880890324279,-0.03110002458979899,-0.07209999946914103
0.24367050847672256,-0.020300024956553253,-0.024299999492809587
0.37291320702820774,-0.032400024545652606,-0.08119999946463519
0.22441054869258248,-0.029300024650924628,-0.12199999944443263
0.19963301897028196,-0.010200025299536453,-0.1309999994399763
0.36306731713855744,-0.010300025296140491,-0.14399999943353925
0.3079548377562422,-0.006170025436390003,-0.12999999944047136
0.16830274932142264,-0.01860002501428304,-0.05469999947775683
0.3430728673626495,-0.027200024722238036,-0.05149999947934136
0.3099743177336085,-0.04360002416531483,-0.12299999944393758
0.16956215930730734,-0.008860025345041045,-0.12299999944393758
0.33617591743994857,0.022230004599181008,-0.11499999944789874
0.3793747069557891,-0.024600024810530696,-0.13899999943601493
0.2947037179047569,-0.04130002424341994,-0.11499999944789874
0.3437800873547232,-0.045300024107584935,-0.11699999944690853
0.20885378886693817,-0.015500025119555061,-0.08179999946433802
0.26506662823692095,0.01149479096373518,-0.10399999945334548
0.3705414570547896,-0.021800024905615167,-0.14799999943155862
0.24129243850337523,-0.016200025095784,-0.12399999944344231
0.1830806391557962,-0.019800024973532615,-0.08309999946369429
0.3554102372243759,-0.03610002442000526,-0.09359999945849518
0.3118662377124046,-0.03390002449471452,-0.09359999945849518
0.18837158909649698,-0.017000025068616975,-0.09699999945681159
0.25181316838546186,0.008052501580630977,-0.10599999945235516
0.346573887323411,0.0031942350456114488,-0.12399999944344231
0.36886006707363417,-0.012700025214639532,-0.09999999945532612
0.3469221173195083,-0.053100023842706845,-0.1379999994365102
0.39865668673968213,-0.032500024542256756,-0.12299999944393758
0.19824634898582327,0.005962862251592482,-0.10799999945136496
0.1994810289719855,-0.0387000243317126,-0.18299999941422807
0.37888260696130427,-0.0265000247460091,-0.12799999944146168
0.3166238776590822,-0.005860025446917216,-0.062099999474092615
0.11805601988457337,0.019811831681299075,-0.10399999945334548
0.37582327699559226,-0.0364000244098176,-0.10599999945235516
0.4228470164685638,-0.0345000244743392,-0.13999999943551977
0.3052889177861211,0.002644484864280372,-0.1359999994375004
0.1444546395887054,0.02701563343666713,-0.17099999942016997
0.3247587975679085,-0.055500023761205886,-0.14399999943353925
0.3623980171460588,-0.05770002368649674,-0.10999999945037453
0.21729456877233644,-0.0284000246814875,-0.03579999948711532
0.2725097481535006,-0.06140002356084939,-0.014099999497860227
0.2997837278478217,0.010717397990134492,-0.05769999947627136
0.37101129704952385,-0.02100002493278208,-0.14899999943106346
0.23833689853649997,-0.039900024290962066,-0.15799999942660692
0.2600049382936509,-0.03370002450150622,-0.0973999994566136
0.3776992969745667,-0.022000024898823356,-0.0903999994600797
0.23939650852462413,-0.04620002407702217,-0.040099999484986104
0.14057459963219165,0.005328804773124252,-0.18099999941521838
0.13565380968734253,-0.056000023744226635,-0.2799999993661977
0.28400150802470425,-0.06500002343859801,-0.11099999944987948
0.2935323779178849,-0.06510002343520216,-0.11299999944888917
0.17816497921088947,-0.004600025489705284,-0.10999999945037453
0.18146462917390793,0.00033399200274175644,-0.08669999946191176
0.4257910764355677,0.01770741275276244,-0.13699999943700536
0.431743116368859,-0.019800024973532615,-0.1429999994340343
0.2532873583689397,-0.019400024987116016,-0.16299999942413124
0.12623258979293284,-0.0164000250889923,-0.26199999937511054
0.27760286809641843,-0.035300024447172285,-0.10599999945235516
0.36143107715689604,-0.07660002304467672,-0.08279999946384287
0.23986358851938938,-0.05000002394797887,-0.11099999944987948
0.20767464888015374,-0.038000024355483775,-0.13699999943700536
0.3245338575704295,0.011400204966947158,-0.06969999947032945
0.33372439746742444,0.03323272122554266,0.001442690194443652
0.22942760863635292,-0.010300025296140491,-0.09139999945958455
0.23838078853600808,-0.03320002451848558,-0.33899999933698344
0.24449380846749524,-0.06980002327559609,-0.1379999994365102
0.14505186958201177,-0.04390002415512717,-0.10499999945285043
0.23329508859300718,-0.009250025331797196,-0.11199999944938421
0.36441144712349294,-0.03120002458640314,-0.06969999947032945
0.3320316074863967,-0.0347000244675475,-0.12399999944344231
0.18146971917385102,-0.026800024735821548,-0.11599999944740369
0.2759887181145093,-0.03120002458640314,-0.08219999946413992
0.27933576807699656,-0.01870002501088719,-0.0996999994554747
0.27714602810153854,-0.011200025265577618,-0.10699999945186012
0.2761901781122513,-0.014100025167097296,-0.10199999945433591
0.2773200780995879,-0.014300025160305596,-0.10399999945334548
0.2767167981063492,-0.01630002509238815,-0.10899999945086969
0.2766077881075708,-0.016700025078804637,-0.11099999944987948
0.2756906981178493,-0.012400025224827194,-0.10599999945235516
0.2778551080935914,-0.012300025228223044,-0.10199999945433591
0.2779018680930674,-0.016700025078804637,-0.10599999945235516
0.2788279580826878,-0.02120002492599038,-0.11299999944888917
0.2781400680903976,-0.01630002509238815,-0.10899999945086969
0.27425682813391994,-0.007730025383414385,-0.10099999945483107
0.2785630480856569,-0.017100025065221236,-0.10999999945037453
0.2831508180342386,-0.030300024616965904,-0.12999999944047136
0.27627755811127197,-0.021800024905615167,-0.11199999944938421
0.2743549081328205,-0.007670025385451917,-0.09119999945968349
0.2826724680395998,-0.058400023662725564,-0.1669999994221506
0.2720961181581365,-0.011200025265577618,-0.10399999945334548
0.2779745880922524,-0.014100025167097296,-0.10099999945483107
0.2798104380716766,-0.020500024949761442,-0.10899999945086969
0.2785029480863306,-0.021900024902219206,-0.11299999944888917
0.27790918809298515,-0.019400024987116016,-0.10799999945136496
0.27772636809503437,-0.017600025048241763,-0.10499999945285043
0.2750130281254446,-0.016500025085596337,-0.10099999945483107
0.2772012681009195,-0.017600025048241763,-0.10599999945235516
0.2783010680885931,-0.013100025201056131,-0.10299999945384064
0.27619222811222843,-0.014500025153513896,-0.10399999945334548
0.2765972981076885,-0.01870002501088719,-0.11299999944888917
0.27996564806993685,-0.019600024980324315,-0.11399999944839401
0.2761731481124423,-0.012900025207847832,-0.10099999945483107
0.251117208393262,0.022821815579083915,-0.11399999944839401
0.3038779878019344,-0.05710002370687195,-0.14199999943452946
0.27760193809642875,-0.010100025302932303,-0.10199999945433591
0.2776002180964481,-0.017000025068616975,-0.10599999945235516
0.2794098980761657,-0.023200024858072932,-0.10999999945037453
0.27553876811955225,-0.01860002501428304,-0.10699999945186012
0.2788201080827759,-0.017400025055033574,-0.10499999945285043
0.279322428077146,-0.0181000250312624,-0.10599999945235516
0.2783349980882128,-0.01830002502447059,-0.10999999945037453
0.27654527810827156,-0.017600025048241763,-0.10899999945086969
0.279267478077762,-0.020400024953157292,-0.11099999944987948
0.2724014681547142,-0.01610002509917985,-0.10499999945285043
0.2727870181503931,-0.013600025184076658,-0.10299999945384064
0.28448861801924474,-0.01870002501088719,-0.10899999945086969
0.28103479805795417,-0.019700024976928465,-0.10899999945086969
0.3343117874608412,0.033721859208932226,-0.22399999939392656
0.2486416384210075,-0.01890002500409549,-0.07909999946567503
0.2803750180653488,-0.017700025044845913,-0.10599999945235516
0.2781996080897302,-0.015400025122950911,-0.10299999945384064
0.2756625681181648,-0.016600025082200487,-0.10799999945136496
0.2751845981235217,-0.014700025146722084,-0.11499999944789874
0.2809752080586221,-0.015400025122950911,-0.11899999944591821
0.27963932807359426,-0.016900025072012825,-0.10499999945285043
0.27632257811076744,-0.017800025041450063,-0.10099999945483107
0.27944384807578504,-0.019300024990511977,-0.11099999944987948
0.27725794810028415,-0.017100025065221236,-0.10899999945086969
0.2761325381128974,-0.015400025122950911,-0.10799999945136496
0.27421036813444055,-0.016700025078804637,-0.10699999945186012
0.4619380260304433,-0.019800024973532615,-0.12999999944047136
0.29851656786202385,-0.011800025245202406,-0.10699999945186012
0.2554524583446738,-0.015100025133138573,-0.11099999944987948
0.27707557810232797,-0.017600025048241763,-0.11099999944987948
0.2778767580933488,-0.016500025085596337,-0.10999999945037453
0.2774558480980662,-0.017700025044845913,-0.10899999945086969
0.28003056806920945,-0.017400025055033574,-0.10499999945285043
0.2764407881094426,-0.016500025085596337,-0.10799999945136496
0.2748227381275774,-0.017300025058429425,-0.11099999944987948
0.27945114807570337,-0.016500025085596337,-0.10899999945086969
0.277815268094038,-0.017000025068616975,-0.10799999945136496
0.2791102180795244,-0.01800002503465825,-0.10799999945136496
0.280758938061046,-0.01800002503465825,-0.10599999945235516
0.2782053680896659,-0.017600025048241763,-0.10799999945136496
0.279461708075585,-0.016800025075408676,-0.11099999944987948
0.2776301380961128,-0.016500025085596337,-0.10899999945086969
0.27833845808817426,-0.0164000250889923,-0.10699999945186012
0.2813817580540656,-0.017100025065221236,-0.10699999945186012
0.4198606065020347,-0.025200024790155373,-0.11299999944888917
0.24942583841221855,-0.011300025262181768,-0.10199999945433591
0.2802478880667738,-0.016600025082200487,-0.11399999944839401
0.27966619807329307,-0.017500025051637724,-0.10999999945037453
0.2752511581227757,-0.016900025072012825,-0.10599999945235516
0.2818715280485764,-0.017200025061825275,-0.10799999945136496
0.2755031581199512,-0.016500025085596337,-0.10999999945037453
0.2715415081643524,-0.015400025122950911,-0.11099999944987948
0.2752380981229221,-0.016500025085596337,-0.11099999944987948
0.2795064480750835,-0.017300025058429425,-0.10499999945285043
0.28118523805626827,-0.016500025085596337,-0.10699999945186012
0.27601673811419536,-0.017500025051637724,-0.11299999944888917
0.27570113811773234,-0.01840002502107485,-0.10499999945285043
0.2774002680986891,-0.016700025078804637,-0.10299999945384064
0.2791273880793319,-0.016900025072012825,-0.10999999945037453
0.2769417481038279,-0.017400025055033574,-0.11299999944888917
0.2818851680484238,-0.017700025044845913,-0.10499999945285043
0.28344141803098144,-0.017200025061825275,-0.10599999945235516
0.274591848130165,-0.017800025041450063,-0.11099999944987948
0.2769210981040593,-0.01840002502107485,-0.10699999945186012
0.2800788080686687,-0.016800025075408676,-0.10699999945186012
0.27411233813553926,-0.01560002511615921,-0.11099999944987948
0.2724738281539032,-0.06210002353707833,-0.04589999948211421
0.26686962821671356,-0.045500024100793235,-0.12999999944047136
0.16263217938497654,0.005718640759885929,-0.09229999945913892
0.2827229480390341,0.01537157983208437,-0.04819999948097542
0.33223837748407936,-0.04110002425021164,-0.09819999945621738
0.22573134867777944,-0.045200024110980896,-0.10299999945384064
0.2384830685348618,0.003809631924713508,-0.10999999945037453
0.29432278790902644,0.009029887647440171,-0.1259999994424521
0.3396808474006663,-0.02620002475619665,-0.13899999943601493
0.3647296371199269,-0.03650002440642186,-0.1429999994340343
0.2191028087520701,-0.017000025068616975,-0.11099999944987948
0.13502173969442666,-0.005360025463896689,-0.07279999946879445
0.33029810750582533,0.005307414473850636,-0.05139999947939089
0.2928410579256331,-0.0039800255107597104,-0.21199999939986847
0.3273523575388404,0.0015843408002814696,-0.15199999942957787
0.3391983374060741,-0.03440002447773516,-0.13399999943849072
0.19561549901530917,-0.035000024457359835,-0.11499999944789874
0.2698492881833183,0.011404308966807775,-0.0586999994757762
0.3520098072624869,-0.015300025126346872,-0.06969999947032945
0.22580161867699178,-0.050600023927603766,-0.1259999994424521
0.22212838871816043,-0.004400025496496984,-0.11499999944789874
0.305549907783196,0.008650839260312182,-0.10599999945235516
0.37812841696975696,-0.021600024912406868,-0.13499999943799568
0.2697935881839424,-0.027200024722238036,-0.12299999944393758
0.1377596296637409,-0.01070002528255698,-0.08119999946463519
0.2830352980355333,-0.0035200255263806435,-0.061499999474389666
0.4144914765622103,-0.027000024729029737,-0.06949999947042851
0.47231868591409976,-0.01890002500409549,-0.11399999944839401
0.2088613788668532,-0.055500023761205886,-0.15299999942908282
0.13814400965943285,-0.05770002368649674,-0.03299999948850174
0.2563816883342591,0.0004279062395525779,-0.11399999944839401
0.3070516777663648,-0.017000025068616975,-0.1379999994365102
0.2349900485740104,-0.0024600255623770106,0.0063593249920090855
0.2966948878824405,0.0028767498563929683,-0.07669999946686334
0.36051162716720087,0.014684158855428286,-0.08019999946513023
0.4874016757450541,-0.030200024620361754,-0.07229999946904198
0.3156385676701252,-0.048100024012500575,-0.11499999944789874
0.08885721321182516,-0.033000024525277394,-0.13299999943898588
0.15334488948906588,0.03125857029258228,-0.2029999994043249
0.43980988627844897,-0.014700025146722084,-0.11899999944591821
0.4295997263928817,-0.040100024284170366,0.03643291447711805
0.2116414188356952,-0.012800025211243682,-0.1359999994375004
0.18757721910539993,0.026492260454440197,0.026173249482198124
0.20914874886363233,0.007982934982993406,-0.05979999947523151
0.4274003364175316,-0.03460002447094335,-0.23599999938798466
0.25664044833135913,-0.022000024898823356,-0.14799999943155862
0.20707409888688444,-0.005480025459821625,-0.0718999994692402
0.31563059767021473,-0.02110002492938623,-0.1379999994365102
0.4166037365385369,0.005579257164619156,-0.012499999498652437
0.3401399173955211,-0.032800024532069094,-0.04349999948330252
0.2036015989258031,-0.07260002318051162,-0.2939999993592656
0.22616562867291212,-0.04360002416531483,-0.18799999941175216
0.3007931678365081,-0.04740002403627164,-0.11199999944938421
0.3149812276774926,-0.025100024793551223,-0.10899999945086969
0.26259225826465293,-0.00815002536915177,-0.12399999944344231
0.3262429475512745,0.011489832963903601,-0.10699999945186012
0.29088053794760604,-0.02060002494636559,-0.06579999947226056
0.17124891928840258,-0.07300002316692822,-0.1259999994424521
0.22690047866467622,-0.02060002494636559,-0.10899999945086969
0.11174503995530494,-0.04770002402608409,-0.07029999947003229
0.27381082813891844,-0.06440002345897333,-0.1669999994221506
0.3451395673394866,-0.0490000239819377,-0.07029999947003229
0.22244135871465276,-0.020200024959949103,-0.07389999946824977
0.19808155898767033,-0.009120025336211812,-0.12299999944393758
0.274538138130767,0.057508574401165524,-0.0957999994574058
0.3792781969568706,0.023427161558526977,-0.18099999941521838
0.39495019678122345,-0.06600002340463929,-0.21199999939986847
0.25608774833755366,-0.11500002174066148,-0.16599999942264576
0.41221417658773385,-0.04980002395477068,-0.17099999942016997
0.285840888004089,-0.02900002466111229,-0.08219999946413992
0.2438182684750665,-0.05450002379516461,-0.16099999942512155
0.26836646819993715,-0.0012700256027878831,-0.10299999945384064
0.2963358578864643,-0.025200024790155373,-0.11199999944938421
0.2886683779723995,-0.030600024606778242,-0.11399999944839401
0.23874885853188288,0.0039795810189421355,-0.20699999940234426
0.2801890280674333,-0.018500025017679,-0.12999999944047136
0.2773110780996888,-0.022700024875052294,-0.11299999944888917
0.27908612807979427,-0.016800025075408676,-0.10699999945186012
0.2779634680923768,-0.017700025044845913,-0.10599999945235516
0.2774729480978744,-0.012500025221431232,-0.10899999945086969
0.27691460810413226,-0.01330002519426432,-0.10999999945037453
0.2782493780891724,-0.017500025051637724,-0.10999999945037453
0.277769658094549,-0.020300024956553253,-0.11099999944987948
0.2774044280986425,-0.025500024779967823,-0.11099999944987948
0.2774604180980149,-0.02070002494296974,-0.10999999945037453
0.27489877812672514,-0.012000025238410705,-0.10399999945334548
0.2776083080963574,-0.01320002519766017,-0.10699999945186012
0.2806719980620205,-0.017400025055033574,-0.10999999945037453
0.27815467809023375,-0.015300025126346872,-0.10599999945235516
0.27701495810300747,-0.014400025156909746,-0.10399999945334548
0.3087149177477235,0.0015352264019493633,-0.11299999944888917
0.26993152818239663,-0.029600024640737077,-0.13699999943700536
0.27864298808476096,-0.015200025129742722,-0.11299999944888917
0.2788458280824877,-0.013900025173889108,-0.10799999945136496
0.2769449981037915,-0.01800002503465825,-0.11099999944987948
0.2753820781213083,-0.019200024993907827,-0.10899999945086969
0.27589101811560424,-0.01080002527916113,-0.09719999945671265
0.28118681805625045,-0.005390025462877812,-0.08939999946057475
0.280772608060893,-0.023100024861468782,-0.11299999944888917
0.2753586581215708,-0.021700024909011018,-0.11899999944591821
0.2764514781093228,-0.013800025177284958,-0.10599999945235516
0.2764238481096326,-0.020000024966740915,-0.10799999945136496
0.27792918809276124,-0.019600024980324315,-0.11099999944987948
0.2787142580839621,-0.017700025044845913,-0.10899999945086969
0.278033488091592,-0.016200025095784,-0.10399999945334548
0.2773892080988132,-0.019300024990511977,-0.11199999944938421
0.27569091811784685,-0.020100024963344953,-0.11299999944888917
0.27780795809411973,-0.009730025315497048,-0.09939999945562328
0.27898813808089273,-0.010300025296140491,-0.10099999945483107
0.2838154180267898,-0.040700024263795154,-0.1379999994365102
0.2808683880598193,-0.0368000243962342,-0.11199999944938421
0.2770722481023655,-0.012400025224827194,-0.09919999945572233
0.27837464808776846,-0.01830002502447059,-0.10799999945136496
0.2754821281201869,-0.01610002509917985,-0.10799999945136496
0.2741601281350037,-0.01600002510257581,-0.10099999945483107
0.2787799380832261,-0.01890002500409549,-0.10299999945384064
0.2766312181073085,-0.014500025153513896,-0.10799999945136496
0.2713332281666867,-0.009000025340286877,-0.10299999945384064
0.27771033809521395,-0.012800025211243682,-0.10599999945235516
0.27851646808617914,-0.019100024997303677,-0.11099999944987948
0.27525598812272145,-0.019400024987116016,-0.10699999945186012
0.2784511580869109,-0.017500025051637724,-0.10899999945086969
0.2759464881149827,-0.015300025126346872,-0.10999999945037453
0.2766146281074944,-0.017100025065221236,-0.10799999945136496
0.2802806980664061,-0.017400025055033574,-0.10699999945186012
0.22094830873138616,-0.012500025221431232,-0.12199999944443263
0.26674396821812185,-0.015400025122950911,-0.08319999946364476
0.28649669799673894,-0.017300025058429425,-0.11699999944690853
0.2778999380930889,-0.017600025048241763,-0.11099999944987948
0.27969290807299374,-0.017100025065221236,-0.10599999945235516
0.281557048052101,-0.01860002501428304,-0.11699999944690853
0.27720301810089976,-0.01800002503465825,-0.11599999944740369
0.2765600381081059,-0.016800025075408676,-0.10599999945235516
0.2803654880654558,-0.016900025072012825,-0.10399999945334548
0.27594521811499684,-0.013800025177284958,-0.10599999945235516
0.27711887810184277,-0.01570002511276336,-0.11099999944987948
0.2773918780987832,-0.017700025044845913,-0.11199999944938421
0.2756295181185353,-0.01570002511276336,-0.10899999945086969
0.2791189380794268,-0.01820002502786655,-0.10899999945086969
0.27807387809113937,-0.01830002502447059,-0.10799999945136496
0.2762550581115244,-0.015200025129742722,-0.10699999945186012
0.457573006079365,-0.0368000243962342,-0.1259999994424521
0.2454272584570334,-0.01800002503465825,-0.08069999946488271
0.27896444808115817,-0.016200025095784,-0.11299999944888917
0.2895866079621081,-0.019200024993907827,-0.11199999944938421
0.27825744808908204,-0.016700025078804637,-0.10599999945235516
0.2757647681170192,-0.016500025085596337,-0.10499999945285043
0.27690004810429536,-0.017100025065221236,-0.10799999945136496
0.27662950810732756,-0.017200025061825275,-0.10899999945086969
0.2802732380664896,-0.01820002502786655,-0.10799999945136496
0.27686919810464095,-0.016500025085596337,-0.11099999944987948
0.2763617681103283,-0.017600025048241763,-0.10999999945037453
0.27942899807595145,-0.017600025048241763,-0.10699999945186012
0.2789100180817683,-0.016500025085596337,-0.10799999945136496
0.27741748809849587,-0.016900025072012825,-0.10899999945086969
0.2783297780882714,-0.017500025051637724,-0.10599999945235516
0.4843542757792083,-0.006590025422127388,-0.16799999942165544
0.2556999783418996,-0.01600002510257581,-0.10099999945483107
0.2698904381828571,-0.01800002503465825,-0.10499999945285043
0.2874872279856373,-0.017000025068616975,-0.11199999944938421
0.2803097680660802,-0.017600025048241763,-0.10499999945285043
0.2783643180878843,-0.01580002510936751,-0.10699999945186012
0.2762751081112995,-0.01590002510597166,-0.10899999945086969
0.2796974280729432,-0.017800025041450063,-0.11199999944938421
0.2757717681169407,-0.017200025061825275,-0.11099999944987948
0.2794204480760474,-0.017100025065221236,-0.10599999945235516
0.27813823809041827,-0.017300025058429425,-0.10799999945136496
0.2766605181069799,-0.017700025044845913,-0.10999999945037453
0.2791328980792702,-0.017200025061825275,-0.10799999945136496
0.2781951780897798,-0.016700025078804637,-0.10699999945186012
0.3312213374954782,-0.018500025017679,-0.16999999942066502
0.3755700569984306,-0.024700024807134846,-0.1569999994271022
0.2332296985937401,-0.0345000244743392,-0.10499999945285043
0.23624939855989613,-0.014400025156909746,-0.12399999944344231
0.2645428482427914,0.0024843630697178876,-0.11199999944938421
0.33795728741998343,-0.02070002494296974,-0.12899999944096663
0.3738254770179832,-0.035000024457359835,-0.13999999943551977
0.2262412986720641,-0.01560002511615921,-0.12499999944294726
0.15693683944880843,-0.002120025573922879,-0.08589999946230786
0.3211735576080905,-0.006790025415335577,-0.04659999948176763
0.3569439272071868,-0.033000024525277394,-0.10299999945384064
0.23625217855986502,-0.02350002484788527,-0.10899999945086969
0.21686904877710544,0.0029635222534462047,-0.08929999946062439
0.25368155836452155,-0.01610002509917985,-0.14199999943452946
0.12146517984636451,-0.03190002456263197,-0.0051999995022672385
0.2913107679427842,0.0006506438119886493,-0.06379999947325088
0.34843186730258746,-0.035000024457359835,-0.09869999945596997
0.1988419789791478,-0.007440025393262495,-0.13299999943898588
0.2903491779535614,0.006687296226991601,-0.11099999944987948
0.3693981370676034,-0.0265000247460091,-0.12299999944393758
0.2784055080874226,-0.030500024610174203,-0.1499999994305683
0.1472118195578036,-0.014200025163701446,-0.07119999946958666
0.3608953771629,-0.015400025122950911,-0.06039999947493446
0.3868256868722806,-0.03170002456942367,-0.08119999946463519
0.16569547935064421,-0.014500025153513896,-0.11999999944542306
0.21041685884941974,0.0019849773866763565,-0.14399999943353925
0.2626831682636339,-0.0015400255936189877,-0.09489999945785144
0.37587105699505696,0.030887900305169858,-0.0706999994698343
0.4286170164038954,0.003291455542310029,-0.1739999994186845
0.19164473905981239,-0.022400024885239844,-0.25299999937956696
0.28352028803009754,-0.03340002451169377,-0.09979999945542517
0.373126867025813,-0.06730002336049301,-0.023299999493304746
0.310148527731656,-0.032200024552444306,-0.07179999946928961
0.13927421964676578,0.029781314342748,-0.03799999948602595
0.2759785181146237,-0.0286000246746958,-0.12499999944294726
0.41032354660892323,0.012092723943430195,-0.13299999943898588
0.43906334628681587,-0.02900002466111229,-0.14899999943106346
0.21889465875440295,-0.032400024545652606,-0.21099999940036362
0.14761585955327527,0.004405685804472204,-0.10899999945086969
0.3888771668492883,-0.026900024732425698,-0.030299999489838636
0.40749235664065453,-0.06240002352689067,-0.08069999946488271
0.09783048911125525,0.017757413751064433,-0.0675999994713693
0.19658883900440016,-0.011300025262181768,-0.09789999945636596
0.16231004938858717,0.05071235563195642,0.01609288748718951
0.3379855174196671,-0.02380002483769761,-0.12899999944096663
0.47075073593167294,-0.040000024287566216,-0.2419999993850137
0.14446420958859818,-0.020400024953157292,-0.1599999994256167
0.1742047692552744,-0.010000025306328153,-0.0891999994606738
0.32549698755963496,-0.030200024620361754,-0.11699999944690853
0.3431504773617797,0.008938454650545102,-0.016899999496473805
0.2515573483883291,-0.020500024949761442,-0.04059999948473858
0.2909237879471216,-0.050900023917416104,-0.07349999946844776
0.18814225909906712,-0.040500024270586854,-0.26499999937362506
0.18736199910781193,-0.013100025201056131,-0.11799999944641326
0.19621298900861261,-0.006450025426881667,-0.018199999495830066
0.28305327803533187,-0.007010025407864662,-0.022599999493651435
0.3955501767744991,-0.020500024949761442,-0.05779999947622183
0.30492754779017117,-0.04660002406343866,-0.0779999994662196
0.22265494871225888,-0.04850002399891706,-0.13899999943601493
0.16160096939653412,-0.08070002290544587,-0.1379999994365102
0.3132100476973434,-0.04910002397854185,-0.11099999944987948
0.3019958778230285,0.005551064065576705,-0.047799999481173416
0.2563294683348445,-0.016900025072012825,-0.11999999944542306
0.21750783876994606,-0.07410002312957364,-0.21199999939986847
0.26184852827298855,0.011323406969555139,-0.10999999945037453
0.3076140877600615,0.04150503994462529,-0.08099999946473413
0.38713831686877653,-0.04420002414493962,-0.18999999941076195
0.13373761970881848,-0.1350000210614869,-0.12499999944294726
0.09597968713199867,-0.029500024644132927,-0.0756999994673585
0.22376037869986942,0.02553335648700339,0.026852070481862
0.3811727569356369,-0.025200024790155373,-0.006729999501509543
0.34976647728762944,-0.03120002458640314,-0.08989999946032723
0.24528046845867846,-0.0092300253324763,-0.10599999945235516
0.2339931785851832,-0.03580002443019292,-0.16099999942512155
0.2524956983778124,-0.00977002531413862,-0.11799999944641326
0.2715323681644548,-0.01600002510257581,-0.0996999994554747
0.28030335806615203,-0.0179000250380541,-0.10299999945384064
0.2802229480670533,-0.01580002510936751,-0.10999999945037453
0.27772923809500205,-0.004250025501590815,-0.10899999945086969
0.27718549810109616,-0.002930025546416415,-0.10199999945433591
0.27552359811972216,-0.014500025153513896,-0.09419999945819801
0.27847648808662706,-0.026900024732425698,-0.1619999994246264
0.2807468580611814,-0.03620002441660941,-0.26899999937164454
0.2753443281217314,-0.07070002324503322,-0.15299999942908282
0.2718439781609623,-0.03910002431812909,0.02403767648325561
0.2735399281419546,-0.006630025420768959,-0.06419999947305277
0.28028569806634995,-0.024800024803738885,-0.09189999945933691
0.281845688048866,-0.022800024871656444,-0.09089999945983207
0.2799984680695691,-0.008850025345380708,-0.10399999945334548
0.2772673681001785,-0.013600025184076658,-0.10799999945136496
0.27777839809445104,-0.020400024953157292,-0.11299999944888917
0.2777723480945189,-0.02110002492938623,-0.11199999944938421
0.28065649806219417,-0.006880025412279389,-0.11699999944690853
0.2801537480678289,-0.005850025447256879,-0.11999999944542306
0.269635728185712,-0.029300024650924628,-0.1259999994424521
0.27863044808490134,-0.015200025129742722,-0.10599999945235516
0.2841381080231733,-0.004910025479178071,-0.09189999945933691
0.275506138119918,-0.024900024800343035,-0.09999999945532612
0.27889154808197514,-0.01800002503465825,-0.09809999945626702
0.2789239180816123,-0.012500025221431232,-0.10299999945384064
0.27595357811490295,-0.01880002500749134,-0.10399999945334548
0.2748925281267951,-0.02330002485467697,-0.11199999944938421
0.22808368865141504,0.004560995199198059,-0.028099999490928007
0.283156218034178,-0.022100024895427506,-0.12499999944294726
0.27795309809249313,-0.00982002531244075,-0.10299999945384064
0.19390401903449095,0.06221286924141367,-0.0041699995027771886
-0.08899998779480267,0.2702559651765343,0.16761547041216196
-0.0030599887579934038,0.21030204721249324,0.036346582477160716
0.30896354774493706,-0.011100025268973468,-0.15899999942611187
0.3007410978370919,-0.029700024637341227,-0.11699999944690853
0.2791975580785455,-0.017300025058429425,-0.10499999945285043
0.28139820805388127,-0.01610002509917985,-0.11299999944888917
0.28083898806014873,-0.017300025058429425,-0.11099999944987948
0.2835596780296563,-0.0179000250380541,-0.11499999944789874
0.282988588036057,-0.0181000250312624,-0.11499999944789874
0.28247003804186854,-0.017800025041450063,-0.11099999944987948
0.26123989827980987,-0.030100024623757715,-0.057299999476469354
0.2909296779470554,0.010216981007127979,-0.11799999944641326
0.28283291803780153,-0.012800025211243682,-0.11999999944542306
0.2651843882356011,-0.06190002354387003,-0.08129999946458555
0.2700662881808862,-0.050600023927603766,-0.09269999945894081
0.2787931180830785,-0.005850025447256879,-0.10699999945186012
0.27607116811358523,-0.009560025321269983,-0.11299999944888917
0.281010568058226,-0.017600025048241763,-0.11799999944641326
0.2811265280569262,-0.019200024993907827,-0.10899999945086969
0.27659862810767355,-0.017100025065221236,-0.10699999945186012
0.2763061581109516,-0.014600025150118046,-0.10599999945235516
0.27651577810860206,-0.012700025214639532,-0.10499999945285043
0.27968394807309416,-0.017400025055033574,-0.11599999944740369
0.27917307807881997,-0.020200024959949103,-0.10799999945136496
0.2787460080836064,-0.019100024997303677,-0.10799999945136496
0.2782036480896848,-0.01610002509917985,-0.11099999944987948
0.2781505880902797,-0.01590002510597166,-0.11199999944938421
0.27702766810286494,-0.017100025065221236,-0.11099999944987948
0.28882099797068883,-0.024100024827510058,-0.08069999946488271
0.24747559843407618,-0.014900025139930384,-0.10399999945334548
0.25088699839584216,-0.02340002485128112,-0.10299999945384064
0.2696610681854279,-0.018500025017679,-0.10799999945136496
0.27983265807142765,-0.016900025072012825,-0.10799999945136496
0.2784138980873285,-0.016500025085596337,-0.10499999945285043
0.2834783480305678,-0.0179000250380541,-0.10699999945186012
0.28259331804048693,-0.01820002502786655,-0.10899999945086969
0.2739318281375622,-0.017500025051637724,-0.10699999945186012
0.28066601806208746,-0.017100025065221236,-0.11199999944938421
0.27773204809497054,-0.01610002509917985,-0.10899999945086969
0.27449563813124334,-0.016600025082200487,-0.10899999945086969
0.28009630806847263,-0.017800025041450063,-0.11099999944987948
0.24721043843704793,-0.017100025065221236,-0.10299999945384064
0.21541736879337559,-0.01600002510257581,-0.10199999945433591
0.2746953181290053,-0.015300025126346872,-0.11099999944987948
0.3209343276107719,-0.014200025163701446,-0.11599999944740369
0.33828829741627353,-0.050800023920811954,-0.045799999482163734
0.318985657632612,-0.02380002483769761,-0.08909999946072333
0.30128335783101434,-0.015000025136534423,-0.11499999944789874
0.2934748979185291,-0.01830002502447059,-0.10899999945086969
0.28587109800375043,-0.014000025170493147,-0.11699999944690853
0.28382925802663483,-0.013000025204451982,-0.11599999944740369
0.2766869781066834,-0.01880002500749134,-0.10299999945384064
0.28818754797778845,-0.020200024959949103,-0.10599999945235516
0.2937601079153327,-0.01890002500409549,-0.10699999945186012
0.2813147780548164,-0.01880002500749134,-0.10599999945235516
0.2761043581132132,-0.01800002503465825,-0.10499999945285043
0.2785708180855697,-0.01630002509238815,-0.10899999945086969
0.25857072830972516,-0.015400025122950911,-0.10999999945037453
0.2781722080900373,-0.0164000250889923,-0.10799999945136496
0.3028883178130264,-0.020300024956553253,-0.10499999945285043
0.2846865680170263,-0.019200024993907827,-0.10899999945086969
0.2758057181165603,-0.017000025068616975,-0.10899999945086969
0.277831848093852,-0.017800025041450063,-0.10999999945037453
0.2812134280559522,-0.017100025065221236,-0.11099999944987948
0.279069928079976,-0.01630002509238815,-0.10499999945285043
0.27145201816535547,-0.016500025085596337,-0.10799999945136496
0.21862421875743387,-0.045600024097397385,-0.06509999947260714
0.20261819893682476,-0.02130002492259453,-0.08169999946438755
0.24590782845164716,-0.022300024888635694,-0.0718999994692402
0.2705277981757137,-0.013900025173889108,-0.0690999994706265
0.30095355783471067,-0.004200025503288685,-0.06999999947018087
0.2906089279506503,-0.007820025380358198,-0.11099999944987948
0.339882957398401,-0.032300024549048456,-0.07869999946587303
0.3438135073543487,-0.023000024864864632,-0.06639999947196351
0.28434906802080895,-0.007550025389527093,-0.12799999944146168
0.25459802835424994,-0.025000024796947184,-0.11699999944690853
0.24656605844426993,-0.040000024287566216,-0.10799999945136496
0.24674815844222908,-0.025700024773176122,-0.11299999944888917
0.25798684831626884,-0.0010000256119566675,-0.11099999944987948
0.2708650781719335,-0.0056500254540485795,-0.11699999944690853
0.2679372982047472,-0.00364002552230569,-0.11899999944591821
0.2777583980946752,0.005912533953301491,-0.09989999945537575
0.2473480484355055,-0.03670002439963005,-0.09179999945938644
0.27770711809524995,-0.018500025017679,-0.09259999945899033
0.3135426376936157,-0.019600024980324315,-0.10699999945186012
0.2908202379482818,-0.02070002494296974,-0.11799999944641326
0.2506128383989148,-0.01590002510597166,-0.09979999945542517
0.2484748984228764,-0.005140025471367493,-0.09949999945557375
0.2387734985316068,-0.01560002511615921,-0.08519999946265444
0.24318306848218563,-0.020000024966740915,-0.09979999945542517
0.273961648137228,-0.0263000247528008,-0.1379999994365102
0.27490765812662543,-0.02360002484448942,-0.10899999945086969
0.24428397846984673,-0.014700025146722084,-0.06039999947493446
0.24894993841755197,-0.017100025065221236,-0.06519999947255761
0.2816390680511818,-0.011600025251994217,-0.10099999945483107
0.2736287881409587,-0.025600024776571972,-0.11599999944740369
0.3174664276496393,-0.03390002449471452,-0.11399999944839401
0.3611256371603193,-0.02090002493617793,-0.0679999994711713
0.29106479794554097,-0.024800024803738885,-0.058899999475677145
0.30671114777018116,0.005826374656227373,-0.034099999487957056
0.20348027892716303,-0.01600002510257581,-0.12099999944492779
0.37896612696036813,-0.0005270256280192065,-0.20399999940382973
0.19859182898195127,-0.03840002434190026,-0.1599999994256167
0.21020067885184268,-0.04750002403287579,-0.029999999489987217
0.35207399726176747,-0.028000024695070902,-0.0725999994688934
0.23563221856681338,-0.014200025163701446,-0.16799999942165544
0.3746830370083718,0.004733083693354234,-0.10799999945136496
0.24871175842022164,0.025091705502001238,-0.06409999947310241
0.2207963487330895,-0.02340002485128112,-0.1309999994399763
0.40384132668157413,-0.09480002242662788,-0.12199999944443263
0.3185688576372834,0.008662598059912874,-0.026399999491769743
0.2954016778969344,-0.027100024725633887,-0.0023099995036981458
0.2297274186329925,-0.03920002431473324,-0.09409999945824765
0.4008829767147306,0.003310979041647122,-0.22099999939541215
0.2781745880900106,-0.012000025238410705,-0.1379999994365102
0.23053537862393703,-0.040500024270586854,-0.02409999949290864
0.2625365782652769,-0.013900025173889108,-0.09249999945903986
0.27355514814178394,-0.03460002447094335,-0.14199999943452946
0.2132727888174113,0.025263347496172428,-0.13399999943849072
0.2727844981504213,-0.001800025584789755,-0.12099999944492779
0.3900507568361349,-0.04360002416531483,-0.05579999947721215
0.25777446831864936,-0.03150002457621548,-0.06809999947112166
0.19875492898012337,-0.06300002350651546,-0.0690999994706265
0.20890103886640876,0.01627455380142051,-0.24699999938253792
0.3625961271438385,-0.03610002442000526,-0.2299999993909556
0.23113220861724804,-0.09750002233493926,-0.038599999485728786
0.22996820863029388,0.02306800857072333,0.04078682047496218
0.36764087708729853,0.05530993747582835,-0.19999999940581037
0.23165288861141242,-0.05260002385968621,-0.14499999943304398
0.2656469182304173,-0.055800023751018224,0.08026466745541438
0.30797537775601214,0.01768583675349511,-0.10699999945186012
0.3632404471366171,0.041538956943473426,-0.2939999993592656
0.26128319827932445,-0.027900024698466863,-0.10499999945285043
0.22139878872633734,-0.07710002302769736,0.0547086354680687
0.2576682183198402,-0.11600002170670287,-0.042999999483550155
0.23725675854860606,0.038058951061650026,-0.2939999993592656
0.32889766752152094,0.0034696508362587197,-0.2629999993746155
0.20087029895641484,-0.11400002177462021,-0.024799999492561953
0.25298148837236756,-0.04850002399891706,0.02272651648390478
0.31405120768791583,0.03496019016688012,-0.15599999942759735
0.2895524479624909,0.01356692289336825,-0.21199999939986847
0.26201720827109787,-0.022400024885239844,-0.04799999948107436
0.17263554927286173,-0.06550002342161865,0.005058717092653153
0.38958780684132366,-0.005380025463217475,-0.04919999948048015
0.30290722781281443,0.05167331259932362,-0.26499999937362506
0.17771029921598558,-0.024500024813926546,-0.11899999944591821
0.2834554680308241,-0.011400025258785917,-0.08369999946339712
0.1668407993378076,-0.04850002399891706,-0.12399999944344231
0.28020647806723775,-0.037700024365671325,-0.19199999940977164
0.28465954801732907,0.003262150743305159,-0.20599999940283942
0.23161360861185276,0.036480810115241735,-0.0598999994751821
0.37273291703022826,-0.011400025258785917,0.044597926473075034
0.33498570745328826,-0.05390002381553993,-0.14599999943254882
0.3177857076460606,-0.003260025535209876,-0.15799999942660692
0.19882940897928858,0.006829871322149961,-0.08989999946032723
0.10878470998848344,-0.028100024691675163,-0.17099999942016997
0.33171299748996774,-0.023200024858072932,-0.044599999482757946
0.164428579364843,-0.09690002235531459,0.014971685487744746
0.3575146472007904,0.05251765757065063,-0.2419999993850137
0.3034559378066646,-0.022000024898823356,-0.16999999942066502
0.12339232982476556,-0.07410002312957364,0.03734853247666459
0.35876806718674215,-0.007520025390545748,-0.16399999942363597
0.31875331763521597,0.00474340719300359,-0.1839999994137329
0.18195155916845063,-0.09760002233154341,-0.028099999490928007
0.28678663799348936,-0.06390002347595258,-0.02179999949404743
0.2713527981664674,0.027848522408383314,-0.20399999940382973
0.3308845874992523,0.011417100966373495,-0.30299999935480904
0.3009632378346021,0.008080679579674066,-0.10299999945384064
0.28296159803635934,-0.05670002372045546,-0.16599999942264576
0.27383444813865365,0.05319112154778072,-0.0799999994652294
0.2784648680867574,0.049576524670527866,-0.07899999946572445
0.27746157809800187,-0.014600025150118046,-0.11299999944888917
0.27826465808900114,-0.025400024783363673,-0.11299999944888917
0.2752422081228758,-0.013800025177284958,-0.10199999945433591
0.2723588881551915,-0.0011400256072023884,-0.11199999944938421
0.2702536181787867,-0.0013300256007503508,-0.10499999945285043
0.27946057807559765,-0.02370002484109346,-0.10099999945483107
0.2863501079983819,-0.03650002440642186,-0.11499999944789874
0.2785393180859228,-0.022400024885239844,-0.10299999945384064
0.2765933781077323,-0.015300025126346872,-0.10299999945384064
0.2761408881128038,-0.014100025167097296,-0.11199999944938421
0.27684264810493864,-0.011300025262181768,-0.11399999944839401
0.27911116807951397,-0.012300025228223044,-0.12099999944492779
0.27248192815381245,-0.01630002509238815,-0.11599999944740369
0.270008748181531,-0.012800025211243682,-0.11299999944888917
0.2713475881665257,-0.04750002403287579,-0.13299999943898588
0.27823468808933716,-0.05140002390043674,-0.14199999943452946
0.27826330808901645,-0.017600025048241763,-0.11799999944641326
0.28308886803493283,-0.011300025262181768,-0.10199999945433591
0.2812785380552225,0.027026380436302122,-0.07869999946587303
0.27034900817771756,0.05464013749857399,-0.006439999501653193
0.2778631480935012,-0.040300024277378554,-0.14899999943106346
0.280905998059398,-0.07960002294280055,-0.20899999940135394
0.27828144808881317,-0.022800024871656444,-0.09289999945884175
0.27918238807871565,0.006078034747681316,-0.07949999946547681
0.274526628130896,-0.032300024549048456,-0.11099999944987948
0.2702462181788696,-0.06770002334690939,-0.14699999943205377
0.2744222081320664,-0.02110002492938623,-0.09639999945710875
0.27483450812744525,-0.014100025167097296,-0.08039999946503118
0.2776757580956013,0.011020493979841728,-0.06229999947399367
0.32533783756141865,-0.02600002476298846,-0.12299999944393758
0.2973333678752845,-0.025100024793551223,-0.11099999944987948
0.2919651579354501,-0.016500025085596337,-0.12299999944393758
0.28693248799185467,-0.016900025072012825,-0.11499999944789874
0.2856312880064382,-0.01840002502107485,-0.11099999944987948
0.28669062799456535,-0.01880002500749134,-0.11199999944938421
0.28729627798777746,-0.017100025065221236,-0.11299999944888917
0.28526709801051986,-0.017700025044845913,-0.11299999944888917
0.28010899806833045,-0.0179000250380541,-0.11199999944938421
0.2814681880530969,-0.017700025044845913,-0.11199999944938421
0.2825133780413829,-0.0181000250312624,-0.11199999944938421
0.2817904880494848,-0.0179000250380541,-0.10999999945037453
0.28785070798156354,-0.03400002449131867,-0.09799999945631654
0.2703726681774523,-0.008310025363718387,-0.08799999946126802
0.27542527812082396,-0.010600025285952941,-0.11099999944987948
0.27567729811799957,-0.01820002502786655,-0.11099999944987948
0.2788037680829589,-0.01830002502447059,-0.10899999945086969
0.279276918077656,-0.01340002519086847,-0.10599999945235516
0.2784717180866805,-0.012000025238410705,-0.10999999945037453
0.2781761380899934,-0.01630002509238815,-0.10599999945235516
0.27469562812900183,-0.019600024980324315,-0.10299999945384064
0.27954073807469926,-0.01880002500749134,-0.11899999944591821
0.27915071807907066,-0.004320025499213731,-0.12199999944443263
0.27409616813572035,-0.0011500256068628367,-0.10099999945483107
0.2771327181016878,-0.016800025075408676,-0.10199999945433591
0.2754621181204113,-0.027700024705258564,-0.10299999945384064
0.27308245814708165,-0.025300024786759523,-0.09769999945646501
0.2753963681211482,-0.014900025139930384,-0.10199999945433591
0.2786086280851461,-0.016500025085596337,-0.10699999945186012
0.2744217981320709,-0.017100025065221236,-0.10499999945285043
0.2976369178718825,-0.05990002361178748,-0.05259999947879668
0.24134177850282224,-0.009050025338588896,-0.11899999944591821
0.2868412679928771,-0.01570002511276336,-0.10699999945186012
0.2838608880262803,-0.019700024976928465,-0.10399999945334548
0.2699675881819923,-0.019000025000699527,-0.10399999945334548
0.26652470822057905,-0.019100024997303677,-0.10099999945483107
0.27896980808109806,-0.017500025051637724,-0.10999999945037453
0.28264810803987284,-0.01600002510257581,-0.11099999944987948
0.2820075280470522,-0.01590002510597166,-0.10799999945136496
0.27987382807096606,-0.01610002509917985,-0.10999999945037453
0.28224535804438666,-0.01600002510257581,-0.11099999944987948
0.2826968680393265,-0.019400024987116016,-0.10699999945186012
0.27667354810683387,-0.025200024790155373,-0.0938999994583466
0.26860474819726665,-0.021500024915802718,-0.09669999945696017
0.26571791822962143,-0.01610002509917985,-0.10699999945186012
0.27444322813183075,-0.01610002509917985,-0.10999999945037453
0.2859161280032456,-0.014700025146722084,-0.11499999944789874
0.34700337731859743,-0.027500024712050375,-0.08429999946310007
0.31215391770918033,-0.03090002459659069,-0.07019999947008182
0.23378301858753847,-0.03820002434869196,-0.05679999947671699
0.2969466578796187,-0.019600024980324315,-0.11099999944987948
0.3201334676197478,-0.01350002518747262,-0.12099999944492779
0.2788248780827225,-0.017000025068616975,-0.10799999945136496
0.27633599811061726,-0.022600024878448144,-0.09949999945557375
0.27665044810709283,-0.023200024858072932,-0.09649999945705923
0.2729400381486782,-0.019300024990511977,-0.10299999945384064
0.2793965480763152,-0.0181000250312624,-0.10599999945235516
0.2891901779665511,-0.021600024912406868,-0.0988999994558708
0.2888633279702144,-0.02140002491919868,-0.10099999945483107
0.2824092880425493,-0.0181000250312624,-0.10899999945086969
0.28277110803849426,-0.01600002510257581,-0.11099999944987948
0.2766110381075344,-0.017200025061825275,-0.10599999945235516
0.3164216376613487,-0.058800023649142164,-0.0077599995009994815
0.39049390683116836,-0.01860002501428304,-0.08779999946136707
0.3141565876867347,-0.03100002459319484,-0.07539999946750708
0.24254434848934392,-0.019400024987116016,-0.07709999946666524
0.21372366881235783,-0.01350002518747262,-0.11399999944839401
0.2692913581895715,-0.01340002519086847,-0.14499999943304398
0.2623617282672368,-0.00795002537594347,-0.15199999942957787
0.24474462846468392,0.006541013431959231,-0.11899999944591821
0.26358177825356277,0.006928291618807703,-0.09529999945765344
0.3014153278295353,-0.02090002493617793,-0.14199999943452946
0.33462123745737293,-0.027000024729029737,-0.15099999943007314
0.30930117774115296,-0.016600025082200487,-0.13399999943849072
0.3182761176405644,-0.029300024650924628,-0.12999999944047136
0.3453207173374564,-0.027400024715446225,-0.11199999944938421
0.2805364680635394,-0.00021702563854641976,-0.10299999945384064
0.23751176854574774,0.0048407645896975104,-0.06199999947414225
0.2819497580476995,-0.03400002449131867,-0.06279999947374604
0.21545983879289965,-0.004820025482234258,-0.09559999945750486
0.18669801911525363,-0.019800024973532615,-0.07559999946740803
0.2865744179958678,-0.011500025255390067,-0.055099999477558836
0.3976281967512092,-0.01350002518747262,-0.04769999948122294
0.32322412758510843,-0.029400024647528777,-0.08359999946344676
0.2216959687230069,-0.026700024739217287,-0.11099999944987948
0.2201303087405544,-0.027100024725633887,-0.1309999994399763
0.23041900862524134,0.02074951164945671,-0.12499999944294726
0.27699256810325856,0.03180714327395351,-0.12299999944393758
0.34443115734742635,-0.0179000250380541,-0.16799999942165544
0.3687408970749697,-0.03700002438944239,-0.17099999942016997
0.2839207280256095,-0.026600024742613138,-0.11999999944542306
0.20879477886759967,-0.012000025238410705,-0.07029999947003229
0.2078633688780387,-0.019800024973532615,-0.051899999479143255
0.27037797817739273,-0.0265000247460091,-0.061399999474439304
0.20986286885562877,0.03521705615815718,-0.07359999946839835
0.30997611773358846,-0.0364000244098176,-0.13699999943700536
0.3632757271362217,-0.07800002299713449,-0.12799999944146168
0.37599122699371,-0.06680002337747226,-0.04719999948147047
0.30475781779207356,0.006832413922063685,-0.04379999948315405
0.2510992983934628,-0.02880002466790399,-0.20399999940382973
0.13288482971837623,-0.032500024542256756,-0.09859999945601938
0.1482972795456381,-0.02110002492938623,0.03557435347754312
0.2846970580169088,-0.01560002511615921,-0.11099999944987948
0.27461401812991637,0.02173883061586057,-0.06609999947211198
0.31668108765844094,-0.02060002494636559,-0.13299999943898588
0.31172453771399256,-0.08120002288846662,-0.1379999994365102
0.3726864270307493,-0.05670002372045546,-0.062099999474092615
0.38083147693946207,0.028296321393176616,-0.05169999947924231
0.2743995581323202,-0.037800024362275475,-0.1939999994087812
0.20754233888163642,-0.04870002399212525,-0.053499999478351046
0.28055482806333365,0.05925341934191286,0.05771014746658232
0.33268481747907575,0.028980023369958974,-0.1259999994424521
0.24894257841763445,-0.003140025539285052,-0.022999999493453327
0.2536709583646404,-0.026900024732425698,-0.10499999945285043
0.396915046759202,-0.022200024892031656,-0.23399999938897498
0.42854982640464856,-0.03420002448452686,-0.14099999943502473
0.2819247980479793,0.006104400246786046,-0.07429999946805177
-0.02529998850873394,-0.004600025489705284,-0.11099999944987948
0.11234856994854081,0.01256930992724592,-0.11199999944938421
0.4908919257059363,0.015340695833133133,-0.034399999487808475
0.44452109622564695,-0.03100002459319484,-0.041099999484490946
0.3242158575739935,-0.04420002414493962,-0.18499999941323775
0.08790171722253415,-0.11900002160482659,-0.05279999947869762
0.21646772878160325,-0.06820002332993003,-0.11999999944542306
0.30349015780628097,-0.06990002327220024,-0.09119999945968349
0.35597537721804207,-0.04630002407362632,-0.08739999946156518
0.3415623973795785,-0.006310025431635835,-0.12499999944294726
0.19486662902370222,0.005240295076129886,-0.14899999943106346
0.1935720090382118,0.01245615693108848,-0.1739999994186845
0.35465956723278924,-0.010600025285952941,-0.19699999940729584
0.3896737868403599,-0.015100025133138573,-0.1669999994221506
0.30612705777672744,-0.025800024769780272,-0.10399999945334548
0.18889779909059912,-0.09430002244360725,-0.062399999473944034
0.21578917878920834,-0.022900024868260593,-0.2369999993874894
0.40777950663743634,-0.05370002382233163,-0.16099999942512155
0.26027873829058223,0.00081262411648797,-0.10299999945384064
0.12806415977240504,-0.027700024705258564,-0.08829999946111944
0.2784143980873228,-0.07050002325182503,-0.049999999480084156
0.3447571973437722,-0.04600002408381387,-0.011899999498949598
0.32664675754674866,0.012035484945373875,-0.09139999945958455
0.2232828187052216,0.013910501881700732,-0.21399999939887815
0.36376842713069957,-0.011300025262181768,-0.27599999936817843
0.2761366381128514,-0.10800002197837266,-0.056699999476766516
0.2942301679100643,-0.040000024287566216,-0.1429999994340343
0.22120587872849962,-0.0364000244098176,-0.16799999942165544
0.20786071887806812,0.06342282820032497,-0.22099999939541215
0.2379664885406514,-0.001090025608900369,-0.14799999943155862
0.29966534784914844,-0.0572000237034761,-0.18099999941521838
0.2738527181384489,-0.007750025382735282,-0.14699999943205377
0.2733873781436642,-0.017000025068616975,-0.04499999948255984
0.2896541679613509,-0.01880002500749134,-0.15799999942660692
0.3515034772681618,-0.012400025224827194,-0.20399999940382973
0.2570000083273294,-0.02330002485467697,-0.014699999497563176
0.28600000800230574,-0.01320002519766017,-0.11899999944591821
0.27500000812559056,-0.02610002475959261,-0.11799999944641326
0.27000000818162917,-0.032600024538860906,-0.11799999944641326
0.27500000812559056,-0.027800024701862713,-0.12999999944047136
0.27900000808075975,-0.01860002501428304,-0.11399999944839401
0.28000000806955194,-0.01830002502447059,-0.10399999945334548
0.27500000812559056,-0.025000024796947184,-0.11699999944690853
0.27300000814800596,-0.02100002493278208,-0.11399999944839401
0.27600000811438274,-0.010400025292744641,-0.09979999945542517
0.27900000808075975,-0.015200025129742722,-0.0988999994558708
0.27900000808075975,-0.021900024902219206,-0.10999999945037453
0.27500000812559056,-0.023100024861468782,-0.11299999944888917
0.26900000819283676,-0.027700024705258564,-0.10999999945037453
0.27600000811438274,-0.01890002500409549,-0.0973999994566136
0.28200000804713654,-0.004880025480196837,-0.08609999946220881
0.3110000077221129,-0.019400024987116016,-0.10199999945433591
0.2620000082712908,-0.02330002485467697,-0.1259999994424521
0.28800000797989034,-0.0034900255273994096,-0.08379999946334771
0.27100000817042136,-0.02600002476298846,-0.09489999945785144
0.25300000837215997,-0.04420002414493962,-0.13899999943601493
0.27100000817042136,-0.030000024627153565,-0.11899999944591821
0.2990000078566053,0.011799973953371512,-0.03169999948914537
0.2940000079126439,0.011199973973746835,-0.06929999947052745
0.27600000811438274,-0.01560002511615921,-0.12499999944294726
0.27200000815921377,-0.025100024793551223,-0.13299999943898588
0.27600000811438274,-0.0263000247528008,-0.12699999944195683
0.28000000806955194,-0.014400025156909746,-0.09999999945532612
0.27700000810317515,-0.01580002510936751,-0.10599999945235516
0.28800000797989034,-0.008550025355568258,-0.10699999945186012
0.28600000800230574,-0.007740025383074833,-0.10299999945384064
0.2960000078902285,-0.014700025146722084,-0.13999999943551977
0.27700000810317515,-0.025700024773176122,-0.11799999944641326
0.27800000809196734,-0.014500025153513896,-0.10499999945285043
0.27800000809196734,-0.007670025385451917,-0.0992999994556728
0.27700000810317515,-0.004970025477140538,-0.10499999945285043
0.27800000809196734,-0.022700024875052294,-0.11599999944740369
0.27500000812559056,-0.024100024827510058,-0.10599999945235516
0.27500000812559056,-0.01560002511615921,-0.09749999945656407
0.27900000808075975,-0.016800025075408676,-0.10499999945285043
0.27800000809196734,-0.016200025095784,-0.10799999945136496
0.27600000811438274,-0.017000025068616975,-0.10899999945086969
0.27600000811438274,-0.015400025122950911,-0.10499999945285043
0.28000000806955194,-0.019200024993907827,-0.10899999945086969
0.28500000801351333,0.002359974273941967,-0.16999999942066502
0.27000000818162917,-0.00894002534232441,-0.09519999945770286
0.28000000806955194,-0.028000024695070902,-0.12399999944344231
0.27700000810317515,-0.017700025044845913,-0.11999999944542306
0.27900000808075975,-0.012000025238410705,-0.11499999944789874
0.28000000806955194,-0.010400025292744641,-0.11299999944888917
0.27600000811438274,-0.034800024464151647,-0.10999999945037453
0.27400000813679837,-0.04190002422304462,-0.10699999945186012
0.27600000811438274,-0.01800002503465825,-0.11199999944938421
0.27800000809196734,-0.012400025224827194,-0.10499999945285043
0.27700000810317515,-0.017800025041450063,-0.09989999945537575
0.1740000092575693,-0.024900024800343035,-0.09469999945795049
0.3010000078341899,-0.02360002484448942,-0.09689999945686123
0.28600000800230574,-0.02140002491919868,-0.09979999945542517
0.27200000815921377,-0.02130002492259453,-0.10099999945483107
0.27600000811438274,-0.017800025041450063,-0.10399999945334548
0.27900000808075975,-0.017600025048241763,-0.10499999945285043
0.28000000806955194,-0.01870002501088719,-0.10999999945037453
0.2920000079350593,-0.014800025143326234,-0.11499999944789874
0.2910000079462671,-0.012700025214639532,-0.11299999944888917
0.27200000815921377,-0.019700024976928465,-0.10299999945384064
0.2930000079238517,-0.01610002509917985,-0.10999999945037453
0.34000000739708924,-0.03930002431133739,-0.11399999944839401
0.32800000753158187,-0.013000025204451982,-0.10899999945086969
0.2620000082712908,-0.020000024966740915,-0.0996999994554747
0.2950000079014363,-0.017300025058429425,-0.10899999945086969
0.26700000821525216,-0.017700025044845913,-0.10399999945334548
0.2950000079014363,-0.0181000250312624,-0.10899999945086969
0.28400000802472114,-0.017400025055033574,-0.10799999945136496
0.27700000810317515,-0.0179000250380541,-0.10599999945235516
0.31500000767728187,-0.01560002511615921,-0.11199999944938421
0.27600000811438274,-0.01830002502447059,-0.10499999945285043
0.27600000811438274,-0.020200024959949103,-0.09959999945552422
0.32400000757641245,-0.01570002511276336,-0.11099999944987948
0.27500000812559056,-0.016500025085596337,-0.11199999944938421
0.20400000892133785,-0.032300024549048456,-0.09689999945686123
0.249000008416991,-0.0034100255301161564,-0.055999999477113205
0.32500000756520486,-0.029800024633945266,-0.07779999946631866
0.3090000077445283,-0.022100024895427506,-0.13199999943948115
0.26600000822645997,-0.01590002510597166,-0.12099999944492779
0.1870000091118691,-0.011500025255390067,-0.10699999945186012
0.28400000802472114,0.013699973888850026,-0.11399999944839401
0.3580000071953504,-0.01350002518747262,-0.1309999994399763
0.31900000763245107,-0.037600024369067175,-0.13199999943948115
0.3200000076212435,-0.01080002527916113,-0.12199999944443263
0.19300000904462267,-0.010600025285952941,-0.08879999946087191
0.19500000902220727,-0.020200024959949103,-0.04949999948033157
0.35000000728501224,-0.030500024610174203,-0.10799999945136496
0.3090000077445283,-0.025000024796947184,-0.12399999944344231
0.21100000884288383,-0.0005820256261515055,-0.09639999945710875
0.2980000078678131,-0.02090002493617793,-0.11399999944839401
0.33300000747554326,-0.04340002417210653,-0.1259999994424521
0.2300000086299374,-0.002650025555924751,-0.08209999946418955
0.2370000085514834,0.0021999742793753496,-0.04889999948062873
0.33200000748675107,-0.03660002440302601,-0.10899999945086969
0.26700000821525216,-0.04330002417550238,-0.14099999943502473
0.2400000085178604,0.0010899743170695864,-0.11899999944591821
0.2910000079462671,0.015599973824328428,-0.10399999945334548
0.3560000072177658,-0.02380002483769761,-0.12699999944195683
0.2870000079910979,-0.050300023937791316,-0.13299999943898588
0.18400000914549208,-0.014800025143326234,-0.0899999994602777
0.2520000083833678,-0.000604025625404403,-0.07049999946993324
0.33800000741950464,-0.04140002424002398,-0.0973999994566136
0.29000000795747494,-0.04430002414154366,-0.12499999944294726
0.2610000082824986,-0.01560002511615921,-0.12099999944492779
0.39300000680308056,-0.05920002363555865,-0.11099999944987948
0.33300000747554326,-0.024900024800343035,-0.15899999942611187
0.3160000076660743,0.0012799743106174377,-0.06549999947240914
0.15400000948172354,-0.010100025302932303,-0.043899999483104524
0.07100001041196347,-0.01570002511276336,-0.09429999945814849
0.33300000747554326,-0.010200025299536453,-0.12199999944443263
0.27600000811438274,0.0018399742916005435,-0.1359999994375004
0.27100000817042136,-0.042500024202669406,-0.12799999944146168
0.4260000064332261,-0.058600023655933864,-0.11699999944690853
0.28600000800230574,-0.0060400254408047305,-0.1979999994068007
0.3550000072289736,-0.01820002502786655,-0.14399999943353925
0.39600000676945757,-0.012200025231618894,-0.14799999943155862
0.22700000866356063,-0.022100024895427506,-0.14499999943304398
0.23500000857389902,0.008099974079018857,-0.14099999943502473
0.2380000085402758,-0.002690025554566433,-0.12099999944492779
0.27900000808075975,-0.048300024005708764,-0.12099999944492779
0.2640000082488754,-0.029600024640737077,-0.05069999947973747
0.3010000078341899,-0.056100023740830784,-0.0779999994662196
0.28000000806955194,0.006039974148973837,-0.12799999944146168
0.24400000847302938,-0.004000025510080496,-0.12299999944393758
0.28400000802472114,0.013799973885454175,-0.05749999947637041
0.4110000066013417,-0.024900024800343035,-0.14899999943106346
0.1780000092127385,-0.07030002325861673,-0.1359999994375004
0.20600000889892245,-0.005180025470009175,-0.10499999945285043
0.2520000083833678,-0.030400024613570054,-0.35199999933054626
0.20900000886529924,-0.04940002396835419,-0.31499999934886713
0.2370000085514834,-0.0061900254357109,-0.13899999943601493
0.2430000084842372,0.009979974015176474,-0.09339999945859423
0.28200000804713654,-0.0075700253888477675,-0.17499999941818933
0.18200000916790748,-0.010600025285952941,-0.16899999942116029
0.18200000916790748,-0.001690025588525157,-0.08979999946037676
0.3120000077109051,0.013899973882058325,-0.214999999398383
0.2560000083385372,0.03259997324703001,-0.22899999939145077
0.07820001033126789,-0.027600024708654525,-0.3459999993335172
0.1800000091903231,0.04029997298554777,-0.3989999993072738
0.28500000801351333,-0.011100025268973468,-0.17499999941818933
0.28500000801351333,-0.017800025041450063,-0.10399999945334548
0.19800000898858405,-0.007240025400054306,-0.11699999944690853
0.2510000083945756,0.02729997342701118,-0.15899999942611187
0.26900000819283676,0.02749997342021948,-0.13199999943948115
0.14800000954896997,-0.03650002440642186,-0.10999999945037453
0.0737000103817026,-0.1480000206200235,-0.24099999938550887
0.28000000806955194,-0.011100025268973468,-0.17999999941571354
0.27500000812559056,-0.007820025380358198,-0.12899999944096663
0.24400000847302938,-0.004380025497176199,-0.13399999943849072
0.28600000800230574,-0.004670025487328089,-0.15299999942908282
0.2360000085626912,-0.0364000244098176,-0.11399999944839401
0.239000008529068,-0.022800024871656444,-0.02339999949325522
0.2950000079014363,-0.06250002352349482,-0.09819999945621738
0.21900000875322245,-0.0551000237747894,-0.015699999497068018
0.28800000797989034,-0.030800024599986542,-0.17299999941917954
0.2870000079910979,-0.030300024616965904,-0.16799999942165544
0.27300000814800596,-0.028300024684883462,-0.12699999944195683
0.27600000811438274,-0.01840002502107485,-0.10299999945384064
0.27900000808075975,-0.010000025306328153,-0.08839999946107002
0.27600000811438274,-0.007300025398016663,-0.08029999946508082
0.27800000809196734,-0.012200025231618894,-0.10099999945483107
0.28000000806955194,-0.014900025139930384,-0.10899999945086969
0.27800000809196734,-0.02090002493617793,-0.11299999944888917
0.27100000817042136,-0.02620002475619665,-0.11499999944789874
0.33000000750916647,0.018999973708868634,-0.04249999948379779
0.27700000810317515,-0.022900024868260593,-0.14499999943304398
0.28000000806955194,-0.017300025058429425,-0.11799999944641326
0.27900000808075975,-0.01610002509917985,-0.10199999945433591
0.27700000810317515,-0.017200025061825275,-0.11399999944839401
0.27800000809196734,-0.016900025072012825,-0.11999999944542306
0.27700000810317515,-0.016800025075408676,-0.10899999945086969
0.27300000814800596,-0.022500024881843994,-0.10999999945037453
0.27200000815921377,-0.025000024796947184,-0.11399999944839401
0.28200000804713654,-0.014300025160305596,-0.11299999944888917
0.2870000079910979,-0.010600025285952941,-0.10799999945136496
0.27700000810317515,-0.014800025143326234,-0.09979999945542517
0.2400000085178604,0.0823999715558853,-0.04019999948493658
0.232000008607522,0.029399973355697995,-0.05499999947760825
0.27100000817042136,-0.004330025498874179,-0.0899999994602777
0.27200000815921377,-0.01600002510257581,-0.10099999945483107
0.26900000819283676,-0.012400025224827194,-0.09679999945691065
0.27500000812559056,-0.012000025238410705,-0.10299999945384064
0.27900000808075975,-0.01560002511615921,-0.10699999945186012
0.27500000812559056,-0.017000025068616975,-0.10799999945136496
0.27600000811438274,-0.016600025082200487,-0.10499999945285043
0.26600000822645997,-0.016900025072012825,-0.09049999946003018
0.27100000817042136,-0.015200025129742722,-0.09609999945725722
0.41400000656771874,-0.15800002028043614,-0.3459999993335172
0.24800000842819858,-0.019600024980324315,-0.10799999945136496
0.28400000802472114,-0.01560002511615921,-0.08599999946225834
0.26600000822645997,-0.014000025170493147,-0.07849999946597208
0.26900000819283676,-0.013100025201056131,-0.08959999946047581
0.27800000809196734,-0.013600025184076658,-0.10999999945037453
0.27500000812559056,-0.0049400254781593045,-0.09669999945696017
0.27900000808075975,-0.007340025396658345,-0.10499999945285043
0.28200000804713654,-0.013700025180680808,-0.11799999944641326
0.27300000814800596,-0.013600025184076658,-0.09629999945715828
0.27500000812559056,-0.019400024987116016,-0.10399999945334548
0.28800000797989034,-0.0031600255386058373,-0.1549999994280925
0.29000000795747494,-0.02360002484448942,-0.09379999945839612
0.232000008607522,-0.01580002510936751,-0.09959999945552422
0.28000000806955194,-0.015000025136534423,-0.11399999944839401
0.2890000079686825,-0.01630002509238815,-0.11199999944938421
0.27100000817042136,-0.01890002500409549,-0.10399999945334548
0.2570000083273294,-0.01820002502786655,-0.10399999945334548
0.26900000819283676,-0.017700025044845913,-0.10599999945235516
0.28200000804713654,-0.01800002503465825,-0.10599999945235516
0.2910000079462671,-0.01580002510936751,-0.10799999945136496
0.2870000079910979,-0.01630002509238815,-0.11099999944987948
0.259000008304914,-0.033000024525277394,-0.07979999946532834
0.3040000078005669,-0.017500025051637724,-0.10299999945384064
0.3040000078005669,-0.017200025061825275,-0.11199999944938421
0.28800000797989034,-0.017100025065221236,-0.10899999945086969
0.28300000803592873,-0.017400025055033574,-0.10899999945086969
0.28100000805834435,-0.018500025017679,-0.10599999945235516
0.27700000810317515,-0.01600002510257581,-0.10699999945186012
0.27100000817042136,-0.01820002502786655,-0.11099999944987948
0.27300000814800596,-0.016500025085596337,-0.11499999944789874
0.27400000813679837,-0.013800025177284958,-0.10999999945037453
0.27600000811438274,-0.01860002501428304,-0.10399999945334548
0.27700000810317515,-0.017600025048241763,-0.10699999945186012
0.27500000812559056,-0.01580002510936751,-0.10999999945037453
0.249000008416991,-0.08620002271867289,-0.0729999994686954
0.21700000877563785,-0.006260025433333816,-0.07789999946626913
0.2620000082712908,-0.015300025126346872,-0.0957999994574058
0.2970000078790209,-0.02610002475959261,-0.11399999944839401
0.2400000085178604,0.01479997385149534,-0.10999999945037453
0.3130000076996975,-0.014100025167097296,-0.11599999944740369
0.3160000076660743,-0.04220002421285707,-0.11299999944888917
0.20900000886529924,-0.020500024949761442,-0.08389999946329829
0.27100000817042136,-0.006010025441823386,-0.06669999947181493
0.353000007251389,-0.024900024800343035,-0.11099999944987948
0.22800000865235281,-0.02120002492599038,-0.1599999994256167
0.21500000879805325,0.006979974117052645,-0.12699999944195683
0.32600000755399705,-0.011200025265577618,-0.10099999945483107
0.3650000071168964,-0.019900024970136765,-0.10299999945384064
0.26800000820404457,-0.013800025177284958,-0.11799999944641326
0.34000000739708924,-0.02600002476298846,-0.10399999945334548
0.2640000082488754,-0.011200025265577618,-0.0973999994566136
0.26600000822645997,-0.016500025085596337,-0.07659999946691287
0.25500000834974457,-0.033000024525277394,-0.12799999944146168
0.22300000870839143,0.009619974027401557,-0.10999999945037453
0.380000006948781,-0.0066800254190710895,-0.11099999944987948
0.27900000808075975,-0.03330002451508973,-0.10099999945483107
0.2620000082712908,-0.016700025078804637,-0.07539999946750708
0.32900000752037406,-0.03440002447773516,-0.11499999944789874
0.19500000902220727,-0.0164000250889923,-0.1259999994424521
0.24400000847302938,0.011499973963559174,-0.11399999944839401
0.33000000750916647,-0.029200024654320478,-0.12099999944492779
0.28800000797989034,-0.032200024552444306,-0.11599999944740369
0.2500000084057832,-0.0075300253902061964,-0.09329999945864365
0.31900000763245107,-0.010000025306328153,-0.16399999942363597
0.12600000979553938,-0.027700024705258564,-0.05009999948003452
0.3000000078453977,-0.011600025251994217,-0.1359999994375004
0.2600000082937062,-0.020200024959949103,-0.1309999994399763
0.2870000079910979,-0.010100025302932303,-0.13199999943948115
0.33000000750916647,0.006719974125881878,-0.14799999943155862
0.2520000083833678,-0.05220002387326972,-0.12999999944047136
0.24800000842819858,-0.061000023574432904,-0.16999999942066502
0.2620000082712908,-0.07330002315674056,-0.07389999946824977
0.3000000078453977,-0.015000025136534423,-0.061399999474439304
0.2600000082937062,0.005519974166632413,-0.15299999942908282
0.25300000837215997,-0.035300024447172285,-0.12499999944294726
0.2620000082712908,-0.02080002493957378,-0.14199999943452946
0.3100000077333205,-0.056000023744226635,-0.13499999943799568
0.19800000898858405,-0.027500024712050375,-0.04739999948137141
0.22900000864114523,-0.045500024100793235,-0.11199999944938421
0.4230000064668491,-0.009860025311082321,-0.06749999947141871
0.2870000079910979,-0.020100024963344953,-0.15299999942908282
0.10200001006452453,-0.04870002399212525,-0.11599999944740369
0.21500000879805325,-0.008520025356587024,-0.038499999485778424
0.46800000596250224,-0.015100025133138573,-0.13199999943948115
0.3080000077557359,0.01509997384130779,-0.1259999994424521
0.2940000079126439,-0.03440002447773516,-0.12299999944393758
0.20700000888771464,-0.19300001909188058,-0.1599999994256167
0.3630000071393118,-0.07240002318730332,-0.12099999944492779
0.27800000809196734,0.02799997340324012,-0.08009999946517976
0.2560000083385372,-0.013000025204451982,-0.11199999944938421
0.2470000084394064,-0.04380002415852313,-0.14199999943452946
0.2980000078678131,-0.023200024858072932,-0.10799999945136496
0.27000000818162917,-0.037600024369067175,-0.11399999944839401
0.19600000901099968,0.005899974153728116,-0.12899999944096663
0.19500000902220727,-0.07490002310240651,-0.3189999993468866
0.242000008495445,-0.05170002389024908,-0.11599999944740369
0.31900000763245107,-0.027000024729029737,-0.08169999946438755
0.28600000800230574,-0.037500024372463026,-0.0876999994614166
0.2610000082824986,-0.040100024284170366,-0.07109999946963619
0.2540000083609524,0.009349974036570452,-0.13699999943700536
0.22300000870839143,-0.0001410256411271682,-0.15899999942611187
0.21200000883167625,0.0029799742528875406,-0.10399999945334548
0.3780000069711964,-0.04340002417210653,-0.3309999993409447
0.3610000071617272,-0.03390002449471452,-0.13899999943601493
0.2560000083385372,-0.0164000250889923,-0.05849999947587514
0.2630000082600832,0.007409974102450367,-0.09129999945963407
0.27700000810317515,0.011099973977142685,-0.12699999944195683
0.2450000084618218,-0.01580002510936751,-0.0818999994642885
0.19800000898858405,-0.01590002510597166,-0.059499999475380094
0.19900000897737646,0.03659997311119512,0.31900000033720266
0.28600000800230574,-0.08360002280696555,-0.14699999943205377
0.3090000077445283,-0.03660002440302601,-0.19499999940828616
0.2580000083161218,0.02029997366472236,-0.050299999479935575
0.2600000082937062,0.004659974195836858,-0.05769999947627136
0.28300000803592873,-0.02100002493278208,-0.1259999994424521
0.2650000082376678,-0.010000025306328153,-0.07769999946636819
0.27000000818162917,0.0048599741890451575,-0.08369999946339712
0.28300000803592873,-0.017300025058429425,-0.11699999944690853
0.28100000805834435,-0.024500024813926546,-0.11899999944591821
0.28000000806955194,-0.02330002485467697,-0.11799999944641326
0.28200000804713654,-0.025200024790155373,-0.11899999944591821
0.28400000802472114,-0.02110002492938623,-0.12199999944443263
0.28300000803592873,-0.0181000250312624,-0.12299999944393758
0.27900000808075975,-0.0181000250312624,-0.11999999944542306
0.26900000819283676,-0.022200024892031656,-0.09749999945656407
0.33500000745312786,0.07549997179020052,-0.11799999944641326
0.27200000815921377,-0.0364000244098176,-0.14599999943254882
0.28200000804713654,-0.032700024535464944,-0.11699999944690853
0.27600000811438274,-0.030000024627153565,-0.10399999945334548
0.26900000819283676,-0.025800024769780272,-0.08019999946513023
0.27300000814800596,-0.01860002501428304,-0.08619999946215928
0.27300000814800596,-0.009640025318553236,-0.10099999945483107
0.27600000811438274,-0.030300024616965904,-0.12099999944492779
0.28000000806955194,-0.030600024606778242,-0.11599999944740369
0.27600000811438274,-0.013000025204451982,-0.09539999945760391
0.27400000813679837,-0.012200025231618894,-0.0973999994566136
0.3060000077781513,-0.007770025382056067,-0.23999999938600403
0.19000000907824588,0.054999972486354465,-0.08309999946369429
0.28800000797989034,-0.02370002484109346,-0.11799999944641326
0.28200000804713654,-0.014100025167097296,-0.11999999944542306
0.27700000810317515,-0.012800025211243682,-0.12099999944492779
0.27700000810317515,-0.014000025170493147,-0.10899999945086969
0.27500000812559056,-0.012200025231618894,-0.11499999944789874
0.27700000810317515,-0.009930025308705237,-0.1309999994399763
0.28000000806955194,-0.010400025292744641,-0.13699999943700536
0.27600000811438274,-0.013100025201056131,-0.11299999944888917
0.27300000814800596,-0.014600025150118046,-0.09999999945532612
0.27800000809196734,-0.01630002509238815,-0.11199999944938421
0.2890000079686825,-0.01880002500749134,-0.11199999944938421
0.28100000805834435,0.028599973382864907,-0.11999999944542306
0.27800000809196734,0.00023497434610419976,-0.11799999944641326
0.27500000812559056,-0.011400025258785917,-0.10299999945384064
0.27200000815921377,-0.007990025374585152,-0.08979999946037676
0.27400000813679837,-0.005360025463896689,-0.09729999945666312
0.27800000809196734,-0.01330002519426432,-0.10499999945285043
0.28100000805834435,-0.012900025207847832,-0.12299999944393758
0.28100000805834435,-0.02140002491919868,-0.12199999944443263
0.26900000819283676,-0.012200025231618894,-0.08029999946508082
0.26800000820404457,0.010499973997517897,-0.07769999946636819
0.27800000809196734,-0.004060025508042964,-0.10599999945235516
0.27900000808075975,-0.02900002466111229,-0.11499999944789874
0.05100001063611781,0.006569974130975709,-0.11199999944938421
0.3090000077445283,-0.03670002439963005,-0.09869999945596997
0.2360000085626912,-0.01320002519766017,-0.10299999945384064
0.28000000806955194,-0.01560002511615921,-0.11299999944888917
0.27700000810317515,-0.017100025065221236,-0.10899999945086969
0.27700000810317515,-0.017200025061825275,-0.10899999945086969
0.27700000810317515,-0.01820002502786655,-0.10899999945086969
0.27700000810317515,-0.017000025068616975,-0.10799999945136496
0.27500000812559056,-0.01570002511276336,-0.10699999945186012
0.27600000811438274,-0.016600025082200487,-0.10899999945086969
0.27800000809196734,-0.01880002500749134,-0.11099999944987948
0.27700000810317515,-0.017200025061825275,-0.10699999945186012
0.28600000800230574,-0.014800025143326234,-0.11099999944987948
0.27300000814800596,-0.017200025061825275,-0.10799999945136496
0.28000000806955194,-0.01600002510257581,-0.11099999944987948
0.29000000795747494,-0.014500025153513896,-0.11999999944542306
0.32800000753158187,-0.015200025129742722,-0.1839999994137329
0.3650000071168964,0.00841997406815198,-0.19299999940927648
0.2560000083385372,-0.007420025393941598,-0.12399999944344231
0.27800000809196734,-0.01800002503465825,-0.10699999945186012
0.28400000802472114,-0.017400025055033574,-0.11299999944888917
0.27300000814800596,-0.01860002501428304,-0.10699999945186012
0.27400000813679837,-0.016900025072012825,-0.10799999945136496
0.28200000804713654,-0.016900025072012825,-0.11199999944938421
0.27900000808075975,-0.016500025085596337,-0.10699999945186012
0.28100000805834435,-0.01580002510936751,-0.10799999945136496
0.27500000812559056,-0.019500024983720166,-0.10899999945086969
0.27700000810317515,-0.017800025041450063,-0.10799999945136496
0.27700000810317515,-0.015500025119555061,-0.10599999945235516
0.2920000079350593,-0.0179000250380541,-0.11399999944839401
0.3090000077445283,0.04609997278858713,-0.09839999945611844
0.2610000082824986,-0.009340025328740897,-0.09099999945978254
0.29000000795747494,-0.019000025000699527,-0.09959999945552422
0.27400000813679837,-0.03370002450150622,-0.13199999943948115
0.259000008304914,-0.006960025409562642,-0.11799999944641326
0.34700000731863523,-0.0011300256075420512,-0.10299999945384064
0.2620000082712908,-0.022200024892031656,-0.09559999945750486
0.24800000842819858,-0.04120002424681579,-0.10099999945483107
0.2560000083385372,-0.02590002476638431,-0.1569999994271022
0.27300000814800596,-0.012000025238410705,-0.13699999943700536
0.3180000076436589,-0.02130002492259453,-0.09669999945696017
0.25500000834974457,0.011099973977142685,-0.0679999994711713
0.2870000079910979,-0.02060002494636559,-0.07739999946651666
0.2610000082824986,-0.05000002394797887,-0.12499999944294726
0.2570000083273294,0.005409974170367815,-0.11699999944690853
0.34200000737467384,0.011499973963559174,-0.08679999946186223
0.2620000082712908,-0.05730002370008025,-0.14499999943304398
0.26900000819283676,-0.00251002556067903,-0.11299999944888917
0.28800000797989034,0.01509997384130779,-0.12699999944195683
0.28600000800230574,-0.025800024769780272,-0.09819999945621738
0.2640000082488754,-0.05470002378837291,-0.11099999944987948
0.26900000819283676,0.008149974077320987,-0.10799999945136496
0.3180000076436589,0.005449974169009497,-0.12199999944443263
0.27100000817042136,-0.028100024691675163,-0.09279999945889128
0.249000008416991,-0.046900024053251,-0.09209999945923786
0.27200000815921377,-0.021600024912406868,-0.12899999944096663
0.32500000756520486,0.007269974107204646,-0.11699999944690853
0.24400000847302938,-0.026700024739217287,-0.12899999944096663
0.2600000082937062,-0.015300025126346872,-0.09789999945636596
0.28400000802472114,-0.01570002511276336,-0.0872999994616146
0.27700000810317515,0.010499973997517897,-0.10199999945433591
0.32900000752037406,0.013699973888850026,-0.0737999994682993
0.2300000086299374,0.013899973882058325,-0.0930999994587427
0.34200000737467384,-0.03440002447773516,-0.11299999944888917
0.16400000936964654,0.03059997331494746,-0.01639999949672133
0.2940000079126439,-0.007300025398016663,-0.10699999945186012
0.22800000865235281,0.007319974105506777,-0.06699999947166635
0.3020000078229823,0.031499973284384586,-0.06699999947166635
0.31700000765486647,-0.022800024871656444,-0.08959999946047581
0.374000007016027,-0.04650002406683451,-0.12999999944047136
0.28400000802472114,-0.02850002467809165,-0.12099999944492779
0.15000000952655435,-0.0051900254696696235,-0.04039999948483752
0.22200000871959924,-0.002970025545057986,-0.10399999945334548
0.21600000878684544,-0.011800025245202406,-0.14899999943106346
0.26900000819283676,-0.01840002502107485,-0.10499999945285043
0.4820000058055942,-0.021500024915802718,-0.1549999994280925
0.32100000761003566,0.02579997347794938,-0.022599999493651435
0.21100000884288383,0.006839974121806924,-0.05499999947760825
0.1790000092015307,-0.022600024878448144,-0.09789999945636596
0.23300000859631442,-0.04660002406343866,-0.11799999944641326
0.27500000812559056,0.0015799743004297762,-0.12299999944393758
0.26700000821525216,-0.019600024980324315,-0.10199999945433591
0.34800000730742764,-0.032400024545652606,-0.11099999944987948
0.33400000746433567,0.006969974117392197,-0.19199999940977164
0.3630000071393118,-0.09200002252171224,-0.23999999938600403
0.21200000883167625,0.01529997383451609,-0.08589999946230786
0.14000000963863157,-0.024800024803738885,-0.05839999947592478
0.3080000077557359,-0.03120002458640314,-0.023799999493057222
0.3010000078341899,-0.008190025367793341,-0.16799999942165544
0.33400000746433567,-0.013000025204451982,-0.20499999940333458
0.24800000842819858,-0.0028500255491330506,-0.08609999946220881
0.1740000092575693,-0.03730002437925484,-0.10499999945285043
0.33900000740829705,-0.04090002425700345,-0.11299999944888917
0.3660000071056888,-0.01590002510597166,-0.08239999946404097
0.23500000857389902,0.0031099742484729243,-0.13399999943849072
0.17300000926877712,-0.12200002150295042,-0.11199999944938421
0.2500000084057832,-0.027000024729029737,-0.11199999944938421
0.3720000070384424,-0.03690002439283835,-0.07429999946805177
0.3860000068815346,-0.011100025268973468,-0.08399999946324865
0.27400000813679837,-0.017400025055033574,-0.1549999994280925
0.249000008416991,-0.00825002536575592,-0.12499999944294726
0.29000000795747494,-0.024100024827510058,-0.12299999944393758
0.27200000815921377,-0.05230002386987387,-0.13299999943898588
0.25300000837215997,-0.03400002449131867,-0.08949999946052534
0.33400000746433567,-0.1310000211973219,-0.15099999943007314
0.3490000072962198,-0.04150002423662813,-0.05499999947760825
0.2610000082824986,-0.024200024824114208,-0.08059999946493224
0.2980000078678131,-0.022600024878448144,-0.1379999994365102
0.27900000808075975,-0.02080002493957378,-0.0876999994614166
0.249000008416991,-0.019000025000699527,-0.06539999947245856
0.28100000805834435,-0.024700024807134846,-0.15299999942908282
0.2600000082937062,-0.0092300253324763,-0.17499999941818933
0.367000007094481,0.2459999660002372,0.3390000003272995
0.19100000906703807,-0.028200024688279313,0.047100000471836045
0.3100000077333205,-0.0448000241245643,-0.20699999940234426
0.2970000078790209,-0.004060025508042964,-0.16099999942512155
0.27800000809196734,-0.0052600254672925395,-0.12299999944393758
0.28100000805834435,-0.029300024650924628,-0.12199999944443263
0.27900000808075975,-0.02870002467129984,-0.10899999945086969
0.28500000801351333,-0.024600024810530696,-0.14099999943502473
0.28100000805834435,-0.018500025017679,-0.13299999943898588
0.27200000815921377,-0.01880002500749134,-0.08649999946201081
0.27000000818162917,-0.006650025420089856,-0.07009999947013146
0.27500000812559056,-0.0070000254082043245,-0.10699999945186012
0.27600000811438274,-0.017400025055033574,-0.10599999945235516
0.28300000803592873,-0.02350002484788527,-0.1259999994424521
0.28300000803592873,-0.024900024800343035,-0.1259999994424521
0.27600000811438274,-0.04490002412116856,-0.11999999944542306
0.39900000673583436,0.18599996803776098,-0.03589999948706579
0.26600000822645997,-0.058000023676309076,-0.1379999994365102
0.28100000805834435,-0.029900024630549416,-0.14099999943502473
0.28100000805834435,-0.019300024990511977,-0.10599999945235516
0.27300000814800596,0.020899973644347147,-0.08549999946250586
0.27400000813679837,0.0008759743243367257,-0.08899999946077297
0.27800000809196734,-0.048200024009104725,-0.10099999945483107
0.28100000805834435,-0.014200025163701446,-0.11799999944641326
0.28300000803592873,0.02069997365113896,-0.1599999994256167
0.27700000810317515,-0.01330002519426432,-0.11499999944789874
0.27500000812559056,-0.04940002396835419,-0.06559999947235962
0.27100000817042136,-0.02130002492259453,-0.10499999945285043
0.07940001031781863,0.14099996956590366,-0.12499999944294726
0.28200000804713654,-0.058000023676309076,-0.11999999944542306
0.28500000801351333,-0.009260025331457644,-0.11299999944888917
0.27600000811438274,-0.015300025126346872,-0.10499999945285043
0.27200000815921377,-0.015400025122950911,-0.10699999945186012
0.27100000817042136,-0.01330002519426432,-0.11499999944789874
0.2640000082488754,-0.012400025224827194,-0.09299999945879223
0.26600000822645997,-0.014400025156909746,-0.0752999994675565
0.28600000800230574,-0.020500024949761442,-0.10699999945186012
0.28600000800230574,-0.017700025044845913,-0.1429999994340343
0.26800000820404457,-0.011200025265577618,-0.12299999944393758
0.27500000812559056,-0.016700025078804637,-0.11099999944987948
0.27800000809196734,-0.016800025075408676,-0.10799999945136496
0.27500000812559056,-0.014900025139930384,-0.11299999944888917
0.27500000812559056,0.1269999700413259,0.07890000045609002
0.3120000077109051,-0.048000024015896425,-0.21099999940036362
0.27700000810317515,-0.0572000237034761,-0.12399999944344231
0.27800000809196734,-0.03630002441321345,-0.10399999945334548
0.27700000810317515,-0.0048000254829135836,-0.09869999945596997
0.27600000811438274,0.005409974170367815,-0.10699999945186012
0.27400000813679837,-0.0179000250380541,-0.0950999994577525
0.26700000821525216,0.027099973433802993,-0.06829999947102272
0.2600000082937062,0.06589997211620435,-0.10699999945186012
0.27100000817042136,-0.040100024284170366,-0.08779999946136707
0.28600000800230574,-0.07250002318390747,-0.05719999947651899
0.28400000802472114,-0.028300024684883462,-0.12699999944195683
-0.2699999857662071,0.05919997234372776,-0.056699999476766516
0.3580000071953504,-0.035400024443776434,-0.10299999945384064
0.2630000082600832,-0.013000025204451982,-0.11399999944839401
0.259000008304914,-0.01560002511615921,-0.10699999945186012
0.28400000802472114,-0.017100025065221236,-0.11799999944641326
0.2920000079350593,-0.016500025085596337,-0.11799999944641326
0.2890000079686825,-0.01830002502447059,-0.10599999945235516
0.28100000805834435,-0.01630002509238815,-0.11099999944987948
0.26700000821525216,-0.01590002510597166,-0.10699999945186012
0.2580000083161218,-0.01610002509917985,-0.10699999945186012
0.2620000082712908,-0.017100025065221236,-0.11199999944938421
0.27700000810317515,-0.017000025068616975,-0.11099999944987948
0.06120001052179913,-0.011200025265577618,-0.03679999948662005
0.34400000735225844,-0.03160002457281963,-0.11899999944591821
0.26900000819283676,-0.010600025285952941,-0.11699999944690853
0.27500000812559056,-0.017100025065221236,-0.10999999945037453
0.28400000802472114,-0.01830002502447059,-0.11399999944839401
0.27900000808075975,-0.016600025082200487,-0.10699999945186012
0.27900000808075975,-0.016700025078804637,-0.10799999945136496
0.27400000813679837,-0.016800025075408676,-0.11199999944938421
0.27700000810317515,-0.01590002510597166,-0.11199999944938421
0.27800000809196734,-0.017500025051637724,-0.11099999944987948
0.27200000815921377,-0.01800002503465825,-0.10599999945235516
0.27700000810317515,-0.016700025078804637,-0.10699999945186012
0.2920000079350593,-0.015000025136534423,-0.1599999994256167
0.28500000801351333,0.00675997412452356,-0.0872999994616146
0.2410000085066526,-0.040700024263795154,-0.10799999945136496
0.3020000078229823,-0.015400025122950911,-0.12799999944146168
0.28200000804713654,0.0011599743146923913,-0.12999999944047136
0.2950000079014363,-0.020100024963344953,-0.09179999945938644
0.2500000084057832,-0.035000024457359835,-0.08409999946319913
0.239000008529068,0.006579974130636157,-0.12699999944195683
0.33800000741950464,-0.004210025502949133,-0.1309999994399763
0.26900000819283676,-0.042900024189085895,-0.0725999994688934
0.24800000842819858,-0.020100024963344953,-0.07479999946780413
0.26900000819283676,-0.01580002510936751,-0.11899999944591821
0.3030000078117745,-0.022800024871656444,-0.13999999943551977
0.2920000079350593,-0.01100002527236943,-0.11399999944839401
0.26800000820404457,0.01999997367491002,-0.195999999407791
0.3000000078453977,-0.055700023754414185,-0.13899999943601493
0.27500000812559056,0.010499973997517897,-0.1429999994340343
0.28800000797989034,-0.012300025228223044,-0.10499999945285043
0.2650000082376678,-0.021500024915802718,-0.0868999994618127
0.3160000076660743,-0.018500025017679,-0.1259999994424521
0.3040000078005669,-0.017700025044845913,-0.0891999994606738
0.20000000896616865,-0.0263000247528008,-0.08669999946191176
0.2600000082937062,-0.011700025248598367,-0.11999999944542306
0.3090000077445283,-0.009070025337909682,-0.16299999942413124
0.3020000078229823,-0.019900024970136765,-0.09069999945993112
0.21000000885409165,-0.02070002494296974,-0.042699999483698736
0.27800000809196734,-0.024300024820718358,-0.13199999943948115
0.32700000754278946,-0.016900025072012825,-0.15099999943007314
0.27000000818162917,-0.0002510256373917663,-0.07179999946928961
0.3640000071281042,-0.012000025238410705,-0.1379999994365102
0.3550000072289736,0.01799997374282747,-0.07039999946998288
0.3640000071281042,-0.04210002421625292,-0.10399999945334548
0.21900000875322245,-0.029500024644132927,-0.09109999945973313
0.21700000877563785,0.03029997332513512,-0.10499999945285043
0.22600000867476844,-0.03950002430454569,-0.14399999943353925
0.2340000085851066,-0.03830002434529611,-0.12799999944146168
0.3710000070496502,0.02309997356963789,-0.14199999943452946
0.259000008304914,0.012899973916016938,-0.08459999946295149
0.3100000077333205,0.021099973637555447,-0.15199999942957787
0.239000008529068,-0.042600024199273556,-0.08529999946260503
0.40700000664617275,-0.027500024712050375,-0.05139999947939089
0.3580000071953504,-0.02890002466450814,-0.10799999945136496
0.1220000098403703,-0.042800024192481745,-0.12799999944146168
0.16000000941447734,0.012299973936392261,-0.17599999941769406
0.34600000732984304,0.00832997407120839,-0.12999999944047136
0.2620000082712908,0.009809974020949519,-0.1309999994399763
0.3790000069599886,-0.050200023941187166,-0.07639999946701193
0.26900000819283676,-0.037500024372463026,-0.10199999945433591
0.13800000966104675,0.0018399742916005435,-0.0718999994692402
0.3550000072289736,-0.001760025586148073,-0.10699999945186012
0.27400000813679837,-0.003710025519928606,-0.22299999939442172
0.2360000085626912,-0.12200002150295042,-0.15899999942611187
0.3140000076884897,-0.002120025573922879,-0.057599999476320884
0.33800000741950464,-0.0009050256151827973,-0.06779999947127024
0.26700000821525216,-0.015100025133138573,-0.10299999945384064
0.2410000085066526,-0.05390002381553993,-0.08309999946369429
0.27500000812559056,-0.04150002423662813,-0.1359999994375004
0.19500000902220727,-0.009310025329759664,-0.14599999943254882
0.19100000906703807,-0.011700025248598367,-0.14899999943106346
0.239000008529068,-0.12400002143503297,-0.13699999943700536
0.377000006982404,-0.01070002528255698,-0.09909999945577175
0.39400000679187297,-0.010200025299536453,-0.13199999943948115
0.2630000082600832,-0.02870002467129984,-0.12099999944492779
0.23100000861872982,-0.025100024793551223,-0.07039999946998288
0.2960000078902285,-0.0368000243962342,-0.11399999944839401
0.1850000091342845,0.0008129743264760902,-0.14199999943452946
0.15900000942568493,0.010499973997517897,-0.11599999944740369
0.2980000078678131,-0.20200001878625212,-0.20499999940333458
0.21500000879805325,-0.014600025150118046,-0.10999999945037453
0.20600000889892245,-6.272564378617673e-05,-0.08889999946082239
0.3050000077893591,-0.005670025453369476,-0.07409999946815071
0.32500000756520486,0.03499997316552905,-0.05169999947924231
0.28800000797989034,-0.048200024009104725,-0.08119999946463519
0.21900000875322245,-0.050100023944583016,-0.12299999944393758
0.1790000092015307,-0.022900024868260593,-0.15599999942759735
0.27900000808075975,0.010599973994122047,-0.05929999947547915
0.28100000805834435,-0.021500024915802718,-0.11099999944987948
0.27200000815921377,-0.017500025051637724,-0.09459999945800002
0.27100000817042136,-0.019600024980324315,-0.07819999946612066
0.28400000802472114,-0.021900024902219206,-0.12299999944393758
0.28100000805834435,-0.02080002493957378,-0.13499999943799568
0.27900000808075975,-0.01800002503465825,-0.11399999944839401
0.27800000809196734,-0.014400025156909746,-0.10199999945433591
0.27400000813679837,-0.014000025170493147,-0.09999999945532612
0.27600000811438274,-0.01800002503465825,-0.10599999945235516
0.3020000078229823,-0.01580002510936751,-0.046799999481668575
0.27000000818162917,-0.02070002494296974,-0.11699999944690853
0.27400000813679837,-0.0164000250889923,-0.08299999946374392
0.27600000811438274,-0.013700025180680808,-0.09449999945804954
0.27600000811438274,-0.013900025173889108,-0.11099999944987948
0.27500000812559056,-0.015200025129742722,-0.10999999945037453
0.27800000809196734,-0.017300025058429425,-0.10499999945285043
0.28300000803592873,-0.014300025160305596,-0.11599999944740369
0.2940000079126439,-0.04160002423323228,-0.17599999941769406
0.28800000797989034,-0.03890002432492079,-0.15399999942858766
0.2650000082376678,0.015799973817536617,-0.060499999474884936
0.27000000818162917,0.009239974040305965,-0.07209999946914103
0.2340000085851066,-0.008990025340626429,-0.06819999947107214
0.2920000079350593,-0.022400024885239844,-0.13999999943551977
0.2890000079686825,-0.016900025072012825,-0.13899999943601493
0.28100000805834435,-0.019300024990511977,-0.11799999944641326
0.27600000811438274,-0.017200025061825275,-0.10499999945285043
0.27600000811438274,-0.0179000250380541,-0.10399999945334548
0.28000000806955194,-0.019100024997303677,-0.10999999945037453
0.27900000808075975,-0.0181000250312624,-0.11899999944591821
0.27600000811438274,-0.016900025072012825,-0.11099999944987948
0.27700000810317515,-0.014700025146722084,-0.10599999945235516
0.27900000808075975,-0.015100025133138573,-0.10799999945136496
0.2400000085178604,-0.027000024729029737,-0.05689999947666746
0.3040000078005669,-0.01890002500409549,-0.13299999943898588
0.27400000813679837,-0.008600025353870278,-0.11299999944888917
0.27500000812559056,-0.013900025173889108,-0.10899999945086969
0.27900000808075975,-0.0164000250889923,-0.11699999944690853
0.28200000804713654,-0.027600024708654525,-0.13899999943601493
0.27700000810317515,-0.01830002502447059,-0.12799999944146168
0.26900000819283676,0.0050699741819137945,-0.11299999944888917
0.27600000811438274,-0.014900025139930384,-0.08579999946235739
0.28100000805834435,-0.0263000247528008,-0.09759999945651454
0.28000000806955194,-0.01820002502786655,-0.12799999944146168
0.27700000810317515,-0.01570002511276336,-0.09069999945993112
0.27700000810317515,-0.014800025143326234,-0.10199999945433591
0.27800000809196734,-0.014400025156909746,-0.11799999944641326
-0.4159999841298812,-0.025000024796947184,-0.03479999948761048
0.39200000681428837,-0.03610002442000526,-0.1309999994399763
0.259000008304914,-0.011100025268973468,-0.10599999945235516
0.20600000889892245,-0.020000024966740915,-0.11099999944987948
0.1760000092351539,-0.035400024443776434,-0.10999999945037453
0.22700000866356063,-0.024900024800343035,-0.10999999945037453
0.2910000079462671,-0.01830002502447059,-0.10599999945235516
0.27200000815921377,-0.01820002502786655,-0.10799999945136496
0.27500000812559056,-0.019300024990511977,-0.10899999945086969
0.28400000802472114,-0.02110002492938623,-0.10799999945136496
0.28800000797989034,-0.017800025041450063,-0.10899999945086969
0.2930000079238517,-0.013900025173889108,-0.10799999945136496
0.11400000993003201,-0.11300002180857904,-0.11899999944591821
0.21700000877563785,-0.043100024182294194,-0.11099999944987948
0.27200000815921377,-0.028200024688279313,-0.10199999945433591
0.28400000802472114,-0.01840002502107485,-0.10799999945136496
0.28600000800230574,-0.013900025173889108,-0.10699999945186012
0.3200000076212435,-0.006900025411600175,-0.11099999944987948
0.2960000078902285,-0.0022100255708666916,-0.11099999944987948
0.2520000083833678,-0.032700024535464944,-0.10099999945483107
0.27100000817042136,-0.033000024525277394,-0.10599999945235516
0.22400000869718384,-0.022000024898823356,-0.11499999944789874
0.2540000083609524,-0.019500024983720166,-0.10899999945086969
0.2870000079910979,-0.016700025078804637,-0.10499999945285043
0.2570000083273294,-0.07720002302430151,-0.1599999994256167
0.2930000079238517,-0.032600024538860906,-0.06069999947478588
0.3120000077109051,-0.0004850256294454125,-0.11699999944690853
0.2890000079686825,-0.0033700255314744743,-0.08609999946220881
0.24800000842819858,-0.037900024358879625,-0.14099999943502473
0.3020000078229823,-0.01890002500409549,-0.12399999944344231
0.259000008304914,0.001289974310277886,-0.06859999947087414
0.249000008416991,-0.026800024735821548,-0.09159999945948549
0.3040000078005669,-0.03920002431473324,-0.08559999946245644
0.3020000078229823,-0.03380002449811037,-0.1309999994399763
