,tBodyAcc-mean-X,tBodyAcc-mean-Y,tBodyAcc-mean-Z
1487,0.2733815,0.008162794,-0.0798
1488,0.3710844,0.06908941,0.10316
1489,0.27968243,-0.0322,-0.129
1490,0.27635026,-0.0172,-0.126
1491,0.28385004,-0.019,-0.124
1492,0.27531782,-0.0274,-0.12
1493,0.2726987,-0.0187,-0.0988
1494,0.28169838,-0.00842,-0.104
1495,0.2814656,-0.0107,-0.127
1496,0.27687725,-0.016,-0.109
1497,0.27761614,-0.00964,-0.0866
1498,0.27523062,-0.0155,-0.0887
1499,0.27653188,-0.0169,-0.0962
1500,0.27643397,-0.0086,-0.105
1501,0.29395446,0.094589695,-0.0328
1502,0.28080907,-0.0479,-0.201
1503,0.28338948,-0.028,-0.127
1504,0.27623248,-0.0214,-0.0758
1505,0.27311167,-0.0312,-0.0779
1506,0.28241578,-0.00801,-0.135
1507,0.28150037,-0.000122,-0.135
1508,0.27538696,-0.0185,-0.113
1509,0.27670386,-0.0143,-0.11
1510,0.27975208,-0.0147,-0.112
1511,0.27740467,-0.0155,-0.106
1512,0.2759662,-0.0163,-0.106
1513,0.47370803,-0.0497,-0.503
1514,0.21051654,0.009155389,-0.0513
1515,0.29242164,-0.0125,-0.103
1516,0.27706766,-0.0121,-0.103
1517,0.27539322,-0.0141,-0.112
1518,0.27712095,-0.0146,-0.109
1519,0.27693304,-0.015,-0.109
1520,0.27618858,-0.0156,-0.108
1521,0.27559206,-0.0144,-0.101
1522,0.27694535,-0.0173,-0.106
1523,-0.284,-0.103,0.059291337
1524,0.3346398,-0.00284,-0.135
1525,0.25958788,-0.0239,-0.0978
1526,0.25552392,-0.016,-0.11
1527,0.26295125,-0.00801,-0.119
1528,0.23824169,-0.0221,-0.102
1529,0.29859784,-0.0202,-0.103
1530,0.2956968,-0.0153,-0.108
1531,0.24598338,-0.0233,-0.104
1532,0.26939607,-0.0184,-0.108
1533,0.27976143,-0.017,-0.11
1534,0.28612083,-0.0166,-0.112
1535,0.2890526,-0.016,-0.109
1536,0.26514184,-0.0693,-0.0271
1537,0.28518555,-0.0117,-0.113
1538,0.25916117,-0.0176,-0.108
1539,0.271093,-0.0189,-0.105
1540,0.27334163,-0.0183,-0.106
1541,0.28591084,-0.0171,-0.112
1542,0.24683386,-0.019,-0.106
1543,0.28411782,-0.0172,-0.105
1544,0.2697152,-0.0168,-0.108
1545,0.27676272,-0.0167,-0.111
1546,0.27636984,-0.0188,-0.109
1547,0.31094277,-0.0108,-0.114
1548,0.25333264,-0.067,-0.162
1549,0.20944485,0.013031885,-0.0736
1550,0.30035904,-0.0159,-0.0853
1551,0.22480068,-0.0307,-0.127
1552,0.27832448,-0.0176,-0.1
1553,0.35059944,-0.0401,-0.144
1554,0.20145248,-0.00185,-0.0978
1555,0.3015924,-0.00592,-0.071
1556,0.30890736,-0.0373,-0.135
1557,0.2650731,-0.00755,-0.0967
1558,0.32009774,-0.0117,-0.127
1559,0.2147671,-0.0182,-0.103
1560,0.30210024,-0.0183,-0.0819
1561,0.36374754,-0.0223,-0.147
1562,0.2046162,-0.0673,-0.14
1563,0.23832071,0.002102952,-0.0499
1564,0.35929465,-0.0166,-0.124
1565,0.24471428,-0.0315,-0.181
1566,0.2693013,0.007891765,-0.0507
1567,0.3191731,-0.0379,-0.0878
1568,0.21173376,-0.0384,-0.135
1569,0.31754982,-0.014,-0.0963
1570,0.25960147,-0.0141,-0.11
1571,0.29528496,-0.0104,-0.105
1572,0.31950557,-0.0244,-0.114
1573,0.18424891,0.004085412,-0.0966
1574,0.34414765,-0.0299,-0.133
1575,0.35403836,-0.0327,-0.13
1576,0.41498813,-0.0232,-0.0983
1577,0.4348795,-0.0164,-0.0779
1578,0.230217,-0.0204,-0.139
1579,0.12793753,-0.0238,-0.0995
1580,0.2652551,-0.0231,-0.124
1581,0.38229653,-0.0372,-0.138
1582,0.26659054,0.008940066,-0.0377
1583,0.23144934,0.0032976328,-0.114
1584,0.3445352,-0.055,-0.00915
1585,0.17921646,-0.0322,-0.11
1586,0.37270194,-0.0396,-0.112
1587,0.3877346,0.0034768202,-0.095
1588,0.15153106,0.013647413,-0.0893
1589,0.34272116,-0.0302,-0.0892
1590,0.27587965,-0.0248,-0.107
1591,0.35751024,-0.0222,0.013010512
1592,0.23731516,-0.0601,-0.114
1593,0.29636604,-0.0525,-0.149
1594,0.24282283,0.03432031,-0.116
1595,0.3567819,0.008701016,-0.1
1596,0.31878147,-0.0357,-0.0623
1597,0.1713487,-0.0119,-0.0861
1598,0.2250419,-0.0913,-0.37
1599,0.10524548,-0.0545,-0.365
1600,0.13452443,-0.0274,-0.134
1601,0.25415042,0.009953263,-0.0678
1602,0.27599576,-0.00634,-0.0747
1603,0.3048461,-0.0113,-0.0989
1604,0.40741503,-0.026,-0.113
1605,0.32866997,-0.047,-0.101
1606,0.2610577,-0.028,-0.0768
1607,0.05737817,-0.129,-0.334
1608,0.23497768,-0.0678,-0.211
1609,0.39776367,-0.0126,-0.078
1610,0.28118816,0.009539494,-0.0299
1611,0.19202015,-0.00463,-0.132
1612,0.24174824,-0.0242,-0.114
1613,0.31663465,-0.0307,-0.0905
1614,0.28618607,-0.0499,-0.117
1615,0.11356913,-0.0808,-0.318
1616,0.20329341,-0.0422,-0.181
1617,0.31615737,-0.0415,-0.141
1618,0.22936232,-0.00757,-0.12
1619,0.17176011,-0.0186,-0.0915
1620,0.30474263,0.0055413297,-0.101
1621,0.39329743,0.010753262,-0.147
1622,0.28463596,-0.0378,-0.171
1623,0.3006571,0.030198129,0.0580083
1624,0.27051318,-0.0348,-0.104
1625,0.27474642,-0.0378,-0.135
1626,0.27928445,-0.0399,-0.13
1627,0.27683604,-0.00804,-0.0986
1628,0.27747324,-0.00465,-0.0906
1629,0.27674478,-0.0219,-0.094
1630,0.27524865,-0.0115,-0.0948
1631,0.27797556,-0.0167,-0.11
1632,0.2794546,-0.0152,-0.112
1633,0.27735415,-0.0108,-0.114
1634,0.27597746,-0.0205,-0.114
1635,0.2782997,-0.0191,-0.114
1636,0.31260452,0.041670598,-0.0782
1637,0.2723979,-0.019,-0.101
1638,0.28019422,-0.0185,-0.105
1639,0.2800252,-0.0165,-0.0997
1640,0.27897304,-0.0156,-0.104
1641,0.27674273,-0.015,-0.107
1642,0.27666968,-0.0184,-0.106
1643,0.27847525,-0.0167,-0.101
1644,0.27672383,-0.0151,-0.109
1645,0.032150853,0.23568715,-0.0774
1646,0.29600096,-0.039,-0.171
1647,0.27244326,-0.00651,-0.116
1648,0.2650514,-0.00582,-0.112
1649,0.28305972,-0.0205,-0.111
1650,0.284576,-0.0209,-0.107
1651,0.29054943,-0.0207,-0.112
1652,0.2852583,-0.0182,-0.116
1653,0.38325417,-0.0608,-0.231
1654,0.26265734,0.0033490227,-0.137
1655,0.28241283,-0.0129,-0.116
1656,0.27247712,-0.00712,-0.115
1657,0.27076042,-0.0111,-0.107
1658,0.27654114,-0.0151,-0.107
1659,0.2723729,-0.0146,-0.1
1660,0.2765139,-0.0161,-0.106
1661,0.27478772,-0.0155,-0.106
1662,0.26686195,-0.0128,-0.0993
1663,0.27605346,-0.0165,-0.108
1664,0.27622107,-0.0154,-0.11
1665,0.27482346,-0.0137,-0.101
1666,0.27884778,-0.0165,-0.109
1667,0.37567475,-0.0152,-0.159
1668,0.27151668,-0.00977,-0.114
1669,0.27320376,-0.0195,-0.103
1670,0.28335524,-0.0168,-0.111
1671,0.27442965,-0.0171,-0.105
1672,0.28030977,-0.0181,-0.106
1673,0.28286687,-0.0186,-0.11
1674,0.27832067,-0.0187,-0.108
1675,0.27582023,-0.0158,-0.107
1676,0.2745868,-0.0165,-0.106
1677,0.27829993,-0.0166,-0.109
1678,0.27874303,-0.0169,-0.107
1679,0.27841184,-0.0168,-0.11
1680,0.37534297,-0.00583,-0.148
1681,0.26486367,-0.0147,-0.107
1682,0.26828504,-0.0209,-0.0984
1683,0.27775353,-0.0164,-0.111
1684,0.27885312,-0.0147,-0.115
1685,0.27707568,-0.018,-0.104
1686,0.28364238,-0.0181,-0.107
1687,0.2843595,-0.0175,-0.114
1688,0.27955544,-0.0178,-0.11
1689,0.27804872,-0.0165,-0.108
1690,0.2760286,-0.0171,-0.106
1691,0.27723598,-0.0162,-0.108
1692,0.20827927,-0.0448,-0.0665
1693,0.3346861,-0.0328,-0.0606
1694,0.2882233,-0.0592,-0.0722
1695,0.20109646,-0.00264,-0.115
1696,0.28471327,0.014879935,-0.145
1697,0.34013107,-0.00537,-0.14
1698,0.19601078,-0.00969,-0.089
1699,0.30027428,-0.0437,-0.0708
1700,0.32572657,-0.0376,-0.105
1701,0.19721667,0.0064834044,-0.136
1702,0.3212159,0.0065371892,-0.137
1703,0.34229985,-0.00465,-0.138
1704,0.21910769,-0.0197,-0.118
1705,0.33036926,-0.09,-0.164
1706,0.21541604,-0.028,-0.128
1707,0.21798578,-0.014,0.006194868
1708,0.32299685,-0.0404,-0.0248
1709,0.23212343,-0.00193,-0.161
1710,0.31957188,-0.000583,-0.166
1711,0.33673188,-0.00851,-0.108
1712,0.20622164,-0.00244,-0.0713
1713,0.25525817,-0.0515,-0.0838
1714,0.28845632,-0.0453,-0.115
1715,0.38661885,0.07148848,-0.0781
1716,0.3120884,-0.0423,-0.0684
1717,0.26292,0.006515991,-0.0941
1718,0.28929776,-0.0562,-0.162
1719,0.35208642,-0.0108,-0.166
1720,0.24512346,-0.011,-0.17
1721,0.18274179,-0.0391,-0.118
1722,0.35909158,-0.0106,-0.0292
1723,0.3769876,-0.025,-0.156
1724,0.2639682,-0.00261,-0.227
1725,0.2566357,-0.0329,-0.0909
1726,0.24549802,-0.0379,-0.103
1727,0.2619653,-0.00896,-0.14
1728,0.34828457,-0.0158,-0.0193
1729,0.3201558,-0.0237,-0.0637
1730,0.27813935,-0.0265,-0.205
1731,0.36207914,-0.0395,-0.0789
1732,0.22783071,-0.0285,-0.0673
1733,0.1660384,0.016284384,-0.149
1734,0.21284468,-0.00185,-0.0419
1735,0.45557132,-0.0634,-0.0642
1736,0.1339655,-0.062,-0.0923
1737,0.2615432,-0.0955,-0.109
1738,0.24060537,-0.00873,-0.106
1739,0.3414181,0.03172312,-0.118
1740,0.4560942,-0.022,-0.134
1741,0.15364839,-0.0288,-0.108
1742,0.15751906,-0.0406,-0.0795
1743,0.14474072,-0.0902,-0.149
1744,0.18423629,-0.0295,-0.201
1745,0.47233233,0.042787272,-0.137
1746,0.38623625,-0.0296,-0.129
1747,0.13964611,-0.0213,-0.0827
1748,0.23156992,-0.0353,-0.0375
1749,0.21039376,-0.0556,-0.0822
1750,0.18039614,-0.0907,-0.0718
1751,0.13238433,-0.00801,-0.188
1752,0.38172773,0.035805423,-0.0775
1753,0.4428637,-0.0613,-0.127
1754,0.16278093,-0.0317,-0.146
1755,0.24088418,0.0015752253,-0.0723
1756,0.35359955,-0.0843,-0.0773
1757,0.28343982,0.025317185,0.095227875
1758,0.2568462,-0.046,-0.177
1759,0.28176108,-0.0181,-0.138
1760,0.27718663,-0.0227,-0.118
1761,0.27584577,-0.018,-0.1
1762,0.27726427,-0.0154,-0.103
1763,0.27986792,-0.0146,-0.105
1764,0.27694494,-0.0165,-0.107
1765,0.27621365,-0.0216,-0.126
1766,0.2766566,-0.0197,-0.12
1767,0.2778038,-0.0144,-0.0982
1768,0.2793114,-0.0154,-0.108
1769,0.27690193,-0.0157,-0.108
1770,0.27612397,-0.0176,-0.107
1771,0.27803496,-0.0175,-0.107
1772,0.2766658,-0.0159,-0.104
1773,0.24527246,-0.0148,-0.51
1774,0.346599,0.036388848,0.004174315
1775,0.287995,-0.025,-0.0917
1776,0.28474137,-0.0172,-0.098
1777,0.28008026,-0.0155,-0.0979
1778,0.27479988,-0.0186,-0.112
1779,0.28156462,-0.0158,-0.0986
1780,0.2834253,-0.0162,-0.0971
1781,0.2858932,-0.017,-0.094
1782,0.29745272,-0.0102,-0.059
1783,0.27732182,-0.0226,-0.106
1784,0.2615788,-0.0293,-0.147
1785,0.27756882,-0.0171,-0.109
1786,0.28063962,-0.0155,-0.102
1787,0.27648258,-0.0167,-0.107
1788,0.2778773,-0.0173,-0.11
1789,0.1299899,0.10483888,0.06872937
1790,0.2792529,-0.0398,-0.155
1791,0.27746418,-0.014,-0.0962
1792,0.27383244,-0.0141,-0.108
1793,0.27350894,-0.0177,-0.107
1794,0.28426498,-0.0188,-0.112
1795,0.28029773,-0.0175,-0.109
1796,0.27209204,-0.0166,-0.103
1797,0.27373046,-0.0158,-0.105
1798,0.27255663,-0.0155,-0.104
1799,0.2802986,-0.0187,-0.112
1800,0.16655551,0.04300518,-0.0457
1801,0.29228398,-0.00212,-0.122
1802,0.28229275,-0.0228,-0.0963
1803,0.26790345,-0.0156,-0.0845
1804,0.27649155,-0.0114,-0.111
1805,0.275589,-0.0107,-0.108
1806,0.2760852,-0.0135,-0.115
1807,0.2784198,-0.0132,-0.105
1808,0.27619895,-0.0141,-0.0932
1809,0.2745312,-0.0146,-0.0957
1810,0.26420227,-0.00779,-0.0778
1811,0.25226432,-0.00867,-0.058
1812,0.27082583,-0.0133,-0.0754
1813,-0.421,-0.108,0.14361353
1814,0.31565207,0.00016986224,-0.138
1815,0.26665366,0.0041336743,-0.113
1816,0.26511616,0.011963731,-0.123
1817,0.3000749,-0.0134,-0.114
1818,0.36528713,-0.0117,-0.117
1819,0.26511028,-0.0151,-0.109
1820,0.1984492,-0.0261,-0.0967
1821,0.28410205,-0.0251,-0.107
1822,0.24199203,-0.0337,-0.0951
1823,0.23513076,-0.0326,-0.0952
1824,0.26253474,-0.0255,-0.103
1825,0.26764217,-0.0219,-0.106
1826,-0.0213,-0.159,0.08299952
1827,0.486838,0.036752287,-0.18
1828,0.24183103,-0.0414,-0.0815
1829,0.19621687,-0.0451,-0.0898
1830,0.2317243,-0.023,-0.107
1831,0.2202614,-0.0237,-0.104
1832,0.2611246,-0.0222,-0.107
1833,0.26846403,-0.0225,-0.106
1834,0.30947247,-0.0112,-0.111
1835,0.2541938,-0.0204,-0.104
1836,0.27566952,-0.0193,-0.105
1837,0.2775661,-0.0198,-0.107
1838,0.2754582,-0.0194,-0.11
1839,0.27694628,-0.0174,-0.111
1840,0.2871698,-0.0162,-0.108
1841,0.2925287,-0.0151,-0.11
1842,0.23920812,0.043559734,-0.143
1843,0.31038645,0.010790759,-0.146
1844,0.31267747,-0.0582,-0.086
1845,0.26530725,-0.0595,-0.0726
1846,0.25326213,0.025633214,-0.114
1847,0.31484714,0.049366478,-0.149
1848,0.250448,-0.0255,-0.102
1849,0.29298872,-0.0809,-0.0852
1850,0.245335,-0.0121,-0.1
1851,0.29918984,0.014831296,-0.136
1852,0.25652444,-0.0174,-0.127
1853,0.21123172,-0.0124,-0.0791
1854,0.20269282,-0.0714,-0.12
1855,0.26741454,-0.0529,-0.084
1856,0.29099098,-0.0668,-0.119
1857,0.25965092,0.011959975,-0.101
1858,0.34688726,0.033245526,-0.144
1859,0.18340929,-0.0222,-0.114
1860,0.28545356,-0.0774,-0.11
1861,0.2802897,-0.0315,-0.0899
1862,0.2535217,0.04911258,-0.0677
1863,0.30459946,0.0060922294,-0.144
1864,0.23221825,-0.0418,-0.105
1865,0.35567677,-0.0671,-0.125
1866,0.3855029,0.0025941383,-0.035
1867,0.19831242,0.0027531693,-0.135
1868,0.1781084,-0.0477,-0.166
1869,0.34936345,-0.00746,-0.111
1870,0.28833935,-0.0286,-0.0871
1871,0.29509553,-0.0398,-0.122
1872,0.3525819,-0.0493,-0.0733
1873,0.22019902,-0.0461,-0.153
1874,0.29228267,0.009887,-0.136
1875,0.24040236,0.0063608075,-0.121
1876,0.21694826,-0.0639,-0.0574
1877,0.37317413,-0.00335,-0.0476
1878,0.36179617,-0.0246,-0.102
1879,0.19184361,0.004727394,-0.168
1880,0.20397463,-0.0138,-0.116
1881,0.28263697,-0.0316,-0.113
1882,0.25687525,-0.0014,-0.102
1883,0.30561018,-0.0167,-0.03
1884,0.24123973,-0.115,-0.0299
1885,0.12515895,-0.0969,-0.153
1886,0.29589236,0.006189468,-0.0668
1887,0.38570532,0.034228414,-0.17
1888,0.30700514,-0.0117,-0.2
1889,0.19819121,0.005399148,-0.0441
1890,0.24277674,-0.044,-0.0834
1891,0.31189883,-0.099,-0.115
1892,0.080398515,-0.0584,-0.164
1893,0.2689408,0.042153776,-0.18
1894,0.41749763,-0.012,-0.049
1895,0.25863904,-0.0779,-0.0807
1896,0.21409844,-0.0374,-0.142
1897,0.33152917,0.053118117,-0.188
1898,0.13336352,0.020698164,-0.251
1899,0.28574532,0.010125471,-0.134
1900,0.24413344,-0.0359,-0.0185
1901,0.320504,-0.0963,-0.0651
1902,0.19870517,-0.0203,-0.124
1903,0.3440771,0.058712915,-0.138
1904,0.2730386,-0.0338,-0.103
1905,0.27267238,-0.0144,-0.105
1906,0.27973944,-0.015,-0.105
1907,0.27794936,-0.01,-0.101
1908,0.2743814,-0.014,-0.101
1909,0.27149144,-0.0312,-0.104
1910,0.28040728,-0.0176,-0.114
1911,0.28545797,-0.00687,-0.117
1912,0.2762941,-0.0152,-0.107
1913,0.27413574,-0.0231,-0.105
1914,0.2772944,-0.0282,-0.114
1915,0.27178994,-0.0442,-0.118
1916,0.28274277,-0.0138,-0.118
1917,0.2774797,-0.0182,-0.109
1918,0.27466685,-0.0182,-0.106
1919,0.27922532,-0.0151,-0.112
1920,0.2805037,-0.0148,-0.112
1921,0.27694392,-0.0231,-0.11
1922,0.2767587,-0.0247,-0.109
1923,0.27610087,-0.0109,-0.103
1924,0.27654043,-0.0141,-0.102
1925,0.22345535,0.09702681,-0.176
1926,0.2770158,-0.0516,-0.104
1927,0.27858335,-0.00978,-0.103
1928,0.27772263,-0.0159,-0.115
1929,0.27677432,-0.0181,-0.115
1930,0.27560174,-0.0144,-0.107
1931,0.2776757,-0.0177,-0.104
1932,0.28023702,-0.019,-0.107
1933,0.27793726,-0.018,-0.111
1934,0.27763742,-0.0173,-0.106
1935,0.2803621,-0.0171,-0.108
1936,0.2729896,-0.0132,-0.11
1937,0.26478934,-0.00703,-0.112
1938,0.26611936,-0.0078,-0.104
1939,0.32285702,-0.096,-0.235
1940,0.27989364,0.023982096,-0.12
1941,0.27948096,-0.0129,-0.11
1942,0.27587587,-0.0216,-0.106
1943,0.27963427,-0.0152,-0.11
1944,0.2757452,-0.0126,-0.106
1945,0.27556482,-0.015,-0.108
1946,0.2799703,-0.0173,-0.109
1947,0.27676806,-0.0173,-0.107
1948,0.27768895,-0.017,-0.109
1949,0.27999493,-0.0186,-0.11
1950,0.27867618,-0.0143,-0.11
1951,0.3632003,-0.0358,-0.152
1952,0.2973821,-0.0146,-0.0925
1953,0.2598168,-0.0144,-0.115
1954,0.2775705,-0.0174,-0.11
1955,0.2739346,-0.016,-0.107
1956,0.26562294,-0.0167,-0.104
1957,0.27400357,-0.0172,-0.105
1958,0.28131324,-0.0166,-0.11
1959,0.27743572,-0.0174,-0.11
1960,0.2777001,-0.0168,-0.109
1961,0.27931195,-0.0166,-0.11
1962,0.27585012,-0.0185,-0.109
1963,0.27610844,-0.0175,-0.108
1964,0.27930704,-0.0165,-0.108
1965,0.3512585,-0.0329,-0.0915
1966,0.2656438,-0.0128,-0.101
1967,0.27113193,-0.0165,-0.109
1968,0.27873647,-0.0173,-0.105
1969,0.27624178,-0.0181,-0.108
1970,0.2775117,-0.018,-0.111
1971,0.27746347,-0.0171,-0.109
1972,0.27609497,-0.0157,-0.108
1973,0.27523103,-0.0166,-0.106
1974,0.2772643,-0.0178,-0.108
1975,0.27825508,-0.0172,-0.112
1976,0.27881017,-0.0167,-0.11
1977,0.27830932,-0.0165,-0.106
1978,0.27548003,-0.0172,-0.109
1979,0.27678418,-0.0169,-0.11
1980,0.2753491,-0.0137,-0.11
1981,0.1546883,-0.032,-0.0523
1982,0.25019455,-0.00361,-0.0904
1983,0.34713638,-0.000788,-0.0767
1984,0.28502283,-0.0223,-0.0747
1985,0.2474701,-0.0473,-0.145
1986,0.2714127,0.01099052,-0.156
1987,0.27157798,0.031861246,-0.108
1988,0.28757125,-0.015,-0.114
1989,0.3237327,-0.0413,-0.126
1990,0.3159859,-0.0394,-0.107
1991,0.28071198,-0.00795,-0.0965
1992,0.25926685,-0.0313,-0.117
1993,0.28107446,-0.0429,-0.108
1994,0.3080571,-0.0176,-0.117
1995,0.23986556,-0.0168,-0.128
1996,0.23452415,-0.011,-0.0997
1997,0.21220227,-0.00961,-0.0581
1998,0.2739244,0.016351417,-0.082
1999,0.35935047,-0.0231,-0.0759
2000,0.34163183,-0.0296,-0.0989
2001,0.2583059,-0.0163,-0.125
2002,0.24352431,-0.034,-0.118
2003,0.25130665,-0.018,-0.11
2004,0.25792974,-0.00935,-0.128
2005,0.27389038,-0.014,-0.13
2006,0.32925132,-0.0061,-0.0989
2007,0.2526525,-0.0376,-0.102
2008,0.22259656,-0.025,-0.0975
2009,0.23758535,-0.0091,-0.0957
2010,0.42945138,0.0032917755,-0.118
2011,0.28456634,0.03997957,-0.213
2012,0.16198735,-0.018,-0.185
2013,0.29762226,-0.0238,-0.0783
2014,0.4293816,-0.0481,-0.0726
2015,0.16490726,-0.0431,-0.0873
2016,0.29373,0.006519584,-0.087
2017,0.4281471,0.00011717729,-0.0984
2018,0.34897602,0.008518898,-0.171
2019,0.23169683,-0.0356,-0.138
2020,0.3621821,-0.0447,-0.0506
2021,0.15716985,-0.0267,-0.0507
2022,0.32016447,-0.0286,-0.136
2023,0.35021004,0.048729092,-0.142
2024,0.20074204,0.015820023,-0.0234
2025,0.44696364,-0.0158,-0.118
2026,0.37424412,-0.0379,-0.18
2027,0.12025391,-0.0369,-0.128
2028,0.34609482,-0.0572,-0.0854
2029,0.26544228,-0.0245,-0.0852
2030,0.22330017,0.026199546,-0.0802
2031,0.43417147,-0.0623,-0.214
2032,0.22911127,-0.133,-0.206
2033,0.15890498,-0.0216,-0.123
2034,0.26987007,-0.00398,-0.083
2035,0.29135522,-0.00758,-0.0888
2036,0.2618649,-0.0308,-0.0887
2037,0.26284942,-0.0274,-0.0954
2038,0.31957278,-0.00834,-0.0817
2039,0.32825783,-0.0311,-0.1
2040,0.19898891,-0.101,-0.134
2041,0.31086725,-0.0205,-0.0602
2042,0.30873087,-0.0347,-0.0886
2043,0.27328187,-0.0196,-0.0985
2044,0.31047314,-0.0103,-0.113
2045,0.22850493,-0.0142,-0.173
2046,0.24556653,-0.0229,-0.112
2047,0.3224444,-0.0364,-0.0734
2048,0.22948955,-0.00367,-0.111
2049,0.170082,-0.115,-0.18
2050,0.20844568,-0.00216,-0.0752
2051,0.28831324,-0.00727,-0.0566
2052,0.37263876,-0.0127,-0.1
2053,0.3290439,-0.0385,-0.0859
2054,0.23836946,-0.0134,-0.121
2055,0.26747254,0.010115164,-0.0952
2056,0.27577677,-0.0456,-0.081
2057,0.26432985,-0.0221,-0.133
2058,0.2807237,-0.0188,-0.108
2059,0.27715406,-0.0106,-0.106
2060,0.28183717,-0.00858,-0.113
2061,0.2783545,-0.02,-0.104
2062,0.2775017,-0.0172,-0.107
2063,0.2769725,-0.0106,-0.11
2064,0.275962,-0.014,-0.105
2065,0.2787952,-0.0199,-0.109
2066,0.27823853,-0.0171,-0.11
2067,0.27870932,-0.0145,-0.109
2068,0.27729094,-0.0172,-0.105
2069,0.2748853,-0.019,-0.106
2070,0.27878255,-0.0174,-0.111
2071,0.27933455,-0.0153,-0.109
2072,0.2948952,0.019024346,-0.103
2073,0.26953873,-0.0367,-0.121
2074,0.27840853,-0.0181,-0.114
2075,0.27805704,-0.0172,-0.113
2076,0.27789646,-0.0182,-0.109
2077,0.27653116,-0.0151,-0.108
2078,0.2782532,-0.0153,-0.107
2079,0.27902457,-0.0206,-0.111
2080,0.27665234,-0.022,-0.118
2081,0.27788615,-0.013,-0.107
2082,0.277503,-0.0101,-0.104
2083,0.27782875,-0.0145,-0.106
2084,0.24772514,-0.0237,-0.156
2085,0.28793392,-0.0309,-0.102
2086,0.27281147,-0.00407,-0.119
2087,0.27530777,-0.0156,-0.109
2088,0.27855203,-0.017,-0.107
2089,0.2637522,-0.00909,-0.11
2090,0.26722193,-0.0127,-0.105
2091,0.2819055,-0.0192,-0.105
2092,0.28268442,-0.0201,-0.106
2093,0.2830556,-0.0217,-0.109
2094,0.27071512,-0.0131,-0.105
2095,0.2768521,-0.0155,-0.0995
2096,0.27198297,-0.0134,-0.112
2097,0.26356006,-0.00682,-0.118
2098,0.28906572,-0.0255,-0.1
2099,0.3222152,0.022357194,-0.18
2100,0.2743946,-0.0442,-0.0889
2101,0.27046248,-0.0173,-0.0849
2102,0.2774149,-0.0201,-0.103
2103,0.27641505,-0.0184,-0.108
2104,0.2771278,-0.0183,-0.112
2105,0.2775846,-0.0096,-0.0954
2106,0.27397236,-0.013,-0.0871
2107,0.2752602,-0.0242,-0.105
2108,0.2751835,-0.0108,-0.104
2109,0.27561978,-0.0074,-0.105
2110,0.2814528,-0.0179,-0.119
2111,0.30325234,-0.0252,-0.0913
2112,0.2381647,-0.00599,-0.118
2113,0.2637474,-0.0133,-0.126
2114,0.2833874,-0.0175,-0.112
2115,0.28308824,-0.0186,-0.112
2116,0.2818986,-0.0181,-0.116
2117,0.27436915,-0.0167,-0.11
2118,0.27790904,-0.0165,-0.11
2119,0.28089887,-0.0178,-0.116
2120,0.27130356,-0.0173,-0.103
2121,0.28114113,-0.0181,-0.0968
2122,0.283304,-0.0166,-0.111
2123,0.2734311,-0.0164,-0.115
2124,0.28371608,-0.0205,-0.0982
2125,0.28281364,-0.0176,-0.0986
2126,0.3455533,-0.0353,-0.113
2127,0.2739314,-0.0129,-0.0962
2128,0.2609797,-0.0148,-0.108
2129,0.2799596,-0.0183,-0.108
2130,0.27867135,-0.018,-0.113
2131,0.28008378,-0.0173,-0.115
2132,0.27657148,-0.0156,-0.11
2133,0.27771845,-0.0162,-0.111
2134,0.27592316,-0.0176,-0.108
2135,0.276556,-0.017,-0.11
2136,0.277601,-0.0171,-0.105
2137,0.2797016,-0.0173,-0.107
2138,0.19344778,-0.00706,-0.0638
2139,0.29227936,-0.00454,-0.0616
2140,0.318434,-0.014,-0.0772
2141,0.21975496,-0.0464,-0.131
2142,0.259025,-0.0355,-0.148
2143,0.3405434,0.0048028226,-0.11
2144,0.34820795,-0.0156,-0.115
2145,0.25233322,-0.00605,-0.116
2146,0.17400406,0.015086436,-0.0865
2147,0.30332395,-0.0127,-0.084
2148,0.3708232,-0.0254,-0.0908
2149,0.2539467,-0.0404,-0.0993
2150,0.22629584,-0.0465,-0.133
2151,0.2649733,-0.000532,-0.141
2152,0.27085307,-0.00104,-0.121
2153,0.25733873,-0.0336,-0.144
2154,0.20366345,-0.00419,-0.101
2155,0.34088418,-0.00758,-0.0594
2156,0.31934547,-0.0222,-0.114
2157,0.19864336,-0.0265,-0.104
2158,0.24586727,-0.00143,-0.12
2159,0.3332429,-0.00143,-0.146
2160,0.35691893,-0.0487,-0.124
2161,0.24565622,-0.0184,-0.103
2162,0.20657188,0.01688159,-0.0921
2163,0.32879612,-0.0165,-0.0862
2164,0.29534948,-0.0403,-0.089
2165,0.20812614,-0.0385,-0.112
2166,0.26551622,-0.00788,-0.131
2167,0.27088112,0.0055860863,-0.12
2168,0.24439798,-0.0452,-0.0875
2169,0.16831268,0.00530207,-0.116
2170,0.27027294,-0.0615,-0.137
2171,0.39526317,-0.0338,-0.115
2172,0.4145708,-0.0226,-0.147
2173,0.18406817,-0.0365,-0.155
2174,0.1759617,0.013359582,-0.0802
2175,0.32648048,-0.0158,-0.031
2176,0.34803563,0.0016826837,-0.0232
2177,0.3985064,-0.0167,-0.181
2178,0.13091181,-0.0514,-0.185
2179,0.29259235,-0.0288,-0.0686
2180,0.42609093,-0.0084,-0.0549
2181,0.13530156,-0.0157,-0.0792
2182,0.2470736,0.0049255956,-0.0913
2183,0.45445174,-0.0359,-0.194
2184,0.2243908,0.002671945,-0.0154
2185,0.2186394,0.012976842,-0.0589
2186,0.27371928,-0.0219,-0.137
2187,0.30239132,-0.0712,-0.129
2188,0.31036282,-0.0271,-0.0955
2189,0.3065978,-0.0336,-0.147
2190,0.22101118,-0.00962,-0.129
2191,0.27304938,0.02945461,-0.108
2192,0.19499673,-0.14,-0.114
2193,0.0933712,-0.0531,-0.132
2194,0.22040868,-0.0278,-0.131
2195,0.32537872,-0.00197,-0.134
2196,0.3385806,0.0061506107,-0.0891
2197,0.36309022,-0.0322,-0.125
2198,0.3548934,-0.0227,-0.117
2199,0.2424333,-0.0342,-0.0683
2200,0.26903,-0.0233,-0.0972
2201,0.24703474,-0.124,-0.124
2202,0.07730888,-0.0336,-0.114
2203,0.16491266,0.00449189,-0.0793
2204,0.2977369,0.017448496,-0.113
2205,0.3318284,-0.0151,-0.146
2206,0.37603346,-0.0309,-0.183
2207,0.309871,-0.0244,-0.105
2208,0.2576893,-0.0179,-0.0354
2209,0.29984874,-0.023,-0.0893
2210,0.25118315,-0.129,-0.171
2211,0.24175958,-0.0296,-0.13
2212,0.2757942,-0.016,-0.0834
2213,0.2959244,0.038276825,-0.115
2214,0.23621532,0.024864176,-0.0963
2215,0.1559852,-0.0605,-0.103
2216,0.19526114,-0.0565,-0.101
2217,0.26399946,-0.0187,-0.0756
2218,0.29267603,-0.00467,-0.0677
2219,0.30604485,-0.0362,-0.0665
2220,0.26762402,0.0064457203,0.11262212
2221,0.2339605,-0.0452,-0.203
2222,0.24313101,-0.0369,-0.204
2223,0.2585716,-0.0296,-0.12
2224,0.29470474,0.010146695,-0.0917
2225,0.29458842,0.01136646,-0.0959
2226,0.28569978,-0.0203,-0.0855
2227,0.2836697,-0.0197,-0.0901
2228,0.28496927,-0.00949,-0.0963
2229,0.28185138,-0.0104,-0.102
2230,0.27477396,-0.0161,-0.114
2231,0.270624,-0.022,-0.127
2232,0.27652252,-0.0197,-0.11
2233,0.27572396,-0.0238,-0.106
2234,0.27328712,-0.022,-0.115
2235,0.27651656,-0.0148,-0.111
2236,0.27910602,-0.0163,-0.103
2237,0.4200944,0.06337189,0.00023739356
2238,0.2628252,-0.0241,-0.122
2239,0.2581843,-0.0262,-0.134
2240,0.2818594,-0.0154,-0.105
2241,0.27491707,-0.0188,-0.115
2242,0.26866147,-0.0242,-0.119
2243,0.28146103,-0.0167,-0.0987
2244,0.280567,-0.0145,-0.108
2245,0.289717,-0.00278,-0.0968
2246,0.28817257,-0.00868,-0.0901
2247,0.26986927,-0.0274,-0.114
2248,0.2744606,-0.0169,-0.118
2249,0.27588105,-0.00962,-0.121
2250,0.247838,-0.0418,-0.131
2251,0.2794671,-0.0326,-0.119
2252,0.2776884,-0.0102,-0.0939
2253,0.2757861,-0.0196,-0.0998
2254,0.27888596,-0.0117,-0.12
2255,0.2819469,-0.0145,-0.135
2256,0.28048053,-0.0167,-0.122
2257,0.2768748,-0.0139,-0.105
2258,0.27778962,-0.0182,-0.109
2259,0.27817902,-0.0204,-0.109
2260,0.27797958,-0.0198,-0.109
2261,0.2758028,-0.0158,-0.109
2262,0.29757962,0.045975458,-0.0414
2263,0.28223667,-0.0065,-0.118
2264,0.27552685,-0.0133,-0.12
2265,0.2802827,-0.00208,-0.0945
2266,0.2792925,-0.0107,-0.0941
2267,0.276056,-0.0159,-0.11
2268,0.2784715,-0.0104,-0.112
2269,0.27698922,-0.014,-0.108
2270,0.27666456,-0.0239,-0.114
2271,0.27873495,-0.0174,-0.105
2272,0.2787252,-0.0153,-0.106
2273,0.27576536,-0.0184,-0.116
2274,0.27440518,-0.0158,-0.114
2275,0.27813482,-0.0158,-0.113
2276,-0.279,0.0327281,0.004246843
2277,0.348332,-0.0427,-0.115
2278,0.26682362,-0.021,-0.0932
2279,0.27000222,-0.0236,-0.0979
2280,0.2813954,-0.0194,-0.107
2281,0.26378408,-0.0136,-0.11
2282,0.26172554,-0.0149,-0.109
2283,0.2717487,-0.0262,-0.0989
2284,0.2793602,-0.0257,-0.1
2285,0.28720337,-0.0122,-0.113
2286,0.2840991,-0.0132,-0.112
2287,0.28857094,-0.0148,-0.113
2288,0.4515389,-0.0341,-0.139
2289,0.25913867,-0.0234,-0.092
2290,0.28001368,-0.0231,-0.0998
2291,0.28360397,-0.0163,-0.112
2292,0.27207884,-0.019,-0.109
2293,0.2986725,-0.0141,-0.112
2294,0.28154442,-0.0189,-0.106
2295,0.27300334,-0.0209,-0.107
2296,0.29949814,-0.0122,-0.115
2297,0.27753326,-0.0191,-0.106
2298,0.2957797,-0.00637,-0.123
2299,0.300366,-0.00985,-0.117
2300,0.3495839,-0.0207,-0.119
2301,0.18216148,-0.103,-0.0519
2302,0.22785735,-0.0422,-0.0994
2303,0.25183943,-0.0193,-0.121
2304,0.3161372,0.008962705,-0.124
2305,0.38844624,0.04481703,-0.0992
2306,0.34283456,-0.00879,-0.12
2307,0.27401638,-0.0511,-0.143
2308,0.2444678,-0.0382,-0.134
2309,0.23557884,-0.0324,-0.118
2310,0.2621541,-0.00568,-0.133
2311,0.28750455,-0.0189,-0.109
2312,0.29361963,-0.0364,-0.0704
2313,0.2903126,-0.0158,-0.124
2314,0.27550477,-0.015,-0.111
2315,0.25200006,-0.0183,-0.0902
2316,0.26117906,-0.0251,-0.117
2317,0.25424612,-0.115,-0.117
2318,0.2319089,-0.0176,-0.126
2319,0.22581388,0.0039692493,-0.0862
2320,0.22418338,-0.009,-0.0289
2321,0.26906702,-0.0223,-0.0356
2322,0.33718875,-0.0505,-0.068
2323,0.33394837,-0.0346,-0.111
2324,0.28989118,-0.0301,-0.137
2325,0.25673997,-0.0366,-0.122
2326,0.23544122,-0.0163,-0.113
2327,0.24653815,-0.0072,-0.113
2328,0.27632114,-0.013,-0.109
2329,0.27934766,0.0027456938,-0.128
2330,0.28225496,-0.00213,-0.123
2331,0.4648706,-0.0395,-0.0333
2332,0.380819,-0.0109,-0.145
2333,0.17218004,-0.0367,-0.188
2334,0.19945312,-0.0599,-0.0918
2335,0.35280174,0.04474289,-0.0971
2336,0.26905656,-0.0202,-0.155
2337,0.1944208,-0.0689,0.02356624
2338,0.28130713,0.012619385,-0.0131
2339,0.3699402,-0.00284,-0.0452
2340,0.40928653,-0.0366,-0.0977
2341,0.20586354,-0.0445,-0.185
2342,0.11628627,-0.0329,-0.0682
2343,0.22167045,-0.0152,-0.0563
2344,0.47016308,-0.0348,-0.191
2345,0.4004249,0.015879583,-0.096
2346,0.17034926,0.019498868,-0.0972
2347,0.34632772,0.015577128,-0.0252
2348,0.32480955,-0.0326,-0.0403
2349,0.3597172,-0.047,-0.203
2350,0.28028134,0.008699081,-0.142
2351,0.22662672,-0.0139,-0.0784
2352,0.34669426,-0.065,-0.156
2353,0.23489885,0.029522806,-0.00685
2354,0.28955042,-0.0281,-0.068
2355,0.10900062,-0.117,-0.144
2356,0.14274211,-0.0402,-0.161
2357,0.17329742,0.00023897282,-0.101
2358,0.3131046,0.019299017,-0.0375
2359,0.34156197,0.017235951,-0.108
2360,0.32314897,-0.0791,-0.12
2361,0.35088405,-0.0551,-0.0788
2362,0.2739041,-0.0103,-0.127
2363,0.30844152,-0.0153,-0.111
2364,0.1195509,-0.0765,-0.0876
2365,0.22830193,-0.00816,-0.183
2366,0.36308092,0.021724684,-0.101
2367,0.34876654,0.023315992,-0.117
2368,0.27528077,-0.0271,-0.247
2369,0.25279164,-0.0637,-0.0576
2370,0.34527528,0.011488881,-0.0753
2371,0.22495897,0.0053979196,-0.185
2372,0.22555487,-0.0351,-0.102
2373,0.1541559,-0.00323,-0.137
2374,0.31605706,-0.0037,-0.259
2375,0.4076959,-0.000511,-0.166
2376,0.2866066,0.003880909,-0.0876
2377,0.19981606,-0.0395,-0.141
2378,0.21495126,-0.0223,-0.0793
2379,0.22343574,-0.00464,-0.057
2380,0.2819599,-0.0295,0.002162312
2381,0.29308918,-0.000613,-0.0735
2382,0.21802431,-0.0564,-0.174
2383,0.2613613,-0.0211,-0.125
2384,0.32268447,0.011776968,-0.041
2385,0.28164595,-0.0179,-0.104
2386,0.2749419,-0.0154,-0.117
2387,0.2877567,-0.0107,-0.0943
2388,0.28012994,-0.015,-0.108
2389,0.26847592,-0.0241,-0.124
2390,0.27852488,-0.0233,-0.102
2391,0.2915446,-0.016,-0.0753
2392,0.26878974,-0.021,-0.119
2393,0.27327657,-0.0145,-0.121
2394,0.28791717,-0.0129,-0.0955
2395,0.2717213,-0.0221,-0.112
2396,0.2724738,-0.02,-0.113
2397,0.39064756,0.015100965,-0.0206
2398,0.24591987,-0.0311,-0.143
2399,0.31399786,0.0014135663,-0.0733
2400,0.31605285,-0.00901,-0.0637
2401,0.26554984,-0.0289,-0.119
2402,0.2685497,-0.0183,-0.119
2403,0.30276904,-0.00787,-0.0772
2404,0.28471053,-0.0137,-0.0996
2405,0.26501927,-0.0221,-0.128
2406,0.26908585,-0.0197,-0.116
2407,0.28175628,-0.00822,-0.108
2408,0.29008538,-0.00937,-0.0988
2409,0.2689748,-0.0223,-0.114
2410,0.266163,-0.0218,-0.118
2411,0.28219146,-0.018,-0.1
2412,0.43116444,0.24635492,0.28093904
2413,0.21268135,-0.0171,-0.124
2414,0.28721038,-0.0126,-0.106
2415,0.28129548,-0.0134,-0.1
2416,0.27599734,-0.0151,-0.108
2417,0.27548608,-0.0125,-0.109
2418,0.27505487,-0.0162,-0.109
2419,0.277421,-0.0188,-0.109
2420,0.27759492,-0.0178,-0.109
2421,0.27754268,-0.015,-0.11
2422,0.27508014,-0.0115,-0.102
2423,0.27215728,-0.00917,-0.105
2424,0.27631676,-0.014,-0.104
2425,0.27976042,-0.0245,-0.102
2426,0.21905859,0.058623157,-0.195
2427,0.2509892,-0.0323,-0.149
2428,0.24983075,-0.0704,-0.133
2429,0.3104943,-0.00418,-0.0653
2430,0.29731908,-0.00954,-0.0904
2431,0.29025838,-0.0142,-0.0899
2432,0.28504223,-0.0146,-0.0984
2433,0.32085663,0.0008295911,-0.0464
2434,0.3053624,0.009137559,-0.0673
2435,0.27525204,-0.00643,-0.118
2436,0.28591454,-0.0168,-0.0971
2437,0.27777377,-0.0172,-0.107
2438,0.2763709,-0.0158,-0.113
2439,0.2826212,-0.0172,-0.106
2440,-0.872,0.1546078,0.33075342
2441,0.38002077,-0.0405,-0.139
2442,0.32668024,-0.0287,-0.111
2443,0.29049635,-0.0134,-0.109
2444,0.30620316,-0.0175,-0.116
2445,0.27964127,-0.0199,-0.106
2446,0.2839989,-0.0143,-0.111
2447,0.30671933,-0.00405,-0.133
2448,0.2660364,-0.0187,-0.106
2449,0.23320486,-0.0324,-0.0812
2450,0.27372715,-0.0193,-0.104
2452,0.32860872,-0.0348,-0.135
2453,0.33098894,-0.0232,-0.128
2454,0.3018573,-0.0145,-0.107
2455,0.32020044,-0.0137,-0.119
2456,0.32196552,-0.00711,-0.129
2457,0.29170087,-0.0128,-0.117
2458,0.2443357,-0.0253,-0.0953
2459,0.25761226,-0.0222,-0.102
2460,0.2750012,-0.0192,-0.108
2461,0.29952687,-0.0178,-0.111
2462,0.26416853,-0.0213,-0.0971
2463,0.23558483,-0.0209,-0.0986
2464,0.2866935,-0.0194,-0.109
2465,0.31764293,-0.0173,-0.113
2466,0.22364703,-0.0335,-0.0773
2467,0.20438609,-0.0144,-0.0299
2468,0.2751787,-0.0345,-0.0376
2469,0.35535616,-0.0469,-0.0825
2470,0.3087853,-0.0365,-0.112
2471,0.26420742,-0.0219,-0.108
2472,0.24586555,-0.02,-0.11
2473,0.25646165,0.013878935,-0.112
2474,0.2535522,0.026166134,-0.128
2475,0.31758,-0.00307,-0.152
2476,0.34669873,-0.0288,-0.162
2477,0.27103713,-0.0282,-0.14
2478,0.26286557,-0.00923,-0.114
2479,0.2643551,-0.00879,-0.109
2480,0.26921389,-0.0223,-0.0707
2481,0.23889834,-0.0716,-0.119
2482,0.21525545,-0.0252,-0.113
2483,0.18136708,-0.00976,-0.0677
2484,0.20790723,-0.0314,-0.0555
2485,0.30973202,-0.0282,-0.0761
2486,0.3854361,-0.0343,-0.0769
2487,0.32563204,-0.0341,-0.0976
2488,0.28070202,-0.00862,-0.114
2489,0.22057784,-0.0107,-0.115
2490,0.19528723,0.0038671119,-0.146
2491,0.288133,0.0021453032,-0.118
2492,0.39809057,0.0044048093,-0.138
2493,0.31795323,-0.0162,-0.178
2494,0.23294893,-0.0337,-0.158
2495,0.3733024,-0.0159,-0.0345
2496,0.2502733,-0.0109,-0.102
2497,0.26719102,-0.0597,-0.23
2498,0.3285583,0.0026224575,-0.123
2499,0.26833707,0.0066210236,-0.115
2500,0.2708431,-0.0655,-0.0895
2501,0.2852345,0.013752035,0.06271499
2502,0.40596423,0.0063607343,-0.0198
2503,0.26092893,-0.045,-0.0975
2504,0.1519149,-0.0274,-0.163
2505,0.2939157,0.031884775,-0.116
2506,0.30796617,0.04937404,-0.123
2507,0.30434877,-0.0714,-0.0794
2508,0.27672306,-0.0643,-0.0148
2509,0.3494357,-0.054,-0.0558
2510,0.32138425,-0.0168,-0.00719
2511,0.28367153,-0.0075,-0.172
2512,0.2795357,-0.00755,-0.171
2513,0.24445261,0.00032073705,-0.117
2514,0.30606613,-0.082,-0.138
2515,0.28614864,-0.0406,-0.0146
2516,0.047926065,-0.0669,-0.082
2517,0.22694147,-0.00829,-0.155
2518,0.44632965,-0.018,-0.217
2519,0.34325656,0.0248745,-0.167
2520,0.24042897,0.022120707,-0.143
2521,0.26507717,-0.0687,-0.0394
2522,0.22612105,-0.0252,-0.0846
2523,0.15389471,0.013070376,-0.142
2524,0.2945636,-0.00836,-0.0866
2525,0.214925,-0.022,-0.022
2526,0.27875388,-0.0582,-0.081
2527,0.33201286,-0.045,-0.201
2528,0.27914256,-0.0332,-0.125
2529,0.26267934,0.0013988593,-0.105
2530,0.15539157,-0.0279,-0.173
2531,0.0640732,-0.00512,-0.272
2532,0.17665827,-0.0385,-0.043
2533,0.46358848,-0.0973,0.1425371
2534,0.46004,0.0044608326,-0.0572
2535,0.17706122,-0.00979,-0.0989
2536,0.33839017,-0.032,-0.136
2537,0.35887316,-0.0563,-0.0777
2538,0.32797104,-0.0531,-0.0544
2539,0.21929385,-0.0548,-0.156
2540,0.2144351,0.04136184,-0.153
2541,0.25599226,0.061575174,-0.118
2542,0.24950159,-0.0147,-0.0748
2543,0.28384367,-0.0256,-0.137
2544,0.28699487,-0.0154,-0.105
2545,0.27630714,-0.0148,-0.103
2546,0.27921587,-0.0129,-0.109
2547,0.27707234,-0.0121,-0.105
2548,0.27573,-0.0299,-0.116
2549,0.27743977,-0.0281,-0.118
2550,0.27894142,-0.00783,-0.101
2551,0.27938938,-0.0131,-0.102
2552,0.27675384,-0.0215,-0.107
2553,0.276973,-0.0192,-0.109
2554,0.28044614,-0.0201,-0.116
2555,0.27604097,-0.0152,-0.108
2556,0.34963843,0.07105058,0.02369111
2557,0.2702366,-0.0343,-0.114
2558,0.27637002,-0.0159,-0.109
2559,0.27621013,-0.0217,-0.11
2560,0.27215385,-0.0406,-0.129
2561,0.26787055,-0.0431,-0.109
2562,0.2800662,-0.00174,-0.087
2563,0.29104316,0.011952943,-0.112
2564,0.27744412,-0.00749,-0.0973
2565,0.27104658,-0.0289,-0.0995
2566,0.27842292,-0.034,-0.127
2567,0.2796143,-0.0173,-0.117
2568,0.2774783,-0.0118,-0.103
2569,0.27885818,-0.0161,-0.124
2570,0.09021879,0.25185084,0.032076385
2571,0.28425616,-0.0499,-0.196
2572,0.28150347,-0.0109,-0.103
2573,0.2717769,-0.0103,-0.104
2574,0.2754869,-0.0173,-0.113
2575,0.27864644,-0.0178,-0.114
2576,0.27729273,-0.0154,-0.113
2577,0.27240002,-0.0143,-0.103
2578,0.276659,-0.018,-0.11
2579,0.28135157,-0.0169,-0.113
2580,0.29394826,-0.0217,-0.128
2581,0.29209328,-0.0227,-0.128
2582,0.2885403,-0.00537,-0.206
2583,0.29525128,-0.0353,-0.109
2584,0.26977035,-0.00733,-0.0722
2585,0.28052735,-0.0238,-0.139
2586,0.27717558,-0.0142,-0.111
2587,0.27543798,-0.0089,-0.0847
2588,0.2779251,-0.0187,-0.114
2589,0.2753485,-0.0151,-0.112
2590,0.27703983,-0.0142,-0.109
2591,0.27882272,-0.0168,-0.107
2592,0.27851436,-0.016,-0.0996
2593,0.2795815,-0.0171,-0.108
2594,0.27875528,-0.0192,-0.114
2595,0.27730623,-0.0172,-0.117
2596,0.27579477,-0.0138,-0.113
2597,0.37735406,0.013388161,-0.231
2598,0.38306522,-0.00267,-0.162
2599,0.25244418,-0.0178,-0.102
2600,0.27616438,-0.0166,-0.111
2601,0.2826329,-0.0177,-0.112
2602,0.279598,-0.017,-0.111
2603,0.27101713,-0.0162,-0.105
2604,0.26008257,-0.0181,-0.0968
2605,0.26492977,-0.018,-0.103
2606,0.2728085,-0.0173,-0.109
2607,0.27343896,-0.0161,-0.108
2608,0.27808523,-0.0168,-0.109
2609,0.27716067,-0.0168,-0.109
2610,0.3530998,-0.00856,-0.153
2611,0.39539036,0.00028451975,-0.267
2612,0.4044879,-0.000827,-0.32
2613,0.41521817,-0.00123,-0.217
2614,0.28891584,-0.0233,-0.0404
2615,0.26021641,-0.0162,-0.102
2616,0.2775937,-0.0182,-0.1
2617,0.279001,-0.018,-0.101
2618,0.24130118,-0.0106,-0.119
2619,0.22878368,-0.009,-0.127
2620,0.26637772,-0.0148,-0.117
2621,0.27583286,-0.0195,-0.09
2622,0.2638124,-0.0196,-0.0847
2623,0.2727259,-0.0182,-0.0974
2624,0.3005919,-0.0199,-0.113
2625,0.28563595,-0.0178,-0.112
2626,0.2657568,-0.0166,-0.0982
2627,0.2690589,-0.0145,-0.114
2628,0.2671856,-0.0142,-0.118
2629,0.2742162,-0.0172,-0.107
2630,0.28595605,-0.0175,-0.107
2631,0.3061614,0.004274401,-0.168
2632,0.34969485,-0.0215,-0.101
2633,0.27631226,-0.0422,-0.122
2634,0.17469853,-0.00334,-0.105
2635,0.32148126,0.017536575,-0.0319
2636,0.33722007,-0.0552,-0.0868
2637,0.22410364,-0.0702,-0.161
2638,0.21866749,-0.000151,-0.13
2639,0.28265026,0.010504212,-0.106
2640,0.3104527,-0.00562,-0.117
2641,0.3508684,-0.0292,-0.121
2642,0.27306908,-0.0249,-0.143
2643,0.19477156,-0.0273,-0.105
2644,0.27921057,-0.0309,-0.0721
2645,0.2080392,0.0055390717,-0.115
2646,0.2667031,0.025226034,-0.0934
2647,0.33946824,-0.00927,-0.0988
2648,0.33891648,-0.0591,-0.115
2649,0.2413646,-0.0525,-0.126
2650,0.19728784,0.0025455465,-0.0971
2651,0.23447502,0.017184764,-0.0944
2652,0.3275746,0.0056244633,-0.102
2653,0.3526717,-0.0243,-0.112
2654,0.2998838,-0.0426,-0.15
2655,0.21966232,-0.017,-0.102
2656,0.20865609,-0.0052,-0.0602
2657,0.28464082,-0.00565,-0.106
2658,0.30632257,-0.0101,-0.12
2659,0.27665913,0.0017202393,-0.0315
2660,0.20472915,0.0006587824,-0.0896
2661,0.25161833,-0.0287,-0.129
2662,0.43810263,-0.0206,-0.104
2663,0.35069436,0.01048848,-0.161
2664,0.10974712,-0.0243,-0.142
2665,0.10035411,-0.00307,-0.0327
2666,0.36126798,-0.0044,-0.0603
2667,0.15789428,0.022880144,-0.137
2668,0.37977406,-0.0331,-0.12
2669,0.28939527,-0.0193,-0.0535
2670,0.1775628,-0.0256,-0.0997
2671,0.34306958,-0.0577,-0.145
2672,0.17985359,0.02355151,-0.118
2673,0.4676788,0.04328623,-0.0188
2674,0.3800449,0.012338564,-0.211
2675,0.1549789,-0.00332,-0.151
2676,0.31220263,-0.0141,-0.0654
2677,0.24156296,-0.0201,-0.0839
2678,0.2524235,-0.0439,-0.0948
2679,0.34923524,-0.00537,-0.156
2680,0.280897,-0.0992,-0.218
2681,0.36270553,-0.0544,-0.129
2682,0.3193986,-0.00868,-0.033
2683,0.14381652,-0.0277,-0.0938
2684,0.1333256,-0.0121,-0.134
2685,0.3241495,-0.0107,-0.0731
2686,0.40179747,-0.0536,-0.114
2687,0.3221942,-0.02,-0.13
2688,0.2814639,-0.086,-0.179
2689,0.3757015,-0.0124,-0.135
2690,0.28886047,-0.00853,-0.0802
2691,0.12240534,-0.0127,-0.0848
2692,0.17002478,-0.00504,-0.092
2693,0.37564415,-0.0433,-0.108
2694,0.3683726,-0.0394,-0.148
2695,0.19099079,-0.0192,-0.135
2696,0.29316416,-0.0936,-0.218
2697,0.3450172,-0.0527,-0.15
2698,0.2592769,-0.00166,-0.0844
2699,0.24031626,0.022602929,-0.0699
2700,0.16391075,0.001614951,-0.0491
2701,0.3334072,-0.0716,-0.0886
2702,0.3058307,-0.0517,-0.154
2703,0.1561557,0.034978446,-0.142
2704,0.25801453,-0.0356,0.01853614
2705,0.2908556,-0.0277,-0.153
2706,0.27075288,-0.0259,-0.117
2707,0.27557227,-0.0412,-0.109
2708,0.28122148,-0.0215,-0.112
2709,0.27728966,-0.0174,-0.102
2710,0.2752805,-0.0291,-0.11
2711,0.27752286,-0.0151,-0.109
2712,0.279235,-0.0158,-0.105
2713,0.27780473,-0.0227,-0.108
2714,0.27685162,-0.0199,-0.111
2715,0.27552173,-0.0172,-0.107
2716,0.27650887,-0.0185,-0.105
2717,0.2786391,-0.0173,-0.11
2718,0.27981177,-0.00923,-0.109
2719,0.3068988,0.021220824,-0.125
2720,0.25819936,-0.0368,-0.0521
2721,0.276092,-0.0274,-0.117
2722,0.285449,-0.0197,-0.148
2723,0.2771045,-0.0186,-0.117
2724,0.27525604,-0.0216,-0.108
2725,0.27567855,-0.0239,-0.105
2726,0.27294612,-0.0262,-0.0979
2727,0.27739418,-0.0188,-0.113
2728,0.27787396,-0.0211,-0.119
2729,0.27716076,-0.0199,-0.111
2730,0.18906578,0.0024610704,-0.207
2731,0.26920786,-0.0308,-0.132
2732,0.27449194,-0.00947,-0.12
2733,0.2711113,-0.0153,-0.118
2734,0.28011933,-0.022,-0.113
2735,0.27029958,-0.015,-0.127
2736,0.2613112,-0.00741,-0.122
2737,0.28462926,-0.0174,-0.0908
2738,0.28412196,-0.0194,-0.101
2739,0.27429527,-0.0175,-0.111
2740,0.27631816,-0.0172,-0.106
2741,0.2783322,-0.017,-0.112
2742,0.28141168,-0.0183,-0.109
2743,0.27668008,-0.0169,-0.107
2744,0.27169684,-0.015,-0.111
2745,0.23553011,0.04789859,-0.136
2746,0.29897085,-0.0355,-0.103
2747,0.2518397,0.02323329,-0.101
2748,0.2708343,-0.00895,-0.129
2749,0.29291508,-0.0387,-0.134
2750,0.28798342,-0.036,-0.0997
2751,0.2877557,-0.0374,-0.109
2752,0.2761144,-0.0198,-0.115
2753,0.27457753,-0.0141,-0.114
2754,0.27703756,-0.0125,-0.113
2755,0.27710897,-0.0139,-0.113
2756,0.27895957,-0.0186,-0.111
2757,0.27858922,-0.0177,-0.107
2758,0.27549243,-0.0162,-0.105
2759,0.2767965,-0.0184,-0.109
2760,0.27917734,-0.0182,-0.108
2761,0.27709958,-0.0142,-0.106
2762,0.53816277,-0.0433,-0.123
2763,0.28781754,-0.0337,-0.175
2764,0.23497015,-0.0139,-0.116
2765,0.26942807,-0.016,-0.111
2766,0.27533317,-0.0185,-0.111
2767,0.2849014,-0.0162,-0.102
2768,0.28229305,-0.0171,-0.11
2769,0.27207088,-0.0177,-0.111
2770,0.2729772,-0.0165,-0.104
2771,0.28039187,-0.0166,-0.111
2772,0.27669382,-0.0164,-0.107
2773,0.2659863,-0.0144,-0.0937
2774,0.26438296,-0.016,-0.107
2775,0.26588374,-0.0208,-0.128
2776,0.2661442,-0.0196,-0.128
2777,0.27184212,-0.0176,-0.118
2778,0.27370864,-0.0189,-0.114
2779,0.35624918,-0.0285,-0.109
2780,0.2918122,-0.0307,-0.152
2781,0.2590081,-0.0164,-0.12
2782,0.27789328,-0.0185,-0.115
2783,0.27597183,-0.0174,-0.111
2784,0.27582416,-0.0176,-0.108
2785,0.28097263,-0.0163,-0.0981
2786,0.3438122,-0.012,-0.0448
2787,0.38230965,-0.0275,-0.104
2788,0.30365658,-0.0316,-0.165
2789,0.2618592,-0.0185,-0.112
2790,0.27675962,-0.0186,-0.116
2791,0.2763118,-0.0183,-0.119
2792,0.2756486,-0.0174,-0.112
2793,0.2749964,-0.0179,-0.114
2794,0.27587354,-0.0178,-0.11
2795,0.27606776,-0.017,-0.109
2796,0.2771083,-0.017,-0.108
2797,0.26818144,-0.0151,-0.103
2798,0.23980556,-0.00671,-0.0809
2799,0.2891973,-0.0103,-0.0816
2800,0.17497654,-0.0138,-0.0684
2801,0.2909685,0.013956019,-0.111
2802,0.31248492,-0.0355,-0.0733
2803,0.21332687,-0.0527,-0.097
2804,0.27505428,-0.00385,-0.136
2805,0.4198814,-0.0122,-0.123
2806,0.2695556,-0.0252,-0.103
2807,0.20437363,0.018083775,-0.11
2808,0.30129144,-0.0281,-0.089
2809,0.22835132,-0.0662,-0.0915
2810,0.22463253,-0.00741,-0.144
2811,0.2850814,0.0028414584,-0.136
2812,0.34126562,-0.0298,-0.122
2813,0.20445415,-0.0344,-0.0776
2814,0.1848639,0.021300236,-0.102
2815,0.3352222,-0.0271,-0.0675
2816,0.33437023,-0.0522,-0.118
2817,0.2261771,-0.0244,-0.153
2818,0.22654898,0.013069313,-0.115
2819,0.29748827,0.009517668,-0.119
2820,0.35692847,-0.0348,-0.115
2821,0.25796258,-0.0208,-0.0947
2822,0.22138979,0.016317414,-0.107
2823,0.35571355,-0.0127,-0.117
2824,0.31129882,-0.0497,-0.0794
2825,0.21186668,-0.0388,-0.0824
2826,0.14209996,0.060829688,-0.119
2827,0.47798362,-0.0247,-0.14
2828,0.4370028,-0.0366,-0.136
2829,0.16696572,0.049536303,-0.135
2830,0.28248408,-0.0362,-0.0886
2831,0.20933813,-0.0287,-0.0653
2832,0.29584765,0.018077357,-0.114
2833,0.19952567,0.08360835,-0.116
2834,0.38356987,0.02576935,-0.173
2835,0.45993543,-0.0604,-0.161
2836,0.12886,0.008207269,-0.131
2837,0.20352498,-0.00697,-0.111
2838,0.22346815,-0.0272,-0.057
2839,0.34539986,-0.0155,-0.0973
2840,0.26397043,0.024480345,-0.111
2841,0.40231296,-0.00845,-0.135
2842,0.3703881,-0.0256,-0.17
2843,0.1521901,0.009564235,-0.154
2844,0.2603042,-0.0297,-0.0947
2845,0.3795914,-0.0538,-0.0376
2846,0.20473933,0.02611972,-0.0918
2847,0.21449655,-0.106,-0.061
2848,0.24083535,-0.0807,-0.0681
2849,0.24848896,0.018845854,-0.0968
2850,0.26668265,0.009214111,-0.129
2851,0.35754627,-0.0424,-0.179
2852,0.38400635,-0.0468,-0.158
2853,0.19973788,-0.0211,-0.119
2854,0.16088694,0.02713785,-0.0743
2855,0.274601,-0.056,-0.0845
2856,0.2609774,-0.0707,-0.0538
2857,0.23723757,-0.00783,-0.0741
2858,0.19529215,-0.00778,-0.138
2859,0.16603144,-0.0235,-0.162
2860,0.41737247,-0.033,-0.167
2861,0.39359212,-0.0288,-0.14
2862,0.19156832,0.013328428,-0.105
2863,0.17074896,-0.0516,-0.106
2864,0.18164437,-0.0453,-0.121
2865,0.36260128,-0.00446,-0.0363
2866,0.27451193,-0.00118,-0.0994
2867,0.17139424,-0.0483,-0.114
2868,0.21707201,-0.00649,-0.154
2869,0.40705138,-0.00383,-0.19
2870,0.4158003,-0.0376,-0.138
2871,0.27745214,-0.0242,-0.0946
2872,0.27053085,-0.02,-0.139
2873,0.2730532,-0.0168,-0.121
2874,0.2732781,-0.0216,-0.127
2875,0.27884543,-0.0188,-0.113
2876,0.27498534,-0.0168,-0.109
2877,0.27443305,-0.0166,-0.108
2878,0.27580333,-0.0193,-0.109
2879,0.27790055,-0.0179,-0.115
2880,0.27901116,-0.0162,-0.11
2881,0.27657738,-0.0182,-0.109
2882,0.2782226,-0.0152,-0.106
2883,0.27895576,-0.016,-0.101
2884,0.27800727,-0.0187,-0.108
2885,0.27752325,-0.0161,-0.114
2886,0.27805427,-0.0162,-0.102
2887,0.2788922,-0.019,-0.101
2888,0.28005168,-0.0171,-0.106
2889,0.27878243,-0.016,-0.11
2890,0.27709422,-0.0148,-0.109
2891,0.6315101,0.09653579,0.18429074
2892,0.278532,-0.0188,-0.126
2893,0.26212847,-0.0256,-0.118
2894,0.2853338,-0.0155,-0.103
2895,0.27645975,-0.0188,-0.115
2896,0.27730206,-0.0203,-0.11
2897,0.27429163,-0.0188,-0.109
2898,0.27415934,-0.0154,-0.111
2899,0.27217016,-0.0203,-0.116
2900,0.27210867,-0.0242,-0.114
2901,0.2837693,-0.0145,-0.0961
2902,0.27875072,-0.0172,-0.102
2903,0.26905233,-0.0236,-0.119
2904,0.2770857,-0.0194,-0.11
2905,0.28153393,-0.0174,-0.105
2906,0.27979562,-0.0154,-0.107
2907,0.55913496,0.08904158,0.19595097
2908,0.2107581,-0.0397,-0.165
2909,0.28277302,-0.0123,-0.107
2910,0.2955987,-0.00496,-0.0732
2911,0.32477957,0.07645949,0.20352817
2912,0.32701522,0.08356286,0.17949826
2913,0.2786206,0.028207332,-0.0515
2914,0.26881224,0.01683123,-0.0337
2915,0.27716756,-0.0151,-0.0906
2916,0.27574277,-0.016,-0.108
2917,0.27648994,-0.0159,-0.106
2918,0.27919835,-0.0167,-0.103
2919,0.27805445,-0.0174,-0.108
2920,0.2780253,-0.017,-0.105
2921,0.27750346,-0.018,-0.108
2922,0.24296685,0.09299303,-0.0653
2923,0.28588843,-0.0266,-0.101
2924,0.2838033,-0.0178,-0.1
2925,0.2792724,-0.00832,-0.0956
2926,0.27981555,-0.0165,-0.101
2927,0.2787947,-0.0187,-0.105
2928,0.27915,-0.0165,-0.103
2929,0.2773866,-0.0137,-0.102
2930,0.2763435,-0.0136,-0.108
2931,0.27909705,-0.0157,-0.105
2932,0.2788613,-0.0163,-0.107
2933,0.2789493,-0.0164,-0.106
2934,0.27752832,-0.0172,-0.107
2935,0.27526692,-0.0178,-0.112
2936,0.27871823,-0.0174,-0.103
2937,0.26001823,-0.00849,-0.118
2938,0.36156264,-0.0133,-0.13
2939,0.26005733,-0.0404,-0.0755
2940,0.27716163,-0.0117,-0.114
2941,0.286779,-0.0138,-0.116
2942,0.27754197,-0.0155,-0.11
2943,0.2710018,-0.0216,-0.104
2944,0.27468264,-0.0116,-0.11
2945,0.28058013,-0.0124,-0.115
2946,0.27946532,-0.0271,-0.102
2947,0.27714825,-0.0109,-0.112
2948,0.28057715,-0.0191,-0.109
2949,0.2834308,-0.0138,-0.112
2950,0.27910778,-0.01,-0.113
2951,0.27783686,-0.0284,-0.0985
2952,0.27968085,-0.0155,-0.111
2953,0.27668172,-0.0231,-0.103
2954,0.2711866,-0.019,-0.107
2955,0.10566507,-0.0566,-0.0542
2956,0.3210848,-0.0254,-0.126
2957,0.2710588,-0.0222,-0.0955
2958,0.2769016,-0.0139,-0.111
2959,0.2804429,-0.0122,-0.114
2960,0.284594,-0.0112,-0.115
2961,0.27985507,-0.0182,-0.107
2962,0.27917442,-0.0187,-0.107
2963,0.28439084,-0.0129,-0.114
2964,0.29380158,-0.00786,-0.118
2965,0.27531365,-0.0241,-0.1
2966,0.2702663,-0.0175,-0.107
2967,0.27804255,-0.0158,-0.112
2968,0.2750151,-0.0166,-0.111
2969,0.27761742,-0.0156,-0.11
2970,0.28115895,-0.0204,-0.104
2971,0.28160307,-0.0137,-0.113
2972,0.2766645,-0.018,-0.111
2973,0.23590066,-0.0549,-0.0969
2974,0.22877456,-0.0124,-0.077
2975,0.32336852,-0.0424,-0.0914
2976,0.31203094,-0.0373,-0.126
2977,0.22639968,0.007944609,-0.0761
2978,0.2783925,0.014323336,-0.0676
2979,0.36424413,-0.0152,-0.164
2980,0.23370928,-0.0315,-0.136
2981,0.20485114,-0.0195,-0.0656
2982,0.3299109,-0.0307,-0.111
2983,0.2820905,-0.0359,-0.135
2984,0.23642503,-0.00396,-0.0828
2985,0.2624988,-0.0387,-0.114
2986,0.28205603,-0.0204,-0.121
2987,0.27828747,-0.0262,-0.131
2988,0.24048014,-0.0201,-0.109
2989,0.26084483,-0.0109,-0.0589
2990,0.33155602,-0.0378,-0.126
2991,0.2070012,-0.041,-0.184
2992,0.21261503,-0.00185,-0.108
2993,0.34133187,0.0005606061,-0.085
2994,0.32633623,-0.0208,-0.121
2995,0.22890475,-0.0166,-0.0705
2996,0.27786818,-0.00326,-0.0382
2997,0.35660118,-0.0152,-0.0926
2998,0.26777634,-0.0276,-0.141
2999,0.4675788,-0.0587,-0.187
3000,0.349199,-0.0291,-0.134
3001,0.18207934,-0.0177,-0.119
3002,0.16572589,-0.0274,-0.0649
3003,0.20151457,-0.00233,-0.0507
3004,0.3633738,-0.0215,-0.124
3005,0.40611976,-0.0262,-0.112
3006,0.2818062,-0.00679,-0.109
3007,0.44247028,-0.0207,-0.0938
3008,0.40596843,-0.0203,-0.119
3009,0.15656444,-0.0344,-0.183
3010,0.15526365,-0.0375,-0.0762
3011,0.3297402,-0.0196,-0.104
3012,0.36422917,-0.0188,-0.188
3013,0.18208523,0.024570066,-0.0675
3014,0.29499492,-0.0202,-0.11
3015,0.4635893,-0.00169,-0.074
3016,0.36908224,-0.0353,-0.159
3017,0.14125904,-0.0167,-0.141
3018,0.15592739,-0.03,-0.0742
3019,0.28769204,-0.0271,-0.0816
3020,0.3974328,-0.0218,-0.129
3021,0.20391731,0.0063502877,-0.0981
3022,0.2995052,-0.0204,-0.146
3023,0.07854245,-0.0231,-0.32
3024,0.21288122,-0.0447,-0.121
3025,0.29208395,-0.0185,-0.121
3026,0.26666564,-0.00681,-0.137
3027,0.26732558,-0.0242,-0.079
3028,0.2888401,-0.0236,-0.113
3029,0.2923939,-0.0173,-0.125
3030,0.28300244,-0.0141,-0.114
3031,0.31243056,-0.0174,-0.0947
3032,0.07731945,-0.105,-0.245
3033,0.33289257,-0.00512,-0.0826
3034,0.28186953,-0.03,-0.0938
3035,0.21754614,-0.0484,-0.128
3036,0.28905258,-0.00936,-0.111
3037,0.32381946,-0.0355,-0.0905
3038,0.31525192,-0.0426,-0.099
3039,0.26211587,-0.00315,-0.133
3040,0.24379271,-0.00466,-0.115
3041,0.12387091,-0.019,-0.236
3042,0.24352746,-0.0309,-0.0839
3043,0.28592724,-0.00417,-0.101
3044,0.25639507,-0.00723,-0.106
3045,0.26119715,-0.0336,-0.131
3046,0.2864082,-0.0243,-0.122
3047,0.31730637,0.0014737915,-0.066
3048,0.29507554,-0.00844,-0.11
3049,0.24377312,-0.0366,-0.141
3050,0.2841707,-0.0136,-0.156
3051,0.27190274,-0.0111,-0.116
3052,0.27885368,-0.02,-0.106
3053,0.2851908,-0.0279,-0.0833
3054,0.27721927,-0.0163,-0.103
3055,0.2710741,-0.00456,-0.128
3056,0.27737147,-0.014,-0.112
3057,0.27775684,-0.0201,-0.0941
3058,0.2770763,-0.0165,-0.104
3059,0.27678624,-0.00991,-0.12
3060,0.27710837,-0.0363,-0.143
3061,0.282333,-0.0248,-0.0826
3062,0.28016806,0.003804536,-0.0626
3063,0.27556106,-0.0138,-0.12
3064,0.27690652,-0.0161,-0.108
3065,0.2822533,-0.0184,-0.0896
3066,0.2811314,-0.0179,-0.0771
3067,0.27439487,-0.0152,-0.109
3068,0.27140883,-0.013,-0.139
3069,0.2770028,-0.0161,-0.118
3070,0.2800972,-0.0191,-0.105
3071,0.27773628,-0.0179,-0.108
3072,0.27874443,-0.0211,-0.102
3073,0.27549335,-0.0137,-0.111
3074,0.4063892,-0.0797,0.026222205
3075,0.28556252,-0.0128,-0.0914
3076,0.27583796,-0.0151,-0.108
3077,0.28337792,-0.0224,-0.0917
3078,0.2680665,-0.00956,-0.129
3079,0.27340382,-0.0171,-0.118
3080,0.2848749,-0.0274,-0.088
3081,0.282426,-0.0204,-0.0974
3082,0.28370985,-0.0197,-0.107
3083,0.27585316,-0.0138,-0.117
3084,0.27738753,-0.034,-0.131
3085,0.272057,0.0044084797,-0.0803
3086,0.2725186,0.012042971,-0.0806
3087,0.27492413,-0.0269,-0.148
3088,0.2758612,-0.0171,-0.119
3089,0.2882409,-0.0297,-0.0895
3090,0.28110105,-0.0265,-0.104
3091,0.27202594,-0.00133,-0.125
3092,0.25117165,-0.0359,-0.0918
3093,0.27451178,-0.0218,-0.0864
3094,0.27269864,-0.0185,-0.103
3095,0.27695584,-0.0171,-0.108
3096,0.27647775,-0.0174,-0.108
3097,0.28184873,-0.0154,-0.113
3098,0.28144333,-0.0136,-0.112
3099,0.27317458,-0.0163,-0.104
3100,0.276609,-0.0186,-0.109
3101,0.28020415,-0.0199,-0.109
3102,0.28068495,-0.0197,-0.114
3103,0.2803428,-0.016,-0.116
3104,0.27816042,-0.0145,-0.109
3105,0.2766693,-0.0158,-0.107
3106,0.27730572,-0.0162,-0.108
3107,0.27974203,-0.0175,-0.115
3108,0.28142664,-0.0166,-0.113
3109,0.27541742,-0.0158,-0.104
3110,0.27667412,-0.0171,-0.107
3111,0.27741453,-0.017,-0.104
3112,0.27275345,-0.0169,-0.102
3113,0.27599669,-0.016,-0.109
3114,0.2267335,-0.014,-0.0315
3115,0.2866837,-0.0294,-0.0961
3116,0.2781328,-0.0222,-0.092
3117,0.2753892,-0.0165,-0.0945
3118,0.27621308,-0.0114,-0.105
3119,0.27327734,-0.0158,-0.0988
3120,0.27692422,-0.0199,-0.108
3121,0.2810476,-0.0195,-0.114
3122,0.27669862,-0.0185,-0.109
3123,0.27440304,-0.0152,-0.102
3124,0.27933493,-0.0181,-0.108
3125,0.27859136,-0.0199,-0.105
3126,0.2762762,-0.0187,-0.101
3127,0.2755594,-0.0196,-0.103
3128,0.27466395,-0.0182,-0.106
3129,0.2838843,-0.00974,-0.107
3130,0.2655341,0.00051976356,-0.0919
3131,0.21117632,-0.00325,-0.0928
3132,0.21678202,-0.00783,-0.099
3133,0.23423544,-0.01,-0.099
3134,0.2825274,-0.0193,-0.111
3135,0.2725225,-0.0183,-0.108
3136,0.23968367,-0.00918,-0.0992
3137,0.29232758,-0.0206,-0.115
3138,0.2707045,-0.0169,-0.111
3139,0.25947523,-0.0147,-0.105
3140,0.30672258,-0.0232,-0.11
3141,0.2695544,-0.0149,-0.102
3142,0.2930399,-0.0224,-0.113
3143,0.27809364,-0.0191,-0.111
3144,0.23536354,-0.00917,-0.1
3145,0.29370266,-0.0208,-0.112
3146,0.2817064,-0.0175,-0.11
3147,0.29191753,-0.0209,-0.113
3148,0.2847796,-0.0188,-0.109
3149,0.30609286,-0.0511,-0.164
3150,0.3083281,0.0055018,-0.0938
3151,0.22460194,-0.00979,-0.0941
3152,0.292903,-0.0103,-0.108
3153,0.31765866,-0.0188,-0.112
3154,0.26885605,-0.00715,-0.0977
3155,0.28470019,-0.00942,-0.103
3156,0.26839247,-0.0127,-0.107
3157,0.2803122,-0.0186,-0.111
3158,0.32335463,-0.0286,-0.117
3159,0.26129094,-0.00944,-0.104
3160,0.21116954,0.0035118056,-0.0913
3161,0.26842958,-0.0144,-0.104
3162,0.276461,-0.0163,-0.106
3163,0.2474114,-0.00903,-0.099
3164,0.2889568,-0.0218,-0.114
3165,0.24935913,-0.035,-0.176
3166,0.23814426,-0.0296,-0.107
3167,0.2908432,-0.0153,-0.164
3168,0.28170416,-0.00772,-0.171
3169,0.2517766,-0.0349,-0.0621
3170,0.31066826,-0.0078,-0.076
3171,0.26191506,-0.00535,-0.0997
3172,0.28955287,-0.0487,-0.0681
3173,0.36710203,-0.0287,-0.14
3174,0.23814735,-0.0121,-0.132
3175,0.23307797,-0.0133,-0.0724
3176,0.31202003,0.003966617,-0.107
3177,0.21512194,-0.0471,-0.149
3178,0.31634897,-0.0514,-0.0697
3179,0.36498287,-0.0278,-0.119
3180,0.22783384,0.004681602,-0.131
3181,0.25743735,-0.00781,-0.0632
3182,0.335972,-0.0114,-0.113
3183,0.20855568,-0.0228,-0.142
3184,0.26618627,-0.0284,-0.122
3185,0.34022176,-0.0112,-0.166
3186,0.19788463,-0.0143,-0.0994
3187,0.29326108,-0.0235,-0.0326
3188,0.3577316,-0.00622,-0.115
3189,0.2410969,-0.0186,-0.124
3190,0.33835298,-0.0151,-0.113
3191,0.26253048,0.021230461,-0.153
3192,0.21720576,-0.0214,-0.123
3193,0.3310372,-0.0282,-0.104
3194,0.19731513,-0.0199,-0.0985
3195,0.354952,-0.0167,-0.139
3196,0.23085037,-0.0182,-0.0804
3197,0.27116448,-0.0544,-0.0422
3198,0.35301027,0.01713368,-0.206
3199,0.25840062,-0.0393,-0.165
3200,0.25221083,-0.00113,-0.148
3201,0.32048637,0.019740831,-0.139
3202,0.13001262,-0.0412,-0.0241
3203,0.40172628,-0.0204,-0.0952
3204,0.37389275,0.006855097,-0.218
3205,0.41664588,-0.0389,-0.132
3206,0.36171204,-0.0207,-0.141
3207,0.08756814,-0.029,-0.136
3208,0.39632642,-0.0279,-0.149
3209,0.3452716,-0.00962,-0.0789
3210,0.12486678,-0.00593,-0.106
3211,0.43456772,-0.0163,-0.139
3212,0.36535388,-0.0213,-0.16
3213,0.09252678,0.10090367,-0.256
3214,0.19272627,-0.00834,-0.113
3215,0.20650756,-0.0392,-0.101
3216,0.23103896,-0.00444,-0.0825
3217,0.31098574,-0.0144,-0.0979
3218,0.33387446,0.0011741669,-0.169
3219,0.29412693,0.036441218,-0.0942
3220,0.24229811,-0.0189,-0.0281
3221,0.18825276,0.07821647,-0.156
3222,0.14317638,0.016814016,-0.0894
3223,0.24930629,-0.0573,-0.105
3224,0.2596945,-0.021,-0.125
3225,0.25424296,-0.0144,-0.0999
3226,0.30022976,-0.0481,-0.197
3227,0.353085,-0.00714,-0.184
3228,0.3823462,-0.0131,-0.0525
3229,0.18141447,0.054531436,-0.143
3230,0.34798175,-0.000713,-0.146
3231,0.3283486,-0.0461,-0.223
3232,0.27885416,-0.0398,-0.131
3233,0.24743725,-0.0206,-0.0531
3234,0.23014857,-0.0293,-0.0692
3235,0.20795053,0.0018256302,-0.0927
3236,0.24743007,-0.00352,-0.101
3237,0.27183107,-0.0212,-0.161
3238,0.26256478,-0.039,-0.12
3239,0.26207188,-0.0191,-0.135
3240,0.28641456,0.00082524976,-0.106
3241,0.28688002,-0.00499,-0.0948
3242,0.26686272,-0.0295,-0.122
3243,0.26909453,-0.0243,-0.12
3244,0.2870465,-0.00946,-0.0957
3245,0.27944884,-0.0202,-0.106
3246,0.26952937,-0.0229,-0.117
3247,0.2783294,-0.0146,-0.109
3248,0.2787874,-0.0156,-0.109
3249,0.27270827,-0.017,-0.116
3250,0.27194437,-0.021,-0.115
3251,0.2782109,-0.0209,-0.103
3252,0.28462148,-0.0126,-0.0987
3253,0.28281793,-0.0117,-0.104
3254,0.27530327,-0.017,-0.106
3255,0.27664733,-0.0176,-0.107
3256,0.28242755,-0.0141,-0.105
3257,0.27756342,-0.0173,-0.108
3258,0.2726206,-0.0213,-0.117
3259,0.27090186,-0.0218,-0.121
3260,0.2761499,-0.0177,-0.111
3261,0.283954,-0.0127,-0.0956
3262,0.2809076,-0.0147,-0.103
3263,0.2765739,-0.0171,-0.115
3264,0.2760113,-0.0178,-0.109
3265,0.26968843,-0.0244,-0.122
3266,0.31017977,-0.00204,-0.0881
3267,0.26856145,-0.0133,-0.109
3268,0.28236994,-0.0168,-0.106
3269,0.26824725,-0.0353,-0.113
3270,0.2788724,-0.0253,-0.0998
3271,0.28698727,-0.00943,-0.0985
3272,0.2692844,-0.0191,-0.119
3273,0.2704616,-0.0203,-0.114
3274,0.28499317,-0.0118,-0.104
3275,0.27843243,-0.0176,-0.111
3276,0.27293065,-0.0143,-0.116
3277,0.27037108,-0.0109,-0.121
3278,0.27357888,-0.0193,-0.111
3279,0.2880141,-0.0151,-0.094
3280,0.33546174,0.1391304,-0.0462
3281,0.26539594,-0.00259,-0.137
3282,0.2748726,-0.025,-0.113
3283,0.27796537,-0.0134,-0.1
3284,0.27670923,-0.0176,-0.115
3285,0.2778776,-0.0185,-0.111
3286,0.27872965,-0.0152,-0.102
3287,0.2787075,-0.0173,-0.114
3288,0.27686378,-0.0201,-0.118
3289,0.2763451,-0.016,-0.104
3290,0.27810088,-0.0145,-0.0991
3291,0.27792364,-0.0171,-0.109
3292,0.27474132,-0.0184,-0.118
3293,0.27634498,-0.0183,-0.111
3294,0.2802631,-0.0156,-0.101
3295,0.2784888,-0.017,-0.109
3296,0.2743996,0.0025311941,-0.139
3297,0.26060307,-0.0307,-0.148
3298,0.24512534,-0.0217,-0.164
3299,0.25607732,-0.014,-0.141
3300,0.26319093,-0.0185,-0.132
3301,0.26234353,-0.032,-0.134
3302,0.2736314,-0.0225,-0.115
3303,0.28028575,-0.0132,-0.104
3304,0.2781971,-0.0181,-0.107
3305,0.2748495,-0.0197,-0.114
3306,0.27852187,-0.0147,-0.106
3307,0.2841553,-0.0129,-0.0975
3308,0.2798197,-0.0161,-0.103
3309,0.2789334,-0.0152,-0.107
3310,0.27823752,-0.0178,-0.11
3311,0.2765504,-0.02,-0.112
3312,0.28027377,-0.0126,-0.107
3313,0.32052264,-0.0289,-0.0884
3314,0.17892621,-0.0581,-0.0386
3315,0.2775265,-0.0161,-0.113
3316,0.26679176,-0.0278,-0.0954
3317,0.2621492,-0.0291,-0.0955
3318,0.2799503,-0.0177,-0.11
3319,0.29697883,-0.00157,-0.126
3320,0.29102218,0.012197956,-0.139
3321,0.26924753,0.010703111,-0.133
3322,0.2684214,-0.0129,-0.112
3323,0.27090985,-0.0419,-0.0835
3324,0.2587649,-0.0469,-0.075
3325,0.24962096,-0.0392,-0.0841
3326,0.29672053,-0.00463,-0.126
3327,0.20682822,-0.0337,-0.0779
3328,0.16453598,0.0037119046,-0.112
3329,0.30477843,-0.0147,-0.11
3330,0.29552478,-0.0459,-0.0777
3331,0.2802865,-0.0405,-0.0847
3332,0.28461632,-0.0107,-0.115
3333,0.26982296,0.008529564,-0.135
3334,0.26226494,-0.00255,-0.123
3335,0.28582847,-0.0338,-0.0888
3336,0.2861674,-0.0398,-0.0832
3337,0.2774042,-0.0231,-0.106
3338,0.27435273,0.004789729,-0.132
3339,0.26324943,0.0058298083,-0.128
3340,0.2769014,-0.0292,-0.0942
3341,0.28686494,-0.0414,-0.0844
3342,0.28123266,-0.0234,-0.102
3343,0.278778,0.0012779139,-0.13
3344,0.27237955,-0.00044,-0.124
3345,0.28043458,-0.0291,-0.0916
3346,0.28129977,-0.0379,-0.0885
3347,0.27399972,-0.00687,-0.121
3348,0.26925766,-0.0536,-0.112
3349,0.2915465,-0.0266,-0.0835
3350,0.29579362,-0.0117,-0.128
3351,0.2712211,-0.0152,-0.122
3352,0.28076702,-0.0121,-0.0732
3353,0.26574925,-0.00153,-0.114
3354,0.25377223,-0.0205,-0.119
3355,0.2677708,-0.0313,-0.0943
3356,0.26968282,-0.00873,-0.109
3357,0.29586762,-0.00101,-0.112
3358,0.28264907,-0.0111,-0.0848
3359,0.2606069,-0.023,-0.0908
3360,0.26326355,-0.00405,-0.104
3361,0.26988256,-0.00665,-0.127
3362,0.30096072,-0.0194,-0.117
3363,0.284159,-0.0139,-0.11
3364,0.26564056,-0.0143,-0.123
3365,0.2675295,-0.0527,-0.113
3366,0.2957152,-0.0243,-0.119
3367,0.28309983,-0.0255,-0.111
3368,0.20726804,-0.017,-0.0938
3369,0.20487602,-0.0157,-0.0901
3370,0.24069417,-0.0314,-0.106
3371,0.27045077,-0.0139,-0.1
3372,0.33290592,-0.00871,-0.0602
3373,0.35443118,-0.0191,-0.0901
3374,0.3324897,-0.0199,-0.127
3375,0.28269637,-0.0266,-0.122
3376,0.26099023,-0.0324,-0.128
3377,0.2566779,-0.0231,-0.0921
3378,0.22297667,-0.0165,-0.0951
3379,0.22566514,-0.0212,-0.119
3380,0.28716588,-0.0141,-0.104
3381,0.21770611,0.0043440983,-0.134
3382,0.31788775,-0.0165,-0.192
3383,0.21509384,-0.0113,0.0043011243
3384,0.240533,-0.0151,-0.078
3385,0.23442546,-0.036,-0.0824
3386,0.23113982,-0.019,-0.0476
3387,0.39069375,-0.0131,-0.141
3388,0.03515894,-0.0318,-0.13
3389,0.16573909,-0.0421,-0.0717
3390,0.30804422,-0.0817,-0.1
3391,0.41033077,-0.0334,-0.147
3392,0.30306673,-0.028,-0.183
3393,0.23405819,-0.0106,-0.147
3394,0.19911776,0.041222803,-0.12
3395,0.17210323,0.0039437218,-0.0741
3396,0.4943437,0.003007648,-0.0691
3397,0.3811281,-0.0457,-0.12
3398,0.14288779,-0.0134,-0.162
3399,0.30840433,-0.0143,-0.129
3400,0.2749935,0.015225455,-0.0589
3401,0.3320221,-0.0383,-0.112
3402,0.24623571,-0.047,-0.0397
3403,0.2814559,0.015358187,-0.0543
3404,0.015401592,-0.0899,-0.255
3405,0.13462299,-0.0254,-0.0942
3406,0.48018026,-0.0512,-0.0865
3407,0.32749528,-0.0578,-0.178
3408,0.18136941,-0.0261,-0.169
3409,0.17390645,-0.017,-0.104
3410,0.28081074,0.036403716,-0.08
3411,0.39526945,0.015054179,-0.125
3412,0.33743912,-0.021,0.043105323
3413,0.2735287,0.010415594,-0.171
3414,0.31700695,-0.00277,-0.13
3415,0.32575357,-0.0155,-0.0766
3416,0.31472898,-0.016,-0.0964
3417,0.25324273,-0.0375,-0.109
3418,0.23725209,-0.0158,-0.0263
3419,0.21011624,-0.0736,-0.237
3420,0.3332351,-0.0826,-0.2
3421,0.1813668,-0.0469,-0.086
3422,0.2354505,0.012177967,-0.0305
3423,0.4087593,-0.0249,-0.0914
3424,0.31394818,-0.0406,-0.145
3425,0.20715934,0.038422156,-0.107
3426,0.21733063,0.06398685,-0.0519
3427,0.27986106,-0.00967,-0.0995
3428,0.26744226,-0.0372,-0.113
3429,0.2677995,-0.031,-0.155
3430,0.2800041,-0.0119,-0.106
3431,0.27636242,-0.0198,-0.105
3432,0.27825442,-0.0185,-0.115
3433,0.28364286,-0.00966,-0.093
3434,0.27589217,-0.0158,-0.103
3435,0.26865533,-0.0245,-0.123
3436,0.2721,-0.0267,-0.0993
3437,0.2764077,-0.0243,-0.101
3438,0.28166327,-0.0138,-0.113
3439,0.2783501,-0.0143,-0.114
3440,0.27528465,-0.02,-0.112
3441,0.27783084,-0.0165,-0.109
3442,0.27563754,-0.0152,-0.122
3443,0.27398646,-0.0201,-0.121
3444,0.44353688,0.070352174,-0.00043
3445,0.24252096,-0.044,-0.158
3446,0.26809454,-0.0281,-0.119
3447,0.2688999,-0.0261,-0.136
3448,0.26549056,-0.0249,-0.145
3449,0.27091923,-0.0234,-0.119
3450,0.27803835,-0.019,-0.107
3451,0.2783868,-0.0152,-0.117
3452,0.27475378,-0.0175,-0.12
3453,0.2805359,-0.0128,-0.106
3454,0.2807281,-0.0142,-0.105
3455,0.26493582,-0.0301,-0.128
3456,0.2578356,-0.034,-0.135
3457,0.27160797,-0.0209,-0.108
3458,0.28528044,-0.0099,-0.105
3459,0.2847525,-0.00762,-0.118
3460,0.28272054,-0.0112,-0.108
3461,0.28010523,-0.0135,-0.096
3462,0.27016717,0.07819986,-0.0806
3463,0.2856732,-0.0226,-0.151
3464,0.27493384,-0.0168,-0.106
3465,0.2791863,-0.0255,-0.125
3466,0.28614274,-0.0362,-0.13
3467,0.27517924,-0.00612,-0.096
3468,0.26812834,0.0065512974,-0.102
3469,0.28003964,-0.0183,-0.131
3470,0.2825588,-0.0236,-0.129
3471,0.2771163,-0.0148,-0.107
3472,0.27425292,-0.0124,-0.0981
3473,0.2787798,-0.0174,-0.112
3474,0.28127328,-0.0226,-0.128
3475,0.2769653,-0.0193,-0.118
3476,0.27605084,-0.0137,-0.0957
3477,0.274825,-0.0137,-0.0933
3478,0.3226165,-0.12,-0.185
3479,0.26211697,-0.0281,-0.104
3480,0.2750621,-0.00256,-0.145
3481,0.27691537,-0.00924,-0.12
3482,0.28149018,-0.00641,-0.0916
3483,0.28122336,-0.0129,-0.101
3484,0.27300066,-0.026,-0.13
3485,0.27479938,-0.0182,-0.114
3486,0.28237003,-0.00567,-0.0873
3487,0.28060678,-0.0123,-0.0966
3488,0.27464923,-0.0222,-0.12
3489,0.27382478,-0.0222,-0.124
3490,0.27916703,-0.0152,-0.107
3491,0.2824135,-0.00978,-0.0951
3492,0.279334,-0.0128,-0.103
3493,0.053574525,0.093769096,-0.19
3494,0.38824496,-0.0279,-0.15
3495,0.27714428,-0.00861,-0.119
3496,0.24238965,-0.0207,-0.0796
3497,0.2591303,-0.0165,-0.108
3498,0.27184364,-0.0102,-0.124
3499,0.27334154,-0.0165,-0.106
3500,0.26235586,-0.0236,-0.088
3501,0.27430087,-0.018,-0.106
3502,0.29107395,-0.0105,-0.128
3503,0.2859448,-0.00938,-0.128
3504,0.25948092,-0.0218,-0.097
3505,0.2621354,-0.0239,-0.0888
3506,0.28898135,-0.0109,-0.122
3507,0.28108338,-0.0139,-0.115
3508,0.34088776,-0.00924,-0.128
3509,0.16646184,-0.028,-0.0543
3510,0.23377012,-0.0293,-0.0775
3511,0.2650785,-0.0185,-0.104
3512,0.27734107,-0.0131,-0.115
3513,0.27893484,-0.0131,-0.115
3514,0.26882726,-0.0203,-0.0965
3515,0.27553642,-0.0188,-0.105
3516,0.27996743,-0.0133,-0.121
3517,0.26927465,-0.0191,-0.102
3518,0.27891707,-0.0162,-0.109
3519,0.29498586,-0.0093,-0.131
3520,0.2757395,-0.02,-0.103
3521,0.26223937,-0.025,-0.084
3522,0.28088897,-0.0146,-0.114
3523,0.2982111,-0.0067,-0.137
3524,0.29816434,-0.00837,-0.13
3525,0.2653016,-0.0215,-0.0905
3526,0.2477267,-0.0283,-0.0785
3527,0.2671662,-0.0227,-0.0994
3528,0.28283644,-0.0113,-0.124
3529,0.23999177,-0.0131,-0.136
3530,0.28901228,-0.00709,-0.122
3531,0.30274826,-0.0189,-0.13
3532,0.27589673,-0.0411,-0.126
3533,0.25468957,-0.0369,-0.122
3534,0.30269793,-0.0281,-0.122
3535,0.3176531,-0.0152,-0.128
3536,0.2725322,-0.0273,-0.133
3537,0.25110838,-0.0104,-0.0709
3538,0.2365593,-0.012,-0.0976
3539,0.24395724,0.0027397578,-0.0893
3540,0.2399537,-0.0148,-0.0536
3541,0.24992357,-0.0186,-0.0874
3542,0.25965798,-0.000851,-0.117
3543,0.28099415,-0.0298,-0.122
3544,0.25309226,-0.0118,-0.208
3545,0.29125822,-0.0058,-0.131
3546,0.33064216,-0.0159,-0.129
3547,0.33663318,-0.0377,-0.145
3548,0.2932285,-0.0251,-0.116
3549,0.20175496,-0.0167,-0.0964
3550,0.18547414,-0.00462,-0.0598
3551,0.3331338,-0.00878,-0.0274
3552,0.393036,-0.0355,-0.0969
3553,0.28979492,-0.0355,-0.15
3554,0.22574627,-0.0133,-0.119
3555,0.18449832,-0.0227,-0.133
3556,0.23644689,-0.0136,-0.142
3557,0.31367978,0.013491073,-0.0946
3558,0.24626057,-0.00444,-0.118
3559,0.3747925,-0.036,-0.123
3560,0.29044214,-0.0394,-0.0982
3561,0.29116577,-0.017,-0.0872
3562,0.39640313,-0.0233,-0.108
3563,0.20775788,-0.00838,-0.0983
3564,0.22531232,-0.00939,-0.101
3565,0.3327693,-0.0448,-0.119
3566,0.41298226,0.030894166,0.07088212
3567,0.36273822,0.025034439,-0.103
3568,0.26716295,-0.0507,-0.135
3569,0.23442385,-0.062,-0.0471
3570,0.24102528,-0.0108,-0.0954
3571,0.28927922,-0.0172,-0.169
3572,0.27141976,0.005422604,-0.126
3573,0.22506213,-0.0745,-0.0693
3574,0.10192897,-0.00971,-0.057
3575,0.2793797,-0.054,-0.0582
3576,0.39729,-0.03,-0.0978
3577,0.28209648,-0.0076,-0.137
3578,0.20879354,-0.0631,-0.18
3579,0.26314515,-0.000314,-0.134
3580,0.24824221,0.009348335,-0.099
3581,0.18502913,-0.0341,-0.104
3582,0.1163345,-0.0215,-0.137
3583,0.2621689,-0.0368,-0.15
3584,0.3865351,-0.0436,-0.171
3585,0.36307642,-0.00516,-0.122
3586,0.30387694,-0.0298,-0.0754
3587,0.20605344,-0.00186,-0.123
3588,0.13622697,0.017165033,-0.0821
3589,0.19755486,-0.0522,-0.125
3590,0.10417428,-0.0484,-0.14
3591,0.20308515,-0.0276,-0.126
3592,0.36801717,-0.0213,-0.132
3593,0.42578924,-0.00303,-0.134
3594,0.31994185,-0.0408,-0.129
3595,0.33078685,0.0030882007,-0.119
3596,0.28639874,0.030293787,-0.109
3597,0.3948072,0.03409832,0.09122925
3598,0.39190516,-0.0215,0.01303965
3599,0.15491386,-0.043,-0.0849
3600,0.33871004,-0.0636,-0.151
3601,0.35198793,-0.0135,-0.124
3602,0.2856627,-0.0166,-0.11
3603,0.20993407,-0.0262,-0.0878
3604,0.2933161,-0.0135,-0.108
3605,0.27071336,-0.0271,-0.139
3606,0.27194425,-0.0459,-0.126
3607,0.28444445,-0.0286,-0.171
3608,0.28057757,-0.0153,-0.124
3609,0.27338335,-0.0135,-0.0874
3610,0.280751,-0.0163,-0.104
3611,0.2784703,-0.0154,-0.0917
3612,0.27601504,-0.016,-0.0995
3613,0.2802122,-0.00987,-0.107
3614,0.27869597,-0.00347,-0.0877
3615,0.27734396,-0.0108,-0.0938
3616,0.27676228,-0.0207,-0.108
3617,0.27799094,-0.0192,-0.113
3618,0.2763505,-0.0178,-0.108
3619,0.27459657,-0.0215,-0.11
3620,0.27862796,-0.021,-0.126
3621,0.280142,-0.0132,-0.108
3622,0.2836352,-0.00319,-0.112
3623,0.28673446,-0.0047,-0.125
3624,0.2813322,-0.00745,-0.0973
3625,0.32515866,0.04607859,-0.0913
3626,0.26935172,-0.0237,-0.111
3627,0.2641059,-0.0386,-0.0984
3628,0.27924463,-0.0115,-0.0992
3629,0.27814463,-0.0122,-0.101
3630,0.27296337,-0.0243,-0.105
3631,0.27652124,-0.0182,-0.109
3632,0.27902436,-0.0116,-0.105
3633,0.2807742,-0.0165,-0.116
3634,0.27984667,-0.0157,-0.114
3635,0.277761,-0.0125,-0.0976
3636,0.2773552,-0.0195,-0.109
3637,0.2755152,-0.0225,-0.11
3638,0.276012,-0.0165,-0.0996
3639,0.27410585,-0.023,-0.104
3640,0.27203402,-0.0268,-0.118
3641,0.274008,-0.0242,-0.122
3642,0.2782104,-0.0197,-0.115
3643,0.27861446,-0.0138,-0.106
3644,0.28178364,-0.00824,-0.0963
3645,0.28176433,-0.00927,-0.104
3646,0.21523207,-0.0258,-0.124
3647,0.30337736,-0.027,-0.116
3648,0.23759829,-0.0215,-0.0786
3649,0.232118,-0.0294,-0.0689
3650,0.2621316,-0.0231,-0.0921
3651,0.27830634,-0.0197,-0.108
3652,0.29228038,-0.0187,-0.11
3653,0.28847983,-0.0192,-0.112
3654,0.27769276,-0.0185,-0.109
3655,0.2782593,-0.0179,-0.106
3656,0.27743155,-0.0176,-0.109
3657,0.28480664,-0.0183,-0.115
3658,0.27798304,-0.0161,-0.107
3659,0.26918596,-0.0158,-0.102
3660,0.27342927,-0.0179,-0.107
3661,0.2802324,-0.0173,-0.11
3662,0.27891845,-0.0173,-0.109
3663,0.27281508,-0.0178,-0.104
3664,0.2738929,-0.0173,-0.107
3665,0.32880554,-0.0456,-0.179
3666,0.25374585,-0.00491,-0.0788
3667,0.24883758,0.010952247,-0.0991
3668,0.19100831,0.018855808,-0.0416
3669,0.24669747,-0.0225,-0.0657
3670,0.32159233,-0.0416,-0.135
3671,0.29054978,-0.0194,-0.121
3672,0.24197897,0.01076193,-0.0975
3673,0.264174,0.0062438473,-0.118
3674,0.27666593,-0.0168,-0.105
3675,0.27435535,-0.0269,-0.0902
3676,0.27424896,-0.019,-0.102
3677,0.27646422,-0.0133,-0.112
3678,0.2764282,-0.015,-0.111
3679,0.27336103,-0.0126,-0.11
3680,0.2702948,-0.0141,-0.103
3681,0.26761043,-0.0155,-0.101
3682,0.27679285,-0.0134,-0.108
3683,0.2634923,-0.028,-0.0698
3684,0.26748395,-0.00819,-0.111
3685,0.27506697,-0.0188,-0.107
3686,0.2764138,-0.0183,-0.106
3687,0.2738097,-0.0182,-0.108
3688,0.28281438,-0.0167,-0.11
3689,0.2746691,-0.0183,-0.107
3690,0.27028725,-0.0164,-0.112
3691,0.28259328,-0.0147,-0.113
3692,0.2820855,-0.0178,-0.107
3693,0.280851,-0.0185,-0.107
3694,0.27830914,-0.0173,-0.107
3695,0.27804002,-0.0181,-0.105
3696,0.27799454,-0.0175,-0.107
3697,0.2716006,-0.016,-0.108
3698,0.27160385,-0.0171,-0.108
3699,0.28070018,-0.0187,-0.112
3700,0.27926,-0.0181,-0.107
3701,0.27447328,-0.016,-0.105
3702,0.2817054,-0.0164,-0.11
3703,0.28428066,-0.017,-0.109
3704,0.28808948,-0.0245,-0.0956
3705,0.26783806,-0.026,-0.099
3706,0.28316945,-0.00993,-0.117
3707,0.2616735,-0.0178,-0.103
3708,0.26154754,-0.0196,-0.105
3709,0.26737535,-0.0179,-0.112
3710,0.26798135,-0.0183,-0.107
3711,0.27263552,-0.0176,-0.106
3712,0.27785867,-0.0172,-0.106
3713,0.2773668,-0.0156,-0.112
3714,0.28222293,-0.0156,-0.115
3715,0.27857882,-0.0173,-0.104
3716,0.27129418,-0.018,-0.106
3717,0.2756214,-0.0161,-0.113
3718,0.27771032,-0.0168,-0.107
3719,0.277678,-0.0172,-0.107
3720,0.27684417,-0.0171,-0.107
3721,0.27637276,-0.0175,-0.11
3722,0.27844563,-0.0159,-0.11
3723,0.27776024,-0.0162,-0.107
3724,0.2823293,-0.0827,-0.216
3725,0.24740466,-0.0234,-0.177
3726,0.3104425,0.012676721,-0.164
3727,0.2273938,-0.0149,-0.0932
3728,0.2652675,-0.0395,-0.0556
3729,0.30239144,-0.033,-0.11
3730,0.24019884,-0.00741,-0.134
3731,0.3190192,0.00786435,-0.142
3732,0.261458,-0.0101,-0.0742
3733,0.26625517,-0.059,-0.0729
3734,0.26158255,-0.00737,-0.122
3735,0.30465323,0.007153741,-0.149
3736,0.3484349,-0.004,-0.137
3737,0.25194544,-0.0338,-0.0642
3738,0.21551912,-0.025,-0.162
3739,0.23047213,-0.0193,-0.164
3740,0.2792325,-0.00593,-0.0814
3741,0.3469075,-0.00329,-0.123
3742,0.3335381,0.00807547,-0.136
3743,0.23170297,-0.0322,-0.0819
3744,0.1934746,-0.0737,-0.1
3745,0.27571076,-0.0109,-0.15
3746,0.2981432,0.015004937,-0.0871
3747,0.20292611,-0.0219,-0.0733
3748,0.26237217,-0.0522,-0.141
3749,0.34324127,-0.0311,-0.126
3750,0.3191471,0.05089142,-0.15
3751,0.26823056,-0.00415,-0.0945
3752,0.3664166,-0.0245,-0.126
3753,0.30841687,-0.0561,-0.128
3754,0.21649852,0.050945148,-0.0806
3755,0.30095384,0.015220453,-0.138
3756,0.24723145,-0.0529,-0.075
3757,0.3415844,-0.0191,-0.0672
3758,0.25263098,-0.0262,-0.178
3759,0.2262497,0.031301882,-0.209
3760,0.33551168,-0.0475,-0.0893
3761,0.28644577,-0.0247,-0.0366
3762,0.04876131,0.0031227642,-0.113
3763,0.22878025,-0.0503,-0.157
3764,0.43927065,-0.045,-0.29
3765,0.04759349,-0.125,-0.294
3766,0.2870045,-0.0226,-0.0886
3767,0.4330263,0.009157387,-0.153
3768,0.27012685,0.032711104,-0.105
3769,0.22003281,-0.0344,-0.0129
3770,0.2317355,-0.0406,-0.0824
3771,0.24739613,-0.00176,-0.159
3772,0.08169879,-0.17,-0.296
3773,0.2672044,0.02291771,-0.168
3774,0.341442,0.040802658,-0.106
3775,0.29723188,-0.0183,-0.1
3776,0.27240044,-0.0524,-0.041
3777,0.28103006,-0.00588,-0.145
3778,0.32176045,-0.0181,-0.198
3779,0.15374449,0.04669819,-0.0885
3780,0.44735625,-0.0375,-0.121
3781,0.2301353,-0.0829,-0.179
3782,0.21594904,0.049493767,-0.142
3783,0.47741282,-0.0324,-0.126
3784,0.13729358,-0.0708,-0.123
3785,0.192209,0.062190957,-0.22
3786,0.12435587,-0.155,-0.394
3787,0.2302754,-0.021,-0.0894
3788,0.3299428,0.017636977,0.011913021
3789,0.30045724,-0.0042,-0.0852
3790,0.32600588,0.008911452,-0.129
3791,0.27406713,-0.00549,-0.19
3792,0.19084787,-0.0424,-0.0931
3793,0.28049216,-0.00567,-0.113
3794,0.28379998,-0.00975,-0.118
3795,0.27456024,-0.0134,-0.0929
3796,0.27602142,-0.0256,-0.123
3797,0.27755833,-0.0281,-0.115
3798,0.27763686,-0.0173,-0.109
3799,0.27897272,-0.0149,-0.108
3800,0.27825883,-0.0132,-0.104
3801,0.2738725,-0.0114,-0.0916
3802,0.2769548,-0.0156,-0.101
3803,0.2792133,-0.0201,-0.122
3804,0.27743155,-0.00487,-0.115
3805,0.28852594,0.0044581,-0.124
3806,0.288906,-0.00641,-0.134
3807,0.27802905,-0.0132,-0.118
3808,0.2798005,-0.0287,-0.121
3809,0.27214587,-0.0303,-0.0956
3810,0.24970359,0.009170528,-0.0951
3811,0.28840554,0.0018782762,-0.0919
3812,0.27540007,-0.0156,-0.0796
3813,0.270216,-0.0193,-0.0846
3814,0.27389124,-0.0261,-0.099
3815,0.2631298,-0.031,-0.0751
3816,0.26712573,-0.038,-0.0897
3817,0.27649245,-0.00767,-0.0959
3818,0.26701877,0.019145492,-0.0439
3819,0.2772757,-0.0166,-0.0968
3820,0.28872436,-0.0474,-0.191
3821,0.29803142,-0.063,-0.267
3822,0.2996506,-0.00429,-0.181
3823,0.27613336,0.036186006,-0.0187
3824,0.27217335,-0.0162,-0.0729
3825,0.26566628,-0.0201,-0.172
3826,0.2506461,0.009441753,-0.122
3827,0.2652881,-0.00766,-0.108
3828,0.28467506,-0.0186,-0.113
3829,0.27988595,-0.0147,-0.115
3830,0.2697761,-0.014,-0.113
3831,0.2842105,-0.0162,-0.114
3832,0.28521144,-0.0158,-0.11
3833,0.2829769,-0.0163,-0.109
3834,0.27979437,-0.0173,-0.112
3835,0.279739,-0.0174,-0.112
3836,0.28040594,-0.0168,-0.108
3837,0.27040336,-0.0164,-0.105
3838,0.2756261,-0.0168,-0.109
3839,0.27894598,-0.0167,-0.111
3840,0.3324763,-0.0977,-0.191
3841,0.25365418,0.010949171,-0.101
3842,0.27624118,-0.0122,-0.0937
3843,0.27486432,-0.0162,-0.105
3844,0.28165808,-0.0198,-0.12
3845,0.28135026,-0.0199,-0.115
3846,0.27758017,-0.0157,-0.104
3847,0.24149117,-0.011,-0.0279
3848,0.23640025,-0.0151,-0.0152
3849,0.29820707,-0.0322,-0.128
3850,0.3136093,-0.0296,-0.171
3851,0.2747624,-0.00512,-0.12
3852,0.2646481,-0.00323,-0.103
3853,0.27502093,-0.0172,-0.105
3854,0.28658223,-0.0237,-0.113
3855,0.27215698,-0.0124,-0.105
3856,0.2686579,-0.012,-0.0974
3857,0.27686977,-0.0151,-0.11
3858,0.28647736,-0.0209,-0.127
3859,0.28468674,-0.0216,-0.118
3860,0.29118443,-0.00673,-0.16
3861,0.21685535,-0.00185,-0.136
3862,0.2773017,-0.0195,-0.113
3863,0.14963576,-0.0279,-0.116
3864,0.14625724,-0.0298,-0.115
3865,0.27518564,-0.0205,-0.103
3866,0.3221045,-0.0148,-0.104
3867,0.27937937,-0.0178,-0.106
3868,0.27527034,-0.018,-0.107
3869,0.32770085,-0.013,-0.103
3870,0.26606315,-0.0183,-0.109
3871,0.21170948,-0.0247,-0.112
3872,0.27840686,-0.018,-0.107
3873,0.27390283,-0.0162,-0.111
3874,0.3169959,-0.0112,-0.111
3875,0.3558761,-0.00701,-0.105
3876,0.2958499,-0.0138,-0.107
3877,0.2120825,-0.0258,-0.111
3878,0.25870293,-0.02,-0.11
3879,0.27579603,-0.0154,-0.11
3880,0.26338494,-0.0195,-0.108
3881,0.27043977,-0.018,-0.109
3882,0.26288167,-0.0182,-0.108
3883,0.28230172,-0.0156,-0.11
3884,0.20271386,-0.0404,-0.109
3885,0.26151815,-0.0162,-0.111
3886,0.24053568,-0.0182,-0.111
3887,0.26585755,-0.0188,-0.106
3888,0.2738176,-0.0172,-0.109
3889,0.25856102,-0.0173,-0.114
3890,0.30005893,-0.0154,-0.107
3891,0.27954197,-0.0168,-0.108
3892,0.269315,-0.0171,-0.109
3893,0.31811255,-0.0135,-0.106
3894,0.5168399,0.0034079156,-0.113
3895,0.5282804,0.01385747,-0.131
3896,0.2326568,-0.00673,-0.129
3897,0.19959107,-0.0204,-0.113
3898,0.17738195,-0.0197,-0.115
3899,0.13587336,-0.0207,-0.117
3900,0.21742436,-0.0227,-0.106
3901,0.2746449,-0.0197,-0.105
3902,0.27785116,-0.0164,-0.113
3903,0.30859044,-0.00381,-0.169
3904,0.26854935,-0.0439,-0.172
3905,0.25393036,0.0059990645,-0.145
3906,0.2918134,-0.00846,-0.11
3907,0.19500452,-0.0539,-0.128
3908,0.28002498,-0.00699,-0.173
3909,0.32016942,0.031163892,-0.142
3910,0.2959585,-0.0147,-0.113
3911,0.2077091,-0.0684,-0.0755
3912,0.27384686,-0.0315,-0.0624
3913,0.35738364,0.022127664,-0.111
3914,0.32810465,-0.0144,-0.124
3915,0.20065947,-0.0867,-0.17
3916,0.19065763,-0.0659,-0.265
3917,0.27521595,-0.012,-0.178
3918,0.3320046,-0.00104,-0.0686
3919,0.1869003,-0.0435,-0.0401
3920,0.29763612,-0.0327,-0.119
3921,0.23433185,0.023597606,-0.121
3922,0.29724094,-0.0248,-0.121
3923,0.2928987,-0.0361,-0.135
3924,0.3153397,-0.0183,-0.11
3925,0.2737075,-0.00109,-0.0478
3926,0.21013738,-0.0312,-0.0588
3927,0.33544144,0.008372275,-0.138
3928,0.16067755,-0.0742,-0.227
3929,0.326223,-0.0303,-0.192
3930,0.30999792,0.04190446,-0.106
3931,0.42836764,-0.00376,-7.19e-05
3932,0.29422778,-0.0433,-0.0756
3933,0.05085259,6.817593e-05,-0.151
3934,0.028501892,-0.0121,-0.097
3935,0.41886762,-1.14e-05,-0.104
3936,0.617597,-0.0081,-0.0658
3937,0.2503632,-0.0257,-0.209
3938,-0.161,-0.0282,-0.21
3939,0.11418006,-0.0422,-0.118
3940,0.16123973,-0.176,-0.273
3941,0.19410573,-0.0362,-0.233
3942,0.26876563,0.038086914,-0.156
3943,0.25035182,0.021460783,-0.0976
3944,0.28084332,-0.0547,-0.0556
3945,0.23148812,-0.0663,-0.16
3946,0.287773,-0.00978,-0.191
3947,0.027627558,-0.0743,-0.403
3948,0.098749384,-0.0259,-0.17
3949,0.27263921,-0.0241,-0.139
3950,0.3300863,0.02040625,-0.121
3951,0.298526,-0.0406,-0.0494
3952,0.27581695,-0.0259,-0.0673
3953,0.30132386,0.017549396,-0.184
3954,0.4334336,-0.0208,-0.23
3955,0.33407423,-0.014,-0.0751
3956,0.026059171,0.0055292696,-0.0264
3957,0.14993721,-0.0391,-0.139
3958,0.44015434,0.022606349,-0.223
3959,-0.061,-0.108,-0.31
3960,0.27079606,-0.0718,-0.149
3961,0.2647595,0.07372857,-0.156
3962,0.32620677,0.022006746,-0.0858
3963,0.2836567,-0.0509,-0.0853
3964,0.24672607,-0.0428,-0.224
3965,0.24534993,-0.0256,-0.234
3966,0.319396,-0.00946,-0.135
3967,0.28037837,-0.00943,-0.0786
3968,0.27718604,-0.0211,-0.088
3969,0.285473,-0.0244,-0.0868
3970,0.286482,-0.0042,-0.116
3971,0.2807889,-0.011,-0.116
3972,0.28190428,-0.0141,-0.108
3973,0.27642563,-0.0175,-0.112
3974,0.27564946,-0.0192,-0.112
3975,0.27745005,-0.0183,-0.11
3976,0.27783734,-0.0155,-0.109
3977,0.2822938,-0.0122,-0.0996
3978,0.28081298,-0.0157,-0.105
3979,0.27409226,-0.02,-0.108
3980,0.27634338,-0.0185,-0.107
3981,0.27769703,-0.0188,-0.116
3982,0.2746581,-0.0178,-0.111
3983,0.27867168,-0.0159,-0.105
3984,0.278922,-0.0174,-0.106
3985,0.27637783,-0.0163,-0.11
3986,0.27687773,-0.0153,-0.107
3987,0.27762416,-0.0203,-0.102
3988,0.27426025,0.0075014704,-0.163
3989,0.27534175,-0.0161,-0.106
3990,0.2663272,-0.025,-0.127
3991,0.24198018,-0.0374,-0.155
3992,0.27027422,-0.0203,-0.12
3993,0.28084886,-0.0178,-0.0945
3994,0.27029043,-0.0299,-0.0937
3995,0.2931091,-0.00967,-0.0912
3996,0.2946778,-0.000409,-0.109
3997,0.2783027,-0.0132,-0.109
3998,0.27636117,-0.0183,-0.107
3999,0.27852595,-0.0162,-0.113
4000,0.2685761,-0.0206,-0.119
4001,0.2759289,-0.0184,-0.114
4002,0.2832484,-0.014,-0.104
4003,0.27811313,-0.015,-0.105
4004,0.27239037,-0.0193,-0.116
4005,0.27227512,-0.0192,-0.113
4006,0.276117,-0.0171,-0.107
4007,0.2799075,-0.017,-0.11
4008,0.28298327,-0.0139,-0.103
4009,0.27898088,-0.0135,-0.108
4010,0.24694236,0.0028695415,-0.137
4011,0.27552056,-0.00632,-0.104
4012,0.2843755,-0.0107,-0.106
4013,0.27425948,-0.0152,-0.112
4014,0.28171653,-0.0145,-0.103
4015,0.28166327,-0.0158,-0.101
4016,0.2745759,-0.0169,-0.109
4017,0.27533355,-0.0162,-0.11
4018,0.28001368,-0.0155,-0.106
4019,0.2793911,-0.0158,-0.106
4020,0.27924356,-0.0127,-0.0997
4021,0.28090924,-0.0121,-0.102
4022,0.27719286,-0.0145,-0.116
4023,0.27591318,-0.0148,-0.114
4024,0.28017288,-0.0173,-0.0979
4025,0.28240663,-0.0202,-0.0981
4026,0.27799746,-0.0167,-0.111
4027,0.27647215,-0.0148,-0.108
4028,0.28081515,-0.0162,-0.097
4029,0.27811858,-0.0157,-0.106
4030,0.27548757,-0.0141,-0.116
4031,0.27796087,-0.0152,-0.108
4032,0.2796493,-0.0181,-0.105
4033,0.29189527,0.0013809609,-0.132
4034,0.28039214,0.006276891,-0.168
4035,0.28158727,-0.0143,-0.102
4036,0.2775001,-0.0109,-0.0976
4037,0.27709445,-0.0157,-0.1
4038,0.2768073,-0.00928,-0.11
4039,0.2763031,-0.0142,-0.131
4040,0.27640823,-0.0182,-0.125
4041,0.27947614,-0.0146,-0.101
4042,0.27736148,-0.0149,-0.098
4043,0.2759881,-0.0106,-0.108
4044,0.27773336,-0.013,-0.121
4045,0.27898386,-0.0181,-0.114
4046,0.27511618,-0.0184,-0.108
4047,0.27577573,-0.017,-0.106
4048,0.27930373,-0.0151,-0.114
4049,0.27896413,-0.0127,-0.11
4050,0.2781556,-0.0164,-0.111
4051,0.27682218,-0.0174,-0.111
4052,0.27516243,-0.0121,-0.105
4053,0.2764855,-0.017,-0.107
4054,0.27943963,-0.0193,-0.112
4055,0.2777796,-0.0148,-0.109
4056,0.27745208,-0.0149,-0.103
4057,0.070999585,-0.0421,0.08233375
4058,0.26233524,-0.0166,-0.129
4059,0.23705749,-0.0244,-0.0821
4060,0.2634626,-0.0201,-0.0992
4061,0.2689957,-0.0187,-0.105
4062,0.27254364,-0.0177,-0.106
4063,0.2872647,-0.0157,-0.113
4064,0.27112094,-0.0197,-0.103
4065,0.27837542,-0.0179,-0.106
4066,0.28107136,-0.0166,-0.11
4067,0.24593303,-0.0219,-0.0945
4068,0.29014263,-0.0148,-0.116
4069,0.27626076,-0.0189,-0.102
4070,0.2715044,-0.0189,-0.104
4071,0.30491546,-0.0117,-0.124
4072,0.25629875,-0.0208,-0.0989
4073,0.2736498,-0.0185,-0.105
4074,0.278236,-0.0187,-0.105
4075,0.269647,-0.0177,-0.106
4076,0.022459038,-0.0567,0.053845227
4077,0.332179,-0.028,-0.13
4078,0.24863349,-0.0106,-0.105
4079,0.2593263,-0.0246,-0.101
4080,0.2629722,-0.0172,-0.105
4081,0.28046438,-0.0157,-0.108
4082,0.2791573,-0.0175,-0.107
4083,0.27179688,-0.0172,-0.107
4084,0.27293447,-0.0169,-0.108
4085,0.28926435,-0.018,-0.112
4086,0.27811116,-0.0187,-0.105
4087,0.27585217,-0.0161,-0.107
4088,0.28990135,-0.0147,-0.115
4089,0.27249336,-0.0174,-0.107
4090,0.250041,-0.02,-0.0996
4091,0.28883386,-0.0168,-0.111
4092,0.28980038,-0.0155,-0.111
4093,0.2723098,-0.0168,-0.107
4094,0.27265048,-0.0185,-0.107
4095,0.25522158,-0.019,-0.102
4096,0.29668596,-0.0144,-0.115
4097,0.28368324,-0.0171,-0.11
4098,0.27183402,-0.0184,-0.106
4099,0.27775887,-0.0168,-0.109
4100,0.27697158,-0.0172,-0.109
4101,0.2970168,-0.0869,-0.084
4102,0.27822205,-0.0363,-0.1
4103,0.23244692,0.028060198,-0.0972
4104,0.36747998,0.0068332995,-0.121
4105,0.27130193,-0.0226,-0.0938
4106,0.26335582,-0.0427,-0.0896
4107,0.26934418,-0.0322,-0.12
4108,0.2951976,0.013125655,-0.108
4109,0.2943737,-0.0237,-0.121
4110,0.2106886,-0.0425,-0.0977
4111,0.28351626,-0.0275,-0.0996
4112,0.2661874,0.00032359423,-0.117
4113,0.2980772,0.022145346,-0.092
4114,0.34342125,-0.0175,-0.108
4115,0.18380281,-0.0458,-0.0734
4116,0.30026293,-0.0374,-0.0888
4117,0.2828122,-0.0375,-0.145
4118,0.3077003,0.0011906518,-0.121
4119,0.29942653,-0.0114,-0.101
4120,0.22834396,-0.0129,-0.0646
4121,0.28210205,-0.0322,-0.0993
4122,0.2836838,-0.0227,-0.109
4123,0.3042112,0.013697569,-0.128
4124,0.2562091,-0.0204,-0.122
4125,0.2454463,-0.0518,-0.0807
4126,0.26234224,-0.0162,-0.114
4127,0.33090985,0.0070460006,-0.107
4128,0.45859966,-0.0602,-0.0509
4129,0.3775262,-0.0186,-0.129
4130,0.23966122,0.025556626,-0.122
4131,0.17965126,0.06437693,-0.0689
4132,0.20198952,-0.00455,-0.0686
4133,0.32596585,-0.0948,-0.122
4134,0.43451878,-0.0792,-0.137
4135,0.4430765,-0.0043,-0.00804
4136,0.23892356,0.01770581,-0.141
4137,0.22950779,-0.00224,-0.111
4138,0.22571228,-0.0157,-0.106
4139,0.40900156,-0.0103,-0.111
4140,0.41667578,-0.0596,-0.159
4141,0.18402989,-0.0442,-0.0882
4142,0.15947631,-0.0134,-0.0612
4143,0.14842825,-0.0954,-0.16
4144,0.33407375,-0.0186,-0.146
4145,0.31426576,-0.0548,-0.143
4146,0.33776692,-0.0304,-0.137
4147,0.2778229,-0.000744,-0.133
4148,0.23485805,-0.00874,-0.103
4149,0.29095024,-0.00651,-0.106
4150,0.31772202,-0.00543,-0.102
4151,0.27550024,-0.0173,-0.087
4152,0.1410368,-0.0321,-0.212
4153,0.1857099,-0.0225,-0.128
4154,0.2376167,-0.000782,-0.114
4155,0.3671055,-0.00493,-0.104
4156,0.31598216,0.0042436696,-0.108
4157,0.29193822,-0.00862,-0.113
4158,0.3816342,-0.0332,-0.164
4159,0.2812766,-0.0267,-0.16
4160,0.59744704,-0.00721,-0.0604
4161,0.27434218,-0.00907,-0.118
4162,0.16862589,-0.0114,-0.116
4163,0.2579696,-0.0175,-0.0711
4164,0.3445632,-0.00479,-0.0922
4165,0.22481717,0.0055025923,-0.126
4166,0.2161698,-0.00834,-0.139
4167,0.4034367,-0.0437,-0.0999
4168,0.10533848,-0.0369,-0.16
4169,0.26141235,-0.0547,-0.134
4170,0.33057168,-0.0327,-0.12
4171,0.3010297,-0.038,-0.119
4172,0.22110331,-0.0665,-0.149
4173,0.18224771,-0.00364,-0.118
4174,0.25833455,0.041019846,-0.103
4175,0.35038212,0.016874995,-0.108
4176,0.11123126,-0.116,0.013915393
4177,0.23826529,-0.0506,-0.216
4178,0.29872993,0.006058257,-0.141
4179,0.2906314,0.0010814775,-0.122
4180,0.28227872,-0.00991,-0.107
4181,0.27011713,-0.0223,-0.0917
4182,0.26113245,-0.022,-0.146
4183,0.27640843,-0.0149,-0.113
4184,0.29607794,-0.0081,-0.0712
4185,0.28058875,-0.0173,-0.107
4186,0.2698107,-0.0205,-0.126
4187,0.28223315,-0.012,-0.111
4188,0.27602136,-0.0169,-0.113
4189,0.2753687,-0.0165,-0.119
4190,0.2933225,-0.00831,-0.0866
4191,0.2867225,-0.014,-0.0878
4192,0.26520944,-0.0226,-0.134
4193,0.2685778,-0.0211,-0.125
4194,0.28125197,-0.0142,-0.0971
4195,0.28311762,-0.0138,-0.096
4196,0.27879027,-0.0186,-0.107
4197,0.27421275,-0.0162,-0.12
4198,0.27141693,-0.0168,-0.124
4199,0.39416012,0.05530756,-0.0409
4200,0.2982615,-0.0207,-0.045
4201,0.29495385,-0.00792,-0.0831
4202,0.26006666,-0.0192,-0.149
4203,0.2534734,-0.0303,-0.148
4204,0.2914263,-0.0116,-0.089
4205,0.29682425,-0.00367,-0.0789
4206,0.26104954,-0.0293,-0.129
4207,0.2702622,-0.0223,-0.122
4208,0.28760576,-0.00445,-0.103
4209,0.27727833,-0.0152,-0.118
4210,0.27547413,-0.0189,-0.109
4211,0.28923586,-0.00714,-0.0913
4212,0.28850797,-0.0092,-0.103
4213,0.26706353,-0.0242,-0.124
4214,0.26597905,-0.0235,-0.119
4215,0.27252045,-0.0193,-0.113
4216,0.27160904,-0.0197,-0.119
4217,0.27207533,-0.0204,-0.123
4218,0.2791268,-0.0149,-0.106
4219,0.28276637,-0.0125,-0.0992
4220,0.22933625,-0.0228,-0.176
4221,0.3040414,-0.0304,-0.144
4222,0.27611575,-0.0109,-0.103
4223,0.27768368,-0.0141,-0.119
4224,0.28624386,-0.0173,-0.123
4225,0.274961,-0.015,-0.112
4226,0.27346438,-0.0152,-0.107
4227,0.2793801,-0.0174,-0.113
4228,0.2797481,-0.0169,-0.115
4229,0.28014955,-0.0174,-0.111
4230,0.27584112,-0.0161,-0.102
4231,0.27651176,-0.0165,-0.109
4232,0.2751375,-0.0169,-0.109
4233,0.27046165,-0.0136,-0.0981
4234,0.2705001,-0.0127,-0.103
4235,0.27599144,-0.0144,-0.109
4236,0.27525023,-0.0163,-0.101
4237,0.27438718,-0.0177,-0.105
4238,0.28074577,-0.0352,-0.358
4239,0.29668266,0.0080887005,-0.0531
4240,0.28038502,-0.0107,-0.0826
4241,0.2773297,-0.0101,-0.117
4242,0.276592,-0.0116,-0.1
4243,0.2753084,-0.0183,-0.108
4244,0.28093314,-0.0101,-0.102
4245,0.28340203,-0.0124,-0.0831
4246,0.27898714,-0.0187,-0.0886
4247,0.2754119,-0.00432,-0.129
4248,0.27719384,-0.0124,-0.132
4249,0.279459,-0.0245,-0.0936
4250,0.27591363,-0.0133,-0.108
4251,0.27657884,-0.0109,-0.116
4252,0.27683675,-0.0166,-0.0987
4253,0.27707425,-0.0239,-0.094
4254,0.27972585,-0.0235,-0.103
4255,0.28078324,-0.0109,-0.11
4256,0.27508992,-0.00516,-0.116
4257,0.27711034,-0.01,-0.1
4258,0.46750006,-0.0102,-0.131
4259,0.33813414,-0.0281,-0.126
4260,0.20916383,-0.021,-0.0778
4261,0.30311596,-0.00751,-0.123
4262,0.28339478,-0.0181,-0.109
4263,0.23925056,-0.0243,-0.0959
4264,0.27304995,-0.018,-0.108
4265,0.30732703,-0.0123,-0.119
4266,0.29670745,-0.0156,-0.112
4267,0.26228476,-0.0195,-0.1
4268,0.2542688,-0.0203,-0.0988
4269,0.2671191,-0.0189,-0.102
4270,0.28208208,-0.0153,-0.11
4271,0.29768184,-0.0146,-0.118
4272,0.2947059,-0.0165,-0.115
4273,0.26018563,-0.02,-0.101
4274,0.28613833,-0.0152,-0.112
4275,0.25897846,-0.02,-0.103
4276,0.26372305,-0.0187,-0.105
4277,0.30261025,-0.0144,-0.118
4278,0.2692351,-0.0199,-0.102
4279,0.28261176,-0.016,-0.108
4280,0.29038408,-0.0156,-0.115
4281,0.25460276,0.00016817787,-0.126
4282,0.1702975,-0.0525,-0.0132
4283,0.24969102,-0.00955,-0.107
4284,0.24679223,-0.0153,-0.108
4285,0.29907998,-0.0161,-0.115
4286,0.24732403,-0.0203,-0.0977
4287,0.262024,-0.0187,-0.1
4288,0.32308388,-0.0137,-0.124
4289,0.2649466,-0.0188,-0.108
4290,0.2510177,-0.0199,-0.0981
4291,0.32634097,-0.0124,-0.122
4292,0.2500058,-0.0191,-0.1
4293,0.2676133,-0.0179,-0.102
4294,0.28412628,-0.0169,-0.11
4295,0.2683208,-0.0179,-0.107
4296,0.2914782,-0.0154,-0.113
4297,0.2598511,-0.0203,-0.102
4298,0.27168265,-0.0179,-0.106
4299,0.28479442,-0.0151,-0.113
4300,0.29251418,-0.0154,-0.113
4301,0.24414894,-0.0216,-0.096
4302,0.28793466,-0.0177,-0.111
4303,0.3008178,-0.0145,-0.115
4304,0.24921905,-0.00204,-0.0869
4305,0.26409218,-0.0235,-0.108
4306,0.3366482,0.025299303,-0.0842
4307,0.27447483,-0.0233,-0.0975
4308,0.2431914,-0.0392,-0.1
4309,0.3195662,-0.0135,-0.121
4310,0.3038335,-0.000926,-0.104
4311,0.26209414,-0.0279,-0.0869
4312,0.27535886,-0.0344,-0.109
4313,0.30555502,-0.00856,-0.142
4314,0.28525257,-0.00284,-0.107
4315,0.24243933,-0.0246,-0.0778
4316,0.43325582,-0.0121,-0.103
4317,0.2908309,-0.0272,-0.0931
4318,0.16257425,-0.0369,-0.0931
4319,0.2604649,-0.0174,-0.122
4320,0.2846717,-0.00488,-0.137
4321,0.27178237,-0.0136,-0.0949
4322,0.24912313,-0.0218,-0.0718
4323,0.28088504,-0.0111,-0.108
4324,0.3107717,-0.00328,-0.123
4325,0.2743593,-0.0184,-0.0951
4326,0.26496065,-0.0347,-0.0881
4327,0.26015523,-0.0404,-0.15
4328,0.27410012,0.0004077284,-0.118
4329,0.5163822,-0.00521,0.013008071
4330,0.37980005,-0.0173,-0.115
4331,0.18254241,0.0019311887,-0.11
4332,0.2629554,0.010116625,-0.0316
4333,0.2444386,0.007897631,-0.0845
4334,0.20495065,-0.0433,-0.146
4335,0.20290262,-0.042,-0.111
4336,0.39942014,-0.043,-0.13
4337,0.3894154,0.017367948,0.037020393
4338,0.27179188,-0.0112,-0.09
4339,0.41135073,-0.0434,-0.177
4340,0.1973815,0.04162425,-0.0899
4341,0.22237185,-0.0352,-0.165
4342,0.33773538,-0.0676,-0.122
4343,0.22760263,-0.00419,-0.0789
4344,0.1832924,-0.0803,-0.208
4345,0.05859506,-0.0501,-0.167
4346,0.14996731,-0.047,-0.0547
4347,0.33545598,-0.0779,-0.0761
4348,0.33750823,-0.0375,-0.138
4349,0.1991597,0.007931837,-0.119
4350,0.30001158,0.01822024,-0.104
4351,0.42111948,0.0043116016,-0.152
4352,0.21200415,-0.0819,-0.179
4353,0.15912995,-0.0315,-0.161
4354,0.27048478,0.037906073,-0.103
4355,0.4208758,-0.0242,-0.136
4356,0.24092798,-0.0224,-0.0915
4357,0.21561636,0.01700544,-0.0465
4358,0.32398427,-0.0478,-0.111
4359,0.41390985,-0.000975,-0.0513
4360,0.4194557,0.037352167,-0.132
4361,0.11780708,0.013122591,-0.114
4362,0.34255937,-0.0901,-0.12
4363,0.47209704,-0.0707,-0.112
4364,0.26088342,-0.0448,-0.106
4365,0.07630424,0.0062245014,-0.0742
4366,0.1667429,-0.0438,-0.12
4367,0.29138425,-0.0464,-0.0755
4368,0.25033775,-0.00788,-0.15
4369,0.25771177,-0.0182,-0.205
4370,0.28108275,-0.0294,-0.168
4371,0.23877291,0.0049822703,-0.0487
4372,0.40587005,-0.022,-0.0472
4373,0.2727288,-0.0321,-0.0898
4374,0.28378546,-0.0138,-0.118
4375,0.28104335,-0.0267,-0.157
4376,0.2776866,-0.0216,-0.12
4377,0.2783386,-0.00533,-0.0919
4378,0.2772143,-0.00698,-0.0967
4379,0.27890253,-0.0187,-0.11
4380,0.27851808,-0.0169,-0.0998
4381,0.2718375,-0.0263,-0.104
4382,0.2754403,-0.0245,-0.121
4383,0.28185144,-0.0119,-0.113
4384,0.2785441,-0.0175,-0.111
4385,0.27739376,-0.0129,-0.111
4386,0.27636266,-0.0203,-0.114
4387,0.27472794,-0.0286,-0.116
4388,0.28433788,0.021955824,-0.00693
4389,0.278751,-0.0266,-0.133
4390,0.28030446,-0.0228,-0.129
4391,0.27760422,-0.013,-0.103
4392,0.27482426,-0.0256,-0.118
4393,0.27114385,-0.033,-0.122
4394,0.2768151,-0.0163,-0.106
4395,0.2819165,-0.00858,-0.098
4396,0.281768,-0.00348,-0.0898
4397,0.27758026,-0.0192,-0.113
4398,0.2716302,-0.0342,-0.124
4399,0.2758163,-0.0234,-0.124
4400,0.28317657,-0.012,-0.119
4401,0.28536123,-0.000836,-0.0984
4402,0.27947935,-0.00616,-0.1
4403,0.2859349,-0.047,-0.14
4404,0.2891207,-0.0166,-0.105
4405,0.27219993,-0.0145,-0.105
4406,0.25577193,-0.0122,-0.0886
4407,0.273979,-0.015,-0.104
4408,0.2824415,-0.0202,-0.116
4409,0.27313778,-0.0173,-0.107
4410,0.26748294,-0.00997,-0.109
4411,0.28467408,-0.0167,-0.114
4412,0.29681942,-0.024,-0.116
4413,0.28334212,-0.0186,-0.114
4414,0.27843273,-0.0161,-0.108
4415,0.2829111,-0.0186,-0.108
4416,0.27925575,-0.0191,-0.107
4417,0.2814329,-0.0183,-0.114
4418,0.20065486,0.039280966,-0.0751
4419,0.313588,-0.0274,-0.136
4420,0.2884387,-0.0255,-0.128
4421,0.28437895,-0.022,-0.117
4422,0.27417183,-0.0177,-0.1
4423,0.27218565,-0.0166,-0.101
4424,0.27402937,-0.0156,-0.101
4425,0.28743345,-0.0198,-0.121
4426,0.27467638,-0.0161,-0.104
4427,0.2720264,-0.0142,-0.101
4428,0.29179534,-0.0179,-0.136
4429,0.27129766,-0.00844,-0.104
4430,0.26807737,-0.0136,-0.0916
4431,0.2788784,-0.0219,-0.111
4432,0.2724721,-0.0159,-0.102
4433,0.293945,-0.0218,-0.133
4434,0.2946665,-0.0252,-0.131
4435,0.6254343,0.018358693,-0.202
4436,0.2574824,-0.00917,-0.104
4437,0.26453212,-0.0177,-0.107
4438,0.28084522,-0.017,-0.108
4439,0.27481058,-0.0153,-0.109
4440,0.2811338,-0.0142,-0.114
4441,0.2843299,-0.0141,-0.113
4442,0.28079402,-0.0146,-0.113
4443,0.27829707,-0.0169,-0.11
4444,0.27549642,-0.019,-0.107
4445,0.27644318,-0.0175,-0.106
4446,0.2793787,-0.0157,-0.108
4447,0.27372468,-0.0183,-0.108
4448,0.27858558,-0.0161,-0.11
4449,0.2772302,-0.0163,-0.11
4450,0.4018232,-0.0583,-0.0836
4451,0.3063814,-0.0185,-0.129
4452,0.25624543,-0.0194,-0.0875
4453,0.27965876,-0.0177,-0.111
4454,0.27125376,-0.0165,-0.112
4455,0.2758402,-0.0162,-0.11
4456,0.2709338,-0.018,-0.104
4457,0.27529636,-0.0184,-0.103
4458,0.2806561,-0.0168,-0.11
4459,0.2747564,-0.0174,-0.11
4460,0.27919972,-0.017,-0.11
4461,0.27396902,-0.0166,-0.106
4462,0.27502254,-0.0144,-0.11
4463,0.28149644,-0.0151,-0.114
4464,0.27805474,-0.0172,-0.109
4465,0.28674978,-0.0175,-0.109
4466,0.27846685,-0.0192,-0.105
4467,0.2695287,-0.0195,-0.102
4468,0.28295416,-0.0181,-0.108
4469,0.2909717,-0.0177,-0.111
4470,0.2859061,-0.0168,-0.109
4471,0.27267677,-0.0158,-0.11
4472,0.276215,-0.0411,-0.159
4473,0.25828844,-7.24e-05,-0.14
4474,0.26114956,-0.000288,-0.0792
4475,0.2833562,-0.0294,-0.105
4476,0.29933888,-0.0253,-0.139
4477,0.30605885,-0.00153,-0.122
4478,0.29816118,-0.00835,-0.0778
4479,0.23767558,-0.0102,-0.0701
4480,0.2804547,-0.0231,-0.0531
4481,0.23201232,-0.0128,-0.109
4482,0.33325765,-0.00131,-0.167
4483,0.25026718,-0.0248,-0.115
4484,0.20332193,-0.0606,-0.0671
4485,0.24300773,0.017557943,-0.112
4486,0.27244127,0.001980045,-0.112
4487,0.29763657,-0.0578,-0.0947
4488,0.28047532,-0.0271,-0.115
4489,0.28083906,0.014903065,-0.14
4490,0.27155006,-0.01,-0.105
4491,0.24055274,-0.0315,-0.0468
4492,0.28690618,0.0005117543,-0.0792
4493,0.36921093,-0.00197,-0.145
4494,0.31812224,-0.0304,-0.131
4495,0.3801493,-0.0256,-0.0608
4496,0.4526916,-0.0409,-0.169
4497,0.17779382,-0.029,-0.102
4498,0.26643792,0.0019920534,-0.1
4499,0.43593243,-0.021,-0.121
4500,0.1084854,-0.00464,-0.0601
4501,0.39011395,-0.018,-0.0581
4502,0.17779799,-0.0268,-0.182
4503,0.1643847,-0.013,-0.152
4504,0.42226258,-0.025,-0.121
4505,0.3488572,-0.0476,-0.0912
4506,0.13613957,-0.0168,-0.0924
4507,0.12878424,-0.108,-0.23
4508,0.29394153,-0.0177,-0.224
4509,0.3865752,0.040891957,-0.0491
4510,0.13672978,0.013667816,-0.0175
4511,0.313266,-0.0263,-0.081
4512,0.26824772,-0.0433,-0.172
4513,0.28691718,-0.00425,-0.13
4514,0.005696098,-0.122,-0.17
4515,0.27392206,-0.00809,-0.129
4516,0.434856,0.01633503,-0.0856
4517,0.31461853,-0.0201,-0.114
4518,0.1280471,-0.0164,-0.0725
4519,0.30754852,-0.0535,-0.121
4520,0.21248348,-0.0202,-0.167
4521,0.2554123,-0.0257,0.0008859972
4522,0.25431424,-0.0356,-0.143
4523,0.41088694,-0.0471,-0.131
4524,0.13841741,-0.0245,-0.15
4525,0.2832027,-0.047,-0.169
4526,0.50071573,-0.0454,-0.0862
4527,0.13263325,-0.0564,-0.249
4528,0.28265113,0.00037579585,-0.175
4529,0.35333273,-0.00654,-0.0323
4530,0.22602156,-0.023,-0.0648
4531,0.2822929,-0.043,-0.117
4532,0.31172362,0.01371214,-0.14
4533,0.3985097,0.019085078,-0.135
4534,0.26880145,-0.0318,-0.114
4535,0.27499297,-0.0299,-0.0839
4536,0.26732942,-0.0403,-0.137
4537,0.2523121,-0.0434,-0.112
4538,0.2643868,-0.0403,-0.109
4539,0.2901302,-0.0182,-0.123
4540,0.28920758,-0.00163,-0.103
4541,0.27509144,-0.0212,-0.12
4542,0.2793297,-0.00856,-0.102
4543,0.27624652,-0.0172,-0.116
4544,0.27497593,-0.0237,-0.123
4545,0.28494462,-0.00693,-0.105
4546,0.2869271,0.0017670119,-0.0982
4547,0.28362706,-0.00363,-0.113
4548,0.2741591,-0.0235,-0.126
4549,0.27361327,-0.0207,-0.103
4550,0.27602795,-0.0177,-0.108
4551,0.27690327,-0.0177,-0.13
4552,0.35757753,0.05426923,-0.00475
4553,0.28118008,-0.00855,-0.102
4554,0.28218347,-0.00933,-0.102
4555,0.28400716,-0.00237,-0.0906
4556,0.27752727,-0.0163,-0.11
4557,0.27834237,-0.0169,-0.11
4558,0.28080314,-0.0144,-0.108
4559,0.2743498,-0.0224,-0.111
4560,0.26767862,-0.0342,-0.121
4561,0.27533442,-0.027,-0.117
4562,0.28351358,-0.0061,-0.0994
4563,0.2829284,-0.00313,-0.0701
4564,0.27636313,-0.0112,-0.0116
4565,0.27746165,-0.00606,-0.038
4566,0.28725162,-0.00342,-0.136
4567,0.11776522,0.21637088,0.21102436
4568,0.25119483,-0.0446,-0.11
4569,0.28823853,-0.0183,-0.115
4570,0.2531249,-0.00406,-0.0803
4571,0.2694953,-0.0255,-0.0882
4572,0.2878499,-0.0265,-0.121
4573,0.25607628,-0.00231,-0.0974
4574,0.25361872,-0.00554,-0.0779
4575,0.27627707,-0.0169,-0.104
4576,0.2740517,-0.0151,-0.103
4577,0.28420222,-0.0202,-0.113
4578,0.28432035,-0.0199,-0.118
4579,0.2777346,-0.016,-0.111
4580,0.28656325,-0.0221,-0.116
4581,0.076997615,0.1247486,0.10281996
4582,0.3433367,-0.00337,-0.217
4583,0.3267067,-0.038,-0.208
4584,0.30567756,-0.0553,-0.191
4585,0.3125356,-0.0518,-0.23
4586,0.29215354,-0.0223,-0.171
4587,0.27738905,-0.0196,-0.0873
4588,0.27785668,-0.0192,-0.0904
4589,0.27196062,-0.0199,-0.0696
4590,0.25042,-0.00256,-0.0181
4591,0.26520944,-0.00266,-0.078
4592,0.2842265,-0.0218,-0.129
4593,0.27390146,-0.014,-0.0973
4594,0.2813345,-0.0182,-0.13
4595,0.2821104,-0.0199,-0.124
4596,0.28021494,-0.0163,-0.132
4597,0.47789454,0.2644427,-0.256
4598,0.053458646,-0.0545,-0.0702
4599,0.22850126,-0.0627,-0.0677
4600,0.27793664,-0.104,-0.0359
4601,0.17786334,-0.0897,-0.0491
4602,0.19277768,-0.0321,-0.098
4603,0.23377553,-0.0209,-0.113
4604,0.28863323,-0.0106,-0.114
4605,0.27027884,-0.013,-0.108
4606,0.23667066,-0.0199,-0.109
4607,0.25884017,-0.0186,-0.112
4608,0.26660568,-0.0195,-0.108
4609,0.28234774,-0.0176,-0.106
4610,0.30473465,-0.0156,-0.106
4611,0.27206528,-0.0183,-0.109
4612,0.2772072,-0.0203,-0.108
4613,0.53347987,0.043680046,-0.158
4614,0.31999022,0.037935972,-0.153
4615,0.07710126,-0.0164,-0.105
4616,0.27231547,-0.00911,-0.111
4617,0.20459557,0.03128919,-0.152
4618,0.4293767,-0.000786,-0.186
4619,0.21578169,-0.0275,-0.0598
4620,0.26603144,-0.0149,-0.111
4621,0.28940403,-0.011,-0.123
4622,0.29872823,-0.015,-0.111
4623,0.33778387,-0.0114,-0.123
4624,0.29371226,-0.0158,-0.116
4625,0.23974612,-0.0213,-0.102
4626,0.23610891,-0.0187,-0.101
4627,0.21272817,-0.0242,-0.0827
4628,0.2451701,-0.0249,-0.0901
4629,0.2802644,-0.0182,-0.108
4630,0.27493754,-0.0171,-0.107
4631,0.2938928,-0.0147,-0.116
4632,0.26583707,-0.0171,-0.147
4633,0.293516,0.021912035,-0.134
4634,0.28005186,-0.0196,-0.103
4635,0.214114,-0.0453,-0.113
4636,0.32555386,0.012641865,-0.0687
4637,0.28882912,0.038811203,-0.0679
4638,0.2916746,-0.0205,-0.0799
4639,0.23216465,-0.0566,-0.101
4640,0.30403465,-0.0131,-0.16
4641,0.30250117,0.0075383754,-0.12
4642,0.3058325,-0.041,-0.0873
4643,0.2797368,-0.0198,-0.0851
4644,0.18425581,-0.0691,-0.11
4645,0.28052953,-0.0588,-0.056
4646,0.36089993,-0.0118,-0.0973
4647,0.20452455,0.032804333,-0.136
4648,0.29708928,-0.0319,-0.116
4649,0.27634683,-0.0261,-0.0951
4650,0.34539896,-0.0112,-0.107
4651,0.22784956,-0.0109,-0.0854
4652,0.23123775,-0.0215,-0.0983
4653,0.3594513,-0.0276,-0.131
4654,0.29604176,-0.0184,-0.147
4655,0.37026072,-0.0419,-0.119
4656,0.097182006,0.012910319,-0.135
4657,0.2606988,0.0056395,-0.0788
4658,0.3203794,-0.0334,-0.101
4659,0.1643324,0.003475613,-0.136
4660,0.33548295,-0.0328,-0.101
4661,0.19467196,0.039067827,0.0048828553
4662,0.22140947,-6.44e-05,-0.145
4663,0.36356997,-0.0244,-0.14
4664,0.23208404,-0.0435,-0.13
4665,0.26084533,-0.0162,-0.107
4666,0.35013774,-0.00857,-0.0912
4667,0.2280347,0.037901,-0.0617
4668,0.2813956,-0.0121,-0.161
4669,0.3846372,-0.0432,-0.0665
4670,0.30273885,-0.0151,-0.109
4671,0.19174597,-0.0163,-0.137
4672,0.37691975,-0.0326,-0.064
4673,0.13096993,-0.0934,-0.0994
4674,0.13120715,-0.0671,-0.0788
4675,0.3090058,0.0027550817,-0.131
4676,0.31227225,-0.0132,-0.164
4677,0.31433073,-0.0358,-0.0931
4678,0.19799045,-0.00641,-0.0768
4679,0.26839817,0.0049479613,-0.131
4680,0.19180006,-0.0945,-0.0703
4681,0.10222923,-0.0682,-0.176
4682,0.33072245,0.01628343,-0.101
4683,0.34984398,0.013542854,-0.135
4684,0.17102592,-0.0253,-0.142
4685,0.32036102,-0.0743,-0.0312
4686,0.27140346,-0.00998,-0.0554
4687,0.017831814,-0.0581,-0.0911
4688,0.27476642,-0.0384,-0.0556
4689,0.28421018,-0.061,-0.137
4690,0.200505,0.017616533,-0.155
4691,0.40755492,-0.00142,-0.143
4692,0.20207705,-0.0283,-0.119
4693,0.16514018,-0.0435,-0.0741
4694,0.27493858,-0.0418,-0.12
4695,0.2704792,-0.0248,-0.101
4696,0.27489892,-0.00966,-0.0774
4697,0.28190985,-0.0255,-0.161
4698,0.27680922,-0.0256,-0.151
4699,0.2770318,-0.0103,-0.0831
4700,0.27785894,-0.00977,-0.0863
4701,0.27848294,-0.0148,-0.112
4702,0.27690026,-0.0146,-0.108
4703,0.2774705,-0.0157,-0.104
4704,0.27823147,-0.0163,-0.105
4705,0.27586588,-0.016,-0.107
4706,0.27946243,-0.02,-0.123
4707,0.27825612,-0.0213,-0.122
4708,0.27530587,-0.02,-0.116
4709,0.27741683,-0.0165,-0.109
4710,0.27815956,-0.0156,-0.106
4711,0.2765718,-0.0184,-0.106
4712,0.31375143,-0.0073,-0.067
4713,0.2966238,-0.0141,-0.0783
4714,0.3308318,-0.0193,-0.00044
4715,0.30184788,-0.0139,-0.0578
4716,0.26462594,-0.0206,-0.136
4717,0.2688529,-0.0217,-0.127
4718,0.28083938,-0.0145,-0.102
4719,0.28218314,-0.0127,-0.097
4720,0.28057697,-0.0137,-0.104
4721,0.28098375,-0.0153,-0.104
4722,0.279381,-0.00979,-0.104
4723,0.2783243,-0.0117,-0.11
4724,0.27450353,-0.0237,-0.119
4725,0.27554923,-0.0222,-0.109
4726,0.2957457,0.005352826,-0.0761
4727,0.21882692,0.022987008,0.08011096
4728,0.27140206,-0.0118,-0.0892
4729,0.27479127,-0.0144,-0.11
4730,0.27791533,-0.0162,-0.118
4731,0.28149453,-0.018,-0.12
4732,0.28055587,-0.0184,-0.111
4733,0.2785392,-0.0176,-0.109
4734,0.27932984,-0.0165,-0.11
4735,0.27926114,-0.0175,-0.111
4736,0.27784935,-0.0181,-0.111
4737,0.27984726,-0.0176,-0.112
4738,0.2787927,-0.0172,-0.108
4739,0.27752453,-0.0169,-0.106
4740,0.27605537,-0.0171,-0.105
4741,0.2742761,-0.0169,-0.109
4742,0.2769488,-0.0162,-0.109
4743,0.2780224,-0.017,-0.107
4744,0.28063893,-0.022,-0.104
4745,0.25167784,-0.0181,-0.221
4746,0.26957554,-0.00642,-0.145
4747,0.28408295,-0.0193,-0.114
4748,0.2767775,-0.0155,-0.112
4749,0.27830392,-0.017,-0.106
4750,0.2744545,-0.0174,-0.119
4751,0.27575806,-0.0139,-0.109
4752,0.27955216,-0.0129,-0.0945
4753,0.27701434,-0.0134,-0.101
4754,0.28044784,-0.0113,-0.0704
4755,0.282773,-0.0147,-0.0834
4756,0.2740038,-0.0166,-0.134
4757,0.27303064,-0.0134,-0.13
4758,0.2797267,-0.0157,-0.102
4759,0.2800495,-0.0188,-0.0969
4760,0.27563897,-0.0176,-0.112
4761,0.2755695,-0.0171,-0.114
4762,0.27729663,-0.017,-0.11
4763,0.27713832,-0.0173,-0.11
4764,0.27164724,-0.0219,-0.086
4765,0.2637907,-0.0855,-0.0358
4766,0.34226134,-0.0348,-0.114
4767,0.23690107,-0.0176,-0.102
4768,0.26445365,-0.0275,-0.0981
4769,0.26456645,-0.0306,-0.102
4770,0.27162752,-0.0254,-0.104
4771,0.28615123,-0.0184,-0.104
4772,0.269863,-0.0187,-0.105
4773,0.27439153,-0.0223,-0.105
4774,0.2959472,-0.0209,-0.109
4775,0.29034072,-0.0172,-0.11
4776,0.27196628,-0.0175,-0.109
4777,0.27428505,-0.0184,-0.111
4778,0.27051565,-0.0187,-0.107
4779,0.29154807,-0.0158,-0.106
4780,0.27296796,-0.0346,-0.114
4781,0.3056809,-0.0289,-0.094
4782,0.2741105,-0.0243,-0.101
4783,0.28597072,-0.0188,-0.11
4784,0.2805016,-0.0185,-0.105
4785,0.25987908,-0.0194,-0.102
4786,0.29038244,-0.011,-0.119
4787,0.26098043,-0.017,-0.108
4788,0.2606449,-0.0236,-0.1
4789,0.27447867,-0.019,-0.108
4790,0.27275318,-0.0189,-0.104
4791,0.28392297,-0.0183,-0.109
4792,0.284385,-0.0179,-0.106
4793,0.2965082,-0.0158,-0.108
4794,0.2725437,-0.0185,-0.106
4795,0.2742995,-0.0188,-0.107
4796,0.2736859,-0.0166,-0.109
4797,0.2926116,-0.0131,-0.113
4798,0.13105294,-0.0361,-0.178
4799,0.21612345,-0.0219,-0.0703
4800,0.33485755,-0.0179,-0.0815
4801,0.3352014,-0.0417,-0.161
4802,0.23619534,-0.0449,-0.192
4803,0.22792023,-0.0339,-0.0947
4804,0.27135935,0.00034368606,-0.0482
4805,0.2746895,0.006290634,-0.0659
4806,0.30256465,-0.00924,-0.0784
4807,0.30881888,-0.023,-0.112
4808,0.2529103,-0.0292,-0.128
4809,0.25069928,2.7915929e-05,-0.0748
4810,0.25678903,0.005265895,-0.0818
4811,0.2996976,-0.0114,-0.153
4812,0.37946868,-0.0168,-0.123
4813,0.19618648,-0.016,-0.21
4814,0.18791975,-0.0225,-0.114
4815,0.26773608,-0.00971,-0.0958
4816,0.37952137,0.0069220616,-0.0759
4817,0.36947685,0.0011796185,-0.132
4818,0.26272714,-0.00238,-0.179
4819,0.26819375,-0.0127,-0.0937
4820,0.23419257,-0.0384,-0.0535
4821,0.1806231,-0.0214,-0.0573
4822,0.32425746,0.0022561324,-0.0856
4823,0.36111328,-0.0389,-0.162
4824,0.22290061,-0.0518,-0.16
4825,0.19885051,0.0029371844,-0.116
4826,0.2987153,0.0003854616,-0.114
4827,0.30584788,-0.0257,-0.216
4828,0.27506965,0.0079772435,-0.0583
4829,0.38323334,-0.0327,-0.136
4830,0.32145205,-0.0125,-0.0793
4831,0.29369438,-0.0636,-0.182
4832,0.20146823,-0.052,-0.149
4833,0.24680778,0.06258436,-0.00706
4834,0.36772934,-0.0222,-0.0777
4835,0.27089506,-0.083,-0.152
4836,0.25025147,0.016908403,-0.11
4837,0.17812721,-0.0743,-0.294
4838,0.31002024,-0.0284,-0.197
4839,0.30756238,-0.0214,-0.142
4840,0.2619332,-0.042,-0.131
4841,0.27164865,-0.0128,-0.156
4842,0.18205836,-0.0335,-0.175
4843,0.2492503,-0.0575,-0.207
4844,0.31487486,-0.00464,-0.128
4845,0.25613773,0.06500405,-0.0589
4846,0.44189805,-0.0441,-0.122
4847,0.21090882,0.01840848,-0.111
4848,0.19257942,0.022417365,-0.107
4849,0.23564212,-0.0199,-0.114
4850,0.27059466,0.0003716623,-0.0677
4851,0.3835111,-0.0289,-0.112
4852,0.19705375,-0.0355,-0.128
4853,0.162889,0.020296969,-0.0916
4854,0.31611446,-0.00852,-0.108
4855,0.21256773,-0.106,-0.152
4856,0.30686775,-0.0199,-0.0751
4857,0.24346465,-0.0102,-0.12
4858,0.20600984,-0.06,-0.153
4859,0.2538564,-0.0128,-0.066
4860,0.34578115,-0.0244,-0.121
4861,0.2962068,-0.0291,-0.168
4862,0.21466362,0.0062177177,-0.141
4863,0.23870099,0.0067385053,-0.0392
4864,0.33056512,0.008156568,-0.103
4865,0.3899025,-0.0102,-0.134
4866,0.19727625,-0.0435,-0.166
4867,0.11355001,0.033999804,-0.0789
4868,0.26928115,0.01475113,-0.0731
4869,0.33578575,-0.0543,-0.119
4870,0.33421373,-0.0391,-0.0493
4871,0.36119598,-0.00976,-0.123
4872,0.23394278,-0.114,-0.0937
4873,0.40800416,-0.0255,-0.0547
4874,0.24501799,-0.0534,-0.131
4875,0.24971406,-0.0569,-0.131
4876,0.33070827,0.0075610676,-0.0614
4877,0.3189034,-0.012,-0.124
4878,0.23546979,-0.0525,-0.179
4879,0.23331687,-0.0265,-0.0955
4880,0.24251136,-0.0414,-0.24
4881,0.23832744,-0.0374,-0.245
4882,0.2556009,-0.0223,-0.16
4883,0.27474403,-0.0199,-0.113
4884,0.2765362,-0.0193,-0.113
4885,0.2758889,-0.0193,-0.109
4886,0.27554107,-0.0179,-0.113
4887,0.27955458,-0.016,-0.111
4888,0.2954855,-0.00769,-0.0615
4889,0.29125243,-0.00715,-0.0717
4890,0.2706216,-0.0184,-0.128
4891,0.26867077,-0.0237,-0.127
4892,0.27162844,-0.0232,-0.125
4893,0.27539816,-0.0185,-0.112
4894,0.2713789,-0.0174,-0.121
4895,0.27346396,-0.0206,-0.121
4896,0.28692082,-0.0174,-0.0857
4897,0.25852495,-0.0259,-0.135
4898,0.23762856,-0.0297,-0.156
4899,0.30118102,-0.0152,-0.0779
4900,0.2817289,-0.0182,-0.103
4901,0.2681637,-0.0194,-0.121
4902,0.287463,-0.0134,-0.0947
4903,0.30519778,-0.0119,-0.0733
4904,0.30389526,-0.0088,-0.0723
4905,0.2924568,-0.00692,-0.0871
4906,0.26753476,-0.019,-0.123
4907,0.2535451,-0.0253,-0.14
4908,0.2601817,-0.0236,-0.129
4909,0.2774031,-0.0186,-0.109
4910,0.26381657,-0.0235,-0.129
4911,0.26532665,-0.0228,-0.123
4912,0.2959283,-0.00609,-0.0885
4913,0.28448364,-0.00637,-0.107
4914,0.2784982,-0.0129,-0.105
4915,0.14872362,0.07120687,0.13588208
4916,0.27559173,-0.0141,-0.118
4917,0.2819109,-0.0171,-0.115
4918,0.2758881,-0.0168,-0.111
4919,0.27920684,-0.0175,-0.113
4920,0.27574933,-0.0163,-0.108
4921,0.276787,-0.0154,-0.104
4922,0.27512872,-0.0148,-0.103
4923,0.27645427,-0.016,-0.105
4924,0.27866697,-0.0169,-0.11
4925,0.2762307,-0.0176,-0.108
4926,0.27351794,-0.0155,-0.0992
4927,0.27345577,-0.0148,-0.102
4928,0.28184137,-0.0216,-0.113
4929,0.21857548,0.028907496,-0.223
4930,0.26284832,0.011625917,-0.0697
4931,0.29262665,-0.0175,-0.0828
4932,0.27306417,-0.00569,-0.0992
4933,0.27669176,-0.00423,-0.0681
4934,0.2794038,-0.0127,-0.101
4935,0.2789982,-0.0123,-0.0979
4936,0.2783179,-0.016,-0.111
4937,0.27847815,-0.0243,-0.115
4938,0.28269267,-0.114,-0.149
4939,0.27105117,-0.0969,-0.193
4940,0.25146937,0.11197833,0.12501088
4941,0.28934187,0.045433305,-0.0276
4942,0.30314526,-0.069,-0.291
4943,0.2717463,-0.00411,-0.125
4944,0.27369013,-0.00661,-0.117
4945,0.081372604,-0.0461,-0.0521
4946,0.3034463,-0.0296,-0.106
4947,0.26844105,-0.026,-0.0979
4948,0.24761742,-0.0254,-0.0986
4949,0.26514968,-0.0249,-0.0994
4950,0.29485476,-0.0209,-0.105
4951,0.29915905,-0.0181,-0.11
4952,0.28257176,-0.0207,-0.106
4953,0.29847348,-0.0192,-0.105
4954,0.29510364,-0.0181,-0.108
4955,0.2972501,-0.0137,-0.112
4956,0.28932124,-0.0144,-0.112
4957,0.25423092,-0.0198,-0.106
4958,0.2534343,-0.0185,-0.104
4959,0.2648933,-0.0183,-0.106
4960,0.26438427,-0.017,-0.108
4961,0.27318192,-0.019,-0.108
4962,0.29677495,-0.0208,-0.108
4963,0.26583982,-0.017,-0.106
4964,0.28276664,-0.0145,-0.111
4965,0.27908796,-0.0169,-0.109
4966,0.2938543,-0.0184,-0.105
4967,0.3003062,-0.0161,-0.111
4968,0.04019796,-0.0415,-0.0712
4969,0.3455033,-0.0266,-0.108
4970,0.26780325,-0.0285,-0.0946
4971,0.28151062,-0.0236,-0.103
4972,0.28659064,-0.0229,-0.105
4973,0.2854286,-0.0231,-0.107
4974,0.2922958,-0.0182,-0.108
4975,0.30115193,-0.0149,-0.111
4976,0.27928346,-0.0182,-0.107
4977,0.2778192,-0.015,-0.11
4978,0.27646786,-0.016,-0.11
4979,0.27190846,-0.0168,-0.105
4980,0.26486552,-0.0185,-0.107
4981,0.25938755,-0.0197,-0.107
4982,0.2694959,-0.0193,-0.107
4983,0.29459423,-0.0206,-0.108
4984,0.24042702,-0.0573,-0.208
4985,0.24158865,-0.0246,-0.12
4986,0.21142198,-0.031,-0.0981
4987,0.24242328,-0.0213,-0.0869
4988,0.23289803,0.0004323488,-0.0274
4989,0.34162736,-0.000192,-0.0664
4990,0.40554845,-0.0326,-0.116
4991,0.27310142,-0.0352,-0.0991
4992,0.23693974,-0.0213,-0.122
4993,0.25824156,-0.043,-0.153
4994,0.26232705,-0.0114,-0.104
4995,0.24313596,0.02208829,-0.0527
4996,0.27647096,0.0021227205,-0.0879
4997,0.30793563,-0.0183,-0.134
4998,0.27148363,-0.0321,-0.133
4999,0.22999151,-0.05,-0.128
5000,0.3685388,-0.0236,-0.0748
5001,0.31683806,-0.0451,-0.148
5002,0.19436057,-0.00888,-0.0718
5003,0.1965075,0.016571235,-0.0643
5004,0.28951582,6.260394e-05,-0.123
5005,0.31441194,-0.0277,-0.109
5006,0.29488146,-0.0136,-0.0958
5007,0.33680078,0.01052775,-0.0578
5008,0.319514,-0.00282,-0.064
5009,0.26568148,-0.0411,-0.154
5010,0.2571054,-0.0289,-0.149
5011,0.26951492,-0.0301,-0.163
5012,0.2836579,-0.0352,-0.169
5013,0.29215118,0.00933834,0.049582332
5014,0.25367245,-0.039,-0.0467
5015,0.2817633,-0.000281,-0.231
5016,0.26182517,-0.0143,-0.158
5017,0.2986101,-0.0245,-0.0318
5018,0.26903665,0.0061902017,-0.0299
5019,0.29825974,-0.0438,-0.111
5020,0.31009674,-0.0388,-0.155
5021,0.248025,-0.0201,-0.0637
5022,0.49804878,-0.0339,-0.108
5023,0.4495661,-0.0259,-0.0917
5024,0.06932409,-0.00734,-0.162
5025,0.20139663,-0.0212,-0.172
5026,0.35468698,0.0037508435,-0.0697
5027,0.28560987,0.0038231919,-0.0905
5028,0.2648722,-0.0415,-0.0991
5029,0.3194235,-0.0571,-0.0347
5030,0.41869,-0.0161,-0.144
5031,0.44549718,-0.0387,-0.0225
5032,0.22547825,0.009406286,-0.148
5033,0.15385242,0.033191305,-0.0523
5034,0.23496094,-0.0399,-0.043
5035,0.35326162,-0.0218,-0.0899
5036,0.3287428,-0.0143,-0.156
5037,0.32719463,-0.0345,-0.16
5038,0.32012755,-0.0205,-0.059
5039,0.29802218,-0.0403,-0.06
5040,-0.00238,-0.118,-0.162
5041,0.31433302,-0.0246,0.004158488
5042,0.34120223,-0.0545,-0.14
5043,0.12111138,-0.0851,-0.252
5044,0.27185374,-0.0515,-0.133
5045,0.3441188,0.0076122205,-0.0558
5046,0.25681263,0.07855502,-0.107
5047,0.18155134,0.015986403,-0.166
5048,0.17938621,-0.127,-0.305
5049,0.2121282,-0.0602,-0.174
5050,0.24023817,-0.027,-0.108
5051,0.19681045,-0.0257,-0.0878
5052,0.21849327,-0.00782,-0.0937
5053,0.3312363,-0.0288,-0.108
5054,0.25031582,-0.000356,-0.0722
5055,0.2441209,0.025065988,-0.0597
5056,0.30064878,-0.0534,-0.13
5057,0.063685484,-0.119,-0.19
5058,0.13152726,-0.0369,-0.129
5059,0.28651142,-0.0765,-0.0467
5060,0.27026254,-0.0475,-0.0899
5061,0.20503274,-0.0145,-0.115
5062,0.35199183,-0.0571,-0.0477
5063,0.3300057,-0.0271,-0.127
5064,0.23085678,0.035871226,-0.119
5065,0.21178769,0.027421622,-0.0995
5066,0.30485752,-0.0202,-0.107
5067,0.28847554,-0.0187,-0.116
5068,0.27416384,-0.016,-0.113
5069,0.27651283,-0.0153,-0.104
5070,0.27771646,-0.0166,-0.101
5071,0.2720893,-0.0146,-0.098
5072,0.27310738,-0.0128,-0.0939
5073,0.27617097,-0.00757,-0.0966
5074,0.27290282,-0.00778,-0.0999
5075,0.27965295,-0.0273,-0.119
5076,0.28865802,-0.0345,-0.139
5077,0.28571746,-0.0216,-0.122
5078,0.27623016,-0.0117,-0.0998
5079,0.27071598,-0.00918,-0.0946
5080,0.27421814,-0.0192,-0.106
5081,0.27759558,-0.028,-0.114
5082,0.27837226,-0.0183,-0.109
5083,0.27737695,-0.0104,-0.103
5084,0.2796696,-0.017,-0.112
5085,0.28286722,-0.0179,-0.114
5086,0.26985762,0.023327745,-0.0475
5087,0.2759388,-0.0332,-0.116
5088,0.2860166,-0.0172,-0.123
5089,0.2861412,-0.015,-0.119
5090,0.27971673,-0.017,-0.111
5091,0.27550465,-0.0152,-0.105
5092,0.27327493,-0.019,-0.1
5093,0.27539024,-0.0203,-0.106
5094,0.27719882,-0.0136,-0.108
5095,0.27497837,-0.0123,-0.103
5096,0.27653125,-0.0161,-0.105
5097,0.2816801,-0.017,-0.117
5098,0.28022736,-0.0195,-0.114
5099,0.2782825,-0.02,-0.106
5100,0.28095758,-0.0148,-0.112
5101,0.27999613,-0.0213,-0.116
5102,0.27851558,-0.0225,-0.111
5103,0.22681184,0.010453685,-0.162
5104,0.2938118,-0.0342,-0.115
5105,0.27866894,-0.0128,-0.108
5106,0.27980363,-0.018,-0.115
5107,0.27619898,-0.0168,-0.105
5108,0.2832873,-0.0187,-0.108
5109,0.28183863,-0.02,-0.115
5110,0.27980995,-0.0178,-0.108
5111,0.28545174,-0.0167,-0.111
5112,0.27950755,-0.0179,-0.111
5113,0.27795914,-0.0182,-0.11
5114,0.27752435,-0.0175,-0.107
5115,0.28084067,-0.0181,-0.109
5116,0.27998734,-0.0182,-0.111
5117,0.2778878,-0.0182,-0.107
5118,0.2799892,-0.0172,-0.108
5119,0.37244225,-0.0154,-0.264
5120,0.2515596,-0.00192,-0.0789
5121,0.27300096,-0.0153,-0.105
5122,0.27744764,-0.0139,-0.115
5123,0.27616084,-0.0134,-0.11
5124,0.26988527,-0.0121,-0.0972
5125,0.26844344,-0.0133,-0.0966
5126,0.28109878,-0.0178,-0.119
5127,0.2832988,-0.0188,-0.116
5128,0.27758273,-0.0188,-0.11
5129,0.27884984,-0.0175,-0.113
5130,0.2788737,-0.0147,-0.108
5131,0.27545154,-0.0157,-0.106
5132,0.2760048,-0.0172,-0.108
5133,0.2768294,-0.0162,-0.109
5134,0.27936262,-0.0154,-0.111
5135,0.28346178,-0.0193,-0.119
5136,0.27963844,-0.0186,-0.11
5137,-0.504,-0.594,0.26480436
5139,0.50381064,-0.544,-0.296
5140,0.3037684,0.02476752,-0.111
5141,0.1691376,0.6467469,0.067229435
5142,0.63262707,1.0,-0.444
5143,1.0,0.5358199,-0.758
5144,0.692761,0.064792044,-0.509
5145,0.36273795,0.021303978,-0.475
5146,0.48826817,-0.00546,-0.575
5147,0.2565377,-0.0299,-0.0893
5148,-0.412,-0.182,0.85071963
5149,-0.466,-0.618,0.94879496
5150,0.02938717,-0.685,0.29673377
5151,0.24958614,-0.256,-0.103
5152,0.26101804,0.094466925,-0.119
5153,0.45022732,0.44923425,-0.246
5154,0.6802662,0.594513,-0.574
5155,0.16251294,-0.047,0.09125389
5156,0.3688753,-0.027,-0.104
5157,0.25917205,-0.0167,-0.0966
5158,0.2732763,-0.0157,-0.107
5159,0.27191883,-0.0173,-0.109
5160,0.2745473,-0.0193,-0.102
5161,0.28093824,-0.0187,-0.101
5162,0.26932442,-0.018,-0.101
5163,0.2699298,-0.018,-0.104
5164,0.2712906,-0.0181,-0.106
5165,0.27268398,-0.018,-0.104
5166,0.27012458,-0.0184,-0.102
5167,0.2807534,-0.0182,-0.106
5168,0.28626108,-0.0165,-0.11
5169,0.28560877,-0.0173,-0.112
5170,0.30375057,-0.0205,-0.196
5171,0.3175015,-0.024,-0.129
5172,0.3136134,-0.0236,-0.143
5173,0.2260383,-0.0191,-0.0925
5174,0.23351349,-0.0092,-0.0852
5175,0.22679718,-0.0198,-0.105
5176,0.2409267,-0.0128,-0.103
5177,0.28933254,-0.0209,-0.117
5178,0.31336263,-0.0301,-0.107
5179,0.30245897,-0.00179,-0.107
5180,0.3237225,-0.0123,-0.12
5181,0.30992857,-0.0295,-0.112
5182,0.26964536,-0.0224,-0.106
5183,0.28251857,-0.0183,-0.114
5184,0.29280835,-0.0304,-0.117
5185,0.28241616,-0.0331,-0.12
5186,0.25836396,0.0016795929,-0.0924
5187,0.23102571,-0.0185,-0.0854
5188,0.25982636,-0.0221,-0.16
5189,0.338339,-0.0157,-0.286
5190,0.2828427,-0.0198,-0.089
5191,0.27889654,-0.0303,-0.096
5192,0.2848852,-0.00665,-0.115
5193,0.2787163,0.002335333,-0.107
5194,0.26421067,-0.00607,-0.089
5195,0.28679243,-0.0102,-0.0905
5196,0.3064454,-0.02,-0.0922
5197,0.28046483,-0.0217,-0.0901
5198,0.29221833,-0.0263,-0.101
5199,0.30900326,-0.0196,-0.11
5200,0.2837557,-0.00483,-0.119
5201,0.24135421,-0.0363,-0.105
5202,0.27770925,-0.0539,-0.0987
5203,0.3021949,-0.0359,-0.132
5204,0.26883155,-0.00489,-0.118
5205,0.25156206,0.020262215,-0.093
5206,0.26091346,0.02726256,-0.0998
5207,0.22805753,-0.0169,-0.161
5208,0.2712854,-0.0183,-0.113
5209,0.31802398,-0.0527,-0.101
5210,0.38286358,-0.0377,-0.0881
5211,0.22764517,-0.000577,-0.108
5212,0.22428264,-0.019,-0.0733
5213,0.40295503,-0.0392,-0.0625
5214,0.36549667,-0.0128,-0.174
5215,0.31474426,-0.00779,-0.0315
5216,0.3107418,-0.0384,-0.158
5217,0.34817123,-0.0357,-0.119
5218,0.3663866,-0.0233,-0.114
5219,0.29478988,-0.0007,-0.125
5220,0.19400086,0.033690665,-0.13
5221,0.19378202,0.0042875623,-0.143
5222,0.335209,-0.0409,-0.129
5223,0.34623963,-0.0371,-0.101
5224,0.19517945,-0.0524,-0.0373
5225,0.32000908,-0.0327,0.002626591
5226,0.2891828,-0.0492,-0.125
5227,0.20648916,-0.0418,-0.1
5228,0.15471458,-0.0675,-0.107
5229,0.29781896,-0.0444,-0.121
5230,0.43181747,0.03245563,-0.147
5231,0.303269,0.014047691,-0.158
5232,0.26713216,-0.00412,-0.0873
5233,0.23221543,-0.0186,-0.0599
5234,0.12147198,-0.047,-0.111
5235,0.38489458,-0.0165,-0.152
5236,0.297646,-0.0577,-0.348
5237,0.38073477,-0.073,-0.189
5238,0.28596458,-0.0107,-0.0962
5239,0.1824686,-0.052,-0.0346
5240,0.27284232,-0.0299,-0.0546
5241,0.29367438,0.018848808,-0.171
5242,0.32675555,0.0008053133,-0.157
5243,0.254912,-0.0386,-0.035
5244,0.23420277,-0.0594,-0.0565
5245,0.29177988,-0.013,-0.185
5246,0.36647445,-0.000889,-0.231
5247,0.2610193,-0.0283,-0.115
5248,0.2551672,-0.0962,-0.017
5249,0.27204445,0.012494784,-0.134
5250,0.3307943,-0.00654,-0.251
5251,0.2751051,-0.0919,-0.0428
5252,0.24851723,0.0009293614,-0.118
5253,0.3818095,0.014971183,-0.3
5254,0.22836189,-0.0485,-0.111
5255,0.19927482,-0.0158,0.06871247
5256,0.2877656,-0.00733,-0.0933
5257,0.35836568,-0.019,-0.304
5258,0.40041795,-0.0328,-0.143
5259,0.26227632,-0.0337,-0.391
5260,0.3447489,-0.0424,-0.172
5261,0.3428914,-0.00465,-0.112
5262,0.21932217,-0.0658,-0.0387
5263,0.20253111,-0.033,-0.0547
5264,0.37549493,0.027352994,-0.201
5265,0.28810495,-0.0347,-0.145
5266,0.19088975,-0.0432,-0.0147
5267,0.26607704,-0.0228,-0.114
5268,0.32176113,-0.0395,-0.184
5269,0.28209645,-0.0221,-0.116
5270,0.22443776,0.02060728,0.018692035
5271,0.22427255,-0.000686,0.055248827
5272,0.29807606,-0.0265,-0.208
5273,0.2883013,-0.0057,-0.105
5274,0.2780142,-0.0219,-0.112
5275,0.27840653,-0.0138,-0.115
5276,0.2759015,-0.000989,-0.0905
5277,0.2776814,-0.0188,-0.111
5278,0.27986842,-0.0282,-0.122
5279,0.277452,-0.0186,-0.108
5280,0.276759,-0.0184,-0.108
5281,0.27743375,-0.0166,-0.11
5282,0.28078496,-0.014,-0.108
5283,0.27771205,-0.0148,-0.109
5284,0.2738185,-0.0184,-0.108
5285,0.27564028,-0.0223,-0.111
5286,0.27863246,-0.0179,-0.111
5287,0.28024137,-0.0126,-0.106
5288,0.27721214,-0.0173,-0.105
5289,0.27601188,-0.0157,-0.103
5290,0.2749389,-0.0202,-0.115
5291,0.2818431,-0.0136,-0.13
5292,0.27656567,-0.0183,-0.114
5293,0.27566984,-0.0155,-0.0881
5294,0.2801974,-0.0136,-0.0949
5295,0.2769665,-0.0183,-0.117
5296,0.27602625,-0.0205,-0.114
5297,0.28045034,-0.00815,-0.103
5298,0.2830293,-0.00573,-0.117
5299,0.27755117,-0.0218,-0.125
5300,0.27627566,-0.0227,-0.11
5301,0.27799466,-0.02,-0.112
5302,0.27322197,-0.0223,-0.113
5303,0.27613473,-0.0216,-0.107
5304,0.2782167,-0.015,-0.11
5305,0.28130582,-0.00451,-0.104
5306,0.28171593,-0.00814,-0.0947
5307,0.27541015,-0.0218,-0.103
5308,0.2823465,0.07446657,-0.0504
5309,0.2851151,-0.0951,-0.106
5310,0.28379732,-0.0299,-0.107
5311,0.2769593,-0.00788,-0.12
5312,0.27662888,-0.00884,-0.103
5313,0.27688,-0.0163,-0.103
5314,0.27634543,-0.0163,-0.111
5315,0.2788965,-0.0168,-0.113
5316,0.27778912,-0.0125,-0.105
5317,0.27329102,-0.0101,-0.0922
5318,0.27592117,-0.0166,-0.105
5319,0.27974045,-0.0165,-0.121
5320,0.27758017,-0.0202,-0.12
5321,0.27921137,-0.0202,-0.104
5322,0.2784505,-0.0139,-0.0966
5323,0.27676645,-0.0179,-0.108
5324,0.286026,-0.0216,-0.0619
5325,0.2701394,0.03076707,-0.0779
5326,0.27889055,-0.0188,-0.112
5327,0.27747446,-0.0144,-0.104
5328,0.27343866,-0.0104,-0.109
5329,0.2760227,-0.0139,-0.113
5330,0.27614194,-0.0123,-0.109
5331,0.27678615,-0.0113,-0.108
5332,0.277574,-0.013,-0.1
5333,0.2745706,-0.0126,-0.0985
5334,0.27542353,-0.0141,-0.106
5335,0.27811095,-0.016,-0.105
5336,0.2762956,-0.0133,-0.103
5337,0.2774574,-0.0153,-0.112
5338,0.27635384,-0.0139,-0.105
5339,0.22364645,-0.0158,-0.0795
5340,0.37551782,-0.00838,-0.142
5341,0.2388299,-0.0187,-0.0918
5342,0.23411343,-0.0299,-0.0728
5343,0.28871202,-0.0268,-0.0911
5344,0.29384983,-0.0171,-0.111
5345,0.19866526,-0.0255,-0.081
5346,-0.179,-0.202,0.1854162
5347,-0.318,-0.485,0.35298005
5348,0.11323824,-0.519,0.09878962
5349,0.27680057,-0.449,-0.189
5350,0.21148148,-0.378,-0.31
5351,0.21626753,-0.0817,-0.156
5352,0.22451457,0.2248489,0.044149276
5353,0.2442637,0.35958737,0.024302222
5354,0.3153141,0.34350094,-0.0979
5355,0.47740212,0.35961923,-0.263
5356,0.54386866,0.3732927,-0.428
5357,0.44870603,0.23820432,-0.482
5358,0.4536017,0.11946505,-0.418
5359,0.5638065,0.0474315,-0.347
5360,-0.00887,-0.071,0.25956497
5361,0.3241046,0.01856079,-0.259
5362,0.40038285,0.053103343,-0.454
5363,0.43241128,0.019965604,-0.826
5364,0.3258736,-0.086,-0.926
5365,0.2497996,-0.0909,-0.469
5366,0.2666521,-0.0196,-0.0988
5367,0.2830814,-0.00438,-0.0751
5368,0.20263694,0.062564015,0.37553915
5369,-0.108,0.013311548,1.0
5370,-0.108,-0.135,0.719094
5371,0.2096332,-0.104,0.08968393
5372,0.2828946,-0.0202,-0.107
5373,0.26575634,-0.000505,-0.132
5374,0.20294352,-0.0629,-0.0158
5375,0.20537858,-0.0806,0.010700063
5376,0.27005935,0.022794824,-0.175
5377,0.2613813,0.05257802,-0.237
5378,0.29588118,0.03052496,-0.227
5379,0.23361363,-0.0535,-0.0663
5380,0.2835756,-0.0266,-0.121
5381,0.2838033,-0.00434,-0.0993
5382,0.27544588,-0.014,-0.112
5383,0.29265198,-0.0322,-0.111
5384,0.28730205,-0.063,-0.118
5385,0.24401838,-0.00417,-0.0372
5386,0.26575953,0.031429607,-0.0695
5387,0.33852077,-0.00388,-0.181
5388,0.32199603,-0.0207,-0.158
5389,0.29348904,-0.0368,-0.127
5390,0.29394597,-0.0183,-0.12
5391,0.2847906,-0.0182,-0.107
5392,0.26897693,-0.0371,-0.0893
5393,0.25743234,-0.00883,-0.106
5394,0.27918065,0.008722358,-0.115
5395,0.27441555,-0.0046,-0.0934
5396,0.22709867,-0.0355,-0.0848
5397,0.23086081,-0.0345,-0.0928
5398,0.28939942,-0.0209,-0.119
5399,0.29439878,-0.0456,-0.117
5400,0.31312728,-0.0594,-0.118
5401,0.27857378,0.002625471,-0.125
5402,0.2422799,-0.0107,-0.0842
5403,0.21385077,-0.0291,-0.066
5404,0.2534611,-0.0141,-0.0701
5405,0.31169176,-0.00161,-0.0856
5406,0.3208302,-0.00508,-0.0932
5407,0.28912014,-0.00488,-0.0967
5408,0.30273506,-0.0243,-0.0814
5409,0.29145002,-0.0332,-0.1
5410,0.26131546,-0.0264,-0.129
5411,0.2670192,-0.0256,-0.118
5412,0.27228558,-0.0307,-0.117
5413,0.27399415,-0.0252,-0.132
5414,0.26302564,-0.0179,-0.0944
5415,0.28532496,0.026691321,-0.071
5416,0.2789302,-0.00209,-0.0759
5417,0.30528975,-0.042,-0.0693
5418,0.41062778,-0.0792,-0.133
5419,0.32002887,-0.0113,-0.16
5420,0.17944734,0.0006219121,-0.131
5421,0.38458803,-0.0274,-0.0559
5422,0.27642468,-0.0147,-0.101
5423,0.2365909,-0.0453,-0.116
5424,0.40336323,-0.0355,-0.0717
5425,0.29594207,-0.0252,-0.117
5426,0.39312217,-0.00742,-0.0123
5427,0.31608143,-0.0096,-0.162
5428,0.2997448,-0.0249,-0.127
5429,0.2620264,-0.0526,-0.0569
5430,0.27216297,-0.00776,-0.083
5431,0.19427104,-0.0148,-0.133
5432,0.14683846,-0.0262,-0.151
5433,0.29235378,-0.00597,-0.141
5434,0.3287612,-0.0192,-0.0955
5435,0.40884092,0.05547485,-0.0712
5436,0.32211274,-0.0203,-0.152
5437,0.34554434,-0.0176,-0.153
5438,0.17453972,-0.00293,-0.134
5439,0.13262041,-0.00595,-0.0852
5440,0.33529282,-0.0331,-0.13
5441,0.36759716,-0.0309,-0.0928
5442,0.32851642,0.002698258,-0.0498
5443,0.31529948,0.002541936,-0.0952
5444,0.25930825,-0.0769,-0.104
5445,0.11238966,-0.136,0.044129573
5446,0.2945406,-0.0609,-0.0934
5447,0.30580533,-0.035,-0.118
5448,0.2941246,0.004889906,-0.0847
5449,0.21327534,0.023727786,-0.141
5450,0.29130295,-0.0235,-0.241
5451,0.42419326,-0.0194,-0.139
5452,0.29439995,-0.0028,-0.0558
5453,0.14271721,-0.00797,-0.0917
5454,0.19112791,-0.0613,-0.0639
5455,0.31609252,-0.0582,-0.229
5456,0.29831803,-0.0667,-0.145
5457,0.30520853,0.008895699,-0.105
5458,0.16160986,0.001877265,-0.0885
5459,0.17917477,-0.0794,-0.0427
5460,0.32111624,-0.0624,-0.0649
5461,0.26383764,0.010002377,-0.109
5462,0.25038126,0.007462808,-0.186
5463,0.38956887,-0.0235,-0.178
5464,0.3238528,0.009225423,-0.102
5465,0.3500647,-0.0431,-0.263
5466,0.31145576,-0.012,-0.198
5467,0.24194686,-0.0104,-0.0981
5468,0.17214596,-0.017,-0.0519
5469,0.21084262,-0.0508,-0.0552
5470,0.30415308,-0.088,-0.119
5471,0.32833737,-0.00655,-0.0582
5472,0.2580261,0.030092956,-0.0873
5473,0.20244339,-0.028,-0.208
5474,0.31051847,-0.0298,-0.184
5475,0.27209327,-0.0248,-0.0886
5476,0.28476447,-0.0402,-0.121
5477,0.28510064,-0.03,-0.155
5478,0.2818439,-0.00906,-0.12
5479,0.28133377,-0.0172,-0.128
5480,0.28092203,-0.0196,-0.118
5481,0.28016886,-0.0109,-0.116
5482,0.2756078,-0.00675,-0.103
5483,0.27801052,-0.0228,-0.117
5484,0.28121704,-0.0373,-0.148
5485,0.27856117,-0.0274,-0.129
5486,0.27925947,-0.019,-0.11
5487,0.27789387,-0.015,-0.0999
5488,0.27698135,-0.0205,-0.104
5489,0.2766827,-0.0251,-0.124
5490,0.27653405,-0.0192,-0.113
5491,0.27777997,-0.0166,-0.104
5492,0.2767572,-0.00903,-0.091
5493,0.27370936,0.009102133,-0.0678
5494,0.27897343,-0.000918,-0.104
5495,0.28290966,-0.0289,-0.133
5496,0.27795294,-0.0303,-0.118
5497,0.2747129,-0.0269,-0.11
5498,0.27244082,-0.026,-0.103
5499,0.3358577,0.1011854,-0.00808
5500,0.28844145,-0.0339,-0.141
5501,0.27382958,-0.0235,-0.114
5502,0.27966478,-0.0162,-0.117
5503,0.27789083,-0.0211,-0.118
5504,0.2772813,-0.016,-0.114
5505,0.27915454,-0.0145,-0.11
5506,0.27872068,-0.0142,-0.107
5507,0.27771196,-0.0136,-0.11
5508,0.27713722,-0.0177,-0.11
5509,0.2790861,-0.0189,-0.116
5510,0.27851534,-0.0149,-0.113
5511,0.2762566,-0.0161,-0.104
5512,0.2774928,-0.0217,-0.109
5513,0.16240782,0.03614124,0.011943633
5514,-0.105,0.16459934,0.11829473
5515,-0.413,0.25335327,0.22287805
5516,-0.0296,0.092893444,-0.00601
5517,0.32556322,-0.0247,-0.146
5518,0.27313912,-0.0133,-0.112
5519,0.27392164,-0.0151,-0.109
5520,0.2845432,-0.0172,-0.112
5521,0.27874753,-0.0172,-0.108
5522,0.27522635,-0.0157,-0.107
5523,0.2799276,-0.0148,-0.112
5524,0.270431,-0.0171,-0.103
5525,0.27828884,-0.0178,-0.108
5526,0.28033677,-0.0175,-0.112
5527,0.27915505,-0.0171,-0.112
5528,0.27961728,-0.0168,-0.11
5529,0.27513033,-0.0162,-0.102
5530,0.28022173,-0.0175,-0.108
5531,0.2833279,-0.0183,-0.117
5532,0.28904918,-0.0166,-0.118
5533,0.2786005,-0.0163,-0.107
5534,0.2619033,-0.0236,-0.0741
5535,0.282304,-0.00186,-0.0767
5536,0.26969573,-0.0103,-0.091
5537,0.27040178,-0.0155,-0.0773
5538,0.26756775,-0.0157,-0.066
5539,0.27465978,-0.0232,-0.0969
5540,0.27601027,-0.0207,-0.104
5541,0.27394843,-0.0184,-0.106
5542,0.27783963,-0.0179,-0.112
5543,0.27773115,-0.0163,-0.105
5544,0.2771858,-0.0175,-0.106
5545,0.27889633,-0.0189,-0.108
5546,0.27771035,-0.0179,-0.111
5547,0.2797284,-0.0165,-0.12
5548,0.2888771,-0.0227,-0.145
5549,0.2871086,-0.0205,-0.149
5550,0.28044808,-0.0104,-0.119
5551,0.27774686,-0.0117,-0.102
5552,0.2754714,-0.0122,-0.101
5553,0.27561367,-0.0098,-0.104
5554,0.2771535,-0.0164,-0.111
5555,0.2767314,-0.0183,-0.106
5556,0.27652812,-0.0168,-0.106
5557,0.001188826,-0.0552,-0.0618
5558,0.32420236,-0.0175,-0.107
5559,0.2531798,-0.018,-0.103
5560,0.2649206,-0.0191,-0.109
5561,0.2868411,-0.0159,-0.11
5562,0.27861115,-0.0167,-0.108
5563,0.2750905,-0.0149,-0.111
5564,0.27784583,-0.0156,-0.11
5565,0.2698279,-0.0199,-0.104
5566,0.25794965,-0.0217,-0.103
5567,0.2862351,-0.0182,-0.107
5568,0.3156459,-0.0127,-0.111
5569,0.2804472,-0.0166,-0.111
5570,0.26846936,-0.0178,-0.108
5571,0.2778969,-0.0169,-0.105
5572,0.28062642,-0.0181,-0.108
5573,0.28302667,-0.0162,-0.11
5574,0.042405497,-0.0361,-0.0664
5575,0.35501352,-0.0331,-0.0931
5576,0.2573935,-0.0131,-0.107
5577,0.2728035,-0.0165,-0.108
5578,0.28579402,-0.0181,-0.107
5579,0.27210057,-0.0178,-0.109
5580,0.26941353,-0.0179,-0.108
5581,0.26753816,-0.0188,-0.103
5582,0.26870108,-0.0201,-0.103
5583,0.29761565,-0.0193,-0.106
5584,0.28982887,-0.016,-0.109
5585,0.27491352,-0.017,-0.109
5586,0.27263075,-0.0184,-0.107
5587,0.27922672,-0.0166,-0.109
5588,0.2831451,-0.0158,-0.111
5589,0.25774312,-0.0169,-0.107
5590,0.26383385,-0.0198,-0.103
5591,0.2854752,0.029078951,-0.104
5592,0.27537605,0.013442795,-0.0668
5593,0.29930636,-0.0141,-0.0704
5594,0.27315947,-0.0182,-0.129
5595,0.26933444,-0.0189,-0.143
5596,0.22559084,-0.0165,-0.126
5597,0.21540757,-0.0206,-0.084
5598,0.3197506,-0.0427,-0.0751
5599,0.33858147,-0.0446,-0.125
5600,0.21653359,-0.0209,-0.134
5601,0.20597918,-0.00348,-0.119
5602,0.2879796,0.018490927,-0.0836
5603,0.40524203,-0.0152,-0.123
5604,0.29904258,-0.0292,-0.149
5605,0.1686796,-0.00558,-0.101
5606,0.25692147,-0.0268,-0.122
5607,0.35498333,-0.0264,-0.116
5608,0.31757045,-0.0472,-0.147
5609,0.21597598,0.010723857,-0.117
5610,0.2676922,0.01332047,-0.0862
5611,0.388104,-0.0415,-0.138
5612,0.23648675,-0.0212,-0.155
5613,0.21308878,0.0032852178,-0.0432
5614,0.34501514,-0.0327,-0.0417
5615,0.19495805,-0.0245,-0.137
5616,0.2135279,0.02932129,-0.109
5617,0.41469288,-0.0202,-0.109
5618,0.3294611,-0.033,-0.143
5619,0.30217698,0.023015566,-0.0521
5620,0.24989913,-0.0352,-0.112
5621,0.3987336,-0.0607,-0.172
5622,0.4154011,-0.00927,-0.1
5623,0.26472422,0.018785411,-0.0941
5624,0.2564575,-0.0296,-0.134
5625,0.16982864,-0.00925,-0.115
5626,0.24910697,-0.023,-0.0999
5627,0.27761078,0.012051747,-0.0887
5628,0.11344723,-0.0328,-0.101
5629,0.2344213,-0.0134,-0.104
5630,0.26987496,-0.0327,-0.111
5631,0.32726312,-0.0379,-0.103
5632,0.2638309,-0.00793,-0.102
5633,0.33646584,-9.94e-05,-0.108
5634,0.4036706,0.00587766,-0.123
5635,0.34836528,0.061672978,-0.0533
5636,0.2217386,-0.0205,-0.0891
5637,0.24443196,-0.0399,-0.134
5638,0.29285648,-0.0172,-0.13
5639,0.2473319,-0.012,-0.107
5640,0.26562265,-0.0294,-0.118
5641,0.24180418,-0.0341,-0.0951
5642,0.1698748,-0.00764,-0.0547
5643,0.2460738,-0.0108,-0.116
5644,0.33008435,-0.0929,-0.226
5645,0.25915262,0.017585121,-0.0866
5646,0.16393082,-0.019,-0.0847
5647,0.18258296,-0.0237,-0.0738
5648,0.34931594,-0.0493,-0.094
5649,0.31506872,-0.069,-0.117
5650,0.27781442,-0.0251,-0.096
5651,0.2640154,0.03884157,-0.121
5652,0.21665108,0.00089767633,-0.146
5653,0.26643708,-0.037,-0.125
5654,0.1815036,-0.0941,-0.178
5655,0.254942,-0.0413,-0.129
5656,0.29395282,-0.00762,-0.0677
5657,0.27410182,-0.0268,-0.105
5658,0.2734773,-0.0414,-0.113
5659,0.3289763,-0.0231,-0.0795
5660,0.3391211,-0.0102,-0.0948
5661,0.2610487,-0.0274,-0.131
5662,0.1997558,-0.0545,-0.126
5663,0.2650999,-0.0905,-0.253
5664,0.2140654,-0.0366,-0.138
5665,0.25776744,-0.0163,-0.0722
5666,0.42708626,-0.0232,-0.0705
5667,0.33411065,-0.0419,-0.135
5668,0.25257164,-0.0206,-0.165
5669,0.27806556,0.0070392704,-0.124
5670,0.25377074,-0.0121,-0.0869
5671,0.2432451,-0.0177,-0.0983
5672,0.28765872,-0.0532,-0.136
5673,0.2753357,-0.0608,-0.166
5674,0.2793378,-0.0446,-0.171
5675,0.2795014,-0.0162,-0.106
5676,0.27764618,-0.0118,-0.1
5677,0.27682343,-0.021,-0.125
5678,0.27636975,-0.0337,-0.124
5679,0.2777969,-0.0188,-0.103
5680,0.2779903,-0.0138,-0.112
5681,0.27825153,-0.0276,-0.135
5682,0.27728543,-0.0247,-0.125
5683,0.27653378,-0.0104,-0.0992
5684,0.28002998,-0.00954,-0.105
5685,0.279677,-0.00776,-0.0967
5686,0.27408758,-0.00589,-0.0778
5687,0.27566713,-0.0244,-0.104
5688,0.27869615,-0.0296,-0.127
5689,0.27744406,-0.0181,-0.109
5690,0.2762482,-0.0111,-0.079
5691,0.42538905,0.064045854,-0.0111
5692,0.28732067,0.0067540826,-0.068
5693,0.26884022,-0.0316,-0.115
5694,0.28046557,-0.0168,-0.117
5695,0.28374863,0.006037287,-0.102
5696,0.27764317,-0.0103,-0.0993
5697,0.27695015,-0.0323,-0.117
5698,0.27672055,-0.0252,-0.123
5699,0.27654332,-0.0207,-0.12
5700,0.28060427,-0.0137,-0.112
5701,0.279708,-0.00973,-0.101
5702,0.27615538,-0.00774,-0.0989
5703,0.27926263,-0.00792,-0.101
5704,0.27990714,-0.015,-0.106
5705,0.27637538,-0.0215,-0.114
5706,0.2778356,-0.0186,-0.116
5707,0.27829784,-0.0201,-0.119
5708,0.09719029,0.23485427,0.11769073
5709,0.28293082,-0.0487,-0.164
5710,0.28802192,-0.014,-0.121
5711,0.28450292,-0.00973,-0.121
5712,0.2777201,-0.0163,-0.114
5713,0.27202314,-0.0161,-0.101
5714,0.28008097,-0.0161,-0.11
5715,0.2818316,-0.0169,-0.114
5716,0.27882844,-0.0172,-0.112
5717,0.27851605,-0.017,-0.112
5718,0.27879965,-0.017,-0.109
5719,0.2807579,-0.0172,-0.113
5720,0.27681968,-0.0171,-0.11
5721,0.27397153,-0.0169,-0.101
5722,0.27543932,-0.0173,-0.102
5723,0.27608806,-0.017,-0.108
5724,0.38362646,-0.121,-0.217
5725,0.26320657,0.0075271768,-0.107
5726,0.2817333,-0.0181,-0.102
5727,0.27811232,-0.0179,-0.107
5728,0.27427796,-0.013,-0.103
5729,0.27479956,-0.0159,-0.107
5730,0.2724805,-0.0153,-0.107
5731,0.2866646,-0.0188,-0.128
5732,0.2848491,-0.018,-0.121
5733,0.26471072,-0.00857,-0.0851
5734,0.2808059,-0.02,-0.115
5735,0.28515485,-0.0241,-0.124
5736,0.28690088,-0.0272,-0.135
5737,0.29641998,-0.0346,-0.148
5738,0.2751622,-0.0154,-0.0971
5739,0.2546622,-0.000732,-0.0525
5740,0.26853037,-0.0138,-0.0794
5741,0.28588536,-0.0267,-0.121
5742,0.10777805,-0.057,-0.058
5743,0.33979893,-0.0124,-0.108
5744,0.2598728,-0.016,-0.105
5745,0.27948052,-0.0196,-0.107
5746,0.27581778,-0.0185,-0.106
5747,0.26712343,-0.0157,-0.109
5748,0.28171968,-0.016,-0.11
5749,0.28641886,-0.0177,-0.11
5750,0.2834408,-0.0176,-0.106
5751,0.27735123,-0.0171,-0.107
5752,0.27905768,-0.0173,-0.109
5753,0.27452537,-0.0177,-0.108
5754,0.26657146,-0.0173,-0.109
5755,0.2854907,-0.0168,-0.11
5756,0.2898574,-0.0176,-0.107
5757,0.27472052,-0.0176,-0.109
5758,0.29189435,-0.0174,-0.104
5759,0.29231638,-0.0166,-0.106
5760,0.26982823,-0.016,-0.11
5761,0.32129413,-0.0518,-0.0597
5762,0.33149347,-0.0209,-0.11
5763,0.2536071,-0.015,-0.106
5764,0.2785877,-0.0175,-0.106
5765,0.28287455,-0.0174,-0.107
5766,0.29133627,-0.0175,-0.106
5767,0.27320522,-0.0156,-0.111
5768,0.2581936,-0.0175,-0.111
5769,0.27958706,-0.0187,-0.104
5770,0.28802958,-0.0174,-0.104
5771,0.28591654,-0.0183,-0.104
5772,0.2732147,-0.0176,-0.11
5773,0.27592155,-0.0172,-0.113
5774,0.28680027,-0.0172,-0.107
5775,0.27035064,-0.0163,-0.107
5776,0.28041986,-0.0173,-0.107
5777,0.27587733,-0.0164,-0.113
5778,0.26949978,-0.016,-0.11
5779,0.2877061,-0.0191,-0.102
5780,0.29196396,-0.0188,-0.104
5781,0.2723237,-0.0168,-0.11
5782,0.25907797,-0.0164,-0.115
5783,0.2826343,-0.0175,-0.109
5784,0.2924063,0.009810012,-0.101
5785,0.2537673,-0.0166,-0.0835
5786,0.24416071,-0.00706,-0.125
5787,0.26612464,-0.00628,-0.141
5788,0.27388635,0.0057753352,-0.0746
5789,0.30491847,0.011457414,-0.0756
5790,0.33466578,-0.0282,-0.136
5791,0.31120947,-0.0323,-0.134
5792,0.23707984,-0.0162,-0.108
5793,0.22043468,-0.0125,-0.0923
5794,0.24200493,-0.00903,-0.0875
5795,0.27812466,-0.0222,-0.0958
5796,0.34714806,-0.0295,-0.097
5797,0.33985037,-0.0428,-0.13
5798,0.25005144,-0.0265,-0.131
5799,0.23141462,-0.0177,-0.122
5800,0.23504302,0.018648133,-0.103
5801,0.33119482,-0.00667,-0.0807
5802,0.37068972,-0.0376,-0.121
5803,0.27859896,-0.0475,-0.121
5804,0.20235118,-0.0217,-0.112
5805,0.21663813,0.006924456,-0.116
5806,0.30929726,0.014488168,-0.102
5807,0.3526009,-0.0233,-0.116
5808,0.32754436,-0.0194,-0.116
5809,0.20351471,-0.00169,-0.0992
5810,0.20797202,-0.0161,-0.0851
5811,0.37300026,-0.0204,-0.0935
5812,0.3369741,-0.0378,-0.129
5813,0.22373009,-0.0483,-0.106
5814,0.24628836,-0.0239,-0.0982
5815,0.28036213,0.044646192,-0.0293
5816,0.23454933,-0.0118,-0.0986
5817,0.30614686,-0.0279,-0.115
5818,0.36946023,-0.0216,-0.121
5819,0.39833662,-0.00458,-0.136
5820,0.20041461,-0.00942,-0.152
5821,0.11459357,-0.0369,-0.117
5822,0.28921455,-0.0287,-0.117
5823,0.27428508,0.0021152166,-0.145
5824,0.29948393,0.019522777,-0.0392
5825,0.42925385,-0.0223,-0.095
5826,0.3666594,-0.0306,-0.18
5827,0.24019757,-0.0246,-0.152
5828,0.19506298,0.018972535,-0.0956
5829,0.13352938,-0.0103,-0.105
5830,0.41805178,-0.034,-0.0819
5831,0.4232693,-0.0227,-0.0883
5832,0.22635593,-0.0335,-0.185
5833,0.24579631,-0.0109,-0.114
5834,0.27641657,-0.0173,-0.0924
5835,0.32039484,-0.00488,-0.155
5836,0.28185284,-0.0298,-0.165
5837,0.31540465,-0.0622,-0.138
5838,0.24092822,-0.0299,-0.115
5839,0.2257789,-0.00575,-0.0671
5840,0.29145062,-0.0055,-0.0727
5841,0.22252458,-0.0884,-0.204
5842,0.309568,-0.0547,-0.113
5843,0.3377852,-0.0274,-0.0711
5844,0.24750568,-0.00283,-0.113
5845,0.20583007,0.015098379,-0.132
5846,0.2487058,0.0054485775,-0.144
5847,0.37520155,-0.0361,-0.167
5848,0.2713601,-0.0388,-0.141
5849,0.23645584,-0.0213,-0.115
5850,0.2897438,0.04513089,-0.0172
5851,0.19831991,-0.0307,-0.118
5852,0.30290607,-0.0179,-0.13
5853,0.17198007,-0.034,-0.108
5854,0.25411683,-0.0329,-0.114
5855,0.503112,-0.0292,-0.126
5856,0.31040493,-0.0034,-0.116
5857,0.14976175,0.013895937,-0.106
5858,0.20925541,-0.0471,-0.177
5859,0.258921,-0.026,-0.117
5860,0.24808854,-0.0362,-0.121
5861,0.2842509,-0.0291,-0.141
5862,0.29067972,-0.00846,-0.112
5863,0.27206635,-0.0275,-0.128
5864,0.3072709,-0.0469,-0.108
5865,0.33406696,-0.0379,-0.0541
5866,0.35639572,-0.00418,-0.109
5867,0.27879068,-0.0325,-0.146
5868,0.2757092,-0.018,-0.102
5869,0.27768305,-0.0212,-0.107
5870,0.27730095,-0.016,-0.0986
5871,0.27960098,-0.014,-0.0906
5872,0.27718243,-0.0179,-0.11
5873,0.27625284,-0.0174,-0.116
5874,0.27612224,-0.0186,-0.115
5875,0.27688012,-0.0189,-0.11
5876,0.27889395,-0.0149,-0.105
5877,0.2785285,-0.00748,-0.103
5878,0.28018,-0.0101,-0.11
5879,0.27549276,-0.0232,-0.104
5880,0.27538276,-0.0233,-0.101
5881,0.28216824,-0.0121,-0.119
5882,0.2759182,-0.0185,-0.1
5883,0.27504265,-0.0234,-0.098
5884,0.27902985,-0.0166,-0.109
5885,0.34969416,0.0043541603,0.03516594
5886,0.27062336,-0.00606,-0.102
5887,0.2776073,-0.0223,-0.116
5888,0.28061634,-0.0146,-0.104
5889,0.27865797,-0.0138,-0.109
5890,0.27576923,-0.0138,-0.1
5891,0.27779827,-0.0151,-0.106
5892,0.27872962,-0.0179,-0.112
5893,0.27791363,-0.021,-0.114
5894,0.27781516,-0.0169,-0.119
5895,0.27618724,-0.0113,-0.106
5896,0.27817756,-0.0155,-0.101
5897,0.27821857,-0.0224,-0.121
5898,0.2761532,-0.0186,-0.116
5899,0.27686936,-0.0166,-0.104
5900,0.2785596,-0.0184,-0.102
5901,0.27879515,-0.0159,-0.0997
5902,0.27802932,-0.0148,-0.104
5903,0.10481167,0.051003005,-0.00565
5904,0.3080432,-0.0273,-0.14
5905,0.26544204,-0.0111,-0.0948
5906,0.2709425,-0.0147,-0.105
5907,0.28393516,-0.021,-0.115
5908,0.2822582,-0.0188,-0.109
5909,0.279105,-0.0173,-0.106
5910,0.27354994,-0.0166,-0.106
5911,0.2771277,-0.0171,-0.111
5912,0.27832687,-0.0185,-0.11
5913,0.2701526,-0.0163,-0.101
5914,0.2725979,-0.0148,-0.105
5915,0.2805725,-0.0165,-0.112
5916,0.27826652,-0.0156,-0.108
5917,0.27076593,-0.0131,-0.105
5918,0.27458,-0.0176,-0.109
5919,0.2825367,-0.0183,-0.112
5920,0.27526942,-0.0184,-0.1
5921,0.30283678,-0.0231,-0.214
5922,0.2995264,-0.0229,-0.118
5923,0.2705635,-0.0123,-0.0985
5924,0.27574846,-0.016,-0.104
5925,0.27698043,-0.0164,-0.105
5926,0.27667904,-0.0169,-0.104
5927,0.27561197,-0.0165,-0.103
5928,0.27291945,-0.0137,-0.0985
5929,0.27613148,-0.0141,-0.109
5930,0.27713397,-0.0164,-0.107
5931,0.27795187,-0.018,-0.108
5932,0.27852672,-0.019,-0.114
5933,0.27741447,-0.0174,-0.103
5934,0.2795045,-0.0171,-0.105
5935,0.2747283,-0.0149,-0.105
5936,0.2765508,-0.0162,-0.11
5937,0.27760762,-0.0174,-0.111
5938,0.27744406,-0.018,-0.104
5939,0.27694833,-0.0175,-0.103
5940,0.20780154,-0.0323,-0.0709
5941,0.23035479,-0.0225,-0.101
5942,0.28195643,-0.017,-0.11
5943,0.27707067,-0.0185,-0.106
5944,0.2787493,-0.0175,-0.109
5945,0.27692533,-0.018,-0.112
5946,0.27662,-0.0171,-0.109
5947,0.2801978,-0.016,-0.107
5948,0.27436078,-0.0175,-0.107
5949,0.2732464,-0.0171,-0.108
5950,0.27636227,-0.0169,-0.109
5951,0.27528998,-0.0169,-0.11
5952,0.2768232,-0.0165,-0.11
5953,0.2817902,-0.0164,-0.11
5954,0.28027973,-0.0171,-0.107
5955,0.27674568,-0.017,-0.107
5956,0.27540246,-0.0171,-0.109
5957,0.24818267,-0.016,-0.127
5958,0.32243583,-0.0126,-0.112
5959,0.24848044,-0.0181,-0.102
5960,0.27835423,-0.0163,-0.111
5961,0.27721706,-0.0172,-0.109
5962,0.26835307,-0.0168,-0.11
5963,0.2738869,-0.0151,-0.109
5964,0.27751353,-0.0161,-0.108
5965,0.27331898,-0.0185,-0.106
5966,0.27534848,-0.019,-0.105
5967,0.27531603,-0.0186,-0.107
5968,0.27498126,-0.017,-0.108
5969,0.2751708,-0.0167,-0.109
5970,0.27501577,-0.0167,-0.106
5971,0.27907112,-0.0174,-0.109
5972,0.28031626,-0.018,-0.108
5973,0.2773147,-0.017,-0.108
5974,0.2729531,-0.017,-0.109
5975,0.27369985,-0.0125,-0.115
5976,0.26216155,-0.00194,-0.109
5977,0.28798398,-0.0118,-0.131
5978,0.25423798,-0.0214,-0.121
5979,0.27013406,-0.00919,-0.0892
5980,0.3564389,-0.0084,-0.132
5981,0.21506183,-0.0232,-0.136
5982,0.26735216,-0.00733,-0.0667
5983,0.36431548,-0.0243,-0.0832
5984,0.25068006,-0.04,-0.116
5985,0.22636148,-0.00469,-0.111
5986,0.3015704,-0.000837,-0.112
5987,0.2721078,-0.0124,-0.114
5988,0.26346967,-0.0141,-0.0948
5989,0.34742934,-0.0277,-0.108
5990,0.29204696,0.002688336,-0.147
5991,0.23098736,0.008871908,-0.147
5992,0.32990992,-0.033,-0.0806
5993,0.30100936,-0.0395,-0.124
5994,0.18402798,5.612935e-06,-0.105
5995,0.29131636,-0.00107,-0.0725
5996,0.3759777,-0.00142,-0.104
5997,0.21843518,-0.00654,-0.107
5998,0.24560818,-0.0242,-0.0771
5999,0.348423,-0.0358,-0.123
6000,0.24139678,-0.0391,-0.156
6001,0.21905112,0.012745114,-0.0902
6002,0.31454614,0.0030913283,-0.0796
6003,0.33767432,-0.0279,-0.12
6004,0.41366714,0.0032161516,-0.0957
6005,0.15172996,0.025405833,-0.0616
6006,0.35549727,-0.0387,-0.141
6007,0.31877288,-0.0248,-0.106
6008,0.15560716,-0.00196,-0.105
6009,0.34723762,-0.0395,-0.164
6010,0.34370306,-0.00461,-0.069
6011,0.4018584,0.028293813,-0.064
6012,0.24177764,0.008568147,-0.147
6013,0.29865265,-0.036,-0.189
6014,0.24398267,-0.00636,-0.0932
6015,0.27970007,-0.0044,-0.11
6016,0.25284445,-0.0408,-0.124
6017,0.3277496,0.012944619,-0.103
6018,0.32994938,-0.0305,-0.0861
6019,0.2467163,0.00938721,-0.127
6020,0.35955772,-0.0201,-0.152
6021,0.32934162,-0.0232,-0.128
6022,0.29116255,-0.0184,-0.112
6023,0.1235127,-0.0172,-0.116
6024,0.24804325,0.0013136639,-0.0845
6025,0.41037932,-0.0246,-0.113
6026,0.29414737,-0.0641,-0.233
6027,0.2519423,-0.0317,-0.0826
6028,0.23453128,-0.00156,-0.115
6029,0.20000373,0.0013893947,-0.0778
6030,0.21263152,-0.0122,-0.0347
6031,0.2831162,-0.0288,-0.116
6032,0.3276879,-0.0389,-0.11
6033,0.31602964,-0.039,-0.0478
6034,0.18773885,-0.0699,-0.179
6035,0.31913102,-0.00836,-0.114
6036,0.29160544,-0.023,-0.0994
6037,0.28805858,-0.00607,-0.123
6038,0.3425558,0.005184138,-0.117
6039,0.2684301,-0.0193,-0.103
6040,0.29747686,-0.0204,-0.131
6041,0.34321558,-0.0384,-0.118
6042,0.27028272,-0.0376,-0.128
6043,0.2463728,-0.0774,-0.169
6044,0.36966723,-0.0456,-0.161
6045,0.31422442,-0.0199,-0.136
6046,0.27040932,-0.0102,-0.101
6047,0.25436443,-0.00747,-0.0695
6048,0.21474652,-0.0141,-0.0779
6049,0.25560117,-0.0219,-0.1
6050,0.2664211,-0.00944,-0.0808
6051,0.28317118,-0.0203,-0.207
6052,0.28162876,-0.0211,-0.132
6053,0.27607667,-0.0271,-0.116
6054,0.27610493,-0.0202,-0.119
6055,0.27841812,-0.0163,-0.116
6056,0.28067848,-0.0126,-0.101
6057,0.27836108,-0.0157,-0.099
6058,0.27651665,-0.0168,-0.106
6059,0.27827448,-0.014,-0.106
6060,0.27644277,-0.0162,-0.107
6061,0.27711576,-0.0227,-0.122
6062,0.28005248,-0.0171,-0.116
6063,0.27737758,-0.0133,-0.104
6064,0.2773184,-0.0168,-0.109
6065,0.2785622,-0.015,-0.101
6066,0.27717516,-0.0168,-0.101
6067,0.27643007,-0.0159,-0.107
6068,0.27748007,-0.0171,-0.118
6069,0.2769478,-0.025,-0.127
6070,0.27546686,-0.0218,-0.12
6071,0.2772527,-0.0158,-0.109
6072,0.27764168,-0.0169,-0.0974
6073,0.27752978,-0.0207,-0.106
6074,0.2758627,-0.0207,-0.105
6075,0.27864817,-0.0135,-0.101
6076,0.37536868,0.049797744,0.038440157
6077,0.27879214,0.024725148,-0.15
6078,0.27358657,-0.0174,-0.133
6079,0.2744378,-0.0654,-0.125
6080,0.27358797,-0.0304,-0.149
6081,0.2769355,-0.0111,-0.107
6082,0.27972555,-0.0104,-0.0997
6083,0.28089425,-0.00908,-0.101
6084,0.28142127,-0.00732,-0.0897
6085,0.28059012,-0.0106,-0.094
6086,0.2790312,-0.0191,-0.109
6087,0.27622202,-0.0188,-0.105
6088,0.27631655,-0.0154,-0.105
6089,0.2765605,-0.0181,-0.109
6090,0.2777386,-0.0166,-0.105
6091,0.27699357,-0.0189,-0.109
6092,0.27116707,-0.0335,-0.129
6093,0.271376,-0.0343,-0.128
6094,0.2756994,-0.0221,-0.119
6095,0.1334979,0.040649176,0.03904994
6096,0.28731528,-0.0241,-0.121
6097,0.27919462,-0.0157,-0.102
6098,0.26831418,-0.0154,-0.0974
6099,0.27434337,-0.017,-0.108
6100,0.2771261,-0.017,-0.105
6101,0.27238163,-0.0147,-0.1
6102,0.28755286,-0.0183,-0.123
6103,0.2932833,-0.0209,-0.125
6104,0.2792147,-0.0175,-0.111
6105,0.27427992,-0.0161,-0.106
6106,0.27097768,-0.0163,-0.103
6107,0.2728607,-0.0157,-0.1
6108,0.28132653,-0.0179,-0.107
6109,0.2801329,-0.0189,-0.113
6110,0.27692482,-0.0164,-0.114
6111,0.2975087,-0.034,-0.135
6112,0.28889403,-0.0175,-0.113
6113,0.27083775,-0.013,-0.0976
6114,0.27743095,-0.0156,-0.107
6115,0.2780288,-0.0157,-0.109
6116,0.2767003,-0.0167,-0.109
6117,0.27222118,-0.0119,-0.0995
6118,0.27626812,-0.0132,-0.0927
6119,0.2823903,-0.021,-0.107
6120,0.27602983,-0.017,-0.105
6121,0.27855784,-0.0194,-0.112
6122,0.27849185,-0.0173,-0.102
6123,0.2769017,-0.0176,-0.102
6124,0.27676606,-0.0172,-0.11
6125,0.27859163,-0.0169,-0.11
6126,0.2781359,-0.0185,-0.106
6127,0.27431777,-0.0175,-0.0921
6128,0.47205976,-0.0387,-0.127
6129,0.26899862,-0.0158,-0.0925
6130,0.26752454,-0.0177,-0.108
6131,0.28685027,-0.0168,-0.11
6132,0.27439126,-0.0165,-0.106
6133,0.272977,-0.018,-0.108
6134,0.25980407,-0.0197,-0.109
6135,0.26929733,-0.0168,-0.109
6136,0.2793206,-0.0168,-0.107
6137,0.27806574,-0.0174,-0.106
6138,0.27434638,-0.0174,-0.11
6139,0.27393067,-0.0179,-0.109
6140,0.27237982,-0.0178,-0.107
6141,0.27724746,-0.016,-0.108
6142,0.27701288,-0.0173,-0.108
6143,0.27838904,-0.0172,-0.11
6144,0.27529225,-0.017,-0.11
6145,0.28056994,-0.0164,-0.112
6146,0.2818049,-0.0159,-0.11
6147,0.25316802,-0.0196,-0.103
6148,0.27243224,-0.0181,-0.107
6149,0.28528538,-0.0173,-0.11
6150,0.26421183,-0.0192,-0.106
6151,0.2283252,-0.03,-0.102
6152,0.16608325,-0.0241,-0.0889
6153,0.25380832,-0.0222,-0.106
6154,0.296254,-0.0133,-0.111
6155,0.27380443,-0.016,-0.111
6156,0.2616286,-0.0196,-0.109
6157,0.27395633,-0.0189,-0.105
6158,0.27896786,-0.0175,-0.108
6159,0.28116253,-0.0165,-0.11
6160,0.2724298,-0.0178,-0.106
6161,0.27009168,-0.0176,-0.109
6162,0.27718464,-0.0178,-0.108
6163,0.27722347,-0.0174,-0.108
6164,0.2739191,-0.0163,-0.112
6165,0.27647862,-0.0172,-0.109
6166,0.26529336,-0.05,-0.182
6167,0.2716514,-0.0157,-0.144
6168,0.21197592,0.008148237,-0.0941
6169,0.32963455,-0.0267,-0.0909
6170,0.3280786,-0.0462,-0.142
6171,0.1721003,-0.0111,-0.124
6172,0.27004614,0.009287767,-0.0802
6173,0.35396257,-0.0152,-0.134
6174,0.26085696,-0.0231,-0.112
6175,0.2703342,-0.00647,-0.0757
6176,0.31764248,-0.031,-0.125
6177,0.26068878,-0.0486,-0.139
6178,0.22588599,-0.00172,-0.103
6179,0.28888446,0.00035165364,-0.082
6180,0.25225726,-0.0507,-0.183
6181,0.24377865,-0.00649,-0.158
6182,0.17466861,-0.00834,-0.112
6183,0.30442196,-0.0343,-0.106
6184,0.35345915,-0.0409,-0.0909
6185,0.23227775,-0.00593,-0.0978
6186,0.2859467,0.010727029,-0.0986
6187,0.33013022,-0.00969,-0.13
6188,0.24822044,-0.0249,-0.129
6189,0.23401302,-0.0231,-0.0644
6190,0.32232007,-0.0144,-0.111
6191,0.27144027,-0.0305,-0.164
6192,0.20636436,-0.025,-0.11
6193,0.30293334,-0.0108,-0.0822
6194,0.32143807,-0.0281,-0.109
6195,0.31205088,-0.00119,-0.117
6196,0.40105543,-0.0125,-0.124
6197,0.39599392,-0.0358,-0.148
6198,0.19282696,-0.0586,-0.146
6199,0.2659617,-0.0184,-0.129
6200,0.1851146,-0.0162,-0.102
6201,0.27666953,-0.0177,-0.0764
6202,0.42295372,0.0034806067,-0.087
6203,0.3160269,-0.048,-0.113
6204,0.16168791,-0.0158,-0.0809
6205,0.26374522,-0.0478,-0.13
6206,0.35759068,-0.0415,-0.172
6207,0.33525625,0.01909797,-0.0558
6208,0.18928225,-0.0223,-0.0709
6209,0.3741248,-0.0211,-0.161
6210,0.2566006,0.013215915,-0.145
6211,0.35462853,0.017334938,-0.0618
6212,0.38032186,-0.00992,-0.173
6213,0.30230296,-0.00437,-0.171
6214,0.16007476,-0.0104,-0.109
6215,0.26881093,-0.0168,-0.009
6216,0.44742048,-0.00926,-0.0909
6217,0.13267581,-0.0491,-0.198
6218,0.27161607,-0.00426,-0.137
6219,0.24101818,-0.0238,-0.149
6220,0.25426576,-0.0174,-0.16
6221,0.3371485,0.010731961,-0.145
6222,0.2693261,-0.0227,-0.11
6223,0.23896617,-0.0182,-0.0899
6224,0.2700285,-0.0207,-0.104
6225,0.22623871,-0.0324,-0.112
6226,0.22350925,0.007550275,-0.228
6227,0.26568088,0.0038910783,-0.129
6228,0.2876263,-0.013,-0.122
6229,0.24211244,-0.013,-0.16
6230,0.22692043,-0.00873,-0.115
6231,0.32113358,-0.00958,-0.0973
6232,0.30554575,-0.0139,-0.109
6233,0.23291114,0.005839382,-0.085
6234,0.22608776,-0.0191,-0.122
6235,0.11169003,0.010050403,-0.224
6236,0.23989663,-0.0169,-0.106
6237,0.3712462,-0.0289,-0.0918
6238,0.30973777,-0.0205,-0.154
6239,0.24762069,-0.0444,-0.158
6240,0.2074207,-0.0157,-0.194
6241,0.27272382,-0.00677,-0.135
6242,0.30074385,-0.0253,-0.0408
6243,0.28538823,0.018487718,-0.0452
6244,0.26786456,-0.0339,-0.151
6245,0.28638327,-0.0354,-0.194
6246,0.27394146,-0.0111,-0.0801
6247,0.27059767,-0.0285,-0.0901
6248,0.2819053,-0.0209,-0.125
6249,0.28859302,0.0074879616,-0.0877
6250,0.2801414,-0.00539,-0.077
6251,0.27736565,-0.0155,-0.107
6252,0.28271893,-0.00918,-0.118
6253,0.27864784,-0.02,-0.119
6254,0.27392003,-0.0261,-0.12
6255,0.27193144,-0.0253,-0.108
6256,0.2758219,-0.0218,-0.108
6257,0.28231758,-0.0118,-0.104
6258,0.28204843,-0.00901,-0.108
6259,0.27962568,-0.0142,-0.112
6260,0.27528575,-0.0167,-0.0812
6261,0.27398655,-0.0219,-0.0978
6262,0.27628297,-0.0264,-0.131
6263,0.27526996,-0.0187,-0.107
6264,0.30137858,-0.0099,-0.158
6265,0.26256996,-0.0313,-0.142
6266,0.27708688,-0.0213,-0.104
6267,0.27589858,-0.0219,-0.103
6268,0.2709519,-0.0276,-0.096
6269,0.27748576,-0.0221,-0.0995
6270,0.2834504,-0.011,-0.097
6271,0.2786659,-0.0131,-0.128
6272,0.28038493,-0.00689,-0.136
6273,0.2641304,-0.0333,-0.0527
6274,0.2876253,0.0022798271,-0.1
6275,0.29836684,0.018888036,-0.136
6276,0.26668078,-0.0337,-0.0675
6277,0.280013,-0.0183,-0.0837
6278,0.28859377,-0.00552,-0.0906
6279,0.27219012,-0.0249,-0.117
6280,0.26515457,-0.0381,-0.134
6281,0.2847377,-0.0015,-0.0902
6282,0.31157053,0.08823315,-0.0484
6283,0.26586497,-0.0123,-0.0357
6284,0.24453075,-0.107,-0.0959
6285,0.2891197,-0.0201,-0.165
6286,0.17805985,0.059430595,0.050861564
6287,0.27038026,-0.00332,-0.112
6288,0.274171,-0.0244,-0.105
6289,0.26819262,-0.018,-0.0904
6290,0.28260893,-0.0213,-0.112
6291,0.31854364,-0.0335,-0.154
6292,0.30745447,-0.0266,-0.143
6293,0.27016124,-0.012,-0.0995
6294,0.28674796,-0.0168,-0.118
6295,0.28923094,-0.016,-0.122
6296,0.27521673,-0.0139,-0.11
6297,0.2900137,-0.0158,-0.131
6298,0.29324517,-0.0125,-0.135
6299,0.27675018,-0.0126,-0.11
6300,0.27257508,-0.0153,-0.101
6301,0.27375475,-0.0135,-0.103
6302,0.27186677,-0.0134,-0.0997
6303,0.26729688,-0.0102,-0.0975
6304,0.29265165,-0.0364,-0.122
6305,0.3161477,-0.0465,-0.15
6306,0.26946715,-0.053,-0.196
6307,0.28018147,0.0093835695,-0.136
6308,0.2699696,-0.0254,-0.151
6309,0.27247503,-0.0306,-0.133
6310,0.27273187,-0.0298,-0.0911
6311,0.28215492,-0.0119,-0.0907
6312,0.28324813,-0.00939,-0.0855
6313,0.2758767,-0.0191,-0.135
6314,0.27631342,-0.0154,-0.137
6315,0.27694893,-0.0176,-0.115
6316,0.27665478,-0.0196,-0.0976
6317,0.27175704,-0.0305,-0.107
6318,0.26768908,-0.036,-0.128
6319,0.27610978,-0.018,-0.105
6320,0.28202614,-0.0125,-0.0903
6321,0.278658,-0.0189,-0.0998
6322,0.27602828,-0.0197,-0.109
6323,0.2753289,-0.0179,-0.12
6324,0.27881825,-0.0127,-0.124
6325,0.27890846,-0.011,-0.116
6326,0.27551863,-0.019,-0.102
6327,0.2764196,-0.0221,-0.0808
6328,0.28276056,-0.00211,-0.11
6329,0.30314603,-0.0379,-0.0771
6330,0.26221892,-0.0327,-0.113
6331,0.30197138,-0.00979,-0.113
6332,0.32080203,-0.00599,-0.116
6333,0.28150132,-0.0197,-0.109
6334,0.27032667,-0.0203,-0.108
6335,0.2786788,-0.0158,-0.108
6336,0.28254604,-0.0154,-0.106
6337,0.27614585,-0.0204,-0.107
6338,0.27109906,-0.0265,-0.102
6339,0.28410408,-0.0197,-0.106
6340,0.27228418,-0.00963,-0.114
6341,0.26874048,-0.0113,-0.113
6342,0.28052592,-0.0307,-0.097
6343,0.2854726,-0.0303,-0.0952
6344,0.3094268,0.0029878996,-0.128
6345,0.29453164,-0.00264,-0.125
6346,0.25638586,-0.03,-0.0982
6347,0.29708913,-0.035,-0.114
6348,0.2301819,-0.039,-0.066
6349,0.33315536,-0.00557,-0.127
6350,0.25166234,-0.0191,-0.104
6351,0.2553092,-0.0216,-0.104
6352,0.27986705,-0.0235,-0.104
6353,0.24766588,-0.0209,-0.0968
6354,0.2329866,-0.0129,-0.107
6355,0.22844689,-0.019,-0.102
6356,0.2576189,-0.022,-0.102
6357,0.28536677,-0.0169,-0.111
6358,0.29089925,-0.0161,-0.107
6359,0.287073,-0.015,-0.112
6360,0.27382833,-0.0172,-0.111
6361,0.286148,-0.0167,-0.107
6362,0.2908627,-0.0165,-0.109
6363,0.27177647,-0.0205,-0.105
6364,0.268935,-0.0199,-0.103
6365,0.26313666,-0.0204,-0.104
6366,0.27777043,-0.017,-0.111
6367,0.29270145,-0.0174,-0.11
6368,0.29749036,-0.0169,-0.11
6369,0.26460093,-0.0185,-0.105
6370,0.29598302,-0.0153,-0.112
6371,0.28656313,-0.00771,-0.103
6372,0.21747187,0.011114605,-0.115
6373,0.23249008,-0.0181,-0.0803
6374,0.3499984,-0.0205,-0.0681
6375,0.37273705,-0.0389,-0.102
6376,0.2599456,-0.0347,-0.133
6377,0.22870678,-0.0188,-0.0796
6378,0.24091421,-0.0258,-0.102
6379,0.26850012,-0.00334,-0.153
6380,0.3100325,-0.00315,-0.00299
6381,0.25851995,0.015859976,-0.104
6382,0.32088986,0.016082658,-0.142
6383,0.34074008,-0.0103,-0.127
6384,0.27868676,-0.0187,-0.12
6385,0.27130002,0.009662079,-0.114
6386,0.31950036,-0.00209,-0.0921
6387,0.3548124,-0.0158,-0.13
6388,0.2503266,-0.0244,-0.147
6389,0.18722202,-0.0178,-0.102
6390,0.29956555,-0.0232,-0.0565
6391,0.33158982,-0.0356,-0.067
6392,0.22204864,-0.0427,-0.123
6393,0.21380137,0.0046664905,-0.133
6394,0.33960167,0.023380818,-0.0928
6395,0.39500183,-0.0125,-0.147
6396,0.22991815,-0.0398,-0.159
6397,0.16444582,-0.024,-0.0422
6398,0.29857948,-0.0117,-0.0614
6399,0.28939983,0.0057057617,-0.0346
6400,0.22647463,0.015893346,-0.127
6401,0.23713724,-0.0155,-0.133
6402,0.23507093,-0.0395,-0.115
6403,0.38290256,-0.0088,-0.127
6404,0.36282074,-0.00888,-0.176
6405,0.21246935,-0.055,-0.078
6406,0.19020338,-0.0594,-0.00311
6407,0.14131156,-0.123,-0.178
6408,0.300666,-0.0053,-0.0753
6409,0.26002446,0.0016781507,-0.0319
6410,0.24633625,-0.0118,-0.1
6411,0.20891063,-0.0278,-0.0886
6412,0.17920382,-0.029,-0.048
6413,0.28589797,-0.0105,-0.121
6414,0.29630053,-0.0423,-0.116
6415,0.3036938,-0.0445,-0.12
6416,0.34373838,-0.0236,-0.0494
6417,0.4140352,-0.0444,-0.119
6418,0.3969419,-0.0171,-0.157
6419,0.2393236,-0.0116,-0.128
6420,0.21324095,-0.0196,-0.132
6421,0.13120472,0.0021384824,-0.159
6422,0.36642814,-0.0155,-0.123
6423,0.48776424,-0.0237,-0.0494
6424,0.3788557,-0.0122,-0.121
6425,0.4295553,-0.0308,-0.0507
6426,0.34221062,-0.0147,-0.119
6427,0.15681168,-0.0196,-0.143
6428,0.1125393,-0.00116,-0.126
6429,0.27553898,-0.0278,-0.0966
6430,0.46497568,-0.0397,-0.0387
6431,0.30884174,-0.0259,-0.111
6432,0.11688337,-0.115,-0.281
6433,0.20582218,-0.0545,-0.134
6434,0.35070765,-0.0304,-0.0799
6435,0.33908036,-0.0161,-0.106
6436,0.27067843,-0.021,-0.115
6437,0.31475168,-0.00862,-0.0779
6438,0.3147072,0.007869209,-0.106
6439,0.24664526,-0.00455,-0.107
6440,0.26102045,-0.0212,-0.105
6441,0.25076333,0.0028663683,-0.123
6442,0.22498578,-0.0828,-0.207
6443,0.35821792,-0.0296,-0.174
6444,0.31268594,-0.00718,-0.0616
6445,0.28855652,0.0013788824,-0.119
6446,0.24049278,-0.0155,-0.167
6447,0.22159328,-0.0676,-0.0436
6448,0.27989033,-0.0181,-0.0506
6449,0.30952743,0.020113405,-0.128
6450,0.20967945,-0.0299,-0.126
6451,0.27157825,-0.0627,-0.0323
6452,0.28801835,-0.0131,-0.0868
6453,0.268135,-0.0305,-0.0909
6454,0.28211057,-0.00613,-0.133
6455,0.28430828,-0.00596,-0.1
6456,0.27633074,-0.000286,-0.155
6457,0.2765375,-0.00441,-0.149
6458,0.28163713,-0.0237,-0.059
6459,0.2801513,-0.0257,-0.0939
6460,0.27660438,-0.0246,-0.12
6461,0.2791469,-0.0172,-0.108
6462,0.27595064,-0.0131,-0.121
6463,0.2733508,-0.0199,-0.1
6464,0.26904362,-0.0267,-0.123
6465,0.27511114,-0.0198,-0.127
6466,0.2857946,-0.0092,-0.0897
6467,0.25541008,-0.0483,-0.131
6468,0.2760945,-0.0214,-0.11
6469,0.2827461,-0.0173,-0.0866
6470,0.27674374,-0.0159,-0.108
6471,0.27904063,-0.0135,-0.114
6472,0.27364996,-0.0232,-0.111
6473,0.27330703,-0.02,-0.11
6474,0.2803607,-0.0145,-0.105
6475,0.2815469,-0.0151,-0.104
6476,0.27443478,-0.0194,-0.106
6477,0.27287248,-0.0204,-0.112
6478,0.28134245,-0.0163,-0.102
6479,0.2808826,-0.0182,-0.096
6480,0.27588946,-0.0166,-0.11
6481,0.27776524,-0.0107,-0.13
6482,0.2792214,-0.0136,-0.119
6483,0.27821234,-0.0159,-0.0986
6484,0.27964255,-0.0117,-0.118
6485,0.27844805,-0.0147,-0.11
6486,0.2779013,-0.0184,-0.1
6487,0.2743559,-0.0485,-0.0891
6488,0.2753646,-0.00605,-0.0908
6489,0.26954004,-0.0127,-0.104
6490,0.260936,-0.0139,-0.0818
6491,0.2696351,-0.0104,-0.0922
6492,0.28135663,-0.0225,-0.113
6493,0.2786215,-0.0363,-0.107
6494,0.2853112,-0.0239,-0.118
6495,0.2854841,-0.0115,-0.123
6496,0.27041557,-0.0223,-0.0986
6497,0.26987788,-0.028,-0.0964
6498,0.28370243,-0.0231,-0.119
6499,0.29076624,-0.0171,-0.128
6500,0.28094798,-0.0188,-0.117
6501,0.23679689,-0.0663,-0.243
6502,0.26725355,-0.0175,-0.134
6503,0.29231417,0.00068160985,-0.104
6504,0.27708668,-0.0171,-0.107
6505,0.27890852,-0.0161,-0.109
6506,0.28198197,-0.0165,-0.102
6507,0.27776575,-0.0172,-0.103
6508,0.27698174,-0.0179,-0.107
6509,0.28118452,-0.0152,-0.0998
6510,0.27534387,-0.0252,-0.0928
6511,0.27494356,-0.0264,-0.0963
6512,0.28007552,-0.00993,-0.11
6513,0.27860448,-0.013,-0.107
6514,0.27955034,-0.0192,-0.104
6515,0.27616826,-0.0177,-0.111
6516,0.40707543,0.07275314,-0.122
6517,0.28038764,0.006839475,-0.124
6518,0.26227623,-0.0373,-0.101
6519,0.28099963,-0.0345,-0.103
6520,0.29056215,-0.0118,-0.112
6521,0.28175935,-0.017,-0.106
6522,0.2618631,-0.0248,-0.104
6523,0.27837837,-0.0211,-0.108
6524,0.28629708,-0.0147,-0.11
6525,0.27890217,-0.0131,-0.111
6526,0.27492347,-0.0128,-0.11
6527,0.27726534,-0.0149,-0.108
6528,0.27940705,-0.0121,-0.11
6529,0.28155288,-0.0129,-0.109
6530,0.28649446,-0.0121,-0.111
6531,0.27814928,-0.014,-0.11
6532,0.28045845,-0.0158,-0.107
6533,0.2801419,-0.0158,-0.109
6534,0.2780988,-0.0237,-0.105
6535,0.14310537,0.020476682,-0.182
6536,0.1624076,-0.0591,-0.0695
6537,0.21535467,-0.0192,-0.0997
6538,0.26677823,-0.0163,-0.109
6539,0.25542045,-0.0207,-0.102
6540,0.26403907,-0.018,-0.107
6541,0.268731,-0.0171,-0.106
6542,0.25967646,-0.0198,-0.103
6543,0.26675734,-0.0192,-0.106
6544,0.26948562,-0.0178,-0.106
6545,0.27505,-0.0167,-0.109
6546,0.27128088,-0.0181,-0.107
6547,0.2730231,-0.0179,-0.108
6548,0.28004265,-0.0172,-0.111
6549,0.28103894,-0.016,-0.109
6550,0.26861197,-0.0181,-0.106
6551,0.2867769,-0.015,-0.113
6552,0.29579437,-0.0144,-0.114
6553,0.38424793,0.007216787,-0.138
6554,0.19408809,-0.0311,-0.0721
6555,0.2436705,-0.0203,-0.0243
6556,0.3729132,-0.0324,-0.0812
6557,0.22441053,-0.0293,-0.122
6558,0.19963302,-0.0102,-0.131
6559,0.3630673,-0.0103,-0.144
6560,0.30795482,-0.00617,-0.13
6561,0.16830274,-0.0186,-0.0547
6562,0.34307286,-0.0272,-0.0515
6563,0.3099743,-0.0436,-0.123
6564,0.16956215,-0.00886,-0.123
6565,0.33617592,0.022230031,-0.115
6566,0.3793747,-0.0246,-0.139
6567,0.29470372,-0.0413,-0.115
6568,0.34378007,-0.0453,-0.117
6569,0.20885378,-0.0155,-0.0818
6570,0.26506662,0.011494817,-0.104
6571,0.37054145,-0.0218,-0.148
6572,0.24129243,-0.0162,-0.124
6573,0.18308063,-0.0198,-0.0831
6574,0.35541022,-0.0361,-0.0936
6575,0.31186622,-0.0339,-0.0936
6576,0.18837158,-0.017,-0.097
6577,0.25181317,0.008052528,-0.106
6578,0.3465739,0.0031942609,-0.124
6579,0.36886007,-0.0127,-0.1
6580,0.3469221,-0.0531,-0.138
6581,0.39865667,-0.0325,-0.123
6582,0.19824634,0.0059628882,-0.108
6583,0.19948103,-0.0387,-0.183
6584,0.3788826,-0.0265,-0.128
6585,0.31662387,-0.00586,-0.0621
6586,0.11805601,0.019811857,-0.104
6587,0.37582326,-0.0364,-0.106
6588,0.422847,-0.0345,-0.14
6589,0.3052889,0.0026445107,-0.136
6590,0.14445463,0.02701566,-0.171
6591,0.3247588,-0.0555,-0.144
6592,0.362398,-0.0577,-0.11
6593,0.21729456,-0.0284,-0.0358
6594,0.27250975,-0.0614,-0.0141
6595,0.2997837,0.010717424,-0.0577
6596,0.3710113,-0.021,-0.149
6597,0.23833689,-0.0399,-0.158
6598,0.26000494,-0.0337,-0.0974
6599,0.3776993,-0.022,-0.0904
6600,0.2393965,-0.0462,-0.0401
6601,0.14057459,0.005328831,-0.181
6602,0.1356538,-0.056,-0.28
6603,0.2840015,-0.065,-0.111
6604,0.29353237,-0.0651,-0.113
6605,0.17816497,-0.0046,-0.11
6606,0.18146463,0.00033401765,-0.0867
6607,0.42579108,0.01770744,-0.137
6608,0.43174312,-0.0198,-0.143
6609,0.25328735,-0.0194,-0.163
6610,0.12623258,-0.0164,-0.262
6611,0.27760285,-0.0353,-0.106
6612,0.36143106,-0.0766,-0.0828
6613,0.23986357,-0.05,-0.111
6614,0.20767464,-0.038,-0.137
6615,0.32453385,0.011400231,-0.0697
6616,0.33372438,0.03323275,0.0014426897
6617,0.2294276,-0.0103,-0.0914
6618,0.23838077,-0.0332,-0.339
6619,0.2444938,-0.0698,-0.138
6620,0.14505187,-0.0439,-0.105
6621,0.23329508,-0.00925,-0.112
6622,0.36441144,-0.0312,-0.0697
6623,0.3320316,-0.0347,-0.124
6624,0.18146971,-0.0268,-0.116
6625,0.2759887,-0.0312,-0.0822
6626,0.27933577,-0.0187,-0.0997
6627,0.277146,-0.0112,-0.107
6628,0.27619016,-0.0141,-0.102
6629,0.27732006,-0.0143,-0.104
6630,0.2767168,-0.0163,-0.109
6631,0.27660778,-0.0167,-0.111
6632,0.2756907,-0.0124,-0.106
6633,0.2778551,-0.0123,-0.102
6634,0.27790186,-0.0167,-0.106
6635,0.27882794,-0.0212,-0.113
6636,0.27814007,-0.0163,-0.109
6637,0.27425683,-0.00773,-0.101
6638,0.27856305,-0.0171,-0.11
6639,0.28315082,-0.0303,-0.13
6640,0.27627754,-0.0218,-0.112
6641,0.2743549,-0.00767,-0.0912
6642,0.28267246,-0.0584,-0.167
6643,0.2720961,-0.0112,-0.104
6644,0.27797458,-0.0141,-0.101
6645,0.27981043,-0.0205,-0.109
6646,0.27850294,-0.0219,-0.113
6647,0.2779092,-0.0194,-0.108
6648,0.27772635,-0.0176,-0.105
6649,0.27501303,-0.0165,-0.101
6650,0.27720127,-0.0176,-0.106
6651,0.27830106,-0.0131,-0.103
6652,0.27619222,-0.0145,-0.104
6653,0.2765973,-0.0187,-0.113
6654,0.27996564,-0.0196,-0.114
6655,0.27617314,-0.0129,-0.101
6656,0.2511172,0.022821842,-0.114
6657,0.30387798,-0.0571,-0.142
6658,0.27760193,-0.0101,-0.102
6659,0.2776002,-0.017,-0.106
6660,0.2794099,-0.0232,-0.11
6661,0.27553877,-0.0186,-0.107
6662,0.2788201,-0.0174,-0.105
6663,0.27932242,-0.0181,-0.106
6664,0.27833498,-0.0183,-0.11
6665,0.27654526,-0.0176,-0.109
6666,0.27926746,-0.0204,-0.111
6667,0.27240145,-0.0161,-0.105
6668,0.272787,-0.0136,-0.103
6669,0.28448862,-0.0187,-0.109
6670,0.2810348,-0.0197,-0.109
6671,0.33431178,0.033721887,-0.224
6672,0.24864163,-0.0189,-0.0791
6673,0.280375,-0.0177,-0.106
6674,0.2781996,-0.0154,-0.103
6675,0.27566257,-0.0166,-0.108
6676,0.2751846,-0.0147,-0.115
6677,0.2809752,-0.0154,-0.119
6678,0.27963933,-0.0169,-0.105
6679,0.27632257,-0.0178,-0.101
6680,0.27944383,-0.0193,-0.111
6681,0.27725795,-0.0171,-0.109
6682,0.27613252,-0.0154,-0.108
6683,0.27421036,-0.0167,-0.107
6684,0.46193802,-0.0198,-0.13
6685,0.29851657,-0.0118,-0.107
6686,0.25545245,-0.0151,-0.111
6687,0.27707556,-0.0176,-0.111
6688,0.27787676,-0.0165,-0.11
6689,0.27745584,-0.0177,-0.109
6690,0.28003055,-0.0174,-0.105
6691,0.27644077,-0.0165,-0.108
6692,0.27482274,-0.0173,-0.111
6693,0.27945113,-0.0165,-0.109
6694,0.27781525,-0.017,-0.108
6695,0.27911022,-0.018,-0.108
6696,0.28075892,-0.018,-0.106
6697,0.27820536,-0.0176,-0.108
6698,0.2794617,-0.0168,-0.111
6699,0.27763012,-0.0165,-0.109
6700,0.27833846,-0.0164,-0.107
6701,0.28138176,-0.0171,-0.107
6702,0.4198606,-0.0252,-0.113
6703,0.24942583,-0.0113,-0.102
6704,0.28024787,-0.0166,-0.114
6705,0.2796662,-0.0175,-0.11
6706,0.27525115,-0.0169,-0.106
6707,0.28187153,-0.0172,-0.108
6708,0.27550316,-0.0165,-0.11
6709,0.2715415,-0.0154,-0.111
6710,0.2752381,-0.0165,-0.111
6711,0.27950644,-0.0173,-0.105
6712,0.28118524,-0.0165,-0.107
6713,0.27601674,-0.0175,-0.113
6714,0.27570114,-0.0184,-0.105
6715,0.27740026,-0.0167,-0.103
6716,0.2791274,-0.0169,-0.11
6717,0.27694175,-0.0174,-0.113
6718,0.28188515,-0.0177,-0.105
6719,0.28344142,-0.0172,-0.106
6720,0.27459183,-0.0178,-0.111
6721,0.2769211,-0.0184,-0.107
6722,0.2800788,-0.0168,-0.107
6723,0.27411234,-0.0156,-0.111
6724,0.2724738,-0.0621,-0.0459
6725,0.26686963,-0.0455,-0.13
6726,0.16263217,0.0057186666,-0.0923
6727,0.28272295,0.015371606,-0.0482
6728,0.33223838,-0.0411,-0.0982
6729,0.22573134,-0.0452,-0.103
6730,0.23848306,0.0038096576,-0.11
6731,0.2943228,0.009029914,-0.126
6732,0.33968085,-0.0262,-0.139
6733,0.36472964,-0.0365,-0.143
6734,0.2191028,-0.017,-0.111
6735,0.13502173,-0.00536,-0.0728
6736,0.3302981,0.00530744,-0.0514
6737,0.29284105,-0.00398,-0.212
6738,0.32735234,0.0015843665,-0.152
6739,0.33919832,-0.0344,-0.134
6740,0.19561549,-0.035,-0.115
6741,0.26984927,0.011404335,-0.0587
6742,0.3520098,-0.0153,-0.0697
6743,0.22580162,-0.0506,-0.126
6744,0.22212838,-0.0044,-0.115
6745,0.3055499,0.008650865,-0.106
6746,0.3781284,-0.0216,-0.135
6747,0.26979357,-0.0272,-0.123
6748,0.13775963,-0.0107,-0.0812
6749,0.28303528,-0.00352,-0.0615
6750,0.41449147,-0.027,-0.0695
6751,0.47231868,-0.0189,-0.114
6752,0.20886137,-0.0555,-0.153
6753,0.138144,-0.0577,-0.033
6754,0.2563817,0.0004279319,-0.114
6755,0.30705166,-0.017,-0.138
6756,0.23499005,-0.00246,0.0063593243
6757,0.29669487,0.0028767756,-0.0767
6758,0.36051163,0.014684185,-0.0802
6759,0.48740166,-0.0302,-0.0723
6760,0.31563857,-0.0481,-0.115
6761,0.0888572,-0.033,-0.133
6762,0.15334488,0.031258598,-0.203
6763,0.4398099,-0.0147,-0.119
6764,0.42959973,-0.0401,0.036432914
6765,0.21164142,-0.0128,-0.136
6766,0.1875772,0.026492286,0.026173249
6767,0.20914873,0.007982961,-0.0598
6768,0.42740032,-0.0346,-0.236
6769,0.25664043,-0.022,-0.148
6770,0.20707409,-0.00548,-0.0719
6771,0.31563058,-0.0211,-0.138
6772,0.41660374,0.005579283,-0.0125
6773,0.3401399,-0.0328,-0.0435
6774,0.20360158,-0.0726,-0.294
6775,0.22616562,-0.0436,-0.188
6776,0.30079317,-0.0474,-0.112
6777,0.31498122,-0.0251,-0.109
6778,0.26259226,-0.00815,-0.124
6779,0.32624295,0.011489859,-0.107
6780,0.29088053,-0.0206,-0.0658
6781,0.17124891,-0.073,-0.126
6782,0.22690047,-0.0206,-0.109
6783,0.11174503,-0.0477,-0.0703
6784,0.27381083,-0.0644,-0.167
6785,0.34513956,-0.049,-0.0703
6786,0.22244135,-0.0202,-0.0739
6787,0.19808155,-0.00912,-0.123
6788,0.27453813,0.057508603,-0.0958
6789,0.37927818,0.023427188,-0.181
6790,0.39495018,-0.066,-0.212
6791,0.25608775,-0.115,-0.166
6792,0.41221416,-0.0498,-0.171
6793,0.28584087,-0.029,-0.0822
6794,0.24381825,-0.0545,-0.161
6795,0.26836646,-0.00127,-0.103
6796,0.29633585,-0.0252,-0.112
6797,0.28866836,-0.0306,-0.114
6798,0.23874885,0.003979607,-0.207
6799,0.280189,-0.0185,-0.13
6800,0.27731106,-0.0227,-0.113
6801,0.2790861,-0.0168,-0.107
6802,0.27796346,-0.0177,-0.106
6803,0.27747294,-0.0125,-0.109
6804,0.2769146,-0.0133,-0.11
6805,0.27824938,-0.0175,-0.11
6806,0.27776965,-0.0203,-0.111
6807,0.27740443,-0.0255,-0.111
6808,0.2774604,-0.0207,-0.11
6809,0.27489877,-0.012,-0.104
6810,0.2776083,-0.0132,-0.107
6811,0.28067198,-0.0174,-0.11
6812,0.27815467,-0.0153,-0.106
6813,0.27701494,-0.0144,-0.104
6814,0.3087149,0.0015352521,-0.113
6815,0.26993152,-0.0296,-0.137
6816,0.27864298,-0.0152,-0.113
6817,0.27884582,-0.0139,-0.108
6818,0.276945,-0.018,-0.111
6819,0.27538207,-0.0192,-0.109
6820,0.275891,-0.0108,-0.0972
6821,0.28118682,-0.00539,-0.0894
6822,0.2807726,-0.0231,-0.113
6823,0.27535865,-0.0217,-0.119
6824,0.27645147,-0.0138,-0.106
6825,0.27642384,-0.02,-0.108
6826,0.2779292,-0.0196,-0.111
6827,0.27871424,-0.0177,-0.109
6828,0.27803347,-0.0162,-0.104
6829,0.2773892,-0.0193,-0.112
6830,0.2756909,-0.0201,-0.113
6831,0.27780795,-0.00973,-0.0994
6832,0.27898812,-0.0103,-0.101
6833,0.2838154,-0.0407,-0.138
6834,0.28086838,-0.0368,-0.112
6835,0.27707225,-0.0124,-0.0992
6836,0.27837464,-0.0183,-0.108
6837,0.27548212,-0.0161,-0.108
6838,0.27416012,-0.016,-0.101
6839,0.27877992,-0.0189,-0.103
6840,0.2766312,-0.0145,-0.108
6841,0.27133322,-0.009,-0.103
6842,0.27771032,-0.0128,-0.106
6843,0.27851647,-0.0191,-0.111
6844,0.27525598,-0.0194,-0.107
6845,0.27845114,-0.0175,-0.109
6846,0.27594647,-0.0153,-0.11
6847,0.2766146,-0.0171,-0.108
6848,0.28028068,-0.0174,-0.107
6849,0.2209483,-0.0125,-0.122
6850,0.26674396,-0.0154,-0.0832
6851,0.2864967,-0.0173,-0.117
6852,0.27789992,-0.0176,-0.111
6853,0.2796929,-0.0171,-0.106
6854,0.28155705,-0.0186,-0.117
6855,0.27720302,-0.018,-0.116
6856,0.27656004,-0.0168,-0.106
6857,0.28036547,-0.0169,-0.104
6858,0.27594522,-0.0138,-0.106
6859,0.27711886,-0.0157,-0.111
6860,0.27739188,-0.0177,-0.112
6861,0.27562952,-0.0157,-0.109
6862,0.27911893,-0.0182,-0.109
6863,0.27807388,-0.0183,-0.108
6864,0.27625504,-0.0152,-0.107
6865,0.457573,-0.0368,-0.126
6866,0.24542725,-0.018,-0.0807
6867,0.27896443,-0.0162,-0.113
6868,0.2895866,-0.0192,-0.112
6869,0.27825743,-0.0167,-0.106
6870,0.27576476,-0.0165,-0.105
6871,0.27690005,-0.0171,-0.108
6872,0.2766295,-0.0172,-0.109
6873,0.28027323,-0.0182,-0.108
6874,0.27686918,-0.0165,-0.111
6875,0.27636176,-0.0176,-0.11
6876,0.279429,-0.0176,-0.107
6877,0.27891,-0.0165,-0.108
6878,0.27741748,-0.0169,-0.109
6879,0.27832976,-0.0175,-0.106
6880,0.48435426,-0.00659,-0.168
6881,0.25569996,-0.016,-0.101
6882,0.26989043,-0.018,-0.105
6883,0.2874872,-0.017,-0.112
6884,0.28030977,-0.0176,-0.105
6885,0.2783643,-0.0158,-0.107
6886,0.2762751,-0.0159,-0.109
6887,0.27969742,-0.0178,-0.112
6888,0.27577177,-0.0172,-0.111
6889,0.27942044,-0.0171,-0.106
6890,0.27813822,-0.0173,-0.108
6891,0.2766605,-0.0177,-0.11
6892,0.2791329,-0.0172,-0.108
6893,0.27819517,-0.0167,-0.107
6894,0.33122134,-0.0185,-0.17
6895,0.37557006,-0.0247,-0.157
6896,0.2332297,-0.0345,-0.105
6897,0.23624939,-0.0144,-0.124
6898,0.26454285,0.0024843889,-0.112
6899,0.3379573,-0.0207,-0.129
6900,0.37382546,-0.035,-0.14
6901,0.22624129,-0.0156,-0.125
6902,0.15693682,-0.00212,-0.0859
6903,0.32117355,-0.00679,-0.0466
6904,0.3569439,-0.033,-0.103
6905,0.23625217,-0.0235,-0.109
6906,0.21686904,0.002963548,-0.0893
6907,0.25368154,-0.0161,-0.142
6908,0.12146517,-0.0319,-0.0052
6909,0.29131076,0.0006506695,-0.0638
6910,0.34843186,-0.035,-0.0987
6911,0.19884197,-0.00744,-0.133
6912,0.29034916,0.006687322,-0.111
6913,0.36939812,-0.0265,-0.123
6914,0.2784055,-0.0305,-0.15
6915,0.1472118,-0.0142,-0.0712
6916,0.36089537,-0.0154,-0.0604
6917,0.38682568,-0.0317,-0.0812
6918,0.16569547,-0.0145,-0.12
6919,0.21041685,0.001985003,-0.144
6920,0.26268315,-0.00154,-0.0949
6921,0.37587106,0.030887928,-0.0707
6922,0.428617,0.0032914814,-0.174
6923,0.19164473,-0.0224,-0.253
6924,0.28352028,-0.0334,-0.0998
6925,0.37312686,-0.0673,-0.0233
6926,0.3101485,-0.0322,-0.0718
6927,0.13927421,0.029781342,-0.038
6928,0.2759785,-0.0286,-0.125
6929,0.41032353,0.01209275,-0.133
6930,0.43906334,-0.029,-0.149
6931,0.21889465,-0.0324,-0.211
6932,0.14761585,0.004405712,-0.109
6933,0.38887715,-0.0269,-0.0303
6934,0.40749234,-0.0624,-0.0807
6935,0.09783048,0.01775744,-0.0676
6936,0.19658883,-0.0113,-0.0979
6937,0.16231003,0.050712384,0.016092887
6938,0.33798552,-0.0238,-0.129
6939,0.47075072,-0.04,-0.242
6940,0.1444642,-0.0204,-0.16
6941,0.17420477,-0.01,-0.0892
6942,0.32549697,-0.0302,-0.117
6943,0.34315047,0.00893848,-0.0169
6944,0.25155735,-0.0205,-0.0406
6945,0.29092377,-0.0509,-0.0735
6946,0.18814225,-0.0405,-0.265
6947,0.18736199,-0.0131,-0.118
6948,0.19621298,-0.00645,-0.0182
6949,0.28305328,-0.00701,-0.0226
6950,0.39555016,-0.0205,-0.0578
6951,0.30492753,-0.0466,-0.078
6952,0.22265494,-0.0485,-0.139
6953,0.16160096,-0.0807,-0.138
6954,0.31321004,-0.0491,-0.111
6955,0.30199587,0.00555109,-0.0478
6956,0.25632945,-0.0169,-0.12
6957,0.21750782,-0.0741,-0.212
6958,0.2618485,0.011323433,-0.11
6959,0.3076141,0.04150507,-0.081
6960,0.3871383,-0.0442,-0.19
6961,0.13373761,-0.135,-0.125
6962,0.095979676,-0.0295,-0.0757
6963,0.22376037,0.025533384,0.02685207
6964,0.38117275,-0.0252,-0.00673
6965,0.34976646,-0.0312,-0.0899
6966,0.24528046,-0.00923,-0.106
6967,0.23399317,-0.0358,-0.161
6968,0.25249568,-0.00977,-0.118
6969,0.27153236,-0.016,-0.0997
6970,0.28030336,-0.0179,-0.103
6971,0.28022295,-0.0158,-0.11
6972,0.27772924,-0.00425,-0.109
6973,0.2771855,-0.00293,-0.102
6974,0.2755236,-0.0145,-0.0942
6975,0.27847648,-0.0269,-0.162
6976,0.28074685,-0.0362,-0.269
6977,0.2753443,-0.0707,-0.153
6978,0.27184397,-0.0391,0.024037676
6979,0.27353993,-0.00663,-0.0642
6980,0.2802857,-0.0248,-0.0919
6981,0.2818457,-0.0228,-0.0909
6982,0.27999845,-0.00885,-0.104
6983,0.27726737,-0.0136,-0.108
6984,0.2777784,-0.0204,-0.113
6985,0.27777234,-0.0211,-0.112
6986,0.2806565,-0.00688,-0.117
6987,0.28015375,-0.00585,-0.12
6988,0.2696357,-0.0293,-0.126
6989,0.27863044,-0.0152,-0.106
6990,0.2841381,-0.00491,-0.0919
6991,0.27550614,-0.0249,-0.1
6992,0.27889153,-0.018,-0.0981
6993,0.2789239,-0.0125,-0.103
6994,0.27595356,-0.0188,-0.104
6995,0.2748925,-0.0233,-0.112
6996,0.22808369,0.004561021,-0.0281
6997,0.28315622,-0.0221,-0.125
6998,0.2779531,-0.00982,-0.103
6999,0.19390401,0.062212896,-0.00417
7000,-0.089,0.270256,0.16761547
7001,-0.00306,0.21030208,0.03634658
7002,0.30896354,-0.0111,-0.159
7003,0.30074108,-0.0297,-0.117
7004,0.27919754,-0.0173,-0.105
7005,0.2813982,-0.0161,-0.113
7006,0.28083897,-0.0173,-0.111
7007,0.28355968,-0.0179,-0.115
7008,0.28298858,-0.0181,-0.115
7009,0.28247002,-0.0178,-0.111
7010,0.2612399,-0.0301,-0.0573
7011,0.29092968,0.010217007,-0.118
7012,0.28283292,-0.0128,-0.12
7013,0.26518437,-0.0619,-0.0813
7014,0.2700663,-0.0506,-0.0927
7015,0.2787931,-0.00585,-0.107
7016,0.27607116,-0.00956,-0.113
7017,0.28101057,-0.0176,-0.118
7018,0.28112653,-0.0192,-0.109
7019,0.27659863,-0.0171,-0.107
7020,0.27630615,-0.0146,-0.106
7021,0.27651578,-0.0127,-0.105
7022,0.27968395,-0.0174,-0.116
7023,0.27917308,-0.0202,-0.108
7024,0.278746,-0.0191,-0.108
7025,0.27820364,-0.0161,-0.111
7026,0.2781506,-0.0159,-0.112
7027,0.27702767,-0.0171,-0.111
7028,0.28882098,-0.0241,-0.0807
7029,0.2474756,-0.0149,-0.104
7030,0.25088698,-0.0234,-0.103
7031,0.26966107,-0.0185,-0.108
7032,0.27983266,-0.0169,-0.108
7033,0.2784139,-0.0165,-0.105
7034,0.28347835,-0.0179,-0.107
7035,0.2825933,-0.0182,-0.109
7036,0.27393183,-0.0175,-0.107
7037,0.28066602,-0.0171,-0.112
7038,0.27773204,-0.0161,-0.109
7039,0.27449563,-0.0166,-0.109
7040,0.2800963,-0.0178,-0.111
7041,0.24721043,-0.0171,-0.103
7042,0.21541736,-0.016,-0.102
7043,0.2746953,-0.0153,-0.111
7044,0.32093433,-0.0142,-0.116
7045,0.33828828,-0.0508,-0.0458
7046,0.31898564,-0.0238,-0.0891
7047,0.30128336,-0.015,-0.115
7048,0.29347488,-0.0183,-0.109
7049,0.2858711,-0.014,-0.117
7050,0.28382924,-0.013,-0.116
7051,0.27668697,-0.0188,-0.103
7052,0.28818753,-0.0202,-0.106
7053,0.2937601,-0.0189,-0.107
7054,0.28131476,-0.0188,-0.106
7055,0.27610436,-0.018,-0.105
7056,0.2785708,-0.0163,-0.109
7057,0.25857073,-0.0154,-0.11
7058,0.2781722,-0.0164,-0.108
7059,0.3028883,-0.0203,-0.105
7060,0.28468657,-0.0192,-0.109
7061,0.2758057,-0.017,-0.109
7062,0.27783185,-0.0178,-0.11
7063,0.28121343,-0.0171,-0.111
7064,0.27906993,-0.0163,-0.105
7065,0.271452,-0.0165,-0.108
7066,0.2186242,-0.0456,-0.0651
7067,0.2026182,-0.0213,-0.0817
7068,0.24590781,-0.0223,-0.0719
7069,0.27052778,-0.0139,-0.0691
7070,0.30095354,-0.0042,-0.07
7071,0.2906089,-0.00782,-0.111
7072,0.33988294,-0.0323,-0.0787
7073,0.3438135,-0.023,-0.0664
7074,0.28434905,-0.00755,-0.128
7075,0.25459802,-0.025,-0.117
7076,0.24656606,-0.04,-0.108
7077,0.24674815,-0.0257,-0.113
7078,0.25798684,-0.001,-0.111
7079,0.27086508,-0.00565,-0.117
7080,0.2679373,-0.00364,-0.119
7081,0.2777584,0.0059125596,-0.0999
7082,0.24734804,-0.0367,-0.0918
7083,0.2777071,-0.0185,-0.0926
7084,0.31354263,-0.0196,-0.107
7085,0.29082024,-0.0207,-0.118
7086,0.25061283,-0.0159,-0.0998
7087,0.2484749,-0.00514,-0.0995
7088,0.2387735,-0.0156,-0.0852
7089,0.24318306,-0.02,-0.0998
7090,0.27396163,-0.0263,-0.138
7091,0.27490765,-0.0236,-0.109
7092,0.24428397,-0.0147,-0.0604
7093,0.24894993,-0.0171,-0.0652
7094,0.28163907,-0.0116,-0.101
7095,0.27362877,-0.0256,-0.116
7096,0.3174664,-0.0339,-0.114
7097,0.36112562,-0.0209,-0.068
7098,0.2910648,-0.0248,-0.0589
7099,0.30671114,0.0058264006,-0.0341
7100,0.20348027,-0.016,-0.121
7101,0.37896612,-0.000527,-0.204
7102,0.19859181,-0.0384,-0.16
7103,0.21020067,-0.0475,-0.03
7104,0.352074,-0.028,-0.0726
7105,0.23563221,-0.0142,-0.168
7106,0.37468302,0.0047331094,-0.108
7107,0.24871175,0.025091732,-0.0641
7108,0.22079635,-0.0234,-0.131
7109,0.40384132,-0.0948,-0.122
7110,0.31856886,0.008662624,-0.0264
7111,0.29540166,-0.0271,-0.00231
7112,0.22972742,-0.0392,-0.0941
7113,0.40088296,0.0033110047,-0.221
7114,0.27817458,-0.012,-0.138
7115,0.23053537,-0.0405,-0.0241
7116,0.26253656,-0.0139,-0.0925
7117,0.27355513,-0.0346,-0.142
7118,0.21327278,0.025263375,-0.134
7119,0.2727845,-0.0018,-0.121
7120,0.39005074,-0.0436,-0.0558
7121,0.25777447,-0.0315,-0.0681
7122,0.19875492,-0.063,-0.0691
7123,0.20890103,0.01627458,-0.247
7124,0.36259612,-0.0361,-0.23
7125,0.2311322,-0.0975,-0.0386
7126,0.2299682,0.023068035,0.04078682
7127,0.36764088,0.055309966,-0.2
7128,0.23165289,-0.0526,-0.145
7129,0.2656469,-0.0558,0.080264665
7130,0.30797538,0.017685862,-0.107
7131,0.36324045,0.041538984,-0.294
7132,0.2612832,-0.0279,-0.105
7133,0.22139879,-0.0771,0.054708634
7134,0.2576682,-0.116,-0.043
7135,0.23725675,0.038058978,-0.294
7136,0.32889766,0.0034696767,-0.263
7137,0.20087029,-0.114,-0.0248
7138,0.25298148,-0.0485,0.022726515
7139,0.3140512,0.034960218,-0.156
7140,0.28955245,0.013566949,-0.212
7141,0.2620172,-0.0224,-0.048
7142,0.17263554,-0.0655,0.0050587165
7143,0.3895878,-0.00538,-0.0492
7144,0.30290723,0.05167334,-0.265
7145,0.1777103,-0.0245,-0.119
7146,0.28345546,-0.0114,-0.0837
7147,0.16684079,-0.0485,-0.124
7148,0.28020647,-0.0377,-0.192
7149,0.28465953,0.0032621764,-0.206
7150,0.2316136,0.036480837,-0.0599
7151,0.3727329,-0.0114,0.044597927
7152,0.3349857,-0.0539,-0.146
7153,0.3177857,-0.00326,-0.158
7154,0.1988294,0.0068298974,-0.0899
7155,0.1087847,-0.0281,-0.171
7156,0.331713,-0.0232,-0.0446
7157,0.16442858,-0.0969,0.014971685
7158,0.35751465,0.052517686,-0.242
7159,0.30345592,-0.022,-0.17
7160,0.12339232,-0.0741,0.03734853
7161,0.35876805,-0.00752,-0.164
7162,0.3187533,0.004743433,-0.184
7163,0.18195155,-0.0976,-0.0281
7164,0.28678662,-0.0639,-0.0218
7165,0.2713528,0.02784855,-0.204
7166,0.33088458,0.011417127,-0.303
7167,0.30096322,0.008080705,-0.103
7168,0.28296158,-0.0567,-0.166
7169,0.27383444,0.053191148,-0.08
7170,0.27846485,0.04957655,-0.079
7171,0.27746156,-0.0146,-0.113
7172,0.27826464,-0.0254,-0.113
7173,0.2752422,-0.0138,-0.102
7174,0.2723589,-0.00114,-0.112
7175,0.2702536,-0.00133,-0.105
7176,0.27946058,-0.0237,-0.101
7177,0.2863501,-0.0365,-0.115
7178,0.2785393,-0.0224,-0.103
7179,0.27659336,-0.0153,-0.103
7180,0.27614087,-0.0141,-0.112
7181,0.27684265,-0.0113,-0.114
7182,0.27911115,-0.0123,-0.121
7183,0.27248192,-0.0163,-0.116
7184,0.27000874,-0.0128,-0.113
7185,0.27134758,-0.0475,-0.133
7186,0.2782347,-0.0514,-0.142
7187,0.2782633,-0.0176,-0.118
7188,0.28308886,-0.0113,-0.102
7189,0.28127852,0.027026407,-0.0787
7190,0.270349,0.054640166,-0.00644
7191,0.27786314,-0.0403,-0.149
7192,0.280906,-0.0796,-0.209
7193,0.27828145,-0.0228,-0.0929
7194,0.27918237,0.0060780607,-0.0795
7195,0.27452663,-0.0323,-0.111
7196,0.2702462,-0.0677,-0.147
7197,0.2744222,-0.0211,-0.0964
7198,0.2748345,-0.0141,-0.0804
7199,0.27767575,0.01102052,-0.0623
7200,0.32533783,-0.026,-0.123
7201,0.29733336,-0.0251,-0.111
7202,0.29196516,-0.0165,-0.123
7203,0.28693247,-0.0169,-0.115
7204,0.28563127,-0.0184,-0.111
7205,0.28669062,-0.0188,-0.112
7206,0.28729627,-0.0171,-0.113
7207,0.28526708,-0.0177,-0.113
7208,0.280109,-0.0179,-0.112
7209,0.28146818,-0.0177,-0.112
7210,0.28251338,-0.0181,-0.112
7211,0.28179047,-0.0179,-0.11
7212,0.2878507,-0.034,-0.098
7213,0.27037266,-0.00831,-0.088
7214,0.27542526,-0.0106,-0.111
7215,0.2756773,-0.0182,-0.111
7216,0.27880377,-0.0183,-0.109
7217,0.2792769,-0.0134,-0.106
7218,0.2784717,-0.012,-0.11
7219,0.27817613,-0.0163,-0.106
7220,0.27469563,-0.0196,-0.103
7221,0.27954072,-0.0188,-0.119
7222,0.27915072,-0.00432,-0.122
7223,0.27409616,-0.00115,-0.101
7224,0.27713272,-0.0168,-0.102
7225,0.27546212,-0.0277,-0.103
7226,0.27308244,-0.0253,-0.0977
7227,0.27539635,-0.0149,-0.102
7228,0.27860862,-0.0165,-0.107
7229,0.27442178,-0.0171,-0.105
7230,0.2976369,-0.0599,-0.0526
7231,0.24134177,-0.00905,-0.119
7232,0.28684127,-0.0157,-0.107
7233,0.2838609,-0.0197,-0.104
7234,0.2699676,-0.019,-0.104
7235,0.2665247,-0.0191,-0.101
7236,0.2789698,-0.0175,-0.11
7237,0.2826481,-0.016,-0.111
7238,0.28200752,-0.0159,-0.108
7239,0.27987382,-0.0161,-0.11
7240,0.28224534,-0.016,-0.111
7241,0.28269687,-0.0194,-0.107
7242,0.27667353,-0.0252,-0.0939
7243,0.26860473,-0.0215,-0.0967
7244,0.26571792,-0.0161,-0.107
7245,0.2744432,-0.0161,-0.11
7246,0.28591612,-0.0147,-0.115
7247,0.34700337,-0.0275,-0.0843
7248,0.3121539,-0.0309,-0.0702
7249,0.233783,-0.0382,-0.0568
7250,0.29694664,-0.0196,-0.111
7251,0.32013345,-0.0135,-0.121
7252,0.27882487,-0.017,-0.108
7253,0.27633598,-0.0226,-0.0995
7254,0.27665043,-0.0232,-0.0965
7255,0.27294004,-0.0193,-0.103
7256,0.27939653,-0.0181,-0.106
7257,0.28919017,-0.0216,-0.0989
7258,0.28886333,-0.0214,-0.101
7259,0.28240928,-0.0181,-0.109
7260,0.2827711,-0.016,-0.111
7261,0.27661103,-0.0172,-0.106
7262,0.31642163,-0.0588,-0.00776
7263,0.3904939,-0.0186,-0.0878
7264,0.3141566,-0.031,-0.0754
7265,0.24254434,-0.0194,-0.0771
7266,0.21372366,-0.0135,-0.114
7267,0.26929134,-0.0134,-0.145
7268,0.2623617,-0.00795,-0.152
7269,0.24474461,0.0065410393,-0.119
7270,0.26358178,0.0069283177,-0.0953
7271,0.30141532,-0.0209,-0.142
7272,0.33462122,-0.027,-0.151
7273,0.30930117,-0.0166,-0.134
7274,0.3182761,-0.0293,-0.13
7275,0.3453207,-0.0274,-0.112
7276,0.28053647,-0.000217,-0.103
7277,0.23751175,0.0048407903,-0.062
7278,0.28194976,-0.034,-0.0628
7279,0.21545982,-0.00482,-0.0956
7280,0.186698,-0.0198,-0.0756
7281,0.28657442,-0.0115,-0.0551
7282,0.3976282,-0.0135,-0.0477
7283,0.32322413,-0.0294,-0.0836
7284,0.22169596,-0.0267,-0.111
7285,0.2201303,-0.0271,-0.131
7286,0.230419,0.020749537,-0.125
7287,0.27699256,0.03180717,-0.123
7288,0.34443116,-0.0179,-0.168
7289,0.3687409,-0.037,-0.171
7290,0.2839207,-0.0266,-0.12
7291,0.20879477,-0.012,-0.0703
7292,0.20786336,-0.0198,-0.0519
7293,0.27037796,-0.0265,-0.0614
7294,0.20986286,0.035217084,-0.0736
7295,0.3099761,-0.0364,-0.137
7296,0.3632757,-0.078,-0.128
7297,0.37599123,-0.0668,-0.0472
7298,0.3047578,0.00683244,-0.0438
7299,0.2510993,-0.0288,-0.204
7300,0.13288482,-0.0325,-0.0986
7301,0.14829727,-0.0211,0.035574354
7302,0.28469706,-0.0156,-0.111
7303,0.274614,0.021738857,-0.0661
7304,0.3166811,-0.0206,-0.133
7305,0.31172454,-0.0812,-0.138
7306,0.37268642,-0.0567,-0.0621
7307,0.38083148,0.028296348,-0.0517
7308,0.27439955,-0.0378,-0.194
7309,0.20754233,-0.0487,-0.0535
7310,0.28055483,0.059253447,0.05771015
7311,0.33268481,0.02898005,-0.126
7312,0.24894257,-0.00314,-0.023
7313,0.25367096,-0.0269,-0.105
7314,0.39691505,-0.0222,-0.234
7315,0.42854983,-0.0342,-0.141
7316,0.28192478,0.006104426,-0.0743
7317,-0.0253,-0.0046,-0.111
7318,0.11234856,0.012569336,-0.112
7319,0.49089193,0.015340722,-0.0344
7320,0.4445211,-0.031,-0.0411
7321,0.32421586,-0.0442,-0.185
7322,0.087901704,-0.119,-0.0528
7323,0.21646772,-0.0682,-0.12
7324,0.30349016,-0.0699,-0.0912
7325,0.35597536,-0.0463,-0.0874
7326,0.3415624,-0.00631,-0.125
7327,0.19486661,0.0052403207,-0.149
7328,0.193572,0.012456183,-0.174
7329,0.35465956,-0.0106,-0.197
7330,0.38967377,-0.0151,-0.167
7331,0.30612704,-0.0258,-0.104
7332,0.18889779,-0.0943,-0.0624
7333,0.21578917,-0.0229,-0.237
7334,0.4077795,-0.0537,-0.161
7335,0.26027873,0.0008126498,-0.103
7336,0.12806416,-0.0277,-0.0883
7337,0.2784144,-0.0705,-0.05
7338,0.3447572,-0.046,-0.0119
7339,0.32664675,0.012035511,-0.0914
7340,0.22328281,0.013910528,-0.214
7341,0.36376843,-0.0113,-0.276
7342,0.27613664,-0.108,-0.0567
7343,0.29423016,-0.04,-0.143
7344,0.22120588,-0.0364,-0.168
7345,0.20786071,0.06342286,-0.221
7346,0.23796648,-0.00109,-0.148
7347,0.29966533,-0.0572,-0.181
7348,0.2738527,-0.00775,-0.147
7349,0.27338737,-0.017,-0.045
7350,0.28965417,-0.0188,-0.158
7351,0.35150346,-0.0124,-0.204
0,0.257,-0.0233,-0.0147
1,0.286,-0.0132,-0.119
2,0.275,-0.0261,-0.118
3,0.27,-0.0326,-0.118
4,0.275,-0.0278,-0.13
5,0.279,-0.0186,-0.114
6,0.28,-0.0183,-0.104
7,0.275,-0.025,-0.117
8,0.273,-0.021,-0.114
9,0.276,-0.0104,-0.0998
10,0.279,-0.0152,-0.0989
11,0.279,-0.0219,-0.11
12,0.275,-0.0231,-0.113
13,0.269,-0.0277,-0.11
14,0.276,-0.0189,-0.0974
15,0.282,-0.00488,-0.0861
16,0.311,-0.0194,-0.102
17,0.262,-0.0233,-0.126
18,0.288,-0.00349,-0.0838
19,0.271,-0.026,-0.0949
20,0.253,-0.0442,-0.139
21,0.271,-0.03,-0.119
22,0.299,0.0118,-0.0317
23,0.294,0.0112,-0.0693
24,0.276,-0.0156,-0.125
25,0.272,-0.0251,-0.133
26,0.276,-0.0263,-0.127
27,0.28,-0.0144,-0.1
28,0.277,-0.0158,-0.106
29,0.288,-0.00855,-0.107
30,0.286,-0.00774,-0.103
31,0.296,-0.0147,-0.14
32,0.277,-0.0257,-0.118
33,0.278,-0.0145,-0.105
34,0.278,-0.00767,-0.0993
35,0.277,-0.00497,-0.105
36,0.278,-0.0227,-0.116
37,0.275,-0.0241,-0.106
38,0.275,-0.0156,-0.0975
39,0.279,-0.0168,-0.105
40,0.278,-0.0162,-0.108
41,0.276,-0.017,-0.109
42,0.276,-0.0154,-0.105
43,0.28,-0.0192,-0.109
44,0.285,0.00236,-0.17
45,0.27,-0.00894,-0.0952
46,0.28,-0.028,-0.124
47,0.277,-0.0177,-0.12
48,0.279,-0.012,-0.115
49,0.28,-0.0104,-0.113
50,0.276,-0.0348,-0.11
51,0.274,-0.0419,-0.107
52,0.276,-0.018,-0.112
53,0.278,-0.0124,-0.105
54,0.277,-0.0178,-0.0999
55,0.174,-0.0249,-0.0947
56,0.301,-0.0236,-0.0969
57,0.286,-0.0214,-0.0998
58,0.272,-0.0213,-0.101
59,0.276,-0.0178,-0.104
60,0.279,-0.0176,-0.105
61,0.28,-0.0187,-0.11
62,0.292,-0.0148,-0.115
63,0.291,-0.0127,-0.113
64,0.272,-0.0197,-0.103
65,0.293,-0.0161,-0.11
66,0.34,-0.0393,-0.114
67,0.328,-0.013,-0.109
68,0.262,-0.02,-0.0997
69,0.295,-0.0173,-0.109
70,0.267,-0.0177,-0.104
71,0.295,-0.0181,-0.109
72,0.284,-0.0174,-0.108
73,0.277,-0.0179,-0.106
74,0.315,-0.0156,-0.112
75,0.276,-0.0183,-0.105
76,0.276,-0.0202,-0.0996
77,0.324,-0.0157,-0.111
78,0.275,-0.0165,-0.112
79,0.204,-0.0323,-0.0969
80,0.249,-0.00341,-0.056
81,0.325,-0.0298,-0.0778
82,0.309,-0.0221,-0.132
83,0.266,-0.0159,-0.121
84,0.187,-0.0115,-0.107
85,0.284,0.0137,-0.114
86,0.358,-0.0135,-0.131
87,0.319,-0.0376,-0.132
88,0.32,-0.0108,-0.122
89,0.193,-0.0106,-0.0888
90,0.195,-0.0202,-0.0495
91,0.35,-0.0305,-0.108
92,0.309,-0.025,-0.124
93,0.211,-0.000582,-0.0964
94,0.298,-0.0209,-0.114
95,0.333,-0.0434,-0.126
96,0.23,-0.00265,-0.0821
97,0.237,0.0022,-0.0489
98,0.332,-0.0366,-0.109
99,0.267,-0.0433,-0.141
100,0.24,0.00109,-0.119
101,0.291,0.0156,-0.104
102,0.356,-0.0238,-0.127
103,0.287,-0.0503,-0.133
104,0.184,-0.0148,-0.09
105,0.252,-0.000604,-0.0705
106,0.338,-0.0414,-0.0974
107,0.29,-0.0443,-0.125
108,0.261,-0.0156,-0.121
109,0.393,-0.0592,-0.111
110,0.333,-0.0249,-0.159
111,0.316,0.00128,-0.0655
112,0.154,-0.0101,-0.0439
113,0.071,-0.0157,-0.0943
114,0.333,-0.0102,-0.122
115,0.276,0.00184,-0.136
116,0.271,-0.0425,-0.128
117,0.426,-0.0586,-0.117
118,0.286,-0.00604,-0.198
119,0.355,-0.0182,-0.144
120,0.396,-0.0122,-0.148
121,0.227,-0.0221,-0.145
122,0.235,0.0081,-0.141
123,0.238,-0.00269,-0.121
124,0.279,-0.0483,-0.121
125,0.264,-0.0296,-0.0507
126,0.301,-0.0561,-0.078
127,0.28,0.00604,-0.128
128,0.244,-0.004,-0.123
129,0.284,0.0138,-0.0575
130,0.411,-0.0249,-0.149
131,0.178,-0.0703,-0.136
132,0.206,-0.00518,-0.105
133,0.252,-0.0304,-0.352
134,0.209,-0.0494,-0.315
135,0.237,-0.00619,-0.139
136,0.243,0.00998,-0.0934
137,0.282,-0.00757,-0.175
138,0.182,-0.0106,-0.169
139,0.182,-0.00169,-0.0898
140,0.312,0.0139,-0.215
141,0.256,0.0326,-0.229
142,0.0782,-0.0276,-0.346
143,0.18,0.0403,-0.399
144,0.285,-0.0111,-0.175
145,0.285,-0.0178,-0.104
146,0.198,-0.00724,-0.117
147,0.251,0.0273,-0.159
148,0.269,0.0275,-0.132
149,0.148,-0.0365,-0.11
150,0.0737,-0.148,-0.241
151,0.28,-0.0111,-0.18
152,0.275,-0.00782,-0.129
153,0.244,-0.00438,-0.134
154,0.286,-0.00467,-0.153
155,0.236,-0.0364,-0.114
156,0.239,-0.0228,-0.0234
157,0.295,-0.0625,-0.0982
158,0.219,-0.0551,-0.0157
159,0.288,-0.0308,-0.173
160,0.287,-0.0303,-0.168
161,0.273,-0.0283,-0.127
162,0.276,-0.0184,-0.103
163,0.279,-0.01,-0.0884
164,0.276,-0.0073,-0.0803
165,0.278,-0.0122,-0.101
166,0.28,-0.0149,-0.109
167,0.278,-0.0209,-0.113
168,0.271,-0.0262,-0.115
169,0.33,0.019,-0.0425
170,0.277,-0.0229,-0.145
171,0.28,-0.0173,-0.118
172,0.279,-0.0161,-0.102
173,0.277,-0.0172,-0.114
174,0.278,-0.0169,-0.12
175,0.277,-0.0168,-0.109
176,0.273,-0.0225,-0.11
177,0.272,-0.025,-0.114
178,0.282,-0.0143,-0.113
179,0.287,-0.0106,-0.108
180,0.277,-0.0148,-0.0998
181,0.24,0.0824,-0.0402
182,0.232,0.0294,-0.055
183,0.271,-0.00433,-0.09
184,0.272,-0.016,-0.101
185,0.269,-0.0124,-0.0968
186,0.275,-0.012,-0.103
187,0.279,-0.0156,-0.107
188,0.275,-0.017,-0.108
189,0.276,-0.0166,-0.105
190,0.266,-0.0169,-0.0905
191,0.271,-0.0152,-0.0961
192,0.414,-0.158,-0.346
193,0.248,-0.0196,-0.108
194,0.284,-0.0156,-0.086
195,0.266,-0.014,-0.0785
196,0.269,-0.0131,-0.0896
197,0.278,-0.0136,-0.11
198,0.275,-0.00494,-0.0967
199,0.279,-0.00734,-0.105
200,0.282,-0.0137,-0.118
201,0.273,-0.0136,-0.0963
202,0.275,-0.0194,-0.104
203,0.288,-0.00316,-0.155
204,0.29,-0.0236,-0.0938
205,0.232,-0.0158,-0.0996
206,0.28,-0.015,-0.114
207,0.289,-0.0163,-0.112
208,0.271,-0.0189,-0.104
209,0.257,-0.0182,-0.104
210,0.269,-0.0177,-0.106
211,0.282,-0.018,-0.106
212,0.291,-0.0158,-0.108
213,0.287,-0.0163,-0.111
214,0.259,-0.033,-0.0798
215,0.304,-0.0175,-0.103
216,0.304,-0.0172,-0.112
217,0.288,-0.0171,-0.109
218,0.283,-0.0174,-0.109
219,0.281,-0.0185,-0.106
220,0.277,-0.016,-0.107
221,0.271,-0.0182,-0.111
222,0.273,-0.0165,-0.115
223,0.274,-0.0138,-0.11
224,0.276,-0.0186,-0.104
225,0.277,-0.0176,-0.107
226,0.275,-0.0158,-0.11
227,0.249,-0.0862,-0.073
228,0.217,-0.00626,-0.0779
229,0.262,-0.0153,-0.0958
230,0.297,-0.0261,-0.114
231,0.24,0.0148,-0.11
232,0.313,-0.0141,-0.116
233,0.316,-0.0422,-0.113
234,0.209,-0.0205,-0.0839
235,0.271,-0.00601,-0.0667
236,0.353,-0.0249,-0.111
237,0.228,-0.0212,-0.16
238,0.215,0.00698,-0.127
239,0.326,-0.0112,-0.101
240,0.365,-0.0199,-0.103
241,0.268,-0.0138,-0.118
242,0.34,-0.026,-0.104
243,0.264,-0.0112,-0.0974
244,0.266,-0.0165,-0.0766
245,0.255,-0.033,-0.128
246,0.223,0.00962,-0.11
247,0.38,-0.00668,-0.111
248,0.279,-0.0333,-0.101
249,0.262,-0.0167,-0.0754
250,0.329,-0.0344,-0.115
251,0.195,-0.0164,-0.126
252,0.244,0.0115,-0.114
253,0.33,-0.0292,-0.121
254,0.288,-0.0322,-0.116
255,0.25,-0.00753,-0.0933
256,0.319,-0.01,-0.164
257,0.126,-0.0277,-0.0501
258,0.3,-0.0116,-0.136
259,0.26,-0.0202,-0.131
260,0.287,-0.0101,-0.132
261,0.33,0.00672,-0.148
262,0.252,-0.0522,-0.13
263,0.248,-0.061,-0.17
264,0.262,-0.0733,-0.0739
265,0.3,-0.015,-0.0614
266,0.26,0.00552,-0.153
267,0.253,-0.0353,-0.125
268,0.262,-0.0208,-0.142
269,0.31,-0.056,-0.135
270,0.198,-0.0275,-0.0474
271,0.229,-0.0455,-0.112
272,0.423,-0.00986,-0.0675
273,0.287,-0.0201,-0.153
274,0.102,-0.0487,-0.116
275,0.215,-0.00852,-0.0385
276,0.468,-0.0151,-0.132
277,0.308,0.0151,-0.126
278,0.294,-0.0344,-0.123
279,0.207,-0.193,-0.16
280,0.363,-0.0724,-0.121
281,0.278,0.028,-0.0801
282,0.256,-0.013,-0.112
283,0.247,-0.0438,-0.142
284,0.298,-0.0232,-0.108
285,0.27,-0.0376,-0.114
286,0.196,0.0059,-0.129
287,0.195,-0.0749,-0.319
288,0.242,-0.0517,-0.116
289,0.319,-0.027,-0.0817
290,0.286,-0.0375,-0.0877
291,0.261,-0.0401,-0.0711
292,0.254,0.00935,-0.137
293,0.223,-0.000141,-0.159
294,0.212,0.00298,-0.104
295,0.378,-0.0434,-0.331
296,0.361,-0.0339,-0.139
297,0.256,-0.0164,-0.0585
298,0.263,0.00741,-0.0913
299,0.277,0.0111,-0.127
300,0.245,-0.0158,-0.0819
301,0.198,-0.0159,-0.0595
302,0.199,0.0366,0.319
303,0.286,-0.0836,-0.147
304,0.309,-0.0366,-0.195
305,0.258,0.0203,-0.0503
306,0.26,0.00466,-0.0577
307,0.283,-0.021,-0.126
308,0.265,-0.01,-0.0777
309,0.27,0.00486,-0.0837
310,0.283,-0.0173,-0.117
311,0.281,-0.0245,-0.119
312,0.28,-0.0233,-0.118
313,0.282,-0.0252,-0.119
314,0.284,-0.0211,-0.122
315,0.283,-0.0181,-0.123
316,0.279,-0.0181,-0.12
317,0.269,-0.0222,-0.0975
318,0.335,0.0755,-0.118
319,0.272,-0.0364,-0.146
320,0.282,-0.0327,-0.117
321,0.276,-0.03,-0.104
322,0.269,-0.0258,-0.0802
323,0.273,-0.0186,-0.0862
324,0.273,-0.00964,-0.101
325,0.276,-0.0303,-0.121
326,0.28,-0.0306,-0.116
327,0.276,-0.013,-0.0954
328,0.274,-0.0122,-0.0974
329,0.306,-0.00777,-0.24
330,0.19,0.055,-0.0831
331,0.288,-0.0237,-0.118
332,0.282,-0.0141,-0.12
333,0.277,-0.0128,-0.121
334,0.277,-0.014,-0.109
335,0.275,-0.0122,-0.115
336,0.277,-0.00993,-0.131
337,0.28,-0.0104,-0.137
338,0.276,-0.0131,-0.113
339,0.273,-0.0146,-0.1
340,0.278,-0.0163,-0.112
341,0.289,-0.0188,-0.112
342,0.281,0.0286,-0.12
343,0.278,0.000235,-0.118
344,0.275,-0.0114,-0.103
345,0.272,-0.00799,-0.0898
346,0.274,-0.00536,-0.0973
347,0.278,-0.0133,-0.105
348,0.281,-0.0129,-0.123
349,0.281,-0.0214,-0.122
350,0.269,-0.0122,-0.0803
351,0.268,0.0105,-0.0777
352,0.278,-0.00406,-0.106
353,0.279,-0.029,-0.115
354,0.051,0.00657,-0.112
355,0.309,-0.0367,-0.0987
356,0.236,-0.0132,-0.103
357,0.28,-0.0156,-0.113
358,0.277,-0.0171,-0.109
359,0.277,-0.0172,-0.109
360,0.277,-0.0182,-0.109
361,0.277,-0.017,-0.108
362,0.275,-0.0157,-0.107
363,0.276,-0.0166,-0.109
364,0.278,-0.0188,-0.111
365,0.277,-0.0172,-0.107
366,0.286,-0.0148,-0.111
367,0.273,-0.0172,-0.108
368,0.28,-0.016,-0.111
369,0.29,-0.0145,-0.12
370,0.328,-0.0152,-0.184
371,0.365,0.00842,-0.193
372,0.256,-0.00742,-0.124
373,0.278,-0.018,-0.107
374,0.284,-0.0174,-0.113
375,0.273,-0.0186,-0.107
376,0.274,-0.0169,-0.108
377,0.282,-0.0169,-0.112
378,0.279,-0.0165,-0.107
379,0.281,-0.0158,-0.108
380,0.275,-0.0195,-0.109
381,0.277,-0.0178,-0.108
382,0.277,-0.0155,-0.106
383,0.292,-0.0179,-0.114
384,0.309,0.0461,-0.0984
385,0.261,-0.00934,-0.091
386,0.29,-0.019,-0.0996
387,0.274,-0.0337,-0.132
388,0.259,-0.00696,-0.118
389,0.347,-0.00113,-0.103
390,0.262,-0.0222,-0.0956
391,0.248,-0.0412,-0.101
392,0.256,-0.0259,-0.157
393,0.273,-0.012,-0.137
394,0.318,-0.0213,-0.0967
395,0.255,0.0111,-0.068
396,0.287,-0.0206,-0.0774
397,0.261,-0.05,-0.125
398,0.257,0.00541,-0.117
399,0.342,0.0115,-0.0868
400,0.262,-0.0573,-0.145
401,0.269,-0.00251,-0.113
402,0.288,0.0151,-0.127
403,0.286,-0.0258,-0.0982
404,0.264,-0.0547,-0.111
405,0.269,0.00815,-0.108
406,0.318,0.00545,-0.122
407,0.271,-0.0281,-0.0928
408,0.249,-0.0469,-0.0921
409,0.272,-0.0216,-0.129
410,0.325,0.00727,-0.117
411,0.244,-0.0267,-0.129
412,0.26,-0.0153,-0.0979
413,0.284,-0.0157,-0.0873
414,0.277,0.0105,-0.102
415,0.329,0.0137,-0.0738
416,0.23,0.0139,-0.0931
417,0.342,-0.0344,-0.113
418,0.164,0.0306,-0.0164
419,0.294,-0.0073,-0.107
420,0.228,0.00732,-0.067
421,0.302,0.0315,-0.067
422,0.317,-0.0228,-0.0896
423,0.374,-0.0465,-0.13
424,0.284,-0.0285,-0.121
425,0.15,-0.00519,-0.0404
426,0.222,-0.00297,-0.104
427,0.216,-0.0118,-0.149
428,0.269,-0.0184,-0.105
429,0.482,-0.0215,-0.155
430,0.321,0.0258,-0.0226
431,0.211,0.00684,-0.055
432,0.179,-0.0226,-0.0979
433,0.233,-0.0466,-0.118
434,0.275,0.00158,-0.123
435,0.267,-0.0196,-0.102
436,0.348,-0.0324,-0.111
437,0.334,0.00697,-0.192
438,0.363,-0.092,-0.24
439,0.212,0.0153,-0.0859
440,0.14,-0.0248,-0.0584
441,0.308,-0.0312,-0.0238
442,0.301,-0.00819,-0.168
443,0.334,-0.013,-0.205
444,0.248,-0.00285,-0.0861
445,0.174,-0.0373,-0.105
446,0.339,-0.0409,-0.113
447,0.366,-0.0159,-0.0824
448,0.235,0.00311,-0.134
449,0.173,-0.122,-0.112
450,0.25,-0.027,-0.112
451,0.372,-0.0369,-0.0743
452,0.386,-0.0111,-0.084
453,0.274,-0.0174,-0.155
454,0.249,-0.00825,-0.125
455,0.29,-0.0241,-0.123
456,0.272,-0.0523,-0.133
457,0.253,-0.034,-0.0895
458,0.334,-0.131,-0.151
459,0.349,-0.0415,-0.055
460,0.261,-0.0242,-0.0806
461,0.298,-0.0226,-0.138
462,0.279,-0.0208,-0.0877
463,0.249,-0.019,-0.0654
464,0.281,-0.0247,-0.153
465,0.26,-0.00923,-0.175
466,0.367,0.246,0.339
467,0.191,-0.0282,0.0471
468,0.31,-0.0448,-0.207
469,0.297,-0.00406,-0.161
470,0.278,-0.00526,-0.123
471,0.281,-0.0293,-0.122
472,0.279,-0.0287,-0.109
473,0.285,-0.0246,-0.141
474,0.281,-0.0185,-0.133
475,0.272,-0.0188,-0.0865
476,0.27,-0.00665,-0.0701
477,0.275,-0.007,-0.107
478,0.276,-0.0174,-0.106
479,0.283,-0.0235,-0.126
480,0.283,-0.0249,-0.126
481,0.276,-0.0449,-0.12
482,0.399,0.186,-0.0359
483,0.266,-0.058,-0.138
484,0.281,-0.0299,-0.141
485,0.281,-0.0193,-0.106
486,0.273,0.0209,-0.0855
487,0.274,0.000876,-0.089
488,0.278,-0.0482,-0.101
489,0.281,-0.0142,-0.118
490,0.283,0.0207,-0.16
491,0.277,-0.0133,-0.115
492,0.275,-0.0494,-0.0656
493,0.271,-0.0213,-0.105
494,0.0794,0.141,-0.125
495,0.282,-0.058,-0.12
496,0.285,-0.00926,-0.113
497,0.276,-0.0153,-0.105
498,0.272,-0.0154,-0.107
499,0.271,-0.0133,-0.115
500,0.264,-0.0124,-0.093
501,0.266,-0.0144,-0.0753
502,0.286,-0.0205,-0.107
503,0.286,-0.0177,-0.143
504,0.268,-0.0112,-0.123
505,0.275,-0.0167,-0.111
506,0.278,-0.0168,-0.108
507,0.275,-0.0149,-0.113
508,0.275,0.127,0.0789
509,0.312,-0.048,-0.211
510,0.277,-0.0572,-0.124
511,0.278,-0.0363,-0.104
512,0.277,-0.0048,-0.0987
513,0.276,0.00541,-0.107
514,0.274,-0.0179,-0.0951
515,0.267,0.0271,-0.0683
516,0.26,0.0659,-0.107
517,0.271,-0.0401,-0.0878
518,0.286,-0.0725,-0.0572
519,0.284,-0.0283,-0.127
520,-0.27,0.0592,-0.0567
521,0.358,-0.0354,-0.103
522,0.263,-0.013,-0.114
523,0.259,-0.0156,-0.107
524,0.284,-0.0171,-0.118
525,0.292,-0.0165,-0.118
526,0.289,-0.0183,-0.106
527,0.281,-0.0163,-0.111
528,0.267,-0.0159,-0.107
529,0.258,-0.0161,-0.107
530,0.262,-0.0171,-0.112
531,0.277,-0.017,-0.111
532,0.0612,-0.0112,-0.0368
533,0.344,-0.0316,-0.119
534,0.269,-0.0106,-0.117
535,0.275,-0.0171,-0.11
536,0.284,-0.0183,-0.114
537,0.279,-0.0166,-0.107
538,0.279,-0.0167,-0.108
539,0.274,-0.0168,-0.112
540,0.277,-0.0159,-0.112
541,0.278,-0.0175,-0.111
542,0.272,-0.018,-0.106
543,0.277,-0.0167,-0.107
544,0.292,-0.015,-0.16
545,0.285,0.00676,-0.0873
546,0.241,-0.0407,-0.108
547,0.302,-0.0154,-0.128
548,0.282,0.00116,-0.13
549,0.295,-0.0201,-0.0918
550,0.25,-0.035,-0.0841
551,0.239,0.00658,-0.127
552,0.338,-0.00421,-0.131
553,0.269,-0.0429,-0.0726
554,0.248,-0.0201,-0.0748
555,0.269,-0.0158,-0.119
556,0.303,-0.0228,-0.14
557,0.292,-0.011,-0.114
558,0.268,0.02,-0.196
559,0.3,-0.0557,-0.139
560,0.275,0.0105,-0.143
561,0.288,-0.0123,-0.105
562,0.265,-0.0215,-0.0869
563,0.316,-0.0185,-0.126
564,0.304,-0.0177,-0.0892
565,0.2,-0.0263,-0.0867
566,0.26,-0.0117,-0.12
567,0.309,-0.00907,-0.163
568,0.302,-0.0199,-0.0907
569,0.21,-0.0207,-0.0427
570,0.278,-0.0243,-0.132
571,0.327,-0.0169,-0.151
572,0.27,-0.000251,-0.0718
573,0.364,-0.012,-0.138
574,0.355,0.018,-0.0704
575,0.364,-0.0421,-0.104
576,0.219,-0.0295,-0.0911
577,0.217,0.0303,-0.105
578,0.226,-0.0395,-0.144
579,0.234,-0.0383,-0.128
580,0.371,0.0231,-0.142
581,0.259,0.0129,-0.0846
582,0.31,0.0211,-0.152
583,0.239,-0.0426,-0.0853
584,0.407,-0.0275,-0.0514
585,0.358,-0.0289,-0.108
586,0.122,-0.0428,-0.128
587,0.16,0.0123,-0.176
588,0.346,0.00833,-0.13
589,0.262,0.00981,-0.131
590,0.379,-0.0502,-0.0764
591,0.269,-0.0375,-0.102
592,0.138,0.00184,-0.0719
593,0.355,-0.00176,-0.107
594,0.274,-0.00371,-0.223
595,0.236,-0.122,-0.159
596,0.314,-0.00212,-0.0576
597,0.338,-0.000905,-0.0678
598,0.267,-0.0151,-0.103
599,0.241,-0.0539,-0.0831
600,0.275,-0.0415,-0.136
601,0.195,-0.00931,-0.146
602,0.191,-0.0117,-0.149
603,0.239,-0.124,-0.137
604,0.377,-0.0107,-0.0991
605,0.394,-0.0102,-0.132
606,0.263,-0.0287,-0.121
607,0.231,-0.0251,-0.0704
608,0.296,-0.0368,-0.114
609,0.185,0.000813,-0.142
610,0.159,0.0105,-0.116
611,0.298,-0.202,-0.205
612,0.215,-0.0146,-0.11
613,0.206,-6.27e-05,-0.0889
614,0.305,-0.00567,-0.0741
615,0.325,0.035,-0.0517
616,0.288,-0.0482,-0.0812
617,0.219,-0.0501,-0.123
618,0.179,-0.0229,-0.156
619,0.279,0.0106,-0.0593
620,0.281,-0.0215,-0.111
621,0.272,-0.0175,-0.0946
622,0.271,-0.0196,-0.0782
623,0.284,-0.0219,-0.123
624,0.281,-0.0208,-0.135
625,0.279,-0.018,-0.114
626,0.278,-0.0144,-0.102
627,0.274,-0.014,-0.1
628,0.276,-0.018,-0.106
629,0.302,-0.0158,-0.0468
630,0.27,-0.0207,-0.117
631,0.274,-0.0164,-0.083
632,0.276,-0.0137,-0.0945
633,0.276,-0.0139,-0.111
634,0.275,-0.0152,-0.11
635,0.278,-0.0173,-0.105
636,0.283,-0.0143,-0.116
637,0.294,-0.0416,-0.176
638,0.288,-0.0389,-0.154
639,0.265,0.0158,-0.0605
640,0.27,0.00924,-0.0721
641,0.234,-0.00899,-0.0682
642,0.292,-0.0224,-0.14
643,0.289,-0.0169,-0.139
644,0.281,-0.0193,-0.118
645,0.276,-0.0172,-0.105
646,0.276,-0.0179,-0.104
647,0.28,-0.0191,-0.11
648,0.279,-0.0181,-0.119
649,0.276,-0.0169,-0.111
650,0.277,-0.0147,-0.106
651,0.279,-0.0151,-0.108
652,0.24,-0.027,-0.0569
653,0.304,-0.0189,-0.133
654,0.274,-0.0086,-0.113
655,0.275,-0.0139,-0.109
656,0.279,-0.0164,-0.117
657,0.282,-0.0276,-0.139
658,0.277,-0.0183,-0.128
659,0.269,0.00507,-0.113
660,0.276,-0.0149,-0.0858
661,0.281,-0.0263,-0.0976
662,0.28,-0.0182,-0.128
663,0.277,-0.0157,-0.0907
664,0.277,-0.0148,-0.102
665,0.278,-0.0144,-0.118
666,-0.416,-0.025,-0.0348
667,0.392,-0.0361,-0.131
668,0.259,-0.0111,-0.106
669,0.206,-0.02,-0.111
670,0.176,-0.0354,-0.11
671,0.227,-0.0249,-0.11
672,0.291,-0.0183,-0.106
673,0.272,-0.0182,-0.108
674,0.275,-0.0193,-0.109
675,0.284,-0.0211,-0.108
676,0.288,-0.0178,-0.109
677,0.293,-0.0139,-0.108
678,0.114,-0.113,-0.119
679,0.217,-0.0431,-0.111
680,0.272,-0.0282,-0.102
681,0.284,-0.0184,-0.108
682,0.286,-0.0139,-0.107
683,0.32,-0.0069,-0.111
684,0.296,-0.00221,-0.111
685,0.252,-0.0327,-0.101
686,0.271,-0.033,-0.106
687,0.224,-0.022,-0.115
688,0.254,-0.0195,-0.109
689,0.287,-0.0167,-0.105
690,0.257,-0.0772,-0.16
691,0.293,-0.0326,-0.0607
692,0.312,-0.000485,-0.117
693,0.289,-0.00337,-0.0861
694,0.248,-0.0379,-0.141
695,0.302,-0.0189,-0.124
696,0.259,0.00129,-0.0686
697,0.249,-0.0268,-0.0916
698,0.304,-0.0392,-0.0856
699,0.302,-0.0338,-0.131
