tBodyAcc-mean-X,tBodyAcc-mean-Y,tBodyAcc-mean-Z,tBodyAcc-std-X,tBodyAcc-std-Y,tBodyAcc-std-Z
2.8858451e-001,-2.03E-02,-1.33E-01,-9.95E-01,-9.83E-01,-9.14E-01
2.7841883e-001,-1.64E-02,-1.24E-01,-9.98E-01,-9.75E-01,-9.60E-01
2.7965306e-001,-1.95E-02,-1.13E-01,-9.95E-01,-9.67E-01,-9.79E-01
2.7917394e-001,-2.62E-02,-1.23E-01,-9.96E-01,-9.83E-01,-9.91E-01
2.7662877e-001,-1.66E-02,-1.15E-01,-9.98E-01,-9.81E-01,-9.90E-01
2.7719877e-001,-1.01E-02,-1.05E-01,-9.97E-01,-9.90E-01,-9.95E-01
2.7945388e-001,-1.96E-02,-1.10E-01,-9.97E-01,-9.67E-01,-9.83E-01
2.7743247e-001,-3.05E-02,-1.25E-01,-9.97E-01,-9.67E-01,-9.82E-01
2.7729342e-001,-2.18E-02,-1.21E-01,-9.97E-01,-9.61E-01,-9.84E-01
2.8058569e-001,-9.96E-03,-1.06E-01,-9.95E-01,-9.73E-01,-9.86E-01
2.7688027e-001,-1.27E-02,-1.03E-01,-9.95E-01,-9.73E-01,-9.85E-01
2.7622817e-001,-2.14E-02,-1.08E-01,-9.98E-01,-9.87E-01,-9.93E-01
2.7845700e-001,-2.04E-02,-1.13E-01,-9.99E-01,-9.85E-01,-9.96E-01
2.7717497e-001,-1.47E-02,-1.07E-01,-9.99E-01,-9.91E-01,-9.93E-01
2.9794572e-001,2.7093908e-002,-6.17E-02,-9.89E-01,-8.17E-01,-9.02E-01
2.7920345e-001,-2.30E-02,-1.22E-01,-9.97E-01,-9.75E-01,-9.83E-01
2.7903836e-001,-1.48E-02,-1.17E-01,-9.97E-01,-9.82E-01,-9.83E-01
2.8013490e-001,-1.39E-02,-1.06E-01,-9.98E-01,-9.88E-01,-9.90E-01
2.7773106e-001,-1.82E-02,-1.09E-01,-9.97E-01,-9.93E-01,-9.96E-01
2.7556818e-001,-1.70E-02,-1.11E-01,-9.98E-01,-9.91E-01,-9.98E-01
2.7756171e-001,-1.43E-02,-1.08E-01,-9.98E-01,-9.94E-01,-9.96E-01
2.7715238e-001,-1.80E-02,-1.07E-01,-9.98E-01,-9.90E-01,-9.97E-01
2.7567630e-001,-2.13E-02,-1.11E-01,-9.98E-01,-9.90E-01,-9.95E-01
2.7920020e-001,-1.77E-02,-1.09E-01,-9.98E-01,-9.87E-01,-9.91E-01
2.8171549e-001,-1.19E-02,-1.03E-01,-9.99E-01,-9.88E-01,-9.93E-01
2.7899267e-001,-1.45E-02,-1.07E-01,-9.98E-01,-9.86E-01,-9.93E-01
2.7573444e-001,-1.80E-02,-1.07E-01,-9.99E-01,-9.94E-01,-9.94E-01
1.4450396e-001,1.8926326e-001,6.2769317e-002,-9.04E-01,-1.82E-01,-4.43E-01
2.8725164e-001,-3.75E-02,-1.46E-01,-9.83E-01,-8.92E-01,-9.41E-01
2.7999760e-001,-1.95E-02,-1.06E-01,-9.93E-01,-9.40E-01,-9.81E-01
2.2184689e-001,3.4107675e-002,-1.24E-01,-8.15E-01,-7.49E-01,-5.72E-01
-4.17E-02,1.7510248e-001,2.5551778e-002,-7.58E-01,-5.87E-01,-4.39E-01
1.3903671e-002,1.5329608e-001,1.6242945e-002,-8.09E-01,-5.73E-01,-6.26E-01
3.0368927e-001,-4.24E-03,-1.51E-01,-9.57E-01,-8.39E-01,-9.43E-01
2.9075969e-001,-2.40E-02,-1.17E-01,-9.77E-01,-9.64E-01,-9.63E-01
2.7090823e-001,-1.44E-02,-1.07E-01,-9.94E-01,-9.93E-01,-9.93E-01
2.7955340e-001,-1.70E-02,-1.11E-01,-9.96E-01,-9.96E-01,-9.98E-01
2.7635864e-001,-1.61E-02,-1.08E-01,-9.96E-01,-9.95E-01,-9.95E-01
2.3715407e-001,7.8251224e-003,-1.23E-01,-9.80E-01,-8.66E-01,-9.68E-01
2.7310840e-001,6.5181116e-003,-1.09E-01,-9.91E-01,-9.35E-01,-9.91E-01
2.8150539e-001,-1.84E-02,-1.11E-01,-9.95E-01,-9.84E-01,-9.91E-01
2.7843225e-001,-1.97E-02,-1.08E-01,-9.94E-01,-9.85E-01,-9.92E-01
2.7337960e-001,-9.94E-03,-1.08E-01,-9.96E-01,-9.82E-01,-9.93E-01
2.7905615e-001,-1.63E-02,-1.13E-01,-9.95E-01,-9.70E-01,-9.89E-01
2.7859910e-001,-1.99E-02,-1.11E-01,-9.95E-01,-9.79E-01,-9.88E-01
2.7328142e-001,-1.11E-02,-1.06E-01,-9.96E-01,-9.89E-01,-9.93E-01
2.7853812e-001,-1.62E-02,-1.10E-01,-9.97E-01,-9.83E-01,-9.95E-01
2.7746121e-001,-1.75E-02,-1.06E-01,-9.96E-01,-9.85E-01,-9.91E-01
2.7394057e-001,-1.31E-02,-1.05E-01,-9.96E-01,-9.88E-01,-9.88E-01
2.7930326e-001,-2.05E-02,-1.13E-01,-9.96E-01,-9.81E-01,-9.93E-01
2.7908720e-001,-1.91E-02,-1.06E-01,-9.96E-01,-9.79E-01,-9.91E-01
4.0347433e-001,-1.51E-02,-1.18E-01,-9.15E-01,-8.95E-01,-8.92E-01
2.7837321e-001,-2.06E-02,-9.68E-02,-9.85E-01,-9.91E-01,-9.82E-01
2.7655526e-001,-1.79E-02,-1.08E-01,-9.94E-01,-9.96E-01,-9.96E-01
2.7957476e-001,-1.73E-02,-1.09E-01,-9.96E-01,-9.96E-01,-9.99E-01
2.7652699e-001,-1.68E-02,-1.08E-01,-9.97E-01,-9.97E-01,-9.95E-01
2.7812334e-001,-1.71E-02,-1.08E-01,-9.95E-01,-9.98E-01,-9.92E-01
2.7800654e-001,-1.78E-02,-1.09E-01,-9.94E-01,-9.95E-01,-9.95E-01
2.8020640e-001,-1.84E-02,-1.07E-01,-9.96E-01,-9.94E-01,-9.92E-01
2.8182774e-001,-1.86E-02,-1.05E-01,-9.96E-01,-9.92E-01,-9.90E-01
2.7672941e-001,-1.72E-02,-1.06E-01,-9.95E-01,-9.91E-01,-9.93E-01
2.7588359e-001,-1.62E-02,-1.09E-01,-9.96E-01,-9.96E-01,-9.94E-01
2.7783021e-001,-1.77E-02,-1.06E-01,-9.96E-01,-9.96E-01,-9.95E-01
2.7937115e-001,-1.76E-02,-1.08E-01,-9.95E-01,-9.96E-01,-9.94E-01
1.9016151e-002,-7.04E-03,-2.83E-02,-6.61E-01,-7.13E-01,-7.01E-01
3.4020850e-001,-3.65E-02,-1.06E-01,-9.59E-01,-9.08E-01,-9.85E-01
-1.66E-01,-1.19E-01,1.3303497e-001,-6.33E-01,-1.90E-01,-3.19E-01
-2.39E-01,-9.69E-02,1.4803461e-001,-6.37E-01,-1.28E-01,-2.59E-01
3.4696848e-001,6.9408647e-002,-2.01E-01,-8.04E-01,-7.42E-01,-6.05E-01
3.0383319e-001,1.0364820e-001,-2.45E-01,-7.56E-01,-6.43E-01,-6.96E-01
-3.61E-01,-2.68E-01,1.7689637e-001,-5.99E-01,5.3250573e-001,4.3240256e-003
-2.77E-01,-6.84E-01,3.4665772e-001,-5.96E-01,2.4682958e-002,-1.60E-01
2.5747650e-001,-4.14E-01,1.7374188e-002,-9.20E-01,7.5259481e-002,-6.31E-01
2.7683965e-001,-2.71E-02,-1.23E-01,-9.77E-01,-5.88E-01,-9.71E-01
2.6865095e-001,1.6430154e-002,-1.04E-01,-9.86E-01,-8.96E-01,-9.88E-01
2.8526329e-001,-8.89E-03,-1.04E-01,-9.95E-01,-9.80E-01,-9.95E-01
2.8347732e-001,-7.52E-03,-1.09E-01,-9.95E-01,-9.87E-01,-9.96E-01
2.7302712e-001,-1.02E-02,-1.11E-01,-9.93E-01,-9.90E-01,-9.95E-01
2.8202157e-001,-3.77E-02,-1.35E-01,-3.28E-01,-1.37E-01,-1.89E-01
2.5584075e-001,-6.46E-02,-9.52E-02,-2.29E-01,1.6506077e-002,-2.60E-01
2.5486723e-001,3.8147234e-003,-1.24E-01,-2.75E-01,1.3079871e-002,-2.84E-01
3.4337048e-001,-1.44E-02,-1.67E-01,-2.30E-01,1.7391077e-001,-2.13E-01
2.7623973e-001,-2.96E-02,-1.43E-01,-2.27E-01,1.6428792e-001,-1.23E-01
2.5546822e-001,2.1219063e-002,-4.89E-02,-2.25E-01,2.2312942e-002,-1.13E-01
3.2113983e-001,1.5817951e-003,-4.36E-02,-2.34E-01,3.4774517e-002,-1.62E-01
2.3466590e-001,-4.95E-02,-1.12E-01,-2.47E-01,5.5164926e-002,-2.09E-01
3.1263404e-001,-2.64E-02,-1.31E-01,-3.53E-01,-1.74E-02,-1.28E-01
2.7691540e-001,-3.55E-02,-8.06E-02,-2.63E-01,1.1127781e-001,-2.13E-01
2.0530739e-001,-8.51E-03,-1.20E-01,-2.61E-01,2.7917204e-002,-2.27E-01
3.0699599e-001,-1.38E-02,-1.80E-01,-2.39E-01,7.2865343e-002,-2.47E-01
2.8151325e-001,-4.08E-02,-1.35E-01,-2.01E-01,1.3235411e-001,-2.20E-01
3.0388542e-001,2.7680377e-003,-3.86E-02,-1.69E-01,1.9033573e-001,-1.40E-01
3.5419290e-001,-1.26E-02,-5.87E-02,-2.08E-01,2.3479071e-001,-1.59E-01
2.2229785e-001,-1.87E-02,-1.17E-01,-2.21E-01,1.6981657e-001,-2.12E-01
2.1448125e-001,9.9387454e-003,-1.23E-01,-2.06E-01,1.0600620e-001,-2.11E-01
3.2731657e-001,-2.23E-02,-1.49E-01,-2.49E-01,1.3322913e-001,-1.80E-01
3.4905910e-001,-2.20E-02,-1.50E-01,-3.03E-01,1.5260681e-001,-1.74E-01
2.6468173e-001,-8.59E-03,-1.03E-01,-3.63E-01,3.6867249e-002,-2.44E-01
2.8431748e-001,-2.72E-02,-2.12E-01,-1.83E-01,1.4107588e-001,-2.26E-01
2.2172674e-001,-2.44E-02,-7.51E-02,-1.12E-01,1.1113028e-001,-2.22E-01
2.9097148e-001,-2.78E-02,-4.30E-02,-1.39E-01,3.8038012e-002,-2.67E-01
2.6108077e-001,-1.56E-02,-1.03E-01,-1.71E-01,2.0123607e-001,-2.62E-01
2.5242505e-001,6.2773455e-003,-1.25E-01,-2.37E-01,2.2348838e-001,-2.29E-01
3.5878664e-001,-1.70E-02,-1.55E-01,-2.51E-01,2.7005499e-001,-1.85E-01
2.5693500e-001,-1.06E-02,-1.05E-01,-2.30E-01,1.8733455e-001,-1.64E-01
2.9855414e-001,7.9445569e-004,-4.07E-02,-1.98E-01,-4.64E-03,-1.85E-01
3.0804575e-001,-2.33E-02,-7.97E-02,-1.99E-01,1.3432199e-001,-1.77E-01
2.0356167e-001,-3.05E-02,-1.37E-01,-2.47E-01,2.9855783e-001,-2.06E-01
2.8056095e-001,-1.14E-02,-1.56E-01,-2.74E-01,2.5843788e-001,-2.26E-01
3.3216933e-001,-3.46E-02,-1.59E-01,-2.94E-01,1.8968054e-001,-2.25E-01
2.8703017e-001,-2.72E-02,-1.18E-01,-3.12E-01,1.2700096e-001,-2.52E-01
3.0159413e-001,-4.47E-02,-8.15E-02,-1.78E-01,2.4283356e-001,-1.45E-01
2.4608919e-001,-1.62E-02,-1.12E-01,-2.22E-01,6.7040367e-002,-3.02E-01
2.9272439e-001,-2.14E-03,-1.40E-01,-2.53E-01,4.1978126e-002,-2.75E-01
3.3156003e-001,-7.50E-03,-1.32E-01,-2.46E-01,1.0293816e-001,-2.33E-01
2.0201055e-001,-9.04E-03,-7.91E-02,-2.21E-01,1.2313624e-001,-2.22E-01
3.0363491e-001,-1.47E-02,-4.26E-02,-2.15E-01,1.2091731e-001,-2.19E-01
3.5919361e-001,-1.81E-02,-7.23E-02,-2.63E-01,5.7066065e-002,-2.48E-01
2.2442754e-001,-3.15E-02,-1.27E-01,-3.93E-01,-2.07E-02,-2.63E-01
2.3995826e-001,-9.71E-03,-1.22E-01,-3.71E-01,-7.20E-02,-3.02E-01
2.8972747e-001,1.5342720e-002,-1.17E-01,-3.69E-01,-8.33E-02,-2.63E-01
3.0830537e-001,-1.99E-02,-1.60E-01,-4.39E-01,3.3127826e-003,-2.09E-01
3.2746543e-001,-3.57E-02,-1.82E-01,-3.67E-01,3.4414774e-002,-1.94E-01
2.3841102e-001,-2.32E-02,-1.13E-01,-3.20E-01,2.7333313e-002,-1.82E-01
1.8019430e-001,-1.78E-02,-3.93E-02,-3.77E-01,2.3526725e-002,-2.47E-01
3.5845532e-001,1.7975385e-002,-8.42E-02,-1.72E-01,-1.88E-01,-4.00E-01
3.0171512e-001,-7.05E-03,-9.37E-02,-4.01E-02,-1.41E-01,-3.26E-01
2.8155172e-001,-1.61E-02,-1.40E-01,-9.47E-02,-7.35E-03,-3.47E-01
2.7395574e-001,-2.29E-02,-1.27E-01,-1.33E-01,1.3226521e-001,-3.36E-01
2.9995717e-001,1.4082123e-002,-8.23E-02,6.9268419e-002,5.7800324e-002,-2.35E-01
2.6537379e-001,-1.72E-02,-1.39E-01,1.2036221e-001,8.3343662e-002,-2.22E-01
2.7763311e-001,-3.73E-02,-1.00E-01,-2.18E-02,-3.21E-02,-1.97E-01
2.6688016e-001,-2.31E-03,-6.37E-02,-5.00E-02,-2.47E-01,-2.59E-01
2.1070047e-001,-5.97E-03,-1.10E-01,-6.42E-02,-2.02E-01,-3.28E-01
2.8521305e-001,-2.02E-02,-1.10E-02,1.2298877e-001,8.1945720e-002,4.9997153e-002
4.6994580e-001,-3.36E-02,-1.41E-01,1.1546276e-001,1.9113399e-002,-3.45E-02
2.3528441e-001,-1.46E-02,-2.08E-01,9.9089605e-002,3.0073470e-001,-2.06E-01
1.6691360e-001,-3.37E-02,-1.33E-01,5.2910086e-002,2.6572452e-001,-2.13E-01
4.4562097e-001,-1.19E-02,-1.51E-01,1.1820941e-001,-5.10E-02,-1.47E-01
2.3179921e-001,-7.52E-03,-5.58E-02,6.3689044e-002,-1.72E-02,-2.30E-01
2.8134949e-001,-7.10E-04,-8.70E-03,1.4664050e-001,-1.58E-01,-2.40E-01
3.6248249e-001,-3.55E-03,-1.81E-01,2.4954917e-001,-2.12E-01,-1.69E-01
4.3503687e-001,-6.59E-03,-8.29E-02,7.8451291e-002,-9.87E-02,-2.64E-01
3.5119884e-001,2.1866728e-002,-1.49E-01,7.6174685e-002,-1.00E-01,-2.98E-01
1.3046118e-001,-5.50E-02,-1.32E-01,-1.07E-01,1.0655765e-001,-2.28E-01
3.1277629e-001,-5.04E-02,-4.30E-02,2.6284824e-002,1.6827786e-001,-1.86E-01
4.2595606e-001,2.4560000e-002,-1.51E-01,9.9239639e-002,-3.82E-02,-2.72E-01
2.6749864e-001,-1.83E-02,-1.69E-01,-4.12E-02,-1.34E-01,-3.11E-01
1.5439416e-001,1.6045166e-003,-1.05E-02,-2.36E-02,-1.97E-01,-2.92E-01
2.0535149e-001,-3.81E-03,-3.26E-02,1.9304723e-002,-2.30E-01,-3.08E-01
1.8360372e-001,-7.66E-02,-4.70E-02,-3.68E-01,-9.92E-02,2.0546431e-002
2.7918273e-001,-3.70E-02,-1.34E-01,-3.59E-01,-1.24E-01,-1.03E-01
3.0116241e-001,-1.76E-03,-1.07E-01,-3.63E-01,1.2200422e-003,-1.12E-01
2.9341097e-001,-1.87E-02,-6.62E-02,-3.68E-01,9.5662930e-002,-1.93E-02
2.3030990e-001,2.1737117e-003,-4.31E-02,-3.35E-01,-2.04E-02,3.1209990e-002
1.5851651e-001,4.2561454e-003,-1.88E-02,-4.06E-01,-8.36E-02,-1.25E-02
2.1524532e-001,-3.26E-02,-1.19E-01,-4.07E-01,-6.89E-02,2.5753713e-002
2.7147742e-001,-3.07E-02,-1.56E-01,-3.42E-01,-1.53E-01,2.1435303e-002
1.4085877e-001,-6.83E-02,-7.21E-02,-2.34E-01,-7.94E-02,-3.37E-02
2.3145946e-001,-1.33E-02,-9.24E-02,-3.17E-01,-1.14E-01,-7.12E-02
2.9569289e-001,-1.73E-02,-9.99E-02,-3.57E-01,4.1165280e-002,-9.11E-02
3.4408292e-001,-1.97E-02,-1.42E-01,-3.61E-01,1.9695865e-002,-1.01E-01
3.3299252e-001,-3.03E-02,-1.14E-01,-4.28E-01,-1.21E-01,-9.01E-02
3.1672153e-001,-2.39E-02,-1.11E-01,-4.21E-01,-5.50E-03,-1.79E-02
2.7425493e-001,-2.90E-02,-1.56E-01,-3.96E-01,-9.68E-02,-3.82E-02
2.6034404e-001,-3.37E-02,-1.27E-01,-4.34E-01,-2.38E-01,-7.32E-02
2.7771111e-001,-8.93E-03,-8.12E-02,-4.58E-01,-2.10E-01,7.2308160e-003
2.2622757e-001,-5.37E-02,-1.13E-01,-3.51E-01,-9.30E-03,7.7882978e-003
2.5960382e-001,-1.81E-02,-1.14E-01,-3.52E-01,4.8864663e-002,-7.81E-02
3.4402821e-001,-3.59E-02,-9.42E-02,-3.97E-01,1.6760570e-001,-4.53E-02
3.7052032e-001,-8.88E-03,-1.52E-01,-4.43E-01,1.2090121e-001,5.7691449e-002
2.7321360e-001,-1.25E-02,-1.28E-01,-4.46E-01,9.5902307e-003,-3.13E-02
2.3124563e-001,-7.22E-03,-3.50E-02,-4.71E-01,1.1840328e-002,-5.55E-02
2.5025528e-001,7.7234474e-003,-5.85E-02,-3.88E-01,-2.94E-02,5.4298832e-002
2.3033751e-001,-2.18E-02,-1.19E-01,-3.61E-01,-1.48E-01,-2.26E-02
2.2969556e-001,-5.22E-02,-1.12E-01,-3.44E-01,-1.70E-01,-5.16E-02
2.6076161e-001,-3.54E-02,-1.37E-01,-9.74E-01,-9.29E-01,-8.75E-01
2.8981703e-001,-1.08E-02,-1.20E-01,-9.95E-01,-9.74E-01,-9.18E-01
2.8451133e-001,-8.54E-03,-9.00E-02,-9.94E-01,-9.79E-01,-9.77E-01
2.8527440e-001,-4.51E-03,-1.14E-01,-9.94E-01,-9.57E-01,-9.77E-01
2.7239664e-001,-2.37E-02,-1.13E-01,-9.90E-01,-9.16E-01,-9.77E-01
2.6580577e-001,-3.28E-02,-1.17E-01,-9.93E-01,-9.51E-01,-9.76E-01
2.7842600e-001,-1.71E-02,-1.25E-01,-9.94E-01,-9.87E-01,-9.82E-01
2.7942505e-001,-1.49E-02,-1.10E-01,-9.97E-01,-9.95E-01,-9.84E-01
2.7526076e-001,-1.61E-02,-1.03E-01,-9.96E-01,-9.79E-01,-9.92E-01
2.7687455e-001,-1.86E-02,-1.13E-01,-9.96E-01,-9.77E-01,-9.87E-01
2.7924170e-001,-1.73E-02,-1.14E-01,-9.98E-01,-9.89E-01,-9.86E-01
2.7884783e-001,-1.53E-02,-1.07E-01,-9.98E-01,-9.84E-01,-9.92E-01
2.7368218e-001,-2.00E-02,-1.08E-01,-9.97E-01,-9.77E-01,-9.93E-01
2.7394901e-001,-2.18E-02,-1.17E-01,-9.96E-01,-9.85E-01,-9.87E-01
3.2236308e-001,3.4225504e-002,-5.74E-02,-9.70E-01,-8.00E-01,-8.96E-01
2.7452620e-001,-2.51E-02,-1.23E-01,-9.94E-01,-9.64E-01,-9.59E-01
2.7380646e-001,-1.97E-02,-1.20E-01,-9.98E-01,-9.77E-01,-9.82E-01
2.7664268e-001,-1.68E-02,-9.94E-02,-9.98E-01,-9.87E-01,-9.96E-01
2.7436388e-001,-2.34E-02,-1.10E-01,-9.97E-01,-9.89E-01,-9.81E-01
2.7475366e-001,-2.01E-02,-1.21E-01,-9.98E-01,-9.80E-01,-9.95E-01
2.7872042e-001,-1.45E-02,-1.15E-01,-9.98E-01,-9.86E-01,-9.98E-01
2.7938002e-001,-1.54E-02,-1.11E-01,-9.98E-01,-9.92E-01,-9.99E-01
2.7734354e-001,-1.57E-02,-1.08E-01,-9.98E-01,-9.93E-01,-9.99E-01
2.7796276e-001,-1.50E-02,-1.06E-01,-9.97E-01,-9.90E-01,-9.93E-01
2.7997806e-001,-1.55E-02,-1.06E-01,-9.98E-01,-9.91E-01,-9.92E-01
2.7970111e-001,-1.58E-02,-1.09E-01,-9.99E-01,-9.94E-01,-9.92E-01
2.6297624e-001,-2.87E-04,-1.76E-01,-9.50E-01,-6.15E-01,-8.98E-01
2.9811757e-001,-3.56E-02,-1.16E-01,-9.90E-01,-9.08E-01,-9.46E-01
2.7727452e-001,-1.17E-02,-1.03E-01,-9.97E-01,-9.84E-01,-9.84E-01
2.7866687e-001,-1.80E-02,-1.10E-01,-9.98E-01,-9.91E-01,-9.89E-01
2.7873199e-001,-1.81E-02,-1.08E-01,-9.97E-01,-9.92E-01,-9.91E-01
2.7559191e-001,-1.40E-02,-1.08E-01,-9.98E-01,-9.94E-01,-9.94E-01
2.7832678e-001,-1.76E-02,-1.10E-01,-9.97E-01,-9.90E-01,-9.95E-01
2.7839415e-001,-1.84E-02,-1.12E-01,-9.97E-01,-9.92E-01,-9.99E-01
2.7750957e-001,-1.63E-02,-1.10E-01,-9.97E-01,-9.94E-01,-9.97E-01
2.7798405e-001,-1.79E-02,-1.07E-01,-9.96E-01,-9.93E-01,-9.96E-01
2.7564442e-001,-1.55E-02,-1.08E-01,-9.97E-01,-9.91E-01,-9.96E-01
3.9365355e-001,-2.36E-02,-1.26E-01,-9.62E-01,-9.45E-01,-9.01E-01
3.1932383e-001,-2.49E-02,-9.98E-02,-9.67E-01,-9.74E-01,-9.76E-01
2.7903686e-001,-1.67E-02,-1.09E-01,-9.95E-01,-9.95E-01,-9.95E-01
2.8166540e-001,-1.76E-02,-1.11E-01,-9.94E-01,-9.94E-01,-9.95E-01
2.7714164e-001,-1.81E-02,-1.10E-01,-9.95E-01,-9.95E-01,-9.92E-01
2.7890115e-001,-1.78E-02,-1.07E-01,-9.96E-01,-9.97E-01,-9.94E-01
2.7972834e-001,-1.60E-02,-1.07E-01,-9.95E-01,-9.97E-01,-9.94E-01
2.7603949e-001,-1.74E-02,-1.09E-01,-9.96E-01,-9.92E-01,-9.93E-01
2.7831632e-001,-1.80E-02,-1.08E-01,-9.96E-01,-9.92E-01,-9.96E-01
2.7575263e-001,-1.68E-02,-1.06E-01,-9.95E-01,-9.94E-01,-9.99E-01
2.7885089e-001,-1.65E-02,-1.09E-01,-9.95E-01,-9.95E-01,-9.96E-01
2.8202074e-001,-1.76E-02,-1.08E-01,-9.95E-01,-9.97E-01,-9.95E-01
3.1076307e-001,1.8053586e-002,-2.06E-01,-9.50E-01,-8.45E-01,-7.20E-01
2.6453910e-001,-1.97E-02,-7.19E-02,-9.94E-01,-9.50E-01,-9.67E-01
2.6963511e-001,-8.93E-03,-8.94E-02,-9.97E-01,-9.67E-01,-9.86E-01
2.7259354e-001,-5.76E-03,-1.09E-01,-9.98E-01,-9.86E-01,-9.90E-01
2.7682826e-001,-1.61E-02,-1.10E-01,-9.97E-01,-9.87E-01,-9.88E-01
2.7615990e-001,-1.33E-02,-1.06E-01,-9.96E-01,-9.80E-01,-9.93E-01
2.7575308e-001,-1.03E-02,-1.10E-01,-9.96E-01,-9.83E-01,-9.96E-01
2.7790646e-001,-1.71E-02,-1.10E-01,-9.98E-01,-9.87E-01,-9.96E-01
2.7554943e-001,-1.41E-02,-1.09E-01,-9.98E-01,-9.85E-01,-9.96E-01
2.7778196e-001,-1.59E-02,-1.11E-01,-9.97E-01,-9.82E-01,-9.97E-01
2.7725766e-001,-1.42E-02,-1.12E-01,-9.97E-01,-9.78E-01,-9.97E-01
2.7426151e-001,-1.23E-02,-1.09E-01,-9.94E-01,-9.77E-01,-9.89E-01
-6.62E-02,7.9229050e-002,-1.00E+00,-6.84E-01,-5.39E-01,-8.51E-02
-8.33E-02,1.0297707e-002,-5.16E-01,-7.38E-01,-8.78E-01,5.7095425e-002
2.5911510e-001,-1.80E-02,-1.20E-01,-9.57E-01,-9.50E-01,-8.25E-01
2.9230775e-001,-6.93E-03,-2.93E-02,-9.60E-01,-9.24E-01,-6.52E-01
3.2588645e-001,8.1689933e-004,1.6658077e-002,-9.82E-01,-9.47E-01,-7.36E-01
3.0005315e-001,-1.81E-02,-1.08E-01,-9.82E-01,-9.83E-01,-9.36E-01
2.8809417e-001,-2.28E-02,-1.35E-01,-9.86E-01,-9.93E-01,-9.83E-01
2.7676588e-001,-1.81E-02,-1.20E-01,-9.91E-01,-9.85E-01,-9.53E-01
2.4389788e-001,-2.76E-02,-1.82E-01,-9.67E-01,-9.41E-01,-7.67E-01
1.8047854e-001,-4.25E-02,-2.81E-01,-9.57E-01,-9.40E-01,-7.63E-01
2.0896421e-001,-2.27E-02,-1.66E-01,-9.54E-01,-9.31E-01,-7.26E-01
2.5012584e-001,-2.27E-02,-6.48E-02,-4.44E-01,-2.24E-03,-2.96E-01
2.7324282e-001,6.0649186e-003,-8.83E-02,-3.94E-01,4.3959010e-002,-2.81E-01
3.4625374e-001,-1.89E-02,-7.13E-02,-3.52E-01,-4.83E-03,-3.31E-01
3.2599307e-001,-1.66E-02,-5.51E-02,-3.09E-01,7.0430284e-002,-3.60E-01
2.7052000e-001,-1.63E-02,-1.03E-01,-3.39E-01,9.2647463e-002,-3.20E-01
2.2667958e-001,-3.61E-02,-1.39E-01,-3.76E-01,8.4023999e-002,-3.01E-01
2.3948442e-001,-1.71E-02,-1.23E-01,-3.51E-01,1.6141265e-001,-3.01E-01
2.9542323e-001,3.0962138e-003,-1.28E-01,-4.03E-01,9.2371244e-002,-3.34E-01
2.8051914e-001,-1.88E-02,-2.19E-01,-3.05E-01,1.3337442e-002,-3.10E-01
3.4708066e-001,-3.70E-02,-1.31E-01,-2.67E-01,1.9113155e-001,-2.93E-01
2.8375642e-001,-2.56E-02,-1.22E-01,-3.10E-01,1.8795735e-001,-3.15E-01
2.3285893e-001,6.0932862e-003,-1.10E-01,-3.36E-01,9.5717473e-003,-3.32E-01
2.7194632e-001,3.8772773e-003,-5.37E-02,-3.15E-01,7.4906345e-002,-3.35E-01
3.4859482e-001,-9.29E-03,-4.84E-02,-2.96E-01,1.8386365e-001,-3.41E-01
3.2551283e-001,-3.04E-02,-9.04E-02,-3.24E-01,1.8394759e-001,-3.33E-01
2.1453672e-001,-3.28E-02,-1.24E-01,-3.14E-01,1.6878457e-001,-3.15E-01
2.2009445e-001,-2.15E-02,-1.51E-01,-2.82E-01,1.9933832e-001,-3.11E-01
2.8384717e-001,-3.05E-03,-1.28E-01,-3.31E-01,1.7223651e-001,-3.26E-01
2.7305549e-001,-1.82E-02,-1.28E-01,-3.36E-01,1.0671783e-001,-3.20E-01
2.9286452e-001,-4.03E-02,-1.51E-01,-2.50E-01,1.8840369e-001,-2.69E-01
2.8562929e-001,-3.30E-02,-1.21E-01,-2.33E-01,1.7256407e-001,-2.13E-01
1.5618659e-001,-4.96E-02,-1.13E-01,-2.97E-01,1.7556848e-001,-2.54E-01
2.9644415e-001,1.4086002e-002,-1.03E-02,-3.34E-01,8.4803856e-002,-2.64E-01
3.9824941e-001,2.7317684e-002,-6.30E-02,-2.86E-01,1.6232262e-001,-2.11E-01
3.2858963e-001,-2.33E-02,-8.18E-02,-2.69E-01,2.6706359e-001,-2.44E-01
2.4003888e-001,-1.74E-02,-8.59E-02,-2.72E-01,1.6648261e-001,-3.05E-01
2.7845960e-001,-2.34E-02,-1.30E-01,-2.77E-01,1.2280051e-001,-3.14E-01
2.6682128e-001,-1.86E-02,-1.30E-01,-3.32E-01,1.8823401e-001,-3.29E-01
2.8656754e-001,2.0619282e-002,-9.25E-02,-3.58E-01,1.8479877e-001,-3.60E-01
3.0583985e-001,-2.19E-03,-1.25E-01,-3.09E-01,1.9143432e-001,-3.18E-01
3.1035963e-001,-5.46E-02,-1.39E-01,-2.99E-01,1.3141489e-001,-3.11E-01
2.8772456e-001,-3.89E-02,-1.21E-01,-3.45E-01,6.5631103e-002,-3.75E-01
2.2003494e-001,-7.87E-03,-1.06E-01,-3.26E-01,6.9516573e-002,-3.36E-01
2.3398475e-001,7.7570244e-003,-8.75E-02,-3.78E-01,5.8069745e-002,-3.33E-01
2.4898582e-001,-5.37E-02,-2.55E-01,-3.30E-01,1.9176801e-001,-2.63E-01
2.2251789e-001,-1.56E-02,-1.03E-01,-2.89E-01,2.4541959e-001,-3.09E-01
2.2247974e-001,-6.20E-03,-7.94E-02,-3.57E-01,2.4885114e-001,-3.21E-01
2.8111697e-001,7.3702798e-003,-1.22E-01,-3.86E-01,8.6354768e-002,-3.01E-01
2.8618516e-001,7.8622212e-004,-1.43E-01,-3.26E-01,1.5934321e-002,-3.27E-01
2.9672786e-001,-7.96E-03,-1.20E-01,-2.84E-01,5.8916836e-002,-3.08E-01
2.9668098e-001,-4.27E-02,-1.05E-01,-2.31E-01,2.0955781e-001,-2.63E-01
2.7330795e-001,-4.30E-02,-1.17E-01,-1.96E-01,2.2052185e-001,-2.60E-01
2.3887121e-001,7.6402593e-003,-1.06E-01,-1.97E-01,1.4511247e-001,-2.72E-01
2.4080870e-001,-5.09E-04,-9.56E-02,-2.38E-01,1.5699169e-001,-2.77E-01
3.6562924e-001,-2.04E-02,-8.93E-02,-1.87E-01,1.9409125e-001,-2.57E-01
3.3117237e-001,-2.87E-02,-1.08E-01,-2.18E-01,2.0800249e-001,-2.88E-01
1.9022310e-001,-3.89E-02,-9.87E-02,-3.31E-01,4.4813142e-002,-3.54E-01
2.3003885e-001,-2.20E-02,-9.79E-02,-3.25E-01,5.1074897e-002,-3.74E-01
3.4449070e-001,2.1733464e-002,-2.04E-01,-5.50E-02,-2.71E-01,-3.27E-01
2.0714979e-001,-3.44E-03,-1.43E-01,-1.17E-02,-2.62E-01,-1.97E-01
1.6866360e-001,5.2146924e-002,-8.28E-02,-9.36E-02,1.3379801e-001,-3.58E-01
4.1024452e-001,-7.98E-03,-1.69E-01,4.3013494e-002,3.0920272e-001,-2.18E-01
4.1043867e-001,-6.47E-02,-1.24E-01,-1.94E-02,6.6715357e-002,-2.48E-01
2.6097364e-001,5.1912105e-003,-1.46E-01,8.4312071e-005,-1.71E-01,-3.09E-01
1.9239073e-001,1.5226187e-002,-1.63E-01,1.0612827e-001,-1.07E-01,-2.46E-01
1.6085356e-001,-6.78E-02,-4.82E-02,-3.47E-01,-1.93E-02,-7.79E-02
1.9737448e-001,-2.31E-02,-1.02E-01,-3.65E-01,4.8352899e-003,-5.53E-02
2.8930934e-001,-3.96E-02,-1.20E-01,-3.33E-01,5.3256497e-002,-3.51E-02
3.0968525e-001,-2.62E-02,-6.22E-02,-3.18E-01,3.7175030e-002,-6.68E-02
2.4748304e-001,5.6547901e-004,-7.52E-02,-2.72E-01,4.1668432e-002,-9.05E-02
2.4404031e-001,-3.03E-02,-1.14E-01,-3.10E-01,1.3725268e-001,-2.27E-02
2.9942617e-001,-1.02E-02,-1.18E-01,-3.70E-01,1.4772068e-001,5.8372054e-003
2.7386865e-001,-1.15E-02,-1.54E-01,-3.75E-01,1.5384127e-002,-4.74E-03
2.7278629e-001,-3.45E-02,-1.27E-01,-3.51E-01,-8.37E-02,3.9705168e-002
2.1800676e-001,-7.49E-02,-5.27E-02,-2.31E-01,2.6464865e-002,8.3795658e-002
2.6760132e-001,-3.28E-02,-1.13E-01,-2.91E-01,2.8228130e-002,-1.15E-02
2.0297773e-001,7.4192704e-003,-9.30E-02,-4.00E-01,1.2405750e-001,-1.15E-01
2.9261951e-001,-1.36E-02,-9.24E-02,-2.84E-01,2.2950106e-001,-2.73E-02
2.5244236e-001,-1.55E-02,-7.01E-02,-2.80E-01,1.1832364e-001,-1.67E-03
1.8944069e-001,-2.78E-03,-6.58E-02,-3.58E-01,9.0007086e-002,-1.05E-02
2.5745284e-001,-4.34E-02,-1.17E-01,-2.92E-01,4.3031668e-002,6.0035760e-002
2.7958090e-001,-2.93E-02,-1.37E-01,-2.68E-01,-7.74E-03,7.5540628e-002
2.8068106e-001,-4.73E-03,-1.21E-01,-3.21E-01,-2.22E-02,1.4183776e-002
1.7993953e-001,-6.02E-02,-1.77E-02,-3.22E-01,-3.20E-02,2.5549108e-002
2.2588802e-001,-2.20E-02,-1.08E-01,-3.73E-01,-5.09E-02,4.0737059e-003
2.6439312e-001,9.1204488e-003,-1.05E-01,-3.48E-01,1.4039597e-001,1.1393719e-002
2.8541537e-001,1.6833852e-002,-1.07E-01,-3.24E-01,1.2961937e-001,-1.26E-02
2.3826921e-001,1.2396818e-004,-9.38E-02,-3.34E-01,-5.09E-02,-2.18E-02
1.8359029e-001,-2.09E-02,-5.25E-02,-4.12E-01,5.9014639e-002,-3.60E-02
2.1462352e-001,-2.68E-02,-1.03E-01,-3.69E-01,7.2591879e-002,-1.11E-02
2.6001212e-001,-3.00E-02,-1.10E-01,-2.99E-01,-1.24E-02,7.6330751e-003
3.2955346e-001,-4.58E-02,-6.87E-02,-3.46E-01,-8.84E-02,6.1060465e-002
2.0876832e-001,3.0679246e-002,3.7288816e-002,2.1587644e-001,9.2031790e-002,-2.96E-01
3.5382353e-001,-2.49E-02,-8.64E-02,1.9370605e-001,-7.49E-02,-1.33E-01
3.5619073e-001,-5.18E-02,-1.59E-01,3.7342853e-002,4.6611140e-002,-1.04E-01
2.2259283e-001,-2.45E-02,-1.54E-01,-7.26E-02,3.4805649e-002,-2.29E-01
2.2966134e-001,2.6781905e-002,-1.89E-01,2.1919427e-002,-1.64E-01,-2.22E-01
2.1537091e-001,-4.53E-02,-1.02E-01,-1.13E-01,1.4702144e-001,-2.62E-01
3.4355324e-001,-2.42E-02,-1.77E-02,6.2287515e-002,1.5837942e-001,-3.01E-01
2.9010859e-001,3.2174046e-002,-4.86E-02,1.9366618e-001,-1.31E-01,-2.16E-01
2.5079554e-001,-3.46E-03,-7.05E-02,8.4826725e-002,-2.30E-01,-2.06E-01
4.0209809e-001,-4.04E-02,-7.29E-02,1.0621877e-001,9.5492150e-002,-1.67E-01
4.1983326e-001,-5.62E-02,-1.55E-01,6.7272151e-002,-3.57E-02,-1.32E-01
3.1393890e-001,-2.81E-02,-1.54E-01,-4.56E-02,6.3968128e-002,-2.49E-01
2.5994947e-001,-2.27E-02,-1.02E-01,-5.77E-03,9.2542018e-002,-2.54E-01
2.0382780e-001,-1.72E-04,-8.31E-02,1.7821599e-002,4.2601791e-002,-1.58E-01
1.8594631e-001,-1.18E-02,-3.61E-02,-8.07E-03,-9.52E-02,-1.14E-01
3.3584724e-001,1.1445562e-002,-8.00E-02,6.6364545e-003,-2.71E-01,-1.30E-01
2.8606480e-001,1.6799817e-002,-1.63E-01,3.0550912e-002,-1.96E-01,-2.18E-01
2.3601277e-001,-2.69E-02,1.8639534e-001,-8.54E-01,-7.95E-01,-6.06E-01
2.6731751e-001,-3.24E-02,-6.29E-02,-9.64E-01,-8.65E-01,-8.68E-01
2.8335241e-001,-1.07E-02,-1.17E-01,-9.93E-01,-9.65E-01,-9.90E-01
2.6927723e-001,-3.26E-02,-1.30E-01,-9.74E-01,-9.33E-01,-9.70E-01
2.7836180e-001,-1.37E-02,-1.29E-01,-9.61E-01,-8.37E-01,-9.44E-01
3.0643156e-001,2.7459372e-002,-1.04E-01,-9.64E-01,-7.99E-01,-9.28E-01
2.8749007e-001,1.6839126e-002,-6.52E-02,-9.56E-01,-7.63E-01,-9.00E-01
2.6287883e-001,-2.24E-02,-8.36E-02,-9.61E-01,-7.81E-01,-8.76E-01
2.7944197e-001,-2.31E-02,-1.23E-01,-9.50E-01,-7.36E-01,-8.96E-01
2.8643265e-001,-2.38E-02,-1.23E-01,-9.16E-01,-7.11E-01,-8.80E-01
2.7293268e-001,-3.91E-02,-1.10E-01,-9.17E-01,-7.87E-01,-8.59E-01
2.4847403e-001,-3.80E-02,-3.01E-02,-9.49E-01,-8.59E-01,-7.87E-01
2.6582646e-001,-3.17E-02,-8.40E-02,-9.63E-01,-9.05E-01,-7.49E-01
2.7605329e-001,-1.54E-02,-1.32E-01,-9.58E-01,-8.78E-01,-8.74E-01
2.6377017e-001,-2.12E-02,-8.17E-02,-9.30E-01,-8.52E-01,-9.21E-01
2.7088078e-001,-3.87E-02,-1.08E-01,-9.28E-01,-8.77E-01,-9.27E-01
4.3020885e-001,1.0254087e-001,-5.56E-02,-9.22E-01,-6.08E-01,-7.94E-01
2.9495455e-001,9.0757870e-003,-1.03E-01,-9.76E-01,-8.09E-01,-9.06E-01
2.7456461e-001,-2.80E-02,-1.23E-01,-9.93E-01,-9.72E-01,-9.65E-01
2.6924174e-001,-2.55E-02,-1.00E-01,-9.94E-01,-9.75E-01,-9.86E-01
2.7392022e-001,-1.60E-02,-9.87E-02,-9.90E-01,-9.64E-01,-9.87E-01
2.8827279e-001,-6.33E-03,-1.05E-01,-9.81E-01,-9.50E-01,-9.78E-01
2.8410731e-001,-1.01E-02,-1.02E-01,-9.78E-01,-9.46E-01,-9.74E-01
2.7010097e-001,-2.36E-02,-1.01E-01,-9.88E-01,-9.56E-01,-9.77E-01
2.7319016e-001,-2.33E-02,-1.07E-01,-9.95E-01,-9.65E-01,-9.86E-01
2.8011247e-001,-1.26E-02,-1.06E-01,-9.97E-01,-9.88E-01,-9.91E-01
2.7739954e-001,-1.55E-02,-1.11E-01,-9.98E-01,-9.90E-01,-9.94E-01
2.7487138e-001,-1.96E-02,-1.12E-01,-9.99E-01,-9.94E-01,-9.96E-01
2.7952882e-001,-1.64E-02,-1.06E-01,-9.98E-01,-9.91E-01,-9.94E-01
2.8139210e-001,-1.24E-02,-1.05E-01,-9.98E-01,-9.94E-01,-9.94E-01
2.8247452e-001,-1.11E-02,-1.33E-01,-9.92E-01,-9.52E-01,-9.54E-01
3.2565360e-001,2.8817786e-002,-3.21E-02,-9.21E-01,-2.09E-01,-4.96E-01
2.6217511e-001,-6.28E-02,-1.57E-01,-9.88E-01,-7.65E-01,-8.64E-01
2.7439932e-001,-1.77E-03,-8.33E-02,-9.92E-01,-9.47E-01,-9.70E-01
2.7118439e-001,-1.15E-02,-8.99E-02,-9.95E-01,-9.73E-01,-9.79E-01
2.7055607e-001,-6.12E-03,-9.20E-02,-9.95E-01,-9.71E-01,-9.82E-01
2.6051905e-001,9.8193055e-003,-7.85E-02,-9.92E-01,-9.53E-01,-9.72E-01
9.3068135e-002,1.5040887e-001,5.1458368e-002,-8.73E-01,-5.37E-01,-7.51E-01
-1.81E-01,3.2412953e-001,1.2938955e-001,-8.67E-01,-5.81E-01,-7.77E-01
-6.15E-02,1.7408171e-001,3.1555899e-002,-8.26E-01,-3.24E-01,-8.08E-01
2.3159725e-001,-2.32E-02,-6.45E-02,-9.36E-01,-8.94E-01,-9.23E-01
2.7500006e-001,-1.87E-02,-1.03E-01,-9.75E-01,-9.44E-01,-9.77E-01
2.5401543e-001,-1.07E-02,-9.42E-02,-9.80E-01,-9.70E-01,-9.73E-01
3.7655125e-001,-1.13E-01,-2.68E-01,-9.29E-01,-5.42E-01,-8.30E-01
2.7732739e-001,1.9990398e-002,-1.52E-01,-9.79E-01,-8.63E-01,-8.94E-01
2.6788442e-001,6.0403153e-003,-1.00E-01,-9.91E-01,-9.24E-01,-9.81E-01
2.7687512e-001,-1.57E-02,-1.03E-01,-9.96E-01,-9.69E-01,-9.78E-01
2.7589441e-001,-1.54E-02,-9.63E-02,-9.97E-01,-9.75E-01,-9.75E-01
2.7463913e-001,-1.46E-02,-9.64E-02,-9.97E-01,-9.85E-01,-9.81E-01
2.7565662e-001,-1.84E-02,-1.08E-01,-9.96E-01,-9.90E-01,-9.92E-01
2.8167526e-001,-1.78E-02,-1.24E-01,-9.93E-01,-9.80E-01,-9.57E-01
2.8685725e-001,-2.27E-02,-1.44E-01,-9.91E-01,-9.62E-01,-9.68E-01
2.7950407e-001,-2.05E-02,-1.20E-01,-9.92E-01,-9.64E-01,-9.63E-01
2.7376357e-001,-1.38E-02,-1.00E-01,-9.97E-01,-9.90E-01,-9.83E-01
2.7789697e-001,-1.65E-02,-1.05E-01,-9.97E-01,-9.89E-01,-9.88E-01
2.7771536e-001,-1.80E-02,-1.05E-01,-9.97E-01,-9.89E-01,-9.92E-01
2.7416643e-001,-1.42E-02,-9.76E-02,-9.97E-01,-9.88E-01,-9.90E-01
2.6307307e-001,-2.07E-02,-1.04E-01,-9.19E-01,-7.67E-01,-7.98E-01
2.5924966e-001,-1.04E-02,-1.01E-01,-9.78E-01,-9.05E-01,-9.27E-01
2.7312230e-001,-2.41E-02,-9.18E-02,-9.91E-01,-9.56E-01,-9.74E-01
2.8093600e-001,-1.88E-02,-1.08E-01,-9.96E-01,-9.79E-01,-9.86E-01
2.8919046e-001,-1.69E-02,-1.09E-01,-9.93E-01,-9.76E-01,-9.90E-01
2.9412126e-001,-1.53E-02,-1.11E-01,-9.92E-01,-9.64E-01,-9.80E-01
2.7408717e-001,-1.47E-02,-1.15E-01,-9.87E-01,-9.67E-01,-9.80E-01
2.7076432e-001,-1.98E-02,-1.02E-01,-9.86E-01,-9.50E-01,-9.73E-01
2.8778228e-001,-2.03E-02,-1.02E-01,-9.80E-01,-9.36E-01,-9.66E-01
2.8882018e-001,-1.57E-02,-1.13E-01,-9.77E-01,-9.49E-01,-9.58E-01
3.0174345e-001,-1.06E-02,-1.27E-01,-9.79E-01,-9.64E-01,-9.58E-01
2.8931482e-001,-1.41E-02,-1.16E-01,-9.80E-01,-9.70E-01,-9.63E-01
2.5651512e-001,-1.50E-02,-1.05E-01,-9.88E-01,-9.60E-01,-9.71E-01
2.8684091e-001,-1.37E-02,-1.19E-01,-9.70E-01,-9.14E-01,-9.51E-01
2.8226646e-001,-2.95E-02,-8.94E-02,-9.40E-01,-9.07E-01,-9.57E-01
2.3982421e-001,-1.28E-02,-9.77E-02,-9.78E-01,-9.79E-01,-9.88E-01
2.7218141e-001,-1.81E-02,-1.07E-01,-9.90E-01,-9.90E-01,-9.91E-01
2.7219010e-001,-1.72E-02,-1.10E-01,-9.94E-01,-9.93E-01,-9.93E-01
2.7168092e-001,-1.82E-02,-1.04E-01,-9.95E-01,-9.95E-01,-9.89E-01
2.7270038e-001,-1.77E-02,-1.04E-01,-9.97E-01,-9.97E-01,-9.89E-01
2.7619261e-001,-1.54E-02,-1.10E-01,-9.96E-01,-9.98E-01,-9.93E-01
2.7771105e-001,-1.79E-02,-1.09E-01,-9.94E-01,-9.94E-01,-9.96E-01
2.7528020e-001,-1.82E-02,-1.07E-01,-9.95E-01,-9.94E-01,-9.97E-01
2.8817583e-001,-1.47E-02,-1.14E-01,-9.89E-01,-9.93E-01,-9.86E-01
2.9228200e-001,-1.43E-02,-1.19E-01,-9.87E-01,-9.92E-01,-9.86E-01
2.7263222e-001,-1.67E-02,-1.08E-01,-9.88E-01,-9.88E-01,-9.84E-01
2.6563017e-001,-1.84E-02,-1.01E-01,-9.93E-01,-9.88E-01,-9.89E-01
2.7593368e-001,-1.84E-02,-1.06E-01,-9.96E-01,-9.94E-01,-9.94E-01
2.8076891e-001,-1.73E-02,-1.09E-01,-9.96E-01,-9.93E-01,-9.97E-01
2.7424221e-001,-1.60E-02,-1.13E-01,-9.95E-01,-9.93E-01,-9.95E-01
3.3614928e-001,-2.32E-02,-1.74E-01,-5.49E-01,-2.47E-01,-4.48E-01
2.9658487e-001,-3.16E-03,-1.32E-01,-4.96E-01,-2.11E-01,-4.74E-01
2.4795242e-001,-2.55E-02,-1.19E-01,-4.25E-01,-1.14E-01,-4.74E-01
2.7631796e-001,-1.29E-03,-1.47E-01,-3.99E-01,-1.29E-01,-3.77E-01
2.7851827e-001,-1.98E-02,-1.13E-01,-4.30E-01,-1.19E-01,-3.72E-01
2.7287741e-001,-3.31E-02,-8.69E-02,-4.17E-01,-8.09E-02,-3.69E-01
2.8956030e-001,-3.14E-02,-1.11E-01,-3.77E-01,-3.84E-02,-3.47E-01
2.9453204e-001,-2.79E-02,-8.15E-02,-3.78E-01,-5.47E-02,-4.17E-01
2.6703075e-001,-1.68E-02,-8.60E-02,-3.82E-01,-1.40E-01,-4.24E-01
2.3742030e-001,-3.22E-02,-1.01E-01,-3.14E-01,-1.10E-01,-3.62E-01
2.3965834e-001,-2.11E-02,-7.29E-02,-3.14E-01,-7.99E-02,-3.28E-01
2.4745185e-001,-5.42E-03,-1.10E-01,-3.97E-01,-1.44E-01,-3.72E-01
2.5841772e-001,-1.83E-02,-1.39E-01,-4.24E-01,-1.65E-01,-4.10E-01
2.7072544e-001,-1.19E-02,-8.91E-02,-3.72E-01,-1.50E-01,-3.69E-01
2.9371800e-001,5.4011672e-003,-9.48E-02,-3.60E-01,-6.98E-02,-3.53E-01
2.9966975e-001,1.7730350e-002,-1.03E-01,-4.67E-01,2.0757178e-003,-3.83E-01
2.5499622e-001,-5.42E-02,-1.50E-01,-6.40E-01,-2.58E-01,-4.38E-01
2.1856391e-001,-9.33E-03,-8.33E-02,-5.59E-01,-2.46E-01,-4.85E-01
2.5643361e-001,-1.93E-02,-1.02E-01,-4.36E-01,-1.75E-01,-4.45E-01
3.4790061e-001,-1.84E-02,-1.42E-01,-3.21E-01,-7.74E-02,-4.21E-01
3.2179415e-001,-2.85E-02,-1.45E-01,-2.40E-01,1.1689639e-002,-3.68E-01
2.1875287e-001,-3.03E-02,-1.21E-01,-2.52E-01,-1.06E-01,-3.33E-01
2.2349818e-001,-4.76E-03,-5.48E-02,-2.99E-01,-1.16E-01,-3.18E-01
2.8144069e-001,2.2608484e-002,-5.44E-03,-3.43E-01,-8.01E-02,-4.19E-01
3.6888214e-001,-2.33E-02,-1.25E-01,-3.08E-01,-7.32E-02,-3.74E-01
3.4063254e-001,-5.49E-02,-1.79E-01,-2.53E-01,5.8013828e-002,-3.69E-01
2.4546849e-001,-5.04E-02,-1.11E-01,-2.98E-01,7.1145837e-003,-4.30E-01
2.0231704e-001,-3.57E-02,-1.18E-01,-3.44E-01,-6.87E-02,-4.20E-01
2.3177399e-001,4.9371571e-003,-1.14E-01,-3.71E-01,-1.44E-02,-4.46E-01
2.7365210e-001,5.1452093e-003,-1.15E-01,-4.08E-01,6.1824991e-002,-4.64E-01
2.6484622e-001,6.5977921e-003,-1.13E-01,-4.57E-01,1.9006639e-003,-4.28E-01
1.9545090e-001,-8.71E-03,-1.06E-01,-1.03E-01,-1.88E-01,-4.87E-01
2.6005764e-001,-5.32E-02,-9.93E-02,-1.01E-01,-2.48E-02,-5.05E-01
4.0137358e-001,-5.78E-02,-2.88E-03,-2.83E-01,-8.12E-02,-4.69E-01
2.5170106e-001,3.5481818e-003,-5.28E-02,-2.22E-01,-2.07E-01,-4.10E-01
2.0908092e-001,-7.21E-04,-2.41E-01,-1.00E-01,-1.67E-01,-5.39E-01
2.6361114e-001,-1.24E-02,-1.26E-01,-1.12E-01,-1.54E-01,-4.23E-01
3.1341697e-001,-2.04E-02,-5.07E-02,-5.68E-02,-1.28E-01,-4.19E-01
3.8648994e-001,-4.61E-02,-1.20E-01,-1.01E-01,-2.03E-01,-4.66E-01
2.9724979e-001,-4.26E-02,-1.41E-01,-2.37E-02,4.6509012e-002,-2.93E-01
4.0796171e-001,-3.53E-02,-1.29E-01,-2.28E-02,1.3116075e-001,-2.28E-01
3.3632130e-001,1.3837880e-002,-8.68E-02,-1.27E-01,1.4063210e-001,-3.63E-01
2.8176742e-001,-7.27E-04,-7.31E-02,-1.56E-01,3.2379442e-002,-4.65E-01
1.7444228e-001,-3.56E-02,-1.34E-01,-3.72E-02,-8.38E-03,-4.82E-01
1.6496565e-001,-1.24E-02,-2.21E-01,-3.93E-02,5.8972318e-002,-4.66E-01
3.6480638e-001,-1.01E-04,-1.17E-01,3.0793048e-002,8.0244888e-002,-2.87E-01
3.5810010e-001,-7.23E-02,-1.03E-01,2.3308714e-001,2.4376997e-001,-3.32E-01
4.3396328e-001,-1.37E-02,-5.59E-02,2.8818319e-001,4.1733061e-001,-2.81E-01
3.9825953e-001,1.6888494e-002,-1.07E-01,1.0988851e-001,2.1255837e-001,-3.94E-01
1.1336129e-001,1.7742643e-002,-1.05E-01,1.4276397e-001,1.0967151e-001,-4.42E-01
1.7659603e-001,-2.29E-02,-1.08E-01,1.4695714e-001,1.7319545e-001,-2.88E-01
3.2805345e-001,-6.37E-02,-1.48E-01,1.2747722e-001,2.7081407e-001,-8.82E-02
2.9480972e-001,9.0315446e-003,-6.91E-02,2.7909492e-001,4.2939655e-001,-6.28E-02
2.7705363e-001,-2.57E-02,-2.39E-01,3.8913452e-001,4.5906449e-001,-1.66E-01
5.8825669e-002,-1.09E-01,-7.65E-02,-4.67E-01,-1.38E-01,-4.15E-01
2.1824853e-001,-3.34E-02,-1.16E-01,-4.33E-01,-1.18E-01,-4.28E-01
3.2002946e-001,-2.23E-02,-8.74E-02,-4.39E-01,-1.58E-01,-4.73E-01
4.0464083e-001,-1.40E-02,-5.14E-02,-4.65E-01,-2.27E-01,-5.33E-01
3.2597360e-001,-1.15E-02,-8.53E-02,-4.15E-01,-1.38E-01,-4.48E-01
1.7984498e-001,3.7919422e-004,-1.14E-01,-4.09E-01,-1.25E-01,-3.96E-01
2.1803742e-001,-1.49E-02,-9.19E-02,-3.90E-01,-1.67E-01,-4.70E-01
3.5930724e-001,-3.79E-02,-1.41E-01,-3.86E-01,-1.34E-01,-4.54E-01
3.5614452e-001,3.3888051e-003,-1.41E-01,-4.06E-01,-1.73E-01,-3.21E-01
1.7331223e-001,-1.04E-01,-2.42E-01,-3.14E-01,6.3103226e-002,-2.94E-01
2.6248578e-001,-2.90E-02,-8.86E-02,-3.57E-01,1.2918764e-001,-3.01E-01
2.7395140e-001,-2.88E-02,-1.13E-02,-4.00E-01,2.1947860e-001,-4.04E-01
2.4005401e-001,3.4980469e-002,-1.13E-01,-3.14E-01,4.6409772e-002,-3.63E-01
2.8308509e-001,9.7610841e-003,-1.21E-01,-1.63E-01,3.8671980e-002,-3.71E-01
3.2332368e-001,-5.33E-02,-9.19E-02,-1.66E-01,1.3018155e-001,-4.31E-01
3.0282609e-001,-6.68E-02,-1.74E-01,-2.37E-01,7.0712223e-002,-3.54E-01
2.9805475e-001,-3.14E-02,-1.57E-01,-2.32E-01,2.4238808e-002,-3.17E-01
9.1124312e-002,-1.13E-01,-1.19E-01,-3.26E-01,1.0603085e-002,-3.17E-01
1.2888592e-001,-1.38E-02,-6.59E-02,-2.88E-01,7.4832134e-003,-3.26E-01
2.1983360e-001,1.4093012e-003,-7.32E-03,-3.57E-01,6.2417333e-002,-3.55E-01
3.6675303e-001,5.8926763e-004,-4.91E-02,-3.05E-01,1.0421900e-001,-3.50E-01
3.8196763e-001,-3.49E-02,-1.01E-01,-2.33E-01,9.7871853e-002,-3.85E-01
3.5345495e-001,1.5948475e-002,-5.24E-02,-2.59E-01,6.1164168e-002,-4.47E-01
2.0922994e-001,2.6107118e-002,-9.14E-02,-2.38E-01,3.0111883e-002,-2.67E-01
1.3669746e-001,-5.54E-02,-1.91E-01,-2.19E-01,4.6485691e-002,-2.57E-01
2.7441806e-001,-5.68E-02,-1.76E-01,-2.35E-01,8.7366639e-003,-3.59E-01
2.1042944e-001,-1.61E-01,-6.84E-02,-1.34E-01,2.2824545e-001,-3.87E-01
2.9407001e-001,-7.50E-02,-1.01E-01,-1.04E-01,1.8490040e-001,-3.86E-01
2.4860852e-001,9.1259761e-003,-1.48E-01,-2.08E-01,1.2086597e-001,-4.53E-01
2.1549677e-001,-1.30E-02,-8.62E-02,-2.38E-01,1.0141980e-001,-3.05E-01
2.6812381e-001,-8.80E-02,-6.78E-02,-2.72E-01,1.2697825e-001,-3.04E-01
3.5951803e-001,-1.69E-02,-7.79E-02,-2.79E-01,2.3842195e-001,-4.07E-01
2.1323468e-001,3.6049984e-002,-1.10E-01,-1.85E-01,1.6718656e-001,-3.21E-01
2.0481442e-001,4.4999325e-003,-1.53E-01,-1.05E-01,2.8242518e-001,-3.14E-01
2.4075493e-001,-1.55E-02,-8.17E-02,-9.35E-01,-8.60E-01,-4.33E-01
2.8100578e-001,-3.79E-02,-2.06E-01,-9.76E-01,-9.37E-01,-8.02E-01
2.7311074e-001,-1.99E-02,-9.15E-02,-9.62E-01,-8.89E-01,-9.56E-01
2.8179384e-001,-1.42E-02,-9.88E-02,-9.53E-01,-9.00E-01,-9.59E-01
2.7412441e-001,-2.99E-02,-1.18E-01,-9.61E-01,-9.07E-01,-9.63E-01
2.7526771e-001,-1.51E-02,-1.14E-01,-9.81E-01,-9.01E-01,-9.60E-01
2.7619094e-001,-1.56E-02,-1.19E-01,-9.92E-01,-9.36E-01,-9.70E-01
2.7325437e-001,-2.63E-02,-1.29E-01,-9.98E-01,-9.78E-01,-9.90E-01
2.7907242e-001,-1.76E-02,-1.06E-01,-9.98E-01,-9.86E-01,-9.67E-01
2.8266110e-001,-1.18E-02,-1.04E-01,-9.96E-01,-9.79E-01,-9.72E-01
2.7867898e-001,-1.37E-02,-1.11E-01,-9.96E-01,-9.77E-01,-9.81E-01
2.7305103e-001,-2.01E-02,-1.04E-01,-9.98E-01,-9.95E-01,-9.84E-01
2.7745001e-001,-1.52E-02,-1.14E-01,-9.98E-01,-9.86E-01,-9.87E-01
2.8162614e-001,-1.53E-02,-1.08E-01,-9.98E-01,-9.82E-01,-9.86E-01
3.6100048e-001,4.1930333e-002,-6.81E-05,-9.09E-01,-6.88E-01,-3.34E-01
2.8447768e-001,3.0326103e-003,-2.09E-01,-8.48E-01,-8.02E-01,-7.21E-01
2.5600381e-001,-5.02E-02,-9.82E-02,-8.41E-01,-7.90E-01,-8.77E-01
2.8009789e-001,-1.84E-02,-1.13E-01,-9.30E-01,-7.52E-01,-8.81E-01
3.0283482e-001,2.1142501e-002,-1.31E-01,-9.67E-01,-8.63E-01,-9.24E-01
2.8430928e-001,-3.26E-03,-1.17E-01,-9.78E-01,-8.25E-01,-9.36E-01
2.8326382e-001,-1.20E-02,-5.79E-02,-9.73E-01,-8.09E-01,-9.11E-01
2.8695200e-001,-1.17E-02,-6.88E-02,-9.80E-01,-8.76E-01,-9.00E-01
2.7267681e-001,-1.77E-02,-1.28E-01,-9.80E-01,-9.29E-01,-9.40E-01
2.7185147e-001,-1.78E-02,-1.23E-01,-9.68E-01,-9.11E-01,-9.47E-01
2.7542350e-001,-2.12E-02,-1.10E-01,-9.72E-01,-9.16E-01,-9.52E-01
2.7083170e-001,-2.77E-02,-1.12E-01,-9.84E-01,-9.35E-01,-9.66E-01
2.7274710e-001,-2.30E-02,-1.20E-01,-9.87E-01,-9.44E-01,-9.82E-01
2.7734100e-001,-1.67E-02,-1.22E-01,-9.97E-01,-9.87E-01,-9.86E-01
2.8706553e-001,-5.99E-03,-1.09E-01,-9.93E-01,-9.40E-01,-9.90E-01
2.7864378e-001,-1.28E-02,-1.09E-01,-9.90E-01,-9.18E-01,-9.85E-01
1.6430905e-001,7.7554196e-002,-5.28E-02,-9.36E-01,-2.46E-01,-5.18E-01
2.4429634e-001,-5.50E-02,-6.90E-02,-9.65E-01,-8.71E-01,-8.07E-01
2.7134909e-001,-1.60E-02,-3.51E-02,-9.88E-01,-9.45E-01,-9.13E-01
2.6855745e-001,-1.45E-02,-9.68E-02,-9.95E-01,-9.86E-01,-9.67E-01
2.7698778e-001,-1.83E-02,-1.10E-01,-9.97E-01,-9.95E-01,-9.92E-01
2.7788045e-001,-1.73E-02,-1.06E-01,-9.97E-01,-9.98E-01,-9.92E-01
2.7555343e-001,-1.67E-02,-1.04E-01,-9.97E-01,-9.95E-01,-9.89E-01
2.7464524e-001,-1.52E-02,-1.05E-01,-9.94E-01,-9.85E-01,-9.82E-01
2.7766128e-001,-1.73E-02,-1.07E-01,-9.92E-01,-9.80E-01,-9.81E-01
2.7838495e-001,-1.91E-02,-1.10E-01,-9.92E-01,-9.88E-01,-9.86E-01
2.7618768e-001,-1.79E-02,-1.11E-01,-9.85E-01,-9.77E-01,-9.83E-01
2.7552752e-001,-1.41E-02,-1.11E-01,-9.83E-01,-9.69E-01,-9.77E-01
2.7240728e-001,-8.60E-02,-2.15E-01,-7.38E-01,-1.77E-01,3.6411428e-001
3.9317566e-001,-8.11E-02,6.0963705e-002,-9.03E-01,-6.45E-01,-3.63E-01
2.8980389e-001,-6.77E-02,-1.74E-01,-9.66E-01,-7.91E-01,-8.11E-01
2.6915611e-001,-1.59E-02,-1.35E-01,-9.79E-01,-8.30E-01,-7.91E-01
2.7358776e-001,6.6082668e-003,-1.36E-01,-9.85E-01,-8.08E-01,-8.35E-01
2.7889486e-001,-4.49E-03,-1.11E-01,-9.97E-01,-8.60E-01,-9.66E-01
2.7832059e-001,-2.58E-02,-9.48E-02,-9.98E-01,-9.65E-01,-9.69E-01
2.7882544e-001,-1.42E-02,-9.62E-02,-9.99E-01,-9.88E-01,-9.75E-01
2.7614864e-001,1.5088688e-003,-9.49E-02,-9.98E-01,-9.49E-01,-9.69E-01
2.7546483e-001,-7.69E-03,-8.90E-02,-9.97E-01,-9.18E-01,-9.74E-01
2.7758758e-001,-2.70E-02,-9.83E-02,-9.96E-01,-9.65E-01,-9.74E-01
2.6184609e-001,1.2139631e-002,-1.77E-01,-9.78E-01,-8.71E-01,-8.14E-01
2.5026411e-001,2.6935894e-002,-2.43E-01,-9.77E-01,-8.91E-01,-7.51E-01
2.8577601e-001,-3.32E-02,-8.94E-02,-9.73E-01,-7.74E-01,-6.49E-01
3.1860472e-001,-3.51E-02,-5.67E-02,-9.30E-01,-7.48E-01,-6.84E-01
2.7807082e-001,-2.65E-02,-6.25E-02,-9.59E-01,-9.23E-01,-8.98E-01
2.5008823e-001,-1.62E-02,-9.59E-02,-9.87E-01,-9.77E-01,-9.85E-01
2.6573827e-001,-2.17E-02,-9.04E-02,-9.92E-01,-9.88E-01,-9.88E-01
2.6295204e-001,-2.19E-02,-8.71E-02,-9.95E-01,-9.90E-01,-9.94E-01
2.6633272e-001,-2.14E-02,-9.35E-02,-9.95E-01,-9.95E-01,-9.95E-01
2.7416584e-001,-1.83E-02,-1.02E-01,-9.94E-01,-9.96E-01,-9.94E-01
2.7802477e-001,-1.73E-02,-1.06E-01,-9.98E-01,-9.97E-01,-9.93E-01
2.8348739e-001,-1.33E-02,-1.23E-01,-9.91E-01,-9.81E-01,-9.76E-01
2.8766482e-001,-1.14E-02,-1.32E-01,-9.84E-01,-9.54E-01,-9.65E-01
2.7448700e-001,-1.52E-02,-1.12E-01,-9.81E-01,-9.40E-01,-9.43E-01
2.6633797e-001,-1.57E-02,-1.09E-01,-9.65E-01,-8.99E-01,-9.11E-01
2.4782504e-001,-1.99E-02,-9.61E-02,-9.56E-01,-8.87E-01,-8.95E-01
2.4147544e-001,-2.56E-02,-6.98E-02,-9.70E-01,-9.35E-01,-9.40E-01
2.7421965e-001,-2.04E-02,-9.30E-02,-9.78E-01,-9.64E-01,-9.46E-01
3.1421469e-001,-9.72E-03,-1.39E-01,-9.80E-01,-9.60E-01,-9.39E-01
2.9067526e-001,-6.84E-02,1.4106566e-003,-9.32E-01,-8.35E-01,-8.17E-01
2.5657896e-001,-2.79E-02,-4.47E-02,-9.62E-01,-9.54E-01,-9.55E-01
2.7507698e-001,-2.76E-02,-6.46E-02,-9.67E-01,-9.59E-01,-9.48E-01
2.6312340e-001,-2.28E-02,-9.03E-02,-9.92E-01,-9.89E-01,-9.93E-01
2.6825472e-001,-1.87E-02,-9.89E-02,-9.91E-01,-9.92E-01,-9.94E-01
2.7527453e-001,-1.91E-02,-1.04E-01,-9.93E-01,-9.93E-01,-9.92E-01
2.7719480e-001,-1.83E-02,-1.07E-01,-9.94E-01,-9.93E-01,-9.93E-01
2.7274802e-001,-1.60E-02,-1.09E-01,-9.93E-01,-9.95E-01,-9.95E-01
2.7531042e-001,-1.81E-02,-1.05E-01,-9.95E-01,-9.93E-01,-9.90E-01
2.7824475e-001,-2.00E-02,-1.01E-01,-9.93E-01,-9.93E-01,-9.91E-01
2.7513809e-001,-1.55E-02,-1.13E-01,-9.92E-01,-9.89E-01,-9.84E-01
2.7365544e-001,-1.58E-02,-1.07E-01,-9.93E-01,-9.89E-01,-9.77E-01
2.7149010e-001,-1.97E-02,-9.39E-02,-9.94E-01,-9.96E-01,-9.92E-01
2.8152916e-001,-1.40E-02,-1.19E-01,-9.83E-01,-9.63E-01,-9.51E-01
2.8170692e-001,-1.47E-02,-1.21E-01,-9.78E-01,-9.58E-01,-9.51E-01
2.7710055e-001,-1.79E-02,-1.06E-01,-9.86E-01,-9.80E-01,-9.80E-01
2.4035356e-001,-3.59E-02,-1.44E-01,-2.74E-01,-5.89E-02,-3.80E-01
3.8523426e-001,4.2136442e-004,-1.17E-01,-2.51E-01,9.4906118e-002,-3.28E-01
3.1645563e-001,-5.31E-02,-1.18E-01,-2.81E-01,8.1084434e-002,-3.48E-01
2.0319549e-001,-3.84E-02,-1.39E-01,-3.10E-01,-2.28E-02,-3.79E-01
2.3717016e-001,2.7868452e-002,-1.50E-01,-2.91E-01,-6.91E-02,-3.44E-01
3.3268007e-001,5.2485192e-003,-1.16E-01,-2.39E-01,-7.09E-02,-3.20E-01
3.6837858e-001,-3.34E-02,-1.12E-01,-2.71E-01,-1.53E-02,-3.82E-01
2.3201142e-001,-1.78E-02,-9.28E-02,-3.17E-01,-4.82E-02,-4.35E-01
1.8181686e-001,-2.62E-02,-5.72E-02,-3.18E-01,-1.06E-01,-3.38E-01
2.6372531e-001,-1.12E-02,-8.01E-02,-3.26E-01,-4.22E-02,-3.11E-01
3.4416053e-001,1.4026806e-002,-9.83E-02,-2.96E-01,1.6674931e-003,-3.56E-01
3.2222132e-001,-3.42E-02,-1.32E-01,-3.17E-01,3.6288623e-002,-3.61E-01
2.6773362e-001,-3.97E-02,-1.24E-01,-3.98E-01,-6.74E-02,-3.91E-01
2.5480481e-001,7.2181978e-003,-1.18E-01,-4.53E-01,-2.24E-01,-4.06E-01
2.0035178e-001,-3.48E-02,-1.81E-01,-3.65E-01,-2.54E-02,-3.80E-01
2.7826892e-001,1.8375829e-002,-1.01E-01,-3.15E-01,-1.58E-01,-3.95E-01
3.4005104e-001,-2.59E-02,-1.08E-01,-3.03E-01,-8.91E-02,-4.21E-01
3.2614515e-001,-4.39E-02,-1.29E-01,-2.75E-01,-9.95E-02,-3.81E-01
2.4592767e-001,-7.95E-03,-9.58E-02,-3.07E-01,-1.06E-01,-3.70E-01
2.3433414e-001,2.1469248e-003,-6.56E-02,-3.28E-01,-4.43E-02,-3.77E-01
3.1359331e-001,-4.53E-03,-9.03E-02,-3.23E-01,-6.97E-03,-3.88E-01
3.5077557e-001,-3.54E-02,-1.40E-01,-3.51E-01,1.0840918e-001,-3.40E-01
2.7225339e-001,-5.18E-02,-1.38E-01,-3.83E-01,6.3489307e-002,-3.01E-01
2.2209307e-001,-6.92E-03,-1.08E-01,-3.55E-01,-1.17E-01,-3.83E-01
2.2819872e-001,-8.77E-03,-1.18E-01,-3.60E-01,-1.04E-01,-4.22E-01
2.6561363e-001,-1.98E-02,-1.34E-01,-4.11E-01,-4.34E-02,-4.02E-01
2.9782733e-001,-3.87E-03,-8.87E-02,-4.55E-01,2.6094191e-003,-3.93E-01
3.3591127e-001,3.1701294e-003,-1.48E-01,-1.91E-01,-1.56E-01,-3.59E-01
2.9515060e-001,-1.95E-03,-1.64E-01,-1.95E-01,-2.88E-01,-4.41E-01
3.5136911e-001,-4.33E-02,-1.83E-01,-2.20E-01,-1.50E-01,-4.15E-01
2.2365083e-001,-1.50E-02,-2.04E-01,-3.08E-01,-8.26E-02,-4.64E-01
2.2695630e-001,-1.11E-02,-8.54E-02,-1.97E-01,-1.47E-01,-3.49E-01
3.5190941e-001,-3.14E-02,-7.10E-02,-9.00E-02,-1.78E-01,-2.96E-01
2.6049931e-001,-1.65E-02,-1.00E-01,-2.03E-01,-2.45E-01,-3.11E-01
2.7854618e-001,-1.89E-02,-3.87E-02,-1.73E-01,-2.56E-01,-3.34E-01
2.7317626e-001,-2.54E-02,-1.27E-01,-1.47E-01,-2.57E-01,-3.52E-01
3.3965369e-001,-1.18E-03,-1.19E-01,-1.81E-01,-1.91E-01,-4.41E-01
1.8861068e-001,-3.00E-02,-1.07E-01,-2.08E-01,-3.45E-01,-4.54E-01
3.5668201e-001,-8.49E-03,-1.34E-01,-2.86E-01,-2.38E-01,-4.04E-01
3.7473871e-001,5.7025172e-003,-1.54E-01,-2.79E-01,-1.63E-01,-4.44E-01
3.0192251e-001,-3.66E-02,-5.82E-02,-1.06E-01,-1.48E-01,-4.20E-01
2.7594980e-001,-5.40E-02,-1.34E-01,-1.36E-01,-3.77E-02,-3.30E-01
1.3869448e-001,3.5650465e-003,-1.52E-01,-2.20E-01,-1.06E-01,-3.08E-01
3.4347369e-001,-2.24E-02,-6.54E-02,3.3969279e-002,-2.03E-01,-3.59E-01
4.2480700e-001,-2.93E-02,-1.01E-01,2.2873097e-002,-1.31E-01,-3.86E-01
2.0078516e-001,-3.42E-02,-1.18E-01,-7.56E-02,-8.34E-02,-2.92E-01
4.2756169e-001,-4.48E-02,-1.56E-01,-3.43E-02,-6.70E-02,-3.52E-01
3.8293696e-001,-3.71E-02,-1.84E-01,-1.70E-02,-9.04E-03,-3.90E-01
1.9855719e-001,9.2565328e-003,-6.76E-02,-4.54E-02,7.0350415e-003,-4.16E-01
2.4951885e-001,3.9261371e-003,-1.32E-01,5.0867653e-002,2.4075773e-002,-2.79E-01
2.2801284e-001,-4.28E-03,-1.81E-01,-1.07E-02,4.1372954e-002,-2.50E-01
3.3410992e-001,-9.33E-03,-3.35E-02,1.9273746e-002,3.4941083e-002,-2.58E-01
2.7667259e-001,-3.55E-02,-3.88E-02,1.2056426e-001,1.0567579e-001,-2.89E-01
1.2138473e-001,-1.01E-01,-1.78E-01,-3.02E-01,-1.54E-01,-2.99E-01
2.3363080e-001,-1.93E-02,-9.45E-02,-3.19E-01,-1.52E-01,-3.70E-01
2.9920213e-001,8.8910097e-004,-8.94E-02,-3.17E-01,-1.36E-01,-4.51E-01
3.2127063e-001,1.1140914e-002,-1.31E-01,-2.80E-01,8.1971719e-003,-4.40E-01
2.2828647e-001,-4.94E-02,-1.54E-01,-2.43E-01,1.9327463e-002,-3.46E-01
2.4339753e-001,-5.23E-02,-9.45E-02,-3.21E-01,4.6935620e-002,-4.48E-01
3.8982759e-001,1.6545606e-002,-6.14E-02,-3.03E-01,4.6780872e-002,-4.91E-01
3.1137714e-001,-2.52E-02,-1.47E-01,-2.98E-01,-1.05E-01,-3.73E-01
2.8896163e-001,-3.21E-02,-1.87E-01,-3.32E-01,-1.32E-01,-3.99E-01
1.2803974e-001,-1.71E-01,-2.01E-01,-3.18E-01,-7.69E-02,-3.03E-01
3.0984748e-001,-7.60E-02,-1.29E-01,-2.84E-01,3.6821210e-003,-2.78E-01
3.9052715e-001,-1.17E-02,-6.71E-02,-3.08E-01,5.2510101e-002,-3.66E-01
3.0677240e-001,2.7934938e-003,-1.22E-01,-3.87E-01,6.5222666e-002,-3.39E-01
1.7543173e-001,-5.57E-02,-1.31E-01,-3.78E-01,5.6275947e-002,-3.32E-01
2.1317248e-001,-3.61E-02,-3.77E-02,-3.34E-01,2.0855895e-002,-3.39E-01
2.5487923e-001,9.8186253e-003,-1.16E-01,-3.11E-01,2.8671273e-002,-2.33E-01
1.8985623e-001,-1.06E-02,-1.69E-01,-3.33E-01,-1.29E-02,-2.62E-01
2.2028647e-001,-1.45E-01,-4.24E-02,-3.56E-01,1.1654304e-001,-3.69E-01
3.0126226e-001,-3.16E-02,-8.43E-02,-4.14E-01,9.0941077e-003,-3.95E-01
2.9812846e-001,-2.17E-02,-1.15E-01,-4.10E-01,-1.97E-02,-4.27E-01
2.9854837e-001,6.2199910e-003,-1.02E-01,-3.68E-01,-4.43E-02,-4.24E-01
2.5235428e-001,-5.31E-03,-1.12E-01,-3.91E-01,-5.39E-02,-3.72E-01
2.7764222e-001,-4.39E-02,-8.55E-02,-3.79E-01,2.1226512e-002,-4.21E-01
2.9724976e-001,-1.41E-02,-1.33E-01,-3.94E-01,-4.02E-02,-3.13E-01
2.6222974e-001,-1.62E-02,-1.39E-01,-4.17E-01,-1.06E-01,-3.13E-01
1.9695721e-001,5.6389711e-002,1.2161435e-001,-8.15E-01,-7.19E-01,-5.85E-01
2.4892254e-001,-5.08E-02,-4.04E-02,-9.32E-01,-8.09E-01,-7.71E-01
2.9745142e-001,-5.37E-02,-1.55E-01,-8.97E-01,-7.48E-01,-5.41E-01
3.1015977e-001,1.8052605e-002,-2.24E-01,-8.81E-01,-7.58E-01,-4.46E-01
3.0170926e-001,-2.39E-03,-1.43E-01,-9.21E-01,-7.77E-01,-6.11E-01
2.8416228e-001,-4.65E-02,-1.01E-01,-9.73E-01,-8.97E-01,-8.67E-01
2.8272557e-001,-2.33E-02,-1.36E-01,-9.89E-01,-9.27E-01,-9.44E-01
2.8399551e-001,-2.10E-02,-1.23E-01,-9.88E-01,-9.39E-01,-9.64E-01
2.7880448e-001,-1.75E-02,-1.09E-01,-9.86E-01,-9.24E-01,-9.41E-01
2.7543356e-001,-3.09E-02,-1.21E-01,-9.90E-01,-8.08E-01,-8.91E-01
2.7435965e-001,-2.24E-02,-1.15E-01,-9.73E-01,-6.49E-01,-8.36E-01
2.7199800e-001,1.6903657e-002,-7.89E-02,-9.73E-01,-7.02E-01,-8.69E-01
2.8471301e-001,-7.40E-03,-1.20E-01,-9.92E-01,-8.80E-01,-9.17E-01
2.7953649e-001,-3.14E-02,-1.12E-01,-9.92E-01,-9.68E-01,-9.31E-01
2.7751085e-001,-1.89E-02,-1.00E-01,-9.95E-01,-9.81E-01,-9.59E-01
4.4771752e-001,2.0709635e-001,-1.17E-01,-8.43E-01,-1.01E-01,-5.54E-01
2.6047972e-001,-3.23E-02,-6.63E-02,-9.77E-01,-7.79E-01,-8.75E-01
2.7695929e-001,-3.01E-03,-1.16E-01,-9.76E-01,-8.77E-01,-9.32E-01
2.7982846e-001,-5.51E-03,-1.08E-01,-9.76E-01,-8.78E-01,-9.22E-01
2.7910940e-001,-2.11E-02,-1.14E-01,-9.90E-01,-9.15E-01,-9.41E-01
2.8098394e-001,-8.30E-03,-1.25E-01,-9.87E-01,-9.17E-01,-9.57E-01
2.7802502e-001,-1.70E-02,-1.13E-01,-9.89E-01,-9.14E-01,-9.67E-01
2.7552393e-001,-3.19E-02,-1.12E-01,-9.98E-01,-9.75E-01,-9.90E-01
2.7697908e-001,-2.32E-02,-1.20E-01,-9.97E-01,-9.77E-01,-9.97E-01
2.7988052e-001,-2.07E-02,-1.13E-01,-9.96E-01,-9.80E-01,-9.88E-01
2.7583885e-001,-1.92E-02,-1.04E-01,-9.96E-01,-9.82E-01,-9.85E-01
2.7577535e-001,-1.74E-02,-1.01E-01,-9.97E-01,-9.88E-01,-9.88E-01
2.7900791e-001,-2.04E-02,-9.85E-02,-9.97E-01,-9.87E-01,-9.92E-01
1.2080064e-001,1.4263826e-001,-9.90E-02,-9.24E-01,-2.15E-02,-8.28E-01
2.5615433e-001,-3.43E-02,-1.46E-01,-9.25E-01,-7.68E-01,-8.28E-01
2.6127680e-001,1.5786385e-002,-1.41E-01,-9.40E-01,-8.44E-01,-8.27E-01
2.4486664e-001,2.3175320e-003,-1.08E-01,-9.74E-01,-9.35E-01,-9.52E-01
2.7861767e-001,-1.44E-02,-1.18E-01,-9.88E-01,-9.82E-01,-9.70E-01
2.6804369e-001,-1.49E-02,-1.05E-01,-9.91E-01,-9.77E-01,-9.82E-01
2.7364874e-001,-1.56E-02,-1.12E-01,-9.80E-01,-9.68E-01,-9.61E-01
2.7792867e-001,-1.94E-02,-9.65E-02,-9.66E-01,-9.26E-01,-9.17E-01
2.7786886e-001,-1.79E-02,-1.03E-01,-9.72E-01,-9.28E-01,-9.16E-01
2.9024824e-001,-1.48E-02,-1.41E-01,-9.92E-01,-9.77E-01,-9.67E-01
2.8122698e-001,-1.45E-02,-1.34E-01,-9.82E-01,-9.74E-01,-9.59E-01
2.9496156e-001,1.0088708e-001,-7.65E-02,-9.54E-01,-6.40E-01,-7.13E-01
2.9758243e-001,-2.34E-02,-1.41E-01,-9.75E-01,-6.95E-01,-8.94E-01
2.9063575e-001,-5.30E-02,-1.37E-01,-9.83E-01,-8.41E-01,-9.26E-01
2.7770711e-001,-6.52E-03,-1.07E-01,-9.80E-01,-9.26E-01,-9.51E-01
2.7300859e-001,-6.90E-03,-9.78E-02,-9.79E-01,-9.37E-01,-9.63E-01
2.7407041e-001,1.9628469e-003,-1.19E-01,-9.76E-01,-9.08E-01,-9.38E-01
2.8287247e-001,-1.53E-02,-1.33E-01,-9.78E-01,-8.82E-01,-9.40E-01
2.7699958e-001,-2.53E-02,-1.06E-01,-9.90E-01,-9.33E-01,-9.53E-01
2.7264024e-001,-1.62E-02,-1.00E-01,-9.92E-01,-9.59E-01,-9.74E-01
2.8049483e-001,-1.87E-02,-1.12E-01,-9.96E-01,-9.74E-01,-9.85E-01
2.8213962e-001,-1.60E-02,-1.27E-01,-9.94E-01,-9.76E-01,-9.59E-01
2.6791366e-001,-1.84E-02,-1.29E-01,-9.68E-01,-9.41E-01,-9.45E-01
2.2616075e-001,-3.27E-02,-1.32E-01,-7.43E-01,-8.08E-01,-8.39E-01
3.4236147e-001,-1.47E-02,-1.22E-01,-9.25E-01,-9.54E-01,-8.56E-01
3.0918786e-001,-1.58E-02,-8.17E-02,-9.49E-01,-9.54E-01,-9.44E-01
3.2839403e-001,-1.57E-02,-1.27E-01,-9.34E-01,-9.48E-01,-9.48E-01
2.4894849e-001,-1.50E-02,-1.32E-01,-9.40E-01,-9.68E-01,-9.66E-01
2.3587587e-001,-1.76E-02,-1.05E-01,-9.68E-01,-9.82E-01,-9.76E-01
2.8108608e-001,-1.90E-02,-9.92E-02,-9.89E-01,-9.83E-01,-9.85E-01
2.7670047e-001,-1.74E-02,-1.04E-01,-9.96E-01,-9.83E-01,-9.88E-01
2.7475355e-001,-1.63E-02,-1.02E-01,-9.94E-01,-9.86E-01,-9.91E-01
2.7468606e-001,-1.74E-02,-1.05E-01,-9.92E-01,-9.86E-01,-9.94E-01
2.7931286e-001,-1.89E-02,-1.05E-01,-9.94E-01,-9.85E-01,-9.90E-01
2.7969764e-001,-1.80E-02,-1.07E-01,-9.94E-01,-9.85E-01,-9.87E-01
2.8034562e-001,-1.58E-02,-1.07E-01,-9.94E-01,-9.87E-01,-9.92E-01
2.7743610e-001,-1.82E-02,-1.07E-01,-9.88E-01,-9.72E-01,-9.87E-01
1.3125238e-001,-2.14E-02,-3.30E-02,-6.67E-01,-8.45E-01,-8.37E-01
3.6121188e-001,-2.25E-02,-1.11E-01,-9.27E-01,-9.55E-01,-9.82E-01
2.5968094e-001,-1.45E-02,-1.07E-01,-9.78E-01,-9.84E-01,-9.76E-01
2.7615756e-001,-1.79E-02,-1.07E-01,-9.84E-01,-9.88E-01,-9.74E-01
2.8342351e-001,-1.78E-02,-1.16E-01,-9.87E-01,-9.89E-01,-9.81E-01
2.8339096e-001,-1.74E-02,-1.07E-01,-9.87E-01,-9.87E-01,-9.85E-01
2.7768061e-001,-1.72E-02,-1.03E-01,-9.87E-01,-9.89E-01,-9.90E-01
2.7570584e-001,-1.62E-02,-1.10E-01,-9.90E-01,-9.89E-01,-9.90E-01
2.7870455e-001,-1.64E-02,-1.10E-01,-9.89E-01,-9.83E-01,-9.88E-01
2.8298767e-001,-1.76E-02,-1.08E-01,-9.87E-01,-9.85E-01,-9.84E-01
2.8376718e-001,-1.69E-02,-1.09E-01,-9.89E-01,-9.90E-01,-9.87E-01
2.7515858e-001,-1.72E-02,-1.10E-01,-9.91E-01,-9.91E-01,-9.90E-01
2.7617573e-001,-1.55E-02,-1.12E-01,-9.89E-01,-9.84E-01,-9.86E-01
2.9028719e-001,-1.78E-02,-1.09E-01,-9.83E-01,-9.73E-01,-9.85E-01
2.5043299e-001,-5.49E-02,-4.60E-02,-4.29E-01,4.2616089e-002,-4.18E-01
3.2786904e-001,-4.08E-03,-9.84E-02,-4.17E-01,4.6406448e-002,-5.02E-01
3.0185875e-001,-1.99E-02,-1.11E-01,-4.30E-01,1.1173555e-001,-5.14E-01
2.8446165e-001,-3.00E-02,-1.19E-01,-4.78E-01,1.5570208e-001,-4.77E-01
2.8960197e-001,-1.40E-03,-1.10E-01,-4.83E-01,2.0907022e-001,-4.36E-01
2.6192646e-001,-8.08E-03,-1.34E-01,-5.24E-01,1.1665492e-002,-4.49E-01
2.2620799e-001,-1.43E-02,-8.53E-02,-5.67E-01,-1.46E-01,-4.39E-01
2.3452938e-001,-8.76E-03,-4.29E-02,-5.54E-01,-5.82E-02,-4.39E-01
2.3975482e-001,-1.62E-02,-9.46E-02,-5.12E-01,4.2302824e-002,-4.54E-01
2.9704619e-001,2.5992483e-003,-1.02E-01,-4.43E-01,1.0488482e-001,-4.98E-01
3.5051994e-001,-5.54E-04,-1.05E-01,-4.20E-01,1.9385414e-001,-4.95E-01
2.9688239e-001,-4.02E-02,-1.11E-01,-3.86E-01,2.1884036e-001,-5.20E-01
2.4206269e-001,-4.75E-02,-1.28E-01,-3.72E-01,1.6460518e-002,-5.26E-01
2.3494583e-001,-7.60E-03,-1.45E-01,-3.93E-01,-4.66E-02,-5.06E-01
2.9398061e-001,9.1110282e-003,-1.24E-01,-3.97E-01,-5.81E-02,-5.35E-01
3.0187688e-001,-2.17E-02,-1.02E-01,-4.25E-01,7.1695830e-002,-4.90E-01
2.2356805e-001,-5.85E-02,-6.93E-02,-3.60E-01,1.2840546e-001,-5.18E-01
1.8082048e-001,-2.28E-03,-7.30E-02,-2.49E-01,1.0667031e-001,-4.98E-01
3.2962567e-001,6.5155194e-003,-7.77E-02,-2.54E-01,4.0727253e-002,-4.96E-01
3.3606288e-001,-1.87E-02,-1.13E-01,-3.30E-01,3.9964900e-002,-5.39E-01
2.2117875e-001,-5.42E-02,-1.42E-01,-3.43E-01,-2.66E-02,-5.40E-01
2.4679540e-001,-2.65E-02,-1.34E-01,-3.72E-01,2.5582884e-002,-4.81E-01
2.8482415e-001,6.4793698e-003,-1.10E-01,-4.38E-01,6.5249054e-002,-4.93E-01
3.1149451e-001,9.5462177e-003,-9.82E-02,-3.93E-01,8.9718065e-002,-5.07E-01
3.2773782e-001,6.2108251e-003,-1.23E-01,-3.56E-01,1.2652133e-001,-4.95E-01
2.6303998e-001,-2.53E-02,-1.29E-01,-3.76E-01,3.0917978e-002,-5.44E-01
1.9515077e-001,-2.78E-02,-9.14E-02,-3.97E-01,4.6858701e-002,-5.03E-01
2.4275744e-001,-7.58E-04,-6.94E-02,-3.83E-01,7.0013569e-002,-4.79E-01
3.5641935e-001,1.8970401e-003,-9.50E-02,-3.34E-01,-7.87E-02,-5.51E-01
3.4211244e-001,-4.42E-02,-1.09E-01,-3.67E-01,5.8134019e-002,-5.63E-01
2.6375943e-001,4.7499744e-002,-4.33E-02,1.5340317e-001,7.3691194e-002,-1.14E-01
2.7857697e-001,-2.05E-03,-1.12E-01,1.3573169e-001,5.4414100e-002,-2.18E-01
2.8524939e-001,-2.76E-02,-1.25E-01,1.1579133e-001,-4.73E-02,-3.66E-01
2.5456071e-001,-3.94E-02,-1.29E-01,1.2775067e-001,-5.49E-02,-2.89E-01
2.7689933e-001,1.7893855e-002,-9.49E-02,1.1192932e-001,-1.16E-01,-2.49E-01
3.1852328e-001,-2.73E-02,-1.11E-01,9.8474697e-002,1.1946379e-001,-3.47E-01
2.1680114e-001,-5.83E-02,-1.26E-01,1.5686282e-001,6.5855618e-002,-3.41E-01
2.4871013e-001,1.2314808e-002,-8.23E-02,2.3059308e-001,-1.73E-01,-2.87E-01
4.2147549e-001,-1.29E-03,-1.01E-01,2.3316106e-001,-1.32E-01,-3.32E-01
2.1488596e-001,1.5583359e-002,-1.58E-01,2.5913330e-001,-5.14E-02,-3.48E-01
1.8038232e-001,1.7640024e-002,-8.15E-02,1.6517512e-001,-2.09E-01,-4.48E-01
2.5268551e-001,-2.48E-02,-6.42E-02,6.7492547e-002,7.6430269e-003,-2.82E-01
3.5030454e-001,-5.04E-02,-1.38E-01,9.0908821e-002,3.2110169e-002,-2.76E-01
3.5944590e-001,1.1028261e-002,-1.04E-01,7.7505627e-002,1.5999965e-001,-3.87E-01
4.5014933e-001,-3.86E-02,-7.97E-02,1.9617315e-001,2.9935030e-001,-2.73E-01
2.0255027e-001,-1.70E-02,-1.02E-01,2.8335937e-001,2.3602076e-002,-2.90E-01
7.5547189e-002,3.5737002e-002,-8.60E-02,2.1615325e-001,-2.63E-01,-3.73E-01
4.3103639e-001,3.1835467e-002,2.6459586e-002,3.4740921e-001,6.0929317e-002,-3.24E-01
4.3865363e-001,-1.59E-02,-8.36E-02,3.5320509e-001,-1.02E-01,-4.29E-01
1.2555853e-001,-4.97E-02,-1.26E-01,1.8198475e-001,-2.67E-03,-4.26E-01
2.2529531e-001,-6.02E-02,-1.09E-01,1.7456339e-001,-1.77E-03,-3.64E-01
3.8477687e-001,-2.61E-02,-1.35E-01,3.7240292e-001,3.8879171e-001,-2.22E-01
2.4990971e-001,-3.23E-03,-1.33E-01,4.1169041e-001,3.8153908e-001,-2.36E-01
3.0613493e-001,7.2380232e-003,-8.04E-02,3.4931901e-001,-1.89E-01,-3.54E-01
4.3563467e-001,8.9628282e-003,-6.36E-02,2.0304443e-001,-1.54E-01,-3.75E-01
1.7910807e-001,-1.84E-01,-1.13E-01,-7.65E-02,2.5474240e-001,-3.53E-01
2.4629555e-001,-1.90E-02,-1.02E-01,-1.58E-01,6.3613002e-002,-3.12E-01
3.6865160e-001,-3.01E-02,-7.39E-02,-1.36E-01,1.7158878e-001,-2.66E-01
3.4746030e-001,-3.48E-02,-7.37E-02,-1.06E-01,1.9071149e-001,-3.04E-01
2.7876023e-001,5.0113087e-003,-1.02E-01,-1.30E-01,8.4405734e-002,-2.55E-01
2.4088216e-001,9.0796316e-003,-1.21E-01,-2.11E-01,7.5327908e-002,-2.61E-01
2.9857047e-001,-4.28E-03,-1.42E-01,-1.78E-01,2.3555654e-002,-2.95E-01
3.2524092e-001,1.0556245e-003,-1.11E-01,-1.43E-01,-5.63E-02,-3.50E-01
2.4050929e-001,-2.68E-02,-9.19E-02,-2.01E-01,-1.28E-01,-4.69E-01
1.8710156e-001,-1.42E-01,-1.53E-01,-7.90E-03,3.2172075e-001,-3.71E-02
2.4642972e-001,-1.23E-02,-1.48E-01,-1.23E-01,1.7968110e-001,-2.08E-01
2.9687678e-001,-2.10E-03,-8.66E-02,-1.21E-01,2.4354435e-001,-3.06E-01
3.2232811e-001,-1.23E-03,-8.81E-02,-7.77E-02,1.1966718e-001,-3.76E-01
3.4894838e-001,-2.73E-02,-5.40E-02,-3.48E-02,4.1822684e-002,-2.73E-01
3.0557077e-001,-6.70E-02,-1.13E-01,-4.78E-02,2.9996340e-001,-2.64E-01
3.0535108e-001,-2.88E-02,-1.73E-01,-1.06E-01,2.0687020e-001,-4.02E-01
2.5482202e-001,6.6358575e-003,-1.18E-01,-1.50E-01,-9.42E-03,-4.11E-01
3.1993965e-001,-1.19E-01,-4.89E-02,4.8152025e-002,1.7147119e-001,-2.67E-01
3.6093061e-001,-1.97E-02,-1.42E-01,-3.27E-02,6.9425910e-002,-3.42E-01
2.7503015e-001,-4.82E-02,-1.05E-01,-7.87E-02,1.4752673e-001,-2.68E-01
2.7159427e-001,-2.90E-02,-9.72E-02,-5.61E-02,2.2386728e-001,-2.70E-01
2.7982103e-001,1.1858998e-002,-8.40E-02,-4.60E-02,3.2390518e-001,-2.42E-01
2.1295066e-001,-1.84E-02,-1.33E-01,-7.26E-02,3.5869122e-001,-1.95E-01
2.0944376e-001,-2.72E-02,-1.30E-01,-1.12E-01,1.4608384e-001,-3.25E-01
2.6872071e-001,2.8520840e-003,-1.01E-01,-7.78E-02,6.6019015e-002,-3.23E-01
2.4720227e-001,1.9418831e-002,2.6737702e-001,-8.65E-01,-8.64E-01,-4.95E-01
2.5878924e-001,-4.35E-03,-4.34E-02,-9.45E-01,-8.78E-01,-6.53E-01
2.9173316e-001,-2.78E-02,-1.76E-01,-9.68E-01,-8.49E-01,-9.04E-01
2.8283651e-001,-8.91E-03,-1.34E-01,-9.64E-01,-8.24E-01,-8.51E-01
2.7576663e-001,-1.16E-02,-1.14E-01,-9.75E-01,-8.74E-01,-9.04E-01
2.7471934e-001,-2.18E-02,-9.78E-02,-9.81E-01,-9.26E-01,-8.96E-01
2.7628775e-001,-8.68E-03,-1.08E-01,-9.84E-01,-9.49E-01,-8.70E-01
2.9063471e-001,3.1491665e-003,-1.71E-01,-9.91E-01,-9.34E-01,-9.15E-01
2.7903149e-001,-6.19E-03,-1.23E-01,-9.92E-01,-9.24E-01,-9.01E-01
2.7482438e-001,-2.72E-02,-9.05E-02,-9.96E-01,-9.73E-01,-9.67E-01
2.8056696e-001,-1.67E-02,-1.11E-01,-9.96E-01,-9.65E-01,-9.66E-01
2.7693786e-001,-1.04E-02,-1.05E-01,-9.95E-01,-9.79E-01,-9.69E-01
2.7427982e-001,-1.89E-02,-9.23E-02,-9.94E-01,-9.83E-01,-9.76E-01
2.8047468e-001,-1.90E-02,-1.14E-01,-9.95E-01,-9.85E-01,-9.66E-01
4.4245083e-001,2.1276764e-001,-1.13E-01,-8.76E-01,-2.45E-01,-4.94E-01
2.6595632e-001,-6.67E-03,-1.88E-02,-9.60E-01,-7.68E-01,-7.74E-01
2.7435711e-001,-2.24E-02,-1.35E-01,-9.68E-01,-9.01E-01,-9.27E-01
2.8316633e-001,-1.70E-02,-1.20E-01,-9.83E-01,-9.34E-01,-9.38E-01
2.7439504e-001,-6.75E-03,-8.94E-02,-9.80E-01,-9.23E-01,-9.54E-01
2.7963345e-001,-1.92E-02,-1.19E-01,-9.78E-01,-9.06E-01,-9.06E-01
2.8080467e-001,-1.99E-02,-1.12E-01,-9.85E-01,-9.34E-01,-9.09E-01
2.7275585e-001,-8.92E-03,-9.05E-02,-9.96E-01,-9.70E-01,-9.63E-01
2.7614594e-001,-1.22E-02,-1.13E-01,-9.97E-01,-9.75E-01,-9.78E-01
2.7866474e-001,-3.28E-02,-1.09E-01,-9.66E-01,-8.74E-01,-9.41E-01
2.8260973e-001,-3.38E-02,-1.17E-01,-9.53E-01,-8.64E-01,-9.29E-01
2.8058210e-001,-1.18E-02,-1.14E-01,-9.69E-01,-9.35E-01,-9.58E-01
2.7516393e-001,-7.12E-03,-9.92E-02,-9.92E-01,-9.65E-01,-9.92E-01
2.7716646e-001,3.7391287e-004,-1.95E-01,-9.82E-01,-8.28E-01,-6.25E-01
2.3786802e-001,6.9678980e-002,-6.96E-02,-9.72E-01,-8.12E-01,-9.26E-01
2.7541002e-001,-7.68E-03,-8.41E-02,-9.85E-01,-8.78E-01,-9.39E-01
2.8588542e-001,-2.64E-02,-1.18E-01,-9.93E-01,-9.67E-01,-9.82E-01
2.7744920e-001,-1.67E-02,-1.12E-01,-9.94E-01,-9.81E-01,-9.85E-01
2.7311457e-001,-1.50E-02,-9.99E-02,-9.94E-01,-9.85E-01,-9.94E-01
2.7969369e-001,-1.66E-02,-1.11E-01,-9.94E-01,-9.91E-01,-9.76E-01
2.8240857e-001,-1.80E-02,-1.19E-01,-9.96E-01,-9.95E-01,-9.80E-01
2.7756332e-001,-1.75E-02,-1.15E-01,-9.98E-01,-9.95E-01,-9.87E-01
2.7795738e-001,-1.76E-02,-1.10E-01,-9.98E-01,-9.93E-01,-9.86E-01
2.7621921e-001,-1.73E-02,-1.03E-01,-9.97E-01,-9.91E-01,-9.83E-01
2.7503885e-001,-1.60E-02,-1.03E-01,-9.96E-01,-9.89E-01,-9.69E-01
3.1668289e-001,-1.00E-01,3.6821869e-002,-9.60E-01,-6.99E-01,-6.30E-01
2.8877233e-001,-2.99E-02,-2.02E-01,-9.73E-01,-8.90E-01,-8.81E-01
2.7044966e-001,-2.24E-02,-1.00E-01,-9.78E-01,-9.17E-01,-6.79E-01
2.7971707e-001,-7.29E-03,-8.20E-03,-9.76E-01,-9.42E-01,-8.01E-01
2.8001224e-001,-1.16E-02,-9.99E-02,-9.87E-01,-9.70E-01,-9.16E-01
2.7778224e-001,-1.83E-02,-1.17E-01,-9.94E-01,-9.80E-01,-9.78E-01
2.7933192e-001,-2.22E-02,-1.17E-01,-9.96E-01,-9.71E-01,-9.78E-01
2.7640185e-001,-1.45E-02,-1.10E-01,-9.96E-01,-9.69E-01,-9.74E-01
2.7549067e-001,-1.19E-02,-1.10E-01,-9.94E-01,-9.80E-01,-9.76E-01
2.7758551e-001,-1.67E-02,-1.10E-01,-9.93E-01,-9.83E-01,-9.78E-01
3.2546189e-001,-3.70E-02,-1.20E-01,-7.84E-01,-8.52E-01,-9.27E-01
3.2037131e-001,-2.45E-02,-9.15E-02,-9.17E-01,-9.38E-01,-9.56E-01
2.4265357e-001,-1.32E-02,-1.06E-01,-9.85E-01,-9.79E-01,-9.65E-01
2.7383644e-001,-1.85E-02,-1.04E-01,-9.92E-01,-9.86E-01,-9.84E-01
2.7820869e-001,-1.78E-02,-1.09E-01,-9.95E-01,-9.88E-01,-9.81E-01
2.7389678e-001,-1.83E-02,-1.06E-01,-9.95E-01,-9.86E-01,-9.77E-01
2.7446675e-001,-1.88E-02,-9.43E-02,-9.95E-01,-9.85E-01,-9.87E-01
2.7485031e-001,-1.60E-02,-1.11E-01,-9.94E-01,-9.83E-01,-9.77E-01
2.7604595e-001,-1.59E-02,-1.12E-01,-9.93E-01,-9.82E-01,-9.79E-01
2.7771076e-001,-1.65E-02,-1.09E-01,-9.93E-01,-9.82E-01,-9.80E-01
2.6812849e-001,-1.44E-02,-1.27E-01,-9.90E-01,-9.68E-01,-9.61E-01
2.5612513e-001,-1.32E-02,-1.30E-01,-9.88E-01,-9.63E-01,-9.57E-01
3.4525312e-001,-4.75E-02,-1.01E-01,-9.08E-01,-8.77E-01,-9.17E-01
2.8297777e-001,-1.21E-02,-1.08E-01,-9.61E-01,-9.75E-01,-9.72E-01
2.6426907e-001,-1.54E-02,-1.10E-01,-9.85E-01,-9.81E-01,-9.69E-01
2.7956997e-001,-1.85E-02,-1.11E-01,-9.93E-01,-9.90E-01,-9.72E-01
2.7705586e-001,-1.70E-02,-1.05E-01,-9.95E-01,-9.87E-01,-9.82E-01
2.7803294e-001,-1.74E-02,-1.08E-01,-9.96E-01,-9.86E-01,-9.86E-01
2.7940830e-001,-1.69E-02,-1.12E-01,-9.95E-01,-9.89E-01,-9.78E-01
2.7517386e-001,-1.57E-02,-1.11E-01,-9.94E-01,-9.89E-01,-9.76E-01
2.7727594e-001,-1.66E-02,-1.08E-01,-9.92E-01,-9.87E-01,-9.79E-01
2.8008589e-001,-1.74E-02,-1.08E-01,-9.92E-01,-9.87E-01,-9.80E-01
2.6593840e-001,-1.72E-02,-1.13E-01,-9.82E-01,-9.75E-01,-9.73E-01
2.7605631e-001,-1.73E-02,-1.12E-01,-9.80E-01,-9.75E-01,-9.71E-01
2.6875287e-001,-4.70E-02,-1.40E-01,-1.26E-01,1.1901947e-001,-4.89E-01
3.5720100e-001,-8.00E-03,-1.27E-01,-1.02E-01,1.2420617e-001,-4.04E-01
2.2372438e-001,-2.16E-02,-1.07E-01,-1.18E-01,1.6028080e-001,-4.13E-01
2.5894125e-001,1.8266450e-004,-7.38E-02,-1.90E-01,1.4986385e-001,-3.55E-01
3.4335917e-001,-3.43E-03,-1.02E-01,-2.01E-01,1.3315357e-001,-3.18E-01
2.1738805e-001,-5.18E-03,-1.42E-01,-2.24E-01,1.2143473e-002,-4.28E-01
3.2439984e-001,-1.84E-02,-1.31E-01,-2.35E-01,4.1609359e-002,-4.66E-01
3.0176750e-001,-3.38E-02,-8.92E-02,-2.10E-01,1.9201874e-002,-4.63E-01
2.0503334e-001,-4.16E-03,-8.13E-02,-1.66E-01,-3.17E-02,-4.54E-01
3.4233159e-001,-3.29E-02,-1.08E-01,-1.49E-01,5.6921345e-002,-4.14E-01
2.5320911e-001,-4.55E-02,-1.41E-01,-1.83E-01,1.3575147e-001,-3.82E-01
2.3027579e-001,-2.98E-03,-1.34E-01,-2.03E-01,1.8765827e-001,-3.78E-01
3.8317515e-001,-2.10E-03,-1.05E-01,-2.46E-01,1.4614765e-001,-4.09E-01
1.9897492e-001,-1.27E-01,-1.49E-01,-1.51E-02,2.4160914e-001,-3.81E-01
3.1998302e-001,-2.35E-02,-1.16E-01,4.8226180e-002,1.8750142e-001,-3.67E-01
2.4111291e-001,-4.00E-02,-1.36E-01,-5.73E-02,2.6216725e-001,-3.60E-01
2.3427527e-001,1.7654419e-002,-1.12E-01,-1.63E-01,2.4939280e-001,-4.14E-01
3.7980952e-001,-3.87E-05,-1.14E-01,-1.60E-01,2.3038090e-001,-4.22E-01
2.3142361e-001,-1.71E-02,-1.01E-01,-1.26E-01,1.6453691e-001,-3.85E-01
2.6242278e-001,1.6056249e-002,-7.99E-02,-1.54E-01,6.9846815e-002,-3.97E-01
2.8428726e-001,-2.17E-02,-1.06E-01,-1.93E-01,9.8544771e-002,-4.40E-01
2.1209067e-001,-2.35E-02,-1.19E-01,-2.19E-01,-3.07E-02,-4.33E-01
3.2660894e-001,-7.03E-03,-1.11E-01,-2.09E-01,-2.27E-02,-4.14E-01
2.9659686e-001,-2.71E-02,-1.15E-01,-1.67E-01,-3.41E-03,-4.55E-01
2.5327712e-001,-1.08E-02,-1.02E-01,-1.98E-01,-7.64E-02,-4.42E-01
3.1320420e-001,1.2623258e-002,-9.96E-02,-3.21E-01,3.3309244e-002,-4.05E-01
3.6480627e-001,3.6602585e-002,-1.25E-01,3.0892515e-001,-1.05E-01,-3.52E-01
4.2499285e-001,-1.82E-02,-8.03E-02,3.2030262e-001,-8.31E-03,-3.30E-01
1.1418016e-001,-4.73E-02,-1.06E-01,2.3910976e-001,1.0649195e-001,-3.95E-01
7.4787876e-002,-2.66E-02,-1.01E-01,2.0147793e-001,1.1969155e-001,-4.34E-01
4.4114567e-001,-4.54E-02,-1.61E-01,3.7327369e-001,4.9015157e-001,-3.28E-01
3.1201819e-001,-3.41E-02,-1.55E-01,5.4334699e-001,5.0214815e-001,-2.68E-01
2.9437363e-001,3.1454210e-002,-4.52E-02,4.9050350e-001,7.2045169e-002,-3.71E-01
4.9817741e-001,3.1391993e-002,-6.09E-02,3.2397602e-001,1.2207268e-001,-3.97E-01
2.5851824e-001,-3.72E-02,-4.72E-02,4.5593531e-001,3.6144662e-001,-1.83E-01
3.9933054e-001,7.2526219e-003,-1.14E-01,4.1861381e-001,3.6082708e-001,-2.99E-01
1.9741556e-001,-2.45E-02,-1.07E-01,3.1747231e-001,2.8253570e-001,-2.76E-01
2.4597439e-001,-3.19E-02,-8.26E-02,3.1914280e-001,2.1792682e-001,-2.83E-01
2.5913966e-001,-1.78E-02,-1.55E-01,3.3216555e-001,2.0772175e-001,-3.12E-01
3.7989241e-001,-1.44E-02,-1.43E-01,3.5526398e-001,2.8173682e-001,-2.93E-01
2.7613474e-001,1.8265436e-003,-4.54E-02,4.1398579e-001,1.1435374e-001,-3.80E-01
3.0678646e-001,9.9754984e-002,-1.02E-01,4.4353951e-001,1.3772826e-001,-3.20E-01
4.1012126e-001,1.3274691e-002,-1.69E-01,3.7873571e-001,3.5884186e-001,-3.60E-01
2.2975245e-001,-5.10E-02,-9.34E-02,3.4382619e-001,3.8611871e-001,-3.59E-01
1.8817546e-001,-3.36E-02,-9.78E-02,3.4466398e-001,1.6951098e-001,-3.43E-01
3.3578966e-001,-3.90E-02,-1.27E-01,3.2651850e-001,9.5101594e-002,-3.15E-01
1.8530276e-001,8.7763759e-003,-9.16E-02,2.6467738e-001,-1.18E-01,-3.67E-01
3.5224200e-001,2.7333299e-002,-6.56E-02,2.9849248e-001,-6.10E-02,-4.01E-01
-1.32E-02,-1.55E-01,-9.29E-02,9.1097322e-002,3.2222134e-001,-3.98E-01
1.2181363e-001,1.2983925e-002,-5.49E-02,1.4031488e-001,2.1426029e-001,-2.97E-01
3.2838864e-001,1.0251280e-002,-9.13E-02,1.0450089e-001,2.9481071e-001,-3.22E-01
3.9003935e-001,-2.05E-02,-1.03E-01,3.6985053e-002,2.9510717e-001,-2.81E-01
3.4657650e-001,-3.21E-02,-7.21E-02,-3.96E-03,1.8234998e-001,-2.74E-01
2.8286587e-001,-2.57E-02,-9.35E-02,-5.71E-02,8.0231134e-002,-3.33E-01
1.9850034e-001,1.2283343e-002,-1.58E-01,-6.87E-02,-2.63E-02,-3.13E-01
2.0543693e-001,8.2789418e-004,-1.37E-01,-8.10E-02,-7.99E-03,-3.24E-01
-2.96E-02,-1.38E-01,-1.23E-01,3.6094531e-002,2.6943433e-001,-3.79E-01
2.4278858e-001,1.5806633e-002,-5.70E-02,-5.49E-02,1.6842332e-001,-3.21E-01
3.8125396e-001,-3.80E-02,-7.59E-02,2.3358586e-002,2.8742005e-001,-3.63E-01
3.8871914e-001,-2.43E-02,-1.19E-01,6.0202877e-003,3.3466664e-001,-4.16E-01
3.1517148e-001,-2.59E-02,-9.45E-02,-1.15E-02,3.5211147e-001,-3.69E-01
2.0573977e-001,-4.58E-02,-1.19E-01,2.4564130e-002,2.3894086e-001,-3.55E-01
2.0180862e-001,8.5370392e-003,-1.46E-01,-5.51E-02,7.3030441e-002,-4.13E-01
1.8357982e-001,-1.27E-01,-5.34E-02,6.6369497e-002,1.7594032e-001,-3.92E-01
3.9106963e-001,-2.12E-02,-8.98E-02,7.0342482e-002,3.3139234e-001,-3.38E-01
1.9899162e-001,-2.45E-03,-1.17E-01,1.0077492e-001,3.5507960e-001,-2.67E-01
1.5810088e-001,-4.05E-02,-1.35E-01,6.3741045e-002,2.6552416e-001,-3.00E-01
2.8128691e-001,-3.48E-02,-8.94E-02,-6.46E-02,3.1401193e-001,-2.81E-01
4.1800989e-001,-1.66E-02,-1.54E-01,-4.71E-02,2.8365711e-001,-1.79E-01
4.2892529e-001,-3.76E-02,-1.69E-01,-3.37E-02,3.0082931e-001,-2.30E-01
2.9299646e-001,-3.67E-02,-1.12E-01,-9.54E-01,-8.64E-01,-8.71E-01
2.7655151e-001,-2.85E-02,-1.10E-01,-9.88E-01,-9.45E-01,-9.44E-01
2.7181835e-001,-3.23E-02,-1.14E-01,-9.96E-01,-9.59E-01,-9.56E-01
2.7522864e-001,-1.10E-02,-9.00E-02,-9.96E-01,-9.59E-01,-9.77E-01
2.7922246e-001,-5.79E-03,-9.24E-02,-9.96E-01,-9.69E-01,-9.81E-01
2.7689235e-001,-1.87E-02,-1.10E-01,-9.95E-01,-9.73E-01,-9.64E-01
2.7811558e-001,-1.98E-02,-1.10E-01,-9.94E-01,-9.68E-01,-9.52E-01
2.7474494e-001,-1.40E-02,-9.64E-02,-9.93E-01,-9.69E-01,-9.64E-01
2.7649115e-001,-1.69E-02,-1.11E-01,-9.94E-01,-9.78E-01,-9.64E-01
2.8295276e-001,-1.90E-02,-1.12E-01,-9.97E-01,-9.87E-01,-9.67E-01
2.7651584e-001,-1.78E-02,-1.00E-01,-9.97E-01,-9.92E-01,-9.86E-01
2.7438970e-001,-1.61E-02,-1.09E-01,-9.98E-01,-9.92E-01,-9.89E-01
2.7929258e-001,-1.67E-02,-1.13E-01,-9.95E-01,-9.44E-01,-9.81E-01
3.6020516e-001,3.8647108e-002,-1.14E-01,-9.42E-01,-7.74E-01,-7.72E-01
2.7572801e-001,-3.54E-02,-1.54E-01,-9.75E-01,-8.96E-01,-9.26E-01
2.6479640e-001,-3.86E-02,-1.12E-01,-9.88E-01,-9.56E-01,-9.41E-01
2.7283928e-001,-2.22E-02,-9.63E-02,-9.91E-01,-9.66E-01,-9.72E-01
2.8111299e-001,-1.27E-02,-1.07E-01,-9.96E-01,-9.76E-01,-9.85E-01
2.7692706e-001,-3.11E-03,-9.05E-02,-9.78E-01,-8.90E-01,-9.18E-01
2.7107355e-001,-3.14E-02,-1.16E-01,-9.73E-01,-8.06E-01,-8.76E-01
2.7333296e-001,-4.35E-02,-1.39E-01,-9.82E-01,-8.49E-01,-9.16E-01
2.7467843e-001,-2.32E-02,-1.24E-01,-9.87E-01,-8.97E-01,-9.49E-01
2.7201411e-001,-2.59E-02,-1.11E-01,-9.89E-01,-9.13E-01,-9.57E-01
2.7803411e-001,-1.39E-02,-9.33E-02,-9.95E-01,-9.54E-01,-9.69E-01
2.8424094e-001,-1.19E-02,-1.20E-01,-9.96E-01,-9.69E-01,-9.53E-01
2.7829309e-001,-1.98E-02,-1.27E-01,-9.91E-01,-9.67E-01,-9.41E-01
2.7945229e-001,-1.10E-02,-9.75E-02,-9.91E-01,-9.61E-01,-9.45E-01
2.7962805e-001,-1.16E-02,-9.40E-02,-9.94E-01,-9.64E-01,-9.67E-01
2.7670555e-001,-1.47E-02,-1.10E-01,-9.92E-01,-9.39E-01,-9.57E-01
2.7345928e-001,-1.68E-02,-1.01E-01,-9.90E-01,-9.32E-01,-9.55E-01
2.5187074e-001,4.1622432e-002,-1.73E-01,-9.62E-01,-7.49E-01,-8.17E-01
2.5224692e-001,-4.34E-03,-9.83E-02,-9.88E-01,-9.92E-01,-9.42E-01
2.7427863e-001,-9.94E-03,-9.62E-02,-9.94E-01,-9.56E-01,-9.53E-01
2.8195499e-001,-1.49E-02,-1.21E-01,-9.91E-01,-9.44E-01,-9.38E-01
2.7987048e-001,-1.55E-02,-1.21E-01,-9.91E-01,-9.64E-01,-9.53E-01
2.7505013e-001,-1.29E-02,-1.08E-01,-9.94E-01,-9.82E-01,-9.89E-01
2.7433895e-001,-1.22E-02,-1.07E-01,-9.95E-01,-9.87E-01,-9.95E-01
2.7252292e-001,-1.44E-02,-1.03E-01,-9.94E-01,-9.76E-01,-9.82E-01
2.7374032e-001,-1.81E-02,-9.83E-02,-9.90E-01,-9.57E-01,-9.42E-01
2.7486253e-001,-1.84E-02,-1.03E-01,-9.89E-01,-9.47E-01,-9.32E-01
2.7496680e-001,-1.81E-02,-9.93E-02,-9.92E-01,-9.54E-01,-9.45E-01
2.7382835e-001,-1.90E-02,-9.37E-02,-9.94E-01,-9.61E-01,-9.61E-01
2.7596258e-001,-1.79E-02,-1.01E-01,-9.96E-01,-9.64E-01,-9.84E-01
2.8084295e-001,-1.79E-02,-1.12E-01,-9.94E-01,-9.68E-01,-9.68E-01
2.7730823e-001,-1.43E-02,-1.07E-01,-9.83E-01,-9.47E-01,-9.44E-01
2.8931327e-001,7.5362695e-002,-8.58E-02,-9.21E-01,-6.96E-01,-7.61E-01
2.6689552e-001,-9.42E-03,-8.52E-02,-9.73E-01,-8.80E-01,-9.09E-01
2.8255205e-001,-2.09E-02,-1.19E-01,-9.83E-01,-9.19E-01,-9.65E-01
2.7339932e-001,-7.70E-03,-1.04E-01,-9.90E-01,-9.70E-01,-9.63E-01
2.9558259e-001,-7.34E-02,-1.62E-01,-9.50E-01,-6.61E-01,-8.02E-01
2.8987449e-001,-9.35E-02,-1.33E-01,-9.36E-01,-6.51E-01,-7.31E-01
2.6360681e-001,-3.23E-02,-3.89E-02,-9.57E-01,-8.30E-01,-8.65E-01
2.6835721e-001,-5.50E-03,-6.08E-02,-9.78E-01,-9.55E-01,-9.46E-01
2.7063567e-001,-7.93E-03,-8.67E-02,-9.85E-01,-9.60E-01,-9.68E-01
2.8138783e-001,-1.87E-02,-1.12E-01,-9.90E-01,-9.85E-01,-9.71E-01
2.7923687e-001,-1.62E-02,-1.13E-01,-9.93E-01,-9.88E-01,-9.77E-01
2.7915300e-001,-1.50E-02,-1.08E-01,-9.94E-01,-9.90E-01,-9.84E-01
2.7658048e-001,-1.27E-02,-9.81E-02,-9.91E-01,-9.83E-01,-9.70E-01
2.7467430e-001,-1.25E-02,-1.01E-01,-9.89E-01,-9.81E-01,-9.59E-01
5.1565423e-001,-3.05E-02,-2.15E-01,-8.33E-01,-8.41E-01,-8.36E-01
3.2208402e-001,3.9922980e-003,-2.39E-01,-8.23E-01,-8.88E-01,-8.88E-01
7.0536278e-002,5.8903436e-003,-1.99E-01,-9.44E-01,-8.86E-01,-9.00E-01
1.3219280e-001,-9.77E-03,-1.41E-01,-9.40E-01,-9.16E-01,-9.38E-01
2.4390160e-001,-1.63E-02,-1.13E-01,-9.67E-01,-9.74E-01,-9.71E-01
2.8174695e-001,-1.57E-02,-1.17E-01,-9.80E-01,-9.73E-01,-9.66E-01
2.7129093e-001,-1.63E-02,-1.20E-01,-9.81E-01,-9.71E-01,-9.70E-01
2.6291889e-001,-1.66E-02,-1.10E-01,-9.89E-01,-9.75E-01,-9.83E-01
2.6902148e-001,-1.67E-02,-1.09E-01,-9.87E-01,-9.65E-01,-9.81E-01
2.6063255e-001,-1.55E-02,-1.38E-01,-9.84E-01,-9.60E-01,-9.34E-01
2.6475519e-001,-1.32E-02,-1.37E-01,-9.85E-01,-9.68E-01,-9.33E-01
2.7901845e-001,-1.71E-02,-1.06E-01,-9.91E-01,-9.72E-01,-9.80E-01
2.6465899e-001,-1.94E-02,-9.55E-02,-9.87E-01,-9.81E-01,-9.77E-01
-3.67E-01,8.7724044e-002,-3.28E-01,-3.23E-01,-3.11E-01,-6.56E-01
3.4811825e-001,-4.10E-02,-1.24E-01,-9.22E-01,-8.88E-01,-9.02E-01
2.2852711e-001,-1.30E-02,-1.06E-01,-9.64E-01,-9.42E-01,-9.67E-01
2.3801440e-001,-1.50E-02,-1.41E-01,-9.74E-01,-9.48E-01,-9.64E-01
2.7867844e-001,-1.72E-02,-1.43E-01,-9.89E-01,-9.75E-01,-9.67E-01
2.7829459e-001,-1.64E-02,-1.19E-01,-9.90E-01,-9.83E-01,-9.80E-01
2.7337202e-001,-1.83E-02,-1.29E-01,-9.91E-01,-9.83E-01,-9.78E-01
2.8056768e-001,-1.88E-02,-1.30E-01,-9.94E-01,-9.88E-01,-9.80E-01
2.7767429e-001,-1.75E-02,-1.16E-01,-9.83E-01,-9.78E-01,-9.83E-01
2.7910290e-001,-1.71E-02,-1.12E-01,-9.80E-01,-9.75E-01,-9.84E-01
2.7561521e-001,-1.61E-02,-1.05E-01,-9.84E-01,-9.79E-01,-9.90E-01
2.7363533e-001,-1.64E-02,-1.05E-01,-9.87E-01,-9.81E-01,-9.89E-01
2.7650195e-001,-1.85E-02,-1.18E-01,-9.86E-01,-9.78E-01,-9.82E-01
2.6823856e-001,-1.75E-02,-1.30E-01,-9.70E-01,-9.62E-01,-9.74E-01
2.7542517e-001,-1.83E-02,-1.48E-01,-9.63E-01,-9.24E-01,-9.61E-01
2.6075630e-001,-3.44E-02,-1.69E-01,-4.27E-01,4.3189434e-002,-5.53E-01
3.4195967e-001,-3.40E-02,-1.08E-01,-2.57E-01,1.1672690e-001,-5.64E-01
3.0807036e-001,-4.33E-02,-1.19E-01,-2.38E-01,7.8580361e-002,-5.87E-01
2.5384297e-001,-6.77E-03,-1.17E-01,-3.75E-01,6.7400454e-002,-6.02E-01
2.5688099e-001,5.5764311e-004,-8.93E-02,-3.80E-01,2.9598426e-002,-5.92E-01
2.4971953e-001,-1.90E-03,-1.13E-01,-4.08E-01,1.3019869e-002,-6.24E-01
2.7474504e-001,5.7045217e-003,-1.20E-01,-4.62E-01,1.8763963e-002,-6.34E-01
3.0756925e-001,-1.51E-02,-1.17E-01,-4.07E-01,8.8594467e-002,-6.43E-01
3.2330075e-001,3.4656463e-002,-9.46E-02,-4.34E-01,1.5249816e-001,-5.30E-01
3.0945764e-001,-3.25E-02,-1.33E-01,-4.42E-01,2.0737908e-001,-5.10E-01
2.3002951e-001,-9.64E-02,-1.42E-01,-3.17E-01,1.0901924e-001,-6.08E-01
1.8649749e-001,-1.20E-02,-6.61E-02,-2.18E-01,-4.66E-03,-6.03E-01
3.6264472e-001,-1.06E-02,-8.48E-02,-1.82E-01,5.5031607e-002,-5.92E-01
3.5427722e-001,-2.62E-02,-1.10E-01,-2.17E-01,1.0188471e-001,-6.01E-01
1.9403481e-001,-2.99E-02,-1.13E-01,-3.06E-01,8.8868720e-002,-5.97E-01
2.8194515e-001,3.3856092e-003,-1.67E-01,-3.83E-01,-2.91E-02,-6.11E-01
2.9833962e-001,-1.63E-02,-1.19E-01,-3.25E-01,1.1542018e-001,-5.93E-01
3.3676572e-001,-3.93E-02,-1.27E-01,-2.72E-01,1.8028445e-001,-5.90E-01
2.1804175e-001,-1.22E-02,-1.00E-01,-2.53E-01,1.3051134e-001,-5.84E-01
2.5805999e-001,1.8210964e-002,-7.26E-02,-2.17E-01,1.4275071e-001,-5.60E-01
3.7942507e-001,-2.26E-02,-1.00E-01,-1.82E-01,1.7623603e-001,-5.38E-01
2.5857456e-001,-4.78E-02,-1.31E-01,-1.94E-01,1.4605220e-001,-5.56E-01
1.9594646e-001,2.0386314e-003,-1.22E-01,-2.98E-01,5.1465546e-002,-6.33E-01
3.3216716e-001,7.3482438e-003,-9.51E-02,-3.07E-01,4.1386667e-002,-6.25E-01
3.3392479e-001,-2.46E-02,-1.18E-01,-2.62E-01,1.3876869e-001,-5.82E-01
1.9874142e-001,-2.59E-02,-1.18E-01,-2.59E-01,1.2824949e-001,-5.97E-01
2.5147128e-001,-6.38E-03,-9.70E-02,-2.83E-01,4.9417174e-002,-5.86E-01
3.2610819e-001,-1.41E-02,-9.05E-02,-2.87E-01,4.3382859e-002,-5.63E-01
3.0626805e-001,-2.34E-02,-1.10E-01,-3.45E-01,1.7114193e-002,-6.29E-01
2.3405608e-001,-1.11E-02,-1.39E-01,2.6609479e-001,-4.65E-04,-6.26E-01
3.5318829e-001,-3.37E-02,-1.06E-01,3.7312521e-001,1.5478133e-001,-6.13E-01
4.4190317e-001,-4.52E-02,-1.19E-01,3.8474527e-001,2.6279255e-001,-5.72E-01
1.9695335e-001,4.2515511e-003,-9.89E-02,3.8931530e-001,3.4499057e-001,-4.99E-01
9.0659537e-002,3.2572755e-002,-4.70E-02,3.0000959e-001,6.4078306e-001,-5.58E-01
3.9334276e-001,-2.12E-02,-1.13E-01,3.0682630e-001,6.9659754e-001,-5.37E-01
2.6329260e-001,-3.22E-02,-1.49E-01,4.4608743e-001,4.4055268e-001,-4.85E-01
1.6337412e-001,-9.18E-03,-1.30E-01,4.3386711e-001,1.7684849e-001,-5.21E-01
4.1695162e-001,-6.66E-02,-1.31E-01,5.4453951e-001,3.4705472e-001,-4.52E-01
4.0143941e-001,-3.91E-02,-9.72E-02,4.8659827e-001,3.2344269e-001,-4.73E-01
1.1131242e-001,-1.52E-03,-1.75E-01,2.5840702e-001,2.6052315e-001,-5.35E-01
3.3209675e-001,-3.07E-02,-1.47E-01,3.5938044e-001,3.2149541e-001,-6.41E-01
4.5056238e-001,-7.75E-02,-8.37E-02,4.5886034e-001,4.8562718e-001,-5.63E-01
2.1902711e-001,-1.53E-02,-6.45E-02,4.1710318e-001,3.4038056e-001,-4.83E-01
8.4683464e-002,6.3915756e-002,-6.67E-02,3.8737543e-001,-8.85E-03,-5.39E-01
3.2894946e-001,-3.40E-02,-1.14E-01,4.2982682e-001,3.1536639e-001,-4.54E-01
3.7744456e-001,-5.25E-02,-1.56E-01,4.1461864e-001,3.7493462e-001,-4.79E-01
3.8126014e-001,-2.50E-02,-1.28E-01,3.6769634e-001,2.0810150e-001,-4.73E-01
1.3056706e-001,-2.49E-03,-1.64E-01,2.5217006e-001,2.8460522e-001,-4.50E-01
2.1256524e-001,-8.61E-03,-1.35E-01,3.3261789e-001,2.7645972e-001,-4.62E-01
4.3997763e-001,-1.07E-02,-8.20E-02,4.0248483e-001,3.1260935e-001,-5.62E-01
4.2072489e-001,-5.23E-02,-1.07E-01,3.9680491e-001,3.2429987e-001,-5.55E-01
8.8927540e-002,-3.35E-02,-5.69E-02,3.7220859e-001,1.8339728e-001,-5.40E-01
1.5183443e-001,1.6128507e-002,-6.96E-02,2.9946049e-001,1.9439993e-001,-5.31E-01
2.5738042e-001,-1.15E-01,-1.86E-01,-7.61E-02,1.4651196e-001,-3.75E-01
2.0103365e-001,-2.71E-02,-1.94E-01,-1.88E-02,6.0767067e-003,-5.90E-01
2.1278703e-001,-4.81E-02,-1.21E-01,-4.14E-02,5.2448642e-002,-5.85E-01
2.7578536e-001,-2.74E-02,-8.61E-02,-5.35E-02,1.2583723e-001,-4.45E-01
3.1609283e-001,4.7099411e-002,-1.06E-01,2.2283219e-003,1.2344646e-001,-4.16E-01
2.6236793e-001,-1.04E-02,-1.55E-01,1.1657820e-002,1.3621751e-001,-4.93E-01
2.3204502e-001,-6.09E-02,-1.27E-01,-7.13E-02,1.6402969e-001,-4.61E-01
2.3005941e-001,7.7448028e-003,-1.04E-01,-8.86E-02,1.5593234e-001,-4.52E-01
2.3007160e-001,5.5839830e-003,-1.06E-01,-3.23E-02,1.9455412e-001,-4.52E-01
1.4593973e-001,-1.02E-01,-1.73E-01,-9.03E-02,1.6961547e-001,-4.62E-01
2.0867175e-001,2.1494731e-003,-1.10E-01,9.7463560e-003,2.0601670e-001,-4.96E-01
3.4565463e-001,-1.41E-02,-8.39E-02,-5.16E-03,3.5797316e-001,-4.05E-01
3.0033344e-001,-4.49E-02,-1.18E-01,-8.75E-02,3.5194847e-001,-4.05E-01
2.5082815e-001,-7.12E-02,-1.48E-01,-1.53E-01,2.9620663e-001,-5.09E-01
2.1719062e-001,-3.46E-02,-1.25E-01,-1.76E-01,1.7812549e-001,-4.37E-01
2.2433143e-001,3.5434279e-002,-9.67E-02,-1.28E-01,7.3490788e-002,-4.15E-01
2.5151256e-001,2.3610277e-002,-1.09E-01,-1.38E-01,8.3645639e-002,-5.02E-01
1.7510626e-001,-6.61E-02,-2.03E-01,-2.99E-02,2.3805550e-001,-4.12E-01
2.7497974e-001,-4.85E-03,-1.08E-01,4.9313952e-003,1.2069361e-001,-4.79E-01
3.2369813e-001,-3.95E-02,-1.04E-01,-9.03E-02,1.0084007e-001,-4.37E-01
3.1910451e-001,-1.98E-02,-4.38E-02,-1.26E-01,2.2782477e-001,-3.66E-01
3.2256348e-001,1.7623343e-003,-9.96E-02,-7.73E-02,1.6339703e-001,-3.67E-01
1.6503216e-001,4.3730978e-004,-1.81E-01,-7.82E-02,7.6021149e-002,-4.23E-01
2.1025917e-001,-3.89E-02,-1.05E-01,-7.05E-02,1.8666653e-001,-3.35E-01
3.9004106e-001,-5.67E-02,-1.23E-01,-3.14E-02,1.7263144e-001,-4.11E-01
3.5688489e-001,-5.86E-03,-9.63E-02,-5.81E-02,1.8547021e-002,-4.87E-01
2.6344418e-001,-6.56E-02,-2.44E-01,-9.17E-01,-8.11E-01,-8.68E-01
2.8900773e-001,-1.75E-02,-1.58E-01,-9.88E-01,-8.54E-01,-8.09E-01
2.7113074e-001,-1.65E-02,-2.77E-02,-9.82E-01,-9.04E-01,-9.06E-01
2.7364359e-001,-1.47E-02,-3.40E-02,-9.82E-01,-9.16E-01,-8.77E-01
2.8017932e-001,-2.52E-02,-2.04E-01,-9.68E-01,-8.71E-01,-6.86E-01
2.7359044e-001,-3.30E-02,-2.40E-01,-9.59E-01,-7.48E-01,-6.93E-01
2.7641453e-001,-1.17E-02,-9.65E-02,-9.48E-01,-7.33E-01,-7.88E-01
2.8440209e-001,-6.71E-03,-7.17E-02,-9.54E-01,-8.54E-01,-8.83E-01
2.7718403e-001,-2.10E-02,-1.04E-01,-9.85E-01,-9.21E-01,-9.59E-01
2.7365043e-001,-2.41E-02,-1.28E-01,-9.89E-01,-9.32E-01,-9.63E-01
2.7997969e-001,-9.71E-03,-1.31E-01,-9.94E-01,-9.56E-01,-9.74E-01
2.8086229e-001,-1.54E-02,-1.21E-01,-9.93E-01,-9.69E-01,-9.81E-01
2.7732193e-001,-1.61E-02,-1.02E-01,-9.94E-01,-9.61E-01,-9.66E-01
2.7777046e-001,-1.35E-02,-9.87E-02,-9.94E-01,-9.61E-01,-9.64E-01
4.3612336e-001,4.5743044e-002,2.8879767e-002,-8.82E-01,-7.32E-01,-7.63E-01
2.5870172e-001,-4.07E-02,-1.20E-01,-9.57E-01,-8.47E-01,-8.34E-01
2.5352527e-001,-4.07E-02,-1.42E-01,-9.64E-01,-8.67E-01,-8.92E-01
2.8934036e-001,-1.18E-02,-7.90E-02,-9.77E-01,-9.40E-01,-9.20E-01
2.9231330e-001,-4.60E-03,-9.30E-02,-9.76E-01,-9.54E-01,-8.99E-01
2.7154535e-001,-1.47E-02,-1.38E-01,-9.84E-01,-9.68E-01,-9.53E-01
2.6884497e-001,-1.82E-02,-1.28E-01,-9.89E-01,-9.68E-01,-9.71E-01
2.7297082e-001,-1.96E-02,-1.13E-01,-9.94E-01,-9.66E-01,-9.69E-01
2.7412305e-001,-2.33E-02,-1.06E-01,-9.94E-01,-9.62E-01,-9.75E-01
2.7477121e-001,-1.86E-02,-1.19E-01,-9.94E-01,-9.58E-01,-9.71E-01
2.7627268e-001,-1.72E-02,-1.10E-01,-9.94E-01,-9.60E-01,-9.68E-01
2.7787950e-001,-1.76E-02,-1.08E-01,-9.95E-01,-9.52E-01,-9.80E-01
2.6700955e-001,-1.06E-02,-1.20E-01,-9.72E-01,-9.53E-01,-9.60E-01
2.8507276e-001,3.0798606e-002,-2.71E-01,-9.20E-01,-6.45E-01,-6.89E-01
2.6025246e-001,-1.94E-02,-1.42E-01,-9.78E-01,-9.44E-01,-8.72E-01
2.8256984e-001,-1.78E-02,-1.02E-01,-9.57E-01,-8.80E-01,-8.59E-01
2.8127010e-001,-1.63E-02,-1.27E-01,-9.56E-01,-8.78E-01,-8.55E-01
2.8085476e-001,-1.46E-02,-1.23E-01,-9.80E-01,-9.51E-01,-9.34E-01
2.7495620e-001,-1.66E-02,-1.06E-01,-9.86E-01,-9.73E-01,-9.69E-01
2.7218259e-001,-1.83E-02,-1.01E-01,-9.88E-01,-9.75E-01,-9.70E-01
2.7656572e-001,-1.46E-02,-1.12E-01,-9.93E-01,-9.70E-01,-9.68E-01
2.7830713e-001,-1.46E-02,-1.20E-01,-9.94E-01,-9.73E-01,-9.75E-01
2.8370272e-001,-2.89E-02,-8.04E-02,-9.93E-01,-9.80E-01,-9.44E-01
2.7705644e-001,-1.91E-02,-9.98E-02,-9.92E-01,-9.58E-01,-9.19E-01
2.6993466e-001,-1.30E-02,-1.32E-01,-9.59E-01,-9.53E-01,-8.99E-01
3.2247912e-001,5.6896128e-002,-4.47E-02,-9.51E-01,-8.23E-01,-8.75E-01
2.7441548e-001,-1.54E-02,-8.96E-02,-9.77E-01,-8.45E-01,-9.01E-01
2.7325099e-001,-5.23E-02,-1.23E-01,-9.74E-01,-9.28E-01,-8.57E-01
2.7053774e-001,-3.02E-02,-1.43E-01,-9.80E-01,-9.11E-01,-9.03E-01
2.7564679e-001,-1.32E-02,-1.10E-01,-9.84E-01,-9.33E-01,-9.46E-01
2.7466424e-001,-1.95E-02,-1.13E-01,-9.80E-01,-9.27E-01,-9.44E-01
2.7901649e-001,-1.51E-02,-1.11E-01,-9.80E-01,-9.47E-01,-9.60E-01
2.8079742e-001,-1.09E-02,-1.04E-01,-9.86E-01,-9.61E-01,-9.70E-01
2.7873079e-001,-1.37E-02,-1.08E-01,-9.87E-01,-9.62E-01,-9.54E-01
2.7619458e-001,-2.39E-02,-1.00E-01,-9.81E-01,-9.49E-01,-9.49E-01
2.7444901e-001,-3.11E-02,-1.14E-01,-9.83E-01,-9.50E-01,-9.56E-01
2.7960559e-001,-1.86E-02,-1.05E-01,-9.90E-01,-9.57E-01,-9.49E-01
2.7715203e-001,-1.72E-02,-1.11E-01,-9.90E-01,-9.66E-01,-9.42E-01
2.7825623e-001,-1.93E-02,-1.12E-01,-9.89E-01,-9.68E-01,-9.44E-01
-8.54E-01,2.0536516e-001,-1.16E-01,-5.71E-02,-7.57E-02,-3.09E-01
3.7328919e-001,-1.09E-02,-2.38E-01,-8.24E-01,-6.80E-01,-6.51E-01
3.3218469e-001,-1.05E-02,-1.13E-01,-9.01E-01,-8.78E-01,-8.95E-01
2.7885965e-001,-1.21E-02,-1.11E-01,-9.81E-01,-9.61E-01,-9.65E-01
2.9456734e-001,-1.78E-02,-1.14E-01,-9.80E-01,-9.79E-01,-9.75E-01
2.7080544e-001,-1.71E-02,-1.10E-01,-9.63E-01,-9.70E-01,-9.72E-01
2.3725447e-001,-1.40E-02,-1.13E-01,-9.67E-01,-9.70E-01,-9.74E-01
3.0816354e-001,-1.14E-02,-1.31E-01,-9.54E-01,-9.77E-01,-9.68E-01
2.7201317e-001,-1.66E-02,-1.12E-01,-9.38E-01,-9.78E-01,-9.51E-01
2.0202838e-001,-1.82E-02,-9.96E-02,-9.66E-01,-9.82E-01,-9.65E-01
3.0516403e-001,-1.20E-02,-1.31E-01,-9.44E-01,-9.81E-01,-9.61E-01
3.2395189e-001,-1.18E-02,-1.29E-01,-9.59E-01,-9.83E-01,-9.64E-01
2.2918360e-001,-1.74E-02,-1.02E-01,-9.75E-01,-9.85E-01,-9.77E-01
2.4653494e-001,-1.59E-02,-1.20E-01,-9.63E-01,-9.74E-01,-9.37E-01
4.9079084e-001,-1.94E-02,-3.07E-01,-8.02E-01,-7.91E-01,-6.43E-01
3.2859316e-001,-1.91E-02,-1.48E-01,-8.88E-01,-9.21E-01,-8.70E-01
2.4701788e-001,-1.06E-02,-1.35E-01,-9.72E-01,-9.48E-01,-9.22E-01
2.7853306e-001,-1.56E-02,-1.32E-01,-9.71E-01,-9.29E-01,-9.26E-01
2.9721144e-001,-1.73E-02,-1.26E-01,-9.80E-01,-9.39E-01,-9.32E-01
2.7959853e-001,-1.89E-02,-8.28E-02,-9.81E-01,-9.64E-01,-9.51E-01
2.7672656e-001,-1.74E-02,-9.73E-02,-9.85E-01,-9.78E-01,-9.32E-01
2.9210404e-001,-1.71E-02,-1.37E-01,-9.87E-01,-9.81E-01,-9.63E-01
2.7830975e-001,-1.64E-02,-1.11E-01,-9.85E-01,-9.75E-01,-9.42E-01
2.8118557e-001,-1.64E-02,-1.05E-01,-9.87E-01,-9.76E-01,-9.37E-01
2.8832224e-001,-1.71E-02,-1.30E-01,-9.89E-01,-9.80E-01,-9.46E-01
2.7375799e-001,-1.71E-02,-1.04E-01,-9.88E-01,-9.80E-01,-9.47E-01
2.7892040e-001,-1.76E-02,-1.08E-01,-9.88E-01,-9.85E-01,-9.46E-01
2.7806926e-001,-1.65E-02,-1.27E-01,-9.88E-01,-9.81E-01,-9.59E-01
2.6119037e-001,-1.72E-02,-1.07E-01,-9.82E-01,-9.36E-01,-9.42E-01
2.7095396e-001,-1.57E-02,-1.43E-01,-2.55E-01,3.1554969e-001,-4.25E-01
3.5675564e-001,-1.30E-02,-1.33E-01,-2.92E-01,4.2720928e-001,-4.90E-01
2.4499297e-001,-1.65E-02,-1.05E-01,-2.85E-01,3.2222785e-001,-4.36E-01
2.2702662e-001,-1.19E-02,-7.63E-02,-2.95E-01,3.0718947e-001,-4.17E-01
3.4524625e-001,-3.22E-02,-1.06E-01,-2.11E-01,2.6712693e-001,-3.55E-01
3.1719098e-001,-3.67E-02,-1.11E-01,-1.94E-01,1.8921427e-001,-3.17E-01
2.2484511e-001,4.2701645e-003,-1.21E-01,-2.52E-01,1.4068268e-001,-4.54E-01
2.3173287e-001,8.8070868e-003,-1.18E-01,-2.62E-01,7.7765082e-002,-4.75E-01
3.3126789e-001,1.9897078e-003,-1.33E-01,-2.76E-01,2.2188772e-001,-4.90E-01
3.4239037e-001,-3.95E-02,-1.29E-01,-2.75E-01,4.0144670e-001,-4.59E-01
2.4617203e-001,-3.75E-02,-1.00E-01,-2.78E-01,2.8285528e-001,-4.28E-01
1.9927104e-001,1.9010670e-002,-7.59E-02,-3.30E-01,1.5256444e-001,-5.06E-01
2.6967447e-001,1.0907280e-002,-7.49E-02,-3.37E-01,1.4624983e-001,-4.46E-01
3.8126228e-001,-2.35E-02,-1.22E-01,-3.02E-01,2.1550244e-001,-4.38E-01
3.3268144e-001,-2.98E-02,-1.22E-01,-3.16E-01,2.0729302e-001,-3.44E-01
3.3405176e-001,-2.72E-02,-1.20E-01,-2.55E-01,2.8075418e-001,-4.32E-01
1.9479279e-001,2.4251470e-003,-9.68E-02,-2.53E-01,1.2530056e-001,-4.73E-01
3.0488738e-001,-4.83E-02,-7.51E-02,-2.85E-01,2.5673149e-001,-4.50E-01
3.1235151e-001,-7.43E-02,-1.03E-01,-2.39E-01,2.8150753e-001,-4.71E-01
1.7194263e-001,5.1947602e-004,-1.07E-01,-2.69E-01,1.5798979e-001,-3.98E-01
2.5859562e-001,4.8193488e-002,-1.31E-01,-3.09E-01,2.2626285e-001,-3.12E-01
3.5096687e-001,-1.08E-02,-1.10E-01,-2.67E-01,3.2062063e-001,-3.09E-01
3.3990748e-001,-4.06E-02,-1.53E-01,-3.09E-01,3.9713583e-001,-3.60E-01
2.3141944e-001,-6.21E-03,-1.27E-01,-3.31E-01,3.4264114e-001,-4.30E-01
1.8965016e-001,3.7783194e-003,-6.06E-02,-3.64E-01,2.3448301e-001,-3.98E-01
3.2474892e-001,-1.23E-02,-5.34E-02,-3.37E-01,1.5701060e-001,-3.88E-01
3.5352675e-001,-3.66E-02,-9.35E-02,-2.97E-01,1.8773176e-001,-3.88E-01
2.9068479e-001,-4.65E-02,-1.24E-01,-2.91E-01,2.1947073e-001,-3.71E-01
2.5176787e-001,-3.93E-02,-1.45E-01,5.0254725e-001,3.3507026e-001,-9.05E-02
4.3301362e-001,-2.67E-02,-9.74E-02,5.3705632e-001,3.2344612e-001,-2.99E-01
2.9809915e-001,-4.77E-02,-8.60E-02,3.1109143e-001,5.5095280e-001,-6.92E-02
1.4143066e-001,-2.79E-02,-1.48E-01,2.9852590e-001,4.4042227e-001,-6.91E-04
2.3840292e-001,6.3813139e-002,-1.55E-01,3.9430540e-001,3.9044946e-001,-1.20E-01
4.3257478e-001,-5.51E-02,-1.12E-01,4.2700956e-001,6.4331886e-001,-1.33E-01
2.4782630e-001,-6.71E-02,-6.52E-02,4.5947072e-001,4.6464694e-001,-4.93E-02
1.1545218e-001,1.6279339e-002,-4.53E-02,4.5172867e-001,3.1056344e-001,4.2391025e-003
2.9573725e-001,-7.13E-02,-1.30E-01,4.1759211e-001,6.9189828e-001,1.6020780e-001
4.3135238e-001,3.9076224e-003,-1.06E-01,4.0358511e-001,3.5371465e-001,-6.25E-02
1.8851078e-001,1.4949716e-002,-2.02E-01,3.3076870e-001,3.7652437e-001,7.6358591e-003
1.9263592e-001,-2.64E-02,-1.60E-01,2.4943622e-001,4.1852284e-001,5.5494240e-002
4.2895531e-001,-3.45E-02,-9.07E-02,3.3105837e-001,5.6342628e-001,-1.88E-01
3.3502562e-001,4.9850954e-003,-6.37E-02,4.2591615e-001,4.4752674e-001,-1.46E-01
1.7784931e-001,7.7705732e-003,-1.75E-02,4.2241108e-001,1.7317026e-001,-1.36E-01
2.1206857e-001,-3.76E-02,-5.07E-02,3.7321578e-001,2.1421206e-001,-2.17E-01
2.8895164e-001,-2.80E-02,-9.12E-02,3.9996725e-001,1.0619459e-001,-3.34E-01
4.4179024e-001,-2.41E-02,-1.09E-01,4.4549055e-001,4.4495318e-001,-3.02E-01
2.4074263e-001,-3.44E-02,-1.59E-01,2.7356135e-001,5.5607247e-001,-3.22E-01
1.4360939e-001,2.4232758e-003,-1.19E-01,1.9968965e-001,4.2232797e-001,-2.23E-01
2.1075710e-001,2.2002083e-003,-1.57E-01,2.7502462e-001,5.1050870e-001,-2.63E-02
4.3485026e-001,-4.74E-02,-1.22E-01,4.1943964e-001,5.2776072e-001,-7.16E-02
3.2394567e-001,1.8966614e-004,-1.03E-02,5.1765694e-001,3.2324692e-001,-1.80E-01
1.0772883e-001,-9.98E-04,-2.44E-02,4.6994618e-001,4.3826339e-001,-2.31E-02
1.7444077e-001,-9.92E-02,-1.59E-01,-3.52E-02,2.0770221e-001,-3.57E-01
3.2782649e-001,-3.55E-02,-1.35E-01,-6.86E-02,1.8009705e-001,-3.65E-01
3.9609160e-001,-3.89E-02,-1.48E-01,-6.75E-02,1.7360073e-001,-2.34E-01
3.5896314e-001,-2.39E-02,-1.05E-01,-4.33E-02,1.7709172e-001,-2.04E-01
3.0140064e-001,-5.69E-03,-9.35E-02,-2.93E-02,2.0217690e-001,-3.46E-01
2.5206142e-001,-2.48E-02,-1.32E-01,3.0734643e-002,1.6050493e-001,-2.03E-01
2.0673957e-001,-4.52E-02,-8.06E-02,-6.43E-02,1.4655794e-001,-2.42E-01
2.4421303e-001,-1.44E-02,-9.08E-02,-1.00E-01,2.0731292e-001,-3.98E-01
3.1013193e-001,2.4141466e-002,-1.23E-01,-5.76E-02,5.6822638e-002,-3.61E-01
2.0953394e-001,-8.01E-02,-1.94E-01,-3.66E-02,2.2880295e-001,-3.29E-01
3.7218053e-001,-5.06E-02,-1.42E-01,-1.33E-02,2.5086409e-001,-3.88E-01
3.6923704e-001,-5.27E-02,-1.12E-01,9.8132123e-003,3.5709626e-001,-2.48E-01
2.8671495e-001,7.5556946e-004,-6.27E-02,-1.76E-02,2.0043478e-001,-2.08E-01
1.9940274e-001,-5.30E-02,-7.67E-02,-2.18E-02,1.3692477e-001,-3.61E-01
2.3242018e-001,-6.85E-02,-1.86E-01,-6.71E-04,2.2380602e-001,-1.26E-01
2.5537804e-001,3.1689492e-003,-1.70E-01,-3.91E-02,2.3028745e-001,-9.65E-02
2.0681160e-001,2.7123744e-002,-8.53E-02,-8.40E-02,2.1038044e-001,-4.06E-01
3.0669023e-001,-2.33E-02,-1.96E-01,1.7475408e-002,2.8332483e-001,-2.96E-01
3.8837404e-001,-6.24E-02,-1.74E-01,2.6048801e-002,3.9550763e-001,-3.18E-01
3.3888385e-001,-3.99E-02,-1.04E-01,6.8628373e-002,3.3292548e-001,-1.03E-01
2.9828248e-001,8.3359006e-003,-5.36E-02,-4.31E-02,1.8594882e-001,-1.14E-01
1.4153116e-001,-9.52E-02,-1.82E-01,-4.54E-02,2.7957805e-001,-6.48E-02
2.1432315e-001,-2.58E-02,-1.05E-01,-3.09E-02,3.5273080e-001,-2.86E-03
3.1784125e-001,6.1344669e-002,-1.94E-02,-1.13E-01,2.2309010e-001,-2.55E-01
2.7046838e-001,-1.18E-02,-8.61E-02,-1.05E-01,1.2275835e-001,-3.84E-01
2.8291324e-001,1.6606408e-003,-1.02E-01,-9.64E-01,-9.27E-01,-9.04E-01
2.9060403e-001,-2.94E-03,-6.62E-02,-9.81E-01,-9.59E-01,-9.74E-01
2.8334095e-001,-1.14E-02,-8.45E-02,-9.86E-01,-9.76E-01,-9.67E-01
2.8231243e-001,-2.99E-03,-8.99E-02,-9.93E-01,-9.78E-01,-9.78E-01
2.8209486e-001,-1.63E-02,-9.17E-02,-9.95E-01,-9.52E-01,-9.80E-01
2.7282325e-001,-2.91E-02,-1.17E-01,-9.90E-01,-9.84E-01,-9.73E-01
2.8136390e-001,-1.90E-02,-8.80E-02,-9.82E-01,-9.57E-01,-8.90E-01
2.8278633e-001,-2.98E-02,-9.10E-02,-9.82E-01,-9.34E-01,-8.73E-01
2.7290311e-001,-3.49E-02,-1.32E-01,-9.88E-01,-9.51E-01,-9.33E-01
2.7720682e-001,-1.54E-02,-1.08E-01,-9.93E-01,-9.66E-01,-9.51E-01
2.7798524e-001,-3.84E-03,-1.10E-01,-9.90E-01,-9.84E-01,-9.59E-01
2.7365016e-001,-7.80E-03,-1.21E-01,-9.88E-01,-9.59E-01,-9.66E-01
2.7044485e-001,-2.46E-02,-1.26E-01,-9.91E-01,-9.56E-01,-9.72E-01
2.7494366e-001,-2.09E-02,-1.18E-01,-9.95E-01,-9.63E-01,-9.67E-01
2.7999379e-001,-1.34E-02,-1.20E-01,-9.94E-01,-9.72E-01,-8.93E-01
4.2168183e-001,1.1997995e-002,9.3854884e-002,-9.14E-01,-6.92E-01,-6.78E-01
2.8706532e-001,-4.86E-02,-9.21E-02,-9.66E-01,-9.16E-01,-8.71E-01
2.7952931e-001,-1.28E-02,-9.07E-02,-9.83E-01,-9.48E-01,-9.25E-01
2.7992585e-001,-1.22E-02,-1.07E-01,-9.86E-01,-9.65E-01,-9.32E-01
2.7051424e-001,-1.97E-02,-1.30E-01,-9.88E-01,-9.80E-01,-9.69E-01
2.7958343e-001,-2.37E-02,-9.39E-02,-9.85E-01,-9.68E-01,-9.61E-01
2.7853082e-001,-2.05E-02,-1.06E-01,-9.83E-01,-9.63E-01,-9.28E-01
2.7327857e-001,-1.60E-02,-1.21E-01,-9.81E-01,-9.77E-01,-9.27E-01
2.7950737e-001,-2.63E-02,-1.04E-01,-9.82E-01,-9.60E-01,-9.44E-01
2.7597743e-001,-2.86E-02,-1.22E-01,-9.74E-01,-9.63E-01,-9.49E-01
2.8022805e-001,-1.36E-02,-1.01E-01,-9.74E-01,-9.58E-01,-9.25E-01
2.7952681e-001,-1.37E-02,-1.02E-01,-9.85E-01,-9.39E-01,-9.22E-01
2.6816504e-001,-2.24E-02,-1.30E-01,-9.88E-01,-9.39E-01,-9.62E-01
3.2290073e-001,4.3107910e-002,3.6292123e-002,-9.22E-01,-3.63E-01,-4.34E-01
2.6585015e-001,-3.56E-02,-1.57E-01,-9.89E-01,-9.09E-01,-9.17E-01
2.7775584e-001,-6.45E-03,-6.73E-02,-9.89E-01,-9.76E-01,-8.85E-01
2.7802325e-001,-2.51E-02,-1.14E-01,-9.85E-01,-9.16E-01,-8.08E-01
2.7469288e-001,-2.15E-02,-1.21E-01,-9.82E-01,-8.83E-01,-7.64E-01
2.7002674e-001,1.6329739e-003,-5.01E-02,-9.78E-01,-8.60E-01,-7.19E-01
2.8308100e-001,-2.56E-02,-1.43E-01,-9.82E-01,-8.58E-01,-7.29E-01
2.8416922e-001,-3.01E-02,-1.77E-01,-9.92E-01,-9.36E-01,-9.02E-01
2.7644468e-001,-9.53E-03,-1.26E-01,-9.98E-01,-9.84E-01,-9.79E-01
2.7824874e-001,-1.33E-02,-1.10E-01,-9.98E-01,-9.90E-01,-9.90E-01
2.7817115e-001,-1.80E-02,-1.11E-01,-9.98E-01,-9.95E-01,-9.89E-01
2.7719532e-001,-1.67E-02,-1.11E-01,-9.97E-01,-9.93E-01,-9.89E-01
4.6492761e-001,-8.58E-02,-5.61E-01,-6.88E-01,-4.92E-01,9.9508371e-002
2.2228655e-001,1.0848177e-002,-4.83E-02,-9.46E-01,-9.00E-01,-8.19E-01
2.8428630e-001,-1.22E-02,-5.49E-02,-9.78E-01,-9.29E-01,-8.87E-01
2.7760406e-001,-1.61E-02,-9.52E-02,-9.79E-01,-9.14E-01,-8.66E-01
2.8279300e-001,-2.19E-02,-1.49E-01,-9.86E-01,-9.57E-01,-9.04E-01
2.7974810e-001,-1.73E-02,-1.36E-01,-9.96E-01,-9.92E-01,-9.52E-01
2.7859690e-001,-1.58E-02,-1.09E-01,-9.96E-01,-9.92E-01,-9.87E-01
2.7728392e-001,-1.42E-02,-9.96E-02,-9.96E-01,-9.91E-01,-9.77E-01
2.7534782e-001,-1.53E-02,-1.02E-01,-9.98E-01,-9.91E-01,-9.74E-01
2.7668183e-001,-1.56E-02,-1.03E-01,-9.98E-01,-9.92E-01,-9.82E-01
2.7735292e-001,-1.58E-02,-1.07E-01,-9.97E-01,-9.94E-01,-9.77E-01
2.7856251e-001,-1.65E-02,-1.14E-01,-9.97E-01,-9.96E-01,-9.81E-01
2.7552365e-001,-1.57E-02,-1.03E-01,-9.97E-01,-9.95E-01,-9.80E-01
2.7831360e-001,-1.52E-02,-1.07E-01,-9.94E-01,-9.79E-01,-9.73E-01
-4.10E-01,1.2748494e-001,-7.55E-02,-3.44E-01,-4.36E-01,-6.48E-01
3.0658851e-001,-2.95E-02,-1.06E-01,-9.56E-01,-8.66E-01,-9.66E-01
2.6385089e-001,-3.39E-02,-9.74E-02,-9.68E-01,-9.63E-01,-9.83E-01
2.7889268e-001,-1.90E-02,-1.08E-01,-9.67E-01,-9.78E-01,-9.81E-01
2.8256787e-001,-2.25E-02,-1.06E-01,-9.69E-01,-9.70E-01,-9.80E-01
2.8427780e-001,-1.84E-02,-1.08E-01,-9.66E-01,-9.63E-01,-9.73E-01
2.7069052e-001,-1.95E-02,-1.06E-01,-9.61E-01,-9.64E-01,-9.74E-01
2.5509959e-001,-2.32E-02,-1.04E-01,-9.72E-01,-9.76E-01,-9.77E-01
2.6823494e-001,-1.82E-02,-1.08E-01,-9.70E-01,-9.78E-01,-9.77E-01
2.7399673e-001,-1.44E-02,-1.11E-01,-9.72E-01,-9.75E-01,-9.74E-01
2.5751297e-001,-1.53E-02,-1.08E-01,-9.74E-01,-9.78E-01,-9.75E-01
2.5854289e-001,-1.99E-02,-1.04E-01,-9.74E-01,-9.87E-01,-9.85E-01
2.7041720e-001,-2.36E-02,-1.05E-01,-9.79E-01,-9.81E-01,-9.85E-01
3.0543709e-001,2.2637306e-002,-1.23E-01,-9.42E-01,-7.25E-01,-9.33E-01
1.7110988e-001,-1.14E-01,-5.56E-02,-8.72E-01,-4.60E-01,-7.80E-01
3.1563388e-001,1.3335951e-003,-1.08E-01,-9.70E-01,-9.64E-01,-9.77E-01
2.8729169e-001,-2.32E-02,-1.08E-01,-9.54E-01,-9.53E-01,-9.77E-01
2.7831766e-001,-2.51E-02,-1.06E-01,-9.57E-01,-9.51E-01,-9.78E-01
2.8617105e-001,-1.89E-02,-1.09E-01,-9.59E-01,-9.60E-01,-9.82E-01
2.7907627e-001,-1.83E-02,-1.09E-01,-9.62E-01,-9.56E-01,-9.81E-01
2.7682290e-001,-1.88E-02,-1.08E-01,-9.63E-01,-9.54E-01,-9.79E-01
2.7797808e-001,-1.83E-02,-1.07E-01,-9.66E-01,-9.57E-01,-9.84E-01
2.7688873e-001,-2.00E-02,-1.06E-01,-9.63E-01,-9.23E-01,-9.79E-01
2.6111850e-001,-4.84E-02,-9.45E-02,-9.65E-01,-8.83E-01,-9.68E-01
2.6541606e-001,-5.52E-02,-8.92E-02,-9.67E-01,-9.07E-01,-9.67E-01
2.6195896e-001,-2.83E-02,-1.03E-01,-9.73E-01,-9.29E-01,-9.68E-01
2.6891126e-001,-1.36E-02,-1.12E-01,-9.70E-01,-9.59E-01,-9.77E-01
2.0806983e-001,2.5750056e-003,-1.25E-01,-6.54E-01,-5.79E-01,-2.00E-01
2.8597204e-001,-1.84E-02,-9.29E-02,-5.48E-01,-4.17E-01,-2.05E-02
3.3153029e-001,-4.77E-02,-1.61E-01,-4.71E-01,-2.97E-01,9.2052092e-002
2.5872293e-001,-4.75E-02,-1.88E-01,-4.40E-01,-2.69E-01,6.7441200e-002
1.8961848e-001,-7.86E-04,-8.72E-02,-4.36E-01,-3.15E-01,1.4165910e-001
2.5238348e-001,6.3468639e-003,-8.42E-02,-4.22E-01,-3.42E-01,2.8025837e-001
3.3575683e-001,-1.96E-02,-1.46E-01,-3.74E-01,-3.38E-01,2.9670987e-001
3.0477552e-001,-2.86E-02,-1.65E-01,-4.02E-01,-3.67E-01,2.2096494e-001
2.5126826e-001,-2.10E-02,-1.37E-01,-4.50E-01,-2.64E-01,1.4952878e-001
2.4482915e-001,-1.65E-02,-5.99E-02,-3.96E-01,-2.18E-01,1.1592175e-001
2.5847462e-001,-1.36E-02,-4.46E-02,-3.48E-01,-2.84E-01,1.5183636e-001
3.1951297e-001,-1.79E-02,-9.71E-02,-3.47E-01,-1.11E-01,3.3215047e-001
2.5546757e-001,-2.33E-02,-1.34E-01,-3.37E-01,-2.74E-02,3.3456393e-001
2.2416727e-001,-2.28E-02,-1.33E-01,-3.38E-01,-2.05E-01,1.7836380e-001
3.4488922e-001,-1.96E-03,-8.97E-02,-3.93E-01,-2.96E-01,2.4278241e-001
2.0327631e-001,-9.76E-03,-1.51E-01,-4.29E-01,-2.61E-01,7.6759624e-002
3.0164847e-001,-2.69E-02,-9.58E-02,-3.80E-01,-1.91E-01,3.4055774e-001
3.1419125e-001,-8.70E-03,-1.25E-01,-3.56E-01,-1.66E-01,4.0672936e-001
2.0857014e-001,-4.15E-03,-5.26E-02,-3.80E-01,-2.40E-01,2.6684451e-001
3.2654399e-001,-2.20E-02,-9.79E-02,-3.69E-01,-2.32E-01,3.0065557e-001
2.8436958e-001,-3.75E-02,-1.83E-01,-3.83E-01,-2.39E-01,3.0601647e-001
1.6803166e-001,-9.14E-03,-1.11E-01,-4.07E-01,-2.44E-01,1.8582936e-001
3.4672964e-001,4.1422907e-003,-9.04E-02,-3.49E-01,-1.79E-01,2.6671892e-001
3.4686408e-001,-1.33E-02,-1.12E-01,-2.83E-01,-1.41E-01,3.4234898e-001
2.4999499e-001,-2.84E-02,-6.60E-02,-2.58E-01,-1.95E-01,3.1654321e-001
2.8107840e-001,-4.63E-02,-1.36E-01,-2.43E-01,-1.68E-01,4.5872112e-001
2.1853887e-001,-1.17E-02,-1.25E-01,-2.91E-01,-1.86E-01,4.2177356e-001
2.4697690e-001,1.1283580e-002,-4.39E-02,-3.66E-01,-3.20E-01,2.7725779e-001
3.3041630e-001,-5.68E-03,-8.47E-02,-4.42E-01,-3.30E-01,3.1940954e-001
2.4045018e-001,-1.97E-02,-7.40E-02,-3.47E-01,-4.80E-01,-3.06E-01
2.8304331e-001,-2.89E-02,-1.00E-01,-2.80E-01,-4.62E-01,-1.82E-01
3.0125669e-001,-1.04E-02,-1.15E-01,-2.45E-01,-4.20E-01,-1.74E-01
3.1294241e-001,-8.10E-03,-1.44E-01,-1.27E-01,-2.90E-01,1.2449489e-001
2.9949154e-001,-7.85E-03,-1.44E-01,-1.04E-01,-3.38E-01,1.6506496e-001
3.8297512e-001,-4.23E-03,-1.15E-01,-1.29E-01,-2.81E-01,1.3268740e-001
3.2939931e-001,-2.12E-02,-9.14E-02,-1.19E-01,-2.50E-01,1.9896935e-001
1.3899026e-001,-2.80E-03,-2.90E-02,-1.56E-01,-4.40E-01,-3.50E-02
1.6655269e-001,1.8650473e-002,-7.66E-02,-1.23E-01,-5.35E-01,-1.32E-01
2.7667442e-001,-1.02E-02,-1.04E-01,-7.60E-02,-4.66E-01,-3.64E-02
3.3655530e-001,-2.98E-02,-1.27E-01,-2.04E-01,-3.98E-01,-1.87E-02
2.7495396e-001,-1.42E-02,-1.03E-01,-1.58E-01,-3.70E-01,-1.19E-01
2.7354490e-001,-1.82E-02,-1.35E-01,-1.09E-01,-2.86E-01,2.1949055e-004
2.5189656e-001,-2.81E-02,-1.29E-01,-1.24E-01,-3.56E-01,1.9322765e-001
2.3652994e-001,4.5232189e-003,-4.93E-02,-9.07E-02,-3.86E-01,1.7353026e-001
1.9596754e-001,3.6867352e-003,-3.99E-02,2.8258772e-002,-1.96E-01,2.8491108e-001
3.6726175e-001,-4.13E-02,-1.11E-01,2.6678126e-001,-9.45E-02,2.5340864e-001
3.3805720e-001,-1.81E-02,-1.16E-01,3.2917794e-001,-2.38E-01,5.5049700e-002
1.9963534e-001,5.5117181e-003,-6.87E-02,9.6204726e-003,-1.27E-01,1.2402358e-001
3.3393394e-001,-1.57E-02,-1.26E-01,7.6394237e-002,-1.87E-01,1.4460806e-001
3.1855762e-001,-7.22E-02,-1.31E-01,1.1551305e-001,-1.35E-01,2.5405448e-001
2.5690440e-001,-3.66E-02,-1.34E-01,2.0140924e-001,-1.54E-01,3.4418337e-001
2.9938071e-001,-1.45E-03,-1.19E-01,2.5725096e-001,-5.68E-02,4.3080176e-001
1.5444322e-001,1.7598113e-002,-3.56E-02,1.5995493e-001,-5.51E-02,3.3680125e-001
2.1617435e-001,-6.59E-03,-8.73E-02,1.9925159e-001,-1.72E-01,3.0280585e-001
1.6640903e-001,-5.85E-02,-2.17E-01,-3.50E-01,-3.47E-01,-1.09E-02
2.1199039e-001,-1.44E-02,-1.66E-01,-3.59E-01,-4.37E-01,-2.07E-01
2.8102369e-001,-6.53E-03,-7.35E-02,-3.73E-01,-3.92E-01,-2.22E-01
1.7489386e-001,-3.11E-02,-7.78E-02,-4.02E-01,-3.56E-01,-2.00E-01
2.1093439e-001,-3.18E-02,-7.91E-02,-4.03E-01,-4.18E-01,-2.01E-01
3.2984727e-001,-3.61E-02,-1.18E-01,-3.83E-01,-4.13E-01,-2.03E-01
3.3275459e-001,-2.32E-02,-1.52E-01,-3.93E-01,-3.48E-01,-2.27E-01
3.6375521e-001,1.9033304e-003,-8.72E-02,-3.41E-01,-3.92E-01,-2.19E-01
3.1865732e-001,-2.34E-02,-7.74E-02,-3.12E-01,-4.50E-01,-1.81E-01
1.5241797e-001,-1.36E-02,-1.09E-01,-3.83E-01,-4.86E-01,-1.50E-01
5.5138153e-002,-6.74E-02,-3.11E-01,-2.21E-01,-2.89E-01,1.3262399e-001
1.3592038e-001,-2.01E-02,-1.55E-01,-2.87E-01,-4.34E-01,-8.20E-02
3.2444216e-001,-4.32E-02,-9.97E-02,-3.52E-01,-3.69E-01,-1.44E-01
2.9529762e-001,-3.82E-02,-1.49E-01,-3.55E-01,-3.63E-01,-1.40E-01
2.1495551e-001,-3.55E-02,-1.51E-01,-4.02E-01,-2.92E-01,-1.45E-01
1.7955558e-001,4.3675783e-003,-1.06E-01,-4.01E-01,-2.72E-01,-1.49E-01
3.4791234e-001,2.4222825e-002,-9.42E-02,-2.91E-01,-4.02E-01,-6.12E-02
4.1759454e-001,-1.33E-02,-9.21E-02,-2.49E-01,-3.73E-01,-1.43E-02
6.2630676e-002,-6.28E-02,-3.35E-01,-1.71E-01,-3.65E-01,9.9516470e-002
1.9893411e-001,-4.16E-02,-2.09E-01,-2.48E-01,-4.18E-01,-2.69E-02
2.4625486e-001,-3.91E-02,-1.15E-01,-3.18E-01,-3.36E-01,-3.60E-03
2.2389893e-001,1.2722500e-002,-8.10E-02,-3.39E-01,-3.60E-01,-9.39E-03
2.3739187e-001,6.4671126e-003,-9.12E-02,-3.39E-01,-2.96E-01,-5.71E-02
3.9220723e-001,-1.94E-02,-1.51E-01,-3.18E-01,-2.97E-01,-2.75E-02
3.1333544e-001,-7.76E-03,-1.51E-01,-3.21E-01,-4.54E-01,-4.65E-02
1.7423799e-001,-2.48E-02,-1.08E-01,-3.60E-01,-4.82E-01,-9.29E-02
2.8961527e-001,-4.50E-02,-2.09E-01,-9.25E-01,-6.50E-01,-7.50E-01
2.7463559e-001,-3.45E-02,-1.54E-01,-9.30E-01,-6.39E-01,-6.20E-01
2.7535179e-001,1.1248291e-002,-4.83E-02,-9.73E-01,-8.42E-01,-7.26E-01
2.8473346e-001,4.8159183e-003,-6.73E-02,-9.74E-01,-9.04E-01,-9.15E-01
2.8253073e-001,3.0711370e-003,-1.07E-01,-9.75E-01,-9.04E-01,-9.26E-01
2.7413252e-001,-2.54E-02,-1.23E-01,-9.63E-01,-8.81E-01,-9.15E-01
2.7491854e-001,-3.41E-02,-1.08E-01,-9.67E-01,-9.00E-01,-9.26E-01
2.7309991e-001,-1.99E-02,-9.04E-02,-9.56E-01,-8.05E-01,-8.89E-01
2.7645863e-001,-3.15E-03,-9.01E-02,-9.56E-01,-8.02E-01,-8.88E-01
2.8302178e-001,-1.32E-02,-1.16E-01,-9.85E-01,-9.29E-01,-9.59E-01
2.7874975e-001,-1.64E-02,-1.14E-01,-9.84E-01,-9.23E-01,-9.31E-01
2.7338151e-001,8.1627941e-003,-7.98E-02,-9.74E-01,-8.66E-01,-8.98E-01
3.7108439e-001,6.9089415e-002,1.0316000e-001,-9.47E-01,-6.40E-01,-5.55E-01
2.7968243e-001,-3.22E-02,-1.29E-01,-9.82E-01,-9.48E-01,-9.27E-01
2.7635025e-001,-1.72E-02,-1.26E-01,-9.93E-01,-9.70E-01,-9.65E-01
2.8385005e-001,-1.90E-02,-1.24E-01,-9.89E-01,-9.62E-01,-9.70E-01
2.7531781e-001,-2.74E-02,-1.20E-01,-9.87E-01,-9.68E-01,-9.66E-01
2.7269869e-001,-1.87E-02,-9.88E-02,-9.92E-01,-9.74E-01,-9.84E-01
2.8169837e-001,-8.42E-03,-1.04E-01,-9.93E-01,-9.81E-01,-9.83E-01
2.8146559e-001,-1.07E-02,-1.27E-01,-9.94E-01,-9.74E-01,-9.84E-01
2.7687725e-001,-1.60E-02,-1.09E-01,-9.97E-01,-9.84E-01,-9.51E-01
2.7761613e-001,-9.64E-03,-8.66E-02,-9.99E-01,-9.83E-01,-9.74E-01
2.7523061e-001,-1.55E-02,-8.87E-02,-9.96E-01,-9.72E-01,-9.81E-01
2.7653188e-001,-1.69E-02,-9.62E-02,-9.95E-01,-9.78E-01,-9.72E-01
2.7643397e-001,-8.60E-03,-1.05E-01,-9.77E-01,-9.76E-01,-9.74E-01
2.9395447e-001,9.4589695e-002,-3.28E-02,-9.28E-01,-4.45E-01,-4.75E-01
2.8080907e-001,-4.79E-02,-2.01E-01,-9.82E-01,-9.44E-01,-8.99E-01
2.8338948e-001,-2.80E-02,-1.27E-01,-9.87E-01,-9.28E-01,-9.03E-01
2.7623247e-001,-2.14E-02,-7.58E-02,-9.73E-01,-8.59E-01,-7.93E-01
2.7311168e-001,-3.12E-02,-7.79E-02,-9.66E-01,-6.78E-01,-7.50E-01
2.8241577e-001,-8.01E-03,-1.35E-01,-9.79E-01,-6.95E-01,-8.27E-01
2.8150037e-001,-1.22E-04,-1.35E-01,-9.95E-01,-9.36E-01,-9.19E-01
2.7538697e-001,-1.85E-02,-1.13E-01,-9.98E-01,-9.89E-01,-9.72E-01
2.7670386e-001,-1.43E-02,-1.10E-01,-9.97E-01,-9.87E-01,-9.66E-01
2.7975207e-001,-1.47E-02,-1.12E-01,-9.96E-01,-9.88E-01,-9.60E-01
2.7740466e-001,-1.55E-02,-1.06E-01,-9.96E-01,-9.92E-01,-9.56E-01
2.7596619e-001,-1.63E-02,-1.06E-01,-9.97E-01,-9.91E-01,-9.59E-01
4.7370804e-001,-4.97E-02,-5.03E-01,-6.47E-01,-6.28E-01,1.1816834e-001
2.1051654e-001,9.1553889e-003,-5.13E-02,-9.39E-01,-9.38E-01,-8.61E-01
2.9242164e-001,-1.25E-02,-1.03E-01,-9.88E-01,-9.77E-01,-9.39E-01
2.7706765e-001,-1.21E-02,-1.03E-01,-9.93E-01,-9.86E-01,-9.77E-01
2.7539322e-001,-1.41E-02,-1.12E-01,-9.94E-01,-9.82E-01,-9.61E-01
2.7712095e-001,-1.46E-02,-1.09E-01,-9.94E-01,-9.83E-01,-9.57E-01
2.7693305e-001,-1.50E-02,-1.09E-01,-9.94E-01,-9.85E-01,-9.67E-01
2.7618857e-001,-1.56E-02,-1.08E-01,-9.94E-01,-9.86E-01,-9.68E-01
2.7559206e-001,-1.44E-02,-1.01E-01,-9.96E-01,-9.92E-01,-9.81E-01
2.7694534e-001,-1.73E-02,-1.06E-01,-9.97E-01,-9.87E-01,-9.79E-01
-2.84E-01,-1.03E-01,5.9291335e-002,-4.97E-01,-5.09E-01,-4.51E-01
3.3463980e-001,-2.84E-03,-1.35E-01,-9.56E-01,-9.53E-01,-9.47E-01
2.5958788e-001,-2.39E-02,-9.78E-02,-9.43E-01,-9.63E-01,-9.74E-01
2.5552393e-001,-1.60E-02,-1.10E-01,-9.47E-01,-9.42E-01,-9.21E-01
2.6295124e-001,-8.01E-03,-1.19E-01,-9.52E-01,-9.59E-01,-9.28E-01
2.3824168e-001,-2.21E-02,-1.02E-01,-9.73E-01,-9.77E-01,-9.86E-01
2.9859784e-001,-2.02E-02,-1.03E-01,-9.72E-01,-9.66E-01,-9.85E-01
2.9569680e-001,-1.53E-02,-1.08E-01,-9.51E-01,-9.63E-01,-9.79E-01
2.4598337e-001,-2.33E-02,-1.04E-01,-9.51E-01,-9.64E-01,-9.81E-01
2.6939608e-001,-1.84E-02,-1.08E-01,-9.56E-01,-9.63E-01,-9.87E-01
2.7976142e-001,-1.70E-02,-1.10E-01,-9.64E-01,-9.73E-01,-9.89E-01
2.8612082e-001,-1.66E-02,-1.12E-01,-9.61E-01,-9.74E-01,-9.91E-01
2.8905261e-001,-1.60E-02,-1.09E-01,-9.49E-01,-9.65E-01,-9.73E-01
2.6514184e-001,-6.93E-02,-2.71E-02,-8.85E-01,-7.54E-01,-7.98E-01
2.8518554e-001,-1.17E-02,-1.13E-01,-9.35E-01,-9.73E-01,-9.81E-01
2.5916118e-001,-1.76E-02,-1.08E-01,-9.51E-01,-9.90E-01,-9.88E-01
2.7109300e-001,-1.89E-02,-1.05E-01,-9.57E-01,-9.92E-01,-9.89E-01
2.7334163e-001,-1.83E-02,-1.06E-01,-9.51E-01,-9.90E-01,-9.90E-01
2.8591084e-001,-1.71E-02,-1.12E-01,-9.51E-01,-9.92E-01,-9.93E-01
2.4683386e-001,-1.90E-02,-1.06E-01,-9.63E-01,-9.91E-01,-9.87E-01
2.8411782e-001,-1.72E-02,-1.05E-01,-9.58E-01,-9.92E-01,-9.90E-01
2.6971518e-001,-1.68E-02,-1.08E-01,-9.60E-01,-9.93E-01,-9.93E-01
2.7676273e-001,-1.67E-02,-1.11E-01,-9.61E-01,-9.89E-01,-9.89E-01
2.7636983e-001,-1.88E-02,-1.09E-01,-9.62E-01,-9.86E-01,-9.90E-01
3.1094278e-001,-1.08E-02,-1.14E-01,-9.41E-01,-9.56E-01,-9.66E-01
2.5333263e-001,-6.70E-02,-1.62E-01,-3.81E-01,-1.66E-01,-1.47E-02
2.0944485e-001,1.3031885e-002,-7.36E-02,-3.45E-01,-1.86E-02,7.6343329e-002
3.0035904e-001,-1.59E-02,-8.53E-02,-2.42E-01,9.3463393e-002,9.8261173e-002
2.2480068e-001,-3.07E-02,-1.27E-01,-1.94E-01,2.1478724e-001,1.0928594e-001
2.7832449e-001,-1.76E-02,-1.00E-01,-2.26E-01,3.0497380e-001,1.6927602e-001
3.5059945e-001,-4.01E-02,-1.44E-01,-2.49E-01,1.8897418e-001,1.1059533e-001
2.0145248e-001,-1.85E-03,-9.78E-02,-3.10E-01,8.5567015e-002,3.6746046e-003
3.0159242e-001,-5.92E-03,-7.10E-02,-2.45E-01,1.0795105e-001,9.0325708e-002
3.0890736e-001,-3.73E-02,-1.35E-01,-2.05E-01,1.4036275e-001,4.8250040e-002
2.6507308e-001,-7.55E-03,-9.67E-02,-2.21E-01,1.6455763e-001,5.8042128e-002
3.2009773e-001,-1.17E-02,-1.27E-01,-2.23E-01,1.4845319e-001,1.4363687e-001
2.1476710e-001,-1.82E-02,-1.03E-01,-2.54E-01,7.8742083e-002,5.2855936e-002
3.0210023e-001,-1.83E-02,-8.19E-02,-2.49E-01,7.2963229e-002,4.1727633e-002
3.6374754e-001,-2.23E-02,-1.47E-01,-3.27E-01,1.2915519e-002,3.3173562e-003
2.0461621e-001,-6.73E-02,-1.40E-01,-4.24E-01,-1.13E-02,-5.01E-02
2.3832071e-001,2.1029521e-003,-4.99E-02,-3.38E-01,5.6347183e-002,2.9053081e-003
3.5929465e-001,-1.66E-02,-1.24E-01,-3.32E-01,2.0341713e-001,1.4206461e-001
2.4471428e-001,-3.15E-02,-1.81E-01,-3.11E-01,9.7680907e-002,9.8291710e-002
2.6930129e-001,7.8917647e-003,-5.07E-02,-2.64E-01,3.2381875e-002,1.0127952e-001
3.1917309e-001,-3.79E-02,-8.78E-02,-2.34E-01,1.3942656e-001,1.7163140e-001
2.1173376e-001,-3.84E-02,-1.35E-01,-2.35E-01,1.4038899e-001,1.3190621e-001
3.1754982e-001,-1.40E-02,-9.63E-02,-2.36E-01,1.3335815e-001,1.7658605e-001
2.5960146e-001,-1.41E-02,-1.10E-01,-2.33E-01,1.6189766e-001,1.6823533e-001
2.9528497e-001,-1.04E-02,-1.05E-01,-1.84E-01,1.4772912e-001,1.6653990e-001
3.1950556e-001,-2.44E-02,-1.14E-01,-1.76E-01,9.7695440e-002,1.4428008e-001
1.8424891e-001,4.0854119e-003,-9.66E-02,-2.19E-01,6.9583622e-002,3.5352086e-002
3.4414764e-001,-2.99E-02,-1.33E-01,-2.38E-01,1.0802460e-001,4.6332843e-002
3.5403835e-001,-3.27E-02,-1.30E-01,-2.62E-01,2.1336821e-001,1.0324062e-001
4.1498814e-001,-2.32E-02,-9.83E-02,2.5093107e-001,-1.63E-02,-4.93E-01
4.3487951e-001,-1.64E-02,-7.79E-02,1.9397290e-001,-2.89E-02,-4.51E-01
2.3021700e-001,-2.04E-02,-1.39E-01,1.3843613e-001,2.6529654e-002,-2.63E-01
1.2793752e-001,-2.38E-02,-9.95E-02,1.4187261e-001,-8.19E-03,-2.44E-01
2.6525509e-001,-2.31E-02,-1.24E-01,1.8950172e-001,7.9184497e-002,-2.76E-01
3.8229654e-001,-3.72E-02,-1.38E-01,2.6715998e-001,1.4068977e-001,-1.91E-01
2.6659054e-001,8.9400666e-003,-3.77E-02,2.4724166e-001,3.6170208e-003,-3.30E-01
2.3144933e-001,3.2976327e-003,-1.14E-01,2.6672291e-001,2.5238607e-002,-2.91E-01
3.4453519e-001,-5.50E-02,-9.15E-03,1.8758528e-001,-1.20E-01,-3.50E-01
1.7921646e-001,-3.22E-02,-1.10E-01,4.0928538e-002,-1.53E-01,-3.15E-01
3.7270195e-001,-3.96E-02,-1.12E-01,1.2476183e-001,1.1627923e-001,-9.69E-02
3.8773459e-001,3.4768203e-003,-9.50E-02,1.9264904e-001,6.9283408e-002,-6.57E-02
1.5153105e-001,1.3647413e-002,-8.93E-02,6.6114255e-002,1.3440636e-001,-1.63E-01
3.4272116e-001,-3.02E-02,-8.92E-02,1.9935591e-001,2.1372418e-001,-2.19E-01
2.7587966e-001,-2.48E-02,-1.07E-01,2.5738502e-001,-8.26E-02,-3.96E-01
3.5751025e-001,-2.22E-02,1.3010512e-002,1.2212910e-001,-1.28E-01,-2.98E-01
2.3731517e-001,-6.01E-02,-1.14E-01,7.1546155e-002,-7.99E-02,-2.13E-01
2.9636605e-001,-5.25E-02,-1.49E-01,1.7273294e-001,2.3848750e-001,-1.53E-01
2.4282283e-001,3.4320310e-002,-1.16E-01,1.6838083e-001,2.9229201e-001,-1.06E-01
3.5678190e-001,8.7010165e-003,-1.00E-01,1.9323895e-001,1.9973943e-001,-9.09E-02
3.1878147e-001,-3.57E-02,-6.23E-02,1.9158512e-001,-7.50E-03,-2.25E-01
1.7134870e-001,-1.19E-02,-8.61E-02,1.6760353e-001,-2.34E-01,-2.78E-01
2.2504190e-001,-9.13E-02,-3.70E-01,-1.27E-01,-3.29E-01,2.1111885e-002
1.0524548e-001,-5.45E-02,-3.65E-01,-2.40E-01,-4.01E-01,-1.16E-01
1.3452444e-001,-2.74E-02,-1.34E-01,-3.00E-01,-3.32E-01,-2.15E-01
2.5415043e-001,9.9532630e-003,-6.78E-02,-2.79E-01,-2.43E-01,-2.30E-01
2.7599575e-001,-6.34E-03,-7.47E-02,-2.55E-01,-3.03E-01,-2.44E-01
3.0484610e-001,-1.13E-02,-9.89E-02,-2.75E-01,-1.88E-01,-2.45E-01
4.0741503e-001,-2.60E-02,-1.13E-01,-2.74E-01,-1.26E-01,-2.68E-01
3.2866996e-001,-4.70E-02,-1.01E-01,-2.97E-01,-3.11E-01,-2.64E-01
2.6105771e-001,-2.80E-02,-7.68E-02,-3.21E-01,-4.00E-01,-2.53E-01
5.7378168e-002,-1.29E-01,-3.34E-01,-1.54E-01,-1.31E-01,-1.81E-01
2.3497768e-001,-6.78E-02,-2.11E-01,-1.73E-01,-2.80E-01,-7.89E-02
3.9776368e-001,-1.26E-02,-7.80E-02,-2.29E-01,-1.45E-01,-6.92E-02
2.8118815e-001,9.5394944e-003,-2.99E-02,-3.02E-01,-1.69E-01,-2.14E-01
1.9202015e-001,-4.63E-03,-1.32E-01,-3.42E-01,-2.51E-01,-2.79E-01
2.4174825e-001,-2.42E-02,-1.14E-01,-3.11E-01,-2.50E-01,-2.37E-01
3.1663465e-001,-3.07E-02,-9.05E-02,-3.18E-01,-3.38E-01,-1.97E-01
2.8618606e-001,-4.99E-02,-1.17E-01,-3.53E-01,-3.10E-01,-2.44E-01
1.1356913e-001,-8.08E-02,-3.18E-01,-4.86E-02,-2.70E-01,-1.91E-02
2.0329341e-001,-4.22E-02,-1.81E-01,-7.16E-02,-2.80E-01,-1.02E-01
3.1615737e-001,-4.15E-02,-1.41E-01,-2.69E-01,-2.19E-01,-2.14E-01
2.2936233e-001,-7.57E-03,-1.20E-01,-2.90E-01,-2.19E-01,-2.64E-01
1.7176011e-001,-1.86E-02,-9.15E-02,-2.84E-01,-2.49E-01,-2.87E-01
3.0474264e-001,5.5413298e-003,-1.01E-01,-2.67E-01,-2.65E-01,-2.70E-01
3.9329743e-001,1.0753262e-002,-1.47E-01,-2.60E-01,-3.71E-01,-1.85E-01
2.8463596e-001,-3.78E-02,-1.71E-01,-3.28E-01,-4.11E-01,-1.85E-01
3.0065709e-001,3.0198129e-002,5.8008298e-002,-9.51E-01,-7.28E-01,-6.87E-01
2.7051319e-001,-3.48E-02,-1.04E-01,-9.80E-01,-9.26E-01,-8.98E-01
2.7474643e-001,-3.78E-02,-1.35E-01,-9.87E-01,-8.91E-01,-9.51E-01
2.7928444e-001,-3.99E-02,-1.30E-01,-9.94E-01,-8.98E-01,-9.54E-01
2.7683604e-001,-8.04E-03,-9.86E-02,-9.97E-01,-8.99E-01,-9.56E-01
2.7747325e-001,-4.65E-03,-9.06E-02,-9.97E-01,-9.27E-01,-9.80E-01
2.7674479e-001,-2.19E-02,-9.40E-02,-9.97E-01,-9.71E-01,-9.84E-01
2.7524866e-001,-1.15E-02,-9.48E-02,-9.98E-01,-9.76E-01,-9.81E-01
2.7797555e-001,-1.67E-02,-1.10E-01,-9.98E-01,-9.73E-01,-9.91E-01
2.7945458e-001,-1.52E-02,-1.12E-01,-9.99E-01,-9.67E-01,-9.93E-01
2.7735415e-001,-1.08E-02,-1.14E-01,-9.99E-01,-9.76E-01,-9.99E-01
2.7597747e-001,-2.05E-02,-1.14E-01,-9.98E-01,-9.85E-01,-9.90E-01
2.7829968e-001,-1.91E-02,-1.14E-01,-9.98E-01,-9.83E-01,-9.86E-01
3.1260451e-001,4.1670599e-002,-7.82E-02,-9.52E-01,-7.93E-01,-8.66E-01
2.7239791e-001,-1.90E-02,-1.01E-01,-9.97E-01,-9.70E-01,-9.71E-01
2.8019423e-001,-1.85E-02,-1.05E-01,-9.99E-01,-9.87E-01,-9.79E-01
2.8002521e-001,-1.65E-02,-9.97E-02,-9.99E-01,-9.90E-01,-9.80E-01
2.7897305e-001,-1.56E-02,-1.04E-01,-9.96E-01,-9.80E-01,-9.85E-01
2.7674272e-001,-1.50E-02,-1.07E-01,-9.96E-01,-9.79E-01,-9.86E-01
2.7666967e-001,-1.84E-02,-1.06E-01,-9.97E-01,-9.90E-01,-9.90E-01
2.7847526e-001,-1.67E-02,-1.01E-01,-9.98E-01,-9.93E-01,-9.89E-01
2.7672382e-001,-1.51E-02,-1.09E-01,-9.98E-01,-9.89E-01,-9.87E-01
3.2150855e-002,2.3568715e-001,-7.74E-02,-8.03E-01,8.8641347e-002,-5.76E-01
2.9600095e-001,-3.90E-02,-1.71E-01,-9.70E-01,-8.63E-01,-9.03E-01
2.7244325e-001,-6.51E-03,-1.16E-01,-9.79E-01,-9.13E-01,-9.78E-01
2.6505139e-001,-5.82E-03,-1.12E-01,-9.86E-01,-9.46E-01,-9.84E-01
2.8305973e-001,-2.05E-02,-1.11E-01,-9.92E-01,-9.81E-01,-9.82E-01
2.8457600e-001,-2.09E-02,-1.07E-01,-9.94E-01,-9.88E-01,-9.91E-01
2.9054942e-001,-2.07E-02,-1.12E-01,-9.93E-01,-9.94E-01,-9.84E-01
2.8525828e-001,-1.82E-02,-1.16E-01,-9.92E-01,-9.90E-01,-9.87E-01
3.8325418e-001,-6.08E-02,-2.31E-01,-8.81E-01,-6.27E-01,-8.34E-01
2.6265734e-001,3.3490228e-003,-1.37E-01,-9.86E-01,-9.34E-01,-9.03E-01
2.8241283e-001,-1.29E-02,-1.16E-01,-9.93E-01,-9.75E-01,-9.66E-01
2.7247712e-001,-7.12E-03,-1.15E-01,-9.93E-01,-9.83E-01,-9.71E-01
2.7076041e-001,-1.11E-02,-1.07E-01,-9.94E-01,-9.84E-01,-9.82E-01
2.7654115e-001,-1.51E-02,-1.07E-01,-9.95E-01,-9.89E-01,-9.87E-01
2.7237290e-001,-1.46E-02,-1.00E-01,-9.95E-01,-9.86E-01,-9.91E-01
2.7651391e-001,-1.61E-02,-1.06E-01,-9.96E-01,-9.85E-01,-9.88E-01
2.7478773e-001,-1.55E-02,-1.06E-01,-9.94E-01,-9.88E-01,-9.92E-01
2.6686194e-001,-1.28E-02,-9.93E-02,-9.96E-01,-9.86E-01,-9.90E-01
2.7605345e-001,-1.65E-02,-1.08E-01,-9.95E-01,-9.84E-01,-9.76E-01
2.7622107e-001,-1.54E-02,-1.10E-01,-9.95E-01,-9.88E-01,-9.81E-01
2.7482347e-001,-1.37E-02,-1.01E-01,-9.95E-01,-9.88E-01,-9.93E-01
2.7884778e-001,-1.65E-02,-1.09E-01,-9.95E-01,-9.88E-01,-9.89E-01
3.7567476e-001,-1.52E-02,-1.59E-01,-9.39E-01,-8.95E-01,-9.09E-01
2.7151667e-001,-9.77E-03,-1.14E-01,-9.78E-01,-9.65E-01,-9.56E-01
2.7320377e-001,-1.95E-02,-1.03E-01,-9.89E-01,-9.91E-01,-9.93E-01
2.8335524e-001,-1.68E-02,-1.11E-01,-9.95E-01,-9.94E-01,-9.97E-01
2.7442966e-001,-1.71E-02,-1.05E-01,-9.94E-01,-9.92E-01,-9.91E-01
2.8030977e-001,-1.81E-02,-1.06E-01,-9.94E-01,-9.87E-01,-9.88E-01
2.8286688e-001,-1.86E-02,-1.10E-01,-9.97E-01,-9.89E-01,-9.89E-01
2.7832066e-001,-1.87E-02,-1.08E-01,-9.96E-01,-9.93E-01,-9.89E-01
2.7582024e-001,-1.58E-02,-1.07E-01,-9.97E-01,-9.94E-01,-9.92E-01
2.7458679e-001,-1.65E-02,-1.06E-01,-9.97E-01,-9.93E-01,-9.93E-01
2.7829992e-001,-1.66E-02,-1.09E-01,-9.97E-01,-9.91E-01,-9.93E-01
2.7874304e-001,-1.69E-02,-1.07E-01,-9.94E-01,-9.91E-01,-9.94E-01
2.7841183e-001,-1.68E-02,-1.10E-01,-9.93E-01,-9.93E-01,-9.87E-01
3.7534296e-001,-5.83E-03,-1.48E-01,-9.24E-01,-9.32E-01,-9.38E-01
2.6486367e-001,-1.47E-02,-1.07E-01,-9.90E-01,-9.79E-01,-9.79E-01
2.6828505e-001,-2.09E-02,-9.84E-02,-9.93E-01,-9.92E-01,-9.87E-01
2.7775354e-001,-1.64E-02,-1.11E-01,-9.95E-01,-9.90E-01,-9.82E-01
2.7885311e-001,-1.47E-02,-1.15E-01,-9.95E-01,-9.93E-01,-9.92E-01
2.7707567e-001,-1.80E-02,-1.04E-01,-9.95E-01,-9.94E-01,-9.94E-01
2.8364238e-001,-1.81E-02,-1.07E-01,-9.95E-01,-9.96E-01,-9.89E-01
2.8435952e-001,-1.75E-02,-1.14E-01,-9.94E-01,-9.92E-01,-9.85E-01
2.7955543e-001,-1.78E-02,-1.10E-01,-9.95E-01,-9.91E-01,-9.85E-01
2.7804871e-001,-1.65E-02,-1.08E-01,-9.97E-01,-9.91E-01,-9.89E-01
2.7602860e-001,-1.71E-02,-1.06E-01,-9.95E-01,-9.94E-01,-9.90E-01
2.7723598e-001,-1.62E-02,-1.08E-01,-9.96E-01,-9.92E-01,-9.93E-01
2.0827927e-001,-4.48E-02,-6.65E-02,-2.24E-01,2.4530608e-001,-3.46E-01
3.3468610e-001,-3.28E-02,-6.06E-02,-2.29E-01,3.7910738e-001,-3.16E-01
2.8822331e-001,-5.92E-02,-7.22E-02,-2.92E-01,3.5728750e-001,-3.59E-01
2.0109646e-001,-2.64E-03,-1.15E-01,-3.05E-01,1.8065379e-001,-4.74E-01
2.8471327e-001,1.4879935e-002,-1.45E-01,-2.82E-01,2.1902390e-001,-4.50E-01
3.4013107e-001,-5.37E-03,-1.40E-01,-2.75E-01,2.2478777e-001,-4.44E-01
1.9601079e-001,-9.69E-03,-8.90E-02,-2.39E-01,2.2215185e-001,-4.39E-01
3.0027427e-001,-4.37E-02,-7.08E-02,-1.88E-01,3.7812014e-001,-3.87E-01
3.2572658e-001,-3.76E-02,-1.05E-01,-2.12E-01,4.2025241e-001,-4.18E-01
1.9721667e-001,6.4834044e-003,-1.36E-01,-2.52E-01,3.4187912e-001,-4.25E-01
3.2121590e-001,6.5371892e-003,-1.37E-01,-2.63E-01,3.5811480e-001,-3.84E-01
3.4229985e-001,-4.65E-03,-1.38E-01,-2.51E-01,3.6865707e-001,-3.78E-01
2.1910769e-001,-1.97E-02,-1.18E-01,-2.72E-01,3.5463069e-001,-3.65E-01
3.3036927e-001,-9.00E-02,-1.64E-01,-2.25E-01,3.4622782e-001,-3.99E-01
2.1541604e-001,-2.80E-02,-1.28E-01,-1.71E-01,4.2525783e-001,-3.63E-01
2.1798578e-001,-1.40E-02,6.1948680e-003,-1.41E-01,3.1255033e-001,-3.09E-01
3.2299685e-001,-4.04E-02,-2.48E-02,-1.94E-01,2.9116286e-001,-3.14E-01
2.3212344e-001,-1.93E-03,-1.61E-01,-2.20E-01,3.4624062e-001,-4.79E-01
3.1957188e-001,-5.83E-04,-1.66E-01,-1.82E-01,3.1668306e-001,-4.52E-01
3.3673188e-001,-8.51E-03,-1.08E-01,-1.79E-01,2.8864593e-001,-3.87E-01
2.0622164e-001,-2.44E-03,-7.13E-02,-1.78E-01,3.1497950e-001,-3.70E-01
2.5525817e-001,-5.15E-02,-8.38E-02,-2.00E-01,3.9474009e-001,-3.75E-01
2.8845632e-001,-4.53E-02,-1.15E-01,-3.06E-01,3.5867311e-001,-3.28E-01
3.8661885e-001,7.1488474e-002,-7.81E-02,-3.95E-01,1.4898466e-001,-5.84E-02
3.1208840e-001,-4.23E-02,-6.84E-02,1.3868843e-002,1.5456176e-001,2.4112652e-002
2.6292000e-001,6.5159909e-003,-9.41E-02,-9.82E-02,1.3609192e-001,-3.01E-02
2.8929775e-001,-5.62E-02,-1.62E-01,-3.61E-02,3.7422610e-001,1.0179815e-001
3.5208643e-001,-1.08E-02,-1.66E-01,1.1712091e-002,4.3389482e-001,6.7760945e-002
2.4512346e-001,-1.10E-02,-1.70E-01,-1.36E-01,4.8584455e-001,-1.33E-01
1.8274179e-001,-3.91E-02,-1.18E-01,-1.38E-01,3.8399838e-001,-1.19E-01
3.5909157e-001,-1.06E-02,-2.92E-02,-8.66E-02,4.1796446e-002,-3.22E-02
3.7698761e-001,-2.50E-02,-1.56E-01,2.2636963e-001,3.4997090e-001,1.9547906e-001
2.6396821e-001,-2.61E-03,-2.27E-01,1.4888310e-001,7.0894173e-001,1.9162268e-001
2.5663570e-001,-3.29E-02,-9.09E-02,-6.78E-02,5.7296321e-001,1.5624286e-001
2.4549801e-001,-3.79E-02,-1.03E-01,3.4029063e-002,6.7925162e-001,3.0553231e-002
2.6196529e-001,-8.96E-03,-1.40E-01,3.1602569e-002,7.8258965e-001,7.6884512e-002
3.4828457e-001,-1.58E-02,-1.93E-02,6.8387162e-002,3.4159468e-001,6.7133478e-002
3.2015579e-001,-2.37E-02,-6.37E-02,-2.20E-03,2.4082064e-001,9.1106864e-002
2.7813935e-001,-2.65E-02,-2.05E-01,-3.46E-02,3.3353577e-001,-6.38E-02
3.6207914e-001,-3.95E-02,-7.89E-02,3.2997255e-002,2.8562180e-001,-6.56E-02
2.2783071e-001,-2.85E-02,-6.73E-02,2.5240526e-002,4.9822785e-001,1.9688708e-001
1.6603840e-001,1.6284384e-002,-1.49E-01,-4.44E-02,5.1075169e-001,2.4486865e-001
2.1284469e-001,-1.85E-03,-4.19E-02,-7.25E-02,2.1251691e-001,5.4912445e-002
4.5557132e-001,-6.34E-02,-6.42E-02,-1.15E-01,1.7397355e-001,2.4413844e-002
1.3396550e-001,-6.20E-02,-9.23E-02,-1.98E-01,2.5723902e-001,2.2407291e-001
2.6154320e-001,-9.55E-02,-1.09E-01,-2.77E-01,2.7432889e-001,5.4661300e-003
2.4060537e-001,-8.73E-03,-1.06E-01,-2.16E-01,3.2161346e-001,-8.01E-02
3.4141810e-001,3.1723119e-002,-1.18E-01,-1.17E-01,2.2609203e-001,-9.59E-02
4.5609422e-001,-2.20E-02,-1.34E-01,-1.47E-01,3.5468476e-001,-8.76E-02
1.5364839e-001,-2.88E-02,-1.08E-01,-1.70E-01,3.5271643e-001,-2.33E-02
1.5751906e-001,-4.06E-02,-7.95E-02,-1.84E-01,1.4524105e-001,2.5168865e-002
1.4474072e-001,-9.02E-02,-1.49E-01,-1.00E-01,2.7531026e-001,3.1511665e-001
1.8423629e-001,-2.95E-02,-2.01E-01,-1.95E-01,3.4810512e-001,3.7515443e-002
4.7233232e-001,4.2787274e-002,-1.37E-01,-1.11E-01,2.0992013e-001,-1.01E-02
3.8623625e-001,-2.96E-02,-1.29E-01,-8.63E-02,1.9150237e-001,-2.50E-02
1.3964611e-001,-2.13E-02,-8.27E-02,-2.29E-01,2.9390260e-001,-2.85E-02
2.3156992e-001,-3.53E-02,-3.75E-02,-2.33E-01,3.3369548e-001,1.3584435e-001
2.1039376e-001,-5.56E-02,-8.22E-02,-2.05E-01,1.4448965e-001,1.2494414e-001
1.8039614e-001,-9.07E-02,-7.18E-02,-7.85E-02,3.2730763e-001,1.7803216e-001
1.3238433e-001,-8.01E-03,-1.88E-01,-4.39E-02,3.0154072e-001,2.7309648e-002
3.8172772e-001,3.5805424e-002,-7.75E-02,-1.01E-02,2.3526678e-001,8.6497521e-002
4.4286369e-001,-6.13E-02,-1.27E-01,-4.83E-02,2.6797074e-001,2.6062578e-002
1.6278092e-001,-3.17E-02,-1.46E-01,-1.58E-01,4.9869699e-001,5.2145110e-003
2.4088418e-001,1.5752253e-003,-7.23E-02,-2.06E-01,4.4366050e-001,1.7540059e-001
3.5359955e-001,-8.43E-02,-7.73E-02,-2.20E-01,2.1015184e-001,1.4079457e-001
2.8343981e-001,2.5317184e-002,9.5227872e-002,-9.14E-01,-5.53E-01,-3.72E-01
2.5684619e-001,-4.60E-02,-1.77E-01,-9.76E-01,-8.72E-01,-8.31E-01
2.8176109e-001,-1.81E-02,-1.38E-01,-9.95E-01,-9.56E-01,-9.23E-01
2.7718664e-001,-2.27E-02,-1.18E-01,-9.96E-01,-9.82E-01,-9.57E-01
2.7584576e-001,-1.80E-02,-1.00E-01,-9.98E-01,-9.93E-01,-9.84E-01
2.7726427e-001,-1.54E-02,-1.03E-01,-9.98E-01,-9.95E-01,-9.91E-01
2.7986791e-001,-1.46E-02,-1.05E-01,-9.99E-01,-9.96E-01,-9.93E-01
2.7694494e-001,-1.65E-02,-1.07E-01,-9.99E-01,-9.95E-01,-9.90E-01
2.7621366e-001,-2.16E-02,-1.26E-01,-9.99E-01,-9.92E-01,-9.76E-01
2.7665659e-001,-1.97E-02,-1.20E-01,-9.99E-01,-9.87E-01,-9.66E-01
2.7780382e-001,-1.44E-02,-9.82E-02,-9.99E-01,-9.92E-01,-9.83E-01
2.7931140e-001,-1.54E-02,-1.08E-01,-1.00E+00,-9.93E-01,-9.84E-01
2.7690193e-001,-1.57E-02,-1.08E-01,-9.99E-01,-9.92E-01,-9.87E-01
2.7612396e-001,-1.76E-02,-1.07E-01,-9.98E-01,-9.90E-01,-9.88E-01
2.7803496e-001,-1.75E-02,-1.07E-01,-9.98E-01,-9.95E-01,-9.87E-01
2.7666580e-001,-1.59E-02,-1.04E-01,-9.98E-01,-1.00E+00,-9.86E-01
2.4527246e-001,-1.48E-02,-5.10E-01,-8.35E-01,-3.70E-01,2.9767462e-001
3.4659901e-001,3.6388848e-002,4.1743148e-003,-9.68E-01,-7.79E-01,-8.57E-01
2.8799501e-001,-2.50E-02,-9.17E-02,-9.94E-01,-9.65E-01,-9.32E-01
2.8474136e-001,-1.72E-02,-9.80E-02,-9.93E-01,-9.68E-01,-9.69E-01
2.8008026e-001,-1.55E-02,-9.79E-02,-9.91E-01,-9.61E-01,-9.68E-01
2.7479989e-001,-1.86E-02,-1.12E-01,-9.94E-01,-9.69E-01,-9.78E-01
2.8156463e-001,-1.58E-02,-9.86E-02,-9.95E-01,-9.80E-01,-9.83E-01
2.8342531e-001,-1.62E-02,-9.71E-02,-9.97E-01,-9.73E-01,-9.88E-01
2.8589321e-001,-1.70E-02,-9.40E-02,-9.92E-01,-9.26E-01,-9.70E-01
2.9745271e-001,-1.02E-02,-5.90E-02,-9.90E-01,-9.20E-01,-9.49E-01
2.7732183e-001,-2.26E-02,-1.06E-01,-9.80E-01,-9.40E-01,-8.69E-01
2.6157879e-001,-2.93E-02,-1.47E-01,-9.86E-01,-9.45E-01,-9.24E-01
2.7756883e-001,-1.71E-02,-1.09E-01,-9.94E-01,-9.57E-01,-9.62E-01
2.8063963e-001,-1.55E-02,-1.02E-01,-9.99E-01,-9.92E-01,-9.89E-01
2.7648259e-001,-1.67E-02,-1.07E-01,-9.99E-01,-9.92E-01,-9.94E-01
2.7787730e-001,-1.73E-02,-1.10E-01,-9.98E-01,-9.89E-01,-9.92E-01
1.2998991e-001,1.0483888e-001,6.8729374e-002,-8.95E-01,-3.49E-01,-2.57E-01
2.7925289e-001,-3.98E-02,-1.55E-01,-9.85E-01,-9.24E-01,-8.82E-01
2.7746419e-001,-1.40E-02,-9.62E-02,-9.93E-01,-9.71E-01,-9.74E-01
2.7383245e-001,-1.41E-02,-1.08E-01,-9.95E-01,-9.85E-01,-9.83E-01
2.7350894e-001,-1.77E-02,-1.07E-01,-9.97E-01,-9.94E-01,-9.87E-01
2.8426497e-001,-1.88E-02,-1.12E-01,-9.93E-01,-9.94E-01,-9.83E-01
2.8029774e-001,-1.75E-02,-1.09E-01,-9.93E-01,-9.92E-01,-9.80E-01
2.7209205e-001,-1.66E-02,-1.03E-01,-9.96E-01,-9.93E-01,-9.87E-01
2.7373045e-001,-1.58E-02,-1.05E-01,-9.97E-01,-9.94E-01,-9.91E-01
2.7255662e-001,-1.55E-02,-1.04E-01,-9.96E-01,-9.96E-01,-9.94E-01
2.8029859e-001,-1.87E-02,-1.12E-01,-9.92E-01,-9.93E-01,-9.89E-01
1.6655551e-001,4.3005178e-002,-4.57E-02,-9.12E-01,-8.50E-01,-8.66E-01
2.9228398e-001,-2.12E-03,-1.22E-01,-9.77E-01,-9.10E-01,-9.43E-01
2.8229276e-001,-2.28E-02,-9.63E-02,-9.87E-01,-9.84E-01,-9.31E-01
2.6790345e-001,-1.56E-02,-8.45E-02,-9.94E-01,-9.85E-01,-9.52E-01
2.7649156e-001,-1.14E-02,-1.11E-01,-9.93E-01,-9.85E-01,-9.82E-01
2.7558898e-001,-1.07E-02,-1.08E-01,-9.93E-01,-9.83E-01,-9.79E-01
2.7608520e-001,-1.35E-02,-1.15E-01,-9.95E-01,-9.87E-01,-9.72E-01
2.7841979e-001,-1.32E-02,-1.05E-01,-9.96E-01,-9.91E-01,-9.62E-01
2.7619895e-001,-1.41E-02,-9.32E-02,-9.95E-01,-9.90E-01,-9.72E-01
2.7453120e-001,-1.46E-02,-9.57E-02,-9.84E-01,-9.80E-01,-9.58E-01
2.6420227e-001,-7.79E-03,-7.78E-02,-9.77E-01,-9.69E-01,-9.49E-01
2.5226433e-001,-8.67E-03,-5.80E-02,-9.48E-01,-9.45E-01,-9.15E-01
2.7082582e-001,-1.33E-02,-7.54E-02,-9.41E-01,-9.41E-01,-9.04E-01
-4.21E-01,-1.08E-01,1.4361353e-001,-4.31E-01,-4.81E-01,-2.69E-01
3.1565206e-001,1.6986224e-004,-1.38E-01,-9.24E-01,-9.09E-01,-9.35E-01
2.6665366e-001,4.1336745e-003,-1.13E-01,-9.49E-01,-8.68E-01,-7.99E-01
2.6511616e-001,1.1963731e-002,-1.23E-01,-9.48E-01,-8.75E-01,-7.47E-01
3.0007490e-001,-1.34E-02,-1.14E-01,-9.46E-01,-9.42E-01,-8.24E-01
3.6528714e-001,-1.17E-02,-1.17E-01,-9.37E-01,-9.56E-01,-8.97E-01
2.6511027e-001,-1.51E-02,-1.09E-01,-9.00E-01,-9.44E-01,-9.09E-01
1.9844920e-001,-2.61E-02,-9.67E-02,-9.33E-01,-9.47E-01,-9.06E-01
2.8410204e-001,-2.51E-02,-1.07E-01,-9.57E-01,-9.73E-01,-9.44E-01
2.4199202e-001,-3.37E-02,-9.51E-02,-9.58E-01,-9.68E-01,-9.78E-01
2.3513076e-001,-3.26E-02,-9.52E-02,-9.59E-01,-9.63E-01,-9.73E-01
2.6253473e-001,-2.55E-02,-1.03E-01,-9.65E-01,-9.68E-01,-9.82E-01
2.6764216e-001,-2.19E-02,-1.06E-01,-9.56E-01,-9.54E-01,-9.78E-01
-2.13E-02,-1.59E-01,8.2999520e-002,-4.61E-01,-1.11E-01,-7.96E-02
4.8683800e-001,3.6752286e-002,-1.80E-01,-8.80E-01,-8.12E-01,-8.14E-01
2.4183104e-001,-4.14E-02,-8.15E-02,-8.75E-01,-8.50E-01,-9.28E-01
1.9621687e-001,-4.51E-02,-8.98E-02,-9.23E-01,-9.01E-01,-9.55E-01
2.3172431e-001,-2.30E-02,-1.07E-01,-9.44E-01,-9.63E-01,-9.83E-01
2.2026139e-001,-2.37E-02,-1.04E-01,-9.34E-01,-9.62E-01,-9.85E-01
2.6112462e-001,-2.22E-02,-1.07E-01,-9.48E-01,-9.59E-01,-9.93E-01
2.6846403e-001,-2.25E-02,-1.06E-01,-9.48E-01,-9.52E-01,-9.91E-01
3.0947248e-001,-1.12E-02,-1.11E-01,-9.46E-01,-9.55E-01,-9.84E-01
2.5419380e-001,-2.04E-02,-1.04E-01,-9.45E-01,-9.52E-01,-9.83E-01
2.7566952e-001,-1.93E-02,-1.05E-01,-9.37E-01,-9.54E-01,-9.89E-01
2.7756612e-001,-1.98E-02,-1.07E-01,-9.42E-01,-9.54E-01,-9.94E-01
2.7545819e-001,-1.94E-02,-1.10E-01,-9.48E-01,-9.56E-01,-9.90E-01
2.7694629e-001,-1.74E-02,-1.11E-01,-9.49E-01,-9.62E-01,-9.89E-01
2.8716981e-001,-1.62E-02,-1.08E-01,-9.32E-01,-9.49E-01,-9.89E-01
2.9252870e-001,-1.51E-02,-1.10E-01,-9.26E-01,-9.40E-01,-9.92E-01
2.3920811e-001,4.3559735e-002,-1.43E-01,-1.43E-01,4.3759942e-001,-1.31E-02
3.1038644e-001,1.0790759e-002,-1.46E-01,-1.48E-02,4.4035201e-001,1.0726981e-001
3.1267747e-001,-5.82E-02,-8.60E-02,5.7200894e-002,4.8502297e-001,2.1892051e-001
2.6530725e-001,-5.95E-02,-7.26E-02,-4.38E-03,4.7022774e-001,2.3877384e-001
2.5326214e-001,2.5633214e-002,-1.14E-01,-7.62E-02,4.4730228e-001,1.4055915e-001
3.1484713e-001,4.9366478e-002,-1.49E-01,-8.97E-02,4.5090528e-001,4.5246581e-002
2.5044799e-001,-2.55E-02,-1.02E-01,-9.24E-02,4.3457189e-001,5.0165059e-002
2.9298871e-001,-8.09E-02,-8.52E-02,-1.09E-01,4.8573769e-001,1.4310083e-001
2.4533500e-001,-1.21E-02,-1.00E-01,-1.49E-01,5.4926989e-001,1.7918303e-001
2.9918984e-001,1.4831296e-002,-1.36E-01,-1.45E-01,5.0491153e-001,1.5674022e-001
2.5652445e-001,-1.74E-02,-1.27E-01,-1.75E-01,3.6088433e-001,6.5425840e-002
2.1123172e-001,-1.24E-02,-7.91E-02,-2.58E-01,3.1221463e-001,-2.80E-02
2.0269282e-001,-7.14E-02,-1.20E-01,-1.58E-01,4.0054407e-001,-6.43E-02
2.6741454e-001,-5.29E-02,-8.40E-02,-7.26E-02,5.4201549e-001,9.2334010e-002
2.9099099e-001,-6.68E-02,-1.19E-01,-1.16E-01,5.0290222e-001,6.7378748e-002
2.5965093e-001,1.1959975e-002,-1.01E-01,-1.64E-01,4.2834147e-001,-4.39E-02
3.4688725e-001,3.3245527e-002,-1.44E-01,-1.46E-01,4.5096837e-001,8.5655470e-003
1.8340929e-001,-2.22E-02,-1.14E-01,-1.24E-01,3.7323781e-001,1.2387977e-001
2.8545355e-001,-7.74E-02,-1.10E-01,-7.80E-02,5.6050914e-001,2.3832700e-001
2.8028971e-001,-3.15E-02,-8.99E-02,-8.66E-02,6.7119185e-001,2.0099093e-001
2.5352171e-001,4.9112582e-002,-6.77E-02,-9.96E-02,4.3284896e-001,1.1145336e-001
3.0459947e-001,6.0922292e-003,-1.44E-01,-5.83E-02,3.5815787e-001,7.2917201e-002
2.3221825e-001,-4.18E-02,-1.05E-01,-1.07E-01,2.6457420e-001,5.5612056e-002
3.5567677e-001,-6.71E-02,-1.25E-01,-2.51E-01,3.1912911e-001,3.2213788e-002
3.8550289e-001,2.5941382e-003,-3.50E-02,1.4116839e-001,2.8738810e-001,1.1856649e-002
1.9831241e-001,2.7531692e-003,-1.35E-01,3.7670141e-002,4.3817382e-001,3.7985169e-001
1.7810839e-001,-4.77E-02,-1.66E-01,6.1816614e-002,4.0329217e-001,4.6166844e-001
3.4936345e-001,-7.46E-03,-1.11E-01,8.3936329e-002,6.5287578e-001,3.0299387e-001
2.8833934e-001,-2.86E-02,-8.71E-02,1.1209680e-001,5.9742599e-001,2.4140349e-001
2.9509554e-001,-3.98E-02,-1.22E-01,1.3999034e-001,2.8390990e-001,1.2901787e-001
3.5258190e-001,-4.93E-02,-7.33E-02,3.9047448e-002,8.1700096e-002,2.4527070e-001
2.2019902e-001,-4.61E-02,-1.53E-01,-6.04E-02,2.9890911e-001,6.7249568e-002
2.9228268e-001,9.8869995e-003,-1.36E-01,-6.12E-02,3.4128263e-001,1.5578366e-001
2.4040235e-001,6.3608073e-003,-1.21E-01,-4.58E-02,1.8992978e-001,3.3266410e-001
2.1694825e-001,-6.39E-02,-5.74E-02,-2.40E-02,2.0846873e-001,2.9405794e-001
3.7317414e-001,-3.35E-03,-4.76E-02,7.1277125e-002,1.5040597e-001,1.2712287e-001
3.6179618e-001,-2.46E-02,-1.02E-01,6.8292596e-002,1.4813317e-001,1.1307787e-001
1.9184361e-001,4.7273938e-003,-1.68E-01,8.9824887e-002,9.6804496e-002,2.5196187e-001
2.0397464e-001,-1.38E-02,-1.16E-01,1.0509115e-001,1.6438193e-001,3.0498387e-001
2.8263698e-001,-3.16E-02,-1.13E-01,1.2769187e-001,4.4702593e-001,3.2288441e-001
2.5687524e-001,-1.40E-03,-1.02E-01,1.4128377e-001,4.2996775e-001,2.3114615e-001
3.0561019e-001,-1.67E-02,-3.00E-02,1.2734882e-001,1.4414905e-001,2.8455133e-002
2.4123973e-001,-1.15E-01,-2.99E-02,-2.33E-01,3.4946418e-001,1.7011988e-001
1.2515895e-001,-9.69E-02,-1.53E-01,-1.66E-01,3.7840590e-001,8.0277469e-002
2.9589236e-001,6.1894679e-003,-6.68E-02,-9.31E-02,5.2954699e-001,6.5732934e-003
3.8570533e-001,3.4228414e-002,-1.70E-01,-7.98E-02,4.5190501e-001,1.5208738e-001
3.0700515e-001,-1.17E-02,-2.00E-01,-1.94E-01,3.7420064e-001,1.5385817e-001
1.9819121e-001,5.3991478e-003,-4.41E-02,-2.39E-01,3.7971023e-001,6.2131458e-002
2.4277673e-001,-4.40E-02,-8.34E-02,-2.28E-01,3.3237067e-001,1.3519511e-001
3.1189883e-001,-9.90E-02,-1.15E-01,-2.75E-01,3.1267053e-001,1.4727708e-001
8.0398514e-002,-5.84E-02,-1.64E-01,-2.25E-01,5.3110929e-001,4.2209103e-001
2.6894082e-001,4.2153777e-002,-1.80E-01,-2.29E-01,4.2638817e-001,3.9527037e-001
4.1749764e-001,-1.20E-02,-4.90E-02,-2.34E-01,4.7670229e-001,3.1988268e-001
2.5863904e-001,-7.79E-02,-8.07E-02,-2.91E-01,5.3807082e-001,3.1360638e-001
2.1409844e-001,-3.74E-02,-1.42E-01,-2.14E-01,5.7174892e-001,1.6337009e-001
3.3152918e-001,5.3118119e-002,-1.88E-01,-8.81E-02,4.6405381e-001,2.0531368e-001
1.3336351e-001,2.0698163e-002,-2.51E-01,-1.30E-01,2.9758829e-001,2.1604648e-001
2.8574531e-001,1.0125471e-002,-1.34E-01,-1.68E-01,3.0540354e-001,2.8827146e-001
2.4413345e-001,-3.59E-02,-1.85E-02,-1.80E-01,3.5896219e-001,2.1618595e-001
3.2050402e-001,-9.63E-02,-6.51E-02,-1.44E-01,3.8267262e-001,1.1867093e-001
1.9870516e-001,-2.03E-02,-1.24E-01,-1.70E-01,4.3380389e-001,1.1002526e-001
3.4407712e-001,5.8712913e-002,-1.38E-01,-2.26E-01,3.9130363e-001,1.3554881e-001
2.7303860e-001,-3.38E-02,-1.03E-01,-9.63E-01,-9.05E-01,-9.59E-01
2.7267238e-001,-1.44E-02,-1.05E-01,-9.96E-01,-9.67E-01,-9.90E-01
2.7973943e-001,-1.50E-02,-1.05E-01,-9.97E-01,-9.82E-01,-9.91E-01
2.7794935e-001,-1.00E-02,-1.01E-01,-9.96E-01,-9.57E-01,-9.90E-01
2.7438140e-001,-1.40E-02,-1.01E-01,-9.96E-01,-9.44E-01,-9.82E-01
2.7149144e-001,-3.12E-02,-1.04E-01,-9.94E-01,-9.61E-01,-9.62E-01
2.8040727e-001,-1.76E-02,-1.14E-01,-9.92E-01,-9.42E-01,-9.59E-01
2.8545798e-001,-6.87E-03,-1.17E-01,-9.96E-01,-9.79E-01,-9.83E-01
2.7629411e-001,-1.52E-02,-1.07E-01,-9.98E-01,-9.90E-01,-9.95E-01
2.7413574e-001,-2.31E-02,-1.05E-01,-9.97E-01,-9.82E-01,-9.94E-01
2.7729439e-001,-2.82E-02,-1.14E-01,-9.96E-01,-9.89E-01,-9.84E-01
2.7178993e-001,-4.42E-02,-1.18E-01,-9.89E-01,-8.60E-01,-9.70E-01
2.8274276e-001,-1.38E-02,-1.18E-01,-9.98E-01,-9.54E-01,-9.91E-01
2.7747971e-001,-1.82E-02,-1.09E-01,-9.98E-01,-9.72E-01,-9.92E-01
2.7466686e-001,-1.82E-02,-1.06E-01,-9.98E-01,-9.86E-01,-9.97E-01
2.7922531e-001,-1.51E-02,-1.12E-01,-9.98E-01,-9.89E-01,-9.94E-01
2.8050369e-001,-1.48E-02,-1.12E-01,-9.97E-01,-9.87E-01,-9.93E-01
2.7694392e-001,-2.31E-02,-1.10E-01,-9.98E-01,-9.75E-01,-9.93E-01
2.7675871e-001,-2.47E-02,-1.09E-01,-9.99E-01,-9.75E-01,-9.94E-01
2.7610087e-001,-1.09E-02,-1.03E-01,-9.98E-01,-9.79E-01,-9.95E-01
2.7654044e-001,-1.41E-02,-1.02E-01,-9.96E-01,-9.72E-01,-9.86E-01
2.2345536e-001,9.7026807e-002,-1.76E-01,-9.63E-01,-1.63E-01,-8.81E-01
2.7701580e-001,-5.16E-02,-1.04E-01,-9.94E-01,-8.67E-01,-9.82E-01
2.7858334e-001,-9.78E-03,-1.03E-01,-9.97E-01,-9.71E-01,-9.96E-01
2.7772264e-001,-1.59E-02,-1.15E-01,-9.94E-01,-9.75E-01,-9.82E-01
2.7677433e-001,-1.81E-02,-1.15E-01,-9.89E-01,-9.73E-01,-9.69E-01
2.7560174e-001,-1.44E-02,-1.07E-01,-9.91E-01,-9.77E-01,-9.78E-01
2.7767569e-001,-1.77E-02,-1.04E-01,-9.96E-01,-9.87E-01,-9.93E-01
2.8023702e-001,-1.90E-02,-1.07E-01,-9.97E-01,-9.94E-01,-9.90E-01
2.7793725e-001,-1.80E-02,-1.11E-01,-9.99E-01,-9.95E-01,-9.96E-01
2.7763741e-001,-1.73E-02,-1.06E-01,-9.99E-01,-9.95E-01,-9.94E-01
2.8036211e-001,-1.71E-02,-1.08E-01,-9.99E-01,-9.97E-01,-9.92E-01
2.7298961e-001,-1.32E-02,-1.10E-01,-9.93E-01,-9.80E-01,-9.95E-01
2.6478934e-001,-7.03E-03,-1.12E-01,-9.92E-01,-9.83E-01,-9.93E-01
2.6611936e-001,-7.80E-03,-1.04E-01,-9.94E-01,-9.86E-01,-9.83E-01
3.2285702e-001,-9.60E-02,-2.35E-01,-9.24E-01,-4.71E-01,-7.67E-01
2.7989365e-001,2.3982097e-002,-1.20E-01,-9.93E-01,-9.05E-01,-9.75E-01
2.7948097e-001,-1.29E-02,-1.10E-01,-9.95E-01,-9.49E-01,-9.87E-01
2.7587588e-001,-2.16E-02,-1.06E-01,-9.97E-01,-9.90E-01,-9.86E-01
2.7963427e-001,-1.52E-02,-1.10E-01,-9.96E-01,-9.84E-01,-9.86E-01
2.7574522e-001,-1.26E-02,-1.06E-01,-9.96E-01,-9.87E-01,-9.87E-01
2.7556481e-001,-1.50E-02,-1.08E-01,-9.95E-01,-9.89E-01,-9.88E-01
2.7997029e-001,-1.73E-02,-1.09E-01,-9.95E-01,-9.81E-01,-9.93E-01
2.7676806e-001,-1.73E-02,-1.07E-01,-9.97E-01,-9.84E-01,-9.92E-01
2.7768895e-001,-1.70E-02,-1.09E-01,-9.97E-01,-9.86E-01,-9.91E-01
2.7999492e-001,-1.86E-02,-1.10E-01,-9.97E-01,-9.88E-01,-9.96E-01
2.7867619e-001,-1.43E-02,-1.10E-01,-9.93E-01,-9.74E-01,-9.95E-01
3.6320030e-001,-3.58E-02,-1.52E-01,-8.82E-01,-8.83E-01,-7.62E-01
2.9738209e-001,-1.46E-02,-9.25E-02,-9.52E-01,-9.67E-01,-9.66E-01
2.5981680e-001,-1.44E-02,-1.15E-01,-9.91E-01,-9.90E-01,-9.95E-01
2.7757050e-001,-1.74E-02,-1.10E-01,-9.96E-01,-9.97E-01,-9.93E-01
2.7393461e-001,-1.60E-02,-1.07E-01,-9.94E-01,-9.90E-01,-9.91E-01
2.6562294e-001,-1.67E-02,-1.04E-01,-9.89E-01,-9.86E-01,-9.89E-01
2.7400356e-001,-1.72E-02,-1.05E-01,-9.89E-01,-9.90E-01,-9.89E-01
2.8131324e-001,-1.66E-02,-1.10E-01,-9.97E-01,-9.96E-01,-9.93E-01
2.7743572e-001,-1.74E-02,-1.10E-01,-9.97E-01,-9.95E-01,-9.93E-01
2.7770010e-001,-1.68E-02,-1.09E-01,-9.96E-01,-9.93E-01,-9.95E-01
2.7931196e-001,-1.66E-02,-1.10E-01,-9.98E-01,-9.96E-01,-9.92E-01
2.7585013e-001,-1.85E-02,-1.09E-01,-9.97E-01,-9.97E-01,-9.91E-01
2.7610843e-001,-1.75E-02,-1.08E-01,-9.96E-01,-9.96E-01,-9.92E-01
2.7930705e-001,-1.65E-02,-1.08E-01,-9.96E-01,-9.96E-01,-9.95E-01
3.5125850e-001,-3.29E-02,-9.15E-02,-9.44E-01,-9.00E-01,-9.29E-01
2.6564380e-001,-1.28E-02,-1.01E-01,-9.86E-01,-9.87E-01,-9.84E-01
2.7113194e-001,-1.65E-02,-1.09E-01,-9.94E-01,-9.92E-01,-9.93E-01
2.7873646e-001,-1.73E-02,-1.05E-01,-9.99E-01,-9.95E-01,-9.96E-01
2.7624177e-001,-1.81E-02,-1.08E-01,-9.99E-01,-9.96E-01,-9.93E-01
2.7751169e-001,-1.80E-02,-1.11E-01,-9.98E-01,-9.93E-01,-9.92E-01
2.7746348e-001,-1.71E-02,-1.09E-01,-9.97E-01,-9.93E-01,-9.96E-01
2.7609496e-001,-1.57E-02,-1.08E-01,-9.98E-01,-9.96E-01,-9.96E-01
2.7523103e-001,-1.66E-02,-1.06E-01,-9.98E-01,-9.92E-01,-9.95E-01
2.7726429e-001,-1.78E-02,-1.08E-01,-9.98E-01,-9.93E-01,-9.93E-01
2.7825509e-001,-1.72E-02,-1.12E-01,-9.97E-01,-9.93E-01,-9.94E-01
2.7881018e-001,-1.67E-02,-1.10E-01,-9.95E-01,-9.93E-01,-9.93E-01
2.7830932e-001,-1.65E-02,-1.06E-01,-9.96E-01,-9.93E-01,-9.93E-01
2.7548002e-001,-1.72E-02,-1.09E-01,-9.98E-01,-9.94E-01,-9.93E-01
2.7678418e-001,-1.69E-02,-1.10E-01,-9.98E-01,-9.96E-01,-9.97E-01
2.7534912e-001,-1.37E-02,-1.10E-01,-9.65E-01,-9.36E-01,-9.33E-01
1.5468830e-001,-3.20E-02,-5.23E-02,-4.23E-01,-1.11E-01,-4.64E-01
2.5019456e-001,-3.61E-03,-9.04E-02,-3.68E-01,-1.18E-01,-4.72E-01
3.4713638e-001,-7.88E-04,-7.67E-02,-3.62E-01,-1.16E-01,-4.17E-01
2.8502282e-001,-2.23E-02,-7.47E-02,-3.89E-01,-1.27E-02,-4.41E-01
2.4747010e-001,-4.73E-02,-1.45E-01,-4.17E-01,-5.22E-02,-5.22E-01
2.7141271e-001,1.0990520e-002,-1.56E-01,-4.23E-01,-9.86E-02,-4.93E-01
2.7157798e-001,3.1861245e-002,-1.08E-01,-4.44E-01,-1.40E-01,-5.01E-01
2.8757126e-001,-1.50E-02,-1.14E-01,-4.79E-01,-1.78E-01,-5.26E-01
3.2373269e-001,-4.13E-02,-1.26E-01,-4.82E-01,-1.79E-01,-5.40E-01
3.1598589e-001,-3.94E-02,-1.07E-01,-5.37E-01,-2.01E-01,-5.18E-01
2.8071197e-001,-7.95E-03,-9.65E-02,-6.02E-01,-1.92E-01,-4.66E-01
2.5926686e-001,-3.13E-02,-1.17E-01,-5.64E-01,-1.70E-01,-4.90E-01
2.8107445e-001,-4.29E-02,-1.08E-01,-5.18E-01,-2.16E-01,-4.96E-01
3.0805710e-001,-1.76E-02,-1.17E-01,-4.97E-01,-2.04E-01,-4.86E-01
2.3986556e-001,-1.68E-02,-1.28E-01,-4.79E-01,-1.67E-01,-5.21E-01
2.3452415e-001,-1.10E-02,-9.97E-02,-5.01E-01,-1.68E-01,-5.08E-01
2.1220226e-001,-9.61E-03,-5.81E-02,-4.87E-01,-1.75E-01,-4.64E-01
2.7392442e-001,1.6351416e-002,-8.20E-02,-4.81E-01,-8.85E-02,-4.67E-01
3.5935047e-001,-2.31E-02,-7.59E-02,-4.41E-01,-8.36E-02,-4.65E-01
3.4163183e-001,-2.96E-02,-9.89E-02,-4.16E-01,-1.57E-01,-4.82E-01
2.5830591e-001,-1.63E-02,-1.25E-01,-4.65E-01,-1.57E-01,-5.32E-01
2.4352431e-001,-3.40E-02,-1.18E-01,-5.10E-01,-1.79E-01,-5.50E-01
2.5130664e-001,-1.80E-02,-1.10E-01,-4.86E-01,-1.64E-01,-5.54E-01
2.5792974e-001,-9.35E-03,-1.28E-01,-4.77E-01,-1.10E-01,-5.51E-01
2.7389038e-001,-1.40E-02,-1.30E-01,-4.70E-01,-7.76E-02,-5.59E-01
3.2925133e-001,-6.10E-03,-9.89E-02,-4.18E-01,-6.06E-02,-5.11E-01
2.5265251e-001,-3.76E-02,-1.02E-01,-4.86E-01,-1.79E-01,-5.23E-01
2.2259655e-001,-2.50E-02,-9.75E-02,-4.83E-01,-1.78E-01,-4.99E-01
2.3758535e-001,-9.10E-03,-9.57E-02,-4.91E-01,-1.49E-01,-4.92E-01
4.2945137e-001,3.2917755e-003,-1.18E-01,8.7064544e-002,2.5041577e-002,-2.88E-01
2.8456635e-001,3.9979568e-002,-2.13E-01,4.2421524e-002,-1.45E-02,-2.96E-01
1.6198735e-001,-1.80E-02,-1.85E-01,1.0171147e-001,-3.06E-02,-3.66E-01
2.9762225e-001,-2.38E-02,-7.83E-02,7.6406015e-002,-2.83E-02,-3.63E-01
4.2938161e-001,-4.81E-02,-7.26E-02,1.5157519e-001,1.7790397e-001,-2.81E-01
1.6490726e-001,-4.31E-02,-8.73E-02,3.0760888e-001,1.8551250e-001,-3.52E-01
2.9372998e-001,6.5195842e-003,-8.70E-02,3.2526359e-001,-4.42E-02,-3.33E-01
4.2814710e-001,1.1717729e-004,-9.84E-02,2.3112687e-001,1.3451982e-001,-2.36E-01
3.4897602e-001,8.5188978e-003,-1.71E-01,2.5826083e-001,6.6263969e-002,-1.93E-01
2.3169683e-001,-3.56E-02,-1.38E-01,2.1606039e-001,2.1796732e-001,-2.44E-01
3.6218210e-001,-4.47E-02,-5.06E-02,2.5467320e-001,1.9879892e-001,-2.95E-01
1.5716985e-001,-2.67E-02,-5.07E-02,1.8970302e-001,1.0209011e-001,-2.31E-01
3.2016448e-001,-2.86E-02,-1.36E-01,2.0800206e-001,1.0568499e-001,-2.63E-01
3.5021005e-001,4.8729091e-002,-1.42E-01,1.9130866e-001,-7.20E-02,-3.37E-01
2.0074204e-001,1.5820022e-002,-2.34E-02,8.8489465e-002,-1.32E-01,-3.08E-01
4.4696365e-001,-1.58E-02,-1.18E-01,1.1142790e-001,-1.33E-01,-3.27E-01
3.7424412e-001,-3.79E-02,-1.80E-01,7.2553127e-002,7.9323508e-002,-3.42E-01
1.2025391e-001,-3.69E-02,-1.28E-01,7.6531682e-002,1.0703078e-001,-2.50E-01
3.4609481e-001,-5.72E-02,-8.54E-02,1.9303225e-001,1.4690985e-001,-1.88E-01
2.6544227e-001,-2.45E-02,-8.52E-02,2.3295903e-001,1.9253192e-001,-1.96E-01
2.2330018e-001,2.6199546e-002,-8.02E-02,1.7628995e-001,5.2646367e-002,-2.54E-01
4.3417148e-001,-6.23E-02,-2.14E-01,1.5866726e-001,-1.85E-02,-1.78E-01
2.2911127e-001,-1.33E-01,-2.06E-01,-1.97E-01,-6.31E-02,-1.13E-01
1.5890499e-001,-2.16E-02,-1.23E-01,-1.92E-01,-2.04E-01,-2.28E-01
2.6987008e-001,-3.98E-03,-8.30E-02,-3.13E-01,-2.83E-01,-2.04E-01
2.9135521e-001,-7.58E-03,-8.88E-02,-3.08E-01,-1.43E-01,-1.97E-01
2.6186491e-001,-3.08E-02,-8.87E-02,-2.24E-01,-2.81E-02,-1.76E-01
2.6284943e-001,-2.74E-02,-9.54E-02,-2.78E-01,1.0946159e-003,-1.99E-01
3.1957277e-001,-8.34E-03,-8.17E-02,-2.50E-01,-1.84E-02,-1.45E-01
3.2825782e-001,-3.11E-02,-1.00E-01,-1.70E-01,-1.03E-01,-1.02E-01
1.9898892e-001,-1.01E-01,-1.34E-01,-2.25E-01,-1.29E-01,-9.01E-02
3.1086726e-001,-2.05E-02,-6.02E-02,-2.05E-01,-1.84E-01,-1.36E-01
3.0873086e-001,-3.47E-02,-8.86E-02,-2.74E-01,-2.11E-01,-1.64E-01
2.7328186e-001,-1.96E-02,-9.85E-02,-3.21E-01,-1.66E-01,-1.73E-01
3.1047315e-001,-1.03E-02,-1.13E-01,-2.83E-01,-1.50E-01,-2.27E-01
2.2850493e-001,-1.42E-02,-1.73E-01,-3.48E-01,-1.25E-01,-2.61E-01
2.4556653e-001,-2.29E-02,-1.12E-01,-3.08E-01,-1.31E-01,-1.52E-01
3.2244440e-001,-3.64E-02,-7.34E-02,-2.56E-01,-1.56E-01,-1.69E-01
2.2948955e-001,-3.67E-03,-1.11E-01,-3.10E-01,-1.96E-01,-2.20E-01
1.7008200e-001,-1.15E-01,-1.80E-01,-1.86E-01,1.1361486e-002,-1.25E-01
2.0844568e-001,-2.16E-03,-7.52E-02,-2.06E-01,-1.18E-01,-2.10E-01
2.8831325e-001,-7.27E-03,-5.66E-02,-2.56E-01,-9.58E-02,-2.08E-01
3.7263875e-001,-1.27E-02,-1.00E-01,-2.39E-01,-1.24E-01,-1.65E-01
3.2904390e-001,-3.85E-02,-8.59E-02,-2.00E-01,-1.18E-01,-1.78E-01
2.3836946e-001,-1.34E-02,-1.21E-01,-2.70E-01,-8.17E-02,-2.54E-01
2.6747253e-001,1.0115164e-002,-9.52E-02,-2.50E-01,-1.51E-01,-2.49E-01
2.7577677e-001,-4.56E-02,-8.10E-02,-2.06E-01,-1.63E-01,-1.98E-01
2.6432984e-001,-2.21E-02,-1.33E-01,-2.14E-01,-1.63E-01,-1.79E-01
2.8072370e-001,-1.88E-02,-1.08E-01,-9.87E-01,-9.63E-01,-9.61E-01
2.7715407e-001,-1.06E-02,-1.06E-01,-9.94E-01,-9.57E-01,-9.80E-01
2.8183716e-001,-8.58E-03,-1.13E-01,-9.97E-01,-9.66E-01,-9.94E-01
2.7835449e-001,-2.00E-02,-1.04E-01,-9.97E-01,-9.84E-01,-9.90E-01
2.7750171e-001,-1.72E-02,-1.07E-01,-9.97E-01,-9.82E-01,-9.86E-01
2.7697249e-001,-1.06E-02,-1.10E-01,-9.97E-01,-9.83E-01,-9.93E-01
2.7596200e-001,-1.40E-02,-1.05E-01,-9.96E-01,-9.73E-01,-9.93E-01
2.7879522e-001,-1.99E-02,-1.09E-01,-9.96E-01,-9.73E-01,-9.89E-01
2.7823854e-001,-1.71E-02,-1.10E-01,-9.97E-01,-9.75E-01,-9.92E-01
2.7870931e-001,-1.45E-02,-1.09E-01,-9.98E-01,-9.81E-01,-9.94E-01
2.7729094e-001,-1.72E-02,-1.05E-01,-9.96E-01,-9.82E-01,-9.86E-01
2.7488531e-001,-1.90E-02,-1.06E-01,-9.97E-01,-9.86E-01,-9.85E-01
2.7878256e-001,-1.74E-02,-1.11E-01,-9.98E-01,-9.90E-01,-9.94E-01
2.7933456e-001,-1.53E-02,-1.09E-01,-9.95E-01,-9.82E-01,-9.94E-01
2.9489521e-001,1.9024346e-002,-1.03E-01,-9.67E-01,-7.34E-01,-9.66E-01
2.6953872e-001,-3.67E-02,-1.21E-01,-9.95E-01,-9.61E-01,-9.87E-01
2.7840853e-001,-1.81E-02,-1.14E-01,-9.97E-01,-9.67E-01,-9.85E-01
2.7805704e-001,-1.72E-02,-1.13E-01,-9.98E-01,-9.68E-01,-9.90E-01
2.7789645e-001,-1.82E-02,-1.09E-01,-9.99E-01,-9.76E-01,-9.87E-01
2.7653115e-001,-1.51E-02,-1.08E-01,-9.96E-01,-9.75E-01,-9.89E-01
2.7825319e-001,-1.53E-02,-1.07E-01,-9.96E-01,-9.77E-01,-9.90E-01
2.7902457e-001,-2.06E-02,-1.11E-01,-9.98E-01,-9.77E-01,-9.84E-01
2.7665233e-001,-2.20E-02,-1.18E-01,-9.97E-01,-9.65E-01,-9.92E-01
2.7788615e-001,-1.30E-02,-1.07E-01,-9.97E-01,-9.66E-01,-9.88E-01
2.7750302e-001,-1.01E-02,-1.04E-01,-9.98E-01,-9.80E-01,-9.88E-01
2.7782874e-001,-1.45E-02,-1.06E-01,-9.93E-01,-9.49E-01,-9.89E-01
2.4772514e-001,-2.37E-02,-1.56E-01,-9.59E-01,-6.74E-01,-8.26E-01
2.8793391e-001,-3.09E-02,-1.02E-01,-9.91E-01,-8.74E-01,-9.68E-01
2.7281147e-001,-4.07E-03,-1.19E-01,-9.95E-01,-9.77E-01,-9.90E-01
2.7530777e-001,-1.56E-02,-1.09E-01,-9.96E-01,-9.87E-01,-9.89E-01
2.7855203e-001,-1.70E-02,-1.07E-01,-9.98E-01,-9.91E-01,-9.94E-01
2.6375219e-001,-9.09E-03,-1.10E-01,-9.73E-01,-9.45E-01,-9.72E-01
2.6722194e-001,-1.27E-02,-1.05E-01,-9.72E-01,-9.35E-01,-9.70E-01
2.8190551e-001,-1.92E-02,-1.05E-01,-9.88E-01,-9.60E-01,-9.84E-01
2.8268443e-001,-2.01E-02,-1.06E-01,-9.90E-01,-9.63E-01,-9.81E-01
2.8305561e-001,-2.17E-02,-1.09E-01,-9.98E-01,-9.85E-01,-9.89E-01
2.7071511e-001,-1.31E-02,-1.05E-01,-9.82E-01,-9.65E-01,-9.86E-01
2.7685209e-001,-1.55E-02,-9.95E-02,-9.79E-01,-9.56E-01,-9.83E-01
2.7198298e-001,-1.34E-02,-1.12E-01,-9.73E-01,-9.05E-01,-9.55E-01
2.6356005e-001,-6.82E-03,-1.18E-01,-9.65E-01,-8.72E-01,-9.46E-01
2.8906572e-001,-2.55E-02,-1.00E-01,-9.73E-01,-8.92E-01,-9.57E-01
3.2221519e-001,2.2357194e-002,-1.80E-01,-9.60E-01,-5.95E-01,-8.49E-01
2.7439461e-001,-4.42E-02,-8.89E-02,-9.72E-01,-9.10E-01,-9.37E-01
2.7046247e-001,-1.73E-02,-8.49E-02,-9.76E-01,-9.48E-01,-9.67E-01
2.7741490e-001,-2.01E-02,-1.03E-01,-9.94E-01,-9.75E-01,-9.84E-01
2.7641506e-001,-1.84E-02,-1.08E-01,-9.97E-01,-9.82E-01,-9.89E-01
2.7712781e-001,-1.83E-02,-1.12E-01,-9.65E-01,-9.46E-01,-9.72E-01
2.7758461e-001,-9.60E-03,-9.54E-02,-9.51E-01,-9.15E-01,-9.46E-01
2.7397235e-001,-1.30E-02,-8.71E-02,-9.59E-01,-9.18E-01,-9.59E-01
2.7526021e-001,-2.42E-02,-1.05E-01,-9.64E-01,-9.40E-01,-9.72E-01
2.7518349e-001,-1.08E-02,-1.04E-01,-9.51E-01,-9.40E-01,-9.66E-01
2.7561977e-001,-7.40E-03,-1.05E-01,-9.43E-01,-9.31E-01,-9.67E-01
2.8145281e-001,-1.79E-02,-1.19E-01,-9.54E-01,-9.23E-01,-9.62E-01
3.0325235e-001,-2.52E-02,-9.13E-02,-8.94E-01,-8.10E-01,-8.58E-01
2.3816469e-001,-5.99E-03,-1.18E-01,-9.53E-01,-9.28E-01,-9.25E-01
2.6374740e-001,-1.33E-02,-1.26E-01,-9.79E-01,-9.65E-01,-9.77E-01
2.8338738e-001,-1.75E-02,-1.12E-01,-9.95E-01,-9.89E-01,-9.89E-01
2.8308825e-001,-1.86E-02,-1.12E-01,-9.95E-01,-9.88E-01,-9.86E-01
2.8189858e-001,-1.81E-02,-1.16E-01,-9.96E-01,-9.90E-01,-9.88E-01
2.7436916e-001,-1.67E-02,-1.10E-01,-9.92E-01,-9.89E-01,-9.79E-01
2.7790904e-001,-1.65E-02,-1.10E-01,-9.90E-01,-9.89E-01,-9.79E-01
2.8089886e-001,-1.78E-02,-1.16E-01,-9.95E-01,-9.95E-01,-9.92E-01
2.7130357e-001,-1.73E-02,-1.03E-01,-9.95E-01,-9.93E-01,-9.78E-01
2.8114114e-001,-1.81E-02,-9.68E-02,-9.89E-01,-9.75E-01,-9.68E-01
2.8330402e-001,-1.66E-02,-1.11E-01,-9.91E-01,-9.75E-01,-9.71E-01
2.7343109e-001,-1.64E-02,-1.15E-01,-9.94E-01,-9.54E-01,-9.62E-01
2.8371607e-001,-2.05E-02,-9.82E-02,-9.83E-01,-8.71E-01,-9.12E-01
2.8281365e-001,-1.76E-02,-9.86E-02,-9.60E-01,-8.44E-01,-9.08E-01
3.4555330e-001,-3.53E-02,-1.13E-01,-8.99E-01,-7.99E-01,-8.39E-01
2.7393141e-001,-1.29E-02,-9.62E-02,-9.60E-01,-9.54E-01,-9.47E-01
2.6097971e-001,-1.48E-02,-1.08E-01,-9.82E-01,-9.67E-01,-9.44E-01
2.7995960e-001,-1.83E-02,-1.08E-01,-9.92E-01,-9.78E-01,-9.69E-01
2.7867136e-001,-1.80E-02,-1.13E-01,-9.94E-01,-9.82E-01,-9.69E-01
2.8008378e-001,-1.73E-02,-1.15E-01,-9.96E-01,-9.96E-01,-9.80E-01
2.7657148e-001,-1.56E-02,-1.10E-01,-9.95E-01,-9.96E-01,-9.83E-01
2.7771845e-001,-1.62E-02,-1.11E-01,-9.96E-01,-9.95E-01,-9.86E-01
2.7592316e-001,-1.76E-02,-1.08E-01,-9.97E-01,-9.94E-01,-9.92E-01
2.7655600e-001,-1.70E-02,-1.10E-01,-9.97E-01,-9.94E-01,-9.92E-01
2.7760100e-001,-1.71E-02,-1.05E-01,-9.97E-01,-9.96E-01,-9.91E-01
2.7970158e-001,-1.73E-02,-1.07E-01,-9.97E-01,-9.97E-01,-9.94E-01
1.9344778e-001,-7.06E-03,-6.38E-02,-4.14E-01,-5.49E-02,-5.49E-01
2.9227935e-001,-4.54E-03,-6.16E-02,-3.65E-01,-4.18E-02,-5.61E-01
3.1843399e-001,-1.40E-02,-7.72E-02,-3.21E-01,-5.75E-03,-5.51E-01
2.1975497e-001,-4.64E-02,-1.31E-01,-3.48E-01,6.3595914e-002,-5.35E-01
2.5902502e-001,-3.55E-02,-1.48E-01,-3.84E-01,3.2781674e-002,-5.54E-01
3.4054339e-001,4.8028224e-003,-1.10E-01,-3.84E-01,3.1389029e-002,-5.58E-01
3.4820795e-001,-1.56E-02,-1.15E-01,-4.03E-01,1.1644871e-001,-5.72E-01
2.5233321e-001,-6.05E-03,-1.16E-01,-3.75E-01,7.0671018e-002,-5.73E-01
1.7400407e-001,1.5086436e-002,-8.65E-02,-3.86E-01,-1.06E-02,-5.71E-01
3.0332394e-001,-1.27E-02,-8.40E-02,-3.98E-01,-2.10E-02,-5.84E-01
3.7082319e-001,-2.54E-02,-9.08E-02,-3.61E-01,7.8880695e-002,-5.75E-01
2.5394669e-001,-4.04E-02,-9.93E-02,-3.64E-01,5.3329424e-002,-5.67E-01
2.2629584e-001,-4.65E-02,-1.33E-01,-3.98E-01,1.4832711e-002,-5.73E-01
2.6497330e-001,-5.32E-04,-1.41E-01,-4.20E-01,6.9331128e-002,-5.56E-01
2.7085307e-001,-1.04E-03,-1.21E-01,-4.37E-01,-3.03E-02,-5.90E-01
2.5733872e-001,-3.36E-02,-1.44E-01,-4.25E-01,-9.76E-02,-4.51E-01
2.0366345e-001,-4.19E-03,-1.01E-01,-3.22E-01,8.6537876e-003,-5.58E-01
3.4088417e-001,-7.58E-03,-5.94E-02,-2.99E-01,7.7445091e-002,-5.46E-01
3.1934547e-001,-2.22E-02,-1.14E-01,-3.29E-01,3.2287589e-002,-5.73E-01
1.9864335e-001,-2.65E-02,-1.04E-01,-3.80E-01,6.7216865e-002,-5.60E-01
2.4586726e-001,-1.43E-03,-1.20E-01,-4.09E-01,5.1862286e-002,-5.47E-01
3.3324288e-001,-1.43E-03,-1.46E-01,-4.07E-01,-4.51E-02,-5.82E-01
3.5691894e-001,-4.87E-02,-1.24E-01,-3.59E-01,9.5729003e-002,-5.53E-01
2.4565622e-001,-1.84E-02,-1.03E-01,-3.39E-01,1.3114682e-001,-5.41E-01
2.0657187e-001,1.6881590e-002,-9.21E-02,-3.41E-01,2.8906702e-002,-5.51E-01
3.2879613e-001,-1.65E-02,-8.62E-02,-3.19E-01,8.5964342e-003,-5.50E-01
2.9534949e-001,-4.03E-02,-8.90E-02,-3.29E-01,4.7954972e-002,-5.79E-01
2.0812615e-001,-3.85E-02,-1.12E-01,-4.03E-01,1.0594946e-001,-5.67E-01
2.6551623e-001,-7.88E-03,-1.31E-01,-4.53E-01,1.1048370e-001,-5.74E-01
2.7088111e-001,5.5860864e-003,-1.20E-01,-4.81E-01,1.0225932e-002,-5.98E-01
2.4439798e-001,-4.52E-02,-8.75E-02,1.0562512e-001,-1.71E-01,-3.56E-01
1.6831268e-001,5.3020701e-003,-1.16E-01,4.4940247e-002,-1.24E-01,-4.22E-01
2.7027293e-001,-6.15E-02,-1.37E-01,-8.08E-03,8.2615376e-002,-3.87E-01
3.9526316e-001,-3.38E-02,-1.15E-01,6.5782335e-002,1.8931466e-001,-3.91E-01
4.1457082e-001,-2.26E-02,-1.47E-01,1.2020314e-001,1.8274758e-001,-4.04E-01
1.8406817e-001,-3.65E-02,-1.55E-01,1.8130975e-001,1.3997458e-001,-3.66E-01
1.7596171e-001,1.3359582e-002,-8.02E-02,2.4083245e-001,2.0911980e-002,-3.60E-01
3.2648048e-001,-1.58E-02,-3.10E-02,2.1742866e-001,-1.48E-01,-3.02E-01
3.4803564e-001,1.6826837e-003,-2.32E-02,1.7586574e-001,6.7642837e-002,-3.99E-01
3.9850641e-001,-1.67E-02,-1.81E-01,1.8570385e-001,5.9308186e-002,-4.60E-01
1.3091181e-001,-5.14E-02,-1.85E-01,1.4017092e-001,1.3892264e-001,-4.76E-01
2.9259234e-001,-2.88E-02,-6.86E-02,1.7451615e-001,1.5401579e-001,-3.45E-01
4.2609094e-001,-8.40E-03,-5.49E-02,1.9786418e-001,2.2981524e-001,-2.58E-01
1.3530156e-001,-1.57E-02,-7.92E-02,2.4182302e-001,2.2378164e-001,-3.01E-01
2.4707361e-001,4.9255954e-003,-9.13E-02,3.1583213e-001,5.9070708e-002,-3.51E-01
4.5445175e-001,-3.59E-02,-1.94E-01,2.2668943e-001,1.0137864e-002,-3.44E-01
2.2439081e-001,2.6719448e-003,-1.54E-02,4.3004719e-002,1.1842450e-001,-3.18E-01
2.1863941e-001,1.2976842e-002,-5.89E-02,8.2561327e-003,-2.93E-02,-4.04E-01
2.7371928e-001,-2.19E-02,-1.37E-01,-7.00E-02,2.7366979e-002,-4.22E-01
3.0239133e-001,-7.12E-02,-1.29E-01,-9.98E-02,8.2290387e-002,-3.46E-01
3.1036282e-001,-2.71E-02,-9.55E-02,-9.31E-02,3.4427893e-001,-3.68E-01
3.0659781e-001,-3.36E-02,-1.47E-01,6.5804451e-002,2.8113540e-001,-3.69E-01
2.2101117e-001,-9.62E-03,-1.29E-01,1.5141705e-001,8.9967595e-003,-3.07E-01
2.7304939e-001,2.9454610e-002,-1.08E-01,1.6968723e-001,-1.02E-02,-3.29E-01
1.9499673e-001,-1.40E-01,-1.14E-01,-1.99E-01,-1.21E-02,-1.03E-01
9.3371196e-002,-5.31E-02,-1.32E-01,-1.15E-01,-8.28E-02,-2.65E-01
2.2040868e-001,-2.78E-02,-1.31E-01,-1.90E-01,1.0656098e-002,-2.76E-01
3.2537872e-001,-1.97E-03,-1.34E-01,-2.32E-01,2.6438604e-002,-2.61E-01
3.3858061e-001,6.1506108e-003,-8.91E-02,-2.47E-01,-6.12E-02,-1.82E-01
3.6309022e-001,-3.22E-02,-1.25E-01,-2.40E-01,-8.44E-02,-1.98E-01
3.5489340e-001,-2.27E-02,-1.17E-01,-2.27E-01,-3.12E-02,-2.29E-01
2.4243330e-001,-3.42E-02,-6.83E-02,-2.26E-01,-5.88E-02,-2.22E-01
2.6903001e-001,-2.33E-02,-9.72E-02,-2.16E-01,-1.79E-01,-2.49E-01
2.4703475e-001,-1.24E-01,-1.24E-01,-1.95E-01,4.4316209e-002,-1.10E-01
7.7308875e-002,-3.36E-02,-1.14E-01,-7.93E-02,7.8637753e-003,-2.96E-01
1.6491265e-001,4.4918899e-003,-7.93E-02,-1.54E-01,3.6227022e-002,-2.29E-01
2.9773691e-001,1.7448496e-002,-1.13E-01,-2.38E-01,2.8949949e-003,-1.69E-01
3.3182840e-001,-1.51E-02,-1.46E-01,-2.54E-01,-8.74E-02,-1.83E-01
3.7603345e-001,-3.09E-02,-1.83E-01,-2.67E-01,-1.10E-01,-2.92E-01
3.0987099e-001,-2.44E-02,-1.05E-01,-2.46E-01,-3.98E-02,-3.31E-01
2.5768931e-001,-1.79E-02,-3.54E-02,-2.38E-01,-9.62E-02,-2.86E-01
2.9984874e-001,-2.30E-02,-8.93E-02,-1.96E-01,-7.95E-02,-2.37E-01
2.5118314e-001,-1.29E-01,-1.71E-01,-2.45E-01,-7.76E-02,-1.46E-01
2.4175959e-001,-2.96E-02,-1.30E-01,-1.84E-01,-1.22E-01,-2.19E-01
2.7579420e-001,-1.60E-02,-8.34E-02,-2.03E-01,-8.94E-02,-1.90E-01
2.9592440e-001,3.8276825e-002,-1.15E-01,-2.94E-01,-1.82E-01,-1.60E-01
2.3621532e-001,2.4864176e-002,-9.63E-02,-3.10E-01,-2.70E-01,-1.80E-01
1.5598520e-001,-6.05E-02,-1.03E-01,-2.94E-01,-1.27E-01,-2.58E-01
1.9526114e-001,-5.65E-02,-1.01E-01,-2.97E-01,-6.56E-02,-2.63E-01
2.6399946e-001,-1.87E-02,-7.56E-02,-2.72E-01,-1.60E-01,-2.54E-01
2.9267604e-001,-4.67E-03,-6.77E-02,-2.76E-01,-2.18E-01,-2.39E-01
3.0604485e-001,-3.62E-02,-6.65E-02,-2.70E-01,-1.73E-01,-2.36E-01
2.6762401e-001,6.4457203e-003,1.1262212e-001,-9.12E-01,-6.72E-01,-4.33E-01
2.3396049e-001,-4.52E-02,-2.03E-01,-9.67E-01,-9.02E-01,-8.11E-01
2.4313101e-001,-3.69E-02,-2.04E-01,-9.45E-01,-9.18E-01,-7.89E-01
2.5857160e-001,-2.96E-02,-1.20E-01,-9.44E-01,-9.12E-01,-7.94E-01
2.9470474e-001,1.0146695e-002,-9.17E-02,-9.83E-01,-9.18E-01,-9.44E-01
2.9458842e-001,1.1366460e-002,-9.59E-02,-9.85E-01,-9.03E-01,-9.51E-01
2.8569979e-001,-2.03E-02,-8.55E-02,-9.90E-01,-9.21E-01,-9.62E-01
2.8366971e-001,-1.97E-02,-9.01E-02,-9.86E-01,-9.43E-01,-9.77E-01
2.8496928e-001,-9.49E-03,-9.63E-02,-9.88E-01,-9.78E-01,-9.79E-01
2.8185139e-001,-1.04E-02,-1.02E-01,-9.95E-01,-9.87E-01,-9.87E-01
2.7477395e-001,-1.61E-02,-1.14E-01,-9.95E-01,-9.76E-01,-9.70E-01
2.7062401e-001,-2.20E-02,-1.27E-01,-9.97E-01,-9.84E-01,-9.74E-01
2.7652253e-001,-1.97E-02,-1.10E-01,-9.98E-01,-9.87E-01,-9.73E-01
2.7572396e-001,-2.38E-02,-1.06E-01,-9.99E-01,-9.85E-01,-9.84E-01
2.7328713e-001,-2.20E-02,-1.15E-01,-9.98E-01,-9.84E-01,-9.85E-01
2.7651657e-001,-1.48E-02,-1.11E-01,-9.97E-01,-9.96E-01,-9.73E-01
2.7910603e-001,-1.63E-02,-1.03E-01,-9.97E-01,-9.88E-01,-9.76E-01
4.2009441e-001,6.3371893e-002,2.3739356e-004,-9.04E-01,-7.26E-01,-8.19E-01
2.6282518e-001,-2.41E-02,-1.22E-01,-9.71E-01,-9.31E-01,-9.10E-01
2.5818432e-001,-2.62E-02,-1.34E-01,-9.86E-01,-9.79E-01,-9.61E-01
2.8185941e-001,-1.54E-02,-1.05E-01,-9.90E-01,-9.81E-01,-9.85E-01
2.7491706e-001,-1.88E-02,-1.15E-01,-9.92E-01,-9.73E-01,-9.77E-01
2.6866146e-001,-2.42E-02,-1.19E-01,-9.93E-01,-9.80E-01,-9.75E-01
2.8146103e-001,-1.67E-02,-9.87E-02,-9.93E-01,-9.81E-01,-9.76E-01
2.8056698e-001,-1.45E-02,-1.08E-01,-9.94E-01,-9.89E-01,-9.70E-01
2.8971700e-001,-2.78E-03,-9.68E-02,-9.90E-01,-9.55E-01,-9.53E-01
2.8817256e-001,-8.68E-03,-9.01E-02,-9.89E-01,-9.39E-01,-9.63E-01
2.6986927e-001,-2.74E-02,-1.14E-01,-9.96E-01,-9.85E-01,-9.85E-01
2.7446060e-001,-1.69E-02,-1.18E-01,-9.94E-01,-9.66E-01,-9.73E-01
2.7588106e-001,-9.62E-03,-1.21E-01,-9.93E-01,-9.66E-01,-9.73E-01
2.4783800e-001,-4.18E-02,-1.31E-01,-9.61E-01,-6.76E-01,-8.19E-01
2.7946711e-001,-3.26E-02,-1.19E-01,-9.95E-01,-8.72E-01,-9.39E-01
2.7768840e-001,-1.02E-02,-9.39E-02,-9.89E-01,-9.58E-01,-9.45E-01
2.7578610e-001,-1.96E-02,-9.98E-02,-9.88E-01,-9.68E-01,-9.28E-01
2.7888596e-001,-1.17E-02,-1.20E-01,-9.93E-01,-9.70E-01,-9.34E-01
2.8194690e-001,-1.45E-02,-1.35E-01,-9.86E-01,-9.66E-01,-9.40E-01
2.8048054e-001,-1.67E-02,-1.22E-01,-9.86E-01,-9.67E-01,-9.48E-01
2.7687481e-001,-1.39E-02,-1.05E-01,-9.89E-01,-9.64E-01,-9.56E-01
2.7778962e-001,-1.82E-02,-1.09E-01,-9.92E-01,-9.61E-01,-9.57E-01
2.7817903e-001,-2.04E-02,-1.09E-01,-9.96E-01,-9.68E-01,-9.71E-01
2.7797958e-001,-1.98E-02,-1.09E-01,-9.98E-01,-9.82E-01,-9.74E-01
2.7580278e-001,-1.58E-02,-1.09E-01,-9.95E-01,-9.81E-01,-9.69E-01
2.9757963e-001,4.5975459e-002,-4.14E-02,-9.70E-01,-8.47E-01,-7.32E-01
2.8223668e-001,-6.50E-03,-1.18E-01,-9.81E-01,-8.98E-01,-8.86E-01
2.7552685e-001,-1.33E-02,-1.20E-01,-9.90E-01,-9.52E-01,-9.60E-01
2.8028272e-001,-2.08E-03,-9.45E-02,-9.91E-01,-9.81E-01,-9.74E-01
2.7929250e-001,-1.07E-02,-9.41E-02,-9.93E-01,-9.77E-01,-9.81E-01
2.7605599e-001,-1.59E-02,-1.10E-01,-9.92E-01,-9.85E-01,-9.84E-01
2.7847150e-001,-1.04E-02,-1.12E-01,-9.83E-01,-9.76E-01,-9.70E-01
2.7698923e-001,-1.40E-02,-1.08E-01,-9.82E-01,-9.65E-01,-9.67E-01
2.7666456e-001,-2.39E-02,-1.14E-01,-9.92E-01,-9.79E-01,-9.77E-01
2.7873496e-001,-1.74E-02,-1.05E-01,-9.93E-01,-9.78E-01,-9.77E-01
2.7872521e-001,-1.53E-02,-1.06E-01,-9.94E-01,-9.83E-01,-9.75E-01
2.7576535e-001,-1.84E-02,-1.16E-01,-9.96E-01,-9.88E-01,-9.88E-01
2.7440517e-001,-1.58E-02,-1.14E-01,-9.98E-01,-9.92E-01,-9.93E-01
2.7813481e-001,-1.58E-02,-1.13E-01,-9.92E-01,-9.74E-01,-9.77E-01
-2.79E-01,3.2728098e-002,4.2468429e-003,-4.70E-01,-5.89E-01,-6.48E-01
3.4833199e-001,-4.27E-02,-1.15E-01,-9.05E-01,-8.23E-01,-9.20E-01
2.6682361e-001,-2.10E-02,-9.32E-02,-9.50E-01,-9.21E-01,-9.61E-01
2.7000223e-001,-2.36E-02,-9.79E-02,-9.86E-01,-9.65E-01,-9.83E-01
2.8139541e-001,-1.94E-02,-1.07E-01,-9.90E-01,-9.77E-01,-9.86E-01
2.6378409e-001,-1.36E-02,-1.10E-01,-9.82E-01,-9.87E-01,-9.88E-01
2.6172554e-001,-1.49E-02,-1.09E-01,-9.84E-01,-9.75E-01,-9.90E-01
2.7174868e-001,-2.62E-02,-9.89E-02,-9.93E-01,-9.72E-01,-9.86E-01
2.7936020e-001,-2.57E-02,-1.00E-01,-9.94E-01,-9.77E-01,-9.86E-01
2.8720338e-001,-1.22E-02,-1.13E-01,-9.93E-01,-9.77E-01,-9.90E-01
2.8409911e-001,-1.32E-02,-1.12E-01,-9.92E-01,-9.75E-01,-9.91E-01
2.8857095e-001,-1.48E-02,-1.13E-01,-9.91E-01,-9.74E-01,-9.82E-01
4.5153890e-001,-3.41E-02,-1.39E-01,-8.52E-01,-8.65E-01,-9.10E-01
2.5913867e-001,-2.34E-02,-9.20E-02,-9.76E-01,-9.62E-01,-9.77E-01
2.8001367e-001,-2.31E-02,-9.98E-02,-9.78E-01,-9.65E-01,-9.69E-01
2.8360396e-001,-1.63E-02,-1.12E-01,-9.84E-01,-9.74E-01,-9.84E-01
2.7207885e-001,-1.90E-02,-1.09E-01,-9.88E-01,-9.71E-01,-9.88E-01
2.9867251e-001,-1.41E-02,-1.12E-01,-9.87E-01,-9.68E-01,-9.82E-01
2.8154442e-001,-1.89E-02,-1.06E-01,-9.80E-01,-9.65E-01,-9.78E-01
2.7300333e-001,-2.09E-02,-1.07E-01,-9.81E-01,-9.57E-01,-9.72E-01
2.9949814e-001,-1.22E-02,-1.15E-01,-9.82E-01,-9.52E-01,-9.67E-01
2.7753325e-001,-1.91E-02,-1.06E-01,-9.80E-01,-9.51E-01,-9.70E-01
2.9577971e-001,-6.37E-03,-1.23E-01,-9.74E-01,-9.33E-01,-9.57E-01
3.0036600e-001,-9.85E-03,-1.17E-01,-9.40E-01,-9.22E-01,-9.33E-01
3.4958390e-001,-2.07E-02,-1.19E-01,-9.09E-01,-9.08E-01,-9.01E-01
1.8216148e-001,-1.03E-01,-5.19E-02,-5.59E-01,-1.47E-01,-1.22E-01
2.2785735e-001,-4.22E-02,-9.94E-02,-5.07E-01,-7.30E-02,-1.56E-02
2.5183943e-001,-1.93E-02,-1.21E-01,-4.27E-01,-3.78E-02,1.7114100e-003
3.1613720e-001,8.9627048e-003,-1.24E-01,-3.99E-01,-6.38E-02,-6.15E-03
3.8844624e-001,4.4817032e-002,-9.92E-02,-4.30E-01,-3.44E-02,1.5187003e-002
3.4283456e-001,-8.79E-03,-1.20E-01,-4.42E-01,-6.13E-02,3.3245301e-002
2.7401637e-001,-5.11E-02,-1.43E-01,-4.49E-01,-9.47E-02,1.8919476e-004
2.4446779e-001,-3.82E-02,-1.34E-01,-4.50E-01,-8.19E-02,-2.64E-02
2.3557884e-001,-3.24E-02,-1.18E-01,-4.58E-01,-1.02E-01,-5.65E-02
2.6215410e-001,-5.68E-03,-1.33E-01,-5.08E-01,-1.31E-01,-6.00E-02
2.8750455e-001,-1.89E-02,-1.09E-01,-5.19E-01,-1.69E-01,-7.15E-02
2.9361962e-001,-3.64E-02,-7.04E-02,-4.68E-01,-1.63E-01,-5.13E-02
2.9031258e-001,-1.58E-02,-1.24E-01,-4.53E-01,-1.43E-01,-2.51E-02
2.7550477e-001,-1.50E-02,-1.11E-01,-4.69E-01,-1.32E-01,-4.91E-02
2.5200007e-001,-1.83E-02,-9.02E-02,-4.91E-01,-1.35E-01,-4.94E-02
2.6117905e-001,-2.51E-02,-1.17E-01,-5.25E-01,-1.37E-01,-9.12E-02
2.5424613e-001,-1.15E-01,-1.17E-01,-3.41E-01,-5.84E-02,7.1259921e-002
2.3190890e-001,-1.76E-02,-1.26E-01,-3.46E-01,-2.45E-02,1.0651629e-001
2.2581388e-001,3.9692493e-003,-8.62E-02,-3.43E-01,-1.03E-01,3.7926897e-002
2.2418338e-001,-9.00E-03,-2.89E-02,-3.75E-01,-6.63E-02,2.6729627e-002
2.6906703e-001,-2.23E-02,-3.56E-02,-4.17E-01,-6.26E-02,4.5617933e-002
3.3718876e-001,-5.05E-02,-6.80E-02,-4.14E-01,-8.50E-02,3.1610552e-002
3.3394837e-001,-3.46E-02,-1.11E-01,-4.44E-01,-5.40E-02,4.9354467e-004
2.8989119e-001,-3.01E-02,-1.37E-01,-4.78E-01,-7.12E-02,-4.85E-02
2.5673996e-001,-3.66E-02,-1.22E-01,-4.43E-01,-8.75E-02,-2.22E-02
2.3544122e-001,-1.63E-02,-1.13E-01,-4.34E-01,-9.99E-02,-2.39E-02
2.4653815e-001,-7.20E-03,-1.13E-01,-4.50E-01,-1.39E-01,-2.47E-02
2.7632114e-001,-1.30E-02,-1.09E-01,-4.56E-01,-1.09E-01,-3.61E-02
2.7934767e-001,2.7456937e-003,-1.28E-01,-4.32E-01,-3.07E-02,-4.46E-02
2.8225496e-001,-2.13E-03,-1.23E-01,-4.40E-01,-4.74E-02,-1.96E-02
4.6487060e-001,-3.95E-02,-3.33E-02,-1.76E-01,7.3003424e-002,1.3078415e-001
3.8081900e-001,-1.09E-02,-1.45E-01,-1.51E-01,2.9361189e-001,3.4485840e-002
1.7218004e-001,-3.67E-02,-1.88E-01,-9.85E-02,3.8559576e-001,3.1809676e-001
1.9945312e-001,-5.99E-02,-9.18E-02,-5.26E-02,3.6593508e-001,4.4068827e-001
3.5280173e-001,4.4742888e-002,-9.71E-02,-6.05E-02,2.7196680e-001,2.3349784e-001
2.6905657e-001,-2.02E-02,-1.55E-01,-6.85E-02,2.5679699e-001,2.7422438e-001
1.9442080e-001,-6.89E-02,2.3566241e-002,-8.29E-02,2.8683931e-001,2.0255092e-001
2.8130712e-001,1.2619385e-002,-1.31E-02,-6.97E-02,2.1419340e-001,4.9331430e-002
3.6994020e-001,-2.84E-03,-4.52E-02,-1.44E-02,2.2056383e-001,2.3777335e-001
4.0928654e-001,-3.66E-02,-9.77E-02,4.8094102e-003,4.7409985e-001,2.8088574e-001
2.0586353e-001,-4.45E-02,-1.85E-01,-4.90E-02,3.8733485e-001,4.9140613e-001
1.1628627e-001,-3.29E-02,-6.82E-02,-6.13E-02,1.6843769e-001,4.9238628e-001
2.2167045e-001,-1.52E-02,-5.63E-02,-1.58E-02,4.0946428e-001,3.3700778e-001
4.7016308e-001,-3.48E-02,-1.91E-01,4.8049165e-002,4.1956061e-001,4.3018270e-001
4.0042489e-001,1.5879582e-002,-9.60E-02,1.8835283e-002,1.8746916e-001,3.6207332e-001
1.7034926e-001,1.9498867e-002,-9.72E-02,-9.39E-02,9.9139985e-002,2.0221134e-001
3.4632771e-001,1.5577128e-002,-2.52E-02,6.1671114e-002,1.6875790e-001,3.5113743e-001
3.2480956e-001,-3.26E-02,-4.03E-02,-3.64E-02,2.7287209e-001,2.9915234e-001
3.5971718e-001,-4.70E-02,-2.03E-01,-6.76E-03,3.8855438e-001,4.3513354e-001
2.8028135e-001,8.6990811e-003,-1.42E-01,8.8680630e-002,3.4863517e-001,4.1890738e-001
2.2662672e-001,-1.39E-02,-7.84E-02,-1.48E-02,2.1920553e-001,2.8433859e-001
3.4669426e-001,-6.50E-02,-1.56E-01,1.0599759e-001,4.0000881e-001,3.9432748e-001
2.3489885e-001,2.9522807e-002,-6.85E-03,1.5204925e-001,3.8424034e-001,2.9339534e-001
2.8955043e-001,-2.81E-02,-6.80E-02,-1.39E-02,1.1918166e-001,2.1051020e-001
1.0900062e-001,-1.17E-01,-1.44E-01,-2.66E-01,2.4683646e-001,5.3665342e-001
1.4274211e-001,-4.02E-02,-1.61E-01,-2.44E-01,1.2128592e-001,5.6789667e-001
1.7329742e-001,2.3897282e-004,-1.01E-01,-2.70E-01,3.1174368e-001,6.0281666e-001
3.1310460e-001,1.9299017e-002,-3.75E-02,-3.52E-01,3.6678313e-001,5.0861516e-001
3.4156198e-001,1.7235951e-002,-1.08E-01,-2.87E-01,2.5504551e-001,4.7128162e-001
3.2314898e-001,-7.91E-02,-1.20E-01,-2.41E-01,3.1523045e-001,5.8185170e-001
3.5088405e-001,-5.51E-02,-7.88E-02,-2.76E-01,2.4378718e-001,5.5284151e-001
2.7390410e-001,-1.03E-02,-1.27E-01,-3.31E-01,1.3493571e-001,4.6664027e-001
3.0844153e-001,-1.53E-02,-1.11E-01,-3.78E-01,1.3864522e-001,4.8850063e-001
1.1955090e-001,-7.65E-02,-8.76E-02,-3.27E-01,2.5012912e-001,5.4503791e-001
2.2830192e-001,-8.16E-03,-1.83E-01,-3.07E-01,2.0700147e-001,4.5324075e-001
3.6308091e-001,2.1724685e-002,-1.01E-01,-2.94E-01,5.6418420e-001,4.9532477e-001
3.4876653e-001,2.3315993e-002,-1.17E-01,-2.67E-01,5.2463714e-001,5.7265395e-001
2.7528078e-001,-2.71E-02,-2.47E-01,-2.92E-01,1.4644548e-001,6.5027142e-001
2.5279165e-001,-6.37E-02,-5.76E-02,-2.75E-01,3.3875549e-001,6.1641870e-001
3.4527527e-001,1.1488881e-002,-7.53E-02,-3.28E-01,3.1602186e-001,4.9359865e-001
2.2495897e-001,5.3979194e-003,-1.85E-01,-3.83E-01,1.6576205e-001,4.0033315e-001
2.2555487e-001,-3.51E-02,-1.02E-01,-3.63E-01,1.7567518e-001,3.9461955e-001
1.5415589e-001,-3.23E-03,-1.37E-01,-3.45E-01,3.6931970e-001,5.7329007e-001
3.1605705e-001,-3.70E-03,-2.59E-01,-2.70E-01,3.0225409e-001,7.7226691e-001
4.0769588e-001,-5.11E-04,-1.66E-01,-1.53E-01,4.1772532e-001,7.8625424e-001
2.8660660e-001,3.8809090e-003,-8.76E-02,-2.49E-01,4.7567213e-001,5.9983251e-001
1.9981607e-001,-3.95E-02,-1.41E-01,-3.78E-01,2.7336590e-001,5.7267375e-001
2.1495126e-001,-2.23E-02,-7.93E-02,-2.98E-01,3.2409246e-001,5.9373751e-001
2.2343574e-001,-4.64E-03,-5.70E-02,-2.67E-01,2.1566165e-001,6.2159840e-001
2.8195989e-001,-2.95E-02,2.1623119e-003,-3.01E-01,1.2233141e-001,6.1160101e-001
2.9308918e-001,-6.13E-04,-7.35E-02,-3.84E-01,1.2299210e-001,3.9130207e-001
2.1802432e-001,-5.64E-02,-1.74E-01,-9.17E-01,-8.75E-01,-8.30E-01
2.6136131e-001,-2.11E-02,-1.25E-01,-9.03E-01,-7.82E-01,-7.50E-01
3.2268446e-001,1.1776968e-002,-4.10E-02,-9.50E-01,-8.64E-01,-8.55E-01
2.8164596e-001,-1.79E-02,-1.04E-01,-9.79E-01,-9.69E-01,-9.10E-01
2.7494189e-001,-1.54E-02,-1.17E-01,-9.91E-01,-9.76E-01,-9.58E-01
2.8775672e-001,-1.07E-02,-9.43E-02,-9.93E-01,-9.85E-01,-9.84E-01
2.8012993e-001,-1.50E-02,-1.08E-01,-9.92E-01,-9.86E-01,-9.81E-01
2.6847593e-001,-2.41E-02,-1.24E-01,-9.93E-01,-9.77E-01,-9.85E-01
2.7852488e-001,-2.33E-02,-1.02E-01,-9.73E-01,-9.60E-01,-9.38E-01
2.9154459e-001,-1.60E-02,-7.53E-02,-9.69E-01,-9.46E-01,-9.34E-01
2.6878973e-001,-2.10E-02,-1.19E-01,-9.76E-01,-9.30E-01,-9.03E-01
2.7327656e-001,-1.45E-02,-1.21E-01,-9.78E-01,-9.35E-01,-9.20E-01
2.8791717e-001,-1.29E-02,-9.55E-02,-9.86E-01,-9.65E-01,-9.66E-01
2.7172130e-001,-2.21E-02,-1.12E-01,-9.94E-01,-9.83E-01,-9.80E-01
2.7247381e-001,-2.00E-02,-1.13E-01,-9.93E-01,-9.84E-01,-9.85E-01
3.9064755e-001,1.5100965e-002,-2.06E-02,-8.55E-01,-6.91E-01,-6.76E-01
2.4591987e-001,-3.11E-02,-1.43E-01,-9.69E-01,-9.22E-01,-9.20E-01
3.1399785e-001,1.4135663e-003,-7.33E-02,-9.57E-01,-8.88E-01,-8.97E-01
3.1605285e-001,-9.01E-03,-6.37E-02,-9.51E-01,-8.67E-01,-8.91E-01
2.6554984e-001,-2.89E-02,-1.19E-01,-9.62E-01,-8.87E-01,-8.97E-01
2.6854972e-001,-1.83E-02,-1.19E-01,-9.68E-01,-8.93E-01,-9.15E-01
3.0276904e-001,-7.87E-03,-7.72E-02,-9.55E-01,-8.68E-01,-9.12E-01
2.8471054e-001,-1.37E-02,-9.96E-02,-9.40E-01,-8.61E-01,-8.87E-01
2.6501926e-001,-2.21E-02,-1.28E-01,-9.58E-01,-9.40E-01,-9.38E-01
2.6908585e-001,-1.97E-02,-1.16E-01,-9.92E-01,-9.68E-01,-9.79E-01
2.8175629e-001,-8.22E-03,-1.08E-01,-9.64E-01,-9.05E-01,-9.35E-01
2.9008539e-001,-9.37E-03,-9.88E-02,-9.51E-01,-8.48E-01,-8.89E-01
2.6897481e-001,-2.23E-02,-1.14E-01,-9.60E-01,-8.72E-01,-9.00E-01
2.6616299e-001,-2.18E-02,-1.18E-01,-9.79E-01,-9.29E-01,-9.58E-01
2.8219146e-001,-1.80E-02,-1.00E-01,-9.91E-01,-9.49E-01,-9.82E-01
4.3116444e-001,2.4635493e-001,2.8093905e-001,-7.28E-01,-7.22E-02,-1.13E-01
2.1268136e-001,-1.71E-02,-1.24E-01,-9.48E-01,-8.88E-01,-9.06E-01
2.8721037e-001,-1.26E-02,-1.06E-01,-9.90E-01,-9.56E-01,-9.73E-01
2.8129548e-001,-1.34E-02,-1.00E-01,-9.94E-01,-9.74E-01,-9.82E-01
2.7599733e-001,-1.51E-02,-1.08E-01,-9.94E-01,-9.75E-01,-9.79E-01
2.7548608e-001,-1.25E-02,-1.09E-01,-9.96E-01,-9.83E-01,-9.85E-01
2.7505486e-001,-1.62E-02,-1.09E-01,-9.98E-01,-9.92E-01,-9.91E-01
2.7742101e-001,-1.88E-02,-1.09E-01,-9.99E-01,-9.92E-01,-9.90E-01
2.7759491e-001,-1.78E-02,-1.09E-01,-9.98E-01,-9.90E-01,-9.90E-01
2.7754269e-001,-1.50E-02,-1.10E-01,-9.97E-01,-9.89E-01,-9.91E-01
2.7508015e-001,-1.15E-02,-1.02E-01,-9.89E-01,-9.74E-01,-9.78E-01
2.7215729e-001,-9.17E-03,-1.05E-01,-9.82E-01,-9.47E-01,-9.41E-01
2.7631676e-001,-1.40E-02,-1.04E-01,-9.75E-01,-9.28E-01,-9.07E-01
2.7976041e-001,-2.45E-02,-1.02E-01,-9.79E-01,-9.36E-01,-9.26E-01
2.1905859e-001,5.8623158e-002,-1.95E-01,-8.94E-01,-6.77E-01,-6.98E-01
2.5098921e-001,-3.23E-02,-1.49E-01,-9.25E-01,-5.39E-01,-8.04E-01
2.4983075e-001,-7.04E-02,-1.33E-01,-9.38E-01,-7.58E-01,-8.04E-01
3.1049430e-001,-4.18E-03,-6.53E-02,-9.78E-01,-9.10E-01,-9.34E-01
2.9731908e-001,-9.54E-03,-9.04E-02,-9.82E-01,-9.31E-01,-9.53E-01
2.9025838e-001,-1.42E-02,-8.99E-02,-9.78E-01,-9.37E-01,-9.64E-01
2.8504224e-001,-1.46E-02,-9.84E-02,-9.81E-01,-9.42E-01,-9.70E-01
3.2085664e-001,8.2959110e-004,-4.64E-02,-9.36E-01,-8.14E-01,-8.58E-01
3.0536241e-001,9.1375584e-003,-6.73E-02,-9.14E-01,-7.98E-01,-8.06E-01
2.7525203e-001,-6.43E-03,-1.18E-01,-9.44E-01,-8.89E-01,-8.85E-01
2.8591453e-001,-1.68E-02,-9.71E-02,-9.85E-01,-9.46E-01,-9.45E-01
2.7777376e-001,-1.72E-02,-1.07E-01,-9.95E-01,-9.82E-01,-9.79E-01
2.7637091e-001,-1.58E-02,-1.13E-01,-9.95E-01,-9.90E-01,-9.80E-01
2.8262120e-001,-1.72E-02,-1.06E-01,-9.94E-01,-9.91E-01,-9.80E-01
-8.72E-01,1.5460780e-001,3.3075342e-001,-6.06E-02,-3.07E-01,6.8577984e-002
3.8002077e-001,-4.05E-02,-1.39E-01,-8.59E-01,-8.88E-01,-8.84E-01
3.2668024e-001,-2.87E-02,-1.11E-01,-9.25E-01,-9.63E-01,-9.38E-01
2.9049636e-001,-1.34E-02,-1.09E-01,-9.67E-01,-9.70E-01,-9.49E-01
3.0620315e-001,-1.75E-02,-1.16E-01,-9.75E-01,-9.61E-01,-9.56E-01
2.7964128e-001,-1.99E-02,-1.06E-01,-9.88E-01,-9.69E-01,-9.72E-01
2.8399890e-001,-1.43E-02,-1.11E-01,-9.90E-01,-9.71E-01,-9.74E-01
3.0671933e-001,-4.05E-03,-1.33E-01,-9.77E-01,-9.44E-01,-9.39E-01
2.6603638e-001,-1.87E-02,-1.06E-01,-9.55E-01,-9.11E-01,-9.01E-01
2.3320486e-001,-3.24E-02,-8.12E-02,-9.73E-01,-9.50E-01,-9.42E-01
2.7372716e-001,-1.93E-02,-1.04E-01,-9.84E-01,-9.70E-01,-9.65E-01
-1.00E+00,1.7752216e-001,5.4393929e-001,-1.01E-01,-1.26E-01,3.5953802e-001
3.2860871e-001,-3.48E-02,-1.35E-01,-8.35E-01,-8.64E-01,-7.85E-01
3.3098894e-001,-2.32E-02,-1.28E-01,-9.39E-01,-9.45E-01,-9.14E-01
3.0185730e-001,-1.45E-02,-1.07E-01,-9.64E-01,-9.72E-01,-9.62E-01
3.2020043e-001,-1.37E-02,-1.19E-01,-9.61E-01,-9.63E-01,-9.54E-01
3.2196552e-001,-7.11E-03,-1.29E-01,-9.54E-01,-9.36E-01,-9.26E-01
2.9170087e-001,-1.28E-02,-1.17E-01,-9.36E-01,-8.99E-01,-9.13E-01
2.4433569e-001,-2.53E-02,-9.53E-02,-9.49E-01,-9.02E-01,-9.25E-01
2.5761226e-001,-2.22E-02,-1.02E-01,-9.69E-01,-9.39E-01,-9.42E-01
2.7500120e-001,-1.92E-02,-1.08E-01,-9.70E-01,-9.66E-01,-9.38E-01
2.9952686e-001,-1.78E-02,-1.11E-01,-9.65E-01,-9.65E-01,-9.39E-01
2.6416854e-001,-2.13E-02,-9.71E-02,-9.62E-01,-9.60E-01,-9.75E-01
2.3558483e-001,-2.09E-02,-9.86E-02,-9.65E-01,-9.18E-01,-9.49E-01
2.8669350e-001,-1.94E-02,-1.09E-01,-9.58E-01,-9.03E-01,-9.45E-01
3.1764294e-001,-1.73E-02,-1.13E-01,-9.71E-01,-9.25E-01,-9.61E-01
2.2364703e-001,-3.35E-02,-7.73E-02,-3.48E-01,-1.00E-02,1.2011615e-001
2.0438609e-001,-1.44E-02,-2.99E-02,-3.39E-01,-2.11E-02,1.8436530e-001
2.7517870e-001,-3.45E-02,-3.76E-02,-3.53E-01,-5.22E-03,2.2091723e-001
3.5535615e-001,-4.69E-02,-8.25E-02,-3.35E-01,2.5489020e-003,1.9336522e-001
3.0878530e-001,-3.65E-02,-1.12E-01,-3.59E-01,1.1566275e-002,1.4115853e-001
2.6420741e-001,-2.19E-02,-1.08E-01,-3.81E-01,-1.63E-02,1.1193649e-001
2.4586555e-001,-2.00E-02,-1.10E-01,-3.71E-01,-7.85E-04,8.7103657e-002
2.5646164e-001,1.3878935e-002,-1.12E-01,-3.58E-01,4.8785257e-002,4.8958329e-002
2.5355220e-001,2.6166133e-002,-1.28E-01,-3.86E-01,3.3675797e-002,6.7119192e-002
3.1758001e-001,-3.07E-03,-1.52E-01,-3.88E-01,-2.70E-02,9.2445485e-002
3.4669873e-001,-2.88E-02,-1.62E-01,-3.57E-01,-1.03E-01,2.1018093e-001
2.7103712e-001,-2.82E-02,-1.40E-01,-3.82E-01,-6.79E-02,1.8895777e-001
2.6286556e-001,-9.23E-03,-1.14E-01,-3.85E-01,-3.38E-02,6.2672663e-002
2.6435510e-001,-8.79E-03,-1.09E-01,-4.07E-01,-8.18E-02,2.1671735e-002
2.6921389e-001,-2.23E-02,-7.07E-02,-4.63E-01,-1.68E-01,-3.02E-02
2.3889834e-001,-7.16E-02,-1.19E-01,-3.40E-01,-6.10E-02,7.0348777e-002
2.1525546e-001,-2.52E-02,-1.13E-01,-2.95E-01,-6.72E-03,6.4045851e-002
1.8136709e-001,-9.76E-03,-6.77E-02,-3.24E-01,-2.85E-03,2.0240242e-001
2.0790723e-001,-3.14E-02,-5.55E-02,-3.67E-01,-5.20E-02,2.6070258e-001
3.0973203e-001,-2.82E-02,-7.61E-02,-3.36E-01,4.2306480e-002,1.8516826e-001
3.8543610e-001,-3.43E-02,-7.69E-02,-3.24E-01,1.7276235e-001,1.4510126e-001
3.2563204e-001,-3.41E-02,-9.76E-02,-3.66E-01,7.2639315e-002,1.3257960e-001
2.8070202e-001,-8.62E-03,-1.14E-01,-3.92E-01,-7.39E-02,5.6184031e-002
2.2057783e-001,-1.07E-02,-1.15E-01,-3.63E-01,-3.70E-03,4.2685324e-002
1.9528723e-001,3.8671119e-003,-1.46E-01,-3.57E-01,3.9596600e-002,1.3999805e-001
2.8813300e-001,2.1453031e-003,-1.18E-01,-3.59E-01,3.0015003e-002,9.0719575e-002
3.9809058e-001,4.4048093e-003,-1.38E-01,-2.91E-01,2.1134855e-003,1.2113997e-001
3.1795322e-001,-1.62E-02,-1.78E-01,-2.97E-01,-5.55E-02,1.8475988e-001
2.3294893e-001,-3.37E-02,-1.58E-01,-3.65E-01,-8.47E-02,1.1769965e-001
3.7330240e-001,-1.59E-02,-3.45E-02,-1.45E-02,2.7516334e-001,4.1226587e-001
2.5027328e-001,-1.09E-02,-1.02E-01,-3.51E-02,2.8805235e-001,5.0965944e-001
2.6719101e-001,-5.97E-02,-2.30E-01,-6.37E-02,3.0922269e-001,6.5758294e-001
3.2855831e-001,2.6224575e-003,-1.23E-01,-1.44E-02,3.3741167e-001,5.8403529e-001
2.6833708e-001,6.6210238e-003,-1.15E-01,-1.04E-02,4.4886088e-001,5.6103177e-001
2.7084308e-001,-6.55E-02,-8.95E-02,3.7210993e-002,5.3298011e-001,5.5846862e-001
2.8523450e-001,1.3752035e-002,6.2714989e-002,5.2507024e-002,3.1146709e-001,2.7061560e-001
4.0596424e-001,6.3607345e-003,-1.98E-02,-1.26E-03,3.3886274e-001,4.2576693e-001
2.6092893e-001,-4.50E-02,-9.75E-02,-1.00E-02,4.8033013e-001,4.8462800e-001
1.5191489e-001,-2.74E-02,-1.63E-01,7.8188460e-003,6.1384348e-001,9.0253247e-001
2.9391570e-001,3.1884774e-002,-1.16E-01,2.0471655e-001,5.6270855e-001,9.3130810e-001
3.0796616e-001,4.9374042e-002,-1.23E-01,1.3965198e-001,2.9703923e-001,7.1682432e-001
3.0434877e-001,-7.14E-02,-7.94E-02,9.8513645e-002,2.6912273e-001,6.9121429e-001
2.7672305e-001,-6.43E-02,-1.48E-02,1.3246417e-001,3.3628958e-001,4.5042450e-001
3.4943569e-001,-5.40E-02,-5.58E-02,1.1760517e-001,6.4863988e-001,6.6558846e-001
3.2138425e-001,-1.68E-02,-7.19E-03,1.4285129e-001,8.3209367e-001,7.1734474e-001
2.8367153e-001,-7.50E-03,-1.72E-01,1.6140053e-001,6.8286332e-001,8.8859925e-001
2.7953570e-001,-7.55E-03,-1.71E-01,1.4374145e-001,5.5208503e-001,7.3605972e-001
2.4445261e-001,3.2073704e-004,-1.17E-01,6.4758298e-002,6.9922094e-001,7.0441341e-001
3.0606613e-001,-8.20E-02,-1.38E-01,1.2981078e-001,8.1416036e-001,7.9132128e-001
2.8614863e-001,-4.06E-02,-1.46E-02,1.0482827e-001,6.0328557e-001,4.5674985e-001
4.7926064e-002,-6.69E-02,-8.20E-02,-3.07E-01,3.4979951e-001,7.7402591e-001
2.2694147e-001,-8.29E-03,-1.55E-01,-1.63E-01,3.3254357e-001,7.8696690e-001
4.4632964e-001,-1.80E-02,-2.17E-01,-1.37E-01,4.3513536e-001,8.5950834e-001
3.4325655e-001,2.4874500e-002,-1.67E-01,-2.38E-01,3.9718498e-001,7.4278072e-001
2.4042897e-001,2.2120707e-002,-1.43E-01,-2.85E-01,3.4336770e-001,6.7935194e-001
2.6507718e-001,-6.87E-02,-3.94E-02,-2.63E-01,4.5980019e-001,7.5264857e-001
2.2612105e-001,-2.52E-02,-8.46E-02,-3.28E-01,2.9784377e-001,6.4551434e-001
1.5389471e-001,1.3070376e-002,-1.42E-01,-4.08E-01,8.8838167e-002,5.0627453e-001
2.9456360e-001,-8.36E-03,-8.66E-02,-3.80E-01,7.8188465e-002,5.4056009e-001
2.1492501e-001,-2.20E-02,-2.20E-02,-4.48E-01,2.4371278e-001,3.5370594e-001
2.7875389e-001,-5.82E-02,-8.10E-02,-2.92E-01,3.7129127e-001,8.0508428e-001
3.3201286e-001,-4.50E-02,-2.01E-01,-3.76E-01,2.7639481e-001,6.9051981e-001
2.7914255e-001,-3.32E-02,-1.25E-01,-3.82E-01,4.8434610e-001,6.0612619e-001
2.6267934e-001,1.3988593e-003,-1.05E-01,-3.25E-01,4.6014140e-001,6.8155734e-001
1.5539158e-001,-2.79E-02,-1.73E-01,-2.94E-01,2.6632236e-001,6.8976711e-001
6.4073197e-002,-5.12E-03,-2.72E-01,-2.32E-01,5.9344427e-001,8.3366631e-001
1.7665828e-001,-3.85E-02,-4.30E-02,-3.20E-01,5.1727508e-001,1.0000000e+000
4.6358849e-001,-9.73E-02,1.4253710e-001,-3.64E-01,2.2559562e-001,7.3163072e-001
4.6004000e-001,4.4608324e-003,-5.72E-02,-3.03E-01,1.5244116e-001,4.4796297e-001
1.7706121e-001,-9.79E-03,-9.89E-02,-2.50E-01,3.5720695e-001,8.5378198e-001
3.3839018e-001,-3.20E-02,-1.36E-01,-2.60E-01,3.5705265e-001,7.1812423e-001
3.5887315e-001,-5.63E-02,-7.77E-02,-3.00E-01,3.7935072e-001,6.6618262e-001
3.2797104e-001,-5.31E-02,-5.44E-02,-3.61E-01,3.5313481e-001,6.0596002e-001
2.1929385e-001,-5.48E-02,-1.56E-01,-3.92E-01,3.7992101e-001,5.3274504e-001
2.1443510e-001,4.1361838e-002,-1.53E-01,-3.63E-01,4.5236582e-001,5.0179177e-001
2.5599227e-001,6.1575174e-002,-1.18E-01,-4.00E-01,3.0164337e-001,4.4749602e-001
2.4950159e-001,-1.47E-02,-7.48E-02,-4.12E-01,1.8789688e-001,5.1207882e-001
2.8384366e-001,-2.56E-02,-1.37E-01,-9.61E-01,-9.30E-01,-9.22E-01
2.8699486e-001,-1.54E-02,-1.05E-01,-9.90E-01,-9.65E-01,-9.77E-01
2.7630714e-001,-1.48E-02,-1.03E-01,-9.97E-01,-9.82E-01,-9.89E-01
2.7921587e-001,-1.29E-02,-1.09E-01,-9.96E-01,-9.81E-01,-9.91E-01
2.7707234e-001,-1.21E-02,-1.05E-01,-9.96E-01,-9.70E-01,-9.87E-01
2.7573002e-001,-2.99E-02,-1.16E-01,-9.96E-01,-9.32E-01,-9.73E-01
2.7743978e-001,-2.81E-02,-1.18E-01,-9.97E-01,-9.28E-01,-9.72E-01
2.7894142e-001,-7.83E-03,-1.01E-01,-9.98E-01,-9.66E-01,-9.83E-01
2.7938938e-001,-1.31E-02,-1.02E-01,-9.97E-01,-9.69E-01,-9.88E-01
2.7675384e-001,-2.15E-02,-1.07E-01,-9.96E-01,-9.78E-01,-9.89E-01
2.7697300e-001,-1.92E-02,-1.09E-01,-9.96E-01,-9.72E-01,-9.87E-01
2.8044614e-001,-2.01E-02,-1.16E-01,-9.97E-01,-9.75E-01,-9.85E-01
2.7604096e-001,-1.52E-02,-1.08E-01,-9.97E-01,-9.78E-01,-9.79E-01
3.4963844e-001,7.1050580e-002,2.3691110e-002,-9.42E-01,-5.44E-01,-6.98E-01
2.7023661e-001,-3.43E-02,-1.14E-01,-9.91E-01,-9.01E-01,-9.46E-01
2.7637002e-001,-1.59E-02,-1.09E-01,-9.94E-01,-9.62E-01,-9.82E-01
2.7621012e-001,-2.17E-02,-1.10E-01,-9.95E-01,-9.58E-01,-9.87E-01
2.7215386e-001,-4.06E-02,-1.29E-01,-9.78E-01,-8.62E-01,-9.32E-01
2.6787055e-001,-4.31E-02,-1.09E-01,-9.74E-01,-7.90E-01,-8.95E-01
2.8006618e-001,-1.74E-03,-8.70E-02,-9.82E-01,-8.14E-01,-9.40E-01
2.9104315e-001,1.1952943e-002,-1.12E-01,-9.91E-01,-9.37E-01,-9.78E-01
2.7744413e-001,-7.49E-03,-9.73E-02,-9.92E-01,-9.37E-01,-9.70E-01
2.7104657e-001,-2.89E-02,-9.95E-02,-9.95E-01,-9.31E-01,-9.67E-01
2.7842291e-001,-3.40E-02,-1.27E-01,-9.96E-01,-9.67E-01,-9.82E-01
2.7961430e-001,-1.73E-02,-1.17E-01,-9.98E-01,-9.75E-01,-9.75E-01
2.7747832e-001,-1.18E-02,-1.03E-01,-9.99E-01,-9.89E-01,-9.91E-01
2.7885819e-001,-1.61E-02,-1.24E-01,-9.96E-01,-9.80E-01,-9.61E-01
9.0218788e-002,2.5185083e-001,3.2076385e-002,-8.68E-01,2.8906048e-001,-2.53E-01
2.8425617e-001,-4.99E-02,-1.96E-01,-9.80E-01,-8.89E-01,-8.61E-01
2.8150347e-001,-1.09E-02,-1.03E-01,-9.88E-01,-9.53E-01,-9.49E-01
2.7177692e-001,-1.03E-02,-1.04E-01,-9.97E-01,-9.79E-01,-9.76E-01
2.7548690e-001,-1.73E-02,-1.13E-01,-9.96E-01,-9.94E-01,-9.88E-01
2.7864645e-001,-1.78E-02,-1.14E-01,-9.95E-01,-9.94E-01,-9.85E-01
2.7729272e-001,-1.54E-02,-1.13E-01,-9.95E-01,-9.90E-01,-9.84E-01
2.7240003e-001,-1.43E-02,-1.03E-01,-9.97E-01,-9.93E-01,-9.90E-01
2.7665902e-001,-1.80E-02,-1.10E-01,-9.97E-01,-9.97E-01,-9.92E-01
2.8135157e-001,-1.69E-02,-1.13E-01,-9.96E-01,-9.90E-01,-9.91E-01
2.9394827e-001,-2.17E-02,-1.28E-01,-9.90E-01,-9.70E-01,-9.70E-01
2.9209328e-001,-2.27E-02,-1.28E-01,-9.88E-01,-9.66E-01,-9.72E-01
2.8854029e-001,-5.37E-03,-2.06E-01,-9.43E-01,-5.72E-01,-7.99E-01
2.9525129e-001,-3.53E-02,-1.09E-01,-9.74E-01,-8.54E-01,-8.14E-01
2.6977036e-001,-7.33E-03,-7.22E-02,-9.95E-01,-9.61E-01,-9.19E-01
2.8052734e-001,-2.38E-02,-1.39E-01,-9.93E-01,-9.47E-01,-9.58E-01
2.7717557e-001,-1.42E-02,-1.11E-01,-9.86E-01,-9.27E-01,-9.14E-01
2.7543797e-001,-8.90E-03,-8.47E-02,-9.86E-01,-9.49E-01,-9.47E-01
2.7792509e-001,-1.87E-02,-1.14E-01,-9.91E-01,-9.72E-01,-9.71E-01
2.7534850e-001,-1.51E-02,-1.12E-01,-9.96E-01,-9.85E-01,-9.84E-01
2.7703983e-001,-1.42E-02,-1.09E-01,-9.97E-01,-9.85E-01,-9.86E-01
2.7882271e-001,-1.68E-02,-1.07E-01,-9.98E-01,-9.87E-01,-9.82E-01
2.7851437e-001,-1.60E-02,-9.96E-02,-9.98E-01,-9.93E-01,-9.91E-01
2.7958150e-001,-1.71E-02,-1.08E-01,-9.98E-01,-9.92E-01,-9.92E-01
2.7875528e-001,-1.92E-02,-1.14E-01,-9.98E-01,-9.89E-01,-9.94E-01
2.7730623e-001,-1.72E-02,-1.17E-01,-9.95E-01,-9.79E-01,-9.88E-01
2.7579477e-001,-1.38E-02,-1.13E-01,-9.93E-01,-9.63E-01,-9.81E-01
3.7735406e-001,1.3388161e-002,-2.31E-01,-7.44E-01,-7.50E-01,-6.30E-01
3.8306521e-001,-2.67E-03,-1.62E-01,-8.86E-01,-9.16E-01,-8.50E-01
2.5244419e-001,-1.78E-02,-1.02E-01,-9.88E-01,-9.86E-01,-9.81E-01
2.7616437e-001,-1.66E-02,-1.11E-01,-9.94E-01,-9.88E-01,-9.92E-01
2.8263290e-001,-1.77E-02,-1.12E-01,-9.97E-01,-9.91E-01,-9.95E-01
2.7959801e-001,-1.70E-02,-1.11E-01,-9.97E-01,-9.93E-01,-9.98E-01
2.7101713e-001,-1.62E-02,-1.05E-01,-9.84E-01,-9.78E-01,-9.65E-01
2.6008257e-001,-1.81E-02,-9.68E-02,-9.84E-01,-9.76E-01,-9.62E-01
2.6492976e-001,-1.80E-02,-1.03E-01,-9.93E-01,-9.90E-01,-9.84E-01
2.7280849e-001,-1.73E-02,-1.09E-01,-9.97E-01,-9.93E-01,-9.90E-01
2.7343895e-001,-1.61E-02,-1.08E-01,-9.96E-01,-9.90E-01,-9.91E-01
2.7808522e-001,-1.68E-02,-1.09E-01,-9.95E-01,-9.90E-01,-9.95E-01
2.7716066e-001,-1.68E-02,-1.09E-01,-9.96E-01,-9.92E-01,-9.94E-01
3.5309980e-001,-8.56E-03,-1.53E-01,-9.08E-01,-8.27E-01,-5.98E-01
3.9539036e-001,2.8451974e-004,-2.67E-01,-9.17E-01,-8.40E-01,-6.30E-01
4.0448792e-001,-8.27E-04,-3.20E-01,-8.65E-01,-6.97E-01,-4.04E-01
4.1521816e-001,-1.23E-03,-2.17E-01,-8.74E-01,-7.19E-01,-4.03E-01
2.8891585e-001,-2.33E-02,-4.04E-02,-9.56E-01,-9.52E-01,-9.15E-01
2.6021642e-001,-1.62E-02,-1.02E-01,-9.87E-01,-9.87E-01,-9.73E-01
2.7759370e-001,-1.82E-02,-1.00E-01,-9.93E-01,-9.90E-01,-9.75E-01
2.7900099e-001,-1.80E-02,-1.01E-01,-9.94E-01,-9.89E-01,-9.75E-01
2.4130118e-001,-1.06E-02,-1.19E-01,-9.45E-01,-9.57E-01,-9.42E-01
2.2878368e-001,-9.00E-03,-1.27E-01,-9.43E-01,-9.53E-01,-9.33E-01
2.6637773e-001,-1.48E-02,-1.17E-01,-9.79E-01,-9.77E-01,-9.59E-01
2.7583287e-001,-1.95E-02,-9.00E-02,-9.94E-01,-9.88E-01,-9.76E-01
2.6381240e-001,-1.96E-02,-8.47E-02,-9.90E-01,-9.83E-01,-9.86E-01
2.7272592e-001,-1.82E-02,-9.74E-02,-9.85E-01,-9.85E-01,-9.86E-01
3.0059188e-001,-1.99E-02,-1.13E-01,-9.90E-01,-9.92E-01,-9.88E-01
2.8563595e-001,-1.78E-02,-1.12E-01,-9.85E-01,-9.92E-01,-9.85E-01
2.6575678e-001,-1.66E-02,-9.82E-02,-9.90E-01,-9.95E-01,-9.87E-01
2.6905890e-001,-1.45E-02,-1.14E-01,-9.85E-01,-9.70E-01,-9.51E-01
2.6718561e-001,-1.42E-02,-1.18E-01,-9.85E-01,-9.69E-01,-9.55E-01
2.7421619e-001,-1.72E-02,-1.07E-01,-9.93E-01,-9.93E-01,-9.86E-01
2.8595606e-001,-1.75E-02,-1.07E-01,-9.96E-01,-9.92E-01,-9.91E-01
3.0616139e-001,4.2744008e-003,-1.68E-01,-4.87E-01,2.9938671e-002,-4.50E-01
3.4969484e-001,-2.15E-02,-1.01E-01,-3.85E-01,5.0771400e-002,-4.23E-01
2.7631226e-001,-4.22E-02,-1.22E-01,-3.06E-01,4.5923501e-002,-4.15E-01
1.7469853e-001,-3.34E-03,-1.05E-01,-3.46E-01,1.1466719e-001,-4.28E-01
3.2148126e-001,1.7536575e-002,-3.19E-02,-3.45E-01,8.3382973e-002,-3.53E-01
3.3722006e-001,-5.52E-02,-8.68E-02,-3.33E-01,1.2739320e-001,-3.15E-01
2.2410364e-001,-7.02E-02,-1.61E-01,-3.45E-01,1.4316173e-001,-4.31E-01
2.1866749e-001,-1.51E-04,-1.30E-01,-3.58E-01,4.4663326e-002,-4.90E-01
2.8265025e-001,1.0504212e-002,-1.06E-01,-4.31E-01,-3.15E-02,-5.16E-01
3.1045271e-001,-5.62E-03,-1.17E-01,-4.39E-01,-9.29E-02,-4.99E-01
3.5086840e-001,-2.92E-02,-1.21E-01,-3.68E-01,2.5890260e-002,-4.28E-01
2.7306909e-001,-2.49E-02,-1.43E-01,-3.00E-01,1.5601425e-001,-4.65E-01
1.9477156e-001,-2.73E-02,-1.05E-01,-3.59E-01,1.5639048e-001,-4.67E-01
2.7921058e-001,-3.09E-02,-7.21E-02,-4.77E-01,9.9750089e-002,-4.56E-01
2.0803920e-001,5.5390717e-003,-1.15E-01,-4.32E-01,-1.22E-01,-4.31E-01
2.6670311e-001,2.5226035e-002,-9.34E-02,-3.78E-01,-4.12E-02,-3.92E-01
3.3946825e-001,-9.27E-03,-9.88E-02,-3.58E-01,2.5603926e-002,-4.09E-01
3.3891649e-001,-5.91E-02,-1.15E-01,-3.98E-01,3.6016830e-002,-4.02E-01
2.4136460e-001,-5.25E-02,-1.26E-01,-3.83E-01,-4.43E-03,-4.52E-01
1.9728785e-001,2.5455464e-003,-9.71E-02,-3.92E-01,-4.57E-04,-4.56E-01
2.3447502e-001,1.7184764e-002,-9.44E-02,-4.59E-01,1.2581263e-002,-4.41E-01
3.2757460e-001,5.6244633e-003,-1.02E-01,-4.58E-01,2.8857063e-002,-4.48E-01
3.5267171e-001,-2.43E-02,-1.12E-01,-4.10E-01,8.8620369e-002,-3.93E-01
2.9988381e-001,-4.26E-02,-1.50E-01,-3.77E-01,1.1385748e-001,-4.23E-01
2.1966232e-001,-1.70E-02,-1.02E-01,-3.64E-01,4.5813227e-002,-4.74E-01
2.0865609e-001,-5.20E-03,-6.02E-02,-4.18E-01,-1.63E-02,-4.51E-01
2.8464081e-001,-5.65E-03,-1.06E-01,-4.99E-01,-5.40E-02,-4.29E-01
3.0632257e-001,-1.01E-02,-1.20E-01,-5.17E-01,-3.59E-02,-4.79E-01
2.7665913e-001,1.7202393e-003,-3.15E-02,5.4591282e-001,-4.72E-02,-2.25E-01
2.0472916e-001,6.5878239e-004,-8.96E-02,3.0324720e-001,-9.16E-02,-3.65E-01
2.5161832e-001,-2.87E-02,-1.29E-01,1.5640772e-001,9.0456229e-002,-3.59E-01
4.3810262e-001,-2.06E-02,-1.04E-01,2.5114193e-001,1.3367348e-001,-3.10E-01
3.5069435e-001,1.0488480e-002,-1.61E-01,2.5634029e-001,2.7763185e-001,-3.71E-01
1.0974712e-001,-2.43E-02,-1.42E-01,3.5004153e-001,2.9645056e-001,-3.36E-01
1.0035411e-001,-3.07E-03,-3.27E-02,5.6144364e-001,-5.17E-02,-2.07E-01
3.6126798e-001,-4.40E-03,-6.03E-02,4.4862580e-001,1.9260813e-002,-2.42E-01
1.5789429e-001,2.2880145e-002,-1.37E-01,3.1243975e-001,3.7789088e-002,-2.86E-01
3.7977405e-001,-3.31E-02,-1.20E-01,3.7854360e-001,1.8756348e-001,-3.07E-01
2.8939527e-001,-1.93E-02,-5.35E-02,4.2972800e-001,1.6560198e-001,-3.15E-01
1.7756280e-001,-2.56E-02,-9.97E-02,3.5060461e-001,2.0216860e-001,-2.81E-01
3.4306957e-001,-5.77E-02,-1.45E-01,3.6583027e-001,1.7134855e-001,-3.26E-01
1.7985359e-001,2.3551511e-002,-1.18E-01,3.8650823e-001,-1.18E-01,-3.22E-01
4.6767880e-001,4.3286230e-002,-1.88E-02,3.9961760e-001,-3.05E-02,-1.48E-01
3.8004490e-001,1.2338564e-002,-2.11E-01,2.9966144e-001,2.6541330e-001,-3.01E-01
1.5497890e-001,-3.32E-03,-1.51E-01,2.6798136e-001,3.4178443e-001,-2.38E-01
3.1220263e-001,-1.41E-02,-6.54E-02,3.8293555e-001,2.9217947e-001,-2.20E-01
2.4156296e-001,-2.01E-02,-8.39E-02,4.1020212e-001,2.6099043e-001,-2.73E-01
2.5242349e-001,-4.39E-02,-9.48E-02,4.2840664e-001,1.5979731e-001,-2.47E-01
3.4923524e-001,-5.37E-03,-1.56E-01,4.0527321e-001,1.6305552e-001,-2.37E-01
2.8089700e-001,-9.92E-02,-2.18E-01,4.1343435e-002,1.3048043e-001,-5.95E-01
3.6270552e-001,-5.44E-02,-1.29E-01,4.8247121e-002,2.6346186e-002,-5.65E-01
3.1939862e-001,-8.68E-03,-3.30E-02,-5.91E-02,1.1450493e-001,-5.86E-01
1.4381651e-001,-2.77E-02,-9.38E-02,-2.54E-02,1.4965237e-001,-5.17E-01
1.3332561e-001,-1.21E-02,-1.34E-01,-6.11E-02,3.2477769e-002,-5.57E-01
3.2414948e-001,-1.07E-02,-7.31E-02,-9.15E-02,2.2655815e-002,-5.44E-01
4.0179747e-001,-5.36E-02,-1.14E-01,1.4103563e-002,-2.95E-02,-5.28E-01
3.2219418e-001,-2.00E-02,-1.30E-01,5.2689258e-002,1.0805745e-002,-5.72E-01
2.8146389e-001,-8.60E-02,-1.79E-01,-3.20E-02,2.5700778e-003,-5.40E-01
3.7570148e-001,-1.24E-02,-1.35E-01,-2.92E-02,-7.22E-04,-5.38E-01
2.8886047e-001,-8.53E-03,-8.02E-02,-1.33E-01,5.2380814e-002,-5.61E-01
1.2240534e-001,-1.27E-02,-8.48E-02,-8.88E-02,4.5018376e-002,-5.82E-01
1.7002478e-001,-5.04E-03,-9.20E-02,-1.19E-01,-1.31E-02,-5.35E-01
3.7564416e-001,-4.33E-02,-1.08E-01,-8.17E-02,2.0797172e-003,-5.02E-01
3.6837260e-001,-3.94E-02,-1.48E-01,-2.88E-02,-4.98E-02,-5.01E-01
1.9099079e-001,-1.92E-02,-1.35E-01,-1.30E-01,-8.71E-02,-4.91E-01
2.9316415e-001,-9.36E-02,-2.18E-01,3.1400254e-002,3.1827092e-002,-6.37E-01
3.4501718e-001,-5.27E-02,-1.50E-01,5.5961055e-003,8.8325381e-003,-5.73E-01
2.5927691e-001,-1.66E-03,-8.44E-02,-1.86E-01,7.5906721e-002,-5.41E-01
2.4031625e-001,2.2602928e-002,-6.99E-02,-5.07E-02,1.0280961e-001,-5.08E-01
1.6391074e-001,1.6149510e-003,-4.91E-02,-6.37E-02,4.3186687e-002,-4.97E-01
3.3340718e-001,-7.16E-02,-8.86E-02,-5.49E-02,9.4119897e-002,-4.88E-01
3.0583068e-001,-5.17E-02,-1.54E-01,2.7287170e-002,6.0701594e-002,-5.13E-01
1.5615571e-001,3.4978446e-002,-1.42E-01,-8.92E-02,-6.14E-02,-5.45E-01
2.5801452e-001,-3.56E-02,1.8536139e-002,-9.54E-01,-9.10E-01,-6.22E-01
2.9085558e-001,-2.77E-02,-1.53E-01,-9.75E-01,-9.18E-01,-8.59E-01
2.7075287e-001,-2.59E-02,-1.17E-01,-9.90E-01,-8.78E-01,-8.67E-01
2.7557228e-001,-4.12E-02,-1.09E-01,-9.94E-01,-8.27E-01,-9.54E-01
2.8122147e-001,-2.15E-02,-1.12E-01,-9.95E-01,-8.45E-01,-9.64E-01
2.7728965e-001,-1.74E-02,-1.02E-01,-9.96E-01,-9.32E-01,-9.87E-01
2.7528050e-001,-2.91E-02,-1.10E-01,-9.97E-01,-9.68E-01,-9.92E-01
2.7752285e-001,-1.51E-02,-1.09E-01,-9.97E-01,-9.78E-01,-9.91E-01
2.7923502e-001,-1.58E-02,-1.05E-01,-9.97E-01,-9.79E-01,-9.93E-01
2.7780474e-001,-2.27E-02,-1.08E-01,-9.98E-01,-9.83E-01,-9.97E-01
2.7685163e-001,-1.99E-02,-1.11E-01,-9.98E-01,-9.83E-01,-9.95E-01
2.7552172e-001,-1.72E-02,-1.07E-01,-9.98E-01,-9.85E-01,-9.88E-01
2.7650887e-001,-1.85E-02,-1.05E-01,-9.97E-01,-9.76E-01,-9.89E-01
2.7863912e-001,-1.73E-02,-1.10E-01,-9.98E-01,-9.72E-01,-9.90E-01
2.7981178e-001,-9.23E-03,-1.09E-01,-9.97E-01,-9.66E-01,-9.87E-01
3.0689881e-001,2.1220823e-002,-1.25E-01,-9.49E-01,-6.80E-01,-7.83E-01
2.5819936e-001,-3.68E-02,-5.21E-02,-9.44E-01,-9.08E-01,-8.44E-01
2.7609198e-001,-2.74E-02,-1.17E-01,-9.52E-01,-9.35E-01,-8.58E-01
2.8544900e-001,-1.97E-02,-1.48E-01,-9.91E-01,-9.65E-01,-9.63E-01
2.7710451e-001,-1.86E-02,-1.17E-01,-9.97E-01,-9.82E-01,-9.76E-01
2.7525603e-001,-2.16E-02,-1.08E-01,-9.97E-01,-9.88E-01,-9.91E-01
2.7567855e-001,-2.39E-02,-1.05E-01,-9.93E-01,-9.61E-01,-9.84E-01
2.7294612e-001,-2.62E-02,-9.79E-02,-9.91E-01,-9.44E-01,-9.83E-01
2.7739418e-001,-1.88E-02,-1.13E-01,-9.93E-01,-9.39E-01,-9.75E-01
2.7787396e-001,-2.11E-02,-1.19E-01,-9.96E-01,-9.49E-01,-9.87E-01
2.7716075e-001,-1.99E-02,-1.11E-01,-9.96E-01,-9.64E-01,-9.94E-01
1.8906578e-001,2.4610704e-003,-2.07E-01,-9.50E-01,-6.48E-01,-8.27E-01
2.6920787e-001,-3.08E-02,-1.32E-01,-9.89E-01,-9.11E-01,-9.73E-01
2.7449195e-001,-9.47E-03,-1.20E-01,-9.96E-01,-9.84E-01,-9.83E-01
2.7111132e-001,-1.53E-02,-1.18E-01,-9.92E-01,-9.88E-01,-9.79E-01
2.8011933e-001,-2.20E-02,-1.13E-01,-9.89E-01,-9.74E-01,-9.71E-01
2.7029958e-001,-1.50E-02,-1.27E-01,-9.81E-01,-9.44E-01,-9.50E-01
2.6131121e-001,-7.41E-03,-1.22E-01,-9.84E-01,-9.55E-01,-9.49E-01
2.8462925e-001,-1.74E-02,-9.08E-02,-9.91E-01,-9.77E-01,-9.79E-01
2.8412195e-001,-1.94E-02,-1.01E-01,-9.94E-01,-9.85E-01,-9.67E-01
2.7429528e-001,-1.75E-02,-1.11E-01,-9.97E-01,-9.89E-01,-9.80E-01
2.7631815e-001,-1.72E-02,-1.06E-01,-9.97E-01,-9.91E-01,-9.90E-01
2.7833220e-001,-1.70E-02,-1.12E-01,-9.98E-01,-9.92E-01,-9.90E-01
2.8141168e-001,-1.83E-02,-1.09E-01,-9.98E-01,-9.92E-01,-9.90E-01
2.7668007e-001,-1.69E-02,-1.07E-01,-9.98E-01,-9.93E-01,-9.89E-01
2.7169684e-001,-1.50E-02,-1.11E-01,-9.97E-01,-9.87E-01,-9.85E-01
2.3553011e-001,4.7898592e-002,-1.36E-01,-9.18E-01,-4.00E-01,-8.25E-01
2.9897086e-001,-3.55E-02,-1.03E-01,-9.77E-01,-8.29E-01,-9.52E-01
2.5183969e-001,2.3233291e-002,-1.01E-01,-9.70E-01,-8.69E-01,-9.18E-01
2.7083430e-001,-8.95E-03,-1.29E-01,-9.65E-01,-8.16E-01,-8.85E-01
2.9291507e-001,-3.87E-02,-1.34E-01,-9.85E-01,-9.38E-01,-9.20E-01
2.8798342e-001,-3.60E-02,-9.97E-02,-9.86E-01,-9.53E-01,-9.70E-01
2.8775570e-001,-3.74E-02,-1.09E-01,-9.91E-01,-9.60E-01,-9.79E-01
2.7611439e-001,-1.98E-02,-1.15E-01,-9.96E-01,-9.74E-01,-9.90E-01
2.7457753e-001,-1.41E-02,-1.14E-01,-9.97E-01,-9.95E-01,-9.94E-01
2.7703755e-001,-1.25E-02,-1.13E-01,-9.98E-01,-9.91E-01,-9.94E-01
2.7710898e-001,-1.39E-02,-1.13E-01,-9.98E-01,-9.88E-01,-9.93E-01
2.7895957e-001,-1.86E-02,-1.11E-01,-9.98E-01,-9.89E-01,-9.96E-01
2.7858922e-001,-1.77E-02,-1.07E-01,-9.99E-01,-9.88E-01,-9.95E-01
2.7549244e-001,-1.62E-02,-1.05E-01,-9.97E-01,-9.87E-01,-9.88E-01
2.7679650e-001,-1.84E-02,-1.09E-01,-9.95E-01,-9.80E-01,-9.88E-01
2.7917735e-001,-1.82E-02,-1.08E-01,-9.96E-01,-9.84E-01,-9.95E-01
2.7709958e-001,-1.42E-02,-1.06E-01,-9.98E-01,-9.92E-01,-9.96E-01
5.3816275e-001,-4.33E-02,-1.23E-01,-8.75E-01,-8.95E-01,-7.74E-01
2.8781754e-001,-3.37E-02,-1.75E-01,-9.15E-01,-9.29E-01,-8.66E-01
2.3497015e-001,-1.39E-02,-1.16E-01,-9.78E-01,-9.92E-01,-9.57E-01
2.6942807e-001,-1.60E-02,-1.11E-01,-9.97E-01,-9.90E-01,-9.73E-01
2.7533318e-001,-1.85E-02,-1.11E-01,-9.86E-01,-9.85E-01,-9.57E-01
2.8490140e-001,-1.62E-02,-1.02E-01,-9.86E-01,-9.85E-01,-9.56E-01
2.8229304e-001,-1.71E-02,-1.10E-01,-9.92E-01,-9.84E-01,-9.68E-01
2.7207089e-001,-1.77E-02,-1.11E-01,-9.93E-01,-9.86E-01,-9.83E-01
2.7297719e-001,-1.65E-02,-1.04E-01,-9.95E-01,-9.91E-01,-9.87E-01
2.8039186e-001,-1.66E-02,-1.11E-01,-9.94E-01,-9.92E-01,-9.84E-01
2.7669381e-001,-1.64E-02,-1.07E-01,-9.92E-01,-9.91E-01,-9.76E-01
2.6598628e-001,-1.44E-02,-9.37E-02,-9.93E-01,-9.88E-01,-9.72E-01
2.6438295e-001,-1.60E-02,-1.07E-01,-9.96E-01,-9.89E-01,-9.65E-01
2.6588375e-001,-2.08E-02,-1.28E-01,-9.96E-01,-9.93E-01,-9.78E-01
2.6614418e-001,-1.96E-02,-1.28E-01,-9.95E-01,-9.92E-01,-9.84E-01
2.7184211e-001,-1.76E-02,-1.18E-01,-9.96E-01,-9.95E-01,-9.91E-01
2.7370863e-001,-1.89E-02,-1.14E-01,-9.97E-01,-9.94E-01,-9.88E-01
3.5624917e-001,-2.85E-02,-1.09E-01,-9.31E-01,-8.94E-01,-8.58E-01
2.9181221e-001,-3.07E-02,-1.52E-01,-9.55E-01,-9.51E-01,-9.31E-01
2.5900810e-001,-1.64E-02,-1.20E-01,-9.88E-01,-9.89E-01,-9.64E-01
2.7789328e-001,-1.85E-02,-1.15E-01,-9.98E-01,-9.95E-01,-9.88E-01
2.7597182e-001,-1.74E-02,-1.11E-01,-9.98E-01,-9.94E-01,-9.89E-01
2.7582416e-001,-1.76E-02,-1.08E-01,-9.98E-01,-9.93E-01,-9.88E-01
2.8097264e-001,-1.63E-02,-9.81E-02,-9.96E-01,-9.89E-01,-9.83E-01
3.4381219e-001,-1.20E-02,-4.48E-02,-9.47E-01,-9.32E-01,-8.28E-01
3.8230964e-001,-2.75E-02,-1.04E-01,-9.31E-01,-9.02E-01,-7.54E-01
3.0365659e-001,-3.16E-02,-1.65E-01,-9.33E-01,-9.34E-01,-8.98E-01
2.6185921e-001,-1.85E-02,-1.12E-01,-9.80E-01,-9.72E-01,-9.38E-01
2.7675963e-001,-1.86E-02,-1.16E-01,-9.89E-01,-9.85E-01,-9.68E-01
2.7631181e-001,-1.83E-02,-1.19E-01,-9.99E-01,-9.95E-01,-9.88E-01
2.7564858e-001,-1.74E-02,-1.12E-01,-9.99E-01,-9.95E-01,-9.95E-01
2.7499640e-001,-1.79E-02,-1.14E-01,-1.00E+00,-9.95E-01,-9.89E-01
2.7587353e-001,-1.78E-02,-1.10E-01,-1.00E+00,-9.94E-01,-9.85E-01
2.7606775e-001,-1.70E-02,-1.09E-01,-9.98E-01,-9.96E-01,-9.93E-01
2.7710831e-001,-1.70E-02,-1.08E-01,-9.98E-01,-9.98E-01,-9.91E-01
2.6818145e-001,-1.51E-02,-1.03E-01,-9.78E-01,-9.72E-01,-9.64E-01
2.3980556e-001,-6.71E-03,-8.09E-02,-9.60E-01,-9.50E-01,-9.29E-01
2.8919730e-001,-1.03E-02,-8.16E-02,-9.47E-01,-9.39E-01,-9.26E-01
1.7497654e-001,-1.38E-02,-6.84E-02,-2.72E-01,2.7004130e-001,-5.84E-01
2.9096851e-001,1.3956019e-002,-1.11E-01,-2.47E-01,3.3701797e-001,-5.86E-01
3.1248491e-001,-3.55E-02,-7.33E-02,-1.94E-01,3.1006001e-001,-5.46E-01
2.1332687e-001,-5.27E-02,-9.70E-02,-1.96E-01,2.4249660e-001,-5.72E-01
2.7505428e-001,-3.85E-03,-1.36E-01,-1.86E-01,2.4399765e-001,-6.19E-01
4.1988141e-001,-1.22E-02,-1.23E-01,-1.65E-01,2.9119868e-001,-6.08E-01
2.6955560e-001,-2.52E-02,-1.03E-01,-1.79E-01,2.1585832e-001,-6.22E-01
2.0437363e-001,1.8083775e-002,-1.10E-01,-1.74E-01,2.4021867e-001,-6.47E-01
3.0129143e-001,-2.81E-02,-8.90E-02,-2.09E-01,2.7753063e-001,-6.05E-01
2.2835133e-001,-6.62E-02,-9.15E-02,-2.38E-01,3.1095904e-001,-5.58E-01
2.2463253e-001,-7.41E-03,-1.44E-01,-2.53E-01,3.5211894e-001,-5.81E-01
2.8508139e-001,2.8414585e-003,-1.36E-01,-2.79E-01,2.8501881e-001,-5.86E-01
3.4126561e-001,-2.98E-02,-1.22E-01,-2.94E-01,3.1249310e-001,-5.97E-01
2.0445415e-001,-3.44E-02,-7.76E-02,-3.16E-01,1.4174470e-001,-5.57E-01
1.8486390e-001,2.1300236e-002,-1.02E-01,-2.66E-01,1.9361853e-001,-6.01E-01
3.3522220e-001,-2.71E-02,-6.75E-02,-2.46E-01,2.8662909e-001,-6.32E-01
3.3437022e-001,-5.22E-02,-1.18E-01,-2.77E-01,3.3661080e-001,-5.87E-01
2.2617709e-001,-2.44E-02,-1.53E-01,-3.19E-01,2.0863687e-001,-6.16E-01
2.2654898e-001,1.3069313e-002,-1.15E-01,-3.30E-01,2.0080852e-001,-5.97E-01
2.9748828e-001,9.5176677e-003,-1.19E-01,-3.00E-01,2.0731480e-001,-6.29E-01
3.5692847e-001,-3.48E-02,-1.15E-01,-2.64E-01,1.8850022e-001,-6.60E-01
2.5796257e-001,-2.08E-02,-9.47E-02,-2.77E-01,1.8519420e-001,-6.41E-01
2.2138978e-001,1.6317414e-002,-1.07E-01,-3.12E-01,1.2090249e-001,-6.29E-01
3.5571356e-001,-1.27E-02,-1.17E-01,-2.61E-01,2.4898121e-001,-6.44E-01
3.1129882e-001,-4.97E-02,-7.94E-02,-2.38E-01,2.9746448e-001,-6.66E-01
2.1186668e-001,-3.88E-02,-8.24E-02,-2.95E-01,1.6515351e-001,-6.39E-01
1.4209996e-001,6.0829689e-002,-1.19E-01,5.4873809e-001,1.3107987e-001,-3.06E-01
4.7798362e-001,-2.47E-02,-1.40E-01,4.7157231e-001,3.3768010e-001,-3.43E-01
4.3700282e-001,-3.66E-02,-1.36E-01,3.4350917e-001,2.7310627e-001,-3.16E-01
1.6696572e-001,4.9536303e-002,-1.35E-01,3.4246952e-001,2.8585485e-002,-2.56E-01
2.8248409e-001,-3.62E-02,-8.86E-02,4.3449986e-001,2.9146919e-001,-2.37E-01
2.0933813e-001,-2.87E-02,-6.53E-02,4.9908086e-001,2.3698551e-001,-1.94E-01
2.9584765e-001,1.8077357e-002,-1.14E-01,4.9936949e-001,8.9959349e-002,-2.60E-01
1.9952567e-001,8.3608351e-002,-1.16E-01,4.5371522e-001,1.2997085e-001,-3.08E-01
3.8356988e-001,2.5769350e-002,-1.73E-01,3.0408508e-001,2.0599605e-001,-2.77E-01
4.5993542e-001,-6.04E-02,-1.61E-01,2.9489851e-001,2.0550497e-001,-1.79E-01
1.2886000e-001,8.2072687e-003,-1.31E-01,3.9383414e-001,1.9155143e-001,-2.69E-01
2.0352497e-001,-6.97E-03,-1.11E-01,4.6297743e-001,3.4598029e-001,-2.51E-01
2.2346815e-001,-2.72E-02,-5.70E-02,5.5176189e-001,3.1039769e-001,-2.57E-01
3.4539987e-001,-1.55E-02,-9.73E-02,5.1857251e-001,3.1775162e-001,-2.90E-01
2.6397042e-001,2.4480345e-002,-1.11E-01,4.6950140e-001,5.2038539e-002,-3.62E-01
4.0231295e-001,-8.45E-03,-1.35E-01,5.3708982e-001,2.9814944e-001,-3.53E-01
3.7038809e-001,-2.56E-02,-1.70E-01,4.1261815e-001,4.1513547e-001,-3.40E-01
1.5219011e-001,9.5642345e-003,-1.54E-01,3.4975737e-001,2.4736600e-001,-3.15E-01
2.6030422e-001,-2.97E-02,-9.47E-02,4.1768770e-001,2.6856092e-001,-2.70E-01
3.7959140e-001,-5.38E-02,-3.76E-02,5.7915343e-001,4.7410523e-001,-2.65E-01
2.0473933e-001,2.6119720e-002,-9.18E-02,4.9599889e-001,2.5724195e-001,-2.78E-01
2.1449655e-001,-1.06E-01,-6.10E-02,1.9822591e-002,-1.20E-01,-2.27E-01
2.4083536e-001,-8.07E-02,-6.81E-02,5.1811114e-002,4.4309803e-003,-2.76E-01
2.4848896e-001,1.8845855e-002,-9.68E-02,-4.15E-02,-3.98E-02,-1.54E-01
2.6668265e-001,9.2141106e-003,-1.29E-01,-2.37E-02,-2.50E-02,-1.29E-01
3.5754626e-001,-4.24E-02,-1.79E-01,8.0258304e-002,6.7958483e-002,-2.10E-01
3.8400636e-001,-4.68E-02,-1.58E-01,3.8562406e-002,7.3591128e-002,-2.63E-01
1.9973788e-001,-2.11E-02,-1.19E-01,-3.43E-02,-2.62E-02,-3.66E-01
1.6088695e-001,2.7137849e-002,-7.43E-02,-7.13E-02,-1.58E-01,-3.77E-01
2.7460100e-001,-5.60E-02,-8.45E-02,5.0964849e-002,-4.05E-02,-1.55E-01
2.6097738e-001,-7.07E-02,-5.38E-02,6.8931274e-002,-6.91E-02,-2.50E-01
2.3723758e-001,-7.83E-03,-7.41E-02,-7.00E-03,-5.57E-02,-1.77E-01
1.9529214e-001,-7.78E-03,-1.38E-01,-3.58E-02,-4.47E-03,-1.84E-01
1.6603143e-001,-2.35E-02,-1.62E-01,-4.93E-02,4.5251667e-002,-2.16E-01
4.1737248e-001,-3.30E-02,-1.67E-01,7.0572670e-002,-9.31E-03,-2.38E-01
3.9359213e-001,-2.88E-02,-1.40E-01,5.6825905e-002,-9.27E-02,-3.00E-01
1.9156832e-001,1.3328428e-002,-1.05E-01,-1.27E-01,-1.22E-01,-3.27E-01
1.7074896e-001,-5.16E-02,-1.06E-01,-4.50E-02,-3.46E-02,1.9598701e-002
1.8164436e-001,-4.53E-02,-1.21E-01,7.1825400e-002,-4.57E-02,-2.10E-01
3.6260129e-001,-4.46E-03,-3.63E-02,-2.07E-02,-2.98E-02,-1.62E-01
2.7451192e-001,-1.18E-03,-9.94E-02,-4.55E-02,-5.35E-02,-1.95E-01
1.7139425e-001,-4.83E-02,-1.14E-01,-4.19E-02,-8.69E-02,-2.46E-01
2.1707201e-001,-6.49E-03,-1.54E-01,-7.12E-02,-8.66E-02,-1.60E-01
4.0705138e-001,-3.83E-03,-1.90E-01,7.6203581e-003,-4.65E-04,-1.72E-01
4.1580030e-001,-3.76E-02,-1.38E-01,-5.22E-02,-5.10E-02,-2.35E-01
2.7745213e-001,-2.42E-02,-9.46E-02,-9.92E-01,-9.86E-01,-8.67E-01
2.7053085e-001,-2.00E-02,-1.39E-01,-9.95E-01,-9.76E-01,-9.44E-01
2.7305320e-001,-1.68E-02,-1.21E-01,-9.96E-01,-9.81E-01,-9.62E-01
2.7327809e-001,-2.16E-02,-1.27E-01,-9.96E-01,-9.87E-01,-9.78E-01
2.7884544e-001,-1.88E-02,-1.13E-01,-9.97E-01,-9.90E-01,-9.83E-01
2.7498535e-001,-1.68E-02,-1.09E-01,-9.97E-01,-9.95E-01,-9.90E-01
2.7443304e-001,-1.66E-02,-1.08E-01,-9.98E-01,-9.95E-01,-9.90E-01
2.7580333e-001,-1.93E-02,-1.09E-01,-9.99E-01,-9.92E-01,-9.87E-01
2.7790054e-001,-1.79E-02,-1.15E-01,-9.98E-01,-9.86E-01,-9.89E-01
2.7901117e-001,-1.62E-02,-1.10E-01,-9.98E-01,-9.89E-01,-9.93E-01
2.7657739e-001,-1.82E-02,-1.09E-01,-9.99E-01,-9.95E-01,-9.96E-01
2.7822259e-001,-1.52E-02,-1.06E-01,-9.98E-01,-9.94E-01,-9.93E-01
2.7895577e-001,-1.60E-02,-1.01E-01,-9.98E-01,-9.90E-01,-9.92E-01
2.7800726e-001,-1.87E-02,-1.08E-01,-9.99E-01,-9.93E-01,-9.88E-01
2.7752325e-001,-1.61E-02,-1.14E-01,-1.00E+00,-9.93E-01,-9.94E-01
2.7805426e-001,-1.62E-02,-1.02E-01,-9.99E-01,-9.89E-01,-9.92E-01
2.7889218e-001,-1.90E-02,-1.01E-01,-9.97E-01,-9.91E-01,-9.90E-01
2.8005167e-001,-1.71E-02,-1.06E-01,-9.97E-01,-9.94E-01,-9.85E-01
2.7878243e-001,-1.60E-02,-1.10E-01,-9.98E-01,-9.94E-01,-9.86E-01
2.7709422e-001,-1.48E-02,-1.09E-01,-9.98E-01,-9.92E-01,-9.88E-01
6.3151010e-001,9.6535787e-002,1.8429074e-001,-7.93E-01,-6.82E-01,-4.30E-01
2.7853200e-001,-1.88E-02,-1.26E-01,-9.32E-01,-8.93E-01,-8.64E-01
2.6212848e-001,-2.56E-02,-1.18E-01,-9.78E-01,-9.63E-01,-9.46E-01
2.8533381e-001,-1.55E-02,-1.03E-01,-9.95E-01,-9.94E-01,-9.85E-01
2.7645975e-001,-1.88E-02,-1.15E-01,-9.97E-01,-9.97E-01,-9.96E-01
2.7730205e-001,-2.03E-02,-1.10E-01,-9.97E-01,-9.97E-01,-9.91E-01
2.7429162e-001,-1.88E-02,-1.09E-01,-9.97E-01,-9.94E-01,-9.92E-01
2.7415935e-001,-1.54E-02,-1.11E-01,-9.97E-01,-9.87E-01,-9.94E-01
2.7217016e-001,-2.03E-02,-1.16E-01,-9.96E-01,-9.78E-01,-9.91E-01
2.7210868e-001,-2.42E-02,-1.14E-01,-9.97E-01,-9.85E-01,-9.91E-01
2.8376931e-001,-1.45E-02,-9.61E-02,-9.97E-01,-9.82E-01,-9.87E-01
2.7875071e-001,-1.72E-02,-1.02E-01,-9.94E-01,-9.79E-01,-9.77E-01
2.6905233e-001,-2.36E-02,-1.19E-01,-9.97E-01,-9.93E-01,-9.85E-01
2.7708569e-001,-1.94E-02,-1.10E-01,-9.96E-01,-9.93E-01,-9.80E-01
2.8153392e-001,-1.74E-02,-1.05E-01,-9.98E-01,-9.97E-01,-9.87E-01
2.7979561e-001,-1.54E-02,-1.07E-01,-9.97E-01,-9.90E-01,-9.89E-01
5.5913494e-001,8.9041584e-002,1.9595097e-001,-6.74E-01,-4.35E-01,-1.61E-01
2.1075810e-001,-3.97E-02,-1.65E-01,-9.62E-01,-9.36E-01,-9.09E-01
2.8277302e-001,-1.23E-02,-1.07E-01,-9.85E-01,-9.68E-01,-9.38E-01
2.9559869e-001,-4.96E-03,-7.32E-02,-9.86E-01,-9.54E-01,-8.88E-01
3.2477958e-001,7.6459490e-002,2.0352816e-001,-9.61E-01,-6.97E-01,-3.99E-01
3.2701522e-001,8.3562858e-002,1.7949825e-001,-9.45E-01,-6.56E-01,-3.20E-01
2.7862060e-001,2.8207332e-002,-5.15E-02,-9.57E-01,-7.89E-01,-7.12E-01
2.6881223e-001,1.6831231e-002,-3.37E-02,-9.94E-01,-8.94E-01,-9.01E-01
2.7716757e-001,-1.51E-02,-9.06E-02,-9.97E-01,-9.90E-01,-9.78E-01
2.7574278e-001,-1.60E-02,-1.08E-01,-9.98E-01,-9.92E-01,-9.85E-01
2.7648995e-001,-1.59E-02,-1.06E-01,-9.98E-01,-9.93E-01,-9.81E-01
2.7919834e-001,-1.67E-02,-1.03E-01,-9.98E-01,-9.92E-01,-9.84E-01
2.7805446e-001,-1.74E-02,-1.08E-01,-9.98E-01,-9.92E-01,-9.90E-01
2.7802531e-001,-1.70E-02,-1.05E-01,-9.98E-01,-9.96E-01,-9.94E-01
2.7750347e-001,-1.80E-02,-1.08E-01,-9.98E-01,-9.96E-01,-9.94E-01
2.4296684e-001,9.2993026e-002,-6.53E-02,-9.72E-01,-6.24E-01,-8.70E-01
2.8588842e-001,-2.66E-02,-1.01E-01,-9.92E-01,-8.89E-01,-9.59E-01
2.8380330e-001,-1.78E-02,-1.00E-01,-9.95E-01,-9.45E-01,-9.74E-01
2.7927240e-001,-8.32E-03,-9.56E-02,-9.96E-01,-9.85E-01,-9.83E-01
2.7981554e-001,-1.65E-02,-1.01E-01,-9.96E-01,-9.84E-01,-9.85E-01
2.7879472e-001,-1.87E-02,-1.05E-01,-9.97E-01,-9.86E-01,-9.85E-01
2.7915000e-001,-1.65E-02,-1.03E-01,-9.98E-01,-9.96E-01,-9.90E-01
2.7738661e-001,-1.37E-02,-1.02E-01,-9.97E-01,-9.95E-01,-9.89E-01
2.7634348e-001,-1.36E-02,-1.08E-01,-9.96E-01,-9.95E-01,-9.88E-01
2.7909705e-001,-1.57E-02,-1.05E-01,-9.96E-01,-9.94E-01,-9.89E-01
2.7886130e-001,-1.63E-02,-1.07E-01,-9.98E-01,-9.94E-01,-9.90E-01
2.7894930e-001,-1.64E-02,-1.06E-01,-9.99E-01,-9.95E-01,-9.89E-01
2.7752833e-001,-1.72E-02,-1.07E-01,-9.99E-01,-9.94E-01,-9.90E-01
2.7526692e-001,-1.78E-02,-1.12E-01,-9.97E-01,-9.96E-01,-9.89E-01
2.7871823e-001,-1.74E-02,-1.03E-01,-9.98E-01,-9.99E-01,-9.84E-01
2.6001824e-001,-8.49E-03,-1.18E-01,-9.36E-01,-6.71E-01,-8.75E-01
3.6156264e-001,-1.33E-02,-1.30E-01,-9.32E-01,-6.79E-01,-7.73E-01
2.6005733e-001,-4.04E-02,-7.55E-02,-9.84E-01,-9.10E-01,-9.51E-01
2.7716163e-001,-1.17E-02,-1.14E-01,-9.87E-01,-9.80E-01,-9.84E-01
2.8677898e-001,-1.38E-02,-1.16E-01,-9.93E-01,-9.82E-01,-9.90E-01
2.7754198e-001,-1.55E-02,-1.10E-01,-9.94E-01,-9.83E-01,-9.95E-01
2.7100180e-001,-2.16E-02,-1.04E-01,-9.94E-01,-9.69E-01,-9.85E-01
2.7468264e-001,-1.16E-02,-1.10E-01,-9.93E-01,-9.41E-01,-9.75E-01
2.8058013e-001,-1.24E-02,-1.15E-01,-9.94E-01,-9.36E-01,-9.80E-01
2.7946531e-001,-2.71E-02,-1.02E-01,-9.95E-01,-9.54E-01,-9.79E-01
2.7714825e-001,-1.09E-02,-1.12E-01,-9.95E-01,-9.47E-01,-9.71E-01
2.8057714e-001,-1.91E-02,-1.09E-01,-9.90E-01,-9.40E-01,-9.70E-01
2.8343081e-001,-1.38E-02,-1.12E-01,-9.88E-01,-9.28E-01,-9.67E-01
2.7910777e-001,-1.00E-02,-1.13E-01,-9.90E-01,-9.32E-01,-9.72E-01
2.7783685e-001,-2.84E-02,-9.85E-02,-9.93E-01,-9.47E-01,-9.79E-01
2.7968086e-001,-1.55E-02,-1.11E-01,-9.94E-01,-9.39E-01,-9.70E-01
2.7668171e-001,-2.31E-02,-1.03E-01,-9.92E-01,-9.37E-01,-9.64E-01
2.7118660e-001,-1.90E-02,-1.07E-01,-9.92E-01,-9.34E-01,-9.62E-01
1.0566507e-001,-5.66E-02,-5.42E-02,-7.59E-01,-7.85E-01,-5.60E-01
3.2108479e-001,-2.54E-02,-1.26E-01,-9.58E-01,-9.24E-01,-8.75E-01
2.7105879e-001,-2.22E-02,-9.55E-02,-9.84E-01,-9.42E-01,-9.53E-01
2.7690161e-001,-1.39E-02,-1.11E-01,-9.89E-01,-9.65E-01,-9.83E-01
2.8044289e-001,-1.22E-02,-1.14E-01,-9.90E-01,-9.61E-01,-9.81E-01
2.8459401e-001,-1.12E-02,-1.15E-01,-9.91E-01,-9.60E-01,-9.79E-01
2.7985506e-001,-1.82E-02,-1.07E-01,-9.94E-01,-9.69E-01,-9.82E-01
2.7917441e-001,-1.87E-02,-1.07E-01,-9.93E-01,-9.66E-01,-9.79E-01
2.8439083e-001,-1.29E-02,-1.14E-01,-9.88E-01,-9.49E-01,-9.69E-01
2.9380158e-001,-7.86E-03,-1.18E-01,-9.89E-01,-9.48E-01,-9.66E-01
2.7531365e-001,-2.41E-02,-1.00E-01,-9.88E-01,-9.47E-01,-9.73E-01
2.7026629e-001,-1.75E-02,-1.07E-01,-9.90E-01,-9.43E-01,-9.75E-01
2.7804255e-001,-1.58E-02,-1.12E-01,-9.91E-01,-9.56E-01,-9.81E-01
2.7501510e-001,-1.66E-02,-1.11E-01,-9.92E-01,-9.63E-01,-9.86E-01
2.7761741e-001,-1.56E-02,-1.10E-01,-9.91E-01,-9.64E-01,-9.86E-01
2.8115895e-001,-2.04E-02,-1.04E-01,-9.92E-01,-9.59E-01,-9.85E-01
2.8160306e-001,-1.37E-02,-1.13E-01,-9.94E-01,-9.53E-01,-9.74E-01
2.7666451e-001,-1.80E-02,-1.11E-01,-9.88E-01,-9.40E-01,-9.59E-01
2.3590065e-001,-5.49E-02,-9.69E-02,-4.70E-01,-2.92E-01,-2.49E-01
2.2877456e-001,-1.24E-02,-7.70E-02,-4.09E-01,-2.63E-01,-1.52E-01
3.2336851e-001,-4.24E-02,-9.14E-02,-3.97E-01,-2.39E-01,-1.34E-01
3.1203094e-001,-3.73E-02,-1.26E-01,-4.02E-01,-2.20E-01,-1.84E-01
2.2639968e-001,7.9446094e-003,-7.61E-02,-4.29E-01,-2.84E-01,-2.13E-01
2.7839248e-001,1.4323336e-002,-6.76E-02,-3.74E-01,-2.51E-01,-1.91E-01
3.6424412e-001,-1.52E-02,-1.64E-01,-3.61E-01,-2.10E-01,-1.18E-01
2.3370928e-001,-3.15E-02,-1.36E-01,-3.67E-01,-2.65E-01,-1.12E-01
2.0485113e-001,-1.95E-02,-6.56E-02,-3.89E-01,-2.42E-01,-1.71E-01
3.2991090e-001,-3.07E-02,-1.11E-01,-4.02E-01,-2.22E-01,-1.84E-01
2.8209052e-001,-3.59E-02,-1.35E-01,-4.08E-01,-2.53E-01,-1.89E-01
2.3642503e-001,-3.96E-03,-8.28E-02,-4.71E-01,-3.43E-01,-2.04E-01
2.6249881e-001,-3.87E-02,-1.14E-01,-5.88E-01,-4.03E-01,-3.87E-01
2.8205603e-001,-2.04E-02,-1.21E-01,-5.04E-01,-3.03E-01,-2.64E-01
2.7828746e-001,-2.62E-02,-1.31E-01,-4.63E-01,-2.65E-01,-2.23E-01
2.4048014e-001,-2.01E-02,-1.09E-01,-4.49E-01,-3.09E-01,-1.81E-01
2.6084483e-001,-1.09E-02,-5.89E-02,-4.19E-01,-3.31E-01,-1.37E-01
3.3155603e-001,-3.78E-02,-1.26E-01,-4.00E-01,-2.55E-01,-1.51E-01
2.0700120e-001,-4.10E-02,-1.84E-01,-3.90E-01,-2.20E-01,-1.83E-01
2.1261503e-001,-1.85E-03,-1.08E-01,-3.85E-01,-2.65E-01,-2.06E-01
3.4133188e-001,5.6060609e-004,-8.50E-02,-3.94E-01,-2.76E-01,-1.72E-01
3.2633623e-001,-2.08E-02,-1.21E-01,-3.65E-01,-2.65E-01,-1.72E-01
2.2890476e-001,-1.66E-02,-7.05E-02,-3.74E-01,-3.19E-01,-2.37E-01
2.7786818e-001,-3.26E-03,-3.82E-02,-4.42E-01,-2.95E-01,-2.20E-01
3.5660119e-001,-1.52E-02,-9.26E-02,-4.92E-01,-2.86E-01,-1.90E-01
2.6777634e-001,-2.76E-02,-1.41E-01,-5.22E-01,-4.41E-01,-3.17E-01
4.6757880e-001,-5.87E-02,-1.87E-01,7.9061986e-002,-1.20E-01,-1.39E-01
3.4919901e-001,-2.91E-02,-1.34E-01,4.1157949e-002,-1.74E-01,-1.91E-01
1.8207935e-001,-1.77E-02,-1.19E-01,-6.78E-02,-2.15E-01,-1.04E-01
1.6572588e-001,-2.74E-02,-6.49E-02,-1.48E-02,-2.08E-01,-7.57E-02
2.0151457e-001,-2.33E-03,-5.07E-02,4.5169762e-002,-2.81E-02,1.7992546e-001
3.6337380e-001,-2.15E-02,-1.24E-01,4.9050098e-002,-4.73E-02,2.3071125e-001
4.0611977e-001,-2.62E-02,-1.12E-01,1.0458455e-001,-1.94E-01,-9.45E-02
2.8180621e-001,-6.79E-03,-1.09E-01,1.0615188e-001,-1.87E-01,-2.70E-01
4.4247029e-001,-2.07E-02,-9.38E-02,5.9887556e-003,-2.53E-01,-9.34E-02
4.0596843e-001,-2.03E-02,-1.19E-01,5.2796769e-002,-2.87E-01,-1.42E-01
1.5656444e-001,-3.44E-02,-1.83E-01,-1.89E-02,-1.81E-01,3.6977052e-002
1.5526365e-001,-3.75E-02,-7.62E-02,5.4417361e-003,-1.63E-01,1.4201389e-001
3.2974021e-001,-1.96E-02,-1.04E-01,9.4111842e-002,-1.61E-02,1.5791680e-001
3.6422917e-001,-1.88E-02,-1.88E-01,1.5062753e-001,-4.40E-02,2.9320912e-002
1.8208523e-001,2.4570066e-002,-6.75E-02,2.0131765e-001,-2.96E-01,-1.42E-01
2.9499493e-001,-2.02E-02,-1.10E-01,2.4466118e-001,-2.05E-01,-1.11E-01
4.6358931e-001,-1.69E-03,-7.40E-02,1.8514308e-001,-1.26E-01,-1.30E-01
3.6908223e-001,-3.53E-02,-1.59E-01,1.7261445e-001,-1.78E-01,-1.87E-01
1.4125904e-001,-1.67E-02,-1.41E-01,4.4808464e-002,-1.27E-01,-7.87E-02
1.5592739e-001,-3.00E-02,-7.42E-02,8.6044963e-002,-4.33E-02,2.7015384e-002
2.8769205e-001,-2.71E-02,-8.16E-02,9.6901184e-002,6.7976518e-002,5.9479990e-002
3.9743281e-001,-2.18E-02,-1.29E-01,1.2882859e-001,5.5363994e-002,2.3372467e-002
2.0391731e-001,6.3502876e-003,-9.81E-02,1.6893226e-001,-1.67E-01,-3.34E-02
2.9950521e-001,-2.04E-02,-1.46E-01,1.7391952e-001,-1.64E-01,-5.32E-02
7.8542448e-002,-2.31E-02,-3.20E-01,-3.41E-01,-1.50E-01,-1.54E-01
2.1288122e-001,-4.47E-02,-1.21E-01,-2.97E-01,-2.01E-01,-1.75E-01
2.9208396e-001,-1.85E-02,-1.21E-01,-3.30E-01,-1.51E-01,-2.07E-01
2.6666563e-001,-6.81E-03,-1.37E-01,-3.96E-01,-1.34E-01,-2.31E-01
2.6732558e-001,-2.42E-02,-7.90E-02,-3.93E-01,-1.53E-01,-2.00E-01
2.8884010e-001,-2.36E-02,-1.13E-01,-3.60E-01,-4.59E-02,-1.96E-01
2.9239390e-001,-1.73E-02,-1.25E-01,-3.57E-01,-7.77E-02,-2.69E-01
2.8300245e-001,-1.41E-02,-1.14E-01,-3.75E-01,-1.60E-01,-2.35E-01
3.1243057e-001,-1.74E-02,-9.47E-02,-4.04E-01,-1.39E-01,-2.06E-01
7.7319451e-002,-1.05E-01,-2.45E-01,-3.84E-01,-1.18E-01,-8.75E-02
3.3289257e-001,-5.12E-03,-8.26E-02,-3.55E-01,-1.82E-01,-1.74E-01
2.8186953e-001,-3.00E-02,-9.38E-02,-3.61E-01,-1.24E-01,-2.31E-01
2.1754613e-001,-4.84E-02,-1.28E-01,-4.20E-01,-1.36E-01,-2.55E-01
2.8905259e-001,-9.36E-03,-1.11E-01,-4.08E-01,-2.89E-01,-2.42E-01
3.2381946e-001,-3.55E-02,-9.05E-02,-4.34E-01,-3.10E-01,-2.04E-01
3.1525192e-001,-4.26E-02,-9.90E-02,-4.72E-01,-2.86E-01,-2.31E-01
2.6211586e-001,-3.15E-03,-1.33E-01,-4.65E-01,-2.85E-01,-2.48E-01
2.4379271e-001,-4.66E-03,-1.15E-01,-4.60E-01,-2.88E-01,-2.56E-01
1.2387091e-001,-1.90E-02,-2.36E-01,-4.51E-01,-1.45E-01,-1.46E-01
2.4352745e-001,-3.09E-02,-8.39E-02,-4.08E-01,-6.31E-02,-1.93E-01
2.8592723e-001,-4.17E-03,-1.01E-01,-4.41E-01,-1.12E-01,-2.15E-01
2.5639508e-001,-7.23E-03,-1.06E-01,-4.73E-01,-1.53E-01,-2.31E-01
2.6119716e-001,-3.36E-02,-1.31E-01,-4.56E-01,-1.37E-01,-2.25E-01
2.8640819e-001,-2.43E-02,-1.22E-01,-4.76E-01,-1.73E-01,-1.99E-01
3.1730637e-001,1.4737915e-003,-6.60E-02,-4.66E-01,-2.00E-01,-2.28E-01
2.9507553e-001,-8.44E-03,-1.10E-01,-4.47E-01,-1.63E-01,-2.32E-01
2.4377312e-001,-3.66E-02,-1.41E-01,-5.04E-01,-2.60E-01,-2.41E-01
2.8417070e-001,-1.36E-02,-1.56E-01,-9.89E-01,-9.51E-01,-9.10E-01
2.7190273e-001,-1.11E-02,-1.16E-01,-9.96E-01,-9.66E-01,-9.83E-01
2.7885368e-001,-2.00E-02,-1.06E-01,-9.97E-01,-9.80E-01,-9.75E-01
2.8519078e-001,-2.79E-02,-8.33E-02,-9.96E-01,-9.82E-01,-9.71E-01
2.7721926e-001,-1.63E-02,-1.03E-01,-9.94E-01,-9.60E-01,-9.50E-01
2.7107410e-001,-4.56E-03,-1.28E-01,-9.96E-01,-9.88E-01,-9.85E-01
2.7737146e-001,-1.40E-02,-1.12E-01,-9.96E-01,-9.73E-01,-9.78E-01
2.7775683e-001,-2.01E-02,-9.41E-02,-9.98E-01,-9.85E-01,-9.91E-01
2.7707629e-001,-1.65E-02,-1.04E-01,-9.98E-01,-9.94E-01,-9.84E-01
2.7678625e-001,-9.91E-03,-1.20E-01,-9.98E-01,-9.84E-01,-9.89E-01
2.7710837e-001,-3.63E-02,-1.43E-01,-9.88E-01,-8.43E-01,-9.02E-01
2.8233298e-001,-2.48E-02,-8.26E-02,-9.82E-01,-8.12E-01,-8.07E-01
2.8016807e-001,3.8045360e-003,-6.26E-02,-9.86E-01,-9.35E-01,-8.62E-01
2.7556107e-001,-1.38E-02,-1.20E-01,-9.97E-01,-9.90E-01,-9.82E-01
2.7690651e-001,-1.61E-02,-1.08E-01,-9.97E-01,-9.88E-01,-9.84E-01
2.8225331e-001,-1.84E-02,-8.96E-02,-9.97E-01,-9.85E-01,-9.78E-01
2.8113139e-001,-1.79E-02,-7.71E-02,-9.93E-01,-9.85E-01,-9.58E-01
2.7439486e-001,-1.52E-02,-1.09E-01,-9.93E-01,-9.83E-01,-9.30E-01
2.7140882e-001,-1.30E-02,-1.39E-01,-9.96E-01,-9.80E-01,-9.82E-01
2.7700281e-001,-1.61E-02,-1.18E-01,-9.95E-01,-9.78E-01,-9.72E-01
2.8009718e-001,-1.91E-02,-1.05E-01,-9.95E-01,-9.85E-01,-9.85E-01
2.7773628e-001,-1.79E-02,-1.08E-01,-9.95E-01,-9.81E-01,-9.83E-01
2.7874444e-001,-2.11E-02,-1.02E-01,-9.95E-01,-9.79E-01,-9.75E-01
2.7549335e-001,-1.37E-02,-1.11E-01,-9.94E-01,-9.67E-01,-9.65E-01
4.0638920e-001,-7.97E-02,2.6222205e-002,-9.33E-01,-7.89E-01,-8.31E-01
2.8556253e-001,-1.28E-02,-9.14E-02,-9.79E-01,-9.70E-01,-9.16E-01
2.7583797e-001,-1.51E-02,-1.08E-01,-9.90E-01,-9.80E-01,-9.60E-01
2.8337791e-001,-2.24E-02,-9.17E-02,-9.91E-01,-9.59E-01,-9.57E-01
2.6806650e-001,-9.56E-03,-1.29E-01,-9.55E-01,-8.93E-01,-9.14E-01
2.7340383e-001,-1.71E-02,-1.18E-01,-9.55E-01,-8.90E-01,-9.10E-01
2.8487489e-001,-2.74E-02,-8.80E-02,-9.95E-01,-9.67E-01,-9.71E-01
2.8242599e-001,-2.04E-02,-9.74E-02,-9.96E-01,-9.88E-01,-9.82E-01
2.8370985e-001,-1.97E-02,-1.07E-01,-9.96E-01,-9.85E-01,-9.70E-01
2.7585315e-001,-1.38E-02,-1.17E-01,-9.92E-01,-9.86E-01,-9.70E-01
2.7738754e-001,-3.40E-02,-1.31E-01,-9.81E-01,-8.60E-01,-9.03E-01
2.7205699e-001,4.4084796e-003,-8.03E-02,-9.72E-01,-7.44E-01,-7.90E-01
2.7251860e-001,1.2042971e-002,-8.06E-02,-9.79E-01,-7.97E-01,-8.13E-01
2.7492413e-001,-2.69E-02,-1.48E-01,-9.94E-01,-9.55E-01,-9.84E-01
2.7586119e-001,-1.71E-02,-1.19E-01,-9.94E-01,-9.70E-01,-9.60E-01
2.8824091e-001,-2.97E-02,-8.95E-02,-9.94E-01,-9.52E-01,-9.64E-01
2.8110105e-001,-2.65E-02,-1.04E-01,-9.93E-01,-9.49E-01,-9.55E-01
2.7202595e-001,-1.33E-03,-1.25E-01,-9.92E-01,-9.13E-01,-9.72E-01
2.5117164e-001,-3.59E-02,-9.18E-02,-9.81E-01,-9.50E-01,-9.71E-01
2.7451178e-001,-2.18E-02,-8.64E-02,-9.96E-01,-9.94E-01,-9.84E-01
2.7269864e-001,-1.85E-02,-1.03E-01,-9.97E-01,-9.94E-01,-9.93E-01
2.7695584e-001,-1.71E-02,-1.08E-01,-9.99E-01,-9.97E-01,-9.93E-01
2.7647774e-001,-1.74E-02,-1.08E-01,-9.98E-01,-9.95E-01,-9.93E-01
2.8184873e-001,-1.54E-02,-1.13E-01,-9.96E-01,-9.92E-01,-9.92E-01
2.8144334e-001,-1.36E-02,-1.12E-01,-9.96E-01,-9.95E-01,-9.92E-01
2.7317459e-001,-1.63E-02,-1.04E-01,-9.97E-01,-9.90E-01,-9.97E-01
2.7660901e-001,-1.86E-02,-1.09E-01,-9.96E-01,-9.93E-01,-9.87E-01
2.8020416e-001,-1.99E-02,-1.09E-01,-9.96E-01,-9.91E-01,-9.79E-01
2.8068494e-001,-1.97E-02,-1.14E-01,-9.96E-01,-9.81E-01,-9.74E-01
2.8034280e-001,-1.60E-02,-1.16E-01,-9.97E-01,-9.82E-01,-9.81E-01
2.7816041e-001,-1.45E-02,-1.09E-01,-9.98E-01,-9.93E-01,-9.92E-01
2.7666929e-001,-1.58E-02,-1.07E-01,-9.98E-01,-9.94E-01,-9.92E-01
2.7730571e-001,-1.62E-02,-1.08E-01,-9.97E-01,-9.84E-01,-9.87E-01
2.7974204e-001,-1.75E-02,-1.15E-01,-9.98E-01,-9.81E-01,-9.85E-01
2.8142664e-001,-1.66E-02,-1.13E-01,-9.98E-01,-9.82E-01,-9.84E-01
2.7541742e-001,-1.58E-02,-1.04E-01,-9.96E-01,-9.86E-01,-9.84E-01
2.7667412e-001,-1.71E-02,-1.07E-01,-9.96E-01,-9.95E-01,-9.85E-01
2.7741453e-001,-1.70E-02,-1.04E-01,-9.97E-01,-9.97E-01,-9.84E-01
2.7275345e-001,-1.69E-02,-1.02E-01,-9.97E-01,-9.96E-01,-9.83E-01
2.7599668e-001,-1.60E-02,-1.09E-01,-9.95E-01,-9.84E-01,-9.75E-01
2.2673350e-001,-1.40E-02,-3.15E-02,-9.55E-01,-8.71E-01,-8.81E-01
2.8668370e-001,-2.94E-02,-9.61E-02,-9.89E-01,-9.71E-01,-9.40E-01
2.7813280e-001,-2.22E-02,-9.20E-02,-9.89E-01,-9.66E-01,-9.51E-01
2.7538919e-001,-1.65E-02,-9.45E-02,-9.89E-01,-9.68E-01,-9.60E-01
2.7621307e-001,-1.14E-02,-1.05E-01,-9.92E-01,-9.82E-01,-9.78E-01
2.7327735e-001,-1.58E-02,-9.88E-02,-9.94E-01,-9.83E-01,-9.85E-01
2.7692421e-001,-1.99E-02,-1.08E-01,-9.96E-01,-9.89E-01,-9.84E-01
2.8104762e-001,-1.95E-02,-1.14E-01,-9.97E-01,-9.94E-01,-9.89E-01
2.7669861e-001,-1.85E-02,-1.09E-01,-9.96E-01,-9.82E-01,-9.81E-01
2.7440303e-001,-1.52E-02,-1.02E-01,-9.97E-01,-9.81E-01,-9.80E-01
2.7933494e-001,-1.81E-02,-1.08E-01,-9.97E-01,-9.88E-01,-9.84E-01
2.7859135e-001,-1.99E-02,-1.05E-01,-9.97E-01,-9.93E-01,-9.81E-01
2.7627619e-001,-1.87E-02,-1.01E-01,-9.96E-01,-9.94E-01,-9.82E-01
2.7555940e-001,-1.96E-02,-1.03E-01,-9.96E-01,-9.95E-01,-9.84E-01
2.7466396e-001,-1.82E-02,-1.06E-01,-9.98E-01,-9.93E-01,-9.81E-01
2.8388428e-001,-9.74E-03,-1.07E-01,-9.85E-01,-9.43E-01,-9.49E-01
2.6553411e-001,5.1976356e-004,-9.19E-02,-9.35E-01,-8.94E-01,-9.57E-01
2.1117632e-001,-3.25E-03,-9.28E-02,-9.69E-01,-9.68E-01,-9.85E-01
2.1678202e-001,-7.83E-03,-9.90E-02,-9.90E-01,-9.89E-01,-9.92E-01
2.3423544e-001,-1.00E-02,-9.90E-02,-9.88E-01,-9.92E-01,-9.95E-01
2.8252739e-001,-1.93E-02,-1.11E-01,-9.80E-01,-9.73E-01,-9.88E-01
2.7252250e-001,-1.83E-02,-1.08E-01,-9.72E-01,-9.68E-01,-9.82E-01
2.3968367e-001,-9.18E-03,-9.92E-02,-9.83E-01,-9.83E-01,-9.90E-01
2.9232758e-001,-2.06E-02,-1.15E-01,-9.69E-01,-9.69E-01,-9.83E-01
2.7070450e-001,-1.69E-02,-1.11E-01,-9.56E-01,-9.59E-01,-9.77E-01
2.5947524e-001,-1.47E-02,-1.05E-01,-9.58E-01,-9.63E-01,-9.84E-01
3.0672257e-001,-2.32E-02,-1.10E-01,-9.72E-01,-9.75E-01,-9.86E-01
2.6955442e-001,-1.49E-02,-1.02E-01,-9.69E-01,-9.73E-01,-9.85E-01
2.9303988e-001,-2.24E-02,-1.13E-01,-9.63E-01,-9.62E-01,-9.77E-01
2.7809365e-001,-1.91E-02,-1.11E-01,-9.56E-01,-9.53E-01,-9.76E-01
2.3536355e-001,-9.17E-03,-1.00E-01,-9.68E-01,-9.70E-01,-9.87E-01
2.9370266e-001,-2.08E-02,-1.12E-01,-9.65E-01,-9.72E-01,-9.86E-01
2.8170638e-001,-1.75E-02,-1.10E-01,-9.65E-01,-9.69E-01,-9.86E-01
2.9191753e-001,-2.09E-02,-1.13E-01,-9.60E-01,-9.61E-01,-9.84E-01
2.8477960e-001,-1.88E-02,-1.09E-01,-9.59E-01,-9.57E-01,-9.77E-01
3.0609286e-001,-5.11E-02,-1.64E-01,-8.97E-01,-5.24E-01,-8.46E-01
3.0832808e-001,5.5018000e-003,-9.38E-02,-9.54E-01,-8.73E-01,-9.69E-01
2.2460194e-001,-9.79E-03,-9.41E-02,-9.75E-01,-9.40E-01,-9.83E-01
2.9290301e-001,-1.03E-02,-1.08E-01,-9.43E-01,-9.48E-01,-9.59E-01
3.1765866e-001,-1.88E-02,-1.12E-01,-9.56E-01,-9.67E-01,-9.60E-01
2.6885606e-001,-7.15E-03,-9.77E-02,-9.67E-01,-9.59E-01,-9.78E-01
2.8470019e-001,-9.42E-03,-1.03E-01,-9.72E-01,-9.59E-01,-9.79E-01
2.6839248e-001,-1.27E-02,-1.07E-01,-9.84E-01,-9.89E-01,-9.98E-01
2.8031220e-001,-1.86E-02,-1.11E-01,-9.80E-01,-9.77E-01,-9.97E-01
3.2335463e-001,-2.86E-02,-1.17E-01,-9.84E-01,-9.86E-01,-9.92E-01
2.6129094e-001,-9.44E-03,-1.04E-01,-9.48E-01,-9.04E-01,-9.44E-01
2.1116954e-001,3.5118055e-003,-9.13E-02,-9.58E-01,-9.16E-01,-9.45E-01
2.6842959e-001,-1.44E-02,-1.04E-01,-9.61E-01,-9.59E-01,-9.78E-01
2.7646100e-001,-1.63E-02,-1.06E-01,-9.82E-01,-9.77E-01,-9.88E-01
2.4741140e-001,-9.03E-03,-9.90E-02,-9.91E-01,-9.89E-01,-9.93E-01
2.8895680e-001,-2.18E-02,-1.14E-01,-9.67E-01,-9.62E-01,-9.83E-01
2.4935913e-001,-3.50E-02,-1.76E-01,-4.74E-01,-3.46E-01,-2.08E-01
2.3814427e-001,-2.96E-02,-1.07E-01,-3.86E-01,-3.50E-01,-9.15E-02
2.9084320e-001,-1.53E-02,-1.64E-01,-3.61E-01,-3.51E-01,-4.76E-02
2.8170417e-001,-7.72E-03,-1.71E-01,-3.50E-01,-3.25E-01,-1.04E-01
2.5177661e-001,-3.49E-02,-6.21E-02,-3.32E-01,-3.71E-01,-1.30E-01
3.1066827e-001,-7.80E-03,-7.60E-02,-3.28E-01,-3.81E-01,-1.08E-01
2.6191506e-001,-5.35E-03,-9.97E-02,-3.68E-01,-2.94E-01,-1.38E-01
2.8955288e-001,-4.87E-02,-6.81E-02,-3.94E-01,-2.91E-01,-1.40E-01
3.6710204e-001,-2.87E-02,-1.40E-01,-3.75E-01,-3.41E-01,-3.49E-02
2.3814735e-001,-1.21E-02,-1.32E-01,-3.78E-01,-3.79E-01,-5.66E-02
2.3307797e-001,-1.33E-02,-7.24E-02,-3.85E-01,-3.84E-01,-1.07E-01
3.1202003e-001,3.9666171e-003,-1.07E-01,-3.98E-01,-3.88E-01,-9.31E-02
2.1512194e-001,-4.71E-02,-1.49E-01,-4.55E-01,-3.47E-01,-2.18E-01
3.1634897e-001,-5.14E-02,-6.97E-02,-4.00E-01,-3.12E-01,-1.27E-01
3.6498286e-001,-2.78E-02,-1.19E-01,-3.80E-01,-3.32E-01,-1.16E-01
2.2783383e-001,4.6816022e-003,-1.31E-01,-3.46E-01,-3.20E-01,-1.76E-01
2.5743736e-001,-7.81E-03,-6.32E-02,-3.31E-01,-2.86E-01,-6.43E-02
3.3597200e-001,-1.14E-02,-1.13E-01,-3.64E-01,-3.23E-01,-3.61E-02
2.0855568e-001,-2.28E-02,-1.42E-01,-3.78E-01,-3.29E-01,-1.89E-01
2.6618628e-001,-2.84E-02,-1.22E-01,-3.80E-01,-3.28E-01,-1.61E-01
3.4022175e-001,-1.12E-02,-1.66E-01,-3.95E-01,-3.27E-01,-1.27E-01
1.9788464e-001,-1.43E-02,-9.94E-02,-3.94E-01,-3.35E-01,-1.01E-01
2.9326107e-001,-2.35E-02,-3.26E-02,-3.72E-01,-4.23E-01,-1.01E-01
3.5773162e-001,-6.22E-03,-1.15E-01,-4.05E-01,-4.22E-01,-1.25E-01
2.4109690e-001,-1.86E-02,-1.24E-01,-4.47E-01,-4.40E-01,-2.10E-01
3.3835299e-001,-1.51E-02,-1.13E-01,2.9992352e-001,-1.85E-01,1.0450153e-001
2.6253047e-001,2.1230462e-002,-1.53E-01,3.2692691e-001,-1.43E-01,7.3685885e-003
2.1720576e-001,-2.14E-02,-1.23E-01,2.4498830e-001,-1.30E-01,6.0327088e-002
3.3103720e-001,-2.82E-02,-1.04E-01,3.4486360e-001,-1.69E-01,9.8373148e-002
1.9731513e-001,-1.99E-02,-9.85E-02,3.9904727e-001,-2.66E-01,1.3179803e-001
3.5495200e-001,-1.67E-02,-1.39E-01,4.4092521e-001,-3.18E-01,9.9843883e-002
2.3085037e-001,-1.82E-02,-8.04E-02,4.6807866e-001,-3.46E-01,-1.69E-01
2.7116449e-001,-5.44E-02,-4.22E-02,2.4401802e-001,-1.79E-01,9.3412505e-002
3.5301026e-001,1.7133679e-002,-2.06E-01,3.3385668e-001,-2.16E-01,-3.58E-02
2.5840063e-001,-3.93E-02,-1.65E-01,3.0745079e-001,-2.64E-02,2.6063944e-001
2.5221082e-001,-1.13E-03,-1.48E-01,3.3370923e-001,8.4453785e-002,2.7544974e-001
3.2048637e-001,1.9740832e-002,-1.39E-01,3.1124600e-001,-1.32E-01,1.3377159e-001
1.3001261e-001,-4.12E-02,-2.41E-02,1.6120377e-001,-2.09E-01,8.3177561e-002
4.0172628e-001,-2.04E-02,-9.52E-02,3.6357434e-001,-1.86E-01,-3.46E-02
3.7389275e-001,6.8550970e-003,-2.18E-01,4.1593764e-001,-2.91E-01,4.7609395e-002
4.1664588e-001,-3.89E-02,-1.32E-01,4.0243193e-001,-1.91E-01,1.6162078e-001
3.6171205e-001,-2.07E-02,-1.41E-01,4.0058734e-001,-1.21E-01,-9.45E-03
8.7568143e-002,-2.90E-02,-1.36E-01,2.3203147e-001,-8.96E-03,1.5699544e-001
3.9632643e-001,-2.79E-02,-1.49E-01,3.6823801e-001,9.4550001e-003,2.0399829e-001
3.4527160e-001,-9.62E-03,-7.89E-02,3.2082480e-001,-8.58E-02,4.5269388e-002
1.2486678e-001,-5.93E-03,-1.06E-01,1.0489606e-001,-1.32E-01,-3.36E-03
4.3456771e-001,-1.63E-02,-1.39E-01,3.0427500e-001,-1.76E-01,-1.04E-01
3.6535389e-001,-2.13E-02,-1.60E-01,4.7598384e-001,-1.90E-01,-1.11E-01
9.2526775e-002,1.0090367e-001,-2.56E-01,-3.78E-01,-1.74E-01,-9.97E-02
1.9272627e-001,-8.34E-03,-1.13E-01,-3.48E-01,-1.88E-01,-8.48E-02
2.0650757e-001,-3.92E-02,-1.01E-01,-3.99E-01,-1.88E-01,-3.35E-02
2.3103896e-001,-4.44E-03,-8.25E-02,-4.43E-01,-1.97E-01,-2.13E-02
3.1098575e-001,-1.44E-02,-9.79E-02,-4.15E-01,-1.32E-01,-6.89E-02
3.3387446e-001,1.1741669e-003,-1.69E-01,-3.88E-01,-9.25E-02,-6.48E-02
2.9412692e-001,3.6441219e-002,-9.42E-02,-4.22E-01,-1.50E-01,-5.95E-02
2.4229811e-001,-1.89E-02,-2.81E-02,-3.76E-01,-1.28E-01,-7.18E-02
1.8825276e-001,7.8216468e-002,-1.56E-01,-3.61E-01,-1.42E-01,-1.24E-01
1.4317638e-001,1.6814016e-002,-8.94E-02,-3.15E-01,-2.33E-01,-1.19E-01
2.4930629e-001,-5.73E-02,-1.05E-01,-3.88E-01,-2.26E-01,-1.06E-01
2.5969449e-001,-2.10E-02,-1.25E-01,-4.39E-01,-1.54E-01,-6.65E-02
2.5424296e-001,-1.44E-02,-9.99E-02,-4.09E-01,-1.04E-01,-5.17E-02
3.0022975e-001,-4.81E-02,-1.97E-01,-3.72E-01,-1.28E-01,6.7787169e-003
3.5308502e-001,-7.14E-03,-1.84E-01,-3.85E-01,-1.14E-01,7.7604406e-002
3.8234622e-001,-1.31E-02,-5.25E-02,-4.25E-01,-1.66E-01,5.0676043e-003
1.8141447e-001,5.4531438e-002,-1.43E-01,-3.37E-01,-8.29E-02,-3.89E-02
3.4798176e-001,-7.13E-04,-1.46E-01,-3.33E-01,-5.13E-02,1.0300353e-001
3.2834862e-001,-4.61E-02,-2.23E-01,-3.70E-01,-6.13E-02,1.4996258e-001
2.7885416e-001,-3.98E-02,-1.31E-01,-3.99E-01,-1.84E-01,1.2585823e-002
2.4743725e-001,-2.06E-02,-5.31E-02,-3.83E-01,-2.21E-01,-5.35E-02
2.3014857e-001,-2.93E-02,-6.92E-02,-3.56E-01,-2.02E-01,-1.82E-02
2.0795053e-001,1.8256302e-003,-9.27E-02,-3.28E-01,-1.94E-01,-5.55E-02
2.4743007e-001,-3.52E-03,-1.01E-01,-3.47E-01,-1.98E-01,-9.99E-02
2.7183106e-001,-2.12E-02,-1.61E-01,-9.77E-01,-9.12E-01,-8.60E-01
2.6256477e-001,-3.90E-02,-1.20E-01,-9.90E-01,-9.75E-01,-9.64E-01
2.6207188e-001,-1.91E-02,-1.35E-01,-9.90E-01,-9.56E-01,-9.80E-01
2.8641455e-001,8.2524978e-004,-1.06E-01,-9.91E-01,-9.68E-01,-9.64E-01
2.8688001e-001,-4.99E-03,-9.48E-02,-9.92E-01,-9.57E-01,-9.78E-01
2.6686273e-001,-2.95E-02,-1.22E-01,-9.93E-01,-9.56E-01,-9.71E-01
2.6909454e-001,-2.43E-02,-1.20E-01,-9.92E-01,-9.48E-01,-9.64E-01
2.8704650e-001,-9.46E-03,-9.57E-02,-9.95E-01,-9.84E-01,-9.78E-01
2.7944885e-001,-2.02E-02,-1.06E-01,-9.93E-01,-9.75E-01,-9.78E-01
2.6952937e-001,-2.29E-02,-1.17E-01,-9.98E-01,-9.85E-01,-9.95E-01
2.7832940e-001,-1.46E-02,-1.09E-01,-9.96E-01,-9.87E-01,-9.91E-01
2.7878740e-001,-1.56E-02,-1.09E-01,-9.95E-01,-9.83E-01,-9.86E-01
2.7270827e-001,-1.70E-02,-1.16E-01,-9.96E-01,-9.84E-01,-9.87E-01
2.7194436e-001,-2.10E-02,-1.15E-01,-9.96E-01,-9.80E-01,-9.88E-01
2.7821092e-001,-2.09E-02,-1.03E-01,-9.97E-01,-9.80E-01,-9.89E-01
2.8462148e-001,-1.26E-02,-9.87E-02,-9.98E-01,-9.91E-01,-9.93E-01
2.8281792e-001,-1.17E-02,-1.04E-01,-9.99E-01,-9.93E-01,-9.94E-01
2.7530328e-001,-1.70E-02,-1.06E-01,-9.97E-01,-9.87E-01,-9.95E-01
2.7664734e-001,-1.76E-02,-1.07E-01,-9.96E-01,-9.90E-01,-9.97E-01
2.8242756e-001,-1.41E-02,-1.05E-01,-9.97E-01,-9.94E-01,-9.96E-01
2.7756343e-001,-1.73E-02,-1.08E-01,-9.96E-01,-9.91E-01,-9.93E-01
2.7262058e-001,-2.13E-02,-1.17E-01,-9.97E-01,-9.89E-01,-9.91E-01
2.7090186e-001,-2.18E-02,-1.21E-01,-9.98E-01,-9.89E-01,-9.92E-01
2.7614989e-001,-1.77E-02,-1.11E-01,-9.98E-01,-9.88E-01,-9.86E-01
2.8395398e-001,-1.27E-02,-9.56E-02,-9.98E-01,-9.92E-01,-9.89E-01
2.8090759e-001,-1.47E-02,-1.03E-01,-9.98E-01,-9.93E-01,-9.83E-01
2.7657390e-001,-1.71E-02,-1.15E-01,-9.99E-01,-9.93E-01,-9.97E-01
2.7601130e-001,-1.78E-02,-1.09E-01,-9.99E-01,-9.94E-01,-9.95E-01
2.6968843e-001,-2.44E-02,-1.22E-01,-9.97E-01,-9.88E-01,-9.71E-01
3.1017977e-001,-2.04E-03,-8.81E-02,-9.22E-01,-8.50E-01,-9.10E-01
2.6856146e-001,-1.33E-02,-1.09E-01,-9.83E-01,-9.71E-01,-9.80E-01
2.8236993e-001,-1.68E-02,-1.06E-01,-9.93E-01,-9.59E-01,-9.86E-01
2.6824726e-001,-3.53E-02,-1.13E-01,-9.96E-01,-9.68E-01,-9.94E-01
2.7887240e-001,-2.53E-02,-9.98E-02,-9.93E-01,-9.51E-01,-9.89E-01
2.8698726e-001,-9.43E-03,-9.85E-02,-9.97E-01,-9.82E-01,-9.87E-01
2.6928441e-001,-1.91E-02,-1.19E-01,-9.94E-01,-9.71E-01,-9.81E-01
2.7046159e-001,-2.03E-02,-1.14E-01,-9.92E-01,-9.74E-01,-9.75E-01
2.8499316e-001,-1.18E-02,-1.04E-01,-9.96E-01,-9.81E-01,-9.85E-01
2.7843243e-001,-1.76E-02,-1.11E-01,-9.96E-01,-9.82E-01,-9.90E-01
2.7293064e-001,-1.43E-02,-1.16E-01,-9.97E-01,-9.75E-01,-9.91E-01
2.7037108e-001,-1.09E-02,-1.21E-01,-9.96E-01,-9.80E-01,-9.90E-01
2.7357887e-001,-1.93E-02,-1.11E-01,-9.95E-01,-9.86E-01,-9.82E-01
2.8801412e-001,-1.51E-02,-9.40E-02,-9.96E-01,-9.81E-01,-9.89E-01
3.3546174e-001,1.3913040e-001,-4.62E-02,-9.42E-01,-6.30E-01,-7.63E-01
2.6539595e-001,-2.59E-03,-1.37E-01,-9.96E-01,-8.35E-01,-9.82E-01
2.7487260e-001,-2.50E-02,-1.13E-01,-9.98E-01,-9.64E-01,-9.68E-01
2.7796537e-001,-1.34E-02,-1.00E-01,-9.98E-01,-9.95E-01,-9.86E-01
2.7670922e-001,-1.76E-02,-1.15E-01,-9.98E-01,-9.93E-01,-9.88E-01
2.7787759e-001,-1.85E-02,-1.11E-01,-9.98E-01,-9.92E-01,-9.82E-01
2.7872966e-001,-1.52E-02,-1.02E-01,-9.98E-01,-9.92E-01,-9.92E-01
2.7870750e-001,-1.73E-02,-1.14E-01,-9.98E-01,-9.92E-01,-9.90E-01
2.7686378e-001,-2.01E-02,-1.18E-01,-9.98E-01,-9.94E-01,-9.89E-01
2.7634511e-001,-1.60E-02,-1.04E-01,-9.98E-01,-9.92E-01,-9.84E-01
2.7810087e-001,-1.45E-02,-9.91E-02,-9.99E-01,-9.97E-01,-9.90E-01
2.7792363e-001,-1.71E-02,-1.09E-01,-9.98E-01,-9.97E-01,-9.90E-01
2.7474132e-001,-1.84E-02,-1.18E-01,-9.97E-01,-9.96E-01,-9.95E-01
2.7634499e-001,-1.83E-02,-1.11E-01,-9.97E-01,-9.97E-01,-9.85E-01
2.8026311e-001,-1.56E-02,-1.01E-01,-9.97E-01,-9.97E-01,-9.91E-01
2.7848881e-001,-1.70E-02,-1.09E-01,-9.97E-01,-9.94E-01,-9.90E-01
2.7439962e-001,2.5311941e-003,-1.39E-01,-9.74E-01,-7.94E-01,-9.60E-01
2.6060306e-001,-3.07E-02,-1.48E-01,-9.91E-01,-9.73E-01,-9.69E-01
2.4512534e-001,-2.17E-02,-1.64E-01,-9.93E-01,-9.93E-01,-9.75E-01
2.5607731e-001,-1.40E-02,-1.41E-01,-9.89E-01,-9.61E-01,-9.39E-01
2.6319093e-001,-1.85E-02,-1.32E-01,-9.91E-01,-9.28E-01,-9.35E-01
2.6234352e-001,-3.20E-02,-1.34E-01,-9.93E-01,-9.46E-01,-9.59E-01
2.7363139e-001,-2.25E-02,-1.15E-01,-9.96E-01,-9.67E-01,-9.83E-01
2.8028576e-001,-1.32E-02,-1.04E-01,-9.98E-01,-9.95E-01,-9.95E-01
2.7819710e-001,-1.81E-02,-1.07E-01,-9.97E-01,-9.94E-01,-9.95E-01
2.7484950e-001,-1.97E-02,-1.14E-01,-9.97E-01,-9.95E-01,-9.92E-01
2.7852188e-001,-1.47E-02,-1.06E-01,-9.97E-01,-9.92E-01,-9.84E-01
2.8415530e-001,-1.29E-02,-9.75E-02,-9.99E-01,-9.91E-01,-9.95E-01
2.7981969e-001,-1.61E-02,-1.03E-01,-9.98E-01,-9.90E-01,-9.94E-01
2.7893340e-001,-1.52E-02,-1.07E-01,-9.98E-01,-9.92E-01,-9.93E-01
2.7823753e-001,-1.78E-02,-1.10E-01,-9.97E-01,-9.89E-01,-9.93E-01
2.7655041e-001,-2.00E-02,-1.12E-01,-9.97E-01,-9.89E-01,-9.95E-01
2.8027377e-001,-1.26E-02,-1.07E-01,-9.99E-01,-9.84E-01,-9.93E-01
3.2052263e-001,-2.89E-02,-8.84E-02,-8.08E-01,-6.60E-01,-6.66E-01
1.7892621e-001,-5.81E-02,-3.86E-02,-9.29E-01,-8.46E-01,-8.41E-01
2.7752651e-001,-1.61E-02,-1.13E-01,-9.76E-01,-9.40E-01,-9.39E-01
2.6679176e-001,-2.78E-02,-9.54E-02,-9.86E-01,-9.58E-01,-9.71E-01
2.6214922e-001,-2.91E-02,-9.55E-02,-9.91E-01,-9.74E-01,-9.82E-01
2.7995030e-001,-1.77E-02,-1.10E-01,-9.94E-01,-9.91E-01,-9.90E-01
2.9697882e-001,-1.57E-03,-1.26E-01,-9.91E-01,-9.63E-01,-9.80E-01
2.9102219e-001,1.2197956e-002,-1.39E-01,-9.89E-01,-9.93E-01,-9.93E-01
2.6924752e-001,1.0703111e-002,-1.33E-01,-9.94E-01,-9.91E-01,-9.90E-01
2.6842141e-001,-1.29E-02,-1.12E-01,-9.95E-01,-9.32E-01,-9.65E-01
2.7090984e-001,-4.19E-02,-8.35E-02,-9.94E-01,-9.70E-01,-9.73E-01
2.5876490e-001,-4.69E-02,-7.50E-02,-9.93E-01,-9.94E-01,-9.85E-01
2.4962096e-001,-3.92E-02,-8.41E-02,-9.96E-01,-9.82E-01,-9.83E-01
2.9672052e-001,-4.63E-03,-1.26E-01,-9.56E-01,-8.84E-01,-9.17E-01
2.0682822e-001,-3.37E-02,-7.79E-02,-8.23E-01,-8.16E-01,-8.64E-01
1.6453599e-001,3.7119046e-003,-1.12E-01,-8.73E-01,-8.71E-01,-8.80E-01
3.0477844e-001,-1.47E-02,-1.10E-01,-9.62E-01,-8.98E-01,-9.32E-01
2.9552479e-001,-4.59E-02,-7.77E-02,-9.89E-01,-9.45E-01,-9.71E-01
2.8028650e-001,-4.05E-02,-8.47E-02,-9.95E-01,-9.45E-01,-9.65E-01
2.8461631e-001,-1.07E-02,-1.15E-01,-9.95E-01,-9.65E-01,-9.81E-01
2.6982297e-001,8.5295640e-003,-1.35E-01,-9.89E-01,-9.71E-01,-9.81E-01
2.6226494e-001,-2.55E-03,-1.23E-01,-9.89E-01,-9.41E-01,-9.65E-01
2.8582846e-001,-3.38E-02,-8.88E-02,-9.88E-01,-9.61E-01,-9.76E-01
2.8616741e-001,-3.98E-02,-8.32E-02,-9.92E-01,-9.86E-01,-9.88E-01
2.7740420e-001,-2.31E-02,-1.06E-01,-9.96E-01,-9.65E-01,-9.80E-01
2.7435273e-001,4.7897292e-003,-1.32E-01,-9.94E-01,-9.49E-01,-9.84E-01
2.6324942e-001,5.8298081e-003,-1.28E-01,-9.92E-01,-9.49E-01,-9.76E-01
2.7690140e-001,-2.92E-02,-9.42E-02,-9.89E-01,-9.40E-01,-9.74E-01
2.8686495e-001,-4.14E-02,-8.44E-02,-9.93E-01,-9.80E-01,-9.89E-01
2.8123266e-001,-2.34E-02,-1.02E-01,-9.94E-01,-9.64E-01,-9.84E-01
2.7877798e-001,1.2779139e-003,-1.30E-01,-9.94E-01,-9.58E-01,-9.76E-01
2.7237955e-001,-4.40E-04,-1.24E-01,-9.93E-01,-9.49E-01,-9.64E-01
2.8043457e-001,-2.91E-02,-9.16E-02,-9.92E-01,-9.55E-01,-9.77E-01
2.8129976e-001,-3.79E-02,-8.85E-02,-9.93E-01,-9.89E-01,-9.88E-01
2.7399971e-001,-6.87E-03,-1.21E-01,-9.81E-01,-8.79E-01,-9.26E-01
2.6925765e-001,-5.36E-02,-1.12E-01,-4.88E-01,-8.97E-02,-3.32E-01
2.9154648e-001,-2.66E-02,-8.35E-02,-4.33E-01,-9.99E-03,-2.88E-01
2.9579362e-001,-1.17E-02,-1.28E-01,-3.41E-01,-5.02E-02,-2.51E-01
2.7122110e-001,-1.52E-02,-1.22E-01,-3.34E-01,-6.66E-02,-2.06E-01
2.8076701e-001,-1.21E-02,-7.32E-02,-3.56E-01,-1.03E-01,-2.52E-01
2.6574925e-001,-1.53E-03,-1.14E-01,-3.66E-01,-2.24E-02,-2.18E-01
2.5377224e-001,-2.05E-02,-1.19E-01,-4.11E-01,6.8056620e-002,-1.47E-01
2.6777081e-001,-3.13E-02,-9.43E-02,-3.84E-01,6.9387743e-002,-1.88E-01
2.6968282e-001,-8.73E-03,-1.09E-01,-3.72E-01,9.1313515e-002,-2.41E-01
2.9586762e-001,-1.01E-03,-1.12E-01,-3.77E-01,1.2184572e-002,-2.25E-01
2.8264906e-001,-1.11E-02,-8.48E-02,-3.68E-01,-4.05E-02,-2.21E-01
2.6060692e-001,-2.30E-02,-9.08E-02,-3.90E-01,-1.60E-02,-2.00E-01
2.6326356e-001,-4.05E-03,-1.04E-01,-3.58E-01,9.5636647e-004,-2.08E-01
2.6988257e-001,-6.65E-03,-1.27E-01,-3.27E-01,-3.87E-04,-2.13E-01
3.0096073e-001,-1.94E-02,-1.17E-01,-3.66E-01,4.0673694e-002,-1.72E-01
2.8415899e-001,-1.39E-02,-1.10E-01,-3.83E-01,2.5556726e-002,-1.59E-01
2.6564055e-001,-1.43E-02,-1.23E-01,-4.10E-01,-3.72E-02,-1.80E-01
2.6752948e-001,-5.27E-02,-1.13E-01,-4.44E-01,-5.64E-02,-2.23E-01
2.9571522e-001,-2.43E-02,-1.19E-01,-4.07E-01,-2.89E-02,-1.80E-01
2.8309984e-001,-2.55E-02,-1.11E-01,-3.74E-01,-9.96E-02,-2.03E-01
2.0726805e-001,-1.70E-02,-9.38E-02,-3.25E-01,-1.24E-01,-2.17E-01
2.0487602e-001,-1.57E-02,-9.01E-02,-3.35E-01,-9.77E-02,-2.19E-01
2.4069416e-001,-3.14E-02,-1.06E-01,-3.26E-01,-6.63E-02,-1.99E-01
2.7045078e-001,-1.39E-02,-1.00E-01,-3.09E-01,-1.73E-02,-1.61E-01
3.3290593e-001,-8.71E-03,-6.02E-02,-3.13E-01,-6.83E-02,-1.69E-01
3.5443119e-001,-1.91E-02,-9.01E-02,-3.01E-01,-7.78E-02,-1.81E-01
3.3248969e-001,-1.99E-02,-1.27E-01,-2.94E-01,-5.87E-02,-1.84E-01
2.8269637e-001,-2.66E-02,-1.22E-01,-2.90E-01,-8.25E-02,-1.94E-01
2.6099022e-001,-3.24E-02,-1.28E-01,-3.08E-01,-1.49E-02,-2.19E-01
2.5667789e-001,-2.31E-02,-9.21E-02,-3.29E-01,-1.59E-02,-2.10E-01
2.2297667e-001,-1.65E-02,-9.51E-02,-3.24E-01,-2.35E-02,-2.07E-01
2.2566514e-001,-2.12E-02,-1.19E-01,-3.39E-01,3.2706125e-002,-2.04E-01
2.8716589e-001,-1.41E-02,-1.04E-01,2.3500301e-002,-3.56E-01,-2.28E-01
2.1770611e-001,4.3440981e-003,-1.34E-01,7.7804144e-003,-3.14E-01,-2.24E-01
3.1788776e-001,-1.65E-02,-1.92E-01,-3.82E-02,-2.52E-01,-1.85E-01
2.1509384e-001,-1.13E-02,4.3011242e-003,9.3369874e-002,-3.35E-01,-1.70E-01
2.4053300e-001,-1.51E-02,-7.80E-02,-5.11E-02,-1.78E-01,-8.31E-02
2.3442545e-001,-3.60E-02,-8.24E-02,-3.80E-02,-1.94E-01,-1.45E-01
2.3113982e-001,-1.90E-02,-4.76E-02,1.0849802e-001,-3.35E-01,-2.18E-01
3.9069374e-001,-1.31E-02,-1.41E-01,2.0365614e-001,-2.61E-01,-7.72E-02
3.5158940e-002,-3.18E-02,-1.30E-01,-4.77E-02,-2.75E-01,-1.59E-01
1.6573909e-001,-4.21E-02,-7.17E-02,-1.10E-01,-2.37E-01,-1.51E-01
3.0804423e-001,-8.17E-02,-1.00E-01,-1.59E-01,-3.76E-02,-1.74E-01
4.1033076e-001,-3.34E-02,-1.47E-01,-5.07E-02,-3.49E-02,-1.22E-01
3.0306673e-001,-2.80E-02,-1.83E-01,-3.77E-02,-7.79E-02,-4.34E-02
2.3405819e-001,-1.06E-02,-1.47E-01,-1.36E-01,-9.14E-02,-7.12E-02
1.9911776e-001,4.1222803e-002,-1.20E-01,-1.81E-01,-2.60E-01,-1.13E-01
1.7210322e-001,3.9437219e-003,-7.41E-02,-1.51E-01,-1.26E-01,-7.57E-02
4.9434370e-001,3.0076481e-003,-6.91E-02,3.0952413e-001,-2.17E-01,7.4693199e-003
3.8112810e-001,-4.57E-02,-1.20E-01,3.1737674e-001,-2.36E-01,-1.31E-01
1.4288778e-001,-1.34E-02,-1.62E-01,1.1989047e-001,-3.24E-01,-1.52E-02
3.0840432e-001,-1.43E-02,-1.29E-01,9.8199924e-002,-2.54E-01,4.4067324e-002
2.7499351e-001,1.5225455e-002,-5.89E-02,1.2150154e-001,-1.54E-01,-2.08E-02
3.3202209e-001,-3.83E-02,-1.12E-01,1.9498452e-001,-1.56E-01,3.7937928e-003
2.4623571e-001,-4.70E-02,-3.97E-02,2.0788621e-001,-2.07E-01,-7.19E-02
2.8145589e-001,1.5358187e-002,-5.43E-02,1.5169478e-001,-2.95E-01,-1.21E-02
1.5401592e-002,-8.99E-02,-2.55E-01,1.7590435e-003,-1.40E-01,3.5718897e-002
1.3462299e-001,-2.54E-02,-9.42E-02,-1.94E-02,-2.01E-01,-1.99E-02
4.8018027e-001,-5.12E-02,-8.65E-02,8.9403692e-002,-2.08E-02,-7.51E-02
3.2749528e-001,-5.78E-02,-1.78E-01,7.1034522e-002,1.3069545e-002,-6.13E-02
1.8136941e-001,-2.61E-02,-1.69E-01,-2.09E-02,-1.09E-01,-1.11E-01
1.7390644e-001,-1.70E-02,-1.04E-01,-8.90E-02,-8.80E-02,-1.38E-01
2.8081074e-001,3.6403716e-002,-8.00E-02,-1.94E-01,-2.16E-01,-1.54E-01
3.9526945e-001,1.5054179e-002,-1.25E-01,-1.97E-01,-2.49E-01,-8.04E-02
3.3743913e-001,-2.10E-02,4.3105323e-002,3.6900727e-001,-7.34E-02,1.8065771e-001
2.7352869e-001,1.0415594e-002,-1.71E-01,3.7044727e-001,6.2008543e-002,7.8725246e-002
3.1700695e-001,-2.77E-03,-1.30E-01,2.5162556e-001,6.7103486e-002,9.5576587e-002
3.2575358e-001,-1.55E-02,-7.66E-02,2.2808773e-001,-1.30E-01,1.7428707e-001
3.1472899e-001,-1.60E-02,-9.64E-02,2.0494406e-001,-7.62E-02,1.1257971e-001
2.5324273e-001,-3.75E-02,-1.09E-01,3.2709500e-001,4.5460684e-002,4.6392431e-002
2.3725209e-001,-1.58E-02,-2.63E-02,3.5114218e-001,-3.59E-03,-1.00E-02
2.1011624e-001,-7.36E-02,-2.37E-01,1.3498455e-002,-1.01E-02,-4.02E-03
3.3323510e-001,-8.26E-02,-2.00E-01,-5.15E-02,-6.91E-03,2.1439774e-003
1.8136680e-001,-4.69E-02,-8.60E-02,-3.62E-02,6.4562438e-002,-7.52E-04
2.3545050e-001,1.2177967e-002,-3.05E-02,-5.21E-02,-1.39E-02,-4.55E-02
4.0875930e-001,-2.49E-02,-9.14E-02,1.2606520e-002,5.8652402e-002,-3.80E-02
3.1394817e-001,-4.06E-02,-1.45E-01,2.5929982e-002,2.8228053e-002,-2.99E-02
2.0715934e-001,3.8422157e-002,-1.07E-01,-8.58E-02,-1.85E-01,-8.50E-02
2.1733063e-001,6.3986855e-002,-5.19E-02,-1.30E-01,-1.55E-01,-4.52E-02
2.7986105e-001,-9.67E-03,-9.95E-02,-9.52E-01,-8.78E-01,-8.58E-01
2.6744227e-001,-3.72E-02,-1.13E-01,-9.73E-01,-8.78E-01,-8.49E-01
2.6779951e-001,-3.10E-02,-1.55E-01,-9.82E-01,-9.19E-01,-9.27E-01
2.8000410e-001,-1.19E-02,-1.06E-01,-9.96E-01,-9.60E-01,-9.47E-01
2.7636241e-001,-1.98E-02,-1.05E-01,-9.97E-01,-9.75E-01,-9.72E-01
2.7825441e-001,-1.85E-02,-1.15E-01,-9.97E-01,-9.86E-01,-9.87E-01
2.8364285e-001,-9.66E-03,-9.30E-02,-9.98E-01,-9.94E-01,-9.76E-01
2.7589216e-001,-1.58E-02,-1.03E-01,-9.95E-01,-9.71E-01,-9.58E-01
2.6865532e-001,-2.45E-02,-1.23E-01,-9.97E-01,-9.78E-01,-9.74E-01
2.7210000e-001,-2.67E-02,-9.93E-02,-9.97E-01,-9.83E-01,-9.71E-01
2.7640770e-001,-2.43E-02,-1.01E-01,-9.96E-01,-9.73E-01,-9.77E-01
2.8166327e-001,-1.38E-02,-1.13E-01,-9.95E-01,-9.72E-01,-9.93E-01
2.7835012e-001,-1.43E-02,-1.14E-01,-9.96E-01,-9.81E-01,-9.90E-01
2.7528464e-001,-2.00E-02,-1.12E-01,-9.98E-01,-9.93E-01,-9.88E-01
2.7783083e-001,-1.65E-02,-1.09E-01,-9.98E-01,-9.91E-01,-9.92E-01
2.7563753e-001,-1.52E-02,-1.22E-01,-9.98E-01,-9.91E-01,-9.89E-01
2.7398645e-001,-2.01E-02,-1.21E-01,-9.98E-01,-9.88E-01,-9.86E-01
4.4353687e-001,7.0352177e-002,-4.30E-04,-8.31E-01,-4.96E-01,-5.69E-01
2.4252096e-001,-4.40E-02,-1.58E-01,-9.83E-01,-9.56E-01,-9.43E-01
2.6809455e-001,-2.81E-02,-1.19E-01,-9.94E-01,-9.88E-01,-9.80E-01
2.6889989e-001,-2.61E-02,-1.36E-01,-9.96E-01,-9.86E-01,-9.62E-01
2.6549057e-001,-2.49E-02,-1.45E-01,-9.97E-01,-9.85E-01,-9.79E-01
2.7091924e-001,-2.34E-02,-1.19E-01,-9.98E-01,-9.91E-01,-9.85E-01
2.7803836e-001,-1.90E-02,-1.07E-01,-9.98E-01,-9.84E-01,-9.84E-01
2.7838680e-001,-1.52E-02,-1.17E-01,-9.97E-01,-9.89E-01,-9.79E-01
2.7475377e-001,-1.75E-02,-1.20E-01,-9.97E-01,-9.87E-01,-9.85E-01
2.8053590e-001,-1.28E-02,-1.06E-01,-9.96E-01,-9.83E-01,-9.86E-01
2.8072811e-001,-1.42E-02,-1.05E-01,-9.96E-01,-9.79E-01,-9.83E-01
2.6493582e-001,-3.01E-02,-1.28E-01,-9.95E-01,-9.71E-01,-9.73E-01
2.5783559e-001,-3.40E-02,-1.35E-01,-9.97E-01,-9.84E-01,-9.84E-01
2.7160796e-001,-2.09E-02,-1.08E-01,-9.94E-01,-9.79E-01,-9.74E-01
2.8528044e-001,-9.90E-03,-1.05E-01,-9.97E-01,-9.85E-01,-9.78E-01
2.8475250e-001,-7.62E-03,-1.18E-01,-9.98E-01,-9.85E-01,-9.88E-01
2.8272055e-001,-1.12E-02,-1.08E-01,-9.98E-01,-9.84E-01,-9.79E-01
2.8010523e-001,-1.35E-02,-9.60E-02,-9.84E-01,-9.80E-01,-9.73E-01
2.7016716e-001,7.8199866e-002,-8.06E-02,-9.76E-01,-6.27E-01,-7.61E-01
2.8567320e-001,-2.26E-02,-1.51E-01,-9.95E-01,-9.59E-01,-9.30E-01
2.7493385e-001,-1.68E-02,-1.06E-01,-9.98E-01,-9.81E-01,-9.77E-01
2.7918630e-001,-2.55E-02,-1.25E-01,-9.94E-01,-9.57E-01,-9.54E-01
2.8614275e-001,-3.62E-02,-1.30E-01,-9.94E-01,-9.63E-01,-9.48E-01
2.7517923e-001,-6.12E-03,-9.60E-02,-9.91E-01,-9.15E-01,-9.49E-01
2.6812833e-001,6.5512976e-003,-1.02E-01,-9.94E-01,-9.55E-01,-9.58E-01
2.8003963e-001,-1.83E-02,-1.31E-01,-9.98E-01,-9.71E-01,-9.90E-01
2.8255879e-001,-2.36E-02,-1.29E-01,-9.98E-01,-9.88E-01,-9.83E-01
2.7711631e-001,-1.48E-02,-1.07E-01,-9.97E-01,-9.89E-01,-9.83E-01
2.7425291e-001,-1.24E-02,-9.81E-02,-9.98E-01,-9.95E-01,-9.93E-01
2.7877980e-001,-1.74E-02,-1.12E-01,-9.98E-01,-9.91E-01,-9.88E-01
2.8127327e-001,-2.26E-02,-1.28E-01,-9.98E-01,-9.91E-01,-9.86E-01
2.7696530e-001,-1.93E-02,-1.18E-01,-9.99E-01,-9.88E-01,-9.71E-01
2.7605083e-001,-1.37E-02,-9.57E-02,-9.99E-01,-9.94E-01,-9.88E-01
2.7482500e-001,-1.37E-02,-9.33E-02,-9.97E-01,-9.93E-01,-9.96E-01
3.2261649e-001,-1.20E-01,-1.85E-01,-9.39E-01,-8.00E-01,-5.79E-01
2.6211696e-001,-2.81E-02,-1.04E-01,-9.93E-01,-8.83E-01,-9.07E-01
2.7506210e-001,-2.56E-03,-1.45E-01,-9.96E-01,-9.74E-01,-9.93E-01
2.7691538e-001,-9.24E-03,-1.20E-01,-9.97E-01,-9.79E-01,-9.68E-01
2.8149018e-001,-6.41E-03,-9.16E-02,-9.99E-01,-9.84E-01,-9.82E-01
2.8122335e-001,-1.29E-02,-1.01E-01,-9.99E-01,-9.75E-01,-9.74E-01
2.7300065e-001,-2.60E-02,-1.30E-01,-9.98E-01,-9.86E-01,-9.79E-01
2.7479939e-001,-1.82E-02,-1.14E-01,-9.96E-01,-9.66E-01,-9.56E-01
2.8237003e-001,-5.67E-03,-8.73E-02,-9.98E-01,-9.85E-01,-9.88E-01
2.8060678e-001,-1.23E-02,-9.66E-02,-9.98E-01,-9.82E-01,-9.88E-01
2.7464922e-001,-2.22E-02,-1.20E-01,-9.97E-01,-9.93E-01,-9.80E-01
2.7382477e-001,-2.22E-02,-1.24E-01,-9.97E-01,-9.93E-01,-9.86E-01
2.7916702e-001,-1.52E-02,-1.07E-01,-9.97E-01,-9.91E-01,-9.89E-01
2.8241351e-001,-9.78E-03,-9.51E-02,-1.00E+00,-9.95E-01,-9.89E-01
2.7933401e-001,-1.28E-02,-1.03E-01,-1.00E+00,-9.89E-01,-9.81E-01
5.3574526e-002,9.3769094e-002,-1.90E-01,-6.68E-01,-2.82E-01,-7.64E-01
3.8824497e-001,-2.79E-02,-1.50E-01,-9.04E-01,-7.79E-01,-8.03E-01
2.7714428e-001,-8.61E-03,-1.19E-01,-9.14E-01,-8.36E-01,-7.97E-01
2.4238965e-001,-2.07E-02,-7.96E-02,-9.71E-01,-9.49E-01,-9.41E-01
2.5913029e-001,-1.65E-02,-1.08E-01,-9.86E-01,-9.74E-01,-9.68E-01
2.7184364e-001,-1.02E-02,-1.24E-01,-9.90E-01,-9.84E-01,-9.80E-01
2.7334153e-001,-1.65E-02,-1.06E-01,-9.91E-01,-9.72E-01,-9.64E-01
2.6235586e-001,-2.36E-02,-8.80E-02,-9.95E-01,-9.89E-01,-9.84E-01
2.7430088e-001,-1.80E-02,-1.06E-01,-9.94E-01,-9.92E-01,-9.79E-01
2.9107396e-001,-1.05E-02,-1.28E-01,-9.96E-01,-9.90E-01,-9.84E-01
2.8594478e-001,-9.38E-03,-1.28E-01,-9.92E-01,-9.86E-01,-9.75E-01
2.5948091e-001,-2.18E-02,-9.70E-02,-9.91E-01,-9.76E-01,-9.65E-01
2.6213538e-001,-2.39E-02,-8.88E-02,-9.91E-01,-9.84E-01,-9.84E-01
2.8898134e-001,-1.09E-02,-1.22E-01,-9.93E-01,-9.86E-01,-9.70E-01
2.8108337e-001,-1.39E-02,-1.15E-01,-9.89E-01,-9.74E-01,-9.55E-01
3.4088775e-001,-9.24E-03,-1.28E-01,-8.36E-01,-9.26E-01,-8.50E-01
1.6646184e-001,-2.80E-02,-5.43E-02,-9.46E-01,-9.40E-01,-9.42E-01
2.3377011e-001,-2.93E-02,-7.75E-02,-9.67E-01,-9.60E-01,-9.53E-01
2.6507852e-001,-1.85E-02,-1.04E-01,-9.94E-01,-9.92E-01,-9.91E-01
2.7734106e-001,-1.31E-02,-1.15E-01,-9.94E-01,-9.95E-01,-9.86E-01
2.7893483e-001,-1.31E-02,-1.15E-01,-9.95E-01,-9.91E-01,-9.74E-01
2.6882726e-001,-2.03E-02,-9.65E-02,-9.95E-01,-9.87E-01,-9.70E-01
2.7553642e-001,-1.88E-02,-1.05E-01,-9.93E-01,-9.85E-01,-9.66E-01
2.7996743e-001,-1.33E-02,-1.21E-01,-9.93E-01,-9.88E-01,-9.76E-01
2.6927465e-001,-1.91E-02,-1.02E-01,-9.93E-01,-9.84E-01,-9.72E-01
2.7891706e-001,-1.62E-02,-1.09E-01,-9.92E-01,-9.81E-01,-9.69E-01
2.9498585e-001,-9.30E-03,-1.31E-01,-9.94E-01,-9.87E-01,-9.80E-01
2.7573948e-001,-2.00E-02,-1.03E-01,-9.87E-01,-9.72E-01,-9.52E-01
2.6223937e-001,-2.50E-02,-8.40E-02,-9.94E-01,-9.89E-01,-9.85E-01
2.8088898e-001,-1.46E-02,-1.14E-01,-9.93E-01,-9.88E-01,-9.72E-01
2.9821110e-001,-6.70E-03,-1.37E-01,-9.94E-01,-9.93E-01,-9.88E-01
2.9816433e-001,-8.37E-03,-1.30E-01,-9.95E-01,-9.86E-01,-9.77E-01
2.6530158e-001,-2.15E-02,-9.05E-02,-9.86E-01,-9.76E-01,-9.55E-01
2.4772669e-001,-2.83E-02,-7.85E-02,-9.93E-01,-9.93E-01,-9.78E-01
2.6716620e-001,-2.27E-02,-9.94E-02,-9.92E-01,-9.88E-01,-9.87E-01
2.8283645e-001,-1.13E-02,-1.24E-01,-9.89E-01,-9.71E-01,-9.66E-01
2.3999177e-001,-1.31E-02,-1.36E-01,-3.59E-01,3.1336576e-002,-3.85E-01
2.8901228e-001,-7.09E-03,-1.22E-01,-3.07E-01,7.4440300e-002,-3.22E-01
3.0274825e-001,-1.89E-02,-1.30E-01,-2.95E-01,6.1636117e-002,-3.18E-01
2.7589673e-001,-4.11E-02,-1.26E-01,-2.89E-01,-3.96E-03,-3.40E-01
2.5468956e-001,-3.69E-02,-1.22E-01,-2.98E-01,-2.88E-02,-3.56E-01
3.0269794e-001,-2.81E-02,-1.22E-01,-2.80E-01,-2.20E-03,-3.80E-01
3.1765310e-001,-1.52E-02,-1.28E-01,-2.76E-01,-4.21E-02,-3.57E-01
2.7253218e-001,-2.73E-02,-1.33E-01,-3.18E-01,-6.69E-02,-3.54E-01
2.5110837e-001,-1.04E-02,-7.09E-02,-3.28E-01,-4.73E-02,-3.95E-01
2.3655930e-001,-1.20E-02,-9.76E-02,-3.26E-01,-6.31E-02,-3.75E-01
2.4395723e-001,2.7397577e-003,-8.93E-02,-3.13E-01,-2.56E-02,-3.51E-01
2.3995369e-001,-1.48E-02,-5.36E-02,-3.05E-01,1.9941370e-002,-2.95E-01
2.4992357e-001,-1.86E-02,-8.74E-02,-3.24E-01,2.8172859e-002,-2.69E-01
2.5965798e-001,-8.51E-04,-1.17E-01,-3.44E-01,4.6530592e-004,-2.97E-01
2.8099416e-001,-2.98E-02,-1.22E-01,-3.49E-01,-5.35E-02,-3.78E-01
2.5309226e-001,-1.18E-02,-2.08E-01,-2.90E-01,-2.51E-02,-3.29E-01
2.9125821e-001,-5.80E-03,-1.31E-01,-2.19E-01,-2.24E-02,-2.95E-01
3.3064215e-001,-1.59E-02,-1.29E-01,-1.99E-01,2.7542797e-002,-3.13E-01
3.3663319e-001,-3.77E-02,-1.45E-01,-2.45E-01,-1.12E-02,-3.76E-01
2.9322852e-001,-2.51E-02,-1.16E-01,-2.50E-01,-3.58E-02,-3.51E-01
2.0175496e-001,-1.67E-02,-9.64E-02,-2.16E-01,-2.69E-02,-2.95E-01
1.8547414e-001,-4.62E-03,-5.98E-02,-2.03E-01,-1.09E-02,-2.83E-01
3.3313380e-001,-8.78E-03,-2.74E-02,-2.20E-01,8.6982130e-003,-2.50E-01
3.9303601e-001,-3.55E-02,-9.69E-02,-2.16E-01,2.3865687e-002,-2.51E-01
2.8979493e-001,-3.55E-02,-1.50E-01,-2.32E-01,-6.41E-03,-3.38E-01
2.2574628e-001,-1.33E-02,-1.19E-01,-2.37E-01,-1.25E-02,-3.16E-01
1.8449832e-001,-2.27E-02,-1.33E-01,-2.15E-01,2.1660107e-002,-2.98E-01
2.3644688e-001,-1.36E-02,-1.42E-01,-2.52E-01,2.3282466e-002,-3.32E-01
3.1367978e-001,1.3491073e-002,-9.46E-02,-3.01E-01,1.7371144e-002,-3.45E-01
2.4626057e-001,-4.44E-03,-1.18E-01,4.9777394e-002,-5.38E-02,-4.50E-01
3.7479248e-001,-3.60E-02,-1.23E-01,1.7025714e-001,3.9819343e-002,-5.13E-01
2.9044213e-001,-3.94E-02,-9.82E-02,1.4003340e-001,8.2858317e-002,-5.07E-01
2.9116576e-001,-1.70E-02,-8.72E-02,2.0676808e-001,-1.02E-02,-4.42E-01
3.9640314e-001,-2.33E-02,-1.08E-01,1.6787433e-001,4.6921363e-004,-4.17E-01
2.0775787e-001,-8.38E-03,-9.83E-02,7.2484092e-002,-1.10E-03,-4.39E-01
2.2531232e-001,-9.39E-03,-1.01E-01,2.1924009e-001,3.1099826e-002,-4.76E-01
3.3276931e-001,-4.48E-02,-1.19E-01,2.0743803e-001,3.5956772e-002,-5.28E-01
4.1298227e-001,3.0894166e-002,7.0882118e-002,2.6941412e-001,-3.53E-02,-4.10E-01
3.6273821e-001,2.5034438e-002,-1.03E-01,2.7667026e-001,8.6769130e-002,-4.54E-01
2.6716294e-001,-5.07E-02,-1.35E-01,1.8760495e-001,2.2718712e-001,-4.45E-01
2.3442384e-001,-6.20E-02,-4.71E-02,1.7450601e-001,1.3067867e-001,-3.93E-01
2.4102529e-001,-1.08E-02,-9.54E-02,1.5796478e-001,8.0587984e-002,-3.92E-01
2.8927922e-001,-1.72E-02,-1.69E-01,1.9313156e-001,2.1208057e-001,-4.25E-01
2.7141976e-001,5.4226037e-003,-1.26E-01,3.0487880e-001,1.3836446e-001,-4.61E-01
2.2506213e-001,-7.45E-02,-6.93E-02,-1.00E-01,-6.45E-02,-3.17E-01
1.0192897e-001,-9.71E-03,-5.70E-02,-4.64E-02,8.1569411e-003,-4.20E-01
2.7937969e-001,-5.40E-02,-5.82E-02,-1.30E-01,1.5019888e-001,-4.22E-01
3.9729000e-001,-3.00E-02,-9.78E-02,-1.12E-01,2.0908170e-001,-4.32E-01
2.8209647e-001,-7.60E-03,-1.37E-01,-1.30E-01,8.7158324e-002,-4.15E-01
2.0879354e-001,-6.31E-02,-1.80E-01,-2.13E-01,9.9898818e-002,-3.99E-01
2.6314515e-001,-3.14E-04,-1.34E-01,-2.45E-01,6.1707791e-002,-3.95E-01
2.4824221e-001,9.3483346e-003,-9.90E-02,-2.02E-01,-3.25E-02,-4.47E-01
1.8502913e-001,-3.41E-02,-1.04E-01,-9.95E-02,9.9960462e-003,-4.38E-01
1.1633450e-001,-2.15E-02,-1.37E-01,-4.83E-02,-3.45E-02,-4.15E-01
2.6216892e-001,-3.68E-02,-1.50E-01,2.8531412e-002,1.9104145e-001,-3.87E-01
3.8653511e-001,-4.36E-02,-1.71E-01,1.6475273e-002,1.3316562e-001,-3.34E-01
3.6307642e-001,-5.16E-03,-1.22E-01,-2.89E-02,8.5773043e-002,-3.71E-01
3.0387694e-001,-2.98E-02,-7.54E-02,-3.41E-02,1.3784753e-001,-4.10E-01
2.0605343e-001,-1.86E-03,-1.23E-01,-9.33E-02,2.6388128e-002,-3.98E-01
1.3622696e-001,1.7165033e-002,-8.21E-02,-8.97E-02,-8.66E-02,-3.85E-01
1.9755486e-001,-5.22E-02,-1.25E-01,2.7717677e-003,6.6306839e-002,-3.98E-01
1.0417428e-001,-4.84E-02,-1.40E-01,1.2522840e-001,2.1624122e-002,-4.16E-01
2.0308516e-001,-2.76E-02,-1.26E-01,3.9416262e-002,1.7027818e-001,-3.53E-01
3.6801717e-001,-2.13E-02,-1.32E-01,-5.06E-02,1.2373029e-001,-3.00E-01
4.2578925e-001,-3.03E-03,-1.34E-01,2.4875757e-004,7.5415156e-002,-3.48E-01
3.1994184e-001,-4.08E-02,-1.29E-01,-4.81E-02,1.9224088e-001,-3.46E-01
3.3078684e-001,3.0882008e-003,-1.19E-01,-3.12E-02,1.5393784e-001,-3.48E-01
2.8639875e-001,3.0293786e-002,-1.09E-01,1.8471814e-003,-4.58E-02,-3.97E-01
3.9480719e-001,3.4098320e-002,9.1229249e-002,8.8489099e-002,-1.07E-01,-3.89E-01
3.9190515e-001,-2.15E-02,1.3039650e-002,2.7378031e-001,-1.16E-01,-4.31E-01
1.5491386e-001,-4.30E-02,-8.49E-02,1.7323390e-001,5.7912773e-002,-3.86E-01
3.3871003e-001,-6.36E-02,-1.51E-01,2.4173400e-001,2.0140059e-001,-3.11E-01
3.5198792e-001,-1.35E-02,-1.24E-01,2.1169125e-001,6.2378541e-002,-3.81E-01
2.8566272e-001,-1.66E-02,-1.10E-01,1.9275916e-001,1.4066687e-001,-4.35E-01
2.0993407e-001,-2.62E-02,-8.78E-02,3.7236267e-001,1.6694177e-001,-3.59E-01
2.9331611e-001,-1.35E-02,-1.08E-01,3.5002084e-001,7.4914763e-003,-3.36E-01
2.7071336e-001,-2.71E-02,-1.39E-01,-9.67E-01,-8.95E-01,-8.68E-01
2.7194426e-001,-4.59E-02,-1.26E-01,-9.91E-01,-9.51E-01,-9.14E-01
2.8444444e-001,-2.86E-02,-1.71E-01,-9.87E-01,-9.42E-01,-9.39E-01
2.8057758e-001,-1.53E-02,-1.24E-01,-9.87E-01,-9.34E-01,-8.96E-01
2.7338334e-001,-1.35E-02,-8.74E-02,-9.93E-01,-9.62E-01,-9.46E-01
2.8075099e-001,-1.63E-02,-1.04E-01,-9.96E-01,-9.85E-01,-9.68E-01
2.7847030e-001,-1.54E-02,-9.17E-02,-9.95E-01,-9.82E-01,-9.67E-01
2.7601503e-001,-1.60E-02,-9.95E-02,-9.96E-01,-9.81E-01,-9.61E-01
2.8021220e-001,-9.87E-03,-1.07E-01,-9.98E-01,-9.75E-01,-9.77E-01
2.7869596e-001,-3.47E-03,-8.77E-02,-9.98E-01,-9.79E-01,-9.86E-01
2.7734395e-001,-1.08E-02,-9.38E-02,-9.98E-01,-9.77E-01,-9.78E-01
2.7676227e-001,-2.07E-02,-1.08E-01,-9.97E-01,-9.89E-01,-9.90E-01
2.7799095e-001,-1.92E-02,-1.13E-01,-9.97E-01,-9.83E-01,-9.87E-01
2.7635049e-001,-1.78E-02,-1.08E-01,-9.97E-01,-9.86E-01,-9.86E-01
2.7459656e-001,-2.15E-02,-1.10E-01,-9.97E-01,-9.94E-01,-9.83E-01
2.7862796e-001,-2.10E-02,-1.26E-01,-9.98E-01,-9.82E-01,-9.85E-01
2.8014201e-001,-1.32E-02,-1.08E-01,-9.97E-01,-9.17E-01,-9.61E-01
2.8363519e-001,-3.19E-03,-1.12E-01,-9.92E-01,-9.09E-01,-9.39E-01
2.8673445e-001,-4.70E-03,-1.25E-01,-9.92E-01,-9.46E-01,-9.46E-01
2.8133218e-001,-7.45E-03,-9.73E-02,-9.97E-01,-9.69E-01,-9.61E-01
3.2515866e-001,4.6078587e-002,-9.13E-02,-9.39E-01,-7.42E-01,-8.58E-01
2.6935172e-001,-2.37E-02,-1.11E-01,-9.54E-01,-7.57E-01,-9.08E-01
2.6410590e-001,-3.86E-02,-9.84E-02,-9.79E-01,-8.76E-01,-9.58E-01
2.7924464e-001,-1.15E-02,-9.92E-02,-9.96E-01,-9.60E-01,-9.87E-01
2.7814462e-001,-1.22E-02,-1.01E-01,-9.88E-01,-9.51E-01,-9.83E-01
2.7296338e-001,-2.43E-02,-1.05E-01,-9.87E-01,-9.56E-01,-9.81E-01
2.7652124e-001,-1.82E-02,-1.09E-01,-9.94E-01,-9.68E-01,-9.91E-01
2.7902435e-001,-1.16E-02,-1.05E-01,-9.96E-01,-9.84E-01,-9.86E-01
2.8077421e-001,-1.65E-02,-1.16E-01,-9.98E-01,-9.83E-01,-9.74E-01
2.7984668e-001,-1.57E-02,-1.14E-01,-9.99E-01,-9.89E-01,-9.71E-01
2.7776100e-001,-1.25E-02,-9.76E-02,-9.99E-01,-9.97E-01,-9.86E-01
2.7735518e-001,-1.95E-02,-1.09E-01,-9.98E-01,-9.84E-01,-9.90E-01
2.7551520e-001,-2.25E-02,-1.10E-01,-9.98E-01,-9.89E-01,-9.88E-01
2.7601199e-001,-1.65E-02,-9.96E-02,-9.96E-01,-9.80E-01,-9.89E-01
2.7410584e-001,-2.30E-02,-1.04E-01,-9.94E-01,-9.69E-01,-9.81E-01
2.7203402e-001,-2.68E-02,-1.18E-01,-9.96E-01,-9.84E-01,-9.80E-01
2.7400800e-001,-2.42E-02,-1.22E-01,-9.96E-01,-9.89E-01,-9.89E-01
2.7821041e-001,-1.97E-02,-1.15E-01,-9.96E-01,-9.83E-01,-9.93E-01
2.7861446e-001,-1.38E-02,-1.06E-01,-9.97E-01,-9.96E-01,-9.90E-01
2.8178363e-001,-8.24E-03,-9.63E-02,-9.97E-01,-9.81E-01,-9.91E-01
2.8176434e-001,-9.27E-03,-1.04E-01,-9.96E-01,-9.78E-01,-9.81E-01
2.1523208e-001,-2.58E-02,-1.24E-01,-8.65E-01,-7.71E-01,-8.66E-01
3.0337735e-001,-2.70E-02,-1.16E-01,-9.68E-01,-9.21E-01,-9.50E-01
2.3759828e-001,-2.15E-02,-7.86E-02,-9.80E-01,-9.57E-01,-9.60E-01
2.3211799e-001,-2.94E-02,-6.89E-02,-9.81E-01,-9.69E-01,-9.65E-01
2.6213160e-001,-2.31E-02,-9.21E-02,-9.84E-01,-9.77E-01,-9.67E-01
2.7830634e-001,-1.97E-02,-1.08E-01,-9.82E-01,-9.73E-01,-9.71E-01
2.9228038e-001,-1.87E-02,-1.10E-01,-9.81E-01,-9.80E-01,-9.75E-01
2.8847983e-001,-1.92E-02,-1.12E-01,-9.83E-01,-9.84E-01,-9.80E-01
2.7769276e-001,-1.85E-02,-1.09E-01,-9.87E-01,-9.85E-01,-9.82E-01
2.7825931e-001,-1.79E-02,-1.06E-01,-9.86E-01,-9.88E-01,-9.85E-01
2.7743154e-001,-1.76E-02,-1.09E-01,-9.87E-01,-9.88E-01,-9.89E-01
2.8480664e-001,-1.83E-02,-1.15E-01,-9.88E-01,-9.90E-01,-9.90E-01
2.7798303e-001,-1.61E-02,-1.07E-01,-9.88E-01,-9.92E-01,-9.81E-01
2.6918595e-001,-1.58E-02,-1.02E-01,-9.89E-01,-9.91E-01,-9.79E-01
2.7342926e-001,-1.79E-02,-1.07E-01,-9.91E-01,-9.89E-01,-9.82E-01
2.8023240e-001,-1.73E-02,-1.10E-01,-9.91E-01,-9.90E-01,-9.91E-01
2.7891846e-001,-1.73E-02,-1.09E-01,-9.88E-01,-9.92E-01,-9.87E-01
2.7281507e-001,-1.78E-02,-1.04E-01,-9.89E-01,-9.94E-01,-9.87E-01
2.7389291e-001,-1.73E-02,-1.07E-01,-9.89E-01,-9.90E-01,-9.88E-01
3.2880554e-001,-4.56E-02,-1.79E-01,-8.85E-01,-8.11E-01,-6.62E-01
2.5374584e-001,-4.91E-03,-7.88E-02,-9.75E-01,-9.74E-01,-9.29E-01
2.4883758e-001,1.0952247e-002,-9.91E-02,-9.62E-01,-9.20E-01,-9.21E-01
1.9100831e-001,1.8855808e-002,-4.16E-02,-9.56E-01,-8.91E-01,-8.96E-01
2.4669747e-001,-2.25E-02,-6.57E-02,-9.43E-01,-8.59E-01,-8.82E-01
3.2159233e-001,-4.16E-02,-1.35E-01,-9.79E-01,-9.24E-01,-9.46E-01
2.9054978e-001,-1.94E-02,-1.21E-01,-9.71E-01,-9.50E-01,-9.37E-01
2.4197898e-001,1.0761930e-002,-9.75E-02,-9.77E-01,-9.38E-01,-9.54E-01
2.6417402e-001,6.2438472e-003,-1.18E-01,-9.74E-01,-9.28E-01,-9.50E-01
2.7666593e-001,-1.68E-02,-1.05E-01,-9.84E-01,-9.68E-01,-9.41E-01
2.7435535e-001,-2.69E-02,-9.02E-02,-9.84E-01,-9.66E-01,-9.63E-01
2.7424896e-001,-1.90E-02,-1.02E-01,-9.84E-01,-9.50E-01,-9.81E-01
2.7646421e-001,-1.33E-02,-1.12E-01,-9.84E-01,-9.72E-01,-9.73E-01
2.7642820e-001,-1.50E-02,-1.11E-01,-9.83E-01,-9.74E-01,-9.70E-01
2.7336103e-001,-1.26E-02,-1.10E-01,-9.82E-01,-9.72E-01,-9.68E-01
2.7029480e-001,-1.41E-02,-1.03E-01,-9.81E-01,-9.68E-01,-9.60E-01
2.6761043e-001,-1.55E-02,-1.01E-01,-9.81E-01,-9.68E-01,-9.62E-01
2.7679284e-001,-1.34E-02,-1.08E-01,-9.84E-01,-9.69E-01,-9.69E-01
2.6349230e-001,-2.80E-02,-6.98E-02,-9.92E-01,-8.52E-01,-9.13E-01
2.6748396e-001,-8.19E-03,-1.11E-01,-9.94E-01,-9.57E-01,-9.92E-01
2.7506697e-001,-1.88E-02,-1.07E-01,-9.93E-01,-9.79E-01,-9.95E-01
2.7641381e-001,-1.83E-02,-1.06E-01,-9.91E-01,-9.83E-01,-9.95E-01
2.7380969e-001,-1.82E-02,-1.08E-01,-9.92E-01,-9.89E-01,-9.96E-01
2.8281437e-001,-1.67E-02,-1.10E-01,-9.94E-01,-9.74E-01,-9.88E-01
2.7466910e-001,-1.83E-02,-1.07E-01,-9.91E-01,-9.70E-01,-9.78E-01
2.7028726e-001,-1.64E-02,-1.12E-01,-9.88E-01,-9.65E-01,-9.75E-01
2.8259329e-001,-1.47E-02,-1.13E-01,-9.89E-01,-9.68E-01,-9.80E-01
2.8208551e-001,-1.78E-02,-1.07E-01,-9.93E-01,-9.86E-01,-9.87E-01
2.8085100e-001,-1.85E-02,-1.07E-01,-9.94E-01,-9.88E-01,-9.90E-01
2.7830913e-001,-1.73E-02,-1.07E-01,-9.92E-01,-9.84E-01,-9.86E-01
2.7804002e-001,-1.81E-02,-1.05E-01,-9.92E-01,-9.78E-01,-9.83E-01
2.7799455e-001,-1.75E-02,-1.07E-01,-9.94E-01,-9.80E-01,-9.88E-01
2.7160059e-001,-1.60E-02,-1.08E-01,-9.94E-01,-9.86E-01,-9.93E-01
2.7160385e-001,-1.71E-02,-1.08E-01,-9.95E-01,-9.87E-01,-9.91E-01
2.8070018e-001,-1.87E-02,-1.12E-01,-9.95E-01,-9.90E-01,-9.92E-01
2.7926001e-001,-1.81E-02,-1.07E-01,-9.94E-01,-9.91E-01,-9.93E-01
2.7447329e-001,-1.60E-02,-1.05E-01,-9.95E-01,-9.92E-01,-9.90E-01
2.8170541e-001,-1.64E-02,-1.10E-01,-9.95E-01,-9.91E-01,-9.89E-01
2.8428066e-001,-1.70E-02,-1.09E-01,-9.95E-01,-9.95E-01,-9.94E-01
2.8808949e-001,-2.45E-02,-9.56E-02,-9.47E-01,-8.36E-01,-8.95E-01
2.6783805e-001,-2.60E-02,-9.90E-02,-9.82E-01,-9.41E-01,-9.56E-01
2.8316945e-001,-9.93E-03,-1.17E-01,-9.87E-01,-9.87E-01,-9.83E-01
2.6167350e-001,-1.78E-02,-1.03E-01,-9.88E-01,-9.82E-01,-9.84E-01
2.6154755e-001,-1.96E-02,-1.05E-01,-9.92E-01,-9.90E-01,-9.86E-01
2.6737534e-001,-1.79E-02,-1.12E-01,-9.92E-01,-9.93E-01,-9.92E-01
2.6798135e-001,-1.83E-02,-1.07E-01,-9.91E-01,-9.90E-01,-9.90E-01
2.7263553e-001,-1.76E-02,-1.06E-01,-9.94E-01,-9.95E-01,-9.91E-01
2.7785866e-001,-1.72E-02,-1.06E-01,-9.93E-01,-9.97E-01,-9.96E-01
2.7736678e-001,-1.56E-02,-1.12E-01,-9.93E-01,-9.94E-01,-9.93E-01
2.8222294e-001,-1.56E-02,-1.15E-01,-9.92E-01,-9.94E-01,-9.91E-01
2.7857883e-001,-1.73E-02,-1.04E-01,-9.90E-01,-9.94E-01,-9.86E-01
2.7129418e-001,-1.80E-02,-1.06E-01,-9.95E-01,-9.95E-01,-9.89E-01
2.7562140e-001,-1.61E-02,-1.13E-01,-9.94E-01,-9.94E-01,-9.96E-01
2.7771032e-001,-1.68E-02,-1.07E-01,-9.93E-01,-9.93E-01,-9.94E-01
2.7767800e-001,-1.72E-02,-1.07E-01,-9.92E-01,-9.95E-01,-9.94E-01
2.7684416e-001,-1.71E-02,-1.07E-01,-9.91E-01,-9.95E-01,-9.91E-01
2.7637276e-001,-1.75E-02,-1.10E-01,-9.91E-01,-9.91E-01,-9.91E-01
2.7844563e-001,-1.59E-02,-1.10E-01,-9.90E-01,-9.91E-01,-9.91E-01
2.7776025e-001,-1.62E-02,-1.07E-01,-9.84E-01,-9.90E-01,-9.80E-01
2.8232928e-001,-8.27E-02,-2.16E-01,-1.72E-01,2.0522129e-001,-2.69E-01
2.4740467e-001,-2.34E-02,-1.77E-01,-8.30E-02,2.8198424e-001,-2.66E-01
3.1044252e-001,1.2676721e-002,-1.64E-01,-1.16E-01,2.2224726e-001,-3.49E-01
2.2739380e-001,-1.49E-02,-9.32E-02,-1.64E-01,2.1120849e-001,-2.11E-01
2.6526750e-001,-3.95E-02,-5.56E-02,-1.53E-01,1.3603226e-001,-1.89E-01
3.0239143e-001,-3.30E-02,-1.10E-01,-1.09E-01,1.8340265e-001,-3.07E-01
2.4019883e-001,-7.41E-03,-1.34E-01,-1.01E-01,1.5591989e-001,-2.96E-01
3.1901919e-001,7.8643507e-003,-1.42E-01,-1.40E-01,2.8799102e-002,-3.13E-01
2.6145800e-001,-1.01E-02,-7.42E-02,-1.48E-01,1.2693905e-001,-2.72E-01
2.6625518e-001,-5.90E-02,-7.29E-02,-6.23E-02,1.7076303e-001,-2.40E-01
2.6158255e-001,-7.37E-03,-1.22E-01,-1.30E-01,5.2650395e-002,-2.58E-01
3.0465324e-001,7.1537410e-003,-1.49E-01,-3.00E-01,-8.90E-02,-2.63E-01
3.4843491e-001,-4.00E-03,-1.37E-01,-3.00E-01,-5.47E-02,-3.75E-01
2.5194545e-001,-3.38E-02,-6.42E-02,-2.22E-01,2.1322133e-002,-4.61E-01
2.1551912e-001,-2.50E-02,-1.62E-01,-2.42E-01,6.0534194e-002,-8.83E-02
2.3047214e-001,-1.93E-02,-1.64E-01,-3.44E-02,1.2178719e-001,-2.32E-01
2.7923251e-001,-5.93E-03,-8.14E-02,-2.66E-02,1.0960606e-001,-3.25E-01
3.4690749e-001,-3.29E-03,-1.23E-01,-7.53E-02,5.3926347e-002,-3.42E-01
3.3353808e-001,8.0754701e-003,-1.36E-01,1.5000136e-002,-4.25E-04,-4.21E-01
2.3170297e-001,-3.22E-02,-8.19E-02,5.3293522e-002,9.6630242e-002,-3.38E-01
1.9347461e-001,-7.37E-02,-1.00E-01,-1.36E-02,1.1295554e-001,-2.33E-01
2.7571077e-001,-1.09E-02,-1.50E-01,-9.93E-02,1.3428959e-001,-2.76E-01
2.9814320e-001,1.5004937e-002,-8.71E-02,-4.63E-02,1.2373779e-001,-2.18E-01
2.0292612e-001,-2.19E-02,-7.33E-02,1.1646841e-002,2.2422002e-001,-2.16E-01
2.6237218e-001,-5.22E-02,-1.41E-01,-5.91E-02,3.2508260e-001,-2.68E-01
3.4324127e-001,-3.11E-02,-1.26E-01,-1.39E-01,3.6781782e-001,-2.56E-01
3.1914710e-001,5.0891422e-002,-1.50E-01,-2.21E-01,2.7395664e-001,-2.76E-01
2.6823055e-001,-4.15E-03,-9.45E-02,4.7312327e-001,4.5240296e-001,-1.53E-01
3.6641661e-001,-2.45E-02,-1.26E-01,5.2054517e-001,6.1171950e-001,-1.16E-01
3.0841687e-001,-5.61E-02,-1.28E-01,3.0050316e-001,4.7467928e-001,-1.65E-01
2.1649852e-001,5.0945147e-002,-8.06E-02,2.1035565e-001,2.9976435e-001,-3.12E-01
3.0095383e-001,1.5220453e-002,-1.38E-01,2.6547466e-001,4.1607019e-001,-3.81E-01
2.4723145e-001,-5.29E-02,-7.50E-02,2.5620049e-001,2.6209371e-001,-2.93E-01
3.4158441e-001,-1.91E-02,-6.72E-02,3.7799335e-001,1.0526206e-001,-3.02E-01
2.5263098e-001,-2.62E-02,-1.78E-01,5.5072303e-001,5.0402887e-001,-2.72E-01
2.2624969e-001,3.1301883e-002,-2.09E-01,7.4170950e-001,4.8346969e-001,-3.61E-01
3.3551167e-001,-4.75E-02,-8.93E-02,7.8053562e-001,6.0727084e-001,-1.73E-01
2.8644577e-001,-2.47E-02,-3.66E-02,5.7977766e-001,5.8336997e-001,-1.78E-01
4.8761309e-002,3.1227641e-003,-1.13E-01,6.6717580e-001,4.4761569e-001,-3.06E-01
2.2878026e-001,-5.03E-02,-1.57E-01,8.9992208e-001,6.1072496e-001,-2.12E-01
4.3927066e-001,-4.50E-02,-2.90E-01,7.3545847e-001,8.3739298e-001,-1.25E-01
4.7593491e-002,-1.25E-01,-2.94E-01,-1.87E-01,3.4983809e-002,-2.10E-01
2.8700451e-001,-2.26E-02,-8.86E-02,-2.67E-01,-2.75E-02,-3.75E-01
4.3302630e-001,9.1573866e-003,-1.53E-01,-1.35E-01,1.3367735e-001,-2.73E-01
2.7012685e-001,3.2711104e-002,-1.05E-01,-7.99E-02,6.1254480e-002,-2.31E-01
2.2003281e-001,-3.44E-02,-1.29E-02,-2.31E-01,3.2039921e-002,-3.35E-01
2.3173550e-001,-4.06E-02,-8.24E-02,-2.33E-01,8.8012805e-002,-3.62E-01
2.4739612e-001,-1.76E-03,-1.59E-01,-1.56E-01,-8.13E-02,-4.23E-01
8.1698791e-002,-1.70E-01,-2.96E-01,-8.11E-02,6.1506824e-001,-9.85E-02
2.6720439e-001,2.2917711e-002,-1.68E-01,-1.19E-01,1.0370984e-001,-3.22E-01
3.4144200e-001,4.0802657e-002,-1.06E-01,-5.08E-02,1.8548915e-001,-3.23E-01
2.9723187e-001,-1.83E-02,-1.00E-01,-1.29E-02,2.5556175e-001,-3.52E-01
2.7240045e-001,-5.24E-02,-4.10E-02,-1.29E-01,1.4788819e-001,-3.32E-01
2.8103007e-001,-5.88E-03,-1.45E-01,-7.84E-02,7.2360762e-002,-3.10E-01
3.2176046e-001,-1.81E-02,-1.98E-01,-1.08E-01,-3.60E-02,-4.58E-01
1.5374449e-001,4.6698192e-002,-8.85E-02,5.0835807e-001,1.9229771e-001,-1.77E-01
4.4735625e-001,-3.75E-02,-1.21E-01,5.4047423e-001,6.5324817e-001,-1.72E-01
2.3013530e-001,-8.29E-02,-1.79E-01,5.1245575e-001,6.2680487e-001,-2.77E-01
2.1594905e-001,4.9493766e-002,-1.42E-01,5.7520472e-001,4.6035978e-001,-2.08E-01
4.7741282e-001,-3.24E-02,-1.26E-01,6.1814377e-001,5.8879566e-001,-1.34E-01
1.3729358e-001,-7.08E-02,-1.23E-01,6.1133425e-001,3.1904191e-001,-3.14E-01
1.9220900e-001,6.2190957e-002,-2.20E-01,7.1795476e-001,1.4764176e-001,-2.30E-01
1.2435587e-001,-1.55E-01,-3.94E-01,-1.37E-01,1.1376070e-001,-3.48E-01
2.3027540e-001,-2.10E-02,-8.94E-02,-1.41E-01,2.0833033e-001,-2.62E-01
3.2994279e-001,1.7636977e-002,1.1913021e-002,-1.94E-02,2.4021294e-001,-3.54E-01
3.0045724e-001,-4.20E-03,-8.52E-02,-6.88E-03,1.7994612e-001,-3.36E-01
3.2600588e-001,8.9114523e-003,-1.29E-01,9.5336051e-003,1.6251274e-001,-1.85E-01
2.7406714e-001,-5.49E-03,-1.90E-01,3.4108072e-003,7.4264250e-002,-3.04E-01
1.9084787e-001,-4.24E-02,-9.31E-02,-1.39E-01,1.0241254e-001,-4.14E-01
2.8049216e-001,-5.67E-03,-1.13E-01,-9.69E-01,-9.36E-01,-8.66E-01
2.8379999e-001,-9.75E-03,-1.18E-01,-9.75E-01,-9.48E-01,-8.82E-01
2.7456024e-001,-1.34E-02,-9.29E-02,-9.91E-01,-9.72E-01,-9.31E-01
2.7602141e-001,-2.56E-02,-1.23E-01,-9.95E-01,-9.68E-01,-9.90E-01
2.7755834e-001,-2.81E-02,-1.15E-01,-9.95E-01,-9.73E-01,-9.87E-01
2.7763685e-001,-1.73E-02,-1.09E-01,-9.96E-01,-9.86E-01,-9.88E-01
2.7897271e-001,-1.49E-02,-1.08E-01,-9.96E-01,-9.91E-01,-9.95E-01
2.7825882e-001,-1.32E-02,-1.04E-01,-9.96E-01,-9.83E-01,-9.81E-01
2.7387250e-001,-1.14E-02,-9.16E-02,-9.96E-01,-9.80E-01,-9.81E-01
2.7695479e-001,-1.56E-02,-1.01E-01,-9.96E-01,-9.81E-01,-9.80E-01
2.7921332e-001,-2.01E-02,-1.22E-01,-9.88E-01,-9.75E-01,-9.86E-01
2.7743154e-001,-4.87E-03,-1.15E-01,-9.85E-01,-9.30E-01,-9.60E-01
2.8852594e-001,4.4581001e-003,-1.24E-01,-9.90E-01,-9.39E-01,-9.53E-01
2.8890601e-001,-6.41E-03,-1.34E-01,-9.92E-01,-9.61E-01,-9.81E-01
2.7802904e-001,-1.32E-02,-1.18E-01,-9.87E-01,-9.57E-01,-9.67E-01
2.7980051e-001,-2.87E-02,-1.21E-01,-9.87E-01,-9.39E-01,-9.45E-01
2.7214587e-001,-3.03E-02,-9.56E-02,-9.85E-01,-9.41E-01,-9.23E-01
2.4970359e-001,9.1705280e-003,-9.51E-02,-9.65E-01,-8.75E-01,-9.22E-01
2.8840555e-001,1.8782762e-003,-9.19E-02,-9.92E-01,-9.32E-01,-9.77E-01
2.7540007e-001,-1.56E-02,-7.96E-02,-9.94E-01,-9.78E-01,-9.83E-01
2.7021598e-001,-1.93E-02,-8.46E-02,-9.96E-01,-9.73E-01,-9.75E-01
2.7389124e-001,-2.61E-02,-9.90E-02,-9.96E-01,-9.36E-01,-9.77E-01
2.6312981e-001,-3.10E-02,-7.51E-02,-9.93E-01,-9.15E-01,-9.49E-01
2.6712572e-001,-3.80E-02,-8.97E-02,-9.83E-01,-9.06E-01,-9.13E-01
2.7649246e-001,-7.67E-03,-9.59E-02,-9.76E-01,-8.09E-01,-8.71E-01
2.6701878e-001,1.9145493e-002,-4.39E-02,-9.77E-01,-8.21E-01,-8.79E-01
2.7727570e-001,-1.66E-02,-9.68E-02,-9.83E-01,-8.56E-01,-8.67E-01
2.8872435e-001,-4.74E-02,-1.91E-01,-9.88E-01,-9.27E-01,-9.22E-01
2.9803142e-001,-6.30E-02,-2.67E-01,-9.82E-01,-9.20E-01,-8.77E-01
2.9965062e-001,-4.29E-03,-1.81E-01,-9.81E-01,-7.74E-01,-7.49E-01
2.7613337e-001,3.6186005e-002,-1.87E-02,-9.85E-01,-8.52E-01,-9.39E-01
2.7217334e-001,-1.62E-02,-7.29E-02,-9.88E-01,-8.76E-01,-8.54E-01
2.6566627e-001,-2.01E-02,-1.72E-01,-9.30E-01,-8.58E-01,-9.10E-01
2.5064612e-001,9.4417525e-003,-1.22E-01,-9.72E-01,-9.50E-01,-9.54E-01
2.6528812e-001,-7.66E-03,-1.08E-01,-9.83E-01,-9.52E-01,-9.94E-01
2.8467505e-001,-1.86E-02,-1.13E-01,-9.92E-01,-9.89E-01,-9.96E-01
2.7988595e-001,-1.47E-02,-1.15E-01,-9.74E-01,-9.69E-01,-9.85E-01
2.6977610e-001,-1.40E-02,-1.13E-01,-9.74E-01,-9.68E-01,-9.86E-01
2.8421051e-001,-1.62E-02,-1.14E-01,-9.84E-01,-9.88E-01,-9.91E-01
2.8521143e-001,-1.58E-02,-1.10E-01,-9.86E-01,-9.92E-01,-9.89E-01
2.8297689e-001,-1.63E-02,-1.09E-01,-9.86E-01,-9.93E-01,-9.89E-01
2.7979436e-001,-1.73E-02,-1.12E-01,-9.84E-01,-9.92E-01,-9.89E-01
2.7973900e-001,-1.74E-02,-1.12E-01,-9.84E-01,-9.88E-01,-9.90E-01
2.8040594e-001,-1.68E-02,-1.08E-01,-9.83E-01,-9.88E-01,-9.88E-01
2.7040336e-001,-1.64E-02,-1.05E-01,-9.88E-01,-9.91E-01,-9.90E-01
2.7562610e-001,-1.68E-02,-1.09E-01,-9.87E-01,-9.92E-01,-9.90E-01
2.7894599e-001,-1.67E-02,-1.11E-01,-9.86E-01,-9.93E-01,-9.92E-01
3.3247630e-001,-9.77E-02,-1.91E-01,-8.60E-01,-4.81E-01,-7.61E-01
2.5365419e-001,1.0949171e-002,-1.01E-01,-9.71E-01,-9.23E-01,-9.67E-01
2.7624117e-001,-1.22E-02,-9.37E-02,-9.87E-01,-9.85E-01,-9.65E-01
2.7486431e-001,-1.62E-02,-1.05E-01,-9.89E-01,-9.81E-01,-9.47E-01
2.8165808e-001,-1.98E-02,-1.20E-01,-9.92E-01,-9.87E-01,-9.67E-01
2.8135026e-001,-1.99E-02,-1.15E-01,-9.91E-01,-9.84E-01,-9.75E-01
2.7758017e-001,-1.57E-02,-1.04E-01,-9.89E-01,-9.75E-01,-9.58E-01
2.4149117e-001,-1.10E-02,-2.79E-02,-9.76E-01,-9.09E-01,-8.78E-01
2.3640025e-001,-1.51E-02,-1.52E-02,-9.68E-01,-8.95E-01,-8.61E-01
2.9820707e-001,-3.22E-02,-1.28E-01,-9.63E-01,-9.22E-01,-8.39E-01
3.1360929e-001,-2.96E-02,-1.71E-01,-9.79E-01,-9.36E-01,-9.23E-01
2.7476240e-001,-5.12E-03,-1.20E-01,-9.87E-01,-9.43E-01,-9.39E-01
2.6464810e-001,-3.23E-03,-1.03E-01,-9.84E-01,-9.31E-01,-9.52E-01
2.7502093e-001,-1.72E-02,-1.05E-01,-9.86E-01,-9.52E-01,-9.75E-01
2.8658222e-001,-2.37E-02,-1.13E-01,-9.97E-01,-9.90E-01,-9.84E-01
2.7215699e-001,-1.24E-02,-1.05E-01,-9.81E-01,-9.51E-01,-9.59E-01
2.6865790e-001,-1.20E-02,-9.74E-02,-9.81E-01,-9.52E-01,-9.66E-01
2.7686977e-001,-1.51E-02,-1.10E-01,-9.92E-01,-9.59E-01,-9.82E-01
2.8647737e-001,-2.09E-02,-1.27E-01,-9.84E-01,-9.29E-01,-9.59E-01
2.8468674e-001,-2.16E-02,-1.18E-01,-9.85E-01,-9.43E-01,-9.51E-01
2.9118443e-001,-6.73E-03,-1.60E-01,-9.76E-01,-9.26E-01,-8.08E-01
2.1685535e-001,-1.85E-03,-1.36E-01,-8.77E-01,-9.20E-01,-9.54E-01
2.7730171e-001,-1.95E-02,-1.13E-01,-9.73E-01,-9.86E-01,-9.81E-01
1.4963576e-001,-2.79E-02,-1.16E-01,-9.22E-01,-9.58E-01,-9.78E-01
1.4625723e-001,-2.98E-02,-1.15E-01,-9.05E-01,-9.57E-01,-9.78E-01
2.7518563e-001,-2.05E-02,-1.03E-01,-9.31E-01,-9.76E-01,-9.88E-01
3.2210452e-001,-1.48E-02,-1.04E-01,-9.58E-01,-9.85E-01,-9.89E-01
2.7937936e-001,-1.78E-02,-1.06E-01,-9.58E-01,-9.82E-01,-9.94E-01
2.7527033e-001,-1.80E-02,-1.07E-01,-9.66E-01,-9.81E-01,-9.92E-01
3.2770085e-001,-1.30E-02,-1.03E-01,-9.82E-01,-9.86E-01,-9.93E-01
2.6606315e-001,-1.83E-02,-1.09E-01,-9.53E-01,-9.73E-01,-9.89E-01
2.1170949e-001,-2.47E-02,-1.12E-01,-9.64E-01,-9.77E-01,-9.89E-01
2.7840685e-001,-1.80E-02,-1.07E-01,-9.39E-01,-9.69E-01,-9.85E-01
2.7390282e-001,-1.62E-02,-1.11E-01,-9.40E-01,-9.74E-01,-9.81E-01
3.1699589e-001,-1.12E-02,-1.11E-01,-9.30E-01,-9.68E-01,-9.83E-01
3.5587610e-001,-7.01E-03,-1.05E-01,-9.47E-01,-9.73E-01,-9.84E-01
2.9584989e-001,-1.38E-02,-1.07E-01,-9.46E-01,-9.70E-01,-9.89E-01
2.1208251e-001,-2.58E-02,-1.11E-01,-9.23E-01,-9.58E-01,-9.89E-01
2.5870292e-001,-2.00E-02,-1.10E-01,-9.10E-01,-9.50E-01,-9.83E-01
2.7579603e-001,-1.54E-02,-1.10E-01,-9.24E-01,-9.63E-01,-9.88E-01
2.6338493e-001,-1.95E-02,-1.08E-01,-9.30E-01,-9.73E-01,-9.93E-01
2.7043977e-001,-1.80E-02,-1.09E-01,-9.33E-01,-9.74E-01,-9.91E-01
2.6288167e-001,-1.82E-02,-1.08E-01,-9.33E-01,-9.73E-01,-9.90E-01
2.8230173e-001,-1.56E-02,-1.10E-01,-9.41E-01,-9.81E-01,-9.90E-01
2.0271386e-001,-4.04E-02,-1.09E-01,-8.99E-01,-9.15E-01,-9.78E-01
2.6151816e-001,-1.62E-02,-1.11E-01,-9.58E-01,-9.75E-01,-9.93E-01
2.4053568e-001,-1.82E-02,-1.11E-01,-9.73E-01,-9.84E-01,-9.92E-01
2.6585755e-001,-1.88E-02,-1.06E-01,-9.67E-01,-9.78E-01,-9.89E-01
2.7381759e-001,-1.72E-02,-1.09E-01,-9.72E-01,-9.81E-01,-9.85E-01
2.5856102e-001,-1.73E-02,-1.14E-01,-9.84E-01,-9.88E-01,-9.86E-01
3.0005892e-001,-1.54E-02,-1.07E-01,-9.61E-01,-9.88E-01,-9.83E-01
2.7954196e-001,-1.68E-02,-1.08E-01,-9.49E-01,-9.74E-01,-9.82E-01
2.6931501e-001,-1.71E-02,-1.09E-01,-9.55E-01,-9.76E-01,-9.86E-01
3.1811254e-001,-1.35E-02,-1.06E-01,-9.50E-01,-9.88E-01,-9.80E-01
5.1683994e-001,3.4079157e-003,-1.13E-01,-8.63E-01,-9.44E-01,-9.78E-01
5.2828039e-001,1.3857470e-002,-1.31E-01,-8.28E-01,-9.34E-01,-9.72E-01
2.3265681e-001,-6.73E-03,-1.29E-01,-8.61E-01,-9.30E-01,-9.71E-01
1.9959107e-001,-2.04E-02,-1.13E-01,-9.47E-01,-9.77E-01,-9.86E-01
1.7738195e-001,-1.97E-02,-1.15E-01,-9.38E-01,-9.79E-01,-9.86E-01
1.3587336e-001,-2.07E-02,-1.17E-01,-9.61E-01,-9.55E-01,-9.86E-01
2.1742437e-001,-2.27E-02,-1.06E-01,-9.76E-01,-9.50E-01,-9.83E-01
2.7464492e-001,-1.97E-02,-1.05E-01,-9.74E-01,-9.76E-01,-9.92E-01
2.7785117e-001,-1.64E-02,-1.13E-01,-9.74E-01,-9.81E-01,-9.91E-01
3.0859045e-001,-3.81E-03,-1.69E-01,-1.49E-01,1.4623560e-001,-1.56E-01
2.6854936e-001,-4.39E-02,-1.72E-01,-2.52E-03,3.1921024e-001,-8.66E-02
2.5393035e-001,5.9990644e-003,-1.45E-01,2.1592280e-002,3.1175332e-001,-6.00E-03
2.9181340e-001,-8.46E-03,-1.10E-01,2.5531368e-002,2.2462497e-001,6.5852099e-003
1.9500452e-001,-5.39E-02,-1.28E-01,7.6389162e-002,2.2984890e-001,1.4762902e-001
2.8002498e-001,-6.99E-03,-1.73E-01,8.5361415e-002,2.7701124e-001,7.8301548e-002
3.2016941e-001,3.1163892e-002,-1.42E-01,-8.81E-03,2.6587547e-001,-2.33E-02
2.9595850e-001,-1.47E-02,-1.13E-01,5.0308729e-004,2.5495907e-001,2.3164148e-002
2.0770911e-001,-6.84E-02,-7.55E-02,2.1890365e-002,2.4771030e-001,-6.25E-03
2.7384685e-001,-3.15E-02,-6.24E-02,-4.12E-02,2.3550764e-001,-8.31E-02
3.5738365e-001,2.2127664e-002,-1.11E-01,-1.05E-01,1.6951745e-001,-1.02E-01
3.2810464e-001,-1.44E-02,-1.24E-01,-3.70E-02,1.2493327e-001,6.1209573e-003
2.0065947e-001,-8.67E-02,-1.70E-01,6.1021074e-002,2.8941724e-001,1.8607321e-001
1.9065763e-001,-6.59E-02,-2.65E-01,-5.42E-02,2.7450225e-001,-6.75E-02
2.7521595e-001,-1.20E-02,-1.78E-01,4.5223868e-002,3.3324266e-001,7.7767433e-002
3.3200460e-001,-1.04E-03,-6.86E-02,1.4833673e-001,1.2964163e-001,5.8610351e-002
1.8690031e-001,-4.35E-02,-4.01E-02,1.3403361e-001,7.7993253e-002,-9.08E-02
2.9763612e-001,-3.27E-02,-1.19E-01,9.4034207e-002,1.9413674e-001,-1.20E-01
2.3433184e-001,2.3597606e-002,-1.21E-01,1.2621050e-001,1.9465349e-001,-6.95E-02
2.9724095e-001,-2.48E-02,-1.21E-01,1.8029286e-001,1.9114617e-001,1.0267249e-001
2.9289870e-001,-3.61E-02,-1.35E-01,1.0676282e-001,2.9595029e-001,1.5351594e-001
3.1533971e-001,-1.83E-02,-1.10E-01,-2.66E-02,3.0793073e-001,5.1176798e-002
2.7370752e-001,-1.09E-03,-4.78E-02,-7.14E-02,2.0803064e-001,1.1590798e-001
2.1013738e-001,-3.12E-02,-5.88E-02,-1.91E-02,2.2269613e-001,1.4454903e-001
3.3544145e-001,8.3722748e-003,-1.38E-01,-7.79E-02,2.7026239e-001,-3.72E-02
1.6067755e-001,-7.42E-02,-2.27E-01,7.5180308e-001,5.0631057e-001,4.7621793e-001
3.2622299e-001,-3.03E-02,-1.92E-01,7.3270367e-001,4.7336791e-001,4.6516019e-001
3.0999791e-001,4.1904459e-002,-1.06E-01,6.5778503e-001,5.6295229e-001,3.9894311e-001
4.2836764e-001,-3.76E-03,-7.19E-05,5.1727437e-001,4.9605765e-001,1.4924625e-001
2.9422778e-001,-4.33E-02,-7.56E-02,6.1704945e-001,4.7801308e-001,2.9953476e-001
5.0852588e-002,6.8175930e-005,-1.51E-01,7.0960809e-001,3.9178111e-001,2.9178537e-001
2.8501893e-002,-1.21E-02,-9.70E-02,7.9342194e-001,9.1623796e-001,7.3013334e-001
4.1886763e-001,-1.14E-05,-1.04E-01,8.7694158e-001,7.2960894e-001,5.5164753e-001
6.1759696e-001,-8.10E-03,-6.58E-02,7.8667455e-001,4.1928783e-001,3.8865208e-001
2.5036321e-001,-2.57E-02,-2.09E-01,6.5910032e-001,5.4698746e-001,3.3673853e-001
-1.61E-01,-2.82E-02,-2.10E-01,8.1710448e-001,8.7303705e-001,1.2739001e-001
1.1418006e-001,-4.22E-02,-1.18E-01,1.0000000e+000,7.5392773e-001,2.1730473e-001
1.6123973e-001,-1.76E-01,-2.73E-01,-6.32E-02,2.4073414e-001,1.4430924e-002
1.9410573e-001,-3.62E-02,-2.33E-01,-1.70E-01,2.4010640e-001,-1.53E-01
2.6876562e-001,3.8086915e-002,-1.56E-01,-8.95E-02,2.3214886e-001,-1.37E-01
2.5035183e-001,2.1460783e-002,-9.76E-02,-8.41E-02,1.4148830e-001,-3.79E-02
2.8084332e-001,-5.47E-02,-5.56E-02,-9.23E-02,1.0824925e-001,-3.51E-02
2.3148813e-001,-6.63E-02,-1.60E-01,-9.25E-02,1.4693099e-001,-1.22E-01
2.8777302e-001,-9.78E-03,-1.91E-01,-9.55E-02,1.2690587e-001,-2.00E-01
2.7627558e-002,-7.43E-02,-4.03E-01,-1.53E-01,2.4086031e-001,-8.62E-03
9.8749385e-002,-2.59E-02,-1.70E-01,-1.12E-01,4.7518943e-001,-3.57E-02
2.7263922e-001,-2.41E-02,-1.39E-01,-1.97E-01,3.8356677e-001,-9.81E-02
3.3008630e-001,2.0406250e-002,-1.21E-01,-2.80E-01,1.6953523e-001,-5.32E-02
2.9852599e-001,-4.06E-02,-4.94E-02,-3.42E-01,9.6343118e-002,-1.92E-01
2.7581696e-001,-2.59E-02,-6.73E-02,-2.94E-01,-1.24E-02,-3.46E-01
3.0132387e-001,1.7549395e-002,-1.84E-01,6.4680853e-001,6.0640135e-001,3.4726914e-001
4.3343359e-001,-2.08E-02,-2.30E-01,6.3877632e-001,6.3331325e-001,4.7035387e-001
3.3407424e-001,-1.40E-02,-7.51E-02,6.4737237e-001,5.3344816e-001,4.8560869e-001
2.6059171e-002,5.5292694e-003,-2.64E-02,6.4022687e-001,4.4563850e-001,3.7652885e-001
1.4993721e-001,-3.91E-02,-1.39E-01,6.6037449e-001,5.1285096e-001,3.7564179e-001
4.4015435e-001,2.2606349e-002,-2.23E-01,8.5331715e-001,5.1456467e-001,2.9557971e-001
-6.10E-02,-1.08E-01,-3.10E-01,-1.64E-01,4.2093358e-001,9.0733989e-002
2.7079606e-001,-7.18E-02,-1.49E-01,-1.27E-02,6.2116221e-001,4.1139811e-002
2.6475951e-001,7.3728571e-002,-1.56E-01,-4.86E-02,3.7516143e-001,1.2312102e-001
3.2620676e-001,2.2006746e-002,-8.58E-02,-2.09E-01,1.9326040e-001,1.0261844e-001
2.8365669e-001,-5.09E-02,-8.53E-02,-1.91E-01,1.3730224e-001,5.1255933e-003
2.4672607e-001,-4.28E-02,-2.24E-01,-1.59E-01,4.9869852e-002,2.8704372e-002
2.4534993e-001,-2.56E-02,-2.34E-01,-8.47E-01,-8.05E-01,-7.18E-01
3.1939599e-001,-9.46E-03,-1.35E-01,-9.67E-01,-9.27E-01,-7.56E-01
2.8037836e-001,-9.43E-03,-7.86E-02,-9.54E-01,-8.18E-01,-8.76E-01
2.7718603e-001,-2.11E-02,-8.80E-02,-9.52E-01,-7.75E-01,-8.60E-01
2.8547299e-001,-2.44E-02,-8.68E-02,-9.79E-01,-8.66E-01,-9.11E-01
2.8648200e-001,-4.20E-03,-1.16E-01,-9.78E-01,-9.52E-01,-9.62E-01
2.8078889e-001,-1.10E-02,-1.16E-01,-9.79E-01,-9.52E-01,-9.64E-01
2.8190428e-001,-1.41E-02,-1.08E-01,-9.95E-01,-9.85E-01,-9.86E-01
2.7642564e-001,-1.75E-02,-1.12E-01,-9.96E-01,-9.87E-01,-9.86E-01
2.7564946e-001,-1.92E-02,-1.12E-01,-9.96E-01,-9.93E-01,-9.88E-01
2.7745004e-001,-1.83E-02,-1.10E-01,-9.97E-01,-9.92E-01,-9.92E-01
2.7783733e-001,-1.55E-02,-1.09E-01,-9.96E-01,-9.89E-01,-9.94E-01
2.8229380e-001,-1.22E-02,-9.96E-02,-9.97E-01,-9.88E-01,-9.93E-01
2.8081299e-001,-1.57E-02,-1.05E-01,-9.95E-01,-9.82E-01,-9.78E-01
2.7409226e-001,-2.00E-02,-1.08E-01,-9.93E-01,-9.84E-01,-9.72E-01
2.7634338e-001,-1.85E-02,-1.07E-01,-9.94E-01,-9.86E-01,-9.78E-01
2.7769703e-001,-1.88E-02,-1.16E-01,-9.95E-01,-9.91E-01,-9.87E-01
2.7465811e-001,-1.78E-02,-1.11E-01,-9.97E-01,-9.90E-01,-9.89E-01
2.7867168e-001,-1.59E-02,-1.05E-01,-9.97E-01,-9.92E-01,-9.94E-01
2.7892199e-001,-1.74E-02,-1.06E-01,-9.97E-01,-9.92E-01,-9.90E-01
2.7637784e-001,-1.63E-02,-1.10E-01,-9.97E-01,-9.91E-01,-9.87E-01
2.7687772e-001,-1.53E-02,-1.07E-01,-9.95E-01,-9.84E-01,-9.82E-01
2.7762417e-001,-2.03E-02,-1.02E-01,-9.95E-01,-9.78E-01,-9.85E-01
2.7426024e-001,7.5014704e-003,-1.63E-01,-9.81E-01,-9.10E-01,-8.85E-01
2.7534175e-001,-1.61E-02,-1.06E-01,-9.94E-01,-9.69E-01,-9.63E-01
2.6632721e-001,-2.50E-02,-1.27E-01,-9.90E-01,-9.66E-01,-9.66E-01
2.4198018e-001,-3.74E-02,-1.55E-01,-9.88E-01,-9.60E-01,-9.71E-01
2.7027422e-001,-2.03E-02,-1.20E-01,-9.74E-01,-9.18E-01,-9.22E-01
2.8084886e-001,-1.78E-02,-9.45E-02,-9.73E-01,-8.98E-01,-9.41E-01
2.7029043e-001,-2.99E-02,-9.37E-02,-9.76E-01,-9.16E-01,-9.39E-01
2.9310909e-001,-9.67E-03,-9.12E-02,-9.87E-01,-9.47E-01,-9.62E-01
2.9467780e-001,-4.09E-04,-1.09E-01,-9.92E-01,-9.71E-01,-9.88E-01
2.7830269e-001,-1.32E-02,-1.09E-01,-9.91E-01,-9.60E-01,-9.90E-01
2.7636116e-001,-1.83E-02,-1.07E-01,-9.93E-01,-9.79E-01,-9.91E-01
2.7852595e-001,-1.62E-02,-1.13E-01,-9.91E-01,-9.85E-01,-9.84E-01
2.6857610e-001,-2.06E-02,-1.19E-01,-9.93E-01,-9.86E-01,-9.82E-01
2.7592890e-001,-1.84E-02,-1.14E-01,-9.94E-01,-9.81E-01,-9.83E-01
2.8324838e-001,-1.40E-02,-1.04E-01,-9.96E-01,-9.84E-01,-9.79E-01
2.7811313e-001,-1.50E-02,-1.05E-01,-9.96E-01,-9.88E-01,-9.77E-01
2.7239036e-001,-1.93E-02,-1.16E-01,-9.96E-01,-9.91E-01,-9.86E-01
2.7227512e-001,-1.92E-02,-1.13E-01,-9.96E-01,-9.92E-01,-9.90E-01
2.7611701e-001,-1.71E-02,-1.07E-01,-9.96E-01,-9.92E-01,-9.91E-01
2.7990749e-001,-1.70E-02,-1.10E-01,-9.97E-01,-9.94E-01,-9.91E-01
2.8298327e-001,-1.39E-02,-1.03E-01,-9.96E-01,-9.89E-01,-9.90E-01
2.7898089e-001,-1.35E-02,-1.08E-01,-9.94E-01,-9.90E-01,-9.84E-01
2.4694235e-001,2.8695415e-003,-1.37E-01,-9.56E-01,-8.56E-01,-9.04E-01
2.7552057e-001,-6.32E-03,-1.04E-01,-9.83E-01,-9.81E-01,-9.62E-01
2.8437548e-001,-1.07E-02,-1.06E-01,-9.94E-01,-9.85E-01,-9.80E-01
2.7425948e-001,-1.52E-02,-1.12E-01,-9.94E-01,-9.93E-01,-9.87E-01
2.8171654e-001,-1.45E-02,-1.03E-01,-9.94E-01,-9.93E-01,-9.82E-01
2.8166328e-001,-1.58E-02,-1.01E-01,-9.97E-01,-9.91E-01,-9.82E-01
2.7457588e-001,-1.69E-02,-1.09E-01,-9.98E-01,-9.94E-01,-9.89E-01
2.7533356e-001,-1.62E-02,-1.10E-01,-9.96E-01,-9.92E-01,-9.89E-01
2.8001367e-001,-1.55E-02,-1.06E-01,-9.96E-01,-9.89E-01,-9.90E-01
2.7939111e-001,-1.58E-02,-1.06E-01,-9.97E-01,-9.92E-01,-9.93E-01
2.7924355e-001,-1.27E-02,-9.97E-02,-9.97E-01,-9.91E-01,-9.85E-01
2.8090925e-001,-1.21E-02,-1.02E-01,-9.98E-01,-9.89E-01,-9.78E-01
2.7719286e-001,-1.45E-02,-1.16E-01,-9.97E-01,-9.91E-01,-9.76E-01
2.7591318e-001,-1.48E-02,-1.14E-01,-9.96E-01,-9.91E-01,-9.71E-01
2.8017288e-001,-1.73E-02,-9.79E-02,-9.95E-01,-9.86E-01,-9.75E-01
2.8240662e-001,-2.02E-02,-9.81E-02,-9.95E-01,-9.88E-01,-9.77E-01
2.7799745e-001,-1.67E-02,-1.11E-01,-9.96E-01,-9.85E-01,-9.82E-01
2.7647214e-001,-1.48E-02,-1.08E-01,-9.97E-01,-9.88E-01,-9.88E-01
2.8081515e-001,-1.62E-02,-9.70E-02,-9.97E-01,-9.89E-01,-9.91E-01
2.7811857e-001,-1.57E-02,-1.06E-01,-9.95E-01,-9.86E-01,-9.82E-01
2.7548757e-001,-1.41E-02,-1.16E-01,-9.96E-01,-9.87E-01,-9.93E-01
2.7796088e-001,-1.52E-02,-1.08E-01,-9.97E-01,-9.88E-01,-9.89E-01
2.7964929e-001,-1.81E-02,-1.05E-01,-9.98E-01,-9.91E-01,-9.88E-01
2.9189526e-001,1.3809609e-003,-1.32E-01,-9.66E-01,-6.76E-01,-7.94E-01
2.8039214e-001,6.2768909e-003,-1.68E-01,-9.94E-01,-8.97E-01,-8.80E-01
2.8158727e-001,-1.43E-02,-1.02E-01,-9.95E-01,-9.69E-01,-9.87E-01
2.7750010e-001,-1.09E-02,-9.76E-02,-9.96E-01,-9.80E-01,-9.89E-01
2.7709444e-001,-1.57E-02,-1.00E-01,-9.91E-01,-9.81E-01,-9.85E-01
2.7680732e-001,-9.28E-03,-1.10E-01,-9.91E-01,-9.75E-01,-9.85E-01
2.7630312e-001,-1.42E-02,-1.31E-01,-9.95E-01,-9.66E-01,-9.66E-01
2.7640823e-001,-1.82E-02,-1.25E-01,-9.96E-01,-9.76E-01,-9.59E-01
2.7947615e-001,-1.46E-02,-1.01E-01,-9.97E-01,-9.87E-01,-9.89E-01
2.7736149e-001,-1.49E-02,-9.80E-02,-9.95E-01,-9.87E-01,-9.85E-01
2.7598809e-001,-1.06E-02,-1.08E-01,-9.95E-01,-9.90E-01,-9.76E-01
2.7773337e-001,-1.30E-02,-1.21E-01,-9.96E-01,-9.90E-01,-9.87E-01
2.7898386e-001,-1.81E-02,-1.14E-01,-9.96E-01,-9.88E-01,-9.77E-01
2.7511619e-001,-1.84E-02,-1.08E-01,-9.94E-01,-9.89E-01,-9.79E-01
2.7577572e-001,-1.70E-02,-1.06E-01,-9.94E-01,-9.85E-01,-9.86E-01
2.7930372e-001,-1.51E-02,-1.14E-01,-9.96E-01,-9.83E-01,-9.84E-01
2.7896413e-001,-1.27E-02,-1.10E-01,-9.95E-01,-9.90E-01,-9.83E-01
2.7815559e-001,-1.64E-02,-1.11E-01,-9.96E-01,-9.88E-01,-9.78E-01
2.7682218e-001,-1.74E-02,-1.11E-01,-9.98E-01,-9.88E-01,-9.76E-01
2.7516244e-001,-1.21E-02,-1.05E-01,-9.96E-01,-9.89E-01,-9.89E-01
2.7648549e-001,-1.70E-02,-1.07E-01,-9.95E-01,-9.78E-01,-9.88E-01
2.7943964e-001,-1.93E-02,-1.12E-01,-9.96E-01,-9.78E-01,-9.78E-01
2.7777960e-001,-1.48E-02,-1.09E-01,-9.95E-01,-9.83E-01,-9.79E-01
2.7745207e-001,-1.49E-02,-1.03E-01,-9.93E-01,-9.86E-01,-9.84E-01
7.0999584e-002,-4.21E-02,8.2333750e-002,-7.76E-01,-6.64E-01,-2.50E-01
2.6233524e-001,-1.66E-02,-1.29E-01,-9.58E-01,-9.43E-01,-8.74E-01
2.3705749e-001,-2.44E-02,-8.21E-02,-9.72E-01,-9.69E-01,-9.63E-01
2.6346261e-001,-2.01E-02,-9.92E-02,-9.76E-01,-9.82E-01,-9.63E-01
2.6899571e-001,-1.87E-02,-1.05E-01,-9.77E-01,-9.83E-01,-9.61E-01
2.7254363e-001,-1.77E-02,-1.06E-01,-9.74E-01,-9.79E-01,-9.62E-01
2.8726469e-001,-1.57E-02,-1.13E-01,-9.74E-01,-9.80E-01,-9.62E-01
2.7112093e-001,-1.97E-02,-1.03E-01,-9.77E-01,-9.81E-01,-9.66E-01
2.7837541e-001,-1.79E-02,-1.06E-01,-9.76E-01,-9.81E-01,-9.64E-01
2.8107137e-001,-1.66E-02,-1.10E-01,-9.75E-01,-9.81E-01,-9.62E-01
2.4593303e-001,-2.19E-02,-9.45E-02,-9.80E-01,-9.82E-01,-9.69E-01
2.9014262e-001,-1.48E-02,-1.16E-01,-9.67E-01,-9.78E-01,-9.66E-01
2.7626076e-001,-1.89E-02,-1.02E-01,-9.64E-01,-9.72E-01,-9.55E-01
2.7150441e-001,-1.89E-02,-1.04E-01,-9.66E-01,-9.70E-01,-9.47E-01
3.0491547e-001,-1.17E-02,-1.24E-01,-9.80E-01,-9.84E-01,-9.73E-01
2.5629876e-001,-2.08E-02,-9.89E-02,-9.80E-01,-9.83E-01,-9.81E-01
2.7364981e-001,-1.85E-02,-1.05E-01,-9.71E-01,-9.77E-01,-9.68E-01
2.7823600e-001,-1.87E-02,-1.05E-01,-9.73E-01,-9.76E-01,-9.66E-01
2.6964699e-001,-1.77E-02,-1.06E-01,-9.78E-01,-9.74E-01,-9.70E-01
2.2459037e-002,-5.67E-02,5.3845228e-002,-5.35E-01,-7.11E-01,-4.61E-01
3.3217900e-001,-2.80E-02,-1.30E-01,-9.09E-01,-8.71E-01,-9.43E-01
2.4863349e-001,-1.06E-02,-1.05E-01,-9.67E-01,-9.32E-01,-9.69E-01
2.5932632e-001,-2.46E-02,-1.01E-01,-9.74E-01,-9.51E-01,-9.81E-01
2.6297221e-001,-1.72E-02,-1.05E-01,-9.75E-01,-9.61E-01,-9.80E-01
2.8046439e-001,-1.57E-02,-1.08E-01,-9.76E-01,-9.90E-01,-9.80E-01
2.7915732e-001,-1.75E-02,-1.07E-01,-9.76E-01,-9.92E-01,-9.84E-01
2.7179687e-001,-1.72E-02,-1.07E-01,-9.76E-01,-9.92E-01,-9.92E-01
2.7293446e-001,-1.69E-02,-1.08E-01,-9.72E-01,-9.90E-01,-9.89E-01
2.8926434e-001,-1.80E-02,-1.12E-01,-9.71E-01,-9.93E-01,-9.86E-01
2.7811117e-001,-1.87E-02,-1.05E-01,-9.74E-01,-9.94E-01,-9.84E-01
2.7585216e-001,-1.61E-02,-1.07E-01,-9.74E-01,-9.89E-01,-9.79E-01
2.8990135e-001,-1.47E-02,-1.15E-01,-9.78E-01,-9.88E-01,-9.81E-01
2.7249336e-001,-1.74E-02,-1.07E-01,-9.84E-01,-9.90E-01,-9.87E-01
2.5004102e-001,-2.00E-02,-9.96E-02,-9.93E-01,-9.95E-01,-9.91E-01
2.8883387e-001,-1.68E-02,-1.11E-01,-9.75E-01,-9.92E-01,-9.82E-01
2.8980038e-001,-1.55E-02,-1.11E-01,-9.70E-01,-9.88E-01,-9.76E-01
2.7230982e-001,-1.68E-02,-1.07E-01,-9.78E-01,-9.88E-01,-9.80E-01
2.7265049e-001,-1.85E-02,-1.07E-01,-9.87E-01,-9.91E-01,-9.90E-01
2.5522157e-001,-1.90E-02,-1.02E-01,-9.92E-01,-9.93E-01,-9.93E-01
2.9668595e-001,-1.44E-02,-1.15E-01,-9.74E-01,-9.93E-01,-9.86E-01
2.8368324e-001,-1.71E-02,-1.10E-01,-9.67E-01,-9.88E-01,-9.78E-01
2.7183402e-001,-1.84E-02,-1.06E-01,-9.72E-01,-9.90E-01,-9.80E-01
2.7775886e-001,-1.68E-02,-1.09E-01,-9.73E-01,-9.90E-01,-9.84E-01
2.7697159e-001,-1.72E-02,-1.09E-01,-9.74E-01,-9.88E-01,-9.85E-01
2.9701681e-001,-8.69E-02,-8.40E-02,-3.45E-01,-1.31E-02,-2.54E-01
2.7822205e-001,-3.63E-02,-1.00E-01,-3.06E-01,2.9539712e-002,-2.32E-01
2.3244693e-001,2.8060197e-002,-9.72E-02,-3.65E-01,-1.41E-02,-2.73E-01
3.6747999e-001,6.8332994e-003,-1.21E-01,-3.53E-01,2.7237222e-002,-1.80E-01
2.7130194e-001,-2.26E-02,-9.38E-02,-3.13E-01,-4.35E-02,-1.50E-01
2.6335582e-001,-4.27E-02,-8.96E-02,-3.20E-01,-9.30E-03,-2.07E-01
2.6934417e-001,-3.22E-02,-1.20E-01,-3.64E-01,2.1633207e-002,-2.55E-01
2.9519760e-001,1.3125655e-002,-1.08E-01,-3.78E-01,-7.60E-02,-2.98E-01
2.9437368e-001,-2.37E-02,-1.21E-01,-3.29E-01,-2.55E-02,-3.04E-01
2.1068861e-001,-4.25E-02,-9.77E-02,-3.24E-01,-3.42E-02,-2.35E-01
2.8351625e-001,-2.75E-02,-9.96E-02,-2.89E-01,4.9523167e-003,-1.18E-01
2.6618739e-001,3.2359424e-004,-1.17E-01,-3.23E-01,-2.38E-02,-1.96E-01
2.9807720e-001,2.2145345e-002,-9.20E-02,-4.04E-01,-1.50E-01,-2.77E-01
3.4342125e-001,-1.75E-02,-1.08E-01,-4.50E-01,-7.05E-02,-2.42E-01
1.8380282e-001,-4.58E-02,-7.34E-02,-4.63E-01,-8.82E-02,-2.99E-01
3.0026293e-001,-3.74E-02,-8.88E-02,-3.96E-01,-4.64E-02,-2.10E-01
2.8281222e-001,-3.75E-02,-1.45E-01,-3.97E-01,2.7903845e-002,-1.07E-01
3.0770030e-001,1.1906518e-003,-1.21E-01,-4.40E-01,-1.16E-04,-1.48E-01
2.9942652e-001,-1.14E-02,-1.01E-01,-3.79E-01,7.7754592e-002,-2.33E-01
2.2834396e-001,-1.29E-02,-6.46E-02,-3.79E-01,1.0176590e-001,-2.05E-01
2.8210206e-001,-3.22E-02,-9.93E-02,-3.66E-01,1.3239080e-001,-1.45E-01
2.8368382e-001,-2.27E-02,-1.09E-01,-3.22E-01,2.0217907e-001,-1.33E-01
3.0421119e-001,1.3697569e-002,-1.28E-01,-3.46E-01,1.9388338e-001,-1.39E-01
2.5620910e-001,-2.04E-02,-1.22E-01,-3.48E-01,1.3746421e-001,-1.68E-01
2.4544629e-001,-5.18E-02,-8.07E-02,-3.47E-01,1.0174020e-001,-1.29E-01
2.6234225e-001,-1.62E-02,-1.14E-01,-4.15E-01,1.4611843e-001,-1.10E-01
3.3090986e-001,7.0460005e-003,-1.07E-01,-4.43E-01,1.3342557e-001,-1.68E-01
4.5859965e-001,-6.02E-02,-5.09E-02,3.0765118e-001,3.6437466e-001,1.2454551e-001
3.7752620e-001,-1.86E-02,-1.29E-01,2.7178218e-001,2.7382719e-001,1.0375469e-001
2.3966121e-001,2.5556626e-002,-1.22E-01,1.8562353e-001,3.0358683e-001,7.9830942e-002
1.7965126e-001,6.4376929e-002,-6.89E-02,1.8725490e-001,2.9571287e-001,1.1253346e-001
2.0198951e-001,-4.55E-03,-6.86E-02,1.2083156e-001,3.1654657e-001,1.1934648e-001
3.2596584e-001,-9.48E-02,-1.22E-01,1.1384583e-001,2.9607361e-001,4.2581459e-002
4.3451878e-001,-7.92E-02,-1.37E-01,2.1057471e-001,3.1330560e-001,-1.05E-01
4.4307648e-001,-4.30E-03,-8.04E-03,-6.59E-02,6.2392238e-002,-5.10E-02
2.3892357e-001,1.7705810e-002,-1.41E-01,6.5791020e-002,1.6191275e-001,-2.46E-01
2.2950779e-001,-2.24E-03,-1.11E-01,1.0614829e-001,2.9182278e-001,-1.95E-01
2.2571228e-001,-1.57E-02,-1.06E-01,9.5062899e-002,3.4114544e-001,-2.08E-01
4.0900157e-001,-1.03E-02,-1.11E-01,2.3589396e-001,5.3044767e-001,-8.24E-02
4.1667577e-001,-5.96E-02,-1.59E-01,2.7450615e-001,5.1652890e-001,4.7250984e-002
1.8402989e-001,-4.42E-02,-8.82E-02,2.4460440e-001,2.1824498e-001,-1.57E-01
1.5947631e-001,-1.34E-02,-6.12E-02,2.1311396e-001,8.8153459e-002,-4.19E-01
1.4842824e-001,-9.54E-02,-1.60E-01,-2.72E-01,2.9319794e-002,-3.32E-01
3.3407376e-001,-1.86E-02,-1.46E-01,-2.83E-01,-4.65E-02,-2.70E-01
3.1426577e-001,-5.48E-02,-1.43E-01,-2.78E-01,1.8540741e-001,-3.08E-01
3.3776691e-001,-3.04E-02,-1.37E-01,-2.90E-01,2.0020344e-001,-3.34E-01
2.7782292e-001,-7.44E-04,-1.33E-01,-3.44E-01,5.6664451e-002,-3.01E-01
2.3485805e-001,-8.74E-03,-1.03E-01,-3.90E-01,8.0705940e-002,-3.28E-01
2.9095023e-001,-6.51E-03,-1.06E-01,-3.97E-01,1.8660023e-002,-3.14E-01
3.1772201e-001,-5.43E-03,-1.02E-01,-3.47E-01,-4.49E-02,-3.07E-01
2.7550024e-001,-1.73E-02,-8.70E-02,-3.35E-01,-4.54E-02,-3.28E-01
1.4103679e-001,-3.21E-02,-2.12E-01,-2.98E-01,3.2592834e-002,-2.54E-01
1.8570989e-001,-2.25E-02,-1.28E-01,-2.88E-01,-3.29E-02,-2.79E-01
2.3761671e-001,-7.82E-04,-1.14E-01,-3.26E-01,6.9662799e-002,-2.24E-01
3.6710552e-001,-4.93E-03,-1.04E-01,-2.54E-01,1.9250244e-001,-2.11E-01
3.1598215e-001,4.2436696e-003,-1.08E-01,-2.36E-01,1.0365071e-001,-2.92E-01
2.9193822e-001,-8.62E-03,-1.13E-01,-2.59E-01,-1.41E-02,-2.55E-01
3.8163421e-001,-3.32E-02,-1.64E-01,-2.31E-01,-9.95E-02,-2.05E-01
2.8127662e-001,-2.67E-02,-1.60E-01,-2.66E-01,-8.33E-02,-2.48E-01
5.9744704e-001,-7.21E-03,-6.04E-02,2.2530320e-001,1.1807072e-001,-1.69E-01
2.7434218e-001,-9.07E-03,-1.18E-01,2.1701102e-001,1.6696333e-001,-2.35E-01
1.6862589e-001,-1.14E-02,-1.16E-01,1.2042075e-001,3.0544293e-001,-6.33E-02
2.5796959e-001,-1.75E-02,-7.11E-02,3.5749831e-002,2.6880016e-001,-5.84E-02
3.4456319e-001,-4.79E-03,-9.22E-02,8.2229210e-002,2.6554466e-001,-1.77E-01
2.2481717e-001,5.5025921e-003,-1.26E-01,1.3398729e-001,3.3489957e-001,-1.33E-01
2.1616981e-001,-8.34E-03,-1.39E-01,2.5268001e-001,3.4196106e-001,-9.46E-02
4.0343669e-001,-4.37E-02,-9.99E-02,2.8630303e-001,3.5018856e-001,-1.59E-01
1.0533848e-001,-3.69E-02,-1.60E-01,-2.12E-01,3.1614102e-002,-1.69E-01
2.6141234e-001,-5.47E-02,-1.34E-01,-2.60E-01,7.9018154e-002,-1.96E-01
3.3057167e-001,-3.27E-02,-1.20E-01,-3.18E-01,6.0498873e-002,-2.09E-01
3.0102972e-001,-3.80E-02,-1.19E-01,-3.03E-01,1.0405016e-001,-2.76E-01
2.2110331e-001,-6.65E-02,-1.49E-01,-2.14E-01,2.0681088e-001,-2.50E-01
1.8224771e-001,-3.64E-03,-1.18E-01,-1.78E-01,2.5549489e-001,-2.02E-01
2.5833456e-001,4.1019846e-002,-1.03E-01,-1.73E-01,1.6327406e-001,-2.08E-01
3.5038213e-001,1.6874996e-002,-1.08E-01,-1.79E-01,7.8502666e-002,-2.02E-01
1.1123126e-001,-1.16E-01,1.3915393e-002,-8.89E-01,-8.24E-01,-4.96E-01
2.3826529e-001,-5.06E-02,-2.16E-01,-9.21E-01,-7.74E-01,-8.07E-01
2.9872992e-001,6.0582569e-003,-1.41E-01,-9.64E-01,-8.63E-01,-8.24E-01
2.9063140e-001,1.0814775e-003,-1.22E-01,-9.43E-01,-7.73E-01,-8.35E-01
2.8227871e-001,-9.91E-03,-1.07E-01,-9.33E-01,-7.88E-01,-8.36E-01
2.7011712e-001,-2.23E-02,-9.17E-02,-9.48E-01,-8.81E-01,-8.92E-01
2.6113244e-001,-2.20E-02,-1.46E-01,-9.59E-01,-9.05E-01,-9.28E-01
2.7640844e-001,-1.49E-02,-1.13E-01,-9.60E-01,-9.08E-01,-9.02E-01
2.9607793e-001,-8.10E-03,-7.12E-02,-9.75E-01,-9.21E-01,-9.45E-01
2.8058874e-001,-1.73E-02,-1.07E-01,-9.83E-01,-9.43E-01,-9.42E-01
2.6981070e-001,-2.05E-02,-1.26E-01,-9.89E-01,-9.58E-01,-9.76E-01
2.8223314e-001,-1.20E-02,-1.11E-01,-9.89E-01,-9.62E-01,-9.78E-01
2.7602136e-001,-1.69E-02,-1.13E-01,-9.90E-01,-9.67E-01,-9.82E-01
2.7536870e-001,-1.65E-02,-1.19E-01,-9.88E-01,-9.46E-01,-9.61E-01
2.9332251e-001,-8.31E-03,-8.66E-02,-9.86E-01,-9.44E-01,-9.34E-01
2.8672252e-001,-1.40E-02,-8.78E-02,-9.83E-01,-9.41E-01,-9.24E-01
2.6520945e-001,-2.26E-02,-1.34E-01,-9.88E-01,-9.52E-01,-9.41E-01
2.6857780e-001,-2.11E-02,-1.25E-01,-9.90E-01,-9.74E-01,-9.58E-01
2.8125198e-001,-1.42E-02,-9.71E-02,-9.90E-01,-9.68E-01,-9.67E-01
2.8311761e-001,-1.38E-02,-9.60E-02,-9.91E-01,-9.66E-01,-9.69E-01
2.7879028e-001,-1.86E-02,-1.07E-01,-9.97E-01,-9.84E-01,-9.84E-01
2.7421274e-001,-1.62E-02,-1.20E-01,-9.95E-01,-9.81E-01,-9.86E-01
2.7141693e-001,-1.68E-02,-1.24E-01,-9.94E-01,-9.76E-01,-9.86E-01
3.9416012e-001,5.5307559e-002,-4.09E-02,-9.01E-01,-6.50E-01,-8.81E-01
2.9826150e-001,-2.07E-02,-4.50E-02,-9.70E-01,-9.09E-01,-9.01E-01
2.9495385e-001,-7.92E-03,-8.31E-02,-9.72E-01,-9.07E-01,-8.89E-01
2.6006667e-001,-1.92E-02,-1.49E-01,-9.77E-01,-9.07E-01,-9.30E-01
2.5347340e-001,-3.03E-02,-1.48E-01,-9.78E-01,-9.44E-01,-9.38E-01
2.9142629e-001,-1.16E-02,-8.90E-02,-9.78E-01,-9.28E-01,-9.30E-01
2.9682424e-001,-3.67E-03,-7.89E-02,-9.85E-01,-9.56E-01,-9.59E-01
2.6104953e-001,-2.93E-02,-1.29E-01,-9.80E-01,-9.30E-01,-9.45E-01
2.7026222e-001,-2.23E-02,-1.22E-01,-9.77E-01,-9.20E-01,-9.33E-01
2.8760577e-001,-4.45E-03,-1.03E-01,-9.89E-01,-9.68E-01,-9.71E-01
2.7727834e-001,-1.52E-02,-1.18E-01,-9.93E-01,-9.68E-01,-9.91E-01
2.7547412e-001,-1.89E-02,-1.09E-01,-9.96E-01,-9.84E-01,-9.88E-01
2.8923586e-001,-7.14E-03,-9.13E-02,-9.92E-01,-9.73E-01,-9.86E-01
2.8850798e-001,-9.20E-03,-1.03E-01,-9.89E-01,-9.63E-01,-9.67E-01
2.6706352e-001,-2.42E-02,-1.24E-01,-9.92E-01,-9.77E-01,-9.85E-01
2.6597905e-001,-2.35E-02,-1.19E-01,-9.95E-01,-9.85E-01,-9.92E-01
2.7252046e-001,-1.93E-02,-1.13E-01,-9.93E-01,-9.73E-01,-9.86E-01
2.7160905e-001,-1.97E-02,-1.19E-01,-9.92E-01,-9.55E-01,-9.67E-01
2.7207534e-001,-2.04E-02,-1.23E-01,-9.92E-01,-9.62E-01,-9.71E-01
2.7912679e-001,-1.49E-02,-1.06E-01,-9.91E-01,-9.75E-01,-9.75E-01
2.8276638e-001,-1.25E-02,-9.92E-02,-9.93E-01,-9.80E-01,-9.85E-01
2.2933625e-001,-2.28E-02,-1.76E-01,-9.32E-01,-7.82E-01,-7.46E-01
3.0404140e-001,-3.04E-02,-1.44E-01,-9.85E-01,-9.24E-01,-8.86E-01
2.7611576e-001,-1.09E-02,-1.03E-01,-9.92E-01,-9.82E-01,-9.81E-01
2.7768369e-001,-1.41E-02,-1.19E-01,-9.92E-01,-9.71E-01,-9.82E-01
2.8624386e-001,-1.73E-02,-1.23E-01,-9.93E-01,-9.74E-01,-9.80E-01
2.7496100e-001,-1.50E-02,-1.12E-01,-9.93E-01,-9.86E-01,-9.83E-01
2.7346438e-001,-1.52E-02,-1.07E-01,-9.93E-01,-9.84E-01,-9.92E-01
2.7938010e-001,-1.74E-02,-1.13E-01,-9.96E-01,-9.81E-01,-9.90E-01
2.7974811e-001,-1.69E-02,-1.15E-01,-9.97E-01,-9.83E-01,-9.89E-01
2.8014956e-001,-1.74E-02,-1.11E-01,-9.96E-01,-9.89E-01,-9.89E-01
2.7584111e-001,-1.61E-02,-1.02E-01,-9.95E-01,-9.89E-01,-9.85E-01
2.7651176e-001,-1.65E-02,-1.09E-01,-9.97E-01,-9.91E-01,-9.81E-01
2.7513751e-001,-1.69E-02,-1.09E-01,-9.95E-01,-9.91E-01,-9.85E-01
2.7046165e-001,-1.36E-02,-9.81E-02,-9.94E-01,-9.89E-01,-9.86E-01
2.7050008e-001,-1.27E-02,-1.03E-01,-9.96E-01,-9.86E-01,-9.81E-01
2.7599145e-001,-1.44E-02,-1.09E-01,-9.96E-01,-9.85E-01,-9.87E-01
2.7525023e-001,-1.63E-02,-1.01E-01,-9.97E-01,-9.87E-01,-9.91E-01
2.7438717e-001,-1.77E-02,-1.05E-01,-9.97E-01,-9.89E-01,-9.85E-01
2.8074576e-001,-3.52E-02,-3.58E-01,-9.44E-01,-7.63E-01,-4.18E-01
2.9668265e-001,8.0887009e-003,-5.31E-02,-9.69E-01,-9.09E-01,-8.56E-01
2.8038503e-001,-1.07E-02,-8.26E-02,-9.79E-01,-9.03E-01,-8.92E-01
2.7732972e-001,-1.01E-02,-1.17E-01,-9.92E-01,-9.21E-01,-9.60E-01
2.7659200e-001,-1.16E-02,-1.00E-01,-9.87E-01,-9.46E-01,-9.49E-01
2.7530840e-001,-1.83E-02,-1.08E-01,-9.84E-01,-9.59E-01,-8.94E-01
2.8093314e-001,-1.01E-02,-1.02E-01,-9.87E-01,-9.49E-01,-8.91E-01
2.8340203e-001,-1.24E-02,-8.31E-02,-9.87E-01,-9.48E-01,-9.49E-01
2.7898715e-001,-1.87E-02,-8.86E-02,-9.89E-01,-9.59E-01,-9.50E-01
2.7541190e-001,-4.32E-03,-1.29E-01,-9.95E-01,-9.52E-01,-9.14E-01
2.7719385e-001,-1.24E-02,-1.32E-01,-9.94E-01,-9.41E-01,-9.17E-01
2.7945901e-001,-2.45E-02,-9.36E-02,-9.91E-01,-9.64E-01,-9.52E-01
2.7591362e-001,-1.33E-02,-1.08E-01,-9.93E-01,-9.68E-01,-9.67E-01
2.7657883e-001,-1.09E-02,-1.16E-01,-9.96E-01,-9.75E-01,-9.81E-01
2.7683676e-001,-1.66E-02,-9.87E-02,-9.95E-01,-9.77E-01,-9.70E-01
2.7707425e-001,-2.39E-02,-9.40E-02,-9.93E-01,-9.77E-01,-9.78E-01
2.7972586e-001,-2.35E-02,-1.03E-01,-9.93E-01,-9.71E-01,-9.85E-01
2.8078323e-001,-1.09E-02,-1.10E-01,-9.97E-01,-9.70E-01,-9.85E-01
2.7508992e-001,-5.16E-03,-1.16E-01,-9.96E-01,-9.79E-01,-9.82E-01
2.7711033e-001,-1.00E-02,-1.00E-01,-9.93E-01,-9.76E-01,-9.74E-01
4.6750005e-001,-1.02E-02,-1.31E-01,-8.52E-01,-7.17E-01,-6.69E-01
3.3813414e-001,-2.81E-02,-1.26E-01,-8.55E-01,-8.36E-01,-7.76E-01
2.0916383e-001,-2.10E-02,-7.78E-02,-9.28E-01,-8.83E-01,-9.02E-01
3.0311596e-001,-7.51E-03,-1.23E-01,-9.42E-01,-9.57E-01,-9.48E-01
2.8339479e-001,-1.81E-02,-1.09E-01,-9.65E-01,-9.73E-01,-9.73E-01
2.3925056e-001,-2.43E-02,-9.59E-02,-9.90E-01,-9.93E-01,-9.94E-01
2.7304996e-001,-1.80E-02,-1.08E-01,-9.73E-01,-9.72E-01,-9.65E-01
3.0732703e-001,-1.23E-02,-1.19E-01,-9.71E-01,-9.50E-01,-9.60E-01
2.9670744e-001,-1.56E-02,-1.12E-01,-9.76E-01,-9.36E-01,-9.69E-01
2.6228477e-001,-1.95E-02,-1.00E-01,-9.83E-01,-9.51E-01,-9.78E-01
2.5426881e-001,-2.03E-02,-9.88E-02,-9.90E-01,-9.79E-01,-9.85E-01
2.6711911e-001,-1.89E-02,-1.02E-01,-9.95E-01,-9.85E-01,-9.88E-01
2.8208207e-001,-1.53E-02,-1.10E-01,-9.91E-01,-9.76E-01,-9.86E-01
2.9768184e-001,-1.46E-02,-1.18E-01,-9.86E-01,-9.64E-01,-9.73E-01
2.9470591e-001,-1.65E-02,-1.15E-01,-9.81E-01,-9.58E-01,-9.60E-01
2.6018564e-001,-2.00E-02,-1.01E-01,-9.72E-01,-9.58E-01,-9.63E-01
2.8613834e-001,-1.52E-02,-1.12E-01,-9.59E-01,-9.59E-01,-9.59E-01
2.5897846e-001,-2.00E-02,-1.03E-01,-9.45E-01,-9.54E-01,-9.48E-01
2.6372306e-001,-1.87E-02,-1.05E-01,-9.40E-01,-9.43E-01,-9.38E-01
3.0261025e-001,-1.44E-02,-1.18E-01,-9.54E-01,-9.49E-01,-9.42E-01
2.6923511e-001,-1.99E-02,-1.02E-01,-9.62E-01,-9.55E-01,-9.54E-01
2.8261175e-001,-1.60E-02,-1.08E-01,-9.60E-01,-9.53E-01,-9.53E-01
2.9038409e-001,-1.56E-02,-1.15E-01,-9.63E-01,-9.54E-01,-9.58E-01
2.5460275e-001,1.6817786e-004,-1.26E-01,-9.35E-01,-7.74E-01,-8.72E-01
1.7029750e-001,-5.25E-02,-1.32E-02,-7.88E-01,-6.78E-01,-7.34E-01
2.4969102e-001,-9.55E-03,-1.07E-01,-9.41E-01,-9.27E-01,-9.55E-01
2.4679222e-001,-1.53E-02,-1.08E-01,-9.49E-01,-9.79E-01,-9.80E-01
2.9907997e-001,-1.61E-02,-1.15E-01,-9.80E-01,-9.93E-01,-9.91E-01
2.4732403e-001,-2.03E-02,-9.77E-02,-9.82E-01,-9.93E-01,-9.86E-01
2.6202399e-001,-1.87E-02,-1.00E-01,-9.57E-01,-9.85E-01,-9.75E-01
3.2308388e-001,-1.37E-02,-1.24E-01,-9.51E-01,-9.85E-01,-9.66E-01
2.6494660e-001,-1.88E-02,-1.08E-01,-9.42E-01,-9.83E-01,-9.55E-01
2.5101770e-001,-1.99E-02,-9.81E-02,-9.49E-01,-9.80E-01,-9.67E-01
3.2634097e-001,-1.24E-02,-1.22E-01,-9.50E-01,-9.74E-01,-9.61E-01
2.5000581e-001,-1.91E-02,-1.00E-01,-9.34E-01,-9.70E-01,-9.45E-01
2.6761329e-001,-1.79E-02,-1.02E-01,-9.32E-01,-9.73E-01,-9.49E-01
2.8412627e-001,-1.69E-02,-1.10E-01,-9.39E-01,-9.75E-01,-9.61E-01
2.6832080e-001,-1.79E-02,-1.07E-01,-9.44E-01,-9.77E-01,-9.64E-01
2.9147820e-001,-1.54E-02,-1.13E-01,-9.51E-01,-9.77E-01,-9.68E-01
2.5985111e-001,-2.03E-02,-1.02E-01,-9.56E-01,-9.76E-01,-9.73E-01
2.7168265e-001,-1.79E-02,-1.06E-01,-9.61E-01,-9.78E-01,-9.75E-01
2.8479443e-001,-1.51E-02,-1.13E-01,-9.64E-01,-9.83E-01,-9.76E-01
2.9251417e-001,-1.54E-02,-1.13E-01,-9.63E-01,-9.84E-01,-9.74E-01
2.4414894e-001,-2.16E-02,-9.60E-02,-9.64E-01,-9.84E-01,-9.75E-01
2.8793466e-001,-1.77E-02,-1.11E-01,-9.46E-01,-9.78E-01,-9.60E-01
3.0081779e-001,-1.45E-02,-1.15E-01,-9.51E-01,-9.84E-01,-9.63E-01
2.4921905e-001,-2.04E-03,-8.69E-02,-3.18E-01,1.3105978e-001,-1.07E-01
2.6409218e-001,-2.35E-02,-1.08E-01,-2.34E-01,1.9637020e-001,-8.64E-02
3.3664820e-001,2.5299304e-002,-8.42E-02,-1.00E-01,1.0679692e-001,-5.61E-02
2.7447484e-001,-2.33E-02,-9.75E-02,-7.28E-02,7.1011260e-002,-3.40E-02
2.4319140e-001,-3.92E-02,-1.00E-01,-2.07E-01,1.2510649e-001,-9.98E-02
3.1956618e-001,-1.35E-02,-1.21E-01,-2.37E-01,1.5460415e-001,-1.85E-01
3.0383351e-001,-9.26E-04,-1.04E-01,-1.97E-01,9.9577127e-002,-1.74E-01
2.6209414e-001,-2.79E-02,-8.69E-02,-1.93E-01,5.4533506e-002,-1.48E-01
2.7535887e-001,-3.44E-02,-1.09E-01,-2.53E-01,1.0683663e-001,-1.95E-01
3.0555502e-001,-8.56E-03,-1.42E-01,-2.37E-01,1.4270528e-001,-1.95E-01
2.8525257e-001,-2.84E-03,-1.07E-01,-1.75E-01,8.6106576e-002,-8.91E-02
2.4243933e-001,-2.46E-02,-7.78E-02,-2.30E-01,8.9844021e-002,-3.99E-02
4.3325583e-001,-1.21E-02,-1.03E-01,-2.27E-01,-7.62E-03,-1.21E-01
2.9083091e-001,-2.72E-02,-9.31E-02,-1.34E-01,-2.09E-02,-1.06E-01
1.6257425e-001,-3.69E-02,-9.31E-02,-1.84E-01,6.2929225e-002,-1.61E-01
2.6046490e-001,-1.74E-02,-1.22E-01,-2.17E-01,1.0527166e-001,-1.42E-01
2.8467168e-001,-4.88E-03,-1.37E-01,-2.06E-01,1.1048542e-001,-9.06E-02
2.7178238e-001,-1.36E-02,-9.49E-02,-1.91E-01,7.3331435e-002,-4.85E-02
2.4912313e-001,-2.18E-02,-7.18E-02,-1.92E-01,4.8977768e-002,-1.23E-01
2.8088504e-001,-1.11E-02,-1.08E-01,-2.21E-01,1.5308239e-001,-1.54E-01
3.1077169e-001,-3.28E-03,-1.23E-01,-2.06E-01,1.7648082e-001,-1.52E-01
2.7435928e-001,-1.84E-02,-9.51E-02,-2.65E-01,3.4774830e-002,-1.88E-01
2.6496066e-001,-3.47E-02,-8.81E-02,-3.68E-01,-7.45E-02,-2.30E-01
2.6015523e-001,-4.04E-02,-1.50E-01,-3.59E-01,1.2516817e-002,-2.20E-01
2.7410011e-001,4.0772839e-004,-1.18E-01,-3.53E-01,2.9845332e-002,-2.10E-01
5.1638222e-001,-5.21E-03,1.3008071e-002,2.8240168e-001,2.9155440e-001,-1.93E-01
3.7980004e-001,-1.73E-02,-1.15E-01,3.7237529e-001,2.5141089e-001,-1.77E-01
1.8254241e-001,1.9311888e-003,-1.10E-01,3.0413282e-001,2.7590240e-001,-4.16E-02
2.6295540e-001,1.0116625e-002,-3.16E-02,1.8734265e-001,1.9928263e-001,2.4492252e-002
2.4443861e-001,7.8976317e-003,-8.45E-02,1.7935074e-001,2.1295675e-001,1.0223118e-001
2.0495064e-001,-4.33E-02,-1.46E-01,1.7866644e-001,3.3281666e-001,7.5674348e-002
2.0290261e-001,-4.20E-02,-1.11E-01,1.6997968e-001,1.9867622e-001,-9.38E-02
3.9942015e-001,-4.30E-02,-1.30E-01,3.0712624e-001,1.6696950e-001,-7.51E-02
3.8941542e-001,1.7367947e-002,3.7020393e-002,3.0578823e-001,3.0795562e-001,-1.55E-01
2.7179189e-001,-1.12E-02,-9.00E-02,1.4787867e-001,2.4354794e-001,-3.12E-02
4.1135074e-001,-4.34E-02,-1.77E-01,3.0051946e-001,3.5806072e-001,7.9472635e-002
1.9738150e-001,4.1624252e-002,-8.99E-02,3.2962848e-001,4.8129331e-001,-3.46E-02
2.2237184e-001,-3.52E-02,-1.65E-01,3.3248900e-001,6.7700000e-001,1.6271384e-002
3.3773538e-001,-6.76E-02,-1.22E-01,3.6168901e-001,4.2639770e-001,1.7869527e-002
2.2760263e-001,-4.19E-03,-7.89E-02,4.3643201e-001,1.0527414e-001,-5.91E-02
1.8329240e-001,-8.03E-02,-2.08E-01,-1.67E-01,7.1760048e-002,-6.82E-02
5.8595060e-002,-5.01E-02,-1.67E-01,-2.24E-01,1.1007830e-001,-9.43E-02
1.4996732e-001,-4.70E-02,-5.47E-02,-2.31E-01,3.4782909e-001,-1.46E-01
3.3545598e-001,-7.79E-02,-7.61E-02,-2.61E-01,4.0261307e-001,-1.62E-01
3.3750823e-001,-3.75E-02,-1.38E-01,-2.87E-01,1.9560769e-001,-2.57E-01
1.9915970e-001,7.9318368e-003,-1.19E-01,-2.86E-01,8.5925768e-002,-2.43E-01
3.0001158e-001,1.8220241e-002,-1.04E-01,-2.52E-01,6.3000452e-002,-2.60E-01
4.2111949e-001,4.3116015e-003,-1.52E-01,-2.75E-01,7.0817073e-002,-2.37E-01
2.1200415e-001,-8.19E-02,-1.79E-01,-9.68E-02,1.3067131e-001,-1.47E-01
1.5912994e-001,-3.15E-02,-1.61E-01,-1.08E-01,1.3347261e-001,-1.77E-01
2.7048479e-001,3.7906073e-002,-1.03E-01,-9.82E-02,1.6885940e-001,-1.89E-01
4.2087580e-001,-2.42E-02,-1.36E-01,-1.37E-01,2.2821423e-001,-1.75E-01
2.4092798e-001,-2.24E-02,-9.15E-02,-1.39E-01,3.4461747e-001,-1.57E-01
2.1561636e-001,1.7005439e-002,-4.65E-02,-1.60E-01,2.2341703e-001,-1.58E-01
3.2398427e-001,-4.78E-02,-1.11E-01,-2.51E-01,-5.05E-03,-1.21E-01
4.1390985e-001,-9.75E-04,-5.13E-02,3.3732886e-001,2.1500754e-001,-1.47E-01
4.1945572e-001,3.7352166e-002,-1.32E-01,3.6650877e-001,3.5744800e-001,-2.84E-01
1.1780708e-001,1.3122591e-002,-1.14E-01,1.8639687e-001,3.7809233e-001,-9.54E-02
3.4255938e-001,-9.01E-02,-1.20E-01,2.5298078e-001,3.9452343e-001,-3.99E-02
4.7209705e-001,-7.07E-02,-1.12E-01,3.4102358e-001,5.1419627e-001,-3.56E-02
2.6088341e-001,-4.48E-02,-1.06E-01,2.3588356e-001,3.4261969e-001,-5.91E-02
7.6304242e-002,6.2245014e-003,-7.42E-02,2.5906974e-001,3.0320531e-001,-1.02E-01
1.6674291e-001,-4.38E-02,-1.20E-01,-1.74E-01,4.6305823e-002,-1.33E-01
2.9138424e-001,-4.64E-02,-7.55E-02,-1.64E-01,1.8434323e-001,-1.62E-01
2.5033774e-001,-7.88E-03,-1.50E-01,-1.78E-01,2.5878380e-001,-1.89E-01
2.5771178e-001,-1.82E-02,-2.05E-01,-1.78E-01,1.8170581e-001,-1.14E-01
2.8108276e-001,-2.94E-02,-1.68E-01,-2.22E-01,1.5607725e-001,-1.75E-01
2.3877291e-001,4.9822705e-003,-4.87E-02,-2.77E-01,8.1628314e-002,-2.36E-01
4.0587005e-001,-2.20E-02,-4.72E-02,-2.20E-01,9.7522167e-002,-2.25E-01
2.7272881e-001,-3.21E-02,-8.98E-02,-9.07E-01,-7.68E-01,-8.13E-01
2.8378547e-001,-1.38E-02,-1.18E-01,-9.82E-01,-8.87E-01,-8.83E-01
2.8104336e-001,-2.67E-02,-1.57E-01,-9.94E-01,-9.72E-01,-9.67E-01
2.7768661e-001,-2.16E-02,-1.20E-01,-9.98E-01,-9.71E-01,-9.63E-01
2.7833860e-001,-5.33E-03,-9.19E-02,-9.96E-01,-9.38E-01,-9.80E-01
2.7721428e-001,-6.98E-03,-9.67E-02,-9.95E-01,-9.31E-01,-9.76E-01
2.7890252e-001,-1.87E-02,-1.10E-01,-9.96E-01,-9.55E-01,-9.79E-01
2.7851809e-001,-1.69E-02,-9.98E-02,-9.97E-01,-9.65E-01,-9.73E-01
2.7183751e-001,-2.63E-02,-1.04E-01,-9.95E-01,-9.34E-01,-9.65E-01
2.7544032e-001,-2.45E-02,-1.21E-01,-9.95E-01,-9.28E-01,-9.77E-01
2.8185143e-001,-1.19E-02,-1.13E-01,-9.98E-01,-9.75E-01,-9.91E-01
2.7854411e-001,-1.75E-02,-1.11E-01,-9.98E-01,-9.81E-01,-9.87E-01
2.7739375e-001,-1.29E-02,-1.11E-01,-9.95E-01,-9.53E-01,-9.80E-01
2.7636266e-001,-2.03E-02,-1.14E-01,-9.96E-01,-9.39E-01,-9.84E-01
2.7472795e-001,-2.86E-02,-1.16E-01,-9.98E-01,-9.54E-01,-9.89E-01
2.8433787e-001,2.1955823e-002,-6.93E-03,-9.80E-01,-8.38E-01,-7.82E-01
2.7875098e-001,-2.66E-02,-1.33E-01,-9.91E-01,-9.59E-01,-9.31E-01
2.8030446e-001,-2.28E-02,-1.29E-01,-9.95E-01,-9.59E-01,-9.73E-01
2.7760421e-001,-1.30E-02,-1.03E-01,-9.94E-01,-9.10E-01,-9.42E-01
2.7482426e-001,-2.56E-02,-1.18E-01,-9.87E-01,-8.39E-01,-9.20E-01
2.7114386e-001,-3.30E-02,-1.22E-01,-9.88E-01,-8.67E-01,-9.45E-01
2.7681509e-001,-1.63E-02,-1.06E-01,-9.95E-01,-9.42E-01,-9.59E-01
2.8191650e-001,-8.58E-03,-9.80E-02,-9.93E-01,-9.02E-01,-9.52E-01
2.8176798e-001,-3.48E-03,-8.98E-02,-9.94E-01,-9.21E-01,-9.72E-01
2.7758027e-001,-1.92E-02,-1.13E-01,-9.95E-01,-8.95E-01,-9.43E-01
2.7163020e-001,-3.42E-02,-1.24E-01,-9.94E-01,-9.02E-01,-9.47E-01
2.7581628e-001,-2.34E-02,-1.24E-01,-9.95E-01,-9.65E-01,-9.80E-01
2.8317656e-001,-1.20E-02,-1.19E-01,-9.96E-01,-9.81E-01,-9.75E-01
2.8536122e-001,-8.36E-04,-9.84E-02,-9.94E-01,-9.40E-01,-9.74E-01
2.7947936e-001,-6.16E-03,-1.00E-01,-9.95E-01,-9.28E-01,-9.79E-01
2.8593489e-001,-4.70E-02,-1.40E-01,-9.71E-01,-8.77E-01,-8.97E-01
2.8912069e-001,-1.66E-02,-1.05E-01,-9.86E-01,-9.61E-01,-9.57E-01
2.7219994e-001,-1.45E-02,-1.05E-01,-9.87E-01,-9.90E-01,-9.73E-01
2.5577194e-001,-1.22E-02,-8.86E-02,-9.92E-01,-9.87E-01,-9.88E-01
2.7397902e-001,-1.50E-02,-1.04E-01,-9.88E-01,-9.78E-01,-9.73E-01
2.8244149e-001,-2.02E-02,-1.16E-01,-9.89E-01,-9.79E-01,-9.85E-01
2.7313777e-001,-1.73E-02,-1.07E-01,-9.93E-01,-9.84E-01,-9.90E-01
2.6748293e-001,-9.97E-03,-1.09E-01,-9.86E-01,-9.72E-01,-9.80E-01
2.8467409e-001,-1.67E-02,-1.14E-01,-9.79E-01,-9.60E-01,-9.79E-01
2.9681943e-001,-2.40E-02,-1.16E-01,-9.88E-01,-9.85E-01,-9.91E-01
2.8334213e-001,-1.86E-02,-1.14E-01,-9.92E-01,-9.90E-01,-9.98E-01
2.7843273e-001,-1.61E-02,-1.08E-01,-9.94E-01,-9.89E-01,-9.92E-01
2.8291109e-001,-1.86E-02,-1.08E-01,-9.94E-01,-9.87E-01,-9.89E-01
2.7925576e-001,-1.91E-02,-1.07E-01,-9.93E-01,-9.86E-01,-9.85E-01
2.8143290e-001,-1.83E-02,-1.14E-01,-9.91E-01,-9.83E-01,-9.78E-01
2.0065487e-001,3.9280965e-002,-7.51E-02,-8.91E-01,-7.55E-01,-8.41E-01
3.1358798e-001,-2.74E-02,-1.36E-01,-9.82E-01,-9.68E-01,-9.67E-01
2.8843871e-001,-2.55E-02,-1.28E-01,-9.95E-01,-9.79E-01,-9.79E-01
2.8437895e-001,-2.20E-02,-1.17E-01,-9.92E-01,-9.80E-01,-9.63E-01
2.7417182e-001,-1.77E-02,-1.00E-01,-9.94E-01,-9.88E-01,-9.71E-01
2.7218565e-001,-1.66E-02,-1.01E-01,-9.96E-01,-9.92E-01,-9.74E-01
2.7402938e-001,-1.56E-02,-1.01E-01,-9.95E-01,-9.93E-01,-9.88E-01
2.8743346e-001,-1.98E-02,-1.21E-01,-9.91E-01,-9.86E-01,-9.71E-01
2.7467637e-001,-1.61E-02,-1.04E-01,-9.85E-01,-9.75E-01,-9.43E-01
2.7202640e-001,-1.42E-02,-1.01E-01,-9.80E-01,-9.63E-01,-9.21E-01
2.9179533e-001,-1.79E-02,-1.36E-01,-9.81E-01,-9.55E-01,-9.22E-01
2.7129766e-001,-8.44E-03,-1.04E-01,-9.84E-01,-9.56E-01,-9.22E-01
2.6807737e-001,-1.36E-02,-9.16E-02,-9.88E-01,-9.60E-01,-9.56E-01
2.7887840e-001,-2.19E-02,-1.11E-01,-9.93E-01,-9.92E-01,-9.74E-01
2.7247211e-001,-1.59E-02,-1.02E-01,-9.95E-01,-9.90E-01,-9.79E-01
2.9394502e-001,-2.18E-02,-1.33E-01,-9.88E-01,-9.75E-01,-9.40E-01
2.9466649e-001,-2.52E-02,-1.31E-01,-9.85E-01,-9.80E-01,-9.23E-01
6.2543425e-001,1.8358693e-002,-2.02E-01,-7.52E-01,-9.26E-01,-8.15E-01
2.5748240e-001,-9.17E-03,-1.04E-01,-9.52E-01,-9.62E-01,-9.76E-01
2.6453211e-001,-1.77E-02,-1.07E-01,-9.78E-01,-9.83E-01,-9.91E-01
2.8084523e-001,-1.70E-02,-1.08E-01,-9.91E-01,-9.94E-01,-9.92E-01
2.7481059e-001,-1.53E-02,-1.09E-01,-9.94E-01,-9.84E-01,-9.89E-01
2.8113381e-001,-1.42E-02,-1.14E-01,-9.96E-01,-9.79E-01,-9.90E-01
2.8432988e-001,-1.41E-02,-1.13E-01,-9.95E-01,-9.86E-01,-9.89E-01
2.8079403e-001,-1.46E-02,-1.13E-01,-9.94E-01,-9.93E-01,-9.91E-01
2.7829707e-001,-1.69E-02,-1.10E-01,-9.96E-01,-9.93E-01,-9.95E-01
2.7549643e-001,-1.90E-02,-1.07E-01,-9.95E-01,-9.94E-01,-9.89E-01
2.7644319e-001,-1.75E-02,-1.06E-01,-9.94E-01,-9.94E-01,-9.91E-01
2.7937872e-001,-1.57E-02,-1.08E-01,-9.94E-01,-9.97E-01,-9.96E-01
2.7372467e-001,-1.83E-02,-1.08E-01,-9.94E-01,-9.93E-01,-9.95E-01
2.7858558e-001,-1.61E-02,-1.10E-01,-9.94E-01,-9.86E-01,-9.95E-01
2.7723021e-001,-1.63E-02,-1.10E-01,-9.94E-01,-9.87E-01,-9.94E-01
4.0182320e-001,-5.83E-02,-8.36E-02,-8.30E-01,-8.16E-01,-5.79E-01
3.0638140e-001,-1.85E-02,-1.29E-01,-9.21E-01,-9.09E-01,-8.80E-01
2.5624543e-001,-1.94E-02,-8.75E-02,-9.70E-01,-9.27E-01,-9.46E-01
2.7965877e-001,-1.77E-02,-1.11E-01,-9.92E-01,-9.86E-01,-9.77E-01
2.7125376e-001,-1.65E-02,-1.12E-01,-9.89E-01,-9.74E-01,-9.73E-01
2.7584018e-001,-1.62E-02,-1.10E-01,-9.90E-01,-9.73E-01,-9.78E-01
2.7093382e-001,-1.80E-02,-1.04E-01,-9.90E-01,-9.57E-01,-9.76E-01
2.7529636e-001,-1.84E-02,-1.03E-01,-9.89E-01,-9.59E-01,-9.76E-01
2.8065611e-001,-1.68E-02,-1.10E-01,-9.96E-01,-9.94E-01,-9.97E-01
2.7475640e-001,-1.74E-02,-1.10E-01,-9.97E-01,-9.95E-01,-9.97E-01
2.7919971e-001,-1.70E-02,-1.10E-01,-9.95E-01,-9.91E-01,-9.94E-01
2.7396901e-001,-1.66E-02,-1.06E-01,-9.91E-01,-9.78E-01,-9.85E-01
2.7502255e-001,-1.44E-02,-1.10E-01,-9.92E-01,-9.80E-01,-9.80E-01
2.8149645e-001,-1.51E-02,-1.14E-01,-9.96E-01,-9.95E-01,-9.92E-01
2.7805474e-001,-1.72E-02,-1.09E-01,-9.93E-01,-9.91E-01,-9.94E-01
2.8674977e-001,-1.75E-02,-1.09E-01,-9.92E-01,-9.80E-01,-9.92E-01
2.7846685e-001,-1.92E-02,-1.05E-01,-9.84E-01,-9.59E-01,-9.74E-01
2.6952869e-001,-1.95E-02,-1.02E-01,-9.86E-01,-9.60E-01,-9.74E-01
2.8295417e-001,-1.81E-02,-1.08E-01,-9.93E-01,-9.79E-01,-9.91E-01
2.9097171e-001,-1.77E-02,-1.11E-01,-9.96E-01,-9.87E-01,-9.93E-01
2.8590611e-001,-1.68E-02,-1.09E-01,-9.94E-01,-9.93E-01,-9.90E-01
2.7267678e-001,-1.58E-02,-1.10E-01,-9.93E-01,-9.86E-01,-9.88E-01
2.7621498e-001,-4.11E-02,-1.59E-01,1.4163459e-002,1.2535912e-001,-5.61E-02
2.5828845e-001,-7.24E-05,-1.40E-01,-2.50E-02,1.6526584e-001,-1.01E-01
2.6114957e-001,-2.88E-04,-7.92E-02,-2.39E-02,7.2380052e-002,-2.18E-01
2.8335620e-001,-2.94E-02,-1.05E-01,4.5132235e-002,-2.80E-02,-2.13E-01
2.9933889e-001,-2.53E-02,-1.39E-01,1.8298561e-002,2.0879550e-002,-2.22E-01
3.0605884e-001,-1.53E-03,-1.22E-01,-6.79E-02,1.1678045e-001,-2.48E-01
2.9816117e-001,-8.35E-03,-7.78E-02,-9.49E-02,1.2850656e-001,-2.97E-01
2.3767558e-001,-1.02E-02,-7.01E-02,-6.17E-02,3.0767341e-003,-3.10E-01
2.8045469e-001,-2.31E-02,-5.31E-02,-8.30E-02,-2.43E-02,-2.80E-01
2.3201231e-001,-1.28E-02,-1.09E-01,-6.92E-02,-3.11E-02,-2.93E-01
3.3325764e-001,-1.31E-03,-1.67E-01,-3.45E-02,-6.25E-02,-2.83E-01
2.5026718e-001,-2.48E-02,-1.15E-01,-8.27E-02,-9.18E-02,-2.71E-01
2.0332193e-001,-6.06E-02,-6.71E-02,8.2891293e-002,1.1957357e-001,-1.72E-01
2.4300774e-001,1.7557944e-002,-1.12E-01,-1.19E-03,2.8489550e-002,-1.14E-01
2.7244127e-001,1.9800451e-003,-1.12E-01,1.4547352e-002,1.1536010e-001,-1.29E-01
2.9763656e-001,-5.78E-02,-9.47E-02,7.9616293e-002,2.0275725e-001,-1.48E-01
2.8047532e-001,-2.71E-02,-1.15E-01,5.5900195e-002,1.0215947e-001,-2.02E-01
2.8083906e-001,1.4903065e-002,-1.40E-01,-3.46E-02,4.9952232e-002,-2.84E-01
2.7155006e-001,-1.00E-02,-1.05E-01,-1.53E-02,9.0322889e-002,-2.79E-01
2.4055274e-001,-3.15E-02,-4.68E-02,1.5968597e-003,2.1513405e-001,-1.52E-01
2.8690618e-001,5.1175431e-004,-7.92E-02,-7.71E-02,1.8224282e-001,-1.11E-01
3.6921094e-001,-1.97E-03,-1.45E-01,-6.50E-02,2.0613847e-003,-2.46E-01
3.1812224e-001,-3.04E-02,-1.31E-01,6.1995835e-003,-6.00E-02,-3.14E-01
3.8014930e-001,-2.56E-02,-6.08E-02,3.9174623e-001,9.7848223e-002,-3.44E-01
4.5269162e-001,-4.09E-02,-1.69E-01,4.6927540e-001,1.8839980e-001,-3.15E-01
1.7779382e-001,-2.90E-02,-1.02E-01,3.7101412e-001,1.5424845e-001,-3.35E-01
2.6643792e-001,1.9920534e-003,-1.00E-01,3.6157054e-001,1.4551874e-001,-3.30E-01
4.3593242e-001,-2.10E-02,-1.21E-01,4.8134924e-001,2.4291016e-001,-3.26E-01
1.0848540e-001,-4.64E-03,-6.01E-02,4.4597693e-001,9.3543856e-002,-3.83E-01
3.9011394e-001,-1.80E-02,-5.81E-02,2.9591182e-001,1.7204818e-001,-3.32E-01
1.7779799e-001,-2.68E-02,-1.82E-01,3.2048714e-001,2.8453352e-001,-3.13E-01
1.6438470e-001,-1.30E-02,-1.52E-01,4.1684722e-001,2.0936710e-001,-2.04E-01
4.2226257e-001,-2.50E-02,-1.21E-01,4.4745473e-001,2.4141238e-001,-1.31E-01
3.4885720e-001,-4.76E-02,-9.12E-02,4.3631991e-001,2.5675737e-001,-2.02E-01
1.3613957e-001,-1.68E-02,-9.24E-02,4.3386570e-001,1.4216211e-001,-1.71E-01
1.2878424e-001,-1.08E-01,-2.30E-01,9.7093099e-002,1.8020547e-001,-5.20E-03
2.9394152e-001,-1.77E-02,-2.24E-01,1.5329079e-001,3.7717600e-001,-1.50E-01
3.8657518e-001,4.0891957e-002,-4.91E-02,9.8198441e-002,3.4578730e-001,-1.32E-01
1.3672978e-001,1.3667816e-002,-1.75E-02,8.0151738e-002,1.3812412e-001,-7.95E-02
3.1326600e-001,-2.63E-02,-8.10E-02,7.4007089e-002,2.7973240e-001,-9.25E-02
2.6824771e-001,-4.33E-02,-1.72E-01,3.2069768e-002,3.8171558e-001,-1.80E-01
2.8691718e-001,-4.25E-03,-1.30E-01,6.9309292e-002,2.6736959e-001,-2.60E-01
5.6960978e-003,-1.22E-01,-1.70E-01,1.3833710e-001,1.9965287e-001,-1.33E-01
2.7392205e-001,-8.09E-03,-1.29E-01,1.4858952e-002,2.6071652e-001,-1.75E-01
4.3485601e-001,1.6335030e-002,-8.56E-02,-1.64E-02,1.7501701e-001,-1.86E-01
3.1461853e-001,-2.01E-02,-1.14E-01,5.2563705e-002,1.4163244e-001,-2.58E-01
1.2804710e-001,-1.64E-02,-7.25E-02,3.1356552e-002,1.7636310e-001,-1.41E-01
3.0754853e-001,-5.35E-02,-1.21E-01,6.3712912e-002,1.6055201e-001,-8.26E-02
2.1248348e-001,-2.02E-02,-1.67E-01,4.7087995e-002,1.3423012e-001,-2.19E-01
2.5541232e-001,-2.57E-02,8.8599720e-004,2.5626209e-001,6.8782328e-002,-3.61E-01
2.5431425e-001,-3.56E-02,-1.43E-01,2.1970012e-001,1.0203004e-001,-3.76E-01
4.1088693e-001,-4.71E-02,-1.31E-01,3.1018454e-001,2.5800040e-001,-2.91E-01
1.3841741e-001,-2.45E-02,-1.50E-01,3.7062723e-001,2.2534376e-001,-2.94E-01
2.8320271e-001,-4.70E-02,-1.69E-01,3.8494871e-001,1.7689788e-001,-3.10E-01
5.0071572e-001,-4.54E-02,-8.62E-02,4.5150493e-001,1.8529668e-001,-2.87E-01
1.3263325e-001,-5.64E-02,-2.49E-01,1.2269608e-001,3.4531360e-001,-2.54E-01
2.8265114e-001,3.7579584e-004,-1.75E-01,1.5614213e-001,4.7320452e-001,-1.67E-01
3.5333274e-001,-6.54E-03,-3.23E-02,1.5164859e-001,3.7739411e-001,-9.70E-02
2.2602156e-001,-2.30E-02,-6.48E-02,1.4328954e-001,3.2014607e-001,-6.95E-02
2.8229290e-001,-4.30E-02,-1.17E-01,1.1497045e-001,4.2309012e-001,-3.28E-02
3.1172362e-001,1.3712140e-002,-1.40E-01,2.3557680e-001,3.6423701e-001,-1.01E-01
3.9850970e-001,1.9085078e-002,-1.35E-01,2.5703571e-001,1.9584885e-001,-2.02E-01
2.6880145e-001,-3.18E-02,-1.14E-01,-9.43E-01,-9.07E-01,-8.32E-01
2.7499297e-001,-2.99E-02,-8.39E-02,-9.54E-01,-8.99E-01,-8.78E-01
2.6732941e-001,-4.03E-02,-1.37E-01,-9.83E-01,-8.95E-01,-8.97E-01
2.5231208e-001,-4.34E-02,-1.12E-01,-9.44E-01,-7.14E-01,-8.29E-01
2.6438680e-001,-4.03E-02,-1.09E-01,-8.81E-01,-6.83E-01,-7.92E-01
2.9013020e-001,-1.82E-02,-1.23E-01,-8.97E-01,-8.39E-01,-8.59E-01
2.8920759e-001,-1.63E-03,-1.03E-01,-9.93E-01,-9.48E-01,-9.44E-01
2.7509144e-001,-2.12E-02,-1.20E-01,-9.89E-01,-9.24E-01,-9.47E-01
2.7932970e-001,-8.56E-03,-1.02E-01,-9.86E-01,-8.98E-01,-9.42E-01
2.7624653e-001,-1.72E-02,-1.16E-01,-9.68E-01,-8.70E-01,-9.22E-01
2.7497592e-001,-2.37E-02,-1.23E-01,-9.69E-01,-8.96E-01,-9.40E-01
2.8494461e-001,-6.93E-03,-1.05E-01,-9.94E-01,-9.61E-01,-9.82E-01
2.8692710e-001,1.7670119e-003,-9.82E-02,-9.95E-01,-9.43E-01,-9.57E-01
2.8362706e-001,-3.63E-03,-1.13E-01,-9.94E-01,-9.33E-01,-9.38E-01
2.7415909e-001,-2.35E-02,-1.26E-01,-9.96E-01,-9.75E-01,-9.69E-01
2.7361327e-001,-2.07E-02,-1.03E-01,-9.97E-01,-9.91E-01,-9.90E-01
2.7602795e-001,-1.77E-02,-1.08E-01,-9.98E-01,-9.89E-01,-9.81E-01
2.7690328e-001,-1.77E-02,-1.30E-01,-9.97E-01,-9.75E-01,-9.74E-01
3.5757753e-001,5.4269232e-002,-4.75E-03,-9.50E-01,-7.91E-01,-8.46E-01
2.8118007e-001,-8.55E-03,-1.02E-01,-9.89E-01,-9.29E-01,-9.28E-01
2.8218346e-001,-9.33E-03,-1.02E-01,-9.92E-01,-9.48E-01,-9.52E-01
2.8400717e-001,-2.37E-03,-9.06E-02,-9.95E-01,-9.64E-01,-9.78E-01
2.7752727e-001,-1.63E-02,-1.10E-01,-9.96E-01,-9.71E-01,-9.92E-01
2.7834237e-001,-1.69E-02,-1.10E-01,-9.97E-01,-9.82E-01,-9.86E-01
2.8080314e-001,-1.44E-02,-1.08E-01,-9.96E-01,-9.95E-01,-9.86E-01
2.7434982e-001,-2.24E-02,-1.11E-01,-9.95E-01,-9.83E-01,-9.89E-01
2.6767862e-001,-3.42E-02,-1.21E-01,-9.96E-01,-9.63E-01,-9.78E-01
2.7533442e-001,-2.70E-02,-1.17E-01,-9.92E-01,-9.22E-01,-9.58E-01
2.8351359e-001,-6.10E-03,-9.94E-02,-9.93E-01,-9.35E-01,-9.65E-01
2.8292842e-001,-3.13E-03,-7.01E-02,-9.88E-01,-9.30E-01,-9.32E-01
2.7636313e-001,-1.12E-02,-1.16E-02,-9.88E-01,-9.14E-01,-9.24E-01
2.7746164e-001,-6.06E-03,-3.80E-02,-9.95E-01,-9.42E-01,-8.92E-01
2.8725161e-001,-3.42E-03,-1.36E-01,-9.90E-01,-9.20E-01,-8.99E-01
1.1776522e-001,2.1637088e-001,2.1102436e-001,-9.23E-01,1.3787467e-004,-3.52E-01
2.5119484e-001,-4.46E-02,-1.10E-01,-9.43E-01,-8.45E-01,-8.97E-01
2.8823853e-001,-1.83E-02,-1.15E-01,-9.81E-01,-9.22E-01,-9.43E-01
2.5312489e-001,-4.06E-03,-8.03E-02,-9.92E-01,-9.79E-01,-9.80E-01
2.6949532e-001,-2.55E-02,-8.82E-02,-9.72E-01,-9.18E-01,-9.21E-01
2.8784990e-001,-2.65E-02,-1.21E-01,-9.52E-01,-8.10E-01,-8.83E-01
2.5607628e-001,-2.31E-03,-9.74E-02,-9.55E-01,-8.10E-01,-8.84E-01
2.5361872e-001,-5.54E-03,-7.79E-02,-9.84E-01,-9.14E-01,-9.48E-01
2.7627707e-001,-1.69E-02,-1.04E-01,-9.95E-01,-9.79E-01,-9.82E-01
2.7405171e-001,-1.51E-02,-1.03E-01,-9.96E-01,-9.94E-01,-9.85E-01
2.8420223e-001,-2.02E-02,-1.13E-01,-9.91E-01,-9.86E-01,-9.69E-01
2.8432034e-001,-1.99E-02,-1.18E-01,-9.90E-01,-9.84E-01,-9.70E-01
2.7773460e-001,-1.60E-02,-1.11E-01,-9.91E-01,-9.89E-01,-9.74E-01
2.8656324e-001,-2.21E-02,-1.16E-01,-9.78E-01,-9.51E-01,-9.48E-01
7.6997618e-002,1.2474860e-001,1.0281996e-001,-8.31E-01,-6.72E-01,-4.44E-01
3.4333671e-001,-3.37E-03,-2.17E-01,-9.51E-01,-8.46E-01,-8.01E-01
3.2670670e-001,-3.80E-02,-2.08E-01,-9.65E-01,-9.51E-01,-8.20E-01
3.0567755e-001,-5.53E-02,-1.91E-01,-9.63E-01,-8.99E-01,-7.86E-01
3.1253562e-001,-5.18E-02,-2.30E-01,-9.66E-01,-8.68E-01,-8.24E-01
2.9215355e-001,-2.23E-02,-1.71E-01,-9.86E-01,-9.05E-01,-8.69E-01
2.7738905e-001,-1.96E-02,-8.73E-02,-9.93E-01,-9.64E-01,-9.00E-01
2.7785668e-001,-1.92E-02,-9.04E-02,-9.90E-01,-9.16E-01,-9.20E-01
2.7196061e-001,-1.99E-02,-6.96E-02,-9.62E-01,-8.89E-01,-8.84E-01
2.5041999e-001,-2.56E-03,-1.81E-02,-9.61E-01,-8.87E-01,-9.20E-01
2.6520944e-001,-2.66E-03,-7.80E-02,-9.81E-01,-9.12E-01,-8.88E-01
2.8422652e-001,-2.18E-02,-1.29E-01,-9.93E-01,-9.77E-01,-9.46E-01
2.7390147e-001,-1.40E-02,-9.73E-02,-9.93E-01,-9.78E-01,-9.25E-01
2.8133449e-001,-1.82E-02,-1.30E-01,-9.80E-01,-9.38E-01,-8.71E-01
2.8211040e-001,-1.99E-02,-1.24E-01,-9.80E-01,-9.30E-01,-8.59E-01
2.8021495e-001,-1.63E-02,-1.32E-01,-9.86E-01,-9.31E-01,-8.07E-01
4.7789454e-001,2.6444270e-001,-2.56E-01,-6.65E-01,1.2749549e-001,-5.72E-01
5.3458646e-002,-5.45E-02,-7.02E-02,-9.05E-01,-7.91E-01,-9.24E-01
2.2850126e-001,-6.27E-02,-6.77E-02,-8.93E-01,-7.38E-01,-9.00E-01
2.7793665e-001,-1.04E-01,-3.59E-02,-8.61E-01,-5.90E-01,-8.46E-01
1.7786334e-001,-8.97E-02,-4.91E-02,-8.78E-01,-6.38E-01,-8.68E-01
1.9277768e-001,-3.21E-02,-9.80E-02,-9.60E-01,-8.61E-01,-9.54E-01
2.3377553e-001,-2.09E-02,-1.13E-01,-9.43E-01,-9.14E-01,-9.79E-01
2.8863324e-001,-1.06E-02,-1.14E-01,-9.31E-01,-9.29E-01,-9.89E-01
2.7027885e-001,-1.30E-02,-1.08E-01,-9.49E-01,-9.65E-01,-9.93E-01
2.3667066e-001,-1.99E-02,-1.09E-01,-9.86E-01,-9.92E-01,-9.91E-01
2.5884018e-001,-1.86E-02,-1.12E-01,-9.93E-01,-9.95E-01,-9.94E-01
2.6660568e-001,-1.95E-02,-1.08E-01,-9.92E-01,-9.94E-01,-9.96E-01
2.8234774e-001,-1.76E-02,-1.06E-01,-9.87E-01,-9.90E-01,-9.93E-01
3.0473464e-001,-1.56E-02,-1.06E-01,-9.81E-01,-9.92E-01,-9.91E-01
2.7206528e-001,-1.83E-02,-1.09E-01,-9.68E-01,-9.91E-01,-9.90E-01
2.7720721e-001,-2.03E-02,-1.08E-01,-9.57E-01,-9.80E-01,-9.82E-01
5.3347987e-001,4.3680045e-002,-1.58E-01,-7.52E-01,-6.87E-01,-8.23E-01
3.1999023e-001,3.7935972e-002,-1.53E-01,-6.42E-01,-5.34E-01,-7.92E-01
7.7101260e-002,-1.64E-02,-1.05E-01,-8.34E-01,-6.63E-01,-9.01E-01
2.7231547e-001,-9.11E-03,-1.11E-01,-9.57E-01,-9.55E-01,-9.80E-01
2.0459557e-001,3.1289190e-002,-1.52E-01,-5.56E-01,-5.03E-01,-4.56E-01
4.2937668e-001,-7.86E-04,-1.86E-01,-8.02E-01,-5.85E-01,-5.40E-01
2.1578169e-001,-2.75E-02,-5.98E-02,-9.62E-01,-9.58E-01,-9.36E-01
2.6603144e-001,-1.49E-02,-1.11E-01,-9.72E-01,-9.52E-01,-9.45E-01
2.8940404e-001,-1.10E-02,-1.23E-01,-9.91E-01,-9.77E-01,-9.78E-01
2.9872822e-001,-1.50E-02,-1.11E-01,-9.84E-01,-9.83E-01,-9.85E-01
3.3778386e-001,-1.14E-02,-1.23E-01,-9.66E-01,-9.78E-01,-9.73E-01
2.9371226e-001,-1.58E-02,-1.16E-01,-9.50E-01,-9.76E-01,-9.70E-01
2.3974612e-001,-2.13E-02,-1.02E-01,-9.86E-01,-9.81E-01,-9.89E-01
2.3610892e-001,-1.87E-02,-1.01E-01,-9.78E-01,-9.76E-01,-9.87E-01
2.1272817e-001,-2.42E-02,-8.27E-02,-9.71E-01,-9.48E-01,-9.69E-01
2.4517010e-001,-2.49E-02,-9.01E-02,-9.68E-01,-9.50E-01,-9.60E-01
2.8026442e-001,-1.82E-02,-1.08E-01,-9.93E-01,-9.86E-01,-9.88E-01
2.7493755e-001,-1.71E-02,-1.07E-01,-9.77E-01,-9.59E-01,-9.76E-01
2.9389279e-001,-1.47E-02,-1.16E-01,-9.69E-01,-9.50E-01,-9.70E-01
2.6583708e-001,-1.71E-02,-1.47E-01,-1.02E-01,2.6496509e-001,-1.88E-01
2.9351602e-001,2.1912034e-002,-1.34E-01,-6.84E-02,1.4462437e-001,-2.10E-01
2.8005185e-001,-1.96E-02,-1.03E-01,-3.24E-02,1.4521055e-001,-1.64E-01
2.1411400e-001,-4.53E-02,-1.13E-01,1.4340994e-003,2.2857647e-001,-1.68E-01
3.2555385e-001,1.2641865e-002,-6.87E-02,-3.19E-02,2.4560936e-001,-2.16E-01
2.8882911e-001,3.8811202e-002,-6.79E-02,-4.31E-02,8.2966049e-002,-1.65E-01
2.9167462e-001,-2.05E-02,-7.99E-02,1.9243243e-003,-2.69E-02,-1.23E-01
2.3216465e-001,-5.66E-02,-1.01E-01,-9.25E-03,9.8253737e-002,-2.37E-01
3.0403465e-001,-1.31E-02,-1.60E-01,-5.85E-02,1.5733464e-001,-2.42E-01
3.0250118e-001,7.5383754e-003,-1.20E-01,-1.16E-02,1.1685018e-001,-2.34E-01
3.0583252e-001,-4.10E-02,-8.73E-02,6.8802681e-003,1.8279957e-001,-2.38E-01
2.7973679e-001,-1.98E-02,-8.51E-02,-9.69E-02,1.4184996e-001,-2.13E-01
1.8425581e-001,-6.91E-02,-1.10E-01,1.1335783e-001,9.1921345e-002,-2.16E-01
2.8052954e-001,-5.88E-02,-5.60E-02,1.6411849e-001,1.6063131e-001,-1.90E-01
3.6089994e-001,-1.18E-02,-9.73E-02,4.2122074e-002,1.8758829e-001,-2.48E-01
2.0452454e-001,3.2804332e-002,-1.36E-01,1.3692221e-002,6.7239041e-002,-2.67E-01
2.9708928e-001,-3.19E-02,-1.16E-01,6.3842772e-002,1.8686901e-001,-1.56E-01
2.7634684e-001,-2.61E-02,-9.51E-02,3.2145302e-002,1.7157069e-001,-2.27E-01
3.4539897e-001,-1.12E-02,-1.07E-01,-6.96E-03,1.7081906e-001,-2.37E-01
2.2784956e-001,-1.09E-02,-8.54E-02,1.8335680e-002,9.8227634e-002,-2.00E-01
2.3123776e-001,-2.15E-02,-9.83E-02,2.1278436e-002,6.8205989e-002,-2.63E-01
3.5945128e-001,-2.76E-02,-1.31E-01,-1.43E-02,1.2054314e-001,-2.41E-01
2.9604176e-001,-1.84E-02,-1.47E-01,1.5215796e-002,6.9323170e-002,-2.24E-01
3.7026071e-001,-4.19E-02,-1.19E-01,4.4203636e-001,2.8785103e-001,-3.16E-01
9.7182009e-002,1.2910319e-002,-1.35E-01,3.5983752e-001,3.3167546e-001,-3.94E-01
2.6069881e-001,5.6394998e-003,-7.88E-02,3.9490861e-001,3.7831821e-001,-4.86E-01
3.2037940e-001,-3.34E-02,-1.01E-01,4.3416622e-001,3.5623134e-001,-2.96E-01
1.6433240e-001,3.4756130e-003,-1.36E-01,3.1574432e-001,3.5746491e-001,-2.45E-01
3.3548296e-001,-3.28E-02,-1.01E-01,4.0466872e-001,3.2435491e-001,-3.96E-01
1.9467196e-001,3.9067829e-002,4.8828552e-003,2.2670965e-001,2.9967324e-001,-2.84E-01
2.2140947e-001,-6.44E-05,-1.45E-01,3.2089881e-001,2.0135255e-001,-3.70E-01
3.6356996e-001,-2.44E-02,-1.40E-01,4.2680717e-001,2.9069897e-001,-3.37E-01
2.3208404e-001,-4.35E-02,-1.30E-01,3.5313290e-001,4.4821961e-001,-2.22E-01
2.6084534e-001,-1.62E-02,-1.07E-01,2.2831288e-001,4.0635013e-001,-2.70E-01
3.5013775e-001,-8.57E-03,-9.12E-02,2.5555137e-001,2.1540988e-001,-4.39E-01
2.2803471e-001,3.7900999e-002,-6.17E-02,2.3415153e-001,2.3134674e-001,-3.20E-01
2.8139561e-001,-1.21E-02,-1.61E-01,3.0576816e-001,3.4127786e-001,-3.90E-01
3.8463722e-001,-4.32E-02,-6.65E-02,2.6018363e-001,2.7189775e-001,-3.38E-01
3.0273884e-001,-1.51E-02,-1.09E-01,2.1840789e-001,3.3683891e-001,-3.63E-01
1.9174597e-001,-1.63E-02,-1.37E-01,2.1438225e-001,2.5554315e-001,-4.87E-01
3.7691975e-001,-3.26E-02,-6.40E-02,2.8953947e-001,5.3635407e-002,-4.72E-01
1.3096993e-001,-9.34E-02,-9.94E-02,2.1735759e-001,1.3954531e-001,-7.77E-02
1.3120716e-001,-6.71E-02,-7.88E-02,1.0044736e-001,2.8408328e-001,-9.43E-02
3.0900579e-001,2.7550817e-003,-1.31E-01,1.1645489e-001,4.6949703e-001,-1.18E-01
3.1227226e-001,-1.32E-02,-1.64E-01,9.1365847e-002,3.7846553e-001,-1.07E-01
3.1433073e-001,-3.58E-02,-9.31E-02,7.6321607e-004,2.2430531e-001,-1.85E-02
1.9799044e-001,-6.41E-03,-7.68E-02,7.1110858e-002,2.6524557e-001,1.1992965e-002
2.6839818e-001,4.9479613e-003,-1.31E-01,1.2794013e-001,2.6787404e-001,-5.87E-02
1.9180006e-001,-9.45E-02,-7.03E-02,-6.56E-03,2.4489625e-001,-4.21E-02
1.0222923e-001,-6.82E-02,-1.76E-01,8.3758383e-002,3.0192235e-001,4.3049886e-002
3.3072244e-001,1.6283430e-002,-1.01E-01,6.9969126e-002,4.2617482e-001,3.6171176e-002
3.4984399e-001,1.3542854e-002,-1.35E-01,2.7568830e-002,2.8470835e-001,-6.23E-02
1.7102592e-001,-2.53E-02,-1.42E-01,-5.01E-03,8.0393599e-002,-8.64E-02
3.2036101e-001,-7.43E-02,-3.12E-02,-2.88E-02,3.2872636e-001,-9.65E-03
2.7140345e-001,-9.98E-03,-5.54E-02,-2.18E-02,3.4314698e-001,-8.96E-02
1.7831814e-002,-5.81E-02,-9.11E-02,5.8913768e-002,5.3060241e-002,-1.29E-01
2.7476641e-001,-3.84E-02,-5.56E-02,1.2567647e-001,1.0246438e-001,-4.40E-02
2.8421017e-001,-6.10E-02,-1.37E-01,6.4322471e-002,2.1216539e-001,-1.04E-01
2.0050501e-001,1.7616533e-002,-1.55E-01,6.4348344e-002,1.4525876e-001,-1.84E-01
4.0755492e-001,-1.42E-03,-1.43E-01,5.0043402e-002,1.0524923e-001,-1.83E-01
2.0207704e-001,-2.83E-02,-1.19E-01,6.9909077e-002,6.0876702e-002,-1.45E-01
1.6514018e-001,-4.35E-02,-7.41E-02,1.1534606e-001,6.7267705e-002,-1.24E-01
2.7493859e-001,-4.18E-02,-1.20E-01,-9.65E-01,-9.30E-01,-8.35E-01
2.7047919e-001,-2.48E-02,-1.01E-01,-9.52E-01,-8.86E-01,-7.79E-01
2.7489891e-001,-9.66E-03,-7.74E-02,-9.58E-01,-8.97E-01,-7.86E-01
2.8190985e-001,-2.55E-02,-1.61E-01,-9.87E-01,-9.25E-01,-8.39E-01
2.7680922e-001,-2.56E-02,-1.51E-01,-9.94E-01,-9.70E-01,-9.00E-01
2.7703180e-001,-1.03E-02,-8.31E-02,-9.89E-01,-9.63E-01,-9.38E-01
2.7785894e-001,-9.77E-03,-8.63E-02,-9.87E-01,-9.57E-01,-9.22E-01
2.7848293e-001,-1.48E-02,-1.12E-01,-9.94E-01,-9.75E-01,-9.48E-01
2.7690025e-001,-1.46E-02,-1.08E-01,-9.94E-01,-9.84E-01,-9.65E-01
2.7747051e-001,-1.57E-02,-1.04E-01,-9.95E-01,-9.85E-01,-9.77E-01
2.7823147e-001,-1.63E-02,-1.05E-01,-9.96E-01,-9.87E-01,-9.85E-01
2.7586588e-001,-1.60E-02,-1.07E-01,-9.96E-01,-9.89E-01,-9.80E-01
2.7946244e-001,-2.00E-02,-1.23E-01,-9.97E-01,-9.87E-01,-9.80E-01
2.7825611e-001,-2.13E-02,-1.22E-01,-9.97E-01,-9.89E-01,-9.81E-01
2.7530586e-001,-2.00E-02,-1.16E-01,-9.98E-01,-9.91E-01,-9.82E-01
2.7741684e-001,-1.65E-02,-1.09E-01,-9.98E-01,-9.87E-01,-9.77E-01
2.7815957e-001,-1.56E-02,-1.06E-01,-9.98E-01,-9.90E-01,-9.82E-01
2.7657181e-001,-1.84E-02,-1.06E-01,-9.92E-01,-9.69E-01,-9.31E-01
3.1375143e-001,-7.30E-03,-6.70E-02,-9.53E-01,-9.33E-01,-8.10E-01
2.9662380e-001,-1.41E-02,-7.83E-02,-9.73E-01,-9.16E-01,-8.56E-01
3.3083179e-001,-1.93E-02,-4.40E-04,-9.84E-01,-9.34E-01,-9.05E-01
3.0184788e-001,-1.39E-02,-5.78E-02,-9.79E-01,-9.75E-01,-8.55E-01
2.6462594e-001,-2.06E-02,-1.36E-01,-9.91E-01,-9.74E-01,-9.80E-01
2.6885290e-001,-2.17E-02,-1.27E-01,-9.90E-01,-9.70E-01,-9.64E-01
2.8083938e-001,-1.45E-02,-1.02E-01,-9.93E-01,-9.73E-01,-9.71E-01
2.8218314e-001,-1.27E-02,-9.70E-02,-9.95E-01,-9.84E-01,-9.82E-01
2.8057697e-001,-1.37E-02,-1.04E-01,-9.95E-01,-9.88E-01,-9.87E-01
2.8098375e-001,-1.53E-02,-1.04E-01,-9.95E-01,-9.83E-01,-9.87E-01
2.7938102e-001,-9.79E-03,-1.04E-01,-9.93E-01,-9.72E-01,-9.77E-01
2.7832432e-001,-1.17E-02,-1.10E-01,-9.94E-01,-9.71E-01,-9.81E-01
2.7450352e-001,-2.37E-02,-1.19E-01,-9.95E-01,-9.81E-01,-9.79E-01
2.7554923e-001,-2.22E-02,-1.09E-01,-9.94E-01,-9.77E-01,-9.69E-01
2.9574569e-001,5.3528258e-003,-7.61E-02,-9.79E-01,-8.73E-01,-9.05E-01
2.1882692e-001,2.2987008e-002,8.0110957e-002,-9.55E-01,-8.70E-01,-7.03E-01
2.7140206e-001,-1.18E-02,-8.92E-02,-9.87E-01,-9.46E-01,-9.14E-01
2.7479126e-001,-1.44E-02,-1.10E-01,-9.77E-01,-9.61E-01,-9.62E-01
2.7791534e-001,-1.62E-02,-1.18E-01,-9.79E-01,-9.74E-01,-9.66E-01
2.8149454e-001,-1.80E-02,-1.20E-01,-9.96E-01,-9.95E-01,-9.86E-01
2.8055587e-001,-1.84E-02,-1.11E-01,-9.97E-01,-9.98E-01,-9.94E-01
2.7853922e-001,-1.76E-02,-1.09E-01,-9.96E-01,-9.98E-01,-9.96E-01
2.7932983e-001,-1.65E-02,-1.10E-01,-9.96E-01,-1.00E+00,-9.97E-01
2.7926115e-001,-1.75E-02,-1.11E-01,-9.98E-01,-9.96E-01,-9.96E-01
2.7784935e-001,-1.81E-02,-1.11E-01,-9.99E-01,-9.93E-01,-9.91E-01
2.7984725e-001,-1.76E-02,-1.12E-01,-9.99E-01,-9.93E-01,-9.88E-01
2.7879270e-001,-1.72E-02,-1.08E-01,-9.97E-01,-9.93E-01,-9.93E-01
2.7752454e-001,-1.69E-02,-1.06E-01,-9.98E-01,-9.96E-01,-9.96E-01
2.7605536e-001,-1.71E-02,-1.05E-01,-9.98E-01,-9.98E-01,-9.96E-01
2.7427611e-001,-1.69E-02,-1.09E-01,-9.97E-01,-9.98E-01,-9.94E-01
2.7694880e-001,-1.62E-02,-1.09E-01,-9.97E-01,-9.97E-01,-9.93E-01
2.7802241e-001,-1.70E-02,-1.07E-01,-9.98E-01,-9.95E-01,-9.93E-01
2.8063893e-001,-2.20E-02,-1.04E-01,-9.78E-01,-9.57E-01,-9.77E-01
2.5167783e-001,-1.81E-02,-2.21E-01,-9.45E-01,-7.97E-01,-8.94E-01
2.6957555e-001,-6.42E-03,-1.45E-01,-9.79E-01,-9.44E-01,-9.02E-01
2.8408296e-001,-1.93E-02,-1.14E-01,-9.92E-01,-9.90E-01,-9.59E-01
2.7677750e-001,-1.55E-02,-1.12E-01,-9.95E-01,-9.91E-01,-9.61E-01
2.7830391e-001,-1.70E-02,-1.06E-01,-9.96E-01,-9.91E-01,-9.70E-01
2.7445450e-001,-1.74E-02,-1.19E-01,-9.97E-01,-9.91E-01,-9.69E-01
2.7575807e-001,-1.39E-02,-1.09E-01,-9.96E-01,-9.90E-01,-9.61E-01
2.7955217e-001,-1.29E-02,-9.45E-02,-9.96E-01,-9.89E-01,-9.68E-01
2.7701435e-001,-1.34E-02,-1.01E-01,-9.96E-01,-9.84E-01,-9.40E-01
2.8044785e-001,-1.13E-02,-7.04E-02,-9.94E-01,-9.84E-01,-9.05E-01
2.8277300e-001,-1.47E-02,-8.34E-02,-9.96E-01,-9.84E-01,-9.02E-01
2.7400381e-001,-1.66E-02,-1.34E-01,-9.96E-01,-9.89E-01,-9.66E-01
2.7303065e-001,-1.34E-02,-1.30E-01,-9.95E-01,-9.87E-01,-9.61E-01
2.7972670e-001,-1.57E-02,-1.02E-01,-9.95E-01,-9.85E-01,-9.47E-01
2.8004951e-001,-1.88E-02,-9.69E-02,-9.96E-01,-9.88E-01,-9.60E-01
2.7563896e-001,-1.76E-02,-1.12E-01,-9.96E-01,-9.90E-01,-9.75E-01
2.7556949e-001,-1.71E-02,-1.14E-01,-9.95E-01,-9.96E-01,-9.66E-01
2.7729664e-001,-1.70E-02,-1.10E-01,-9.95E-01,-9.95E-01,-9.65E-01
2.7713833e-001,-1.73E-02,-1.10E-01,-9.94E-01,-9.89E-01,-9.69E-01
2.7164725e-001,-2.19E-02,-8.60E-02,-9.68E-01,-8.82E-01,-7.30E-01
2.6379070e-001,-8.55E-02,-3.58E-02,-7.30E-01,-8.77E-01,-7.80E-01
3.4226134e-001,-3.48E-02,-1.14E-01,-9.06E-01,-9.17E-01,-9.80E-01
2.3690107e-001,-1.76E-02,-1.02E-01,-9.82E-01,-9.80E-01,-9.81E-01
2.6445366e-001,-2.75E-02,-9.81E-02,-9.92E-01,-9.78E-01,-9.76E-01
2.6456646e-001,-3.06E-02,-1.02E-01,-9.93E-01,-9.93E-01,-9.83E-01
2.7162751e-001,-2.54E-02,-1.04E-01,-9.91E-01,-9.92E-01,-9.89E-01
2.8615123e-001,-1.84E-02,-1.04E-01,-9.83E-01,-9.87E-01,-9.89E-01
2.6986302e-001,-1.87E-02,-1.05E-01,-9.79E-01,-9.87E-01,-9.90E-01
2.7439154e-001,-2.23E-02,-1.05E-01,-9.83E-01,-9.94E-01,-9.90E-01
2.9594718e-001,-2.09E-02,-1.09E-01,-9.94E-01,-9.95E-01,-9.91E-01
2.9034071e-001,-1.72E-02,-1.10E-01,-9.91E-01,-9.89E-01,-9.89E-01
2.7196629e-001,-1.75E-02,-1.09E-01,-9.86E-01,-9.89E-01,-9.90E-01
2.7428504e-001,-1.84E-02,-1.11E-01,-9.83E-01,-9.88E-01,-9.85E-01
2.7051564e-001,-1.87E-02,-1.07E-01,-9.80E-01,-9.84E-01,-9.80E-01
2.9154806e-001,-1.58E-02,-1.06E-01,-9.68E-01,-9.76E-01,-9.83E-01
2.7296797e-001,-3.46E-02,-1.14E-01,-8.77E-01,-9.36E-01,-9.14E-01
3.0568090e-001,-2.89E-02,-9.40E-02,-9.65E-01,-9.77E-01,-9.61E-01
2.7411049e-001,-2.43E-02,-1.01E-01,-9.87E-01,-9.89E-01,-9.76E-01
2.8597071e-001,-1.88E-02,-1.10E-01,-9.76E-01,-9.90E-01,-9.83E-01
2.8050159e-001,-1.85E-02,-1.05E-01,-9.68E-01,-9.87E-01,-9.79E-01
2.5987908e-001,-1.94E-02,-1.02E-01,-9.72E-01,-9.87E-01,-9.78E-01
2.9038243e-001,-1.10E-02,-1.19E-01,-9.73E-01,-9.81E-01,-9.76E-01
2.6098042e-001,-1.70E-02,-1.08E-01,-9.63E-01,-9.67E-01,-9.64E-01
2.6064491e-001,-2.36E-02,-1.00E-01,-9.61E-01,-9.80E-01,-9.78E-01
2.7447866e-001,-1.90E-02,-1.08E-01,-9.68E-01,-9.86E-01,-9.86E-01
2.7275318e-001,-1.89E-02,-1.04E-01,-9.69E-01,-9.88E-01,-9.82E-01
2.8392296e-001,-1.83E-02,-1.09E-01,-9.71E-01,-9.88E-01,-9.85E-01
2.8438499e-001,-1.79E-02,-1.06E-01,-9.64E-01,-9.87E-01,-9.87E-01
2.9650818e-001,-1.58E-02,-1.08E-01,-9.60E-01,-9.81E-01,-9.81E-01
2.7254371e-001,-1.85E-02,-1.06E-01,-9.64E-01,-9.79E-01,-9.81E-01
2.7429951e-001,-1.88E-02,-1.07E-01,-9.68E-01,-9.84E-01,-9.80E-01
2.7368590e-001,-1.66E-02,-1.09E-01,-9.69E-01,-9.89E-01,-9.85E-01
2.9261161e-001,-1.31E-02,-1.13E-01,-9.56E-01,-9.78E-01,-9.82E-01
1.3105294e-001,-3.61E-02,-1.78E-01,-2.65E-01,-2.29E-01,3.0446748e-002
2.1612344e-001,-2.19E-02,-7.03E-02,-2.91E-01,-2.21E-01,6.7278802e-002
3.3485754e-001,-1.79E-02,-8.15E-02,-3.20E-01,-1.09E-01,1.0796884e-001
3.3520140e-001,-4.17E-02,-1.61E-01,-3.02E-01,1.0543074e-002,1.8533191e-001
2.3619534e-001,-4.49E-02,-1.92E-01,-3.25E-01,-4.04E-02,2.5651100e-001
2.2792024e-001,-3.39E-02,-9.47E-02,-3.68E-01,-6.07E-02,1.9014789e-001
2.7135935e-001,3.4368607e-004,-4.82E-02,-4.14E-01,-9.45E-02,1.4530145e-001
2.7468951e-001,6.2906341e-003,-6.59E-02,-4.18E-01,-1.89E-01,1.3676045e-001
3.0256464e-001,-9.24E-03,-7.84E-02,-3.87E-01,-2.60E-01,8.7894046e-002
3.0881889e-001,-2.30E-02,-1.12E-01,-3.89E-01,-2.80E-01,1.0558516e-001
2.5291028e-001,-2.92E-02,-1.28E-01,-4.12E-01,-2.69E-01,7.8616393e-002
2.5069928e-001,2.7915929e-005,-7.48E-02,-3.83E-01,-2.04E-01,9.1839403e-002
2.5678902e-001,5.2658949e-003,-8.18E-02,-3.27E-01,-1.87E-01,2.2614204e-001
2.9969761e-001,-1.14E-02,-1.53E-01,-3.03E-01,-1.81E-01,3.0176296e-001
3.7946867e-001,-1.68E-02,-1.23E-01,-3.18E-01,-1.83E-01,2.6316195e-001
1.9618648e-001,-1.60E-02,-2.10E-01,-3.15E-01,-1.56E-01,3.5904055e-002
1.8791975e-001,-2.25E-02,-1.14E-01,-2.85E-01,-1.44E-03,1.6339690e-001
2.6773609e-001,-9.71E-03,-9.58E-02,-2.77E-01,-4.74E-02,2.1022943e-001
3.7952137e-001,6.9220615e-003,-7.59E-02,-2.51E-01,-1.28E-01,2.4577709e-001
3.6947685e-001,1.1796185e-003,-1.32E-01,-2.61E-01,-1.47E-01,2.6681351e-001
2.6272713e-001,-2.38E-03,-1.79E-01,-2.86E-01,-1.91E-01,2.1873952e-001
2.6819376e-001,-1.27E-02,-9.37E-02,-3.84E-01,-2.04E-01,1.4800031e-001
2.3419257e-001,-3.84E-02,-5.35E-02,-4.11E-01,-1.63E-01,1.6643613e-001
1.8062310e-001,-2.14E-02,-5.73E-02,-3.00E-01,-1.04E-01,2.0003242e-001
3.2425746e-001,2.2561325e-003,-8.56E-02,-2.22E-01,-1.68E-02,2.6142116e-001
3.6111328e-001,-3.89E-02,-1.62E-01,-2.48E-01,1.5618656e-001,3.7917144e-001
2.2290061e-001,-5.18E-02,-1.60E-01,-2.56E-01,1.4792489e-001,3.3914944e-001
1.9885051e-001,2.9371843e-003,-1.16E-01,-2.24E-01,-1.42E-02,1.8105112e-001
2.9871530e-001,3.8546160e-004,-1.14E-01,-2.93E-01,-8.85E-02,1.7983055e-001
3.0584789e-001,-2.57E-02,-2.16E-01,-3.52E-01,-9.20E-02,2.6656609e-001
2.7506965e-001,7.9772438e-003,-5.83E-02,2.1465797e-001,6.8843345e-002,3.2865849e-001
3.8323333e-001,-3.27E-02,-1.36E-01,8.6253654e-002,1.0989983e-002,1.8372375e-001
3.2145206e-001,-1.25E-02,-7.93E-02,-8.42E-02,-1.62E-01,7.6930277e-002
2.9369439e-001,-6.36E-02,-1.82E-01,5.5629816e-003,-3.11E-03,7.3198162e-002
2.0146823e-001,-5.20E-02,-1.49E-01,-3.71E-03,-2.22E-02,8.7200272e-002
2.4680779e-001,6.2584363e-002,-7.06E-03,-3.11E-01,-3.16E-01,-2.81E-02
3.6772934e-001,-2.22E-02,-7.77E-02,-2.47E-01,-9.05E-02,1.2858818e-001
2.7089507e-001,-8.30E-02,-1.52E-01,-7.14E-03,1.0309317e-001,2.4773894e-001
2.5025146e-001,1.6908403e-002,-1.10E-01,1.1190939e-001,1.2754352e-001,2.5741962e-001
1.7812721e-001,-7.43E-02,-2.94E-01,-3.84E-01,8.5204794e-002,1.3679139e-001
3.1002023e-001,-2.84E-02,-1.97E-01,-4.83E-01,-4.82E-02,1.7171229e-001
3.0756239e-001,-2.14E-02,-1.42E-01,-3.75E-01,5.5643201e-002,9.9629738e-002
2.6193321e-001,-4.20E-02,-1.31E-01,-3.23E-01,5.3590203e-002,-2.84E-02
2.7164865e-001,-1.28E-02,-1.56E-01,-2.53E-01,3.7541980e-002,1.9126370e-002
1.8205836e-001,-3.35E-02,-1.75E-01,-2.46E-01,7.3158522e-002,2.5457799e-002
2.4925030e-001,-5.75E-02,-2.07E-01,-3.17E-01,-9.89E-04,3.2755969e-002
3.1487487e-001,-4.64E-03,-1.28E-01,-3.49E-01,-1.76E-02,6.0335015e-002
2.5613774e-001,6.5004054e-002,-5.89E-02,-3.44E-01,2.6992621e-002,-1.88E-02
4.4189806e-001,-4.41E-02,-1.22E-01,1.7631798e-001,1.1263561e-001,1.4024037e-001
2.1090881e-001,1.8408480e-002,-1.11E-01,-6.32E-02,3.9557310e-003,1.3381008e-001
1.9257942e-001,2.2417364e-002,-1.07E-01,-2.16E-01,-6.07E-02,1.3678504e-001
2.3564212e-001,-1.99E-02,-1.14E-01,-8.10E-02,6.5035955e-002,1.7006728e-001
2.7059467e-001,3.7166228e-004,-6.77E-02,5.5525353e-002,1.1585864e-001,2.1361981e-001
3.8351111e-001,-2.89E-02,-1.12E-01,4.5717749e-003,1.5172576e-001,3.1438202e-001
1.9705375e-001,-3.55E-02,-1.28E-01,1.2267084e-001,2.3770177e-001,2.5331991e-001
1.6288900e-001,2.0296968e-002,-9.16E-02,1.7385430e-001,1.2925398e-001,3.8780711e-002
3.1611445e-001,-8.52E-03,-1.08E-01,5.3619643e-002,9.8664291e-002,1.1568134e-001
2.1256773e-001,-1.06E-01,-1.52E-01,-2.24E-01,-8.95E-02,8.1879528e-002
3.0686775e-001,-1.99E-02,-7.51E-02,-2.30E-01,-5.09E-02,5.8214158e-002
2.4346465e-001,-1.02E-02,-1.20E-01,-2.99E-01,-1.12E-02,2.0688605e-002
2.0600983e-001,-6.00E-02,-1.53E-01,-3.98E-01,-1.59E-02,8.3211666e-002
2.5385638e-001,-1.28E-02,-6.60E-02,-3.86E-01,-7.69E-03,1.1010433e-001
3.4578114e-001,-2.44E-02,-1.21E-01,-3.35E-01,1.4357909e-001,6.3599834e-002
2.9620681e-001,-2.91E-02,-1.68E-01,-2.86E-01,1.0293860e-001,9.2657670e-002
2.1466362e-001,6.2177177e-003,-1.41E-01,-2.92E-01,-3.57E-02,1.3969477e-001
2.3870098e-001,6.7385055e-003,-3.92E-02,1.4479167e-001,1.0328127e-001,2.7485569e-001
3.3056512e-001,8.1565681e-003,-1.03E-01,-8.84E-02,-2.72E-02,7.3161774e-002
3.8990250e-001,-1.02E-02,-1.34E-01,-1.39E-02,2.4265580e-002,2.2558310e-001
1.9727625e-001,-4.35E-02,-1.66E-01,5.6575386e-002,1.1076968e-001,2.5654875e-001
1.1355001e-001,3.3999805e-002,-7.89E-02,-6.50E-02,1.0259897e-001,1.0343419e-001
2.6928115e-001,1.4751130e-002,-7.31E-02,-7.85E-02,1.6234198e-001,1.5255286e-001
3.3578574e-001,-5.43E-02,-1.19E-01,2.1439809e-001,2.9016712e-001,1.9588998e-001
3.3421374e-001,-3.91E-02,-4.93E-02,2.7150883e-001,2.3768351e-001,1.2477704e-001
3.6119599e-001,-9.76E-03,-1.23E-01,4.6068280e-002,1.7785183e-001,2.9991802e-001
2.3394277e-001,-1.14E-01,-9.37E-02,2.6954028e-002,1.0525258e-001,2.8323646e-001
4.0800415e-001,-2.55E-02,-5.47E-02,1.0107348e-003,6.6924658e-002,2.5772509e-001
2.4501799e-001,-5.34E-02,-1.31E-01,-2.24E-01,9.5097386e-002,1.0579157e-001
2.4971406e-001,-5.69E-02,-1.31E-01,-2.77E-01,1.2511436e-001,8.2174639e-002
3.3070828e-001,7.5610677e-003,-6.14E-02,-2.16E-01,1.0107503e-001,7.2949138e-002
3.1890338e-001,-1.20E-02,-1.24E-01,-1.67E-01,9.9894490e-002,6.2873750e-002
2.3546979e-001,-5.25E-02,-1.79E-01,-2.44E-01,2.5758463e-002,8.0386058e-003
2.3331687e-001,-2.65E-02,-9.55E-02,-2.96E-01,-8.89E-02,4.9966173e-002
2.4251136e-001,-4.14E-02,-2.40E-01,-9.67E-01,-9.16E-01,-8.25E-01
2.3832745e-001,-3.74E-02,-2.45E-01,-9.83E-01,-9.18E-01,-8.56E-01
2.5560091e-001,-2.23E-02,-1.60E-01,-9.85E-01,-9.69E-01,-8.90E-01
2.7474404e-001,-1.99E-02,-1.13E-01,-9.91E-01,-9.79E-01,-9.69E-01
2.7653619e-001,-1.93E-02,-1.13E-01,-9.94E-01,-9.85E-01,-9.73E-01
2.7588889e-001,-1.93E-02,-1.09E-01,-9.96E-01,-9.87E-01,-9.84E-01
2.7554108e-001,-1.79E-02,-1.13E-01,-9.97E-01,-9.91E-01,-9.80E-01
2.7955457e-001,-1.60E-02,-1.11E-01,-9.95E-01,-9.90E-01,-9.70E-01
2.9548551e-001,-7.69E-03,-6.15E-02,-9.83E-01,-9.55E-01,-9.09E-01
2.9125244e-001,-7.15E-03,-7.17E-02,-9.82E-01,-9.51E-01,-8.89E-01
2.7062161e-001,-1.84E-02,-1.28E-01,-9.93E-01,-9.77E-01,-9.56E-01
2.6867077e-001,-2.37E-02,-1.27E-01,-9.96E-01,-9.92E-01,-9.82E-01
2.7162844e-001,-2.32E-02,-1.25E-01,-9.94E-01,-9.86E-01,-9.85E-01
2.7539816e-001,-1.85E-02,-1.12E-01,-9.93E-01,-9.79E-01,-9.50E-01
2.7137891e-001,-1.74E-02,-1.21E-01,-9.89E-01,-9.68E-01,-9.31E-01
2.7346395e-001,-2.06E-02,-1.21E-01,-9.88E-01,-9.70E-01,-9.42E-01
2.8692081e-001,-1.74E-02,-8.57E-02,-9.93E-01,-9.84E-01,-9.79E-01
2.5852495e-001,-2.59E-02,-1.35E-01,-8.91E-01,-8.80E-01,-6.59E-01
2.3762856e-001,-2.97E-02,-1.56E-01,-9.55E-01,-9.44E-01,-8.34E-01
3.0118103e-001,-1.52E-02,-7.79E-02,-9.90E-01,-9.81E-01,-9.46E-01
2.8172888e-001,-1.82E-02,-1.03E-01,-9.90E-01,-9.86E-01,-9.61E-01
2.6816371e-001,-1.94E-02,-1.21E-01,-9.94E-01,-9.84E-01,-9.85E-01
2.8746302e-001,-1.34E-02,-9.47E-02,-9.89E-01,-9.74E-01,-9.61E-01
3.0519779e-001,-1.19E-02,-7.33E-02,-9.93E-01,-9.66E-01,-9.75E-01
3.0389526e-001,-8.80E-03,-7.23E-02,-9.89E-01,-9.17E-01,-9.57E-01
2.9245680e-001,-6.92E-03,-8.71E-02,-9.84E-01,-8.76E-01,-9.38E-01
2.6753475e-001,-1.90E-02,-1.23E-01,-9.80E-01,-8.91E-01,-9.11E-01
2.5354512e-001,-2.53E-02,-1.40E-01,-9.75E-01,-9.29E-01,-8.87E-01
2.6018170e-001,-2.36E-02,-1.29E-01,-9.67E-01,-9.07E-01,-8.37E-01
2.7740308e-001,-1.86E-02,-1.09E-01,-9.71E-01,-9.08E-01,-8.51E-01
2.6381656e-001,-2.35E-02,-1.29E-01,-9.79E-01,-9.33E-01,-9.12E-01
2.6532664e-001,-2.28E-02,-1.23E-01,-9.82E-01,-9.41E-01,-9.24E-01
2.9592829e-001,-6.09E-03,-8.85E-02,-9.92E-01,-9.55E-01,-9.76E-01
2.8448363e-001,-6.37E-03,-1.07E-01,-9.87E-01,-9.66E-01,-9.62E-01
2.7849819e-001,-1.29E-02,-1.05E-01,-9.89E-01,-9.74E-01,-9.58E-01
1.4872361e-001,7.1206865e-002,1.3588208e-001,-9.27E-01,-7.23E-01,-4.99E-01
2.7559174e-001,-1.41E-02,-1.18E-01,-9.76E-01,-9.56E-01,-9.34E-01
2.8191089e-001,-1.71E-02,-1.15E-01,-9.91E-01,-9.89E-01,-9.71E-01
2.7588808e-001,-1.68E-02,-1.11E-01,-9.94E-01,-9.88E-01,-9.86E-01
2.7920685e-001,-1.75E-02,-1.13E-01,-9.95E-01,-9.89E-01,-9.87E-01
2.7574932e-001,-1.63E-02,-1.08E-01,-9.97E-01,-9.96E-01,-9.92E-01
2.7678700e-001,-1.54E-02,-1.04E-01,-9.97E-01,-9.97E-01,-9.93E-01
2.7512872e-001,-1.48E-02,-1.03E-01,-9.97E-01,-9.95E-01,-9.96E-01
2.7645428e-001,-1.60E-02,-1.05E-01,-9.97E-01,-9.92E-01,-1.00E+00
2.7866697e-001,-1.69E-02,-1.10E-01,-9.97E-01,-9.91E-01,-9.93E-01
2.7623069e-001,-1.76E-02,-1.08E-01,-9.96E-01,-9.94E-01,-9.83E-01
2.7351794e-001,-1.55E-02,-9.92E-02,-9.95E-01,-9.89E-01,-9.83E-01
2.7345577e-001,-1.48E-02,-1.02E-01,-9.94E-01,-9.90E-01,-9.86E-01
2.8184136e-001,-2.16E-02,-1.13E-01,-9.83E-01,-9.62E-01,-9.67E-01
2.1857548e-001,2.8907496e-002,-2.23E-01,-9.21E-01,-6.22E-01,-6.82E-01
2.6284831e-001,1.1625917e-002,-6.97E-02,-9.60E-01,-8.66E-01,-9.04E-01
2.9262666e-001,-1.75E-02,-8.28E-02,-9.84E-01,-9.44E-01,-8.45E-01
2.7306417e-001,-5.69E-03,-9.92E-02,-9.92E-01,-9.43E-01,-8.59E-01
2.7669175e-001,-4.23E-03,-6.81E-02,-9.94E-01,-9.67E-01,-9.33E-01
2.7940380e-001,-1.27E-02,-1.01E-01,-9.93E-01,-9.79E-01,-9.55E-01
2.7899819e-001,-1.23E-02,-9.79E-02,-9.93E-01,-9.84E-01,-9.58E-01
2.7831789e-001,-1.60E-02,-1.11E-01,-9.93E-01,-9.68E-01,-9.14E-01
2.7847815e-001,-2.43E-02,-1.15E-01,-9.93E-01,-9.69E-01,-9.16E-01
2.8269267e-001,-1.14E-01,-1.49E-01,-9.90E-01,-6.78E-01,-7.85E-01
2.7105118e-001,-9.69E-02,-1.93E-01,-9.65E-01,-4.75E-01,-5.98E-01
2.5146938e-001,1.1197833e-001,1.2501088e-001,-9.57E-01,-4.22E-01,-2.35E-01
2.8934188e-001,4.5433305e-002,-2.76E-02,-9.63E-01,-3.93E-01,-7.59E-02
3.0314527e-001,-6.90E-02,-2.91E-01,-9.82E-01,-8.12E-01,-6.30E-01
2.7174631e-001,-4.11E-03,-1.25E-01,-9.92E-01,-9.40E-01,-8.98E-01
2.7369013e-001,-6.61E-03,-1.17E-01,-9.93E-01,-9.64E-01,-9.16E-01
8.1372604e-002,-4.61E-02,-5.21E-02,-8.08E-01,-9.09E-01,-8.33E-01
3.0344630e-001,-2.96E-02,-1.06E-01,-9.71E-01,-9.74E-01,-9.82E-01
2.6844106e-001,-2.60E-02,-9.79E-02,-9.86E-01,-9.92E-01,-9.88E-01
2.4761743e-001,-2.54E-02,-9.86E-02,-9.85E-01,-9.94E-01,-9.87E-01
2.6514968e-001,-2.49E-02,-9.94E-02,-9.71E-01,-9.89E-01,-9.88E-01
2.9485476e-001,-2.09E-02,-1.05E-01,-9.65E-01,-9.86E-01,-9.86E-01
2.9915906e-001,-1.81E-02,-1.10E-01,-9.72E-01,-9.90E-01,-9.92E-01
2.8257175e-001,-2.07E-02,-1.06E-01,-9.84E-01,-9.93E-01,-9.94E-01
2.9847347e-001,-1.92E-02,-1.05E-01,-9.79E-01,-9.90E-01,-9.91E-01
2.9510363e-001,-1.81E-02,-1.08E-01,-9.76E-01,-9.90E-01,-9.92E-01
2.9725010e-001,-1.37E-02,-1.12E-01,-9.69E-01,-9.84E-01,-9.91E-01
2.8932124e-001,-1.44E-02,-1.12E-01,-9.65E-01,-9.84E-01,-9.92E-01
2.5423092e-001,-1.98E-02,-1.06E-01,-9.78E-01,-9.94E-01,-9.92E-01
2.5343430e-001,-1.85E-02,-1.04E-01,-9.64E-01,-9.85E-01,-9.83E-01
2.6489330e-001,-1.83E-02,-1.06E-01,-9.51E-01,-9.76E-01,-9.75E-01
2.6438426e-001,-1.70E-02,-1.08E-01,-9.49E-01,-9.72E-01,-9.72E-01
2.7318191e-001,-1.90E-02,-1.08E-01,-9.51E-01,-9.72E-01,-9.74E-01
2.9677494e-001,-2.08E-02,-1.08E-01,-9.59E-01,-9.81E-01,-9.80E-01
2.6583983e-001,-1.70E-02,-1.06E-01,-9.54E-01,-9.81E-01,-9.84E-01
2.8276663e-001,-1.45E-02,-1.11E-01,-9.34E-01,-9.76E-01,-9.69E-01
2.7908797e-001,-1.69E-02,-1.09E-01,-9.35E-01,-9.72E-01,-9.64E-01
2.9385431e-001,-1.84E-02,-1.05E-01,-9.34E-01,-9.72E-01,-9.72E-01
3.0030620e-001,-1.61E-02,-1.11E-01,-9.30E-01,-9.76E-01,-9.76E-01
4.0197961e-002,-4.15E-02,-7.12E-02,-6.78E-01,-8.66E-01,-7.88E-01
3.4550329e-001,-2.66E-02,-1.08E-01,-9.58E-01,-9.59E-01,-9.52E-01
2.6780324e-001,-2.85E-02,-9.46E-02,-9.78E-01,-9.75E-01,-9.83E-01
2.8151063e-001,-2.36E-02,-1.03E-01,-9.72E-01,-9.82E-01,-9.90E-01
2.8659065e-001,-2.29E-02,-1.05E-01,-9.75E-01,-9.82E-01,-9.93E-01
2.8542862e-001,-2.31E-02,-1.07E-01,-9.77E-01,-9.82E-01,-9.94E-01
2.9229580e-001,-1.82E-02,-1.08E-01,-9.77E-01,-9.90E-01,-9.92E-01
3.0115193e-001,-1.49E-02,-1.11E-01,-9.68E-01,-9.90E-01,-9.81E-01
2.7928346e-001,-1.82E-02,-1.07E-01,-9.59E-01,-9.82E-01,-9.76E-01
2.7781920e-001,-1.50E-02,-1.10E-01,-9.60E-01,-9.71E-01,-9.79E-01
2.7646785e-001,-1.60E-02,-1.10E-01,-9.59E-01,-9.68E-01,-9.74E-01
2.7190845e-001,-1.68E-02,-1.05E-01,-9.57E-01,-9.70E-01,-9.76E-01
2.6486552e-001,-1.85E-02,-1.07E-01,-9.54E-01,-9.66E-01,-9.84E-01
2.5938754e-001,-1.97E-02,-1.07E-01,-9.61E-01,-9.68E-01,-9.81E-01
2.6949589e-001,-1.93E-02,-1.07E-01,-9.64E-01,-9.67E-01,-9.83E-01
2.9459424e-001,-2.06E-02,-1.08E-01,-9.46E-01,-9.66E-01,-9.57E-01
2.4042702e-001,-5.73E-02,-2.08E-01,-3.64E-01,-3.10E-01,-9.08E-03
2.4158865e-001,-2.46E-02,-1.20E-01,-3.41E-01,-2.45E-01,6.7748938e-002
2.1142198e-001,-3.10E-02,-9.81E-02,-3.44E-01,-1.30E-01,3.3213888e-003
2.4242328e-001,-2.13E-02,-8.69E-02,-3.45E-01,-6.43E-02,3.0922559e-002
2.3289803e-001,4.3234881e-004,-2.74E-02,-3.18E-01,-1.33E-01,1.2212600e-001
3.4162736e-001,-1.92E-04,-6.64E-02,-2.84E-01,-1.76E-01,1.0381748e-001
4.0554844e-001,-3.26E-02,-1.16E-01,-2.48E-01,-5.27E-04,1.0659021e-001
2.7310142e-001,-3.52E-02,-9.91E-02,-2.70E-01,-2.95E-03,2.1597830e-001
2.3693975e-001,-2.13E-02,-1.22E-01,-3.31E-01,-1.37E-01,1.2591560e-001
2.5824156e-001,-4.30E-02,-1.53E-01,-3.28E-01,-7.19E-02,1.1136390e-001
2.6232704e-001,-1.14E-02,-1.04E-01,-2.89E-01,-1.08E-01,1.4658585e-001
2.4313596e-001,2.2088290e-002,-5.27E-02,-2.81E-01,-1.69E-01,6.0592970e-002
2.7647097e-001,2.1227204e-003,-8.79E-02,-2.55E-01,-1.05E-01,1.8042873e-001
3.0793563e-001,-1.83E-02,-1.34E-01,-2.61E-01,-1.30E-01,3.6091286e-001
2.7148364e-001,-3.21E-02,-1.33E-01,-2.83E-01,-1.18E-01,4.2627579e-001
2.2999151e-001,-5.00E-02,-1.28E-01,-1.65E-01,-1.26E-01,2.0286435e-001
3.6853881e-001,-2.36E-02,-7.48E-02,-1.26E-01,-2.41E-02,2.4760655e-001
3.1683805e-001,-4.51E-02,-1.48E-01,-1.69E-01,9.4847546e-002,3.3916274e-001
1.9436057e-001,-8.88E-03,-7.18E-02,-2.45E-01,7.5417792e-002,2.1287550e-001
1.9650750e-001,1.6571235e-002,-6.43E-02,-2.71E-01,4.5322681e-003,1.1674249e-001
2.8951581e-001,6.2603941e-005,-1.23E-01,-2.60E-01,-7.05E-02,2.4428998e-001
3.1441193e-001,-2.77E-02,-1.09E-01,-2.63E-01,-7.18E-02,3.3058085e-001
2.9488146e-001,-1.36E-02,-9.58E-02,-3.63E-01,-5.15E-02,2.0847577e-001
3.3680079e-001,1.0527750e-002,-5.78E-02,-4.36E-01,-1.26E-01,3.7930565e-002
3.1951401e-001,-2.82E-03,-6.40E-02,-4.14E-01,-2.16E-01,1.2535059e-002
2.6568148e-001,-4.11E-02,-1.54E-01,-4.08E-01,-3.09E-01,-2.78E-03
2.5710540e-001,-2.89E-02,-1.49E-01,-4.11E-01,-2.94E-01,-5.19E-02
2.6951492e-001,-3.01E-02,-1.63E-01,-4.04E-01,-2.36E-01,7.8349965e-002
2.8365790e-001,-3.52E-02,-1.69E-01,-4.32E-01,-2.26E-01,1.2155685e-001
2.9215118e-001,9.3383399e-003,4.9582332e-002,7.9084323e-002,2.4478654e-002,9.6240956e-002
2.5367246e-001,-3.90E-02,-4.67E-02,5.6294354e-002,-6.97E-02,-1.41E-01
2.8176330e-001,-2.81E-04,-2.31E-01,9.4543360e-002,9.9370835e-002,3.8899428e-001
2.6182517e-001,-1.43E-02,-1.58E-01,2.4748310e-001,1.9025989e-001,6.6690912e-001
2.9861009e-001,-2.45E-02,-3.18E-02,1.7876708e-001,2.4352969e-001,3.8989817e-001
2.6903664e-001,6.1902017e-003,-2.99E-02,-1.27E-01,1.2346404e-001,3.3962083e-001
2.9825973e-001,-4.38E-02,-1.11E-01,-1.60E-02,8.2109271e-003,3.7872828e-001
3.1009673e-001,-3.88E-02,-1.55E-01,1.8769901e-001,1.3185838e-001,3.0857079e-001
2.4802500e-001,-2.01E-02,-6.37E-02,1.1056332e-001,1.0003137e-001,2.2569798e-001
4.9804878e-001,-3.39E-02,-1.08E-01,3.1701637e-001,2.2183590e-001,2.9234333e-001
4.4956611e-001,-2.59E-02,-9.17E-02,2.5545789e-001,2.1534169e-001,2.4888199e-001
6.9324092e-002,-7.34E-03,-1.62E-01,-9.01E-02,3.0084656e-004,2.4375184e-001
2.0139663e-001,-2.12E-02,-1.72E-01,5.0145805e-002,1.4778325e-001,2.9643031e-001
3.5468697e-001,3.7508434e-003,-6.97E-02,6.3764578e-002,2.2106649e-001,2.1327934e-001
2.8560987e-001,3.8231919e-003,-9.05E-02,-1.65E-01,8.5243433e-002,1.7363621e-001
2.6487220e-001,-4.15E-02,-9.91E-02,8.1513810e-002,2.3517890e-001,2.1005573e-001
3.1942350e-001,-5.71E-02,-3.47E-02,2.2830401e-001,2.4893053e-001,4.1061291e-001
4.1868999e-001,-1.61E-02,-1.44E-01,1.2466696e-001,2.3523619e-001,6.2005413e-001
4.4549718e-001,-3.87E-02,-2.25E-02,3.1201012e-001,3.9300916e-001,4.5565437e-001
2.2547825e-001,9.4062866e-003,-1.48E-01,3.4914420e-002,2.7963256e-001,2.3902099e-001
1.5385242e-001,3.3191304e-002,-5.23E-02,-1.02E-01,1.0534834e-001,2.6201524e-001
2.3496094e-001,-3.99E-02,-4.30E-02,1.2499849e-001,1.4712733e-001,2.9500279e-001
3.5326163e-001,-2.18E-02,-8.99E-02,1.2437313e-001,2.3213758e-001,2.9191292e-001
3.2874279e-001,-1.43E-02,-1.56E-01,-5.41E-02,1.9853300e-001,3.2603215e-001
3.2719463e-001,-3.45E-02,-1.60E-01,-8.43E-02,9.4496469e-002,1.8986533e-001
3.2012756e-001,-2.05E-02,-5.90E-02,-4.35E-02,2.6805155e-002,1.9015573e-001
2.9802217e-001,-4.03E-02,-6.00E-02,-8.58E-02,1.5435278e-001,2.2386056e-001
-2.38E-03,-1.18E-01,-1.62E-01,-1.86E-01,1.2372816e-001,2.3955661e-001
3.1433302e-001,-2.46E-02,4.1584881e-003,-1.57E-01,1.0920303e-001,2.5082006e-001
3.4120224e-001,-5.45E-02,-1.40E-01,-2.09E-01,2.8383302e-001,1.7622782e-001
1.2111138e-001,-8.51E-02,-2.52E-01,-2.82E-01,1.9993018e-001,2.8564470e-001
2.7185374e-001,-5.15E-02,-1.33E-01,-1.87E-01,1.9545378e-001,3.6013272e-001
3.4411880e-001,7.6122207e-003,-5.58E-02,-1.28E-01,2.1217131e-001,1.8257806e-001
2.5681262e-001,7.8555014e-002,-1.07E-01,-2.16E-01,4.7457311e-002,1.2264934e-001
1.8155133e-001,1.5986403e-002,-1.66E-01,-2.15E-01,-8.98E-03,1.2841003e-001
1.7938622e-001,-1.27E-01,-3.05E-01,-3.01E-01,2.4547074e-002,1.8141688e-001
2.1212821e-001,-6.02E-02,-1.74E-01,-2.70E-01,2.9462161e-002,1.2895818e-001
2.4023817e-001,-2.70E-02,-1.08E-01,-2.04E-01,4.7748085e-002,1.0979608e-001
1.9681046e-001,-2.57E-02,-8.78E-02,-2.84E-01,5.7880048e-002,9.1711699e-002
2.1849327e-001,-7.82E-03,-9.37E-02,-3.68E-01,3.3010717e-003,2.0208021e-003
3.3123629e-001,-2.88E-02,-1.08E-01,-2.89E-01,3.0582538e-002,1.2509280e-001
2.5031582e-001,-3.56E-04,-7.22E-02,-2.00E-01,5.8961383e-003,1.9715871e-001
2.4412089e-001,2.5065988e-002,-5.97E-02,-1.43E-01,-4.17E-02,1.9655197e-001
3.0064878e-001,-5.34E-02,-1.30E-01,-1.80E-01,2.7200811e-001,7.2778592e-002
6.3685486e-002,-1.19E-01,-1.90E-01,-7.91E-02,1.3074017e-001,4.0696892e-002
1.3152726e-001,-3.69E-02,-1.29E-01,-1.62E-01,-4.15E-02,1.0262289e-001
2.8651141e-001,-7.65E-02,-4.67E-02,-3.32E-01,-2.04E-01,-3.89E-02
2.7026254e-001,-4.75E-02,-8.99E-02,-2.94E-01,-8.27E-02,-7.67E-02
2.0503274e-001,-1.45E-02,-1.15E-01,-1.55E-01,8.8273664e-002,2.4146748e-002
3.5199182e-001,-5.71E-02,-4.77E-02,-1.63E-01,8.9461533e-002,5.7331107e-002
3.3000571e-001,-2.71E-02,-1.27E-01,-1.69E-01,-3.36E-03,7.4553082e-002
2.3085677e-001,3.5871225e-002,-1.19E-01,-1.22E-01,-7.56E-02,2.9155992e-002
2.1178768e-001,2.7421621e-002,-9.95E-02,-2.25E-01,-3.76E-02,5.0403070e-003
3.0485751e-001,-2.02E-02,-1.07E-01,-9.63E-01,-9.41E-01,-9.62E-01
2.8847554e-001,-1.87E-02,-1.16E-01,-9.89E-01,-9.57E-01,-9.90E-01
2.7416384e-001,-1.60E-02,-1.13E-01,-9.94E-01,-9.71E-01,-9.84E-01
2.7651284e-001,-1.53E-02,-1.04E-01,-9.95E-01,-9.78E-01,-9.90E-01
2.7771646e-001,-1.66E-02,-1.01E-01,-9.97E-01,-9.87E-01,-9.90E-01
2.7208929e-001,-1.46E-02,-9.80E-02,-9.76E-01,-9.43E-01,-9.86E-01
2.7310738e-001,-1.28E-02,-9.39E-02,-9.76E-01,-9.39E-01,-9.84E-01
2.7617097e-001,-7.57E-03,-9.66E-02,-9.88E-01,-9.52E-01,-9.85E-01
2.7290282e-001,-7.78E-03,-9.99E-02,-9.80E-01,-9.11E-01,-9.82E-01
2.7965294e-001,-2.73E-02,-1.19E-01,-9.84E-01,-9.11E-01,-9.60E-01
2.8865803e-001,-3.45E-02,-1.39E-01,-9.97E-01,-9.72E-01,-9.87E-01
2.8571747e-001,-2.16E-02,-1.22E-01,-9.97E-01,-9.79E-01,-9.82E-01
2.7623015e-001,-1.17E-02,-9.98E-02,-9.95E-01,-9.83E-01,-9.82E-01
2.7071598e-001,-9.18E-03,-9.46E-02,-9.96E-01,-9.87E-01,-9.91E-01
2.7421815e-001,-1.92E-02,-1.06E-01,-9.95E-01,-9.74E-01,-9.93E-01
2.7759559e-001,-2.80E-02,-1.14E-01,-9.96E-01,-9.74E-01,-9.90E-01
2.7837225e-001,-1.83E-02,-1.09E-01,-9.97E-01,-9.64E-01,-9.86E-01
2.7737695e-001,-1.04E-02,-1.03E-01,-9.96E-01,-9.89E-01,-9.95E-01
2.7966961e-001,-1.70E-02,-1.12E-01,-9.97E-01,-9.82E-01,-9.92E-01
2.8286723e-001,-1.79E-02,-1.14E-01,-9.93E-01,-9.63E-01,-9.80E-01
2.6985762e-001,2.3327745e-002,-4.75E-02,-9.85E-01,-7.51E-01,-8.81E-01
2.7593882e-001,-3.32E-02,-1.16E-01,-9.95E-01,-9.63E-01,-9.85E-01
2.8601661e-001,-1.72E-02,-1.23E-01,-9.97E-01,-9.73E-01,-9.94E-01
2.8614120e-001,-1.50E-02,-1.19E-01,-9.92E-01,-9.53E-01,-9.87E-01
2.7971673e-001,-1.70E-02,-1.11E-01,-9.90E-01,-9.37E-01,-9.77E-01
2.7550465e-001,-1.52E-02,-1.05E-01,-9.89E-01,-9.31E-01,-9.68E-01
2.7327493e-001,-1.90E-02,-1.00E-01,-9.88E-01,-9.36E-01,-9.71E-01
2.7539025e-001,-2.03E-02,-1.06E-01,-9.93E-01,-9.57E-01,-9.82E-01
2.7719882e-001,-1.36E-02,-1.08E-01,-9.96E-01,-9.72E-01,-9.93E-01
2.7497836e-001,-1.23E-02,-1.03E-01,-9.96E-01,-9.88E-01,-9.94E-01
2.7653124e-001,-1.61E-02,-1.05E-01,-9.96E-01,-9.82E-01,-9.90E-01
2.8168012e-001,-1.70E-02,-1.17E-01,-9.95E-01,-9.83E-01,-9.86E-01
2.8022736e-001,-1.95E-02,-1.14E-01,-9.95E-01,-9.89E-01,-9.83E-01
2.7828250e-001,-2.00E-02,-1.06E-01,-9.97E-01,-9.83E-01,-9.92E-01
2.8095758e-001,-1.48E-02,-1.12E-01,-9.97E-01,-9.75E-01,-9.89E-01
2.7999614e-001,-2.13E-02,-1.16E-01,-9.97E-01,-9.68E-01,-9.89E-01
2.7851558e-001,-2.25E-02,-1.11E-01,-9.98E-01,-9.76E-01,-9.91E-01
2.2681184e-001,1.0453685e-002,-1.62E-01,-9.25E-01,-5.77E-01,-9.13E-01
2.9381179e-001,-3.42E-02,-1.15E-01,-9.89E-01,-9.03E-01,-9.56E-01
2.7866895e-001,-1.28E-02,-1.08E-01,-9.94E-01,-9.83E-01,-9.77E-01
2.7980363e-001,-1.80E-02,-1.15E-01,-9.96E-01,-9.90E-01,-9.89E-01
2.7619898e-001,-1.68E-02,-1.05E-01,-9.97E-01,-9.92E-01,-9.87E-01
2.8328730e-001,-1.87E-02,-1.08E-01,-9.94E-01,-9.79E-01,-9.83E-01
2.8183863e-001,-2.00E-02,-1.15E-01,-9.93E-01,-9.74E-01,-9.82E-01
2.7980996e-001,-1.78E-02,-1.08E-01,-9.96E-01,-9.85E-01,-9.83E-01
2.8545174e-001,-1.67E-02,-1.11E-01,-9.97E-01,-9.91E-01,-9.87E-01
2.7950755e-001,-1.79E-02,-1.11E-01,-9.96E-01,-9.89E-01,-9.89E-01
2.7795913e-001,-1.82E-02,-1.10E-01,-9.96E-01,-9.90E-01,-9.84E-01
2.7752436e-001,-1.75E-02,-1.07E-01,-9.95E-01,-9.93E-01,-9.82E-01
2.8084066e-001,-1.81E-02,-1.09E-01,-9.95E-01,-9.96E-01,-9.85E-01
2.7998734e-001,-1.82E-02,-1.11E-01,-9.96E-01,-9.96E-01,-9.85E-01
2.7788779e-001,-1.82E-02,-1.07E-01,-9.96E-01,-9.94E-01,-9.87E-01
2.7998921e-001,-1.72E-02,-1.08E-01,-9.96E-01,-9.93E-01,-9.88E-01
3.7244226e-001,-1.54E-02,-2.64E-01,-8.95E-01,-8.62E-01,-5.92E-01
2.5155959e-001,-1.92E-03,-7.89E-02,-9.83E-01,-9.48E-01,-9.50E-01
2.7300097e-001,-1.53E-02,-1.05E-01,-9.92E-01,-9.85E-01,-9.78E-01
2.7744764e-001,-1.39E-02,-1.15E-01,-9.96E-01,-9.94E-01,-9.90E-01
2.7616084e-001,-1.34E-02,-1.10E-01,-9.97E-01,-9.91E-01,-9.88E-01
2.6988527e-001,-1.21E-02,-9.72E-02,-9.96E-01,-9.91E-01,-9.80E-01
2.6844345e-001,-1.33E-02,-9.66E-02,-9.97E-01,-9.93E-01,-9.85E-01
2.8109878e-001,-1.78E-02,-1.19E-01,-9.95E-01,-9.90E-01,-9.83E-01
2.8329878e-001,-1.88E-02,-1.16E-01,-9.95E-01,-9.92E-01,-9.78E-01
2.7758272e-001,-1.88E-02,-1.10E-01,-9.96E-01,-9.93E-01,-9.86E-01
2.7884983e-001,-1.75E-02,-1.13E-01,-9.97E-01,-9.89E-01,-9.90E-01
2.7887372e-001,-1.47E-02,-1.08E-01,-9.96E-01,-9.93E-01,-9.91E-01
2.7545155e-001,-1.57E-02,-1.06E-01,-9.96E-01,-9.96E-01,-9.85E-01
2.7600479e-001,-1.72E-02,-1.08E-01,-9.97E-01,-9.96E-01,-9.84E-01
2.7682940e-001,-1.62E-02,-1.09E-01,-9.96E-01,-9.93E-01,-9.90E-01
2.7936261e-001,-1.54E-02,-1.11E-01,-9.95E-01,-9.93E-01,-9.89E-01
2.8346177e-001,-1.93E-02,-1.19E-01,-9.95E-01,-9.93E-01,-9.87E-01
2.7963844e-001,-1.86E-02,-1.10E-01,-9.92E-01,-9.83E-01,-9.78E-01
-5.04E-01,-5.94E-01,2.6480435e-001,-7.03E-01,6.7248690e-001,-4.65E-01
-1.88E-01,-1.00E+00,1.1369412e-001,-5.55E-01,-3.62E-01,-1.93E-01
5.0381064e-001,-5.44E-01,-2.96E-01,-8.46E-01,1.6981632e-001,-6.99E-01
3.0376839e-001,2.4767520e-002,-1.11E-01,-8.19E-01,-1.80E-01,-6.16E-01
1.6913760e-001,6.4674689e-001,6.7229432e-002,-8.45E-01,3.3971904e-001,-6.74E-01
6.3262707e-001,1.0000000e+000,-4.44E-01,-7.48E-01,-1.62E-01,-2.65E-02
1.0000000e+000,5.3581987e-001,-7.58E-01,-9.34E-01,4.9344599e-001,-5.37E-01
6.9276103e-001,6.4792048e-002,-5.09E-01,-7.74E-01,-5.98E-01,-6.70E-01
3.6273794e-001,2.1303978e-002,-4.75E-01,-8.99E-01,-8.35E-01,-7.89E-01
4.8826817e-001,-5.46E-03,-5.75E-01,-8.94E-01,-8.90E-01,-7.86E-01
2.5653771e-001,-2.99E-02,-8.93E-02,-7.05E-01,-9.01E-01,2.7251155e-001
-4.12E-01,-1.82E-01,8.5071961e-001,-7.16E-01,-3.82E-01,4.1603106e-002
-4.66E-01,-6.18E-01,9.4879499e-001,-7.90E-01,-5.73E-02,-3.53E-01
2.9387170e-002,-6.85E-01,2.9673378e-001,-8.13E-01,-2.81E-01,-2.27E-01
2.4958614e-001,-2.56E-01,-1.03E-01,-9.76E-01,-2.64E-01,-8.44E-01
2.6101804e-001,9.4466922e-002,-1.19E-01,-9.75E-01,-5.20E-01,-9.58E-01
4.5022731e-001,4.4923424e-001,-2.46E-01,-8.83E-01,-2.41E-01,-6.45E-01
6.8026620e-001,5.9451302e-001,-5.74E-01,-9.12E-01,-5.16E-01,-5.75E-01
1.6251295e-001,-4.70E-02,9.1253890e-002,-6.99E-01,-8.78E-01,-5.60E-01
3.6887530e-001,-2.70E-02,-1.04E-01,-9.26E-01,-9.43E-01,-9.61E-01
2.5917205e-001,-1.67E-02,-9.66E-02,-9.81E-01,-9.61E-01,-9.66E-01
2.7327631e-001,-1.57E-02,-1.07E-01,-9.77E-01,-9.55E-01,-9.61E-01
2.7191884e-001,-1.73E-02,-1.09E-01,-9.81E-01,-9.74E-01,-9.79E-01
2.7454731e-001,-1.93E-02,-1.02E-01,-9.82E-01,-9.67E-01,-9.81E-01
2.8093824e-001,-1.87E-02,-1.01E-01,-9.89E-01,-9.72E-01,-9.86E-01
2.6932443e-001,-1.80E-02,-1.01E-01,-9.96E-01,-9.94E-01,-9.91E-01
2.6992980e-001,-1.80E-02,-1.04E-01,-9.97E-01,-9.93E-01,-9.90E-01
2.7129060e-001,-1.81E-02,-1.06E-01,-9.97E-01,-9.95E-01,-9.95E-01
2.7268397e-001,-1.80E-02,-1.04E-01,-9.96E-01,-9.95E-01,-9.93E-01
2.7012458e-001,-1.84E-02,-1.02E-01,-9.94E-01,-9.95E-01,-9.93E-01
2.8075340e-001,-1.82E-02,-1.06E-01,-9.91E-01,-9.97E-01,-9.94E-01
2.8626107e-001,-1.65E-02,-1.10E-01,-9.92E-01,-9.95E-01,-9.94E-01
2.8560876e-001,-1.73E-02,-1.12E-01,-9.87E-01,-9.93E-01,-9.88E-01
3.0375057e-001,-2.05E-02,-1.96E-01,-5.48E-01,-1.43E-01,-2.90E-01
3.1750148e-001,-2.40E-02,-1.29E-01,-5.58E-01,-1.44E-01,-3.61E-01
3.1361342e-001,-2.36E-02,-1.43E-01,-5.52E-01,-1.55E-01,-4.64E-01
2.2603830e-001,-1.91E-02,-9.25E-02,-5.56E-01,-1.31E-01,-4.43E-01
2.3351349e-001,-9.20E-03,-8.52E-02,-5.58E-01,-1.46E-01,-3.93E-01
2.2679718e-001,-1.98E-02,-1.05E-01,-5.47E-01,-1.95E-01,-4.18E-01
2.4092670e-001,-1.28E-02,-1.03E-01,-5.67E-01,-1.71E-01,-4.42E-01
2.8933254e-001,-2.09E-02,-1.17E-01,-6.07E-01,-2.10E-01,-4.55E-01
3.1336262e-001,-3.01E-02,-1.07E-01,-6.21E-01,-2.05E-01,-4.99E-01
3.0245896e-001,-1.79E-03,-1.07E-01,-6.39E-01,-1.66E-01,-5.11E-01
3.2372252e-001,-1.23E-02,-1.20E-01,-6.53E-01,-2.11E-01,-4.93E-01
3.0992858e-001,-2.95E-02,-1.12E-01,-6.23E-01,-2.18E-01,-4.34E-01
2.6964536e-001,-2.24E-02,-1.06E-01,-6.03E-01,-1.83E-01,-4.29E-01
2.8251858e-001,-1.83E-02,-1.14E-01,-6.19E-01,-1.72E-01,-4.55E-01
2.9280835e-001,-3.04E-02,-1.17E-01,-6.26E-01,-1.70E-01,-4.22E-01
2.8241615e-001,-3.31E-02,-1.20E-01,-6.08E-01,-1.66E-01,-4.27E-01
2.5836397e-001,1.6795929e-003,-9.24E-02,-6.11E-01,-1.95E-01,-4.90E-01
2.3102571e-001,-1.85E-02,-8.54E-02,-6.48E-01,-2.27E-01,-4.64E-01
2.5982635e-001,-2.21E-02,-1.60E-01,-6.86E-01,-3.64E-01,-3.47E-01
3.3833900e-001,-1.57E-02,-2.86E-01,-5.24E-01,-1.46E-01,-2.91E-01
2.8284271e-001,-1.98E-02,-8.90E-02,-5.51E-01,-7.90E-02,-4.04E-01
2.7889654e-001,-3.03E-02,-9.60E-02,-5.55E-01,-1.04E-01,-4.38E-01
2.8488521e-001,-6.65E-03,-1.15E-01,-5.59E-01,-1.02E-01,-4.37E-01
2.7871629e-001,2.3353331e-003,-1.07E-01,-5.81E-01,-9.51E-02,-4.24E-01
2.6421068e-001,-6.07E-03,-8.90E-02,-5.65E-01,-1.51E-01,-4.09E-01
2.8679242e-001,-1.02E-02,-9.05E-02,-5.42E-01,-1.71E-01,-4.05E-01
3.0644540e-001,-2.00E-02,-9.22E-02,-5.50E-01,-1.36E-01,-4.27E-01
2.8046482e-001,-2.17E-02,-9.01E-02,-6.03E-01,-1.40E-01,-4.98E-01
2.9221832e-001,-2.63E-02,-1.01E-01,-6.14E-01,-1.69E-01,-4.85E-01
3.0900325e-001,-1.96E-02,-1.10E-01,-5.73E-01,-1.97E-01,-4.20E-01
2.8375569e-001,-4.83E-03,-1.19E-01,-5.85E-01,-1.92E-01,-4.50E-01
2.4135421e-001,-3.63E-02,-1.05E-01,-6.03E-01,-1.31E-01,-5.04E-01
2.7770925e-001,-5.39E-02,-9.87E-02,-5.90E-01,-7.66E-02,-5.01E-01
3.0219488e-001,-3.59E-02,-1.32E-01,-5.94E-01,-1.25E-01,-4.52E-01
2.6883154e-001,-4.89E-03,-1.18E-01,-6.01E-01,-1.89E-01,-4.72E-01
2.5156206e-001,2.0262215e-002,-9.30E-02,-6.53E-01,-2.62E-01,-5.02E-01
2.6091345e-001,2.7262560e-002,-9.98E-02,-2.08E-01,-2.07E-01,-4.10E-01
2.2805754e-001,-1.69E-02,-1.61E-01,-1.79E-01,-2.47E-01,-3.58E-01
2.7128542e-001,-1.83E-02,-1.13E-01,-2.29E-01,-2.22E-01,-3.90E-01
3.1802397e-001,-5.27E-02,-1.01E-01,-1.65E-01,-1.01E-01,-4.39E-01
3.8286358e-001,-3.77E-02,-8.81E-02,-8.80E-02,-7.42E-03,-3.57E-01
2.2764518e-001,-5.77E-04,-1.08E-01,-1.66E-01,-1.05E-01,-4.14E-01
2.2428264e-001,-1.90E-02,-7.33E-02,-2.06E-01,-1.78E-01,-4.19E-01
4.0295503e-001,-3.92E-02,-6.25E-02,-1.61E-01,-1.35E-01,-2.99E-01
3.6549666e-001,-1.28E-02,-1.74E-01,-1.38E-01,-1.10E-01,-4.02E-01
3.1474427e-001,-7.79E-03,-3.15E-02,-3.21E-01,-2.85E-01,-4.29E-01
3.1074181e-001,-3.84E-02,-1.58E-01,-2.60E-01,-3.52E-01,-4.33E-01
3.4817123e-001,-3.57E-02,-1.19E-01,-3.67E-01,-1.64E-01,-4.97E-01
3.6638659e-001,-2.33E-02,-1.14E-01,-4.19E-01,-8.16E-02,-5.24E-01
2.9478987e-001,-7.00E-04,-1.25E-01,-3.25E-01,-1.56E-01,-4.86E-01
1.9400086e-001,3.3690665e-002,-1.30E-01,-3.86E-01,-3.08E-01,-5.13E-01
1.9378201e-001,4.2875625e-003,-1.43E-01,-3.51E-01,-3.01E-01,-5.53E-01
3.3520902e-001,-4.09E-02,-1.29E-01,-3.29E-01,-1.85E-01,-4.81E-01
3.4623964e-001,-3.71E-02,-1.01E-01,-3.39E-01,-2.39E-01,-4.13E-01
1.9517945e-001,-5.24E-02,-3.73E-02,-3.69E-01,-3.16E-01,-4.86E-01
3.2000909e-001,-3.27E-02,2.6265910e-003,-3.09E-01,-2.43E-01,-4.86E-01
2.8918280e-001,-4.92E-02,-1.25E-01,-2.90E-01,-2.12E-01,-4.70E-01
2.0648916e-001,-4.18E-02,-1.00E-01,-3.47E-01,-1.66E-01,-4.59E-01
1.5471459e-001,-6.75E-02,-1.07E-01,-4.55E-01,-1.73E-01,-4.73E-01
2.9781896e-001,-4.44E-02,-1.21E-01,-3.87E-01,-2.10E-01,-4.44E-01
4.3181748e-001,3.2455631e-002,-1.47E-01,-2.99E-01,-2.67E-01,-4.67E-01
3.0326901e-001,1.4047691e-002,-1.58E-01,-3.50E-01,-2.30E-01,-4.96E-01
2.6713216e-001,-4.12E-03,-8.73E-02,-3.80E-01,-2.80E-01,-5.72E-01
2.3221544e-001,-1.86E-02,-5.99E-02,-3.72E-01,-2.90E-01,-5.49E-01
1.2147198e-001,-4.70E-02,-1.11E-01,-3.85E-01,-3.33E-01,-4.52E-01
3.8489459e-001,-1.65E-02,-1.52E-01,-3.73E-01,-3.67E-01,-4.78E-01
2.9764598e-001,-5.77E-02,-3.48E-01,-3.89E-01,-3.01E-01,-3.71E-01
3.8073476e-001,-7.30E-02,-1.89E-01,-3.91E-01,-2.63E-01,-3.12E-01
2.8596459e-001,-1.07E-02,-9.62E-02,-4.45E-01,-2.11E-01,-3.10E-01
1.8246860e-001,-5.20E-02,-3.46E-02,-4.84E-01,-2.90E-01,-3.80E-01
2.7284231e-001,-2.99E-02,-5.46E-02,-4.60E-01,-3.62E-01,-3.66E-01
2.9367439e-001,1.8848808e-002,-1.71E-01,-4.39E-01,-2.79E-01,-4.22E-01
3.2675556e-001,8.0531330e-004,-1.57E-01,-5.09E-01,-1.21E-02,-4.87E-01
2.5491199e-001,-3.86E-02,-3.50E-02,-5.66E-01,-7.06E-02,-4.38E-01
2.3420277e-001,-5.94E-02,-5.65E-02,-4.93E-01,-4.00E-01,-3.16E-01
2.9177987e-001,-1.30E-02,-1.85E-01,-4.56E-01,-3.81E-01,-3.41E-01
3.6647445e-001,-8.89E-04,-2.31E-01,-5.11E-01,-3.52E-01,-3.80E-01
2.6101928e-001,-2.83E-02,-1.15E-01,-5.07E-01,-2.58E-01,-2.32E-01
2.5516719e-001,-9.62E-02,-1.70E-02,-4.06E-01,-3.02E-01,-3.66E-01
2.7204445e-001,1.2494784e-002,-1.34E-01,-4.09E-01,-3.14E-01,-3.87E-01
3.3079431e-001,-6.54E-03,-2.51E-01,-4.82E-01,-2.50E-01,-3.55E-01
2.7510508e-001,-9.19E-02,-4.28E-02,-6.31E-01,-3.37E-01,-1.98E-01
2.4851723e-001,9.2936136e-004,-1.18E-01,-5.19E-01,-3.57E-01,-1.53E-01
3.8180949e-001,1.4971183e-002,-3.00E-01,-4.29E-01,-2.09E-01,-3.62E-01
2.2836189e-001,-4.85E-02,-1.11E-01,-5.33E-01,-5.16E-02,-3.84E-01
1.9927482e-001,-1.58E-02,6.8712475e-002,-5.21E-01,-1.68E-01,-3.43E-01
2.8776558e-001,-7.33E-03,-9.33E-02,-4.53E-01,-4.51E-01,-2.15E-01
3.5836567e-001,-1.90E-02,-3.04E-01,-4.82E-01,-3.51E-01,-3.79E-01
4.0041796e-001,-3.28E-02,-1.43E-01,-4.69E-01,-2.86E-01,-2.75E-01
2.6227631e-001,-3.37E-02,-3.91E-01,-3.81E-01,-2.48E-01,-2.58E-01
3.4474892e-001,-4.24E-02,-1.72E-01,-4.32E-01,-1.68E-01,-3.62E-01
3.4289140e-001,-4.65E-03,-1.12E-01,-5.37E-01,-1.59E-01,-2.79E-01
2.1932217e-001,-6.58E-02,-3.87E-02,-5.43E-01,-2.87E-01,-2.85E-01
2.0253112e-001,-3.30E-02,-5.47E-02,-4.96E-01,-2.59E-01,-3.92E-01
3.7549493e-001,2.7352995e-002,-2.01E-01,-4.98E-01,-1.90E-01,-3.75E-01
2.8810494e-001,-3.47E-02,-1.45E-01,-5.90E-01,-1.39E-01,-3.09E-01
1.9088975e-001,-4.32E-02,-1.47E-02,-5.48E-01,-1.47E-01,-4.53E-01
2.6607705e-001,-2.28E-02,-1.14E-01,-4.75E-01,-3.35E-01,-4.20E-01
3.2176113e-001,-3.95E-02,-1.84E-01,-4.99E-01,-2.97E-01,-4.45E-01
2.8209644e-001,-2.21E-02,-1.16E-01,-5.84E-01,-2.25E-01,-4.62E-01
2.2443776e-001,2.0607279e-002,1.8692035e-002,-5.61E-01,-3.77E-01,-3.92E-01
2.2427255e-001,-6.86E-04,5.5248828e-002,-9.20E-01,-7.77E-01,-2.55E-01
2.9807607e-001,-2.65E-02,-2.08E-01,-9.68E-01,-8.87E-01,-7.34E-01
2.8830129e-001,-5.70E-03,-1.05E-01,-9.76E-01,-8.91E-01,-7.83E-01
2.7801422e-001,-2.19E-02,-1.12E-01,-9.93E-01,-8.92E-01,-8.96E-01
2.7840652e-001,-1.38E-02,-1.15E-01,-9.95E-01,-9.40E-01,-9.44E-01
2.7590151e-001,-9.89E-04,-9.05E-02,-9.96E-01,-9.60E-01,-9.83E-01
2.7768142e-001,-1.88E-02,-1.11E-01,-9.92E-01,-8.93E-01,-9.62E-01
2.7986841e-001,-2.82E-02,-1.22E-01,-9.92E-01,-9.01E-01,-9.67E-01
2.7745200e-001,-1.86E-02,-1.08E-01,-9.96E-01,-9.85E-01,-9.85E-01
2.7675899e-001,-1.84E-02,-1.08E-01,-9.98E-01,-9.89E-01,-9.87E-01
2.7743374e-001,-1.66E-02,-1.10E-01,-9.98E-01,-9.79E-01,-9.84E-01
2.8078495e-001,-1.40E-02,-1.08E-01,-9.96E-01,-9.73E-01,-9.84E-01
2.7771205e-001,-1.48E-02,-1.09E-01,-9.96E-01,-9.75E-01,-9.91E-01
2.7381849e-001,-1.84E-02,-1.08E-01,-9.97E-01,-9.68E-01,-9.95E-01
2.7564027e-001,-2.23E-02,-1.11E-01,-9.98E-01,-9.70E-01,-9.95E-01
2.7863245e-001,-1.79E-02,-1.11E-01,-9.98E-01,-9.81E-01,-9.96E-01
2.8024137e-001,-1.26E-02,-1.06E-01,-9.99E-01,-9.88E-01,-9.96E-01
2.7721213e-001,-1.73E-02,-1.05E-01,-9.98E-01,-9.81E-01,-9.88E-01
2.7601189e-001,-1.57E-02,-1.03E-01,-9.82E-01,-8.35E-01,-9.74E-01
2.7493892e-001,-2.02E-02,-1.15E-01,-9.94E-01,-9.38E-01,-9.69E-01
2.8184310e-001,-1.36E-02,-1.30E-01,-9.96E-01,-9.66E-01,-9.74E-01
2.7656566e-001,-1.83E-02,-1.14E-01,-9.95E-01,-9.71E-01,-9.72E-01
2.7566985e-001,-1.55E-02,-8.81E-02,-9.95E-01,-9.66E-01,-9.76E-01
2.8019741e-001,-1.36E-02,-9.49E-02,-9.96E-01,-9.72E-01,-9.67E-01
2.7696651e-001,-1.83E-02,-1.17E-01,-9.96E-01,-9.84E-01,-9.85E-01
2.7602626e-001,-2.05E-02,-1.14E-01,-9.95E-01,-9.62E-01,-9.81E-01
2.8045035e-001,-8.15E-03,-1.03E-01,-9.94E-01,-9.33E-01,-9.86E-01
2.8302929e-001,-5.73E-03,-1.17E-01,-9.94E-01,-9.37E-01,-9.74E-01
2.7755117e-001,-2.18E-02,-1.25E-01,-9.94E-01,-9.57E-01,-9.75E-01
2.7627565e-001,-2.27E-02,-1.10E-01,-9.95E-01,-9.74E-01,-9.76E-01
2.7799466e-001,-2.00E-02,-1.12E-01,-9.97E-01,-9.78E-01,-9.80E-01
2.7322197e-001,-2.23E-02,-1.13E-01,-9.97E-01,-9.80E-01,-9.86E-01
2.7613473e-001,-2.16E-02,-1.07E-01,-9.96E-01,-9.81E-01,-9.92E-01
2.7821668e-001,-1.50E-02,-1.10E-01,-9.97E-01,-9.69E-01,-9.92E-01
2.8130582e-001,-4.51E-03,-1.04E-01,-9.97E-01,-9.74E-01,-9.86E-01
2.8171592e-001,-8.14E-03,-9.47E-02,-9.96E-01,-9.77E-01,-9.85E-01
2.7541014e-001,-2.18E-02,-1.03E-01,-9.97E-01,-9.76E-01,-9.82E-01
2.8234649e-001,7.4466573e-002,-5.04E-02,-9.68E-01,3.6176811e-002,-8.17E-01
2.8511510e-001,-9.51E-02,-1.06E-01,-9.86E-01,-8.07E-01,-9.27E-01
2.8379733e-001,-2.99E-02,-1.07E-01,-9.91E-01,-9.18E-01,-9.36E-01
2.7695930e-001,-7.88E-03,-1.20E-01,-9.96E-01,-9.57E-01,-9.39E-01
2.7662887e-001,-8.84E-03,-1.03E-01,-9.97E-01,-9.85E-01,-9.62E-01
2.7687999e-001,-1.63E-02,-1.03E-01,-9.95E-01,-9.89E-01,-9.76E-01
2.7634542e-001,-1.63E-02,-1.11E-01,-9.96E-01,-9.88E-01,-9.83E-01
2.7889651e-001,-1.68E-02,-1.13E-01,-9.97E-01,-9.71E-01,-9.77E-01
2.7778911e-001,-1.25E-02,-1.05E-01,-9.92E-01,-9.62E-01,-9.68E-01
2.7329101e-001,-1.01E-02,-9.22E-02,-9.91E-01,-9.74E-01,-9.82E-01
2.7592118e-001,-1.66E-02,-1.05E-01,-9.95E-01,-9.74E-01,-9.78E-01
2.7974046e-001,-1.65E-02,-1.21E-01,-9.95E-01,-9.66E-01,-9.74E-01
2.7758018e-001,-2.02E-02,-1.20E-01,-9.95E-01,-9.69E-01,-9.68E-01
2.7921137e-001,-2.02E-02,-1.04E-01,-9.97E-01,-9.77E-01,-9.70E-01
2.7845050e-001,-1.39E-02,-9.66E-02,-9.97E-01,-9.83E-01,-9.83E-01
2.7676645e-001,-1.79E-02,-1.08E-01,-9.87E-01,-9.53E-01,-9.74E-01
2.8602599e-001,-2.16E-02,-6.19E-02,-9.81E-01,-6.20E-01,-8.55E-01
2.7013940e-001,3.0767070e-002,-7.79E-02,-9.95E-01,-8.65E-01,-9.30E-01
2.7889056e-001,-1.88E-02,-1.12E-01,-9.97E-01,-9.60E-01,-9.65E-01
2.7747447e-001,-1.44E-02,-1.04E-01,-9.96E-01,-9.59E-01,-9.57E-01
2.7343866e-001,-1.04E-02,-1.09E-01,-9.96E-01,-9.79E-01,-9.58E-01
2.7602269e-001,-1.39E-02,-1.13E-01,-9.97E-01,-9.89E-01,-9.72E-01
2.7614195e-001,-1.23E-02,-1.09E-01,-9.97E-01,-9.85E-01,-9.79E-01
2.7678615e-001,-1.13E-02,-1.08E-01,-9.96E-01,-9.83E-01,-9.81E-01
2.7757400e-001,-1.30E-02,-1.00E-01,-9.97E-01,-9.86E-01,-9.84E-01
2.7457061e-001,-1.26E-02,-9.85E-02,-9.98E-01,-9.85E-01,-9.79E-01
2.7542354e-001,-1.41E-02,-1.06E-01,-9.97E-01,-9.80E-01,-9.73E-01
2.7811096e-001,-1.60E-02,-1.05E-01,-9.98E-01,-9.85E-01,-9.75E-01
2.7629561e-001,-1.33E-02,-1.03E-01,-9.97E-01,-9.90E-01,-9.83E-01
2.7745739e-001,-1.53E-02,-1.12E-01,-9.97E-01,-9.92E-01,-9.86E-01
2.7635384e-001,-1.39E-02,-1.05E-01,-9.97E-01,-9.92E-01,-9.81E-01
2.2364644e-001,-1.58E-02,-7.95E-02,-7.48E-01,-8.30E-01,-6.33E-01
3.7551782e-001,-8.38E-03,-1.42E-01,-9.25E-01,-9.58E-01,-9.17E-01
2.3882990e-001,-1.87E-02,-9.18E-02,-9.76E-01,-9.56E-01,-9.67E-01
2.3411343e-001,-2.99E-02,-7.28E-02,-9.47E-01,-9.03E-01,-9.29E-01
2.8871201e-001,-2.68E-02,-9.11E-02,-9.45E-01,-9.10E-01,-9.22E-01
2.9384982e-001,-1.71E-02,-1.11E-01,-9.79E-01,-9.78E-01,-9.83E-01
1.9866526e-001,-2.55E-02,-8.10E-02,-9.30E-01,-8.94E-01,-8.84E-01
-1.79E-01,-2.02E-01,1.8541620e-001,-7.83E-01,-3.32E-01,-5.04E-01
-3.18E-01,-4.85E-01,3.5298006e-001,-8.49E-01,-4.66E-01,-7.13E-01
1.1323824e-001,-5.19E-01,9.8789621e-002,-8.10E-01,-6.52E-01,-6.43E-01
2.7680056e-001,-4.49E-01,-1.89E-01,-8.95E-01,-7.33E-01,-7.64E-01
2.1148148e-001,-3.78E-01,-3.10E-01,-9.38E-01,-5.17E-01,-8.05E-01
2.1626753e-001,-8.17E-02,-1.56E-01,-9.74E-01,-2.00E-01,-6.66E-01
2.2451457e-001,2.2484890e-001,4.4149275e-002,-9.70E-01,-6.75E-01,-9.12E-01
2.4426370e-001,3.5958738e-001,2.4302221e-002,-9.46E-01,-8.00E-01,-8.87E-01
3.1531412e-001,3.4350093e-001,-9.79E-02,-9.27E-01,-7.66E-01,-8.70E-01
4.7740211e-001,3.5961923e-001,-2.63E-01,-9.45E-01,-7.27E-01,-8.10E-01
5.4386867e-001,3.7329271e-001,-4.28E-01,-9.73E-01,-7.81E-01,-8.59E-01
4.4870604e-001,2.3820431e-001,-4.82E-01,-9.43E-01,-7.63E-01,-9.18E-01
4.5360169e-001,1.1946505e-001,-4.18E-01,-9.36E-01,-8.08E-01,-8.87E-01
5.6380647e-001,4.7431500e-002,-3.47E-01,-9.67E-01,-9.08E-01,-9.37E-01
-8.87E-03,-7.10E-02,2.5956498e-001,-7.10E-01,-7.54E-01,1.2365180e-001
3.2410462e-001,1.8560789e-002,-2.59E-01,-9.43E-01,-8.60E-01,-8.78E-01
4.0038284e-001,5.3103342e-002,-4.54E-01,-9.49E-01,-9.20E-01,-6.49E-01
4.3241129e-001,1.9965604e-002,-8.26E-01,-9.69E-01,-8.17E-01,-5.51E-01
3.2587361e-001,-8.60E-02,-9.26E-01,-9.49E-01,-7.73E-01,-5.85E-01
2.4979959e-001,-9.09E-02,-4.69E-01,-9.83E-01,-8.16E-01,-2.76E-01
2.6665211e-001,-1.96E-02,-9.88E-02,-9.90E-01,-9.41E-01,-8.94E-01
2.8308142e-001,-4.38E-03,-7.51E-02,-9.92E-01,-9.57E-01,-9.20E-01
2.0263694e-001,6.2564016e-002,3.7553916e-001,-9.22E-01,-7.95E-01,-7.21E-02
-1.08E-01,1.3311548e-002,1.0000000e+000,-8.35E-01,-6.00E-01,-3.57E-01
-1.08E-01,-1.35E-01,7.1909398e-001,-8.42E-01,-7.76E-01,-8.58E-02
2.0963320e-001,-1.04E-01,8.9683926e-002,-9.33E-01,-7.84E-01,-6.51E-01
2.8289460e-001,-2.02E-02,-1.07E-01,-9.76E-01,-8.94E-01,-9.15E-01
2.6575633e-001,-5.05E-04,-1.32E-01,-9.62E-01,-9.16E-01,-9.42E-01
2.0294352e-001,-6.29E-02,-1.58E-02,-9.48E-01,-7.85E-01,-7.88E-01
2.0537858e-001,-8.06E-02,1.0700063e-002,-9.55E-01,-8.26E-01,-8.12E-01
2.7005936e-001,2.2794825e-002,-1.75E-01,-9.80E-01,-7.99E-01,-7.99E-01
2.6138131e-001,5.2578022e-002,-2.37E-01,-9.81E-01,-8.98E-01,-9.22E-01
2.9588117e-001,3.0524960e-002,-2.27E-01,-9.68E-01,-9.11E-01,-9.00E-01
2.3361363e-001,-5.35E-02,-6.63E-02,-6.45E-01,-2.72E-01,-2.32E-01
2.8357559e-001,-2.66E-02,-1.21E-01,-5.91E-01,-9.74E-02,-4.11E-01
2.8380332e-001,-4.34E-03,-9.93E-02,-5.97E-01,-5.37E-02,-4.28E-01
2.7544588e-001,-1.40E-02,-1.12E-01,-6.16E-01,-1.17E-01,-3.85E-01
2.9265199e-001,-3.22E-02,-1.11E-01,-6.36E-01,-1.87E-01,-4.08E-01
2.8730205e-001,-6.30E-02,-1.18E-01,-6.56E-01,-1.98E-01,-4.90E-01
2.4401838e-001,-4.17E-03,-3.72E-02,-7.10E-01,-2.47E-01,-4.54E-01
2.6575952e-001,3.1429606e-002,-6.95E-02,-7.02E-01,-2.50E-01,-3.57E-01
3.3852077e-001,-3.88E-03,-1.81E-01,-6.44E-01,-1.69E-01,-3.93E-01
3.2199603e-001,-2.07E-02,-1.58E-01,-6.38E-01,-2.00E-01,-4.07E-01
2.9348903e-001,-3.68E-02,-1.27E-01,-6.34E-01,-2.19E-01,-3.94E-01
2.9394596e-001,-1.83E-02,-1.20E-01,-6.27E-01,-2.17E-01,-4.25E-01
2.8479061e-001,-1.82E-02,-1.07E-01,-6.10E-01,-2.00E-01,-4.87E-01
2.6897692e-001,-3.71E-02,-8.93E-02,-5.81E-01,-1.16E-01,-5.14E-01
2.5743235e-001,-8.83E-03,-1.06E-01,-6.03E-01,-9.57E-02,-4.53E-01
2.7918066e-001,8.7223582e-003,-1.15E-01,-6.15E-01,-1.81E-01,-4.32E-01
2.7441556e-001,-4.60E-03,-9.34E-02,-5.93E-01,-1.93E-01,-4.95E-01
2.2709867e-001,-3.55E-02,-8.48E-02,-6.22E-01,-1.58E-01,-5.10E-01
2.3086081e-001,-3.45E-02,-9.28E-02,-6.27E-01,-1.61E-01,-4.48E-01
2.8939942e-001,-2.09E-02,-1.19E-01,-6.23E-01,-1.92E-01,-4.46E-01
2.9439879e-001,-4.56E-02,-1.17E-01,-6.59E-01,-3.14E-01,-5.68E-01
3.1312727e-001,-5.94E-02,-1.18E-01,-6.04E-01,-1.04E-01,-3.64E-01
2.7857377e-001,2.6254710e-003,-1.25E-01,-6.00E-01,-1.90E-01,-4.54E-01
2.4227990e-001,-1.07E-02,-8.42E-02,-5.70E-01,-1.45E-01,-4.68E-01
2.1385077e-001,-2.91E-02,-6.60E-02,-4.99E-01,-1.48E-01,-4.78E-01
2.5346109e-001,-1.41E-02,-7.01E-02,-4.88E-01,-1.64E-01,-4.21E-01
3.1169175e-001,-1.61E-03,-8.56E-02,-5.11E-01,-8.80E-02,-3.50E-01
3.2083019e-001,-5.08E-03,-9.32E-02,-5.32E-01,-6.02E-02,-3.94E-01
2.8912014e-001,-4.88E-03,-9.67E-02,-5.68E-01,-1.26E-01,-4.87E-01
3.0273505e-001,-2.43E-02,-8.14E-02,-5.67E-01,-4.44E-02,-5.22E-01
2.9145003e-001,-3.32E-02,-1.00E-01,-5.64E-01,-4.03E-02,-5.25E-01
2.6131547e-001,-2.64E-02,-1.29E-01,-5.62E-01,-1.48E-01,-4.94E-01
2.6701921e-001,-2.56E-02,-1.18E-01,-5.48E-01,-1.15E-01,-4.35E-01
2.7228557e-001,-3.07E-02,-1.17E-01,-5.39E-01,-3.09E-02,-4.08E-01
2.7399416e-001,-2.52E-02,-1.32E-01,-5.56E-01,-7.40E-02,-4.06E-01
2.6302563e-001,-1.79E-02,-9.44E-02,-6.21E-01,-2.26E-01,-4.05E-01
2.8532495e-001,2.6691321e-002,-7.10E-02,-6.47E-01,-2.46E-01,-3.93E-01
2.7893018e-001,-2.09E-03,-7.59E-02,-6.24E-01,-1.58E-01,-4.51E-01
3.0528974e-001,-4.20E-02,-6.93E-02,-1.17E-01,-1.71E-01,-3.73E-01
4.1062778e-001,-7.92E-02,-1.33E-01,-5.76E-02,-8.24E-02,-4.77E-01
3.2002888e-001,-1.13E-02,-1.60E-01,-1.12E-01,-1.38E-01,-3.98E-01
1.7944734e-001,6.2191214e-004,-1.31E-01,-1.57E-01,-8.09E-02,-4.22E-01
3.8458802e-001,-2.74E-02,-5.59E-02,-6.27E-02,1.2873057e-002,-5.15E-01
2.7642469e-001,-1.47E-02,-1.01E-01,-1.63E-01,-1.28E-01,-4.80E-01
2.3659091e-001,-4.53E-02,-1.16E-01,-2.04E-01,-1.10E-01,-4.15E-01
4.0336324e-001,-3.55E-02,-7.17E-02,-9.47E-02,-2.16E-03,-4.41E-01
2.9594207e-001,-2.52E-02,-1.17E-01,-1.31E-01,-9.57E-02,-4.93E-01
3.9312217e-001,-7.42E-03,-1.23E-02,-2.73E-01,-1.90E-01,-3.50E-01
3.1608142e-001,-9.60E-03,-1.62E-01,-2.28E-01,-2.53E-01,-4.84E-01
2.9974482e-001,-2.49E-02,-1.27E-01,-2.22E-01,-1.55E-01,-4.12E-01
2.6202640e-001,-5.26E-02,-5.69E-02,-2.43E-01,-5.73E-03,-3.81E-01
2.7216297e-001,-7.76E-03,-8.30E-02,-2.39E-01,4.4128943e-003,-4.39E-01
1.9427105e-001,-1.48E-02,-1.33E-01,-2.54E-01,7.9140223e-003,-5.31E-01
1.4683845e-001,-2.62E-02,-1.51E-01,-2.52E-01,1.0529507e-001,-5.32E-01
2.9235377e-001,-5.97E-03,-1.41E-01,-2.00E-01,5.1766754e-002,-4.74E-01
3.2876118e-001,-1.92E-02,-9.55E-02,-1.82E-01,-1.08E-01,-4.82E-01
4.0884091e-001,5.5474851e-002,-7.12E-02,-2.50E-01,9.2647953e-003,-5.07E-01
3.2211275e-001,-2.03E-02,-1.52E-01,-2.70E-01,-2.30E-02,-4.87E-01
3.4554434e-001,-1.76E-02,-1.53E-01,-2.59E-01,-1.06E-01,-4.73E-01
1.7453971e-001,-2.93E-03,-1.34E-01,-3.23E-01,-2.10E-01,-5.47E-01
1.3262041e-001,-5.95E-03,-8.52E-02,-3.10E-01,-1.19E-01,-5.35E-01
3.3529283e-001,-3.31E-02,-1.30E-01,-2.44E-01,7.0408655e-003,-3.82E-01
3.6759717e-001,-3.09E-02,-9.28E-02,-2.63E-01,5.6882272e-002,-3.58E-01
3.2851641e-001,2.6982580e-003,-4.98E-02,-2.36E-01,5.5414203e-002,-5.05E-01
3.1529948e-001,2.5419360e-003,-9.52E-02,-2.09E-01,-6.99E-02,-5.19E-01
2.5930825e-001,-7.69E-02,-1.04E-01,-2.09E-01,5.7342828e-002,-5.00E-01
1.1238966e-001,-1.36E-01,4.4129573e-002,-4.88E-01,-2.51E-01,-1.86E-01
2.9454062e-001,-6.09E-02,-9.34E-02,-4.04E-01,-2.81E-01,-2.06E-01
3.0580534e-001,-3.50E-02,-1.18E-01,-3.62E-01,-9.48E-02,-1.80E-01
2.9412460e-001,4.8899058e-003,-8.47E-02,-3.99E-01,-6.65E-02,-1.80E-01
2.1327535e-001,2.3727786e-002,-1.41E-01,-4.33E-01,-2.51E-01,-2.06E-01
2.9130294e-001,-2.35E-02,-2.41E-01,-4.17E-01,-2.19E-01,-2.90E-01
4.2419327e-001,-1.94E-02,-1.39E-01,-4.31E-01,-1.82E-01,-2.35E-01
2.9439995e-001,-2.80E-03,-5.58E-02,-4.32E-01,-2.31E-01,-1.93E-01
1.4271721e-001,-7.97E-03,-9.17E-02,-4.81E-01,-2.71E-01,-2.60E-01
1.9112791e-001,-6.13E-02,-6.39E-02,-4.69E-01,-3.06E-01,-2.75E-01
3.1609251e-001,-5.82E-02,-2.29E-01,-3.64E-01,-1.59E-01,-1.21E-01
2.9831802e-001,-6.67E-02,-1.45E-01,-3.39E-01,-1.73E-01,-1.55E-01
3.0520853e-001,8.8956993e-003,-1.05E-01,-3.75E-01,-1.41E-01,-1.47E-01
1.6160986e-001,1.8772650e-003,-8.85E-02,-4.73E-01,-1.47E-01,-1.99E-01
1.7917476e-001,-7.94E-02,-4.27E-02,-4.66E-01,-2.47E-01,-2.83E-01
3.2111624e-001,-6.24E-02,-6.49E-02,-4.13E-01,-1.03E-01,-2.75E-01
2.6383763e-001,1.0002377e-002,-1.09E-01,-4.47E-01,-7.54E-02,-2.81E-01
2.5038126e-001,7.4628081e-003,-1.86E-01,-4.53E-01,-2.29E-01,-3.13E-01
3.8956886e-001,-2.35E-02,-1.78E-01,-4.54E-01,-2.18E-01,-2.44E-01
3.2385280e-001,9.2254235e-003,-1.02E-01,-4.70E-01,-1.83E-01,-2.58E-01
3.5006469e-001,-4.31E-02,-2.63E-01,-4.10E-01,-1.75E-01,-1.69E-01
3.1145575e-001,-1.20E-02,-1.98E-01,-3.81E-01,-2.02E-01,-2.72E-01
2.4194686e-001,-1.04E-02,-9.81E-02,-4.02E-01,-1.31E-01,-2.52E-01
1.7214596e-001,-1.70E-02,-5.19E-02,-4.41E-01,-7.99E-02,-2.65E-01
2.1084263e-001,-5.08E-02,-5.52E-02,-4.16E-01,-1.71E-01,-2.72E-01
3.0415309e-001,-8.80E-02,-1.19E-01,-3.88E-01,-5.83E-02,-2.80E-01
3.2833736e-001,-6.55E-03,-5.82E-02,-4.14E-01,1.8484043e-002,-2.89E-01
2.5802608e-001,3.0092957e-002,-8.73E-02,-4.03E-01,-1.93E-01,-2.41E-01
2.0244339e-001,-2.80E-02,-2.08E-01,-4.44E-01,-3.08E-01,-2.55E-01
3.1051847e-001,-2.98E-02,-1.84E-01,-4.87E-01,-2.89E-01,-2.89E-01
2.7209328e-001,-2.48E-02,-8.86E-02,-9.51E-01,-8.91E-01,-8.75E-01
2.8476447e-001,-4.02E-02,-1.21E-01,-9.96E-01,-9.21E-01,-8.60E-01
2.8510064e-001,-3.00E-02,-1.55E-01,-9.96E-01,-9.39E-01,-9.30E-01
2.8184389e-001,-9.06E-03,-1.20E-01,-9.97E-01,-9.69E-01,-9.81E-01
2.8133378e-001,-1.72E-02,-1.28E-01,-9.97E-01,-9.63E-01,-9.87E-01
2.8092202e-001,-1.96E-02,-1.18E-01,-9.98E-01,-9.83E-01,-9.86E-01
2.8016885e-001,-1.09E-02,-1.16E-01,-9.84E-01,-9.70E-01,-9.74E-01
2.7560779e-001,-6.75E-03,-1.03E-01,-9.80E-01,-9.56E-01,-9.56E-01
2.7801052e-001,-2.28E-02,-1.17E-01,-9.88E-01,-9.23E-01,-9.30E-01
2.8121704e-001,-3.73E-02,-1.48E-01,-9.96E-01,-9.50E-01,-9.54E-01
2.7856116e-001,-2.74E-02,-1.29E-01,-9.99E-01,-9.73E-01,-9.66E-01
2.7925948e-001,-1.90E-02,-1.10E-01,-9.99E-01,-9.66E-01,-9.88E-01
2.7789387e-001,-1.50E-02,-9.99E-02,-9.97E-01,-9.63E-01,-9.84E-01
2.7698134e-001,-2.05E-02,-1.04E-01,-9.95E-01,-9.55E-01,-9.71E-01
2.7668269e-001,-2.51E-02,-1.24E-01,-9.95E-01,-9.61E-01,-9.74E-01
2.7653405e-001,-1.92E-02,-1.13E-01,-9.98E-01,-9.86E-01,-9.73E-01
2.7777996e-001,-1.66E-02,-1.04E-01,-9.98E-01,-9.93E-01,-9.87E-01
2.7675720e-001,-9.03E-03,-9.10E-02,-9.90E-01,-9.04E-01,-9.47E-01
2.7370937e-001,9.1021331e-003,-6.78E-02,-9.89E-01,-9.02E-01,-9.52E-01
2.7897343e-001,-9.18E-04,-1.04E-01,-9.95E-01,-9.29E-01,-9.36E-01
2.8290967e-001,-2.89E-02,-1.33E-01,-9.97E-01,-9.50E-01,-9.85E-01
2.7795294e-001,-3.03E-02,-1.18E-01,-9.97E-01,-9.77E-01,-9.88E-01
2.7471289e-001,-2.69E-02,-1.10E-01,-9.97E-01,-9.86E-01,-9.88E-01
2.7244081e-001,-2.60E-02,-1.03E-01,-9.97E-01,-9.82E-01,-9.83E-01
3.3585768e-001,1.0118540e-001,-8.08E-03,-9.79E-01,-5.69E-01,-7.15E-01
2.8844145e-001,-3.39E-02,-1.41E-01,-9.85E-01,-9.05E-01,-9.51E-01
2.7382958e-001,-2.35E-02,-1.14E-01,-9.97E-01,-9.59E-01,-9.86E-01
2.7966479e-001,-1.62E-02,-1.17E-01,-9.98E-01,-9.82E-01,-9.88E-01
2.7789082e-001,-2.11E-02,-1.18E-01,-9.98E-01,-9.87E-01,-9.86E-01
2.7728132e-001,-1.60E-02,-1.14E-01,-9.98E-01,-9.82E-01,-9.91E-01
2.7915454e-001,-1.45E-02,-1.10E-01,-9.99E-01,-9.84E-01,-9.90E-01
2.7872068e-001,-1.42E-02,-1.07E-01,-9.98E-01,-9.86E-01,-9.87E-01
2.7771196e-001,-1.36E-02,-1.10E-01,-9.99E-01,-9.89E-01,-9.92E-01
2.7713723e-001,-1.77E-02,-1.10E-01,-9.99E-01,-9.89E-01,-9.94E-01
2.7908612e-001,-1.89E-02,-1.16E-01,-9.98E-01,-9.90E-01,-9.91E-01
2.7851535e-001,-1.49E-02,-1.13E-01,-9.98E-01,-9.89E-01,-9.91E-01
2.7625659e-001,-1.61E-02,-1.04E-01,-9.97E-01,-9.84E-01,-9.91E-01
2.7749279e-001,-2.17E-02,-1.09E-01,-9.98E-01,-9.86E-01,-9.88E-01
1.6240781e-001,3.6141238e-002,1.1943633e-002,-9.70E-01,-8.63E-01,-8.30E-01
-1.05E-01,1.6459935e-001,1.1829473e-001,-7.50E-01,-5.05E-01,-6.41E-01
-4.13E-01,2.5335327e-001,2.2287806e-001,-7.79E-01,-5.69E-01,-6.99E-01
-2.96E-02,9.2893441e-002,-6.01E-03,-7.09E-01,-5.31E-01,-6.37E-01
3.2556321e-001,-2.47E-02,-1.46E-01,-9.53E-01,-9.50E-01,-9.36E-01
2.7313913e-001,-1.33E-02,-1.12E-01,-9.87E-01,-9.80E-01,-9.82E-01
2.7392165e-001,-1.51E-02,-1.09E-01,-9.90E-01,-9.84E-01,-9.86E-01
2.8454319e-001,-1.72E-02,-1.12E-01,-9.90E-01,-9.96E-01,-9.85E-01
2.7874754e-001,-1.72E-02,-1.08E-01,-9.92E-01,-9.94E-01,-9.88E-01
2.7522634e-001,-1.57E-02,-1.07E-01,-9.93E-01,-9.91E-01,-9.87E-01
2.7992761e-001,-1.48E-02,-1.12E-01,-9.93E-01,-9.95E-01,-9.90E-01
2.7043102e-001,-1.71E-02,-1.03E-01,-9.96E-01,-9.97E-01,-9.92E-01
2.7828883e-001,-1.78E-02,-1.08E-01,-9.92E-01,-9.98E-01,-9.84E-01
2.8033678e-001,-1.75E-02,-1.12E-01,-9.91E-01,-9.97E-01,-9.84E-01
2.7915504e-001,-1.71E-02,-1.12E-01,-9.92E-01,-9.96E-01,-9.85E-01
2.7961728e-001,-1.68E-02,-1.10E-01,-9.94E-01,-9.97E-01,-9.85E-01
2.7513032e-001,-1.62E-02,-1.02E-01,-9.92E-01,-9.98E-01,-9.84E-01
2.8022173e-001,-1.75E-02,-1.08E-01,-9.88E-01,-9.96E-01,-9.84E-01
2.8332790e-001,-1.83E-02,-1.17E-01,-9.88E-01,-9.94E-01,-9.90E-01
2.8904917e-001,-1.66E-02,-1.18E-01,-9.93E-01,-9.94E-01,-9.91E-01
2.7860050e-001,-1.63E-02,-1.07E-01,-9.93E-01,-9.96E-01,-9.88E-01
2.6190329e-001,-2.36E-02,-7.41E-02,-9.67E-01,-9.26E-01,-9.68E-01
2.8230400e-001,-1.86E-03,-7.67E-02,-9.89E-01,-9.88E-01,-9.88E-01
2.6969574e-001,-1.03E-02,-9.10E-02,-9.95E-01,-9.68E-01,-9.74E-01
2.7040179e-001,-1.55E-02,-7.73E-02,-9.95E-01,-9.75E-01,-9.54E-01
2.6756776e-001,-1.57E-02,-6.60E-02,-9.95E-01,-9.78E-01,-9.63E-01
2.7465979e-001,-2.32E-02,-9.69E-02,-9.95E-01,-9.88E-01,-9.67E-01
2.7601027e-001,-2.07E-02,-1.04E-01,-9.96E-01,-9.87E-01,-9.92E-01
2.7394843e-001,-1.84E-02,-1.06E-01,-9.95E-01,-9.94E-01,-9.80E-01
2.7783963e-001,-1.79E-02,-1.12E-01,-9.96E-01,-9.94E-01,-9.77E-01
2.7773115e-001,-1.63E-02,-1.05E-01,-9.97E-01,-9.95E-01,-9.87E-01
2.7718580e-001,-1.75E-02,-1.06E-01,-9.98E-01,-9.92E-01,-9.87E-01
2.7889634e-001,-1.89E-02,-1.08E-01,-9.99E-01,-9.94E-01,-9.78E-01
2.7771036e-001,-1.79E-02,-1.11E-01,-9.98E-01,-9.94E-01,-9.82E-01
2.7972842e-001,-1.65E-02,-1.20E-01,-9.96E-01,-9.80E-01,-9.62E-01
2.8887710e-001,-2.27E-02,-1.45E-01,-9.93E-01,-9.68E-01,-9.48E-01
2.8710859e-001,-2.05E-02,-1.49E-01,-9.94E-01,-9.72E-01,-9.64E-01
2.8044809e-001,-1.04E-02,-1.19E-01,-9.98E-01,-9.91E-01,-9.71E-01
2.7774687e-001,-1.17E-02,-1.02E-01,-9.97E-01,-9.90E-01,-9.89E-01
2.7547139e-001,-1.22E-02,-1.01E-01,-9.98E-01,-9.91E-01,-9.92E-01
2.7561366e-001,-9.80E-03,-1.04E-01,-9.97E-01,-9.89E-01,-9.91E-01
2.7715348e-001,-1.64E-02,-1.11E-01,-9.96E-01,-9.79E-01,-9.81E-01
2.7673141e-001,-1.83E-02,-1.06E-01,-9.98E-01,-9.84E-01,-9.76E-01
2.7652813e-001,-1.68E-02,-1.06E-01,-9.97E-01,-9.93E-01,-9.81E-01
1.1888261e-003,-5.52E-02,-6.18E-02,-6.45E-01,-8.55E-01,-8.14E-01
3.2420235e-001,-1.75E-02,-1.07E-01,-9.55E-01,-9.78E-01,-9.84E-01
2.5317979e-001,-1.80E-02,-1.03E-01,-9.85E-01,-9.89E-01,-9.91E-01
2.6492058e-001,-1.91E-02,-1.09E-01,-9.84E-01,-9.91E-01,-9.92E-01
2.8684108e-001,-1.59E-02,-1.10E-01,-9.84E-01,-9.91E-01,-9.92E-01
2.7861114e-001,-1.67E-02,-1.08E-01,-9.82E-01,-9.88E-01,-9.86E-01
2.7509050e-001,-1.49E-02,-1.11E-01,-9.82E-01,-9.87E-01,-9.85E-01
2.7784582e-001,-1.56E-02,-1.10E-01,-9.88E-01,-9.88E-01,-9.90E-01
2.6982789e-001,-1.99E-02,-1.04E-01,-9.95E-01,-9.94E-01,-9.96E-01
2.5794965e-001,-2.17E-02,-1.03E-01,-9.91E-01,-9.92E-01,-9.93E-01
2.8623508e-001,-1.82E-02,-1.07E-01,-9.74E-01,-9.82E-01,-9.90E-01
3.1564589e-001,-1.27E-02,-1.11E-01,-9.85E-01,-9.86E-01,-9.94E-01
2.8044720e-001,-1.66E-02,-1.11E-01,-9.84E-01,-9.89E-01,-9.91E-01
2.6846936e-001,-1.78E-02,-1.08E-01,-9.92E-01,-9.95E-01,-9.90E-01
2.7789690e-001,-1.69E-02,-1.05E-01,-9.94E-01,-9.93E-01,-9.96E-01
2.8062643e-001,-1.81E-02,-1.08E-01,-9.90E-01,-9.92E-01,-9.92E-01
2.8302666e-001,-1.62E-02,-1.10E-01,-9.84E-01,-9.88E-01,-9.93E-01
4.2405499e-002,-3.61E-02,-6.64E-02,-6.07E-01,-8.18E-01,-9.50E-01
3.5501353e-001,-3.31E-02,-9.31E-02,-9.42E-01,-9.18E-01,-9.84E-01
2.5739351e-001,-1.31E-02,-1.07E-01,-9.86E-01,-9.96E-01,-9.89E-01
2.7280348e-001,-1.65E-02,-1.08E-01,-9.86E-01,-9.96E-01,-9.86E-01
2.8579402e-001,-1.81E-02,-1.07E-01,-9.91E-01,-9.96E-01,-9.90E-01
2.7210058e-001,-1.78E-02,-1.09E-01,-9.94E-01,-9.96E-01,-9.97E-01
2.6941352e-001,-1.79E-02,-1.08E-01,-9.96E-01,-9.96E-01,-9.95E-01
2.6753816e-001,-1.88E-02,-1.03E-01,-9.94E-01,-9.94E-01,-9.91E-01
2.6870108e-001,-2.01E-02,-1.03E-01,-9.94E-01,-9.94E-01,-9.91E-01
2.9761566e-001,-1.93E-02,-1.06E-01,-9.82E-01,-9.94E-01,-9.94E-01
2.8982886e-001,-1.60E-02,-1.09E-01,-9.74E-01,-9.95E-01,-9.88E-01
2.7491351e-001,-1.70E-02,-1.09E-01,-9.80E-01,-9.95E-01,-9.91E-01
2.7263076e-001,-1.84E-02,-1.07E-01,-9.83E-01,-9.73E-01,-9.89E-01
2.7922671e-001,-1.66E-02,-1.09E-01,-9.79E-01,-9.71E-01,-9.88E-01
2.8314511e-001,-1.58E-02,-1.11E-01,-9.79E-01,-9.92E-01,-9.94E-01
2.5774313e-001,-1.69E-02,-1.07E-01,-9.81E-01,-9.92E-01,-9.91E-01
2.6383385e-001,-1.98E-02,-1.03E-01,-9.72E-01,-9.91E-01,-9.91E-01
2.8547520e-001,2.9078952e-002,-1.04E-01,-5.48E-01,-1.80E-01,-3.25E-01
2.7537606e-001,1.3442795e-002,-6.68E-02,-4.62E-01,-1.84E-01,-3.59E-01
2.9930636e-001,-1.41E-02,-7.04E-02,-4.29E-01,-1.66E-01,-3.69E-01
2.7315947e-001,-1.82E-02,-1.29E-01,-4.17E-01,-1.99E-01,-3.32E-01
2.6933445e-001,-1.89E-02,-1.43E-01,-3.80E-01,-2.57E-01,-3.11E-01
2.2559084e-001,-1.65E-02,-1.26E-01,-3.58E-01,-2.24E-01,-2.85E-01
2.1540756e-001,-2.06E-02,-8.40E-02,-3.35E-01,-1.88E-01,-3.07E-01
3.1975061e-001,-4.27E-02,-7.51E-02,-2.79E-01,-1.52E-01,-3.00E-01
3.3858148e-001,-4.46E-02,-1.25E-01,-2.98E-01,-1.14E-01,-2.98E-01
2.1653358e-001,-2.09E-02,-1.34E-01,-3.19E-01,-6.25E-02,-3.16E-01
2.0597918e-001,-3.48E-03,-1.19E-01,-3.06E-01,3.2056082e-002,-3.40E-01
2.8797961e-001,1.8490927e-002,-8.36E-02,-2.97E-01,-5.77E-02,-3.68E-01
4.0524203e-001,-1.52E-02,-1.23E-01,-2.58E-01,-1.88E-01,-3.01E-01
2.9904258e-001,-2.92E-02,-1.49E-01,-2.54E-01,-1.72E-01,-3.32E-01
1.6867959e-001,-5.58E-03,-1.01E-01,-3.40E-01,-1.59E-01,-3.79E-01
2.5692147e-001,-2.68E-02,-1.22E-01,-4.37E-01,-1.65E-01,-3.22E-01
3.5498332e-001,-2.64E-02,-1.16E-01,-3.33E-01,-4.64E-02,-2.75E-01
3.1757045e-001,-4.72E-02,-1.47E-01,-2.43E-01,-5.63E-02,-2.88E-01
2.1597598e-001,1.0723857e-002,-1.17E-01,-1.97E-01,-9.53E-02,-3.29E-01
2.6769221e-001,1.3320470e-002,-8.62E-02,-1.76E-01,-4.20E-02,-3.33E-01
3.8810399e-001,-4.15E-02,-1.38E-01,-1.57E-01,-2.22E-02,-2.88E-01
2.3648675e-001,-2.12E-02,-1.55E-01,-8.51E-02,-8.74E-02,-3.32E-01
2.1308878e-001,3.2852179e-003,-4.32E-02,-8.87E-02,-1.98E-01,-3.51E-01
3.4501515e-001,-3.27E-02,-4.17E-02,-1.37E-01,-7.57E-02,-3.76E-01
1.9495805e-001,-2.45E-02,-1.37E-01,-1.19E-01,-2.91E-02,-3.91E-01
2.1352791e-001,2.9321291e-002,-1.09E-01,-1.78E-01,-4.16E-02,-3.46E-01
4.1469289e-001,-2.02E-02,-1.09E-01,-2.52E-01,-1.87E-03,-3.11E-01
3.2946109e-001,-3.30E-02,-1.43E-01,-2.50E-01,-5.65E-02,-2.93E-01
3.0217697e-001,2.3015567e-002,-5.21E-02,1.1203415e-002,-2.60E-01,-4.01E-01
2.4989914e-001,-3.52E-02,-1.12E-01,1.2538837e-001,-3.03E-01,-2.88E-01
3.9873360e-001,-6.07E-02,-1.72E-01,1.8363961e-001,7.3890569e-002,-3.24E-01
4.1540111e-001,-9.27E-03,-1.00E-01,1.7962819e-001,1.4347538e-001,-3.72E-01
2.6472423e-001,1.8785412e-002,-9.41E-02,1.8275948e-001,-1.90E-01,-3.07E-01
2.5645750e-001,-2.96E-02,-1.34E-01,1.5654314e-001,-7.32E-02,-2.92E-01
1.6982864e-001,-9.25E-03,-1.15E-01,1.4962014e-001,-9.67E-02,-3.25E-01
2.4910698e-001,-2.30E-02,-9.99E-02,3.2183815e-001,-1.58E-01,-2.57E-01
2.7761078e-001,1.2051747e-002,-8.87E-02,1.8351183e-001,-1.12E-01,-3.60E-01
1.1344723e-001,-3.28E-02,-1.01E-01,2.7479991e-001,-5.81E-02,-3.31E-01
2.3442130e-001,-1.34E-02,-1.04E-01,2.5978149e-001,2.2231588e-002,-3.36E-01
2.6987496e-001,-3.27E-02,-1.11E-01,2.1061565e-001,-6.69E-02,-2.76E-01
3.2726312e-001,-3.79E-02,-1.03E-01,2.5396673e-001,-4.21E-02,-1.72E-01
2.6383089e-001,-7.93E-03,-1.02E-01,1.7658158e-001,-3.42E-02,-1.94E-01
3.3646583e-001,-9.94E-05,-1.08E-01,2.1596176e-001,-1.25E-01,-2.37E-01
4.0367060e-001,5.8776602e-003,-1.23E-01,3.3642729e-001,-3.92E-02,-2.43E-01
3.4836527e-001,6.1672977e-002,-5.33E-02,1.2703645e-001,-2.71E-01,-2.50E-01
2.2173861e-001,-2.05E-02,-8.91E-02,1.4992510e-001,-1.42E-01,-3.73E-01
2.4443196e-001,-3.99E-02,-1.34E-01,7.8225507e-002,1.5783483e-002,-3.70E-01
2.9285649e-001,-1.72E-02,-1.30E-01,6.1637979e-002,-2.53E-02,-3.50E-01
2.4733190e-001,-1.20E-02,-1.07E-01,4.7664332e-002,-1.38E-01,-3.70E-01
2.6562266e-001,-2.94E-02,-1.18E-01,8.9281826e-002,-4.51E-03,-3.17E-01
2.4180418e-001,-3.41E-02,-9.51E-02,1.6441409e-001,4.6262488e-002,-2.90E-01
1.6987480e-001,-7.64E-03,-5.47E-02,1.8238000e-001,2.9296211e-002,-2.68E-01
2.4607380e-001,-1.08E-02,-1.16E-01,1.9755727e-001,6.6245902e-002,-2.19E-01
3.3008434e-001,-9.29E-02,-2.26E-01,-2.67E-01,2.5334219e-001,-1.13E-01
2.5915263e-001,1.7585122e-002,-8.66E-02,-1.95E-01,-1.36E-01,-4.72E-01
1.6393082e-001,-1.90E-02,-8.47E-02,-2.70E-01,-1.34E-01,-5.22E-01
1.8258296e-001,-2.37E-02,-7.38E-02,-2.83E-01,-1.16E-01,-4.19E-01
3.4931593e-001,-4.93E-02,-9.40E-02,-2.44E-01,-1.25E-01,-3.71E-01
3.1506873e-001,-6.90E-02,-1.17E-01,-2.36E-01,-3.68E-02,-4.27E-01
2.7781441e-001,-2.51E-02,-9.60E-02,-2.14E-01,-3.81E-02,-4.67E-01
2.6401540e-001,3.8841572e-002,-1.21E-01,-2.33E-01,-2.36E-01,-4.60E-01
2.1665108e-001,8.9767631e-004,-1.46E-01,-2.27E-01,-2.55E-01,-4.59E-01
2.6643709e-001,-3.70E-02,-1.25E-01,-1.76E-01,-1.62E-01,-4.71E-01
1.8150360e-001,-9.41E-02,-1.78E-01,-6.46E-02,-1.09E-01,-3.34E-01
2.5494199e-001,-4.13E-02,-1.29E-01,-7.64E-02,-4.74E-02,-3.56E-01
2.9395283e-001,-7.62E-03,-6.77E-02,-1.47E-01,2.3047938e-003,-3.87E-01
2.7410183e-001,-2.68E-02,-1.05E-01,-1.85E-01,9.1710046e-003,-4.09E-01
2.7347728e-001,-4.14E-02,-1.13E-01,-1.49E-01,6.0106476e-002,-3.87E-01
3.2897631e-001,-2.31E-02,-7.95E-02,-1.57E-01,6.5654613e-002,-3.56E-01
3.3912109e-001,-1.02E-02,-9.48E-02,-1.70E-01,-1.64E-02,-4.02E-01
2.6104870e-001,-2.74E-02,-1.31E-01,-1.12E-01,-2.43E-02,-4.18E-01
1.9975580e-001,-5.45E-02,-1.26E-01,-1.17E-01,-1.34E-02,-3.89E-01
2.6509990e-001,-9.05E-02,-2.53E-01,-1.53E-01,-1.05E-01,-4.21E-01
2.1406541e-001,-3.66E-02,-1.38E-01,-1.25E-01,-1.30E-01,-4.52E-01
2.5776743e-001,-1.63E-02,-7.22E-02,-2.00E-01,-1.16E-01,-4.81E-01
4.2708627e-001,-2.32E-02,-7.05E-02,-2.41E-01,1.8736663e-002,-3.50E-01
3.3411066e-001,-4.19E-02,-1.35E-01,-1.92E-01,4.1141184e-002,-3.21E-01
2.5257163e-001,-2.06E-02,-1.65E-01,-2.33E-01,-1.20E-02,-4.03E-01
2.7806557e-001,7.0392703e-003,-1.24E-01,-2.07E-01,-1.13E-02,-4.04E-01
2.5377074e-001,-1.21E-02,-8.69E-02,-1.51E-01,-1.17E-01,-4.08E-01
2.4324510e-001,-1.77E-02,-9.83E-02,-1.11E-01,-1.75E-01,-3.84E-01
2.8765873e-001,-5.32E-02,-1.36E-01,-9.61E-01,-9.44E-01,-8.96E-01
2.7533571e-001,-6.08E-02,-1.66E-01,-9.93E-01,-9.30E-01,-9.05E-01
2.7933779e-001,-4.46E-02,-1.71E-01,-9.96E-01,-9.01E-01,-8.97E-01
2.7950140e-001,-1.62E-02,-1.06E-01,-9.97E-01,-9.67E-01,-9.40E-01
2.7764618e-001,-1.18E-02,-1.00E-01,-9.97E-01,-9.72E-01,-9.76E-01
2.7682342e-001,-2.10E-02,-1.25E-01,-9.98E-01,-9.54E-01,-9.70E-01
2.7636976e-001,-3.37E-02,-1.24E-01,-9.98E-01,-9.68E-01,-9.71E-01
2.7779690e-001,-1.88E-02,-1.03E-01,-9.98E-01,-9.57E-01,-9.87E-01
2.7799030e-001,-1.38E-02,-1.12E-01,-9.97E-01,-9.75E-01,-9.75E-01
2.7825154e-001,-2.76E-02,-1.35E-01,-9.97E-01,-9.82E-01,-9.81E-01
2.7728542e-001,-2.47E-02,-1.25E-01,-9.98E-01,-9.72E-01,-9.68E-01
2.7653378e-001,-1.04E-02,-9.92E-02,-9.98E-01,-9.77E-01,-9.73E-01
2.8002999e-001,-9.54E-03,-1.05E-01,-9.97E-01,-9.84E-01,-9.77E-01
2.7967700e-001,-7.76E-03,-9.67E-02,-9.91E-01,-8.54E-01,-9.44E-01
2.7408757e-001,-5.89E-03,-7.78E-02,-9.90E-01,-8.43E-01,-9.42E-01
2.7566712e-001,-2.44E-02,-1.04E-01,-9.97E-01,-9.35E-01,-9.51E-01
2.7869615e-001,-2.96E-02,-1.27E-01,-9.99E-01,-9.79E-01,-9.94E-01
2.7744406e-001,-1.81E-02,-1.09E-01,-9.98E-01,-9.77E-01,-9.73E-01
2.7624818e-001,-1.11E-02,-7.90E-02,-9.94E-01,-9.69E-01,-9.73E-01
4.2538905e-001,6.4045854e-002,-1.11E-02,-9.24E-01,-6.72E-01,-7.79E-01
2.8732066e-001,6.7540826e-003,-6.80E-02,-9.76E-01,-8.32E-01,-8.87E-01
2.6884023e-001,-3.16E-02,-1.15E-01,-9.94E-01,-9.78E-01,-9.91E-01
2.8046557e-001,-1.68E-02,-1.17E-01,-9.92E-01,-9.62E-01,-9.87E-01
2.8374864e-001,6.0372871e-003,-1.02E-01,-9.90E-01,-9.31E-01,-9.63E-01
2.7764316e-001,-1.03E-02,-9.93E-02,-9.93E-01,-8.99E-01,-9.69E-01
2.7695015e-001,-3.23E-02,-1.17E-01,-9.98E-01,-9.77E-01,-9.94E-01
2.7672055e-001,-2.52E-02,-1.23E-01,-9.97E-01,-9.90E-01,-9.94E-01
2.7654332e-001,-2.07E-02,-1.20E-01,-9.98E-01,-9.87E-01,-9.93E-01
2.8060428e-001,-1.37E-02,-1.12E-01,-9.99E-01,-9.91E-01,-9.91E-01
2.7970801e-001,-9.73E-03,-1.01E-01,-9.99E-01,-9.92E-01,-9.85E-01
2.7615538e-001,-7.74E-03,-9.89E-02,-9.90E-01,-9.64E-01,-9.86E-01
2.7926262e-001,-7.92E-03,-1.01E-01,-9.89E-01,-9.64E-01,-9.89E-01
2.7990714e-001,-1.50E-02,-1.06E-01,-9.95E-01,-9.76E-01,-9.86E-01
2.7637538e-001,-2.15E-02,-1.14E-01,-9.95E-01,-9.77E-01,-9.93E-01
2.7783561e-001,-1.86E-02,-1.16E-01,-9.96E-01,-9.79E-01,-9.96E-01
2.7829783e-001,-2.01E-02,-1.19E-01,-9.98E-01,-9.80E-01,-9.91E-01
9.7190290e-002,2.3485426e-001,1.1769073e-001,-8.77E-01,1.3283862e-001,-2.68E-01
2.8293083e-001,-4.87E-02,-1.64E-01,-9.77E-01,-8.75E-01,-9.30E-01
2.8802193e-001,-1.40E-02,-1.21E-01,-9.93E-01,-9.41E-01,-9.79E-01
2.8450293e-001,-9.73E-03,-1.21E-01,-9.91E-01,-9.77E-01,-9.80E-01
2.7772008e-001,-1.63E-02,-1.14E-01,-9.89E-01,-9.83E-01,-9.74E-01
2.7202314e-001,-1.61E-02,-1.01E-01,-9.92E-01,-9.91E-01,-9.88E-01
2.8008096e-001,-1.61E-02,-1.10E-01,-9.95E-01,-9.94E-01,-9.86E-01
2.8183159e-001,-1.69E-02,-1.14E-01,-9.95E-01,-9.96E-01,-9.81E-01
2.7882845e-001,-1.72E-02,-1.12E-01,-9.95E-01,-9.95E-01,-9.79E-01
2.7851605e-001,-1.70E-02,-1.12E-01,-9.94E-01,-9.95E-01,-9.82E-01
2.7879965e-001,-1.70E-02,-1.09E-01,-9.94E-01,-9.94E-01,-9.74E-01
2.8075789e-001,-1.72E-02,-1.13E-01,-9.96E-01,-9.93E-01,-9.75E-01
2.7681969e-001,-1.71E-02,-1.10E-01,-9.96E-01,-9.93E-01,-9.86E-01
2.7397154e-001,-1.69E-02,-1.01E-01,-9.97E-01,-9.94E-01,-9.96E-01
2.7543932e-001,-1.73E-02,-1.02E-01,-9.97E-01,-9.96E-01,-9.99E-01
2.7608807e-001,-1.70E-02,-1.08E-01,-9.97E-01,-9.95E-01,-9.91E-01
3.8362647e-001,-1.21E-01,-2.17E-01,-8.74E-01,-3.74E-01,-8.28E-01
2.6320657e-001,7.5271768e-003,-1.07E-01,-9.90E-01,-9.39E-01,-9.54E-01
2.8173331e-001,-1.81E-02,-1.02E-01,-9.96E-01,-9.78E-01,-9.71E-01
2.7811232e-001,-1.79E-02,-1.07E-01,-9.96E-01,-9.84E-01,-9.85E-01
2.7427797e-001,-1.30E-02,-1.03E-01,-9.97E-01,-9.91E-01,-9.96E-01
2.7479957e-001,-1.59E-02,-1.07E-01,-9.97E-01,-9.92E-01,-9.96E-01
2.7248048e-001,-1.53E-02,-1.07E-01,-9.97E-01,-9.88E-01,-9.94E-01
2.8666461e-001,-1.88E-02,-1.28E-01,-9.92E-01,-9.77E-01,-9.61E-01
2.8484910e-001,-1.80E-02,-1.21E-01,-9.90E-01,-9.70E-01,-9.36E-01
2.6471073e-001,-8.57E-03,-8.51E-02,-9.94E-01,-9.75E-01,-9.57E-01
2.8080589e-001,-2.00E-02,-1.15E-01,-9.88E-01,-9.58E-01,-9.37E-01
2.8515484e-001,-2.41E-02,-1.24E-01,-9.90E-01,-9.72E-01,-9.53E-01
2.8690087e-001,-2.72E-02,-1.35E-01,-9.88E-01,-9.57E-01,-9.30E-01
2.9641997e-001,-3.46E-02,-1.48E-01,-9.89E-01,-9.62E-01,-9.42E-01
2.7516219e-001,-1.54E-02,-9.71E-02,-9.89E-01,-9.51E-01,-9.43E-01
2.5466219e-001,-7.32E-04,-5.25E-02,-9.93E-01,-9.69E-01,-9.67E-01
2.6853036e-001,-1.38E-02,-7.94E-02,-9.88E-01,-9.55E-01,-9.26E-01
2.8588535e-001,-2.67E-02,-1.21E-01,-9.95E-01,-9.82E-01,-9.76E-01
1.0777805e-001,-5.70E-02,-5.80E-02,-6.72E-01,-8.40E-01,-8.25E-01
3.3979893e-001,-1.24E-02,-1.08E-01,-9.45E-01,-9.79E-01,-9.83E-01
2.5987278e-001,-1.60E-02,-1.05E-01,-9.88E-01,-9.93E-01,-9.87E-01
2.7948051e-001,-1.96E-02,-1.07E-01,-9.87E-01,-9.94E-01,-9.88E-01
2.7581779e-001,-1.85E-02,-1.06E-01,-9.86E-01,-9.92E-01,-9.91E-01
2.6712342e-001,-1.57E-02,-1.09E-01,-9.91E-01,-9.95E-01,-9.95E-01
2.8171967e-001,-1.60E-02,-1.10E-01,-9.93E-01,-9.95E-01,-9.96E-01
2.8641886e-001,-1.77E-02,-1.10E-01,-9.94E-01,-9.93E-01,-9.93E-01
2.8344079e-001,-1.76E-02,-1.06E-01,-9.94E-01,-9.94E-01,-9.96E-01
2.7735124e-001,-1.71E-02,-1.07E-01,-9.96E-01,-9.95E-01,-9.97E-01
2.7905769e-001,-1.73E-02,-1.09E-01,-9.92E-01,-9.90E-01,-9.94E-01
2.7452537e-001,-1.77E-02,-1.08E-01,-9.90E-01,-9.91E-01,-9.92E-01
2.6657145e-001,-1.73E-02,-1.09E-01,-9.93E-01,-9.87E-01,-9.92E-01
2.8549068e-001,-1.68E-02,-1.10E-01,-9.87E-01,-9.87E-01,-9.95E-01
2.8985740e-001,-1.76E-02,-1.07E-01,-9.90E-01,-9.94E-01,-9.93E-01
2.7472052e-001,-1.76E-02,-1.09E-01,-9.95E-01,-9.95E-01,-9.92E-01
2.9189435e-001,-1.74E-02,-1.04E-01,-9.89E-01,-9.96E-01,-9.91E-01
2.9231639e-001,-1.66E-02,-1.06E-01,-9.87E-01,-9.94E-01,-9.88E-01
2.6982823e-001,-1.60E-02,-1.10E-01,-9.92E-01,-9.93E-01,-9.92E-01
3.2129414e-001,-5.18E-02,-5.97E-02,-8.12E-01,-9.11E-01,-8.88E-01
3.3149348e-001,-2.09E-02,-1.10E-01,-9.29E-01,-9.60E-01,-9.92E-01
2.5360708e-001,-1.50E-02,-1.06E-01,-9.85E-01,-9.90E-01,-9.95E-01
2.7858771e-001,-1.75E-02,-1.06E-01,-9.95E-01,-9.96E-01,-9.91E-01
2.8287454e-001,-1.74E-02,-1.07E-01,-9.94E-01,-9.97E-01,-9.94E-01
2.9133628e-001,-1.75E-02,-1.06E-01,-9.93E-01,-9.94E-01,-9.97E-01
2.7320521e-001,-1.56E-02,-1.11E-01,-9.87E-01,-9.94E-01,-9.94E-01
2.5819362e-001,-1.75E-02,-1.11E-01,-9.94E-01,-9.90E-01,-9.94E-01
2.7958705e-001,-1.87E-02,-1.04E-01,-9.92E-01,-9.90E-01,-9.92E-01
2.8802958e-001,-1.74E-02,-1.04E-01,-9.91E-01,-9.94E-01,-9.92E-01
2.8591655e-001,-1.83E-02,-1.04E-01,-9.90E-01,-9.96E-01,-9.95E-01
2.7321471e-001,-1.76E-02,-1.10E-01,-9.89E-01,-9.95E-01,-9.90E-01
2.7592154e-001,-1.72E-02,-1.13E-01,-9.87E-01,-9.95E-01,-9.91E-01
2.8680028e-001,-1.72E-02,-1.07E-01,-9.91E-01,-9.96E-01,-9.93E-01
2.7035064e-001,-1.63E-02,-1.07E-01,-9.92E-01,-9.97E-01,-9.90E-01
2.8041987e-001,-1.73E-02,-1.07E-01,-9.88E-01,-9.96E-01,-9.85E-01
2.7587733e-001,-1.64E-02,-1.13E-01,-9.86E-01,-9.96E-01,-9.85E-01
2.6949979e-001,-1.60E-02,-1.10E-01,-9.85E-01,-9.97E-01,-9.86E-01
2.8770611e-001,-1.91E-02,-1.02E-01,-9.84E-01,-9.93E-01,-9.89E-01
2.9196397e-001,-1.88E-02,-1.04E-01,-9.87E-01,-9.92E-01,-9.92E-01
2.7232371e-001,-1.68E-02,-1.10E-01,-9.85E-01,-9.95E-01,-9.92E-01
2.5907798e-001,-1.64E-02,-1.15E-01,-9.93E-01,-9.92E-01,-9.89E-01
2.8263430e-001,-1.75E-02,-1.09E-01,-9.77E-01,-9.82E-01,-9.71E-01
2.9240628e-001,9.8100114e-003,-1.01E-01,-4.53E-01,-2.86E-01,-3.46E-01
2.5376730e-001,-1.66E-02,-8.35E-02,-4.34E-01,-2.42E-01,-3.54E-01
2.4416071e-001,-7.06E-03,-1.25E-01,-4.61E-01,-2.40E-01,-3.74E-01
2.6612465e-001,-6.28E-03,-1.41E-01,-4.62E-01,-3.27E-01,-3.97E-01
2.7388636e-001,5.7753351e-003,-7.46E-02,-4.62E-01,-2.82E-01,-4.21E-01
3.0491847e-001,1.1457414e-002,-7.56E-02,-4.41E-01,-2.45E-01,-3.81E-01
3.3466577e-001,-2.82E-02,-1.36E-01,-4.09E-01,-2.54E-01,-3.35E-01
3.1120947e-001,-3.23E-02,-1.34E-01,-4.03E-01,-1.99E-01,-3.61E-01
2.3707985e-001,-1.62E-02,-1.08E-01,-4.11E-01,-1.68E-01,-4.08E-01
2.2043468e-001,-1.25E-02,-9.23E-02,-4.40E-01,-1.56E-01,-4.06E-01
2.4200493e-001,-9.03E-03,-8.75E-02,-4.69E-01,-1.09E-01,-4.02E-01
2.7812467e-001,-2.22E-02,-9.58E-02,-4.10E-01,-1.40E-01,-3.70E-01
3.4714807e-001,-2.95E-02,-9.70E-02,-3.29E-01,-1.80E-01,-3.63E-01
3.3985037e-001,-4.28E-02,-1.30E-01,-3.17E-01,-1.72E-01,-3.39E-01
2.5005143e-001,-2.65E-02,-1.31E-01,-3.59E-01,-2.05E-01,-3.31E-01
2.3141462e-001,-1.77E-02,-1.22E-01,-4.19E-01,-1.39E-01,-3.86E-01
2.3504302e-001,1.8648133e-002,-1.03E-01,-4.12E-01,-2.20E-01,-3.10E-01
3.3119481e-001,-6.67E-03,-8.07E-02,-3.41E-01,-1.47E-01,-2.77E-01
3.7068973e-001,-3.76E-02,-1.21E-01,-3.02E-01,-8.73E-02,-2.56E-01
2.7859895e-001,-4.75E-02,-1.21E-01,-3.02E-01,-7.58E-02,-2.63E-01
2.0235118e-001,-2.17E-02,-1.12E-01,-3.32E-01,-1.14E-01,-3.09E-01
2.1663814e-001,6.9244560e-003,-1.16E-01,-3.40E-01,-8.75E-02,-3.23E-01
3.0929725e-001,1.4488168e-002,-1.02E-01,-3.52E-01,-6.00E-02,-3.23E-01
3.5260091e-001,-2.33E-02,-1.16E-01,-3.66E-01,-1.55E-02,-3.18E-01
3.2754436e-001,-1.94E-02,-1.16E-01,-3.48E-01,-2.44E-03,-3.07E-01
2.0351471e-001,-1.69E-03,-9.92E-02,-3.32E-01,-9.05E-02,-3.51E-01
2.0797202e-001,-1.61E-02,-8.51E-02,-3.70E-01,-1.61E-01,-3.26E-01
3.7300026e-001,-2.04E-02,-9.35E-02,-3.74E-01,-1.25E-01,-2.78E-01
3.3697412e-001,-3.78E-02,-1.29E-01,-3.98E-01,-9.49E-02,-2.89E-01
2.2373009e-001,-4.83E-02,-1.06E-01,-4.62E-01,-9.47E-02,-2.88E-01
2.4628836e-001,-2.39E-02,-9.82E-02,-4.26E-01,-1.40E-01,-3.29E-01
2.8036213e-001,4.4646194e-002,-2.93E-02,5.0699664e-002,-1.23E-01,-2.92E-01
2.3454933e-001,-1.18E-02,-9.86E-02,8.5904683e-002,-1.61E-01,-3.62E-01
3.0614687e-001,-2.79E-02,-1.15E-01,5.5306048e-002,-4.73E-02,-3.93E-01
3.6946023e-001,-2.16E-02,-1.21E-01,5.5448241e-002,3.4182791e-002,-3.26E-01
3.9833661e-001,-4.58E-03,-1.36E-01,3.9000218e-002,-4.73E-02,-3.45E-01
2.0041462e-001,-9.42E-03,-1.52E-01,-1.05E-01,-1.04E-01,-4.36E-01
1.1459357e-001,-3.69E-02,-1.17E-01,-1.18E-01,1.6581389e-002,-4.48E-01
2.8921455e-001,-2.87E-02,-1.17E-01,1.2223018e-002,2.8682089e-002,-4.06E-01
2.7428507e-001,2.1152165e-003,-1.45E-01,1.2804971e-001,-4.34E-02,-4.17E-01
2.9948393e-001,1.9522777e-002,-3.92E-02,3.4637075e-001,3.7399514e-002,-2.33E-01
4.2925386e-001,-2.23E-02,-9.50E-02,4.0357453e-001,-7.81E-02,-2.25E-01
3.6665940e-001,-3.06E-02,-1.80E-01,2.2582158e-001,9.3873039e-002,-2.52E-01
2.4019757e-001,-2.46E-02,-1.52E-01,1.7623428e-001,1.0308230e-001,-1.59E-01
1.9506298e-001,1.8972534e-002,-9.56E-02,2.5537064e-001,-1.31E-02,-1.65E-01
1.3352938e-001,-1.03E-02,-1.05E-01,2.1665092e-001,1.2364033e-001,-1.92E-01
4.1805178e-001,-3.40E-02,-8.19E-02,3.3679680e-001,1.4600661e-001,-1.33E-01
4.2326930e-001,-2.27E-02,-8.83E-02,3.5229042e-001,1.0941052e-002,-2.01E-01
2.2635593e-001,-3.35E-02,-1.85E-01,-1.59E-01,-4.04E-02,-4.10E-01
2.4579631e-001,-1.09E-02,-1.14E-01,-1.11E-01,-5.71E-02,-4.19E-01
2.7641656e-001,-1.73E-02,-9.24E-02,-1.31E-01,-1.98E-02,-4.06E-01
3.2039483e-001,-4.88E-03,-1.55E-01,-1.52E-01,7.2095044e-003,-3.84E-01
2.8185283e-001,-2.98E-02,-1.65E-01,-1.39E-01,-3.48E-02,-4.28E-01
3.1540464e-001,-6.22E-02,-1.38E-01,-1.96E-01,1.5968968e-002,-4.11E-01
2.4092822e-001,-2.99E-02,-1.15E-01,-1.58E-01,3.9142574e-002,-3.96E-01
2.2577890e-001,-5.75E-03,-6.71E-02,-8.66E-02,-2.78E-02,-4.07E-01
2.9145063e-001,-5.50E-03,-7.27E-02,-1.40E-01,-7.74E-02,-3.80E-01
2.2252458e-001,-8.84E-02,-2.04E-01,-8.60E-02,1.9575385e-002,-3.63E-01
3.0956800e-001,-5.47E-02,-1.13E-01,-9.51E-02,-1.78E-02,-4.00E-01
3.3778522e-001,-2.74E-02,-7.11E-02,-1.79E-01,-4.89E-02,-4.91E-01
2.4750568e-001,-2.83E-03,-1.13E-01,-2.87E-01,-1.04E-01,-4.30E-01
2.0583007e-001,1.5098379e-002,-1.32E-01,-2.78E-01,-2.28E-01,-4.52E-01
2.4870580e-001,5.4485773e-003,-1.44E-01,-2.13E-01,-1.01E-01,-4.63E-01
3.7520156e-001,-3.61E-02,-1.67E-01,-1.83E-01,-4.35E-02,-4.15E-01
2.7136009e-001,-3.88E-02,-1.41E-01,-1.67E-01,-1.79E-01,-4.37E-01
2.3645585e-001,-2.13E-02,-1.15E-01,-1.86E-01,-1.92E-01,-3.93E-01
2.8974380e-001,4.5130889e-002,-1.72E-02,1.5277067e-001,-2.59E-02,-3.23E-01
1.9831991e-001,-3.07E-02,-1.18E-01,2.0230005e-001,1.7905201e-001,-3.56E-01
3.0290607e-001,-1.79E-02,-1.30E-01,1.6575647e-001,3.2250543e-001,-3.08E-01
1.7198007e-001,-3.40E-02,-1.08E-01,1.8858242e-001,2.1634479e-001,-2.10E-01
2.5411683e-001,-3.29E-02,-1.14E-01,3.1920130e-001,1.9040662e-001,-8.79E-02
5.0311204e-001,-2.92E-02,-1.26E-01,3.1430121e-001,2.1536779e-001,-8.31E-02
3.1040494e-001,-3.40E-03,-1.16E-01,2.7193362e-001,1.2457060e-001,-1.48E-01
1.4976175e-001,1.3895937e-002,-1.06E-01,2.4497082e-001,-3.82E-02,-2.15E-01
2.0925541e-001,-4.71E-02,-1.77E-01,-1.08E-01,-5.39E-02,-3.37E-01
2.5892099e-001,-2.60E-02,-1.17E-01,-1.72E-01,-1.29E-01,-4.03E-01
2.4808854e-001,-3.62E-02,-1.21E-01,-2.22E-01,-8.00E-02,-4.44E-01
2.8425088e-001,-2.91E-02,-1.41E-01,-1.61E-01,9.2995425e-002,-4.26E-01
2.9067971e-001,-8.46E-03,-1.12E-01,-1.10E-01,5.0054219e-002,-4.30E-01
2.7206634e-001,-2.75E-02,-1.28E-01,-1.77E-01,9.4504129e-002,-4.11E-01
3.0727092e-001,-4.69E-02,-1.08E-01,-1.11E-01,1.0176942e-001,-3.14E-01
3.3406697e-001,-3.79E-02,-5.41E-02,-4.88E-02,2.8633570e-002,-3.39E-01
3.5639571e-001,-4.18E-03,-1.09E-01,-1.04E-01,-5.50E-02,-4.21E-01
2.7879069e-001,-3.25E-02,-1.46E-01,-9.93E-01,-9.39E-01,-9.29E-01
2.7570921e-001,-1.80E-02,-1.02E-01,-9.96E-01,-9.81E-01,-9.78E-01
2.7768305e-001,-2.12E-02,-1.07E-01,-9.95E-01,-9.83E-01,-9.85E-01
2.7730095e-001,-1.60E-02,-9.86E-02,-9.94E-01,-9.78E-01,-9.77E-01
2.7960097e-001,-1.40E-02,-9.06E-02,-9.95E-01,-9.88E-01,-9.90E-01
2.7718242e-001,-1.79E-02,-1.10E-01,-9.95E-01,-9.95E-01,-9.87E-01
2.7625284e-001,-1.74E-02,-1.16E-01,-9.97E-01,-9.95E-01,-9.94E-01
2.7612225e-001,-1.86E-02,-1.15E-01,-9.96E-01,-9.91E-01,-9.92E-01
2.7688012e-001,-1.89E-02,-1.10E-01,-9.96E-01,-9.92E-01,-9.86E-01
2.7889394e-001,-1.49E-02,-1.05E-01,-9.97E-01,-9.89E-01,-9.91E-01
2.7852851e-001,-7.48E-03,-1.03E-01,-9.97E-01,-9.78E-01,-9.88E-01
2.8018000e-001,-1.01E-02,-1.10E-01,-9.96E-01,-9.73E-01,-9.71E-01
2.7549277e-001,-2.32E-02,-1.04E-01,-9.87E-01,-9.66E-01,-9.59E-01
2.7538277e-001,-2.33E-02,-1.01E-01,-9.87E-01,-9.61E-01,-9.59E-01
2.8216824e-001,-1.21E-02,-1.19E-01,-9.94E-01,-9.72E-01,-9.74E-01
2.7591819e-001,-1.85E-02,-1.00E-01,-9.93E-01,-9.59E-01,-9.63E-01
2.7504266e-001,-2.34E-02,-9.80E-02,-9.96E-01,-9.68E-01,-9.66E-01
2.7902986e-001,-1.66E-02,-1.09E-01,-9.98E-01,-9.84E-01,-9.89E-01
3.4969415e-001,4.3541602e-003,3.5165941e-002,-9.36E-01,-7.29E-01,-7.30E-01
2.7062336e-001,-6.06E-03,-1.02E-01,-9.93E-01,-8.95E-01,-8.75E-01
2.7760730e-001,-2.23E-02,-1.16E-01,-9.96E-01,-9.72E-01,-9.54E-01
2.8061635e-001,-1.46E-02,-1.04E-01,-9.97E-01,-9.96E-01,-9.79E-01
2.7865797e-001,-1.38E-02,-1.09E-01,-9.98E-01,-9.96E-01,-9.84E-01
2.7576924e-001,-1.38E-02,-1.00E-01,-9.98E-01,-9.93E-01,-9.89E-01
2.7779827e-001,-1.51E-02,-1.06E-01,-9.98E-01,-9.93E-01,-9.89E-01
2.7872963e-001,-1.79E-02,-1.12E-01,-9.98E-01,-9.91E-01,-9.96E-01
2.7791364e-001,-2.10E-02,-1.14E-01,-9.98E-01,-9.94E-01,-9.90E-01
2.7781516e-001,-1.69E-02,-1.19E-01,-9.98E-01,-9.88E-01,-9.89E-01
2.7618725e-001,-1.13E-02,-1.06E-01,-9.98E-01,-9.93E-01,-9.78E-01
2.7817755e-001,-1.55E-02,-1.01E-01,-9.98E-01,-9.89E-01,-9.78E-01
2.7821857e-001,-2.24E-02,-1.21E-01,-9.97E-01,-9.91E-01,-9.80E-01
2.7615321e-001,-1.86E-02,-1.16E-01,-9.97E-01,-9.85E-01,-9.78E-01
2.7686936e-001,-1.66E-02,-1.04E-01,-9.98E-01,-9.90E-01,-9.90E-01
2.7855960e-001,-1.84E-02,-1.02E-01,-9.97E-01,-9.90E-01,-9.93E-01
2.7879515e-001,-1.59E-02,-9.97E-02,-9.98E-01,-9.90E-01,-9.90E-01
2.7802932e-001,-1.48E-02,-1.04E-01,-9.99E-01,-9.93E-01,-9.94E-01
1.0481167e-001,5.1003007e-002,-5.65E-03,-8.15E-01,-6.30E-01,-5.63E-01
3.0804320e-001,-2.73E-02,-1.40E-01,-9.75E-01,-9.62E-01,-9.26E-01
2.6544204e-001,-1.11E-02,-9.48E-02,-9.88E-01,-9.78E-01,-9.69E-01
2.7094252e-001,-1.47E-02,-1.05E-01,-9.91E-01,-9.75E-01,-9.73E-01
2.8393515e-001,-2.10E-02,-1.15E-01,-9.97E-01,-9.89E-01,-9.94E-01
2.8225820e-001,-1.88E-02,-1.09E-01,-9.97E-01,-9.89E-01,-9.95E-01
2.7910501e-001,-1.73E-02,-1.06E-01,-9.98E-01,-9.95E-01,-9.95E-01
2.7354993e-001,-1.66E-02,-1.06E-01,-9.97E-01,-9.90E-01,-9.89E-01
2.7712772e-001,-1.71E-02,-1.11E-01,-9.95E-01,-9.88E-01,-9.88E-01
2.7832688e-001,-1.85E-02,-1.10E-01,-9.95E-01,-9.95E-01,-9.91E-01
2.7015261e-001,-1.63E-02,-1.01E-01,-9.96E-01,-9.92E-01,-9.97E-01
2.7259790e-001,-1.48E-02,-1.05E-01,-9.96E-01,-9.90E-01,-9.93E-01
2.8057251e-001,-1.65E-02,-1.12E-01,-9.95E-01,-9.83E-01,-9.80E-01
2.7826652e-001,-1.56E-02,-1.08E-01,-9.87E-01,-9.53E-01,-9.67E-01
2.7076593e-001,-1.31E-02,-1.05E-01,-9.84E-01,-9.48E-01,-9.68E-01
2.7457999e-001,-1.76E-02,-1.09E-01,-9.88E-01,-9.67E-01,-9.76E-01
2.8253669e-001,-1.83E-02,-1.12E-01,-9.93E-01,-9.79E-01,-9.86E-01
2.7526941e-001,-1.84E-02,-1.00E-01,-9.90E-01,-9.80E-01,-9.71E-01
3.0283677e-001,-2.31E-02,-2.14E-01,-9.76E-01,-9.11E-01,-8.50E-01
2.9952640e-001,-2.29E-02,-1.18E-01,-9.82E-01,-9.61E-01,-9.65E-01
2.7056351e-001,-1.23E-02,-9.85E-02,-9.95E-01,-9.90E-01,-9.85E-01
2.7574845e-001,-1.60E-02,-1.04E-01,-9.96E-01,-9.94E-01,-9.76E-01
2.7698042e-001,-1.64E-02,-1.05E-01,-9.97E-01,-9.87E-01,-9.77E-01
2.7667905e-001,-1.69E-02,-1.04E-01,-9.96E-01,-9.86E-01,-9.81E-01
2.7561198e-001,-1.65E-02,-1.03E-01,-9.96E-01,-9.91E-01,-9.81E-01
2.7291945e-001,-1.37E-02,-9.85E-02,-9.95E-01,-9.90E-01,-9.91E-01
2.7613148e-001,-1.41E-02,-1.09E-01,-9.94E-01,-9.77E-01,-9.90E-01
2.7713397e-001,-1.64E-02,-1.07E-01,-9.96E-01,-9.75E-01,-9.88E-01
2.7795186e-001,-1.80E-02,-1.08E-01,-9.97E-01,-9.85E-01,-9.85E-01
2.7852672e-001,-1.90E-02,-1.14E-01,-9.97E-01,-9.86E-01,-9.89E-01
2.7741447e-001,-1.74E-02,-1.03E-01,-9.98E-01,-9.85E-01,-9.87E-01
2.7950451e-001,-1.71E-02,-1.05E-01,-9.98E-01,-9.91E-01,-9.87E-01
2.7472830e-001,-1.49E-02,-1.05E-01,-9.97E-01,-9.89E-01,-9.93E-01
2.7655080e-001,-1.62E-02,-1.10E-01,-9.95E-01,-9.68E-01,-9.84E-01
2.7760762e-001,-1.74E-02,-1.11E-01,-9.94E-01,-9.65E-01,-9.83E-01
2.7744405e-001,-1.80E-02,-1.04E-01,-9.95E-01,-9.79E-01,-9.94E-01
2.7694833e-001,-1.75E-02,-1.03E-01,-9.96E-01,-9.86E-01,-9.93E-01
2.0780154e-001,-3.23E-02,-7.09E-02,-9.44E-01,-9.48E-01,-9.62E-01
2.3035479e-001,-2.25E-02,-1.01E-01,-9.53E-01,-9.66E-01,-9.75E-01
2.8195643e-001,-1.70E-02,-1.10E-01,-9.93E-01,-9.90E-01,-9.97E-01
2.7707068e-001,-1.85E-02,-1.06E-01,-9.94E-01,-9.95E-01,-9.95E-01
2.7874928e-001,-1.75E-02,-1.09E-01,-9.95E-01,-9.93E-01,-9.94E-01
2.7692534e-001,-1.80E-02,-1.12E-01,-9.93E-01,-9.90E-01,-9.97E-01
2.7662001e-001,-1.71E-02,-1.09E-01,-9.93E-01,-9.90E-01,-9.97E-01
2.8019780e-001,-1.60E-02,-1.07E-01,-9.94E-01,-9.94E-01,-9.94E-01
2.7436079e-001,-1.75E-02,-1.07E-01,-9.94E-01,-9.95E-01,-9.92E-01
2.7324641e-001,-1.71E-02,-1.08E-01,-9.95E-01,-9.95E-01,-9.94E-01
2.7636227e-001,-1.69E-02,-1.09E-01,-9.95E-01,-9.97E-01,-9.94E-01
2.7528998e-001,-1.69E-02,-1.10E-01,-9.96E-01,-9.96E-01,-9.95E-01
2.7682318e-001,-1.65E-02,-1.10E-01,-9.96E-01,-9.96E-01,-9.96E-01
2.8179020e-001,-1.64E-02,-1.10E-01,-9.96E-01,-9.94E-01,-9.94E-01
2.8027973e-001,-1.71E-02,-1.07E-01,-9.93E-01,-9.94E-01,-9.93E-01
2.7674567e-001,-1.70E-02,-1.07E-01,-9.91E-01,-9.94E-01,-9.95E-01
2.7540246e-001,-1.71E-02,-1.09E-01,-9.93E-01,-9.95E-01,-9.94E-01
2.4818267e-001,-1.60E-02,-1.27E-01,-7.64E-01,-8.25E-01,-8.57E-01
3.2243582e-001,-1.26E-02,-1.12E-01,-9.29E-01,-9.80E-01,-9.57E-01
2.4848044e-001,-1.81E-02,-1.02E-01,-9.84E-01,-9.91E-01,-9.87E-01
2.7835424e-001,-1.63E-02,-1.11E-01,-9.85E-01,-9.89E-01,-9.91E-01
2.7721706e-001,-1.72E-02,-1.09E-01,-9.86E-01,-9.87E-01,-9.89E-01
2.6835308e-001,-1.68E-02,-1.10E-01,-9.92E-01,-9.90E-01,-9.91E-01
2.7388690e-001,-1.51E-02,-1.09E-01,-9.95E-01,-9.90E-01,-9.90E-01
2.7751354e-001,-1.61E-02,-1.08E-01,-9.94E-01,-9.88E-01,-9.89E-01
2.7331899e-001,-1.85E-02,-1.06E-01,-9.93E-01,-9.89E-01,-9.92E-01
2.7534849e-001,-1.90E-02,-1.05E-01,-9.93E-01,-9.88E-01,-9.90E-01
2.7531603e-001,-1.86E-02,-1.07E-01,-9.95E-01,-9.90E-01,-9.91E-01
2.7498125e-001,-1.70E-02,-1.08E-01,-9.93E-01,-9.93E-01,-9.94E-01
2.7517079e-001,-1.67E-02,-1.09E-01,-9.91E-01,-9.93E-01,-9.97E-01
2.7501577e-001,-1.67E-02,-1.06E-01,-9.93E-01,-9.87E-01,-9.94E-01
2.7907113e-001,-1.74E-02,-1.09E-01,-9.93E-01,-9.87E-01,-9.92E-01
2.8031625e-001,-1.80E-02,-1.08E-01,-9.94E-01,-9.93E-01,-9.94E-01
2.7731469e-001,-1.70E-02,-1.08E-01,-9.94E-01,-9.94E-01,-9.93E-01
2.7295309e-001,-1.70E-02,-1.09E-01,-9.95E-01,-9.96E-01,-9.94E-01
2.7369984e-001,-1.25E-02,-1.15E-01,-9.84E-01,-9.71E-01,-9.81E-01
2.6216154e-001,-1.94E-03,-1.09E-01,-3.81E-01,-3.22E-01,-2.54E-01
2.8798399e-001,-1.18E-02,-1.31E-01,-2.68E-01,-2.11E-01,-2.37E-01
2.5423798e-001,-2.14E-02,-1.21E-01,-2.76E-01,-1.66E-01,-2.93E-01
2.7013405e-001,-9.19E-03,-8.92E-02,-3.29E-01,-1.63E-01,-3.15E-01
3.5643891e-001,-8.40E-03,-1.32E-01,-3.31E-01,-1.42E-01,-2.59E-01
2.1506183e-001,-2.32E-02,-1.36E-01,-2.78E-01,-1.85E-01,-2.64E-01
2.6735217e-001,-7.33E-03,-6.67E-02,-2.82E-01,-2.28E-01,-3.35E-01
3.6431548e-001,-2.43E-02,-8.32E-02,-3.61E-01,-1.27E-01,-3.13E-01
2.5068005e-001,-4.00E-02,-1.16E-01,-3.48E-01,-1.41E-01,-3.16E-01
2.2636149e-001,-4.69E-03,-1.11E-01,-3.65E-01,-1.59E-01,-3.42E-01
3.0157039e-001,-8.37E-04,-1.12E-01,-3.69E-01,-1.34E-01,-3.05E-01
2.7210781e-001,-1.24E-02,-1.14E-01,-2.95E-01,-2.16E-01,-3.18E-01
2.6346967e-001,-1.41E-02,-9.48E-02,-2.97E-01,-1.96E-01,-3.18E-01
3.4742935e-001,-2.77E-02,-1.08E-01,-3.48E-01,-1.28E-01,-2.80E-01
2.9204697e-001,2.6883359e-003,-1.47E-01,-3.59E-01,-2.67E-01,-2.53E-01
2.3098736e-001,8.8719087e-003,-1.47E-01,-2.98E-01,-2.74E-01,-2.86E-01
3.2990992e-001,-3.30E-02,-8.06E-02,-2.73E-01,-2.56E-01,-2.67E-01
3.0100935e-001,-3.95E-02,-1.24E-01,-3.06E-01,-2.04E-01,-3.05E-01
1.8402799e-001,5.6129351e-006,-1.05E-01,-3.48E-01,-2.41E-01,-3.48E-01
2.9131635e-001,-1.07E-03,-7.25E-02,-3.37E-01,-2.79E-01,-3.03E-01
3.7597769e-001,-1.42E-03,-1.04E-01,-3.60E-01,-1.79E-01,-2.40E-01
2.1843518e-001,-6.54E-03,-1.07E-01,-3.29E-01,-1.60E-01,-2.51E-01
2.4560818e-001,-2.42E-02,-7.71E-02,-2.85E-01,-2.16E-01,-2.83E-01
3.4842299e-001,-3.58E-02,-1.23E-01,-3.24E-01,-1.61E-01,-2.94E-01
2.4139679e-001,-3.91E-02,-1.56E-01,-3.92E-01,-1.51E-01,-3.40E-01
2.1905113e-001,1.2745114e-002,-9.02E-02,-4.38E-01,-1.93E-01,-3.95E-01
3.1454613e-001,3.0913283e-003,-7.96E-02,-4.44E-01,-1.51E-01,-2.91E-01
3.3767432e-001,-2.79E-02,-1.20E-01,-3.91E-01,-1.55E-01,-2.31E-01
4.1366714e-001,3.2161517e-003,-9.57E-02,2.3397801e-001,-1.82E-01,-4.30E-01
1.5172996e-001,2.5405834e-002,-6.16E-02,8.2140060e-002,-2.54E-01,-5.01E-01
3.5549728e-001,-3.87E-02,-1.41E-01,1.3004106e-001,-2.29E-02,-3.02E-01
3.1877287e-001,-2.48E-02,-1.06E-01,1.8521243e-001,-4.15E-02,-2.44E-01
1.5560717e-001,-1.96E-03,-1.05E-01,1.0141087e-001,-1.28E-01,-3.51E-01
3.4723761e-001,-3.95E-02,-1.64E-01,2.0064339e-001,-9.49E-02,-3.56E-01
3.4370306e-001,-4.61E-03,-6.90E-02,3.2560615e-001,-2.07E-01,-3.85E-01
4.0185839e-001,2.8293813e-002,-6.40E-02,3.8310649e-001,-1.93E-01,-3.07E-01
2.4177764e-001,8.5681469e-003,-1.47E-01,2.3670597e-001,-1.31E-01,-2.86E-01
2.9865265e-001,-3.60E-02,-1.89E-01,2.4514634e-001,-2.71E-03,-2.09E-01
2.4398268e-001,-6.36E-03,-9.32E-02,3.2603524e-001,8.6549073e-002,-1.98E-01
2.7970006e-001,-4.40E-03,-1.10E-01,3.5908130e-001,1.1990876e-001,-1.78E-01
2.5284446e-001,-4.08E-02,-1.24E-01,4.5635820e-001,-3.45E-02,-2.85E-01
3.2774960e-001,1.2944619e-002,-1.03E-01,4.5010604e-001,-1.64E-01,-3.88E-01
3.2994938e-001,-3.05E-02,-8.61E-02,2.7311966e-001,-5.92E-02,-2.88E-01
2.4671630e-001,9.3872096e-003,-1.27E-01,1.3206084e-001,-2.45E-01,-4.25E-01
3.5955772e-001,-2.01E-02,-1.52E-01,7.6536295e-002,-1.78E-01,-3.77E-01
3.2934162e-001,-2.32E-02,-1.28E-01,1.6169972e-001,-2.23E-01,-3.92E-01
2.9116254e-001,-1.84E-02,-1.12E-01,1.1597439e-001,4.1659866e-002,-2.86E-01
1.2351270e-001,-1.72E-02,-1.16E-01,5.0227909e-002,4.6270073e-002,-3.20E-01
2.4804325e-001,1.3136639e-003,-8.45E-02,1.8626406e-001,-3.14E-01,-4.81E-01
4.1037932e-001,-2.46E-02,-1.13E-01,2.1916339e-001,-3.18E-01,-4.90E-01
2.9414738e-001,-6.41E-02,-2.33E-01,-2.04E-01,-8.28E-02,-2.48E-01
2.5194232e-001,-3.17E-02,-8.26E-02,-2.60E-01,-1.25E-01,-3.05E-01
2.3453128e-001,-1.56E-03,-1.15E-01,-2.80E-01,-6.89E-02,-2.77E-01
2.0000373e-001,1.3893948e-003,-7.78E-02,-2.91E-01,-5.47E-02,-2.85E-01
2.1263153e-001,-1.22E-02,-3.47E-02,-3.01E-01,-1.15E-01,-3.55E-01
2.8311619e-001,-2.88E-02,-1.16E-01,-2.97E-01,-8.55E-02,-2.42E-01
3.2768790e-001,-3.89E-02,-1.10E-01,-2.67E-01,-1.40E-01,-2.34E-01
3.1602965e-001,-3.90E-02,-4.78E-02,-2.36E-01,-1.88E-01,-3.79E-01
1.8773885e-001,-6.99E-02,-1.79E-01,-2.37E-01,-7.11E-02,-3.20E-01
3.1913102e-001,-8.36E-03,-1.14E-01,-2.49E-01,-1.74E-01,-3.10E-01
2.9160544e-001,-2.30E-02,-9.94E-02,-2.74E-01,-1.10E-01,-3.11E-01
2.8805857e-001,-6.07E-03,-1.23E-01,-2.62E-01,-9.08E-02,-2.26E-01
3.4255579e-001,5.1841384e-003,-1.17E-01,-2.53E-01,-1.17E-01,-2.14E-01
2.6843012e-001,-1.93E-02,-1.03E-01,-2.97E-01,-7.68E-02,-2.65E-01
2.9747686e-001,-2.04E-02,-1.31E-01,-2.60E-01,-1.41E-01,-3.30E-01
3.4321559e-001,-3.84E-02,-1.18E-01,-2.35E-01,-1.91E-01,-3.42E-01
2.7028272e-001,-3.76E-02,-1.28E-01,-2.52E-01,-1.58E-01,-3.63E-01
2.4637280e-001,-7.74E-02,-1.69E-01,-2.28E-01,-9.65E-02,-2.85E-01
3.6966723e-001,-4.56E-02,-1.61E-01,-2.45E-01,-1.50E-01,-2.36E-01
3.1422441e-001,-1.99E-02,-1.36E-01,-2.34E-01,-1.53E-01,-2.77E-01
2.7040931e-001,-1.02E-02,-1.01E-01,-2.27E-01,-7.42E-02,-3.14E-01
2.5436443e-001,-7.47E-03,-6.95E-02,-2.68E-01,-1.40E-01,-3.45E-01
2.1474652e-001,-1.41E-02,-7.79E-02,-2.44E-01,-1.20E-01,-2.86E-01
2.5560118e-001,-2.19E-02,-1.00E-01,-1.93E-01,-1.13E-01,-2.32E-01
2.6642111e-001,-9.44E-03,-8.08E-02,-2.67E-01,-1.88E-01,-2.53E-01
2.8317117e-001,-2.03E-02,-2.07E-01,-9.77E-01,-8.26E-01,-8.65E-01
2.8162877e-001,-2.11E-02,-1.32E-01,-9.87E-01,-8.85E-01,-9.51E-01
2.7607667e-001,-2.71E-02,-1.16E-01,-9.92E-01,-9.70E-01,-9.79E-01
2.7610493e-001,-2.02E-02,-1.19E-01,-9.98E-01,-9.93E-01,-9.89E-01
2.7841812e-001,-1.63E-02,-1.16E-01,-9.97E-01,-9.86E-01,-9.80E-01
2.8067849e-001,-1.26E-02,-1.01E-01,-9.97E-01,-9.85E-01,-9.76E-01
2.7836107e-001,-1.57E-02,-9.90E-02,-9.96E-01,-9.84E-01,-9.81E-01
2.7651666e-001,-1.68E-02,-1.06E-01,-9.95E-01,-9.87E-01,-9.88E-01
2.7827448e-001,-1.40E-02,-1.06E-01,-9.96E-01,-9.90E-01,-9.96E-01
2.7644277e-001,-1.62E-02,-1.07E-01,-9.97E-01,-9.80E-01,-9.93E-01
2.7711575e-001,-2.27E-02,-1.22E-01,-9.97E-01,-9.80E-01,-9.79E-01
2.8005249e-001,-1.71E-02,-1.16E-01,-9.96E-01,-9.79E-01,-9.64E-01
2.7737757e-001,-1.33E-02,-1.04E-01,-9.97E-01,-9.87E-01,-9.73E-01
2.7731838e-001,-1.68E-02,-1.09E-01,-9.96E-01,-9.90E-01,-9.78E-01
2.7856220e-001,-1.50E-02,-1.01E-01,-9.96E-01,-9.89E-01,-9.83E-01
2.7717515e-001,-1.68E-02,-1.01E-01,-9.96E-01,-9.88E-01,-9.90E-01
2.7643007e-001,-1.59E-02,-1.07E-01,-9.96E-01,-9.88E-01,-9.91E-01
2.7748008e-001,-1.71E-02,-1.18E-01,-9.96E-01,-9.84E-01,-9.90E-01
2.7694780e-001,-2.50E-02,-1.27E-01,-9.97E-01,-9.85E-01,-9.90E-01
2.7546687e-001,-2.18E-02,-1.20E-01,-9.97E-01,-9.82E-01,-9.86E-01
2.7725269e-001,-1.58E-02,-1.09E-01,-9.98E-01,-9.92E-01,-9.91E-01
2.7764167e-001,-1.69E-02,-9.74E-02,-9.98E-01,-9.92E-01,-9.77E-01
2.7752978e-001,-2.07E-02,-1.06E-01,-9.97E-01,-9.70E-01,-9.67E-01
2.7586268e-001,-2.07E-02,-1.05E-01,-9.95E-01,-9.55E-01,-9.53E-01
2.7864816e-001,-1.35E-02,-1.01E-01,-9.95E-01,-9.63E-01,-9.55E-01
3.7536869e-001,4.9797742e-002,3.8440156e-002,-9.33E-01,-7.42E-01,-7.30E-01
2.7879214e-001,2.4725148e-002,-1.50E-01,-9.68E-01,-7.96E-01,-8.80E-01
2.7358657e-001,-1.74E-02,-1.33E-01,-9.46E-01,-6.57E-01,-7.60E-01
2.7443779e-001,-6.54E-02,-1.25E-01,-9.50E-01,-7.51E-01,-7.71E-01
2.7358798e-001,-3.04E-02,-1.49E-01,-9.92E-01,-9.29E-01,-9.29E-01
2.7693548e-001,-1.11E-02,-1.07E-01,-9.96E-01,-9.80E-01,-9.92E-01
2.7972554e-001,-1.04E-02,-9.97E-02,-9.96E-01,-9.85E-01,-9.92E-01
2.8089425e-001,-9.08E-03,-1.01E-01,-9.90E-01,-9.39E-01,-9.42E-01
2.8142127e-001,-7.32E-03,-8.97E-02,-9.88E-01,-9.16E-01,-9.34E-01
2.8059011e-001,-1.06E-02,-9.40E-02,-9.90E-01,-9.37E-01,-9.65E-01
2.7903118e-001,-1.91E-02,-1.09E-01,-9.92E-01,-9.73E-01,-9.84E-01
2.7622203e-001,-1.88E-02,-1.05E-01,-9.97E-01,-9.71E-01,-9.89E-01
2.7631656e-001,-1.54E-02,-1.05E-01,-9.96E-01,-9.62E-01,-9.84E-01
2.7656049e-001,-1.81E-02,-1.09E-01,-9.96E-01,-9.69E-01,-9.82E-01
2.7773860e-001,-1.66E-02,-1.05E-01,-9.95E-01,-9.57E-01,-9.83E-01
2.7699358e-001,-1.89E-02,-1.09E-01,-9.93E-01,-9.48E-01,-9.78E-01
2.7116707e-001,-3.35E-02,-1.29E-01,-9.84E-01,-8.24E-01,-9.55E-01
2.7137600e-001,-3.43E-02,-1.28E-01,-9.85E-01,-8.27E-01,-9.53E-01
2.7569941e-001,-2.21E-02,-1.19E-01,-9.95E-01,-9.82E-01,-9.87E-01
1.3349790e-001,4.0649177e-002,3.9049939e-002,-8.90E-01,-6.87E-01,-5.92E-01
2.8731527e-001,-2.41E-02,-1.21E-01,-9.91E-01,-9.70E-01,-9.67E-01
2.7919461e-001,-1.57E-02,-1.02E-01,-9.93E-01,-9.88E-01,-9.82E-01
2.6831417e-001,-1.54E-02,-9.74E-02,-9.96E-01,-9.94E-01,-9.90E-01
2.7434336e-001,-1.70E-02,-1.08E-01,-9.96E-01,-9.96E-01,-9.82E-01
2.7712611e-001,-1.70E-02,-1.05E-01,-9.97E-01,-9.95E-01,-9.77E-01
2.7238164e-001,-1.47E-02,-1.00E-01,-9.96E-01,-9.93E-01,-9.84E-01
2.8755285e-001,-1.83E-02,-1.23E-01,-9.90E-01,-9.90E-01,-9.78E-01
2.9328332e-001,-2.09E-02,-1.25E-01,-9.93E-01,-9.95E-01,-9.75E-01
2.7921470e-001,-1.75E-02,-1.11E-01,-9.96E-01,-9.95E-01,-9.85E-01
2.7427993e-001,-1.61E-02,-1.06E-01,-9.99E-01,-9.96E-01,-9.90E-01
2.7097769e-001,-1.63E-02,-1.03E-01,-9.97E-01,-9.94E-01,-9.90E-01
2.7286072e-001,-1.57E-02,-1.00E-01,-9.95E-01,-9.93E-01,-9.94E-01
2.8132654e-001,-1.79E-02,-1.07E-01,-9.95E-01,-9.90E-01,-9.86E-01
2.8013289e-001,-1.89E-02,-1.13E-01,-9.96E-01,-9.91E-01,-9.87E-01
2.7692481e-001,-1.64E-02,-1.14E-01,-9.94E-01,-9.85E-01,-9.88E-01
2.9750870e-001,-3.40E-02,-1.35E-01,-9.65E-01,-9.15E-01,-9.52E-01
2.8889404e-001,-1.75E-02,-1.13E-01,-9.87E-01,-9.78E-01,-9.67E-01
2.7083774e-001,-1.30E-02,-9.76E-02,-9.96E-01,-9.86E-01,-9.76E-01
2.7743094e-001,-1.56E-02,-1.07E-01,-9.96E-01,-9.82E-01,-9.71E-01
2.7802878e-001,-1.57E-02,-1.09E-01,-9.93E-01,-9.76E-01,-9.71E-01
2.7670029e-001,-1.67E-02,-1.09E-01,-9.88E-01,-9.77E-01,-9.71E-01
2.7222117e-001,-1.19E-02,-9.95E-02,-9.69E-01,-9.65E-01,-9.42E-01
2.7626812e-001,-1.32E-02,-9.27E-02,-9.69E-01,-9.53E-01,-9.45E-01
2.8239030e-001,-2.10E-02,-1.07E-01,-9.90E-01,-9.71E-01,-9.77E-01
2.7602984e-001,-1.70E-02,-1.05E-01,-9.96E-01,-9.83E-01,-9.93E-01
2.7855783e-001,-1.94E-02,-1.12E-01,-9.96E-01,-9.77E-01,-9.65E-01
2.7849184e-001,-1.73E-02,-1.02E-01,-9.96E-01,-9.81E-01,-9.55E-01
2.7690169e-001,-1.76E-02,-1.02E-01,-9.96E-01,-9.85E-01,-9.68E-01
2.7676607e-001,-1.72E-02,-1.10E-01,-9.95E-01,-9.84E-01,-9.79E-01
2.7859164e-001,-1.69E-02,-1.10E-01,-9.96E-01,-9.86E-01,-9.80E-01
2.7813590e-001,-1.85E-02,-1.06E-01,-9.95E-01,-9.90E-01,-9.76E-01
2.7431776e-001,-1.75E-02,-9.21E-02,-9.95E-01,-9.87E-01,-9.79E-01
4.7205977e-001,-3.87E-02,-1.27E-01,-8.85E-01,-9.06E-01,-9.11E-01
2.6899863e-001,-1.58E-02,-9.25E-02,-9.57E-01,-9.89E-01,-9.87E-01
2.6752455e-001,-1.77E-02,-1.08E-01,-9.76E-01,-9.90E-01,-9.92E-01
2.8685026e-001,-1.68E-02,-1.10E-01,-9.87E-01,-9.92E-01,-9.93E-01
2.7439127e-001,-1.65E-02,-1.06E-01,-9.90E-01,-9.92E-01,-9.91E-01
2.7297700e-001,-1.80E-02,-1.08E-01,-9.88E-01,-9.90E-01,-9.90E-01
2.5980406e-001,-1.97E-02,-1.09E-01,-9.85E-01,-9.91E-01,-9.91E-01
2.6929734e-001,-1.68E-02,-1.09E-01,-9.82E-01,-9.91E-01,-9.92E-01
2.7932059e-001,-1.68E-02,-1.07E-01,-9.87E-01,-9.92E-01,-9.94E-01
2.7806573e-001,-1.74E-02,-1.06E-01,-9.87E-01,-9.92E-01,-9.94E-01
2.7434638e-001,-1.74E-02,-1.10E-01,-9.87E-01,-9.94E-01,-9.98E-01
2.7393067e-001,-1.79E-02,-1.09E-01,-9.88E-01,-9.94E-01,-9.95E-01
2.7237982e-001,-1.78E-02,-1.07E-01,-9.89E-01,-9.94E-01,-9.93E-01
2.7724746e-001,-1.60E-02,-1.08E-01,-9.88E-01,-9.92E-01,-9.89E-01
2.7701289e-001,-1.73E-02,-1.08E-01,-9.88E-01,-9.89E-01,-9.90E-01
2.7838905e-001,-1.72E-02,-1.10E-01,-9.87E-01,-9.88E-01,-9.96E-01
2.7529224e-001,-1.70E-02,-1.10E-01,-9.82E-01,-9.86E-01,-9.92E-01
2.8056994e-001,-1.64E-02,-1.12E-01,-9.80E-01,-9.85E-01,-9.92E-01
2.8180488e-001,-1.59E-02,-1.10E-01,-9.79E-01,-9.84E-01,-9.81E-01
2.5316801e-001,-1.96E-02,-1.03E-01,-9.82E-01,-9.82E-01,-9.81E-01
2.7243224e-001,-1.81E-02,-1.07E-01,-9.80E-01,-9.86E-01,-9.90E-01
2.8528539e-001,-1.73E-02,-1.10E-01,-9.87E-01,-9.89E-01,-9.91E-01
2.6421182e-001,-1.92E-02,-1.06E-01,-9.79E-01,-9.75E-01,-9.83E-01
2.2832520e-001,-3.00E-02,-1.02E-01,-8.38E-01,-8.93E-01,-9.22E-01
1.6608325e-001,-2.41E-02,-8.89E-02,-9.55E-01,-9.85E-01,-9.79E-01
2.5380831e-001,-2.22E-02,-1.06E-01,-9.83E-01,-9.83E-01,-9.91E-01
2.9625400e-001,-1.33E-02,-1.11E-01,-9.79E-01,-9.79E-01,-9.92E-01
2.7380443e-001,-1.60E-02,-1.11E-01,-9.68E-01,-9.77E-01,-9.93E-01
2.6162861e-001,-1.96E-02,-1.09E-01,-9.74E-01,-9.85E-01,-9.96E-01
2.7395632e-001,-1.89E-02,-1.05E-01,-9.78E-01,-9.87E-01,-9.96E-01
2.7896786e-001,-1.75E-02,-1.08E-01,-9.80E-01,-9.86E-01,-9.87E-01
2.8116253e-001,-1.65E-02,-1.10E-01,-9.82E-01,-9.85E-01,-9.88E-01
2.7242980e-001,-1.78E-02,-1.06E-01,-9.87E-01,-9.87E-01,-9.91E-01
2.7009168e-001,-1.76E-02,-1.09E-01,-9.86E-01,-9.87E-01,-9.90E-01
2.7718464e-001,-1.78E-02,-1.08E-01,-9.80E-01,-9.89E-01,-9.94E-01
2.7722348e-001,-1.74E-02,-1.08E-01,-9.79E-01,-9.89E-01,-9.94E-01
2.7391910e-001,-1.63E-02,-1.12E-01,-9.80E-01,-9.88E-01,-9.88E-01
2.7647861e-001,-1.72E-02,-1.09E-01,-9.83E-01,-9.88E-01,-9.87E-01
2.6529337e-001,-5.00E-02,-1.82E-01,-3.74E-01,-2.79E-01,-3.76E-01
2.7165139e-001,-1.57E-02,-1.44E-01,-3.51E-01,-2.32E-01,-3.25E-01
2.1197591e-001,8.1482373e-003,-9.41E-02,-2.73E-01,-2.08E-01,-3.11E-01
3.2963454e-001,-2.67E-02,-9.09E-02,-2.35E-01,-1.93E-01,-2.28E-01
3.2807861e-001,-4.62E-02,-1.42E-01,-2.93E-01,-1.77E-01,-2.34E-01
1.7210030e-001,-1.11E-02,-1.24E-01,-3.43E-01,-1.87E-01,-2.89E-01
2.7004613e-001,9.2877670e-003,-8.02E-02,-3.40E-01,-1.92E-01,-3.36E-01
3.5396257e-001,-1.52E-02,-1.34E-01,-3.60E-01,-1.56E-01,-2.82E-01
2.6085696e-001,-2.31E-02,-1.12E-01,-3.72E-01,-1.55E-01,-3.09E-01
2.7033420e-001,-6.47E-03,-7.57E-02,-3.67E-01,-2.30E-01,-3.40E-01
3.1764248e-001,-3.10E-02,-1.25E-01,-3.37E-01,-2.03E-01,-2.54E-01
2.6068879e-001,-4.86E-02,-1.39E-01,-3.52E-01,-1.63E-01,-2.29E-01
2.2588598e-001,-1.72E-03,-1.03E-01,-3.83E-01,-1.70E-01,-3.04E-01
2.8888446e-001,3.5165365e-004,-8.20E-02,-3.89E-01,-1.97E-01,-3.75E-01
2.5225725e-001,-5.07E-02,-1.83E-01,-3.57E-01,-2.47E-01,-3.38E-01
2.4377865e-001,-6.49E-03,-1.58E-01,-3.74E-01,-2.11E-01,-3.05E-01
1.7466861e-001,-8.34E-03,-1.12E-01,-4.00E-01,-2.31E-01,-3.26E-01
3.0442197e-001,-3.43E-02,-1.06E-01,-3.37E-01,-2.16E-01,-2.83E-01
3.5345916e-001,-4.09E-02,-9.09E-02,-3.16E-01,-1.75E-01,-2.85E-01
2.3227775e-001,-5.93E-03,-9.78E-02,-3.87E-01,-1.75E-01,-3.03E-01
2.8594670e-001,1.0727029e-002,-9.86E-02,-3.95E-01,-2.08E-01,-2.88E-01
3.3013023e-001,-9.69E-03,-1.30E-01,-3.99E-01,-1.55E-01,-2.47E-01
2.4822045e-001,-2.49E-02,-1.29E-01,-3.88E-01,-1.38E-01,-2.95E-01
2.3401302e-001,-2.31E-02,-6.44E-02,-3.86E-01,-1.55E-01,-3.74E-01
3.2232006e-001,-1.44E-02,-1.11E-01,-3.34E-01,-1.38E-01,-2.96E-01
2.7144028e-001,-3.05E-02,-1.64E-01,-3.41E-01,-1.33E-01,-2.85E-01
2.0636437e-001,-2.50E-02,-1.10E-01,-4.09E-01,-7.48E-02,-3.22E-01
3.0293334e-001,-1.08E-02,-8.22E-02,-4.13E-01,-1.05E-01,-3.11E-01
3.2143808e-001,-2.81E-02,-1.09E-01,-4.47E-01,-1.67E-01,-2.61E-01
3.1205089e-001,-1.19E-03,-1.17E-01,3.3857873e-002,-1.90E-01,-2.63E-01
4.0105543e-001,-1.25E-02,-1.24E-01,6.3664921e-002,-1.74E-01,-2.23E-01
3.9599392e-001,-3.58E-02,-1.48E-01,3.2051233e-002,-1.08E-03,-2.07E-01
1.9282696e-001,-5.86E-02,-1.46E-01,6.8238007e-002,-2.37E-02,-1.90E-01
2.6596172e-001,-1.84E-02,-1.29E-01,6.6316197e-002,5.5981013e-002,-2.00E-01
1.8511461e-001,-1.62E-02,-1.02E-01,1.2034475e-001,5.2303427e-002,-1.68E-01
2.7666952e-001,-1.77E-02,-7.64E-02,2.7676531e-001,-1.57E-01,-1.55E-01
4.2295371e-001,3.4806067e-003,-8.70E-02,2.4849690e-001,-9.78E-02,-3.03E-01
3.1602689e-001,-4.80E-02,-1.13E-01,2.9777422e-001,-1.37E-01,-2.12E-01
1.6168791e-001,-1.58E-02,-8.09E-02,1.7015627e-001,-1.07E-01,-2.01E-01
2.6374523e-001,-4.78E-02,-1.30E-01,8.6495917e-002,1.0999518e-001,-1.25E-02
3.5759067e-001,-4.15E-02,-1.72E-01,2.3071521e-001,7.0848087e-002,7.9629749e-002
3.3525625e-001,1.9097971e-002,-5.58E-02,8.0347280e-002,9.6305268e-002,-1.37E-01
1.8928225e-001,-2.23E-02,-7.09E-02,-4.50E-02,5.1003060e-002,-1.35E-01
3.7412480e-001,-2.11E-02,-1.61E-01,1.9073777e-001,-2.41E-01,-8.68E-02
2.5660059e-001,1.3215915e-002,-1.45E-01,1.8163313e-001,-1.99E-01,-2.13E-01
3.5462854e-001,1.7334938e-002,-6.18E-02,7.4473454e-002,-2.19E-01,-2.80E-02
3.8032185e-001,-9.92E-03,-1.73E-01,1.2537819e-001,-1.60E-01,-4.86E-02
3.0230297e-001,-4.37E-03,-1.71E-01,7.5704461e-002,5.8409040e-003,-6.46E-02
1.6007475e-001,-1.04E-02,-1.09E-01,1.1830033e-001,2.0899148e-002,-4.99E-02
2.6881092e-001,-1.68E-02,-9.00E-03,-1.10E-01,-3.44E-01,-1.42E-01
4.4742047e-001,-9.26E-03,-9.09E-02,4.8476382e-002,-2.23E-01,-1.21E-01
1.3267581e-001,-4.91E-02,-1.98E-01,-2.50E-01,-7.13E-02,-2.63E-01
2.7161607e-001,-4.26E-03,-1.37E-01,-2.78E-01,-5.91E-02,-1.95E-01
2.4101818e-001,-2.38E-02,-1.49E-01,-3.20E-01,3.1652081e-002,-2.00E-01
2.5426576e-001,-1.74E-02,-1.60E-01,-3.63E-01,4.4441827e-003,-1.87E-01
3.3714848e-001,1.0731961e-002,-1.45E-01,-3.40E-01,-1.08E-01,-1.92E-01
2.6932609e-001,-2.27E-02,-1.10E-01,-3.10E-01,-8.92E-02,-2.51E-01
2.3896616e-001,-1.82E-02,-8.99E-02,-3.06E-01,-1.19E-01,-2.34E-01
2.7002851e-001,-2.07E-02,-1.04E-01,-3.17E-01,-1.45E-01,-2.37E-01
2.2623871e-001,-3.24E-02,-1.12E-01,-3.08E-01,-1.78E-01,-2.10E-01
2.2350925e-001,7.5502748e-003,-2.28E-01,-3.55E-01,-2.38E-02,-2.28E-01
2.6568089e-001,3.8910784e-003,-1.29E-01,-3.71E-01,-9.64E-02,-2.62E-01
2.8762629e-001,-1.30E-02,-1.22E-01,-3.77E-01,-1.77E-02,-1.90E-01
2.4211245e-001,-1.30E-02,-1.60E-01,-3.72E-01,5.1704792e-003,-1.65E-01
2.2692043e-001,-8.73E-03,-1.15E-01,-3.95E-01,-8.37E-02,-1.92E-01
3.2113357e-001,-9.58E-03,-9.73E-02,-3.93E-01,-7.04E-02,-2.11E-01
3.0554576e-001,-1.39E-02,-1.09E-01,-3.66E-01,-5.89E-03,-2.07E-01
2.3291114e-001,5.8393816e-003,-8.50E-02,-3.20E-01,-9.82E-02,-1.65E-01
2.2608776e-001,-1.91E-02,-1.22E-01,-3.32E-01,-1.76E-01,-1.66E-01
1.1169003e-001,1.0050403e-002,-2.24E-01,-3.16E-01,-1.17E-01,-7.75E-02
2.3989663e-001,-1.69E-02,-1.06E-01,-3.02E-01,-1.76E-01,-1.32E-01
3.7124620e-001,-2.89E-02,-9.18E-02,-2.87E-01,-8.97E-02,-1.43E-01
3.0973777e-001,-2.05E-02,-1.54E-01,-3.20E-01,1.2907541e-002,-1.12E-01
2.4762069e-001,-4.44E-02,-1.58E-01,-3.61E-01,3.1495318e-002,-8.10E-02
2.0742070e-001,-1.57E-02,-1.94E-01,-4.04E-01,1.8932704e-002,-6.18E-02
2.7272383e-001,-6.77E-03,-1.35E-01,-3.50E-01,-4.82E-02,-6.94E-02
3.0074386e-001,-2.53E-02,-4.08E-02,-2.91E-01,-1.53E-01,-9.92E-02
2.8538822e-001,1.8487718e-002,-4.52E-02,-9.51E-01,-8.61E-01,-9.17E-01
2.6786457e-001,-3.39E-02,-1.51E-01,-9.63E-01,-8.26E-01,-7.68E-01
2.8638326e-001,-3.54E-02,-1.94E-01,-9.77E-01,-8.38E-01,-7.90E-01
2.7394147e-001,-1.11E-02,-8.01E-02,-9.72E-01,-8.85E-01,-8.33E-01
2.7059768e-001,-2.85E-02,-9.01E-02,-9.73E-01,-8.69E-01,-8.66E-01
2.8190528e-001,-2.09E-02,-1.25E-01,-9.85E-01,-8.94E-01,-9.31E-01
2.8859303e-001,7.4879614e-003,-8.77E-02,-9.93E-01,-9.62E-01,-9.65E-01
2.8014142e-001,-5.39E-03,-7.70E-02,-9.93E-01,-9.45E-01,-9.79E-01
2.7736566e-001,-1.55E-02,-1.07E-01,-9.80E-01,-9.03E-01,-9.27E-01
2.8271894e-001,-9.18E-03,-1.18E-01,-9.75E-01,-8.78E-01,-9.28E-01
2.7864784e-001,-2.00E-02,-1.19E-01,-9.84E-01,-9.12E-01,-9.56E-01
2.7392004e-001,-2.61E-02,-1.20E-01,-9.92E-01,-9.31E-01,-9.62E-01
2.7193145e-001,-2.53E-02,-1.08E-01,-9.86E-01,-9.26E-01,-9.72E-01
2.7582189e-001,-2.18E-02,-1.08E-01,-9.86E-01,-9.37E-01,-9.80E-01
2.8231758e-001,-1.18E-02,-1.04E-01,-9.94E-01,-9.53E-01,-9.88E-01
2.8204844e-001,-9.01E-03,-1.08E-01,-9.83E-01,-9.50E-01,-9.72E-01
2.7962567e-001,-1.42E-02,-1.12E-01,-9.72E-01,-9.16E-01,-9.43E-01
2.7528576e-001,-1.67E-02,-8.12E-02,-9.75E-01,-9.29E-01,-9.29E-01
2.7398655e-001,-2.19E-02,-9.78E-02,-9.90E-01,-9.66E-01,-9.22E-01
2.7628297e-001,-2.64E-02,-1.31E-01,-9.98E-01,-9.82E-01,-9.70E-01
2.7526996e-001,-1.87E-02,-1.07E-01,-9.98E-01,-9.83E-01,-9.72E-01
3.0137859e-001,-9.90E-03,-1.58E-01,-9.55E-01,-8.39E-01,-9.04E-01
2.6256997e-001,-3.13E-02,-1.42E-01,-9.90E-01,-9.54E-01,-9.15E-01
2.7708688e-001,-2.13E-02,-1.04E-01,-9.93E-01,-9.72E-01,-9.77E-01
2.7589859e-001,-2.19E-02,-1.03E-01,-9.94E-01,-9.69E-01,-9.77E-01
2.7095191e-001,-2.76E-02,-9.60E-02,-9.93E-01,-9.59E-01,-9.78E-01
2.7748577e-001,-2.21E-02,-9.95E-02,-9.91E-01,-9.47E-01,-9.71E-01
2.8345040e-001,-1.10E-02,-9.70E-02,-9.91E-01,-9.49E-01,-9.72E-01
2.7866589e-001,-1.31E-02,-1.28E-01,-9.88E-01,-9.48E-01,-9.28E-01
2.8038492e-001,-6.89E-03,-1.36E-01,-9.86E-01,-9.44E-01,-9.25E-01
2.6413040e-001,-3.33E-02,-5.27E-02,-9.31E-01,-8.07E-01,-7.63E-01
2.8762532e-001,2.2798272e-003,-1.00E-01,-9.24E-01,-6.89E-01,-7.04E-01
2.9836684e-001,1.8888035e-002,-1.36E-01,-9.47E-01,-5.99E-01,-8.16E-01
2.6668079e-001,-3.37E-02,-6.75E-02,-9.49E-01,-6.04E-01,-8.70E-01
2.8001300e-001,-1.83E-02,-8.37E-02,-9.65E-01,-6.61E-01,-8.73E-01
2.8859376e-001,-5.52E-03,-9.06E-02,-9.69E-01,-7.16E-01,-8.66E-01
2.7219011e-001,-2.49E-02,-1.17E-01,-9.61E-01,-6.98E-01,-8.52E-01
2.6515456e-001,-3.81E-02,-1.34E-01,-9.62E-01,-6.76E-01,-8.80E-01
2.8473771e-001,-1.50E-03,-9.02E-02,-9.70E-01,-7.72E-01,-8.49E-01
3.1157053e-001,8.8233147e-002,-4.84E-02,-9.57E-01,-5.90E-01,-7.60E-01
2.6586497e-001,-1.23E-02,-3.57E-02,-9.25E-01,-2.76E-01,-7.19E-01
2.4453075e-001,-1.07E-01,-9.59E-02,-8.89E-01,-4.89E-01,-7.36E-01
2.8911970e-001,-2.01E-02,-1.65E-01,-8.98E-01,-6.77E-01,-7.96E-01
1.7805985e-001,5.9430594e-002,5.0861565e-002,-9.37E-01,-8.11E-01,-7.13E-01
2.7038027e-001,-3.32E-03,-1.12E-01,-9.80E-01,-8.85E-01,-9.29E-01
2.7417099e-001,-2.44E-02,-1.05E-01,-9.90E-01,-9.79E-01,-9.53E-01
2.6819263e-001,-1.80E-02,-9.04E-02,-9.92E-01,-9.80E-01,-9.83E-01
2.8260893e-001,-2.13E-02,-1.12E-01,-9.90E-01,-9.76E-01,-9.73E-01
3.1854364e-001,-3.35E-02,-1.54E-01,-9.80E-01,-9.76E-01,-9.45E-01
3.0745447e-001,-2.66E-02,-1.43E-01,-9.75E-01,-9.61E-01,-9.29E-01
2.7016124e-001,-1.20E-02,-9.95E-02,-9.90E-01,-9.83E-01,-9.75E-01
2.8674796e-001,-1.68E-02,-1.18E-01,-9.89E-01,-9.75E-01,-9.66E-01
2.8923093e-001,-1.60E-02,-1.22E-01,-9.91E-01,-9.78E-01,-9.73E-01
2.7521673e-001,-1.39E-02,-1.10E-01,-9.95E-01,-9.87E-01,-9.81E-01
2.9001371e-001,-1.58E-02,-1.31E-01,-9.88E-01,-9.62E-01,-9.58E-01
2.9324516e-001,-1.25E-02,-1.35E-01,-9.87E-01,-9.39E-01,-9.59E-01
2.7675019e-001,-1.26E-02,-1.10E-01,-9.91E-01,-9.46E-01,-9.71E-01
2.7257508e-001,-1.53E-02,-1.01E-01,-9.83E-01,-9.44E-01,-9.55E-01
2.7375475e-001,-1.35E-02,-1.03E-01,-9.71E-01,-9.38E-01,-9.41E-01
2.7186677e-001,-1.34E-02,-9.97E-02,-9.63E-01,-9.40E-01,-9.53E-01
2.6729688e-001,-1.02E-02,-9.75E-02,-9.40E-01,-9.18E-01,-9.48E-01
2.9265166e-001,-3.64E-02,-1.22E-01,-9.28E-01,-8.64E-01,-9.19E-01
3.1614772e-001,-4.65E-02,-1.50E-01,-9.51E-01,-8.89E-01,-9.19E-01
2.6946716e-001,-5.30E-02,-1.96E-01,-9.65E-01,-6.08E-01,-6.95E-01
2.8018146e-001,9.3835692e-003,-1.36E-01,-9.77E-01,-8.83E-01,-7.97E-01
2.6996961e-001,-2.54E-02,-1.51E-01,-9.85E-01,-9.42E-01,-8.56E-01
2.7247503e-001,-3.06E-02,-1.33E-01,-9.88E-01,-9.49E-01,-8.37E-01
2.7273188e-001,-2.98E-02,-9.11E-02,-9.87E-01,-9.41E-01,-9.21E-01
2.8215493e-001,-1.19E-02,-9.07E-02,-9.90E-01,-9.35E-01,-9.17E-01
2.8324812e-001,-9.39E-03,-8.55E-02,-9.94E-01,-9.51E-01,-9.33E-01
2.7587669e-001,-1.91E-02,-1.35E-01,-9.96E-01,-9.75E-01,-9.62E-01
2.7631342e-001,-1.54E-02,-1.37E-01,-9.94E-01,-9.73E-01,-9.61E-01
2.7694893e-001,-1.76E-02,-1.15E-01,-9.88E-01,-9.57E-01,-9.70E-01
2.7665479e-001,-1.96E-02,-9.76E-02,-9.88E-01,-9.55E-01,-9.63E-01
2.7175704e-001,-3.05E-02,-1.07E-01,-9.92E-01,-9.46E-01,-9.44E-01
2.6768908e-001,-3.60E-02,-1.28E-01,-9.93E-01,-9.45E-01,-9.56E-01
2.7610977e-001,-1.80E-02,-1.05E-01,-9.93E-01,-9.47E-01,-9.59E-01
2.8202614e-001,-1.25E-02,-9.03E-02,-9.94E-01,-9.73E-01,-9.79E-01
2.7865799e-001,-1.89E-02,-9.98E-02,-9.94E-01,-9.76E-01,-9.73E-01
2.7602829e-001,-1.97E-02,-1.09E-01,-9.95E-01,-9.76E-01,-9.72E-01
2.7532889e-001,-1.79E-02,-1.20E-01,-9.94E-01,-9.81E-01,-9.81E-01
2.7881826e-001,-1.27E-02,-1.24E-01,-9.91E-01,-9.66E-01,-9.80E-01
2.7890845e-001,-1.10E-02,-1.16E-01,-9.83E-01,-9.52E-01,-9.72E-01
2.7551864e-001,-1.90E-02,-1.02E-01,-9.80E-01,-9.36E-01,-9.41E-01
2.7641960e-001,-2.21E-02,-8.08E-02,-9.78E-01,-9.06E-01,-9.03E-01
2.8276056e-001,-2.11E-03,-1.10E-01,-9.75E-01,-8.77E-01,-8.85E-01
3.0314603e-001,-3.79E-02,-7.71E-02,-9.72E-01,-7.93E-01,-8.97E-01
2.6221891e-001,-3.27E-02,-1.13E-01,-9.87E-01,-9.49E-01,-9.69E-01
3.0197138e-001,-9.79E-03,-1.13E-01,-9.67E-01,-9.43E-01,-9.72E-01
3.2080202e-001,-5.99E-03,-1.16E-01,-9.71E-01,-9.42E-01,-9.71E-01
2.8150132e-001,-1.97E-02,-1.09E-01,-9.83E-01,-9.61E-01,-9.85E-01
2.7032666e-001,-2.03E-02,-1.08E-01,-9.95E-01,-9.87E-01,-9.92E-01
2.7867881e-001,-1.58E-02,-1.08E-01,-9.96E-01,-9.97E-01,-9.93E-01
2.8254604e-001,-1.54E-02,-1.06E-01,-9.98E-01,-9.94E-01,-9.92E-01
2.7614585e-001,-2.04E-02,-1.07E-01,-9.95E-01,-9.83E-01,-9.94E-01
2.7109905e-001,-2.65E-02,-1.02E-01,-9.96E-01,-9.88E-01,-9.94E-01
2.8410408e-001,-1.97E-02,-1.06E-01,-9.95E-01,-9.81E-01,-9.89E-01
2.7228419e-001,-9.63E-03,-1.14E-01,-9.78E-01,-9.56E-01,-9.63E-01
2.6874047e-001,-1.13E-02,-1.13E-01,-9.68E-01,-9.27E-01,-9.03E-01
2.8052592e-001,-3.07E-02,-9.70E-02,-9.59E-01,-8.98E-01,-8.48E-01
2.8547260e-001,-3.03E-02,-9.52E-02,-9.56E-01,-8.59E-01,-8.17E-01
3.0942681e-001,2.9878996e-003,-1.28E-01,-9.65E-01,-8.74E-01,-8.39E-01
2.9453165e-001,-2.64E-03,-1.25E-01,-9.58E-01,-9.20E-01,-8.89E-01
2.5638585e-001,-3.00E-02,-9.82E-02,-9.66E-01,-9.59E-01,-9.32E-01
2.9708913e-001,-3.50E-02,-1.14E-01,-8.56E-01,-7.37E-01,-7.18E-01
2.3018190e-001,-3.90E-02,-6.60E-02,-9.10E-01,-8.67E-01,-8.66E-01
3.3315535e-001,-5.57E-03,-1.27E-01,-9.64E-01,-9.58E-01,-9.53E-01
2.5166235e-001,-1.91E-02,-1.04E-01,-9.60E-01,-9.67E-01,-9.66E-01
2.5530919e-001,-2.16E-02,-1.04E-01,-9.38E-01,-9.44E-01,-9.37E-01
2.7986705e-001,-2.35E-02,-1.04E-01,-9.45E-01,-9.33E-01,-9.31E-01
2.4766588e-001,-2.09E-02,-9.68E-02,-9.69E-01,-9.52E-01,-9.67E-01
2.3298660e-001,-1.29E-02,-1.07E-01,-9.69E-01,-9.74E-01,-9.79E-01
2.2844689e-001,-1.90E-02,-1.02E-01,-9.86E-01,-9.74E-01,-9.85E-01
2.5761891e-001,-2.20E-02,-1.02E-01,-9.87E-01,-9.85E-01,-9.87E-01
2.8536677e-001,-1.69E-02,-1.11E-01,-9.81E-01,-9.74E-01,-9.85E-01
2.9089926e-001,-1.61E-02,-1.07E-01,-9.83E-01,-9.72E-01,-9.86E-01
2.8707300e-001,-1.50E-02,-1.12E-01,-9.88E-01,-9.80E-01,-9.84E-01
2.7382832e-001,-1.72E-02,-1.11E-01,-9.77E-01,-9.70E-01,-9.84E-01
2.8614802e-001,-1.67E-02,-1.07E-01,-9.69E-01,-9.68E-01,-9.88E-01
2.9086272e-001,-1.65E-02,-1.09E-01,-9.75E-01,-9.74E-01,-9.88E-01
2.7177647e-001,-2.05E-02,-1.05E-01,-9.83E-01,-9.76E-01,-9.87E-01
2.6893499e-001,-1.99E-02,-1.03E-01,-9.81E-01,-9.73E-01,-9.82E-01
2.6313665e-001,-2.04E-02,-1.04E-01,-9.85E-01,-9.79E-01,-9.85E-01
2.7777042e-001,-1.70E-02,-1.11E-01,-9.87E-01,-9.85E-01,-9.91E-01
2.9270145e-001,-1.74E-02,-1.10E-01,-9.84E-01,-9.78E-01,-9.73E-01
2.9749035e-001,-1.69E-02,-1.10E-01,-9.88E-01,-9.74E-01,-9.71E-01
2.6460094e-001,-1.85E-02,-1.05E-01,-9.79E-01,-9.77E-01,-9.82E-01
2.9598303e-001,-1.53E-02,-1.12E-01,-9.49E-01,-9.74E-01,-9.71E-01
2.8656312e-001,-7.71E-03,-1.03E-01,-4.88E-01,-2.64E-01,-2.58E-01
2.1747187e-001,1.1114605e-002,-1.15E-01,-4.15E-01,-1.85E-01,-3.98E-01
2.3249008e-001,-1.81E-02,-8.03E-02,-3.55E-01,-1.03E-01,-3.92E-01
3.4999841e-001,-2.05E-02,-6.81E-02,-3.66E-01,-1.30E-01,-3.25E-01
3.7273706e-001,-3.89E-02,-1.02E-01,-4.13E-01,-8.76E-02,-3.50E-01
2.5994561e-001,-3.47E-02,-1.33E-01,-4.27E-01,-1.20E-01,-3.68E-01
2.2870677e-001,-1.88E-02,-7.96E-02,-4.06E-01,-1.74E-01,-3.11E-01
2.4091421e-001,-2.58E-02,-1.02E-01,-4.29E-01,-9.91E-02,-3.70E-01
2.6850012e-001,-3.34E-03,-1.53E-01,-4.77E-01,-1.08E-01,-3.95E-01
3.1003248e-001,-3.15E-03,-2.99E-03,-4.67E-01,-1.75E-01,-3.26E-01
2.5851994e-001,1.5859976e-002,-1.04E-01,-3.84E-01,-1.81E-01,-3.86E-01
3.2088985e-001,1.6082658e-002,-1.42E-01,-2.93E-01,-1.59E-01,-3.70E-01
3.4074009e-001,-1.03E-02,-1.27E-01,-3.38E-01,-2.20E-01,-3.56E-01
2.7868677e-001,-1.87E-02,-1.20E-01,-4.04E-01,-2.22E-01,-4.20E-01
2.7130001e-001,9.6620789e-003,-1.14E-01,-4.76E-01,-1.46E-01,-3.57E-01
3.1950035e-001,-2.09E-03,-9.21E-02,-3.65E-01,-2.36E-01,-3.82E-01
3.5481241e-001,-1.58E-02,-1.30E-01,-2.97E-01,-1.58E-01,-3.85E-01
2.5032661e-001,-2.44E-02,-1.47E-01,-2.98E-01,-1.59E-01,-3.62E-01
1.8722202e-001,-1.78E-02,-1.02E-01,-2.94E-01,-2.63E-01,-3.84E-01
2.9956555e-001,-2.32E-02,-5.65E-02,-2.86E-01,-2.50E-01,-3.16E-01
3.3158983e-001,-3.56E-02,-6.70E-02,-2.66E-01,-1.30E-01,-3.17E-01
2.2204864e-001,-4.27E-02,-1.23E-01,-2.54E-01,-6.88E-02,-3.79E-01
2.1380137e-001,4.6664903e-003,-1.33E-01,-2.85E-01,-9.33E-02,-3.50E-01
3.3960166e-001,2.3380817e-002,-9.28E-02,-3.08E-01,-1.57E-01,-3.05E-01
3.9500183e-001,-1.25E-02,-1.47E-01,-3.00E-01,-1.34E-01,-2.79E-01
2.2991815e-001,-3.98E-02,-1.59E-01,-2.86E-01,-1.01E-01,-3.38E-01
1.6444582e-001,-2.40E-02,-4.22E-02,-3.04E-01,-1.31E-01,-3.74E-01
2.9857948e-001,-1.17E-02,-6.14E-02,-3.32E-01,-1.98E-01,-3.27E-01
2.8939983e-001,5.7057616e-003,-3.46E-02,-1.17E-01,-2.71E-01,-4.69E-01
2.2647463e-001,1.5893345e-002,-1.27E-01,-8.44E-02,-2.04E-01,-4.09E-01
2.3713725e-001,-1.55E-02,-1.33E-01,-1.63E-01,-4.59E-02,-3.06E-01
2.3507093e-001,-3.95E-02,-1.15E-01,-1.20E-01,-4.88E-02,-3.74E-01
3.8290255e-001,-8.80E-03,-1.27E-01,2.9255807e-002,-2.18E-02,-3.65E-01
3.6282073e-001,-8.88E-03,-1.76E-01,3.8300690e-002,-7.26E-02,-3.63E-01
2.1246936e-001,-5.50E-02,-7.80E-02,1.4498129e-002,-2.89E-02,-4.22E-01
1.9020338e-001,-5.94E-02,-3.11E-03,5.7716795e-002,3.1451471e-002,-5.39E-01
1.4131155e-001,-1.23E-01,-1.78E-01,-2.89E-01,-1.89E-01,-2.46E-01
3.0066600e-001,-5.30E-03,-7.53E-02,-2.79E-01,-2.27E-01,-2.90E-01
2.6002445e-001,1.6781507e-003,-3.19E-02,-2.71E-01,-1.73E-01,-3.84E-01
2.4633625e-001,-1.18E-02,-1.00E-01,-3.00E-01,-1.74E-01,-3.25E-01
2.0891063e-001,-2.78E-02,-8.86E-02,-3.37E-01,-2.66E-01,-2.69E-01
1.7920383e-001,-2.90E-02,-4.80E-02,-2.92E-01,-2.45E-01,-2.99E-01
2.8589797e-001,-1.05E-02,-1.21E-01,-2.89E-01,-2.87E-01,-2.96E-01
2.9630054e-001,-4.23E-02,-1.16E-01,-3.59E-01,-3.58E-01,-3.29E-01
3.0369379e-001,-4.45E-02,-1.20E-01,-3.44E-01,-3.41E-01,-3.31E-01
3.4373837e-001,-2.36E-02,-4.94E-02,-1.33E-01,-6.65E-02,-4.98E-01
4.1403520e-001,-4.44E-02,-1.19E-01,5.9708375e-002,-1.85E-02,-4.39E-01
3.9694189e-001,-1.71E-02,-1.57E-01,1.0451583e-001,5.8684933e-002,-3.71E-01
2.3932360e-001,-1.16E-02,-1.28E-01,4.8420271e-002,6.5300482e-003,-4.16E-01
2.1324095e-001,-1.96E-02,-1.32E-01,9.0755641e-002,2.6166115e-002,-3.65E-01
1.3120472e-001,2.1384823e-003,-1.59E-01,1.3691199e-001,1.3257950e-001,-3.52E-01
3.6642814e-001,-1.55E-02,-1.23E-01,2.1723731e-001,2.0676911e-001,-4.51E-01
4.8776424e-001,-2.37E-02,-4.94E-02,1.5963484e-001,1.4946788e-001,-5.27E-01
3.7885571e-001,-1.22E-02,-1.21E-01,5.6957661e-002,1.5399984e-001,-1.71E-01
4.2955530e-001,-3.08E-02,-5.07E-02,6.9297529e-002,8.2566727e-002,-5.39E-01
3.4221061e-001,-1.47E-02,-1.19E-01,8.3420024e-003,1.5881869e-001,-3.59E-01
1.5681168e-001,-1.96E-02,-1.43E-01,4.5862199e-002,1.5651141e-001,-3.46E-01
1.1253930e-001,-1.16E-03,-1.26E-01,1.8061455e-001,1.0823181e-001,-3.71E-01
2.7553897e-001,-2.78E-02,-9.66E-02,1.6524877e-001,1.3172268e-001,-2.98E-01
4.6497567e-001,-3.97E-02,-3.87E-02,1.4238712e-001,1.3961395e-001,-4.20E-01
3.0884175e-001,-2.59E-02,-1.11E-01,1.3935895e-001,8.4419841e-002,-4.98E-01
1.1688337e-001,-1.15E-01,-2.81E-01,-3.03E-01,-2.41E-01,-2.40E-01
2.0582218e-001,-5.45E-02,-1.34E-01,-3.21E-01,-3.35E-01,-2.63E-01
3.5070766e-001,-3.04E-02,-7.99E-02,-3.04E-01,-2.14E-01,-3.28E-01
3.3908036e-001,-1.61E-02,-1.06E-01,-2.53E-01,-2.90E-02,-3.02E-01
2.7067843e-001,-2.10E-02,-1.15E-01,-2.27E-01,-9.11E-02,-3.12E-01
3.1475167e-001,-8.62E-03,-7.79E-02,-2.46E-01,-1.35E-01,-3.25E-01
3.1470719e-001,7.8692096e-003,-1.06E-01,-2.87E-01,-1.72E-01,-2.90E-01
2.4664526e-001,-4.55E-03,-1.07E-01,-3.06E-01,-2.99E-01,-2.76E-01
2.6102045e-001,-2.12E-02,-1.05E-01,-2.99E-01,-2.83E-01,-2.76E-01
2.5076333e-001,2.8663682e-003,-1.23E-01,-3.33E-01,-3.10E-01,-2.44E-01
2.2498578e-001,-8.28E-02,-2.07E-01,-1.64E-01,-1.12E-01,-1.68E-01
3.5821791e-001,-2.96E-02,-1.74E-01,-2.15E-01,-1.64E-01,-2.11E-01
3.1268594e-001,-7.18E-03,-6.16E-02,-2.12E-01,-8.07E-02,-2.99E-01
2.8855652e-001,1.3788825e-003,-1.19E-01,-2.10E-01,-7.61E-02,-2.43E-01
2.4049277e-001,-1.55E-02,-1.67E-01,-2.69E-01,-1.89E-01,-3.16E-01
2.2159328e-001,-6.76E-02,-4.36E-02,-2.83E-01,-1.06E-01,-4.06E-01
2.7989032e-001,-1.81E-02,-5.06E-02,-2.68E-01,-1.24E-01,-3.36E-01
3.0952742e-001,2.0113405e-002,-1.28E-01,-2.78E-01,-2.45E-01,-3.82E-01
2.0967945e-001,-2.99E-02,-1.26E-01,-3.28E-01,-2.36E-01,-4.55E-01
2.7157824e-001,-6.27E-02,-3.23E-02,-9.46E-01,-5.83E-01,-6.66E-01
2.8801834e-001,-1.31E-02,-8.68E-02,-9.70E-01,-8.58E-01,-8.13E-01
2.6813500e-001,-3.05E-02,-9.09E-02,-9.84E-01,-9.11E-01,-8.34E-01
2.8211056e-001,-6.13E-03,-1.33E-01,-9.85E-01,-9.23E-01,-9.36E-01
2.8430829e-001,-5.96E-03,-1.00E-01,-9.88E-01,-9.43E-01,-9.70E-01
2.7633073e-001,-2.86E-04,-1.55E-01,-9.81E-01,-8.68E-01,-7.71E-01
2.7653751e-001,-4.41E-03,-1.49E-01,-9.66E-01,-7.96E-01,-6.63E-01
2.8163712e-001,-2.37E-02,-5.90E-02,-9.70E-01,-8.34E-01,-7.25E-01
2.8015130e-001,-2.57E-02,-9.39E-02,-9.85E-01,-9.19E-01,-8.29E-01
2.7660437e-001,-2.46E-02,-1.20E-01,-9.90E-01,-9.24E-01,-9.14E-01
2.7914690e-001,-1.72E-02,-1.08E-01,-9.88E-01,-8.99E-01,-9.07E-01
2.7595064e-001,-1.31E-02,-1.21E-01,-9.83E-01,-8.80E-01,-9.08E-01
2.7335081e-001,-1.99E-02,-1.00E-01,-9.81E-01,-9.00E-01,-9.31E-01
2.6904361e-001,-2.67E-02,-1.23E-01,-9.86E-01,-9.23E-01,-9.35E-01
2.7511114e-001,-1.98E-02,-1.27E-01,-9.92E-01,-9.37E-01,-9.49E-01
2.8579459e-001,-9.20E-03,-8.97E-02,-9.93E-01,-9.83E-01,-9.79E-01
2.5541007e-001,-4.83E-02,-1.31E-01,-9.72E-01,-8.95E-01,-9.46E-01
2.7609449e-001,-2.14E-02,-1.10E-01,-9.86E-01,-9.24E-01,-9.36E-01
2.8274610e-001,-1.73E-02,-8.66E-02,-9.91E-01,-9.39E-01,-9.56E-01
2.7674375e-001,-1.59E-02,-1.08E-01,-9.91E-01,-9.56E-01,-9.64E-01
2.7904064e-001,-1.35E-02,-1.14E-01,-9.90E-01,-9.50E-01,-9.69E-01
2.7364995e-001,-2.32E-02,-1.11E-01,-9.94E-01,-9.61E-01,-9.79E-01
2.7330702e-001,-2.00E-02,-1.10E-01,-9.96E-01,-9.70E-01,-9.82E-01
2.8036071e-001,-1.45E-02,-1.05E-01,-9.93E-01,-9.72E-01,-9.73E-01
2.8154689e-001,-1.51E-02,-1.04E-01,-9.93E-01,-9.77E-01,-9.78E-01
2.7443479e-001,-1.94E-02,-1.06E-01,-9.89E-01,-9.68E-01,-9.81E-01
2.7287248e-001,-2.04E-02,-1.12E-01,-9.89E-01,-9.69E-01,-9.83E-01
2.8134246e-001,-1.63E-02,-1.02E-01,-9.90E-01,-9.51E-01,-9.58E-01
2.8088259e-001,-1.82E-02,-9.60E-02,-9.89E-01,-9.46E-01,-9.51E-01
2.7588947e-001,-1.66E-02,-1.10E-01,-9.87E-01,-9.47E-01,-9.56E-01
2.7776525e-001,-1.07E-02,-1.30E-01,-9.87E-01,-9.53E-01,-9.59E-01
2.7922138e-001,-1.36E-02,-1.19E-01,-9.95E-01,-9.82E-01,-9.59E-01
2.7821235e-001,-1.59E-02,-9.86E-02,-9.97E-01,-9.82E-01,-9.70E-01
2.7964255e-001,-1.17E-02,-1.18E-01,-9.94E-01,-9.69E-01,-9.57E-01
2.7844805e-001,-1.47E-02,-1.10E-01,-9.91E-01,-9.59E-01,-9.51E-01
2.7790128e-001,-1.84E-02,-1.00E-01,-9.91E-01,-9.51E-01,-9.64E-01
2.7435590e-001,-4.85E-02,-8.91E-02,-9.70E-01,-7.69E-01,-8.46E-01
2.7536461e-001,-6.05E-03,-9.08E-02,-9.84E-01,-9.28E-01,-9.41E-01
2.6954004e-001,-1.27E-02,-1.04E-01,-9.68E-01,-9.55E-01,-9.59E-01
2.6093600e-001,-1.39E-02,-8.18E-02,-9.61E-01,-9.35E-01,-9.22E-01
2.6963511e-001,-1.04E-02,-9.22E-02,-9.69E-01,-9.25E-01,-8.94E-01
2.8135663e-001,-2.25E-02,-1.13E-01,-9.58E-01,-9.02E-01,-8.86E-01
2.7862149e-001,-3.63E-02,-1.07E-01,-9.62E-01,-9.12E-01,-9.06E-01
2.8531119e-001,-2.39E-02,-1.18E-01,-9.91E-01,-9.45E-01,-9.64E-01
2.8548410e-001,-1.15E-02,-1.23E-01,-9.94E-01,-9.86E-01,-9.85E-01
2.7041558e-001,-2.23E-02,-9.86E-02,-9.92E-01,-9.74E-01,-9.80E-01
2.6987789e-001,-2.80E-02,-9.64E-02,-9.90E-01,-9.76E-01,-9.73E-01
2.8370244e-001,-2.31E-02,-1.19E-01,-9.92E-01,-9.82E-01,-9.68E-01
2.9076624e-001,-1.71E-02,-1.28E-01,-9.93E-01,-9.71E-01,-9.73E-01
2.8094797e-001,-1.88E-02,-1.17E-01,-9.91E-01,-9.67E-01,-9.67E-01
2.3679688e-001,-6.63E-02,-2.43E-01,-9.73E-01,-8.70E-01,-6.98E-01
2.6725355e-001,-1.75E-02,-1.34E-01,-9.69E-01,-8.35E-01,-9.40E-01
2.9231418e-001,6.8160984e-004,-1.04E-01,-9.90E-01,-9.32E-01,-9.71E-01
2.7708668e-001,-1.71E-02,-1.07E-01,-9.94E-01,-9.64E-01,-9.77E-01
2.7890851e-001,-1.61E-02,-1.09E-01,-9.91E-01,-9.59E-01,-9.44E-01
2.8198198e-001,-1.65E-02,-1.02E-01,-9.93E-01,-9.75E-01,-9.33E-01
2.7776575e-001,-1.72E-02,-1.03E-01,-9.96E-01,-9.86E-01,-9.61E-01
2.7698174e-001,-1.79E-02,-1.07E-01,-9.96E-01,-9.91E-01,-9.80E-01
2.8118452e-001,-1.52E-02,-9.98E-02,-9.95E-01,-9.79E-01,-9.72E-01
2.7534388e-001,-2.52E-02,-9.28E-02,-9.91E-01,-9.51E-01,-9.70E-01
2.7494355e-001,-2.64E-02,-9.63E-02,-9.92E-01,-9.50E-01,-9.71E-01
2.8007552e-001,-9.93E-03,-1.10E-01,-9.96E-01,-9.73E-01,-9.78E-01
2.7860449e-001,-1.30E-02,-1.07E-01,-9.94E-01,-9.71E-01,-9.74E-01
2.7955034e-001,-1.92E-02,-1.04E-01,-9.91E-01,-9.64E-01,-9.61E-01
2.7616827e-001,-1.77E-02,-1.11E-01,-9.89E-01,-9.61E-01,-9.49E-01
4.0707544e-001,7.2753142e-002,-1.22E-01,-9.31E-01,-8.08E-01,-9.01E-01
2.8038764e-001,6.8394750e-003,-1.24E-01,-9.65E-01,-8.70E-01,-9.34E-01
2.6227624e-001,-3.73E-02,-1.01E-01,-9.87E-01,-9.10E-01,-9.77E-01
2.8099962e-001,-3.45E-02,-1.03E-01,-9.98E-01,-9.31E-01,-9.92E-01
2.9056214e-001,-1.18E-02,-1.12E-01,-9.87E-01,-9.62E-01,-9.63E-01
2.8175936e-001,-1.70E-02,-1.06E-01,-9.81E-01,-9.57E-01,-9.58E-01
2.6186312e-001,-2.48E-02,-1.04E-01,-9.89E-01,-9.74E-01,-9.84E-01
2.7837838e-001,-2.11E-02,-1.08E-01,-9.88E-01,-9.72E-01,-9.87E-01
2.8629708e-001,-1.47E-02,-1.10E-01,-9.93E-01,-9.75E-01,-9.88E-01
2.7890216e-001,-1.31E-02,-1.11E-01,-9.96E-01,-9.82E-01,-9.95E-01
2.7492347e-001,-1.28E-02,-1.10E-01,-9.96E-01,-9.84E-01,-9.95E-01
2.7726533e-001,-1.49E-02,-1.08E-01,-9.95E-01,-9.79E-01,-9.93E-01
2.7940704e-001,-1.21E-02,-1.10E-01,-9.94E-01,-9.78E-01,-9.94E-01
2.8155287e-001,-1.29E-02,-1.09E-01,-9.95E-01,-9.83E-01,-9.93E-01
2.8649446e-001,-1.21E-02,-1.11E-01,-9.96E-01,-9.85E-01,-9.90E-01
2.7814928e-001,-1.40E-02,-1.10E-01,-9.95E-01,-9.82E-01,-9.92E-01
2.8045846e-001,-1.58E-02,-1.07E-01,-9.95E-01,-9.82E-01,-9.94E-01
2.8014189e-001,-1.58E-02,-1.09E-01,-9.94E-01,-9.82E-01,-9.93E-01
2.7809880e-001,-2.37E-02,-1.05E-01,-9.92E-01,-9.42E-01,-9.70E-01
1.4310538e-001,2.0476682e-002,-1.82E-01,-7.93E-01,-5.12E-01,-5.87E-01
1.6240760e-001,-5.91E-02,-6.95E-02,-9.33E-01,-8.54E-01,-9.13E-01
2.1535467e-001,-1.92E-02,-9.97E-02,-9.54E-01,-9.45E-01,-9.57E-01
2.6677822e-001,-1.63E-02,-1.09E-01,-9.66E-01,-9.73E-01,-9.79E-01
2.5542045e-001,-2.07E-02,-1.02E-01,-9.64E-01,-9.72E-01,-9.78E-01
2.6403907e-001,-1.80E-02,-1.07E-01,-9.58E-01,-9.63E-01,-9.72E-01
2.6873101e-001,-1.71E-02,-1.06E-01,-9.60E-01,-9.64E-01,-9.69E-01
2.5967646e-001,-1.98E-02,-1.03E-01,-9.64E-01,-9.71E-01,-9.75E-01
2.6675735e-001,-1.92E-02,-1.06E-01,-9.63E-01,-9.69E-01,-9.77E-01
2.6948562e-001,-1.78E-02,-1.06E-01,-9.59E-01,-9.65E-01,-9.80E-01
2.7505002e-001,-1.67E-02,-1.09E-01,-9.63E-01,-9.68E-01,-9.82E-01
2.7128087e-001,-1.81E-02,-1.07E-01,-9.65E-01,-9.73E-01,-9.81E-01
2.7302310e-001,-1.79E-02,-1.08E-01,-9.65E-01,-9.71E-01,-9.80E-01
2.8004265e-001,-1.72E-02,-1.11E-01,-9.60E-01,-9.67E-01,-9.77E-01
2.8103893e-001,-1.60E-02,-1.09E-01,-9.56E-01,-9.68E-01,-9.73E-01
2.6861196e-001,-1.81E-02,-1.06E-01,-9.56E-01,-9.65E-01,-9.71E-01
2.8677689e-001,-1.50E-02,-1.13E-01,-9.51E-01,-9.63E-01,-9.74E-01
2.9579437e-001,-1.44E-02,-1.14E-01,-9.55E-01,-9.68E-01,-9.78E-01
3.8424792e-001,7.2167871e-003,-1.38E-01,-8.56E-01,-8.02E-01,-8.41E-01
1.9408808e-001,-3.11E-02,-7.21E-02,-2.69E-01,-2.59E-02,-2.27E-01
2.4367050e-001,-2.03E-02,-2.43E-02,-1.76E-01,-2.85E-02,-1.98E-01
3.7291320e-001,-3.24E-02,-8.12E-02,-2.10E-01,-5.84E-02,-1.96E-01
2.2441054e-001,-2.93E-02,-1.22E-01,-2.55E-01,-2.23E-02,-2.15E-01
1.9963301e-001,-1.02E-02,-1.31E-01,-2.56E-01,1.1155541e-002,-1.69E-01
3.6306731e-001,-1.03E-02,-1.44E-01,-2.21E-01,-7.53E-02,-1.64E-01
3.0795483e-001,-6.17E-03,-1.30E-01,-2.01E-01,-4.39E-02,-2.43E-01
1.6830274e-001,-1.86E-02,-5.47E-02,-2.48E-01,3.4994022e-002,-2.68E-01
3.4307286e-001,-2.72E-02,-5.15E-02,-1.77E-01,1.6549593e-002,-2.20E-01
3.0997431e-001,-4.36E-02,-1.23E-01,-1.27E-01,8.6390299e-002,-2.05E-01
1.6956215e-001,-8.86E-03,-1.23E-01,-2.16E-01,2.5126315e-002,-2.11E-01
3.3617591e-001,2.2230031e-002,-1.15E-01,-2.58E-01,-2.20E-01,-2.10E-01
3.7937470e-001,-2.46E-02,-1.39E-01,-3.30E-01,-1.72E-01,-2.58E-01
2.9470371e-001,-4.13E-02,-1.15E-01,-2.37E-01,-2.37E-01,-2.53E-01
3.4378008e-001,-4.53E-02,-1.17E-01,-1.48E-01,-1.45E-02,-1.90E-01
2.0885378e-001,-1.55E-02,-8.18E-02,-1.59E-01,-1.57E-02,-2.16E-01
2.6506662e-001,1.1494817e-002,-1.04E-01,-1.95E-01,-1.62E-01,-2.79E-01
3.7054145e-001,-2.18E-02,-1.48E-01,-2.40E-01,-1.13E-01,-2.69E-01
2.4129243e-001,-1.62E-02,-1.24E-01,-2.01E-01,-7.19E-02,-2.72E-01
1.8308063e-001,-1.98E-02,-8.31E-02,-1.88E-01,-6.74E-02,-2.70E-01
3.5541023e-001,-3.61E-02,-9.36E-02,-1.96E-01,-7.42E-02,-2.41E-01
3.1186623e-001,-3.39E-02,-9.36E-02,-2.13E-01,-1.13E-01,-3.19E-01
1.8837158e-001,-1.70E-02,-9.70E-02,-2.56E-01,-1.03E-01,-4.27E-01
2.5181316e-001,8.0525275e-003,-1.06E-01,-2.45E-01,-1.06E-01,-3.48E-01
3.4657388e-001,3.1942608e-003,-1.24E-01,-2.71E-01,-1.98E-01,-2.72E-01
3.6886006e-001,-1.27E-02,-1.00E-01,-3.18E-01,-1.66E-01,-2.26E-01
3.4692211e-001,-5.31E-02,-1.38E-01,6.4260357e-002,2.3766880e-001,-3.05E-01
3.9865668e-001,-3.25E-02,-1.23E-01,6.5717198e-002,1.8458787e-001,-3.95E-01
1.9824634e-001,5.9628881e-003,-1.08E-01,2.9489637e-002,-2.30E-02,-3.86E-01
1.9948102e-001,-3.87E-02,-1.83E-01,8.8036302e-002,5.7491540e-002,-3.11E-01
3.7888260e-001,-2.65E-02,-1.28E-01,1.4766880e-001,1.8811564e-001,-1.75E-01
3.1662387e-001,-5.86E-03,-6.21E-02,1.3684800e-001,1.4134910e-001,-2.82E-01
1.1805601e-001,1.9811858e-002,-1.04E-01,2.3275986e-001,1.8988153e-001,-3.04E-01
3.7582327e-001,-3.64E-02,-1.06E-01,3.4472829e-001,3.1585176e-001,-2.34E-01
4.2284701e-001,-3.45E-02,-1.40E-01,2.3586674e-001,3.3156083e-001,-4.07E-01
3.0528891e-001,2.6445106e-003,-1.36E-01,2.6970113e-001,3.3089489e-001,-3.81E-01
1.4445463e-001,2.7015660e-002,-1.71E-01,2.0879559e-001,3.0594741e-001,-2.32E-01
3.2475879e-001,-5.55E-02,-1.44E-01,2.3506857e-001,3.2166683e-001,-1.79E-01
3.6239801e-001,-5.77E-02,-1.10E-01,2.1324105e-001,3.7603543e-001,-2.64E-01
2.1729456e-001,-2.84E-02,-3.58E-02,1.1269028e-001,3.8570990e-001,-2.78E-01
2.7250974e-001,-6.14E-02,-1.41E-02,1.9952920e-001,3.2583613e-001,-3.81E-01
2.9978372e-001,1.0717424e-002,-5.77E-02,2.8949611e-001,3.2152177e-001,-4.30E-01
3.7101129e-001,-2.10E-02,-1.49E-01,4.2358544e-001,3.1061857e-001,-1.77E-01
2.3833689e-001,-3.99E-02,-1.58E-01,2.8361522e-001,2.2657526e-001,-1.33E-01
2.6000493e-001,-3.37E-02,-9.74E-02,2.2508815e-001,3.3764557e-001,-1.87E-01
3.7769929e-001,-2.20E-02,-9.04E-02,2.3267230e-001,4.9935095e-001,-1.06E-01
2.3939650e-001,-4.62E-02,-4.01E-02,1.9543825e-001,4.7088626e-001,-2.67E-01
1.4057459e-001,5.3288306e-003,-1.81E-01,4.0036370e-001,5.1357161e-001,-2.06E-01
1.3565380e-001,-5.60E-02,-2.80E-01,-2.15E-01,-1.52E-01,-2.49E-01
2.8400150e-001,-6.50E-02,-1.11E-01,-1.43E-01,-1.64E-01,-3.50E-01
2.9353237e-001,-6.51E-02,-1.13E-01,-1.68E-01,-1.28E-01,-3.63E-01
1.7816497e-001,-4.60E-03,-1.10E-01,-2.24E-01,-8.00E-02,-3.59E-01
1.8146462e-001,3.3401766e-004,-8.67E-02,-2.64E-01,-1.98E-03,-3.75E-01
4.2579107e-001,1.7707439e-002,-1.37E-01,-1.67E-01,-1.28E-02,-2.55E-01
4.3174311e-001,-1.98E-02,-1.43E-01,-1.39E-01,-5.76E-02,-1.79E-01
2.5328735e-001,-1.94E-02,-1.63E-01,-2.69E-01,-1.25E-01,-3.28E-01
1.2623258e-001,-1.64E-02,-2.62E-01,-2.26E-01,-5.16E-02,-1.99E-01
2.7760286e-001,-3.53E-02,-1.06E-01,-9.96E-02,-5.03E-02,-3.02E-01
3.6143107e-001,-7.66E-02,-8.28E-02,-1.15E-01,-6.46E-02,-3.11E-01
2.3986358e-001,-5.00E-02,-1.11E-01,-2.39E-01,-1.72E-01,-3.66E-01
2.0767464e-001,-3.80E-02,-1.37E-01,-2.71E-01,-1.30E-01,-3.88E-01
3.2453385e-001,1.1400231e-002,-6.97E-02,-2.28E-01,-1.40E-01,-2.78E-01
3.3372439e-001,3.3232748e-002,1.4426897e-003,-2.24E-01,-1.23E-01,-1.80E-01
2.2942760e-001,-1.03E-02,-9.14E-02,-2.03E-01,-6.87E-02,-2.45E-01
2.3838078e-001,-3.32E-02,-3.39E-01,-1.59E-01,-1.18E-01,-1.15E-01
2.4449380e-001,-6.98E-02,-1.38E-01,-2.01E-01,-8.89E-02,-1.84E-01
1.4505186e-001,-4.39E-02,-1.05E-01,-1.60E-01,2.7522077e-002,-2.45E-01
2.3329508e-001,-9.25E-03,-1.12E-01,-1.10E-01,-1.64E-02,-1.90E-01
3.6441144e-001,-3.12E-02,-6.97E-02,-1.70E-01,-4.40E-02,-2.36E-01
3.3203160e-001,-3.47E-02,-1.24E-01,-2.43E-01,3.9951730e-002,-2.18E-01
1.8146971e-001,-2.68E-02,-1.16E-01,-2.42E-01,-6.09E-02,-2.27E-01
2.7598871e-001,-3.12E-02,-8.22E-02,-9.81E-01,-9.03E-01,-9.51E-01
2.7933576e-001,-1.87E-02,-9.97E-02,-9.84E-01,-9.50E-01,-9.70E-01
2.7714602e-001,-1.12E-02,-1.07E-01,-9.96E-01,-9.89E-01,-9.92E-01
2.7619017e-001,-1.41E-02,-1.02E-01,-9.97E-01,-9.89E-01,-9.93E-01
2.7732007e-001,-1.43E-02,-1.04E-01,-9.99E-01,-9.90E-01,-9.96E-01
2.7671679e-001,-1.63E-02,-1.09E-01,-9.99E-01,-9.81E-01,-9.91E-01
2.7660778e-001,-1.67E-02,-1.11E-01,-9.95E-01,-9.60E-01,-9.76E-01
2.7569069e-001,-1.24E-02,-1.06E-01,-9.95E-01,-9.64E-01,-9.75E-01
2.7785510e-001,-1.23E-02,-1.02E-01,-9.98E-01,-9.86E-01,-9.88E-01
2.7790186e-001,-1.67E-02,-1.06E-01,-9.98E-01,-9.74E-01,-9.85E-01
2.7882795e-001,-2.12E-02,-1.13E-01,-9.98E-01,-9.74E-01,-9.87E-01
2.7814006e-001,-1.63E-02,-1.09E-01,-9.98E-01,-9.71E-01,-9.90E-01
2.7425682e-001,-7.73E-03,-1.01E-01,-9.95E-01,-9.54E-01,-9.77E-01
2.7856304e-001,-1.71E-02,-1.10E-01,-9.90E-01,-9.16E-01,-9.53E-01
2.8315081e-001,-3.03E-02,-1.30E-01,-9.93E-01,-9.34E-01,-9.62E-01
2.7627755e-001,-2.18E-02,-1.12E-01,-9.96E-01,-9.55E-01,-9.58E-01
2.7435490e-001,-7.67E-03,-9.12E-02,-9.97E-01,-9.59E-01,-9.80E-01
2.8267246e-001,-5.84E-02,-1.67E-01,-9.80E-01,-8.48E-01,-8.98E-01
2.7209611e-001,-1.12E-02,-1.04E-01,-9.97E-01,-9.63E-01,-9.65E-01
2.7797458e-001,-1.41E-02,-1.01E-01,-9.97E-01,-9.84E-01,-9.87E-01
2.7981043e-001,-2.05E-02,-1.09E-01,-9.98E-01,-9.82E-01,-9.85E-01
2.7850294e-001,-2.19E-02,-1.13E-01,-9.99E-01,-9.86E-01,-9.88E-01
2.7790918e-001,-1.94E-02,-1.08E-01,-9.99E-01,-9.92E-01,-9.90E-01
2.7772636e-001,-1.76E-02,-1.05E-01,-9.98E-01,-9.92E-01,-9.92E-01
2.7501302e-001,-1.65E-02,-1.01E-01,-9.98E-01,-9.93E-01,-9.90E-01
2.7720126e-001,-1.76E-02,-1.06E-01,-9.98E-01,-9.95E-01,-9.89E-01
2.7830106e-001,-1.31E-02,-1.03E-01,-9.98E-01,-9.86E-01,-9.85E-01
2.7619222e-001,-1.45E-02,-1.04E-01,-9.99E-01,-9.81E-01,-9.82E-01
2.7659729e-001,-1.87E-02,-1.13E-01,-9.97E-01,-9.83E-01,-9.83E-01
2.7996564e-001,-1.96E-02,-1.14E-01,-9.96E-01,-9.81E-01,-9.76E-01
2.7617314e-001,-1.29E-02,-1.01E-01,-9.96E-01,-9.68E-01,-9.68E-01
2.5111720e-001,2.2821842e-002,-1.14E-01,-9.43E-01,-4.50E-01,-7.83E-01
3.0387798e-001,-5.71E-02,-1.42E-01,-9.80E-01,-8.45E-01,-9.32E-01
2.7760193e-001,-1.01E-02,-1.02E-01,-9.91E-01,-9.48E-01,-9.67E-01
2.7760021e-001,-1.70E-02,-1.06E-01,-9.94E-01,-9.61E-01,-9.82E-01
2.7940989e-001,-2.32E-02,-1.10E-01,-9.95E-01,-9.85E-01,-9.93E-01
2.7553876e-001,-1.86E-02,-1.07E-01,-9.97E-01,-9.92E-01,-9.95E-01
2.7882010e-001,-1.74E-02,-1.05E-01,-9.98E-01,-9.91E-01,-9.93E-01
2.7932242e-001,-1.81E-02,-1.06E-01,-9.98E-01,-9.89E-01,-9.91E-01
2.7833499e-001,-1.83E-02,-1.10E-01,-9.98E-01,-9.91E-01,-9.98E-01
2.7654527e-001,-1.76E-02,-1.09E-01,-9.96E-01,-9.92E-01,-9.93E-01
2.7926747e-001,-2.04E-02,-1.11E-01,-9.95E-01,-9.80E-01,-9.81E-01
2.7240146e-001,-1.61E-02,-1.05E-01,-9.91E-01,-9.64E-01,-9.80E-01
2.7278701e-001,-1.36E-02,-1.03E-01,-9.92E-01,-9.67E-01,-9.85E-01
2.8448861e-001,-1.87E-02,-1.09E-01,-9.96E-01,-9.83E-01,-9.87E-01
2.8103479e-001,-1.97E-02,-1.09E-01,-9.96E-01,-9.94E-01,-9.91E-01
3.3431178e-001,3.3721886e-002,-2.24E-01,-8.79E-01,-8.28E-01,-5.88E-01
2.4864163e-001,-1.89E-02,-7.91E-02,-9.80E-01,-9.60E-01,-9.56E-01
2.8037501e-001,-1.77E-02,-1.06E-01,-9.98E-01,-9.83E-01,-9.90E-01
2.7819960e-001,-1.54E-02,-1.03E-01,-9.94E-01,-9.81E-01,-9.90E-01
2.7566256e-001,-1.66E-02,-1.08E-01,-9.94E-01,-9.81E-01,-9.86E-01
2.7518459e-001,-1.47E-02,-1.15E-01,-9.98E-01,-9.90E-01,-9.94E-01
2.8097520e-001,-1.54E-02,-1.19E-01,-9.97E-01,-9.90E-01,-9.91E-01
2.7963932e-001,-1.69E-02,-1.05E-01,-9.97E-01,-9.94E-01,-9.76E-01
2.7632257e-001,-1.78E-02,-1.01E-01,-9.98E-01,-9.93E-01,-9.85E-01
2.7944384e-001,-1.93E-02,-1.11E-01,-9.96E-01,-9.89E-01,-9.86E-01
2.7725794e-001,-1.71E-02,-1.09E-01,-9.95E-01,-9.88E-01,-9.83E-01
2.7613253e-001,-1.54E-02,-1.08E-01,-9.94E-01,-9.90E-01,-9.81E-01
2.7421036e-001,-1.67E-02,-1.07E-01,-9.92E-01,-9.80E-01,-9.78E-01
4.6193802e-001,-1.98E-02,-1.30E-01,-8.97E-01,-9.41E-01,-9.51E-01
2.9851656e-001,-1.18E-02,-1.07E-01,-9.39E-01,-9.85E-01,-9.94E-01
2.5545245e-001,-1.51E-02,-1.11E-01,-9.86E-01,-9.87E-01,-9.92E-01
2.7707557e-001,-1.76E-02,-1.11E-01,-9.96E-01,-9.95E-01,-9.92E-01
2.7787675e-001,-1.65E-02,-1.10E-01,-9.96E-01,-9.96E-01,-9.95E-01
2.7745584e-001,-1.77E-02,-1.09E-01,-9.97E-01,-9.94E-01,-9.91E-01
2.8003056e-001,-1.74E-02,-1.05E-01,-9.97E-01,-9.92E-01,-9.91E-01
2.7644078e-001,-1.65E-02,-1.08E-01,-9.95E-01,-9.93E-01,-9.93E-01
2.7482273e-001,-1.73E-02,-1.11E-01,-9.95E-01,-9.96E-01,-9.94E-01
2.7945114e-001,-1.65E-02,-1.09E-01,-9.97E-01,-9.92E-01,-9.93E-01
2.7781526e-001,-1.70E-02,-1.08E-01,-9.95E-01,-9.92E-01,-9.93E-01
2.7911021e-001,-1.80E-02,-1.08E-01,-9.94E-01,-9.96E-01,-9.96E-01
2.8075893e-001,-1.80E-02,-1.06E-01,-9.94E-01,-9.92E-01,-9.96E-01
2.7820536e-001,-1.76E-02,-1.08E-01,-9.93E-01,-9.92E-01,-9.96E-01
2.7946170e-001,-1.68E-02,-1.11E-01,-9.93E-01,-9.94E-01,-9.98E-01
2.7763013e-001,-1.65E-02,-1.09E-01,-9.94E-01,-9.94E-01,-9.95E-01
2.7833845e-001,-1.64E-02,-1.07E-01,-9.94E-01,-9.97E-01,-9.95E-01
2.8138175e-001,-1.71E-02,-1.07E-01,-9.95E-01,-9.96E-01,-9.95E-01
4.1986060e-001,-2.52E-02,-1.13E-01,-8.50E-01,-9.21E-01,-9.42E-01
2.4942583e-001,-1.13E-02,-1.02E-01,-9.79E-01,-9.89E-01,-9.82E-01
2.8024788e-001,-1.66E-02,-1.14E-01,-9.91E-01,-9.95E-01,-9.90E-01
2.7966619e-001,-1.75E-02,-1.10E-01,-9.92E-01,-9.95E-01,-9.91E-01
2.7525115e-001,-1.69E-02,-1.06E-01,-9.92E-01,-9.93E-01,-9.93E-01
2.8187152e-001,-1.72E-02,-1.08E-01,-9.91E-01,-9.89E-01,-9.91E-01
2.7550315e-001,-1.65E-02,-1.10E-01,-9.91E-01,-9.91E-01,-9.94E-01
2.7154150e-001,-1.54E-02,-1.11E-01,-9.93E-01,-9.93E-01,-9.97E-01
2.7523809e-001,-1.65E-02,-1.11E-01,-9.93E-01,-9.85E-01,-9.94E-01
2.7950644e-001,-1.73E-02,-1.05E-01,-9.95E-01,-9.88E-01,-9.89E-01
2.8118523e-001,-1.65E-02,-1.07E-01,-9.96E-01,-9.95E-01,-9.88E-01
2.7601673e-001,-1.75E-02,-1.13E-01,-9.93E-01,-9.94E-01,-9.93E-01
2.7570113e-001,-1.84E-02,-1.05E-01,-9.90E-01,-9.96E-01,-9.93E-01
2.7740026e-001,-1.67E-02,-1.03E-01,-9.92E-01,-9.97E-01,-9.97E-01
2.7912738e-001,-1.69E-02,-1.10E-01,-9.92E-01,-9.94E-01,-9.98E-01
2.7694174e-001,-1.74E-02,-1.13E-01,-9.92E-01,-9.93E-01,-9.96E-01
2.8188516e-001,-1.77E-02,-1.05E-01,-9.93E-01,-9.96E-01,-9.92E-01
2.8344141e-001,-1.72E-02,-1.06E-01,-9.95E-01,-9.95E-01,-9.89E-01
2.7459184e-001,-1.78E-02,-1.11E-01,-9.95E-01,-9.94E-01,-9.91E-01
2.7692109e-001,-1.84E-02,-1.07E-01,-9.94E-01,-9.96E-01,-9.94E-01
2.8007880e-001,-1.68E-02,-1.07E-01,-9.93E-01,-9.97E-01,-9.95E-01
2.7411233e-001,-1.56E-02,-1.11E-01,-9.93E-01,-9.97E-01,-9.92E-01
2.7247382e-001,-6.21E-02,-4.59E-02,-2.08E-01,-5.23E-02,-1.44E-01
2.6686962e-001,-4.55E-02,-1.30E-01,-1.90E-01,-1.09E-02,-1.76E-01
1.6263217e-001,5.7186666e-003,-9.23E-02,-1.33E-01,-6.57E-02,-1.68E-01
2.8272294e-001,1.5371606e-002,-4.82E-02,-1.08E-01,-3.15E-02,-1.21E-01
3.3223837e-001,-4.11E-02,-9.82E-02,-1.96E-01,4.6863752e-002,-1.58E-01
2.2573134e-001,-4.52E-02,-1.03E-01,-2.27E-01,-3.04E-02,-2.36E-01
2.3848306e-001,3.8096577e-003,-1.10E-01,-2.07E-01,-1.55E-01,-2.40E-01
2.9432278e-001,9.0299136e-003,-1.26E-01,-2.20E-01,-1.53E-01,-2.71E-01
3.3968084e-001,-2.62E-02,-1.39E-01,-2.27E-01,-4.82E-02,-3.20E-01
3.6472963e-001,-3.65E-02,-1.43E-01,-2.13E-01,-2.71E-02,-2.75E-01
2.1910280e-001,-1.70E-02,-1.11E-01,-1.94E-01,-1.47E-01,-2.83E-01
1.3502173e-001,-5.36E-03,-7.28E-02,-2.25E-01,-1.74E-01,-3.14E-01
3.3029810e-001,5.3074403e-003,-5.14E-02,-2.18E-01,-1.19E-01,-2.63E-01
2.9284105e-001,-3.98E-03,-2.12E-01,-1.72E-01,-1.51E-01,-2.37E-01
3.2735235e-001,1.5843665e-003,-1.52E-01,-1.60E-01,-8.34E-02,-1.87E-01
3.3919833e-001,-3.44E-02,-1.34E-01,-1.38E-01,-1.11E-01,-2.27E-01
1.9561549e-001,-3.50E-02,-1.15E-01,-9.80E-02,-1.07E-01,-3.06E-01
2.6984928e-001,1.1404335e-002,-5.87E-02,-1.23E-01,-1.68E-02,-2.03E-01
3.5200980e-001,-1.53E-02,-6.97E-02,-1.88E-01,7.8632330e-003,-1.99E-01
2.2580161e-001,-5.06E-02,-1.26E-01,-2.32E-01,-1.31E-01,-3.04E-01
2.2212838e-001,-4.40E-03,-1.15E-01,-2.67E-01,-1.95E-01,-3.02E-01
3.0554990e-001,8.6508652e-003,-1.06E-01,-2.28E-01,-1.82E-01,-2.64E-01
3.7812841e-001,-2.16E-02,-1.35E-01,-2.18E-01,-1.33E-01,-2.41E-01
2.6979358e-001,-2.72E-02,-1.23E-01,-2.21E-01,-1.50E-01,-2.54E-01
1.3775962e-001,-1.07E-02,-8.12E-02,-2.24E-01,-2.23E-01,-2.76E-01
2.8303529e-001,-3.52E-03,-6.15E-02,-2.38E-01,-1.99E-01,-2.51E-01
4.1449147e-001,-2.70E-02,-6.95E-02,1.7417707e-001,-1.90E-01,-3.28E-01
4.7231868e-001,-1.89E-02,-1.14E-01,1.4624160e-001,-1.93E-01,-3.41E-01
2.0886137e-001,-5.55E-02,-1.53E-01,1.0622084e-001,-2.16E-01,-2.58E-01
1.3814400e-001,-5.77E-02,-3.30E-02,1.1974583e-001,-3.07E-01,-2.42E-01
2.5638168e-001,4.2793190e-004,-1.14E-01,7.5013575e-002,4.6502449e-002,-3.69E-01
3.0705167e-001,-1.70E-02,-1.38E-01,1.1845715e-002,6.9892130e-002,-3.62E-01
2.3499004e-001,-2.46E-03,6.3593245e-003,-4.45E-02,-3.77E-01,-3.23E-01
2.9669488e-001,2.8767756e-003,-7.67E-02,-4.67E-02,-3.57E-01,-3.23E-01
3.6051162e-001,1.4684185e-002,-8.02E-02,1.2740309e-001,-1.47E-01,-2.09E-01
4.8740167e-001,-3.02E-02,-7.23E-02,1.6198765e-001,-2.05E-01,-2.27E-01
3.1563856e-001,-4.81E-02,-1.15E-01,1.2448785e-001,-1.05E-01,-1.55E-01
8.8857203e-002,-3.30E-02,-1.33E-01,1.3149914e-001,-2.20E-01,-1.39E-01
1.5334488e-001,3.1258597e-002,-2.03E-01,2.2844589e-001,-1.95E-01,-2.24E-01
4.3980988e-001,-1.47E-02,-1.19E-01,2.6598963e-001,-1.33E-01,-1.26E-01
4.2959972e-001,-4.01E-02,3.6432914e-002,1.5587913e-001,-2.72E-01,-1.43E-01
2.1164141e-001,-1.28E-02,-1.36E-01,3.3631509e-002,-3.04E-01,-2.30E-01
1.8757721e-001,2.6492287e-002,2.6173249e-002,4.0255549e-001,-1.32E-01,-2.09E-01
2.0914874e-001,7.9829609e-003,-5.98E-02,2.1344429e-001,-2.70E-01,-2.19E-01
4.2740033e-001,-3.46E-02,-2.36E-01,1.3865175e-001,-6.69E-02,-1.94E-01
2.5664044e-001,-2.20E-02,-1.48E-01,2.3877024e-001,-9.23E-02,-2.35E-02
2.0707409e-001,-5.48E-03,-7.19E-02,1.7048357e-001,-2.94E-02,3.1600578e-003
3.1563059e-001,-2.11E-02,-1.38E-01,8.5902741e-002,8.7982464e-002,-1.56E-01
4.1660373e-001,5.5792830e-003,-1.25E-02,1.8908811e-001,-1.14E-01,-1.64E-01
3.4013991e-001,-3.28E-02,-4.35E-02,1.9463828e-001,-2.71E-01,-1.51E-01
2.0360159e-001,-7.26E-02,-2.94E-01,-1.45E-01,-1.77E-01,2.4054371e-001
2.2616562e-001,-4.36E-02,-1.88E-01,-1.38E-01,-2.67E-01,-4.28E-02
3.0079316e-001,-4.74E-02,-1.12E-01,-1.68E-01,-2.81E-01,-1.56E-03
3.1498122e-001,-2.51E-02,-1.09E-01,-1.65E-01,-1.24E-01,1.1346199e-001
2.6259225e-001,-8.15E-03,-1.24E-01,-1.44E-01,-1.69E-01,2.0346372e-001
3.2624294e-001,1.1489859e-002,-1.07E-01,-1.03E-01,5.8011523e-002,1.1878806e-001
2.9088053e-001,-2.06E-02,-6.58E-02,-1.98E-01,9.1339199e-002,6.9222024e-002
1.7124891e-001,-7.30E-02,-1.26E-01,-2.55E-01,-2.55E-01,7.4598519e-002
2.2690047e-001,-2.06E-02,-1.09E-01,-1.64E-01,-2.73E-01,7.4588225e-002
1.1174503e-001,-4.77E-02,-7.03E-02,-5.64E-02,-1.12E-01,4.3439388e-001
2.7381082e-001,-6.44E-02,-1.67E-01,-1.95E-02,-2.27E-01,1.6332127e-001
3.4513956e-001,-4.90E-02,-7.03E-02,-4.41E-02,-3.55E-02,1.2746267e-001
2.2244135e-001,-2.02E-02,-7.39E-02,-5.48E-02,-4.23E-02,9.6196786e-002
1.9808155e-001,-9.12E-03,-1.23E-01,-5.78E-02,-1.16E-01,1.5910541e-001
2.7453813e-001,5.7508602e-002,-9.58E-02,-1.06E-01,-3.63E-02,1.9245524e-001
3.7927819e-001,2.3427188e-002,-1.81E-01,-1.62E-01,-9.38E-02,1.4180690e-001
3.9495019e-001,-6.60E-02,-2.12E-01,-1.51E-01,-2.24E-01,1.2953686e-001
2.5608774e-001,-1.15E-01,-1.66E-01,1.1245623e-003,-1.74E-01,5.6383616e-002
4.1221417e-001,-4.98E-02,-1.71E-01,5.8745560e-003,-1.59E-01,7.9104835e-002
2.8584088e-001,-2.90E-02,-8.22E-02,-8.95E-02,-3.78E-03,1.4572880e-002
2.4381826e-001,-5.45E-02,-1.61E-01,-1.40E-01,-1.52E-01,5.7691091e-002
2.6836646e-001,-1.27E-03,-1.03E-01,-1.90E-01,-1.61E-01,8.5125989e-002
2.9633585e-001,-2.52E-02,-1.12E-01,-1.93E-01,-2.72E-01,4.3469479e-002
2.8866837e-001,-3.06E-02,-1.14E-01,-1.90E-01,-3.28E-01,6.1454668e-002
2.3874885e-001,3.9796068e-003,-2.07E-01,-1.88E-01,-2.91E-01,-1.51E-01
2.8018902e-001,-1.85E-02,-1.30E-01,-9.96E-01,-9.54E-01,-9.41E-01
2.7731107e-001,-2.27E-02,-1.13E-01,-9.98E-01,-9.79E-01,-9.83E-01
2.7908612e-001,-1.68E-02,-1.07E-01,-9.98E-01,-9.90E-01,-9.97E-01
2.7796346e-001,-1.77E-02,-1.06E-01,-9.97E-01,-9.85E-01,-9.91E-01
2.7747294e-001,-1.25E-02,-1.09E-01,-9.97E-01,-9.79E-01,-9.88E-01
2.7691460e-001,-1.33E-02,-1.10E-01,-9.98E-01,-9.83E-01,-9.93E-01
2.7824937e-001,-1.75E-02,-1.10E-01,-9.99E-01,-9.83E-01,-9.94E-01
2.7776965e-001,-2.03E-02,-1.11E-01,-9.98E-01,-9.76E-01,-9.92E-01
2.7740442e-001,-2.55E-02,-1.11E-01,-9.98E-01,-9.80E-01,-9.91E-01
2.7746041e-001,-2.07E-02,-1.10E-01,-9.97E-01,-9.67E-01,-9.89E-01
2.7489877e-001,-1.20E-02,-1.04E-01,-9.98E-01,-9.67E-01,-9.84E-01
2.7760830e-001,-1.32E-02,-1.07E-01,-9.98E-01,-9.78E-01,-9.81E-01
2.8067199e-001,-1.74E-02,-1.10E-01,-9.98E-01,-9.85E-01,-9.84E-01
2.7815467e-001,-1.53E-02,-1.06E-01,-9.98E-01,-9.86E-01,-9.85E-01
2.7701495e-001,-1.44E-02,-1.04E-01,-9.98E-01,-9.90E-01,-9.89E-01
3.0871491e-001,1.5352521e-003,-1.13E-01,-9.67E-01,-8.81E-01,-9.40E-01
2.6993152e-001,-2.96E-02,-1.37E-01,-9.95E-01,-9.68E-01,-9.81E-01
2.7864298e-001,-1.52E-02,-1.13E-01,-9.94E-01,-9.28E-01,-9.73E-01
2.7884582e-001,-1.39E-02,-1.08E-01,-9.95E-01,-9.27E-01,-9.75E-01
2.7694499e-001,-1.80E-02,-1.11E-01,-9.97E-01,-9.69E-01,-9.87E-01
2.7538207e-001,-1.92E-02,-1.09E-01,-9.96E-01,-9.75E-01,-9.92E-01
2.7589101e-001,-1.08E-02,-9.72E-02,-9.96E-01,-9.54E-01,-9.76E-01
2.8118681e-001,-5.39E-03,-8.94E-02,-9.96E-01,-9.53E-01,-9.66E-01
2.8077260e-001,-2.31E-02,-1.13E-01,-9.97E-01,-9.51E-01,-9.57E-01
2.7535865e-001,-2.17E-02,-1.19E-01,-9.98E-01,-9.60E-01,-9.75E-01
2.7645147e-001,-1.38E-02,-1.06E-01,-9.97E-01,-9.79E-01,-9.90E-01
2.7642384e-001,-2.00E-02,-1.08E-01,-9.97E-01,-9.86E-01,-9.93E-01
2.7792918e-001,-1.96E-02,-1.11E-01,-9.98E-01,-9.92E-01,-9.92E-01
2.7871425e-001,-1.77E-02,-1.09E-01,-9.99E-01,-9.94E-01,-9.94E-01
2.7803348e-001,-1.62E-02,-1.04E-01,-1.00E+00,-9.92E-01,-9.91E-01
2.7738920e-001,-1.93E-02,-1.12E-01,-9.98E-01,-9.83E-01,-9.83E-01
2.7569091e-001,-2.01E-02,-1.13E-01,-9.99E-01,-9.85E-01,-9.85E-01
2.7780795e-001,-9.73E-03,-9.94E-02,-9.99E-01,-9.85E-01,-9.89E-01
2.7898813e-001,-1.03E-02,-1.01E-01,-9.99E-01,-9.78E-01,-9.90E-01
2.8381541e-001,-4.07E-02,-1.38E-01,-9.93E-01,-7.47E-01,-9.20E-01
2.8086838e-001,-3.68E-02,-1.12E-01,-9.95E-01,-8.87E-01,-9.63E-01
2.7707224e-001,-1.24E-02,-9.92E-02,-9.98E-01,-9.83E-01,-9.90E-01
2.7837464e-001,-1.83E-02,-1.08E-01,-9.97E-01,-9.94E-01,-9.92E-01
2.7548212e-001,-1.61E-02,-1.08E-01,-9.97E-01,-9.92E-01,-9.91E-01
2.7416012e-001,-1.60E-02,-1.01E-01,-9.98E-01,-9.92E-01,-9.92E-01
2.7877993e-001,-1.89E-02,-1.03E-01,-9.97E-01,-9.70E-01,-9.80E-01
2.7663121e-001,-1.45E-02,-1.08E-01,-9.96E-01,-9.64E-01,-9.81E-01
2.7133322e-001,-9.00E-03,-1.03E-01,-9.97E-01,-9.85E-01,-9.90E-01
2.7771033e-001,-1.28E-02,-1.06E-01,-9.97E-01,-9.86E-01,-9.87E-01
2.7851646e-001,-1.91E-02,-1.11E-01,-9.97E-01,-9.90E-01,-9.89E-01
2.7525598e-001,-1.94E-02,-1.07E-01,-9.98E-01,-9.89E-01,-9.93E-01
2.7845115e-001,-1.75E-02,-1.09E-01,-9.97E-01,-9.88E-01,-9.96E-01
2.7594648e-001,-1.53E-02,-1.10E-01,-9.97E-01,-9.88E-01,-9.93E-01
2.7661462e-001,-1.71E-02,-1.08E-01,-9.97E-01,-9.84E-01,-9.93E-01
2.8028069e-001,-1.74E-02,-1.07E-01,-9.97E-01,-9.85E-01,-9.90E-01
2.2094830e-001,-1.25E-02,-1.22E-01,-9.31E-01,-9.50E-01,-7.36E-01
2.6674396e-001,-1.54E-02,-8.32E-02,-9.70E-01,-9.80E-01,-9.24E-01
2.8649669e-001,-1.73E-02,-1.17E-01,-9.91E-01,-9.83E-01,-9.86E-01
2.7789993e-001,-1.76E-02,-1.11E-01,-9.95E-01,-9.85E-01,-9.90E-01
2.7969290e-001,-1.71E-02,-1.06E-01,-9.96E-01,-9.85E-01,-9.87E-01
2.8155704e-001,-1.86E-02,-1.17E-01,-9.96E-01,-9.81E-01,-9.73E-01
2.7720301e-001,-1.80E-02,-1.16E-01,-9.93E-01,-9.81E-01,-9.71E-01
2.7656003e-001,-1.68E-02,-1.06E-01,-9.93E-01,-9.83E-01,-9.81E-01
2.8036548e-001,-1.69E-02,-1.04E-01,-9.95E-01,-9.81E-01,-9.81E-01
2.7594521e-001,-1.38E-02,-1.06E-01,-9.97E-01,-9.84E-01,-9.82E-01
2.7711887e-001,-1.57E-02,-1.11E-01,-9.96E-01,-9.86E-01,-9.83E-01
2.7739187e-001,-1.77E-02,-1.12E-01,-9.95E-01,-9.86E-01,-9.82E-01
2.7562951e-001,-1.57E-02,-1.09E-01,-9.95E-01,-9.84E-01,-9.84E-01
2.7911893e-001,-1.82E-02,-1.09E-01,-9.94E-01,-9.78E-01,-9.86E-01
2.7807387e-001,-1.83E-02,-1.08E-01,-9.94E-01,-9.78E-01,-9.82E-01
2.7625505e-001,-1.52E-02,-1.07E-01,-9.96E-01,-9.85E-01,-9.82E-01
4.5757300e-001,-3.68E-02,-1.26E-01,-8.38E-01,-9.47E-01,-7.98E-01
2.4542725e-001,-1.80E-02,-8.07E-02,-9.77E-01,-9.78E-01,-9.56E-01
2.7896444e-001,-1.62E-02,-1.13E-01,-9.86E-01,-9.93E-01,-9.96E-01
2.8958660e-001,-1.92E-02,-1.12E-01,-9.94E-01,-9.95E-01,-9.96E-01
2.7825744e-001,-1.67E-02,-1.06E-01,-9.94E-01,-9.92E-01,-9.97E-01
2.7576476e-001,-1.65E-02,-1.05E-01,-9.94E-01,-9.94E-01,-9.93E-01
2.7690004e-001,-1.71E-02,-1.08E-01,-9.96E-01,-9.92E-01,-9.91E-01
2.7662950e-001,-1.72E-02,-1.09E-01,-9.95E-01,-9.90E-01,-9.95E-01
2.8027323e-001,-1.82E-02,-1.08E-01,-9.94E-01,-9.93E-01,-9.99E-01
2.7686919e-001,-1.65E-02,-1.11E-01,-9.95E-01,-9.95E-01,-1.00E+00
2.7636176e-001,-1.76E-02,-1.10E-01,-9.94E-01,-9.94E-01,-9.95E-01
2.7942899e-001,-1.76E-02,-1.07E-01,-9.93E-01,-9.92E-01,-9.93E-01
2.7891001e-001,-1.65E-02,-1.08E-01,-9.94E-01,-9.94E-01,-9.95E-01
2.7741748e-001,-1.69E-02,-1.09E-01,-9.94E-01,-9.96E-01,-9.97E-01
2.7832977e-001,-1.75E-02,-1.06E-01,-9.92E-01,-9.97E-01,-9.98E-01
4.8435427e-001,-6.59E-03,-1.68E-01,-8.51E-01,-9.70E-01,-8.84E-01
2.5569997e-001,-1.60E-02,-1.01E-01,-9.71E-01,-9.85E-01,-9.81E-01
2.6989043e-001,-1.80E-02,-1.05E-01,-9.81E-01,-9.90E-01,-9.91E-01
2.8748722e-001,-1.70E-02,-1.12E-01,-9.92E-01,-9.91E-01,-9.96E-01
2.8030976e-001,-1.76E-02,-1.05E-01,-9.94E-01,-9.96E-01,-9.96E-01
2.7836431e-001,-1.58E-02,-1.07E-01,-9.95E-01,-9.94E-01,-9.94E-01
2.7627510e-001,-1.59E-02,-1.09E-01,-9.96E-01,-9.91E-01,-9.93E-01
2.7969742e-001,-1.78E-02,-1.12E-01,-9.96E-01,-9.92E-01,-9.90E-01
2.7577176e-001,-1.72E-02,-1.11E-01,-9.96E-01,-9.95E-01,-9.91E-01
2.7942044e-001,-1.71E-02,-1.06E-01,-9.96E-01,-9.95E-01,-9.96E-01
2.7813823e-001,-1.73E-02,-1.08E-01,-9.95E-01,-9.95E-01,-9.93E-01
2.7666051e-001,-1.77E-02,-1.10E-01,-9.95E-01,-9.96E-01,-9.93E-01
2.7913289e-001,-1.72E-02,-1.08E-01,-9.95E-01,-9.95E-01,-9.95E-01
2.7819517e-001,-1.67E-02,-1.07E-01,-9.95E-01,-9.94E-01,-9.97E-01
3.3122133e-001,-1.85E-02,-1.70E-01,-1.45E-01,-9.82E-02,-2.39E-02
3.7557005e-001,-2.47E-02,-1.57E-01,-1.07E-01,6.6085029e-002,-1.97E-01
2.3322969e-001,-3.45E-02,-1.05E-01,-1.75E-01,4.3143539e-003,-3.15E-01
2.3624939e-001,-1.44E-02,-1.24E-01,-2.10E-01,-7.49E-02,-2.47E-01
2.6454284e-001,2.4843888e-003,-1.12E-01,-1.94E-01,-4.98E-02,-1.92E-01
3.3795728e-001,-2.07E-02,-1.29E-01,-1.62E-01,-6.82E-02,-2.22E-01
3.7382547e-001,-3.50E-02,-1.40E-01,-1.85E-01,-1.13E-01,-2.21E-01
2.2624129e-001,-1.56E-02,-1.25E-01,-2.03E-01,-1.68E-01,-2.44E-01
1.5693683e-001,-2.12E-03,-8.59E-02,-1.92E-01,-7.28E-02,-2.53E-01
3.2117355e-001,-6.79E-03,-4.66E-02,-1.53E-01,-3.99E-02,-2.39E-01
3.5694392e-001,-3.30E-02,-1.03E-01,-1.65E-01,-9.24E-02,-2.67E-01
2.3625217e-001,-2.35E-02,-1.09E-01,-2.29E-01,-1.23E-01,-2.81E-01
2.1686904e-001,2.9635480e-003,-8.93E-02,-2.45E-01,-1.84E-01,-2.46E-01
2.5368155e-001,-1.61E-02,-1.42E-01,-2.41E-01,-2.25E-01,-2.90E-01
1.2146517e-001,-3.19E-02,-5.20E-03,-1.52E-01,-1.13E-01,-2.39E-01
2.9131076e-001,6.5066948e-004,-6.38E-02,-2.46E-02,-2.30E-02,-2.46E-01
3.4843186e-001,-3.50E-02,-9.87E-02,-6.10E-02,-8.46E-03,-2.74E-01
1.9884197e-001,-7.44E-03,-1.33E-01,-1.04E-01,-7.33E-02,-2.55E-01
2.9034917e-001,6.6873221e-003,-1.11E-01,-1.10E-01,-6.67E-02,-1.97E-01
3.6939813e-001,-2.65E-02,-1.23E-01,-1.38E-01,2.0882159e-004,-1.77E-01
2.7840550e-001,-3.05E-02,-1.50E-01,-9.80E-02,-6.51E-02,-2.97E-01
1.4721181e-001,-1.42E-02,-7.12E-02,-1.02E-01,-1.39E-01,-3.34E-01
3.6089537e-001,-1.54E-02,-6.04E-02,-4.06E-02,-1.43E-01,-2.45E-01
3.8682568e-001,-3.17E-02,-8.12E-02,-6.27E-02,-1.06E-01,-1.93E-01
1.6569547e-001,-1.45E-02,-1.20E-01,-1.86E-01,-6.27E-02,-2.46E-01
2.1041685e-001,1.9850031e-003,-1.44E-01,-2.20E-01,-9.82E-02,-3.66E-01
2.6268316e-001,-1.54E-03,-9.49E-02,-2.64E-01,-8.40E-02,-3.39E-01
3.7587105e-001,3.0887927e-002,-7.07E-02,2.8014976e-001,-2.52E-01,-1.06E-01
4.2861701e-001,3.2914813e-003,-1.74E-01,2.6487996e-001,-1.97E-01,-2.34E-01
1.9164473e-001,-2.24E-02,-2.53E-01,1.8783047e-001,-2.97E-02,-3.29E-01
2.8352028e-001,-3.34E-02,-9.98E-02,1.7120513e-001,-1.57E-02,-1.33E-01
3.7312686e-001,-6.73E-02,-2.33E-02,1.4650316e-001,-6.60E-02,-2.35E-01
3.1014852e-001,-3.22E-02,-7.18E-02,1.8688262e-001,-1.04E-01,-2.58E-01
1.3927421e-001,2.9781341e-002,-3.80E-02,2.2921300e-001,-2.77E-01,-3.07E-01
2.7597851e-001,-2.86E-02,-1.25E-01,2.3814582e-001,-2.27E-01,-2.99E-01
4.1032354e-001,1.2092750e-002,-1.33E-01,2.6156716e-001,-2.23E-01,-9.64E-02
4.3906334e-001,-2.90E-02,-1.49E-01,2.0752477e-001,-2.36E-01,-2.53E-01
2.1889465e-001,-3.24E-02,-2.11E-01,1.4713098e-001,1.1656080e-001,-3.41E-01
1.4761585e-001,4.4057116e-003,-1.09E-01,1.8979645e-001,1.3082273e-001,-1.87E-01
3.8887716e-001,-2.69E-02,-3.03E-02,1.7301550e-001,3.3788162e-002,-2.55E-01
4.0749235e-001,-6.24E-02,-8.07E-02,1.5202798e-001,7.6340478e-002,-2.97E-01
9.7830479e-002,1.7757440e-002,-6.76E-02,1.1384211e-001,-2.33E-01,-3.03E-01
1.9658883e-001,-1.13E-02,-9.79E-02,1.5566787e-001,-3.14E-01,-2.43E-01
1.6231004e-001,5.0712383e-002,1.6092887e-002,2.7183234e-001,-8.19E-02,-2.83E-02
3.3798551e-001,-2.38E-02,-1.29E-01,3.0653284e-001,4.1827497e-003,-1.69E-01
4.7075073e-001,-4.00E-02,-2.42E-01,2.8337099e-001,2.3098214e-001,-2.70E-01
1.4446420e-001,-2.04E-02,-1.60E-01,1.8315373e-001,1.2814089e-001,-2.30E-01
1.7420476e-001,-1.00E-02,-8.92E-02,1.0353487e-001,-3.30E-02,-2.27E-01
3.2549698e-001,-3.02E-02,-1.17E-01,7.2888180e-002,8.2150848e-002,-3.26E-01
3.4315047e-001,8.9384806e-003,-1.69E-02,1.2810241e-001,-7.07E-02,-2.60E-01
2.5155734e-001,-2.05E-02,-4.06E-02,1.7472111e-001,-3.31E-01,-2.14E-01
2.9092378e-001,-5.09E-02,-7.35E-02,-2.62E-02,-3.22E-02,3.9310852e-001
1.8814225e-001,-4.05E-02,-2.65E-01,2.3363874e-002,-1.43E-01,-3.37E-02
1.8736199e-001,-1.31E-02,-1.18E-01,-7.78E-02,-1.33E-01,6.4821250e-002
1.9621298e-001,-6.45E-03,-1.82E-02,-1.11E-01,-8.49E-02,2.4253340e-001
2.8305327e-001,-7.01E-03,-2.26E-02,1.5051732e-003,-8.77E-02,2.4299935e-001
3.9555017e-001,-2.05E-02,-5.78E-02,4.4378869e-002,9.2907484e-002,5.7199485e-002
3.0492754e-001,-4.66E-02,-7.80E-02,-4.95E-02,8.8266422e-002,-7.24E-03
2.2265494e-001,-4.85E-02,-1.39E-01,-1.09E-01,-2.02E-01,-3.14E-03
1.6160096e-001,-8.07E-02,-1.38E-01,-5.50E-02,-1.34E-01,4.0460556e-001
3.1321004e-001,-4.91E-02,-1.11E-01,-2.37E-02,-1.94E-01,1.1860690e-001
3.0199587e-001,5.5510899e-003,-4.78E-02,-8.61E-02,-6.35E-02,5.0841653e-002
2.5632946e-001,-1.69E-02,-1.20E-01,-6.13E-02,-7.43E-02,8.8475238e-003
2.1750783e-001,-7.41E-02,-2.12E-01,-2.92E-02,-3.93E-02,1.6773211e-001
2.6184852e-001,1.1323433e-002,-1.10E-01,-3.07E-02,2.0479770e-001,1.4473941e-001
3.0761408e-001,4.1505067e-002,-8.10E-02,-2.24E-02,4.1387465e-002,-1.16E-01
3.8713831e-001,-4.42E-02,-1.90E-01,-3.18E-02,-2.02E-01,-1.24E-03
1.3373761e-001,-1.35E-01,-1.25E-01,-3.88E-02,-2.13E-01,6.6073734e-002
9.5979677e-002,-2.95E-02,-7.57E-02,-4.25E-02,-2.24E-01,5.9653510e-002
2.2376037e-001,2.5533383e-002,2.6852070e-002,-1.60E-02,-2.03E-02,1.2584971e-001
3.8117275e-001,-2.52E-02,-6.73E-03,1.8705530e-002,1.7297081e-002,1.8687242e-001
3.4976647e-001,-3.12E-02,-8.99E-02,-2.99E-02,-1.09E-01,2.1140452e-001
2.4528046e-001,-9.23E-03,-1.06E-01,-1.08E-01,-1.40E-01,7.6235577e-002
2.3399317e-001,-3.58E-02,-1.61E-01,-1.21E-01,-2.61E-01,-7.92E-02
2.5249569e-001,-9.77E-03,-1.18E-01,-1.55E-01,-2.45E-01,-4.45E-02
2.7153236e-001,-1.60E-02,-9.97E-02,-9.70E-01,-9.26E-01,-9.03E-01
2.8030335e-001,-1.79E-02,-1.03E-01,-9.87E-01,-9.71E-01,-9.61E-01
2.8022294e-001,-1.58E-02,-1.10E-01,-9.96E-01,-9.82E-01,-9.83E-01
2.7772923e-001,-4.25E-03,-1.09E-01,-9.95E-01,-9.83E-01,-9.85E-01
2.7718549e-001,-2.93E-03,-1.02E-01,-9.96E-01,-9.85E-01,-9.87E-01
2.7552359e-001,-1.45E-02,-9.42E-02,-9.97E-01,-9.70E-01,-9.89E-01
2.7847648e-001,-2.69E-02,-1.62E-01,-9.52E-01,-8.56E-01,-7.60E-01
2.8074685e-001,-3.62E-02,-2.69E-01,-9.46E-01,-8.36E-01,-7.32E-01
2.7534432e-001,-7.07E-02,-1.53E-01,-9.77E-01,-8.60E-01,-6.80E-01
2.7184397e-001,-3.91E-02,2.4037676e-002,-9.69E-01,-7.79E-01,-7.73E-01
2.7353992e-001,-6.63E-03,-6.42E-02,-9.24E-01,-7.95E-01,-6.35E-01
2.8028569e-001,-2.48E-02,-9.19E-02,-9.75E-01,-9.05E-01,-9.39E-01
2.8184568e-001,-2.28E-02,-9.09E-02,-9.95E-01,-9.20E-01,-9.65E-01
2.7999846e-001,-8.85E-03,-1.04E-01,-9.97E-01,-9.76E-01,-9.82E-01
2.7726736e-001,-1.36E-02,-1.08E-01,-9.98E-01,-9.75E-01,-9.85E-01
2.7777839e-001,-2.04E-02,-1.13E-01,-9.98E-01,-9.77E-01,-9.92E-01
2.7777234e-001,-2.11E-02,-1.12E-01,-9.91E-01,-9.35E-01,-9.56E-01
2.8065649e-001,-6.88E-03,-1.17E-01,-9.87E-01,-9.13E-01,-9.45E-01
2.8015374e-001,-5.85E-03,-1.20E-01,-9.77E-01,-8.74E-01,-9.39E-01
2.6963572e-001,-2.93E-02,-1.26E-01,-9.77E-01,-8.55E-01,-9.38E-01
2.7863044e-001,-1.52E-02,-1.06E-01,-9.89E-01,-8.84E-01,-9.36E-01
2.8413810e-001,-4.91E-03,-9.19E-02,-9.94E-01,-9.27E-01,-9.53E-01
2.7550613e-001,-2.49E-02,-1.00E-01,-9.97E-01,-9.45E-01,-9.77E-01
2.7889154e-001,-1.80E-02,-9.81E-02,-9.98E-01,-9.65E-01,-9.95E-01
2.7892391e-001,-1.25E-02,-1.03E-01,-9.98E-01,-9.84E-01,-9.96E-01
2.7595357e-001,-1.88E-02,-1.04E-01,-9.98E-01,-9.81E-01,-9.90E-01
2.7489252e-001,-2.33E-02,-1.12E-01,-9.98E-01,-9.81E-01,-9.80E-01
2.2808368e-001,4.5610210e-003,-2.81E-02,-9.61E-01,-7.42E-01,-7.15E-01
2.8315621e-001,-2.21E-02,-1.25E-01,-9.94E-01,-9.47E-01,-9.80E-01
2.7795309e-001,-9.82E-03,-1.03E-01,-9.96E-01,-9.85E-01,-9.94E-01
1.9390401e-001,6.2212897e-002,-4.17E-03,-9.20E-01,-6.32E-01,-7.44E-01
-8.90E-02,2.7025600e-001,1.6761547e-001,-8.41E-01,-4.71E-01,-6.68E-01
-3.06E-03,2.1030208e-001,3.6346582e-002,-7.97E-01,-3.63E-01,-5.54E-01
3.0896354e-001,-1.11E-02,-1.59E-01,-9.42E-01,-8.07E-01,-9.06E-01
3.0074109e-001,-2.97E-02,-1.17E-01,-9.78E-01,-9.54E-01,-9.43E-01
2.7919755e-001,-1.73E-02,-1.05E-01,-9.95E-01,-9.81E-01,-9.79E-01
2.8139820e-001,-1.61E-02,-1.13E-01,-9.97E-01,-9.93E-01,-9.90E-01
2.8083898e-001,-1.73E-02,-1.11E-01,-9.98E-01,-9.96E-01,-9.95E-01
2.8355967e-001,-1.79E-02,-1.15E-01,-9.99E-01,-9.98E-01,-9.95E-01
2.8298858e-001,-1.81E-02,-1.15E-01,-9.98E-01,-9.98E-01,-9.94E-01
2.8247003e-001,-1.78E-02,-1.11E-01,-9.98E-01,-9.95E-01,-9.94E-01
2.6123989e-001,-3.01E-02,-5.73E-02,-9.67E-01,-8.11E-01,-7.89E-01
2.9092967e-001,1.0217007e-002,-1.18E-01,-9.78E-01,-9.07E-01,-8.72E-01
2.8283291e-001,-1.28E-02,-1.20E-01,-9.78E-01,-9.20E-01,-9.14E-01
2.6518438e-001,-6.19E-02,-8.13E-02,-9.80E-01,-8.74E-01,-9.40E-01
2.7006628e-001,-5.06E-02,-9.27E-02,-9.90E-01,-8.55E-01,-9.70E-01
2.7879311e-001,-5.85E-03,-1.07E-01,-9.95E-01,-9.62E-01,-9.89E-01
2.7607116e-001,-9.56E-03,-1.13E-01,-9.95E-01,-9.72E-01,-9.84E-01
2.8101056e-001,-1.76E-02,-1.18E-01,-9.96E-01,-9.75E-01,-9.81E-01
2.8112652e-001,-1.92E-02,-1.09E-01,-9.98E-01,-9.82E-01,-9.78E-01
2.7659862e-001,-1.71E-02,-1.07E-01,-9.98E-01,-9.86E-01,-9.85E-01
2.7630615e-001,-1.46E-02,-1.06E-01,-9.96E-01,-9.78E-01,-9.81E-01
2.7651577e-001,-1.27E-02,-1.05E-01,-9.96E-01,-9.73E-01,-9.76E-01
2.7968394e-001,-1.74E-02,-1.16E-01,-9.97E-01,-9.78E-01,-9.80E-01
2.7917307e-001,-2.02E-02,-1.08E-01,-9.97E-01,-9.87E-01,-9.80E-01
2.7874600e-001,-1.91E-02,-1.08E-01,-9.99E-01,-9.95E-01,-9.83E-01
2.7820364e-001,-1.61E-02,-1.11E-01,-1.00E+00,-9.93E-01,-9.87E-01
2.7815058e-001,-1.59E-02,-1.12E-01,-9.99E-01,-9.90E-01,-9.88E-01
2.7702766e-001,-1.71E-02,-1.11E-01,-9.98E-01,-9.92E-01,-9.88E-01
2.8882099e-001,-2.41E-02,-8.07E-02,-9.43E-01,-8.99E-01,-9.51E-01
2.4747559e-001,-1.49E-02,-1.04E-01,-9.65E-01,-9.59E-01,-9.63E-01
2.5088699e-001,-2.34E-02,-1.03E-01,-9.66E-01,-9.71E-01,-9.64E-01
2.6966106e-001,-1.85E-02,-1.08E-01,-9.83E-01,-9.88E-01,-9.82E-01
2.7983265e-001,-1.69E-02,-1.08E-01,-9.96E-01,-9.98E-01,-9.93E-01
2.7841389e-001,-1.65E-02,-1.05E-01,-9.90E-01,-9.69E-01,-9.90E-01
2.8347834e-001,-1.79E-02,-1.07E-01,-9.87E-01,-9.49E-01,-9.91E-01
2.8259331e-001,-1.82E-02,-1.09E-01,-9.91E-01,-9.63E-01,-9.94E-01
2.7393182e-001,-1.75E-02,-1.07E-01,-9.95E-01,-9.96E-01,-9.94E-01
2.8066601e-001,-1.71E-02,-1.12E-01,-9.94E-01,-9.95E-01,-9.94E-01
2.7773204e-001,-1.61E-02,-1.09E-01,-9.92E-01,-9.97E-01,-9.94E-01
2.7449563e-001,-1.66E-02,-1.09E-01,-9.93E-01,-9.97E-01,-9.93E-01
2.8009630e-001,-1.78E-02,-1.11E-01,-9.96E-01,-9.96E-01,-9.90E-01
2.4721043e-001,-1.71E-02,-1.03E-01,-9.63E-01,-9.61E-01,-9.83E-01
2.1541736e-001,-1.60E-02,-1.02E-01,-9.56E-01,-8.84E-01,-9.57E-01
2.7469531e-001,-1.53E-02,-1.11E-01,-9.53E-01,-8.72E-01,-9.54E-01
3.2093432e-001,-1.42E-02,-1.16E-01,-9.82E-01,-9.35E-01,-9.79E-01
3.3828829e-001,-5.08E-02,-4.58E-02,-9.22E-01,-7.11E-01,-8.49E-01
3.1898565e-001,-2.38E-02,-8.91E-02,-9.39E-01,-8.92E-01,-9.35E-01
3.0128335e-001,-1.50E-02,-1.15E-01,-9.59E-01,-9.59E-01,-9.84E-01
2.9347489e-001,-1.83E-02,-1.09E-01,-9.71E-01,-9.69E-01,-9.79E-01
2.8587109e-001,-1.40E-02,-1.17E-01,-9.79E-01,-9.52E-01,-9.59E-01
2.8382925e-001,-1.30E-02,-1.16E-01,-9.81E-01,-9.54E-01,-9.60E-01
2.7668697e-001,-1.88E-02,-1.03E-01,-9.83E-01,-9.81E-01,-9.86E-01
2.8818754e-001,-2.02E-02,-1.06E-01,-9.83E-01,-9.74E-01,-9.83E-01
2.9376010e-001,-1.89E-02,-1.07E-01,-9.85E-01,-9.75E-01,-9.84E-01
2.8131477e-001,-1.88E-02,-1.06E-01,-9.94E-01,-9.94E-01,-9.90E-01
2.7610435e-001,-1.80E-02,-1.05E-01,-9.97E-01,-9.96E-01,-9.91E-01
2.7857081e-001,-1.63E-02,-1.09E-01,-9.93E-01,-9.70E-01,-9.81E-01
2.5857072e-001,-1.54E-02,-1.10E-01,-9.70E-01,-9.59E-01,-9.78E-01
2.7817220e-001,-1.64E-02,-1.08E-01,-9.64E-01,-9.45E-01,-9.74E-01
3.0288831e-001,-2.03E-02,-1.05E-01,-9.89E-01,-9.41E-01,-9.70E-01
2.8468656e-001,-1.92E-02,-1.09E-01,-9.94E-01,-9.67E-01,-9.80E-01
2.7580571e-001,-1.70E-02,-1.09E-01,-9.97E-01,-9.93E-01,-9.93E-01
2.7783184e-001,-1.78E-02,-1.10E-01,-9.97E-01,-9.95E-01,-9.96E-01
2.8121342e-001,-1.71E-02,-1.11E-01,-9.96E-01,-9.98E-01,-9.94E-01
2.7906992e-001,-1.63E-02,-1.05E-01,-9.96E-01,-9.96E-01,-9.96E-01
2.7145201e-001,-1.65E-02,-1.08E-01,-9.93E-01,-9.90E-01,-9.89E-01
2.1862421e-001,-4.56E-02,-6.51E-02,-3.79E-01,-2.38E-01,-1.22E-01
2.0261819e-001,-2.13E-02,-8.17E-02,-3.32E-01,-1.71E-01,-1.35E-01
2.4590782e-001,-2.23E-02,-7.19E-02,-4.11E-01,-1.83E-01,-1.33E-01
2.7052779e-001,-1.39E-02,-6.91E-02,-4.43E-01,-1.78E-01,-1.30E-01
3.0095355e-001,-4.20E-03,-7.00E-02,-4.42E-01,-2.19E-01,-1.18E-01
2.9060892e-001,-7.82E-03,-1.11E-01,-4.08E-01,-2.55E-01,-5.35E-02
3.3988295e-001,-3.23E-02,-7.87E-02,-3.45E-01,-2.34E-01,-7.25E-02
3.4381350e-001,-2.30E-02,-6.64E-02,-3.54E-01,-1.67E-01,-1.33E-01
2.8434906e-001,-7.55E-03,-1.28E-01,-3.90E-01,-1.96E-01,-1.48E-01
2.5459802e-001,-2.50E-02,-1.17E-01,-3.88E-01,-1.99E-01,-1.62E-01
2.4656605e-001,-4.00E-02,-1.08E-01,-3.86E-01,-1.79E-01,-1.19E-01
2.4674815e-001,-2.57E-02,-1.13E-01,-3.89E-01,-2.30E-01,-1.55E-01
2.5798684e-001,-1.00E-03,-1.11E-01,-3.89E-01,-2.38E-01,-2.31E-01
2.7086507e-001,-5.65E-03,-1.17E-01,-3.83E-01,-1.80E-01,-2.13E-01
2.6793729e-001,-3.64E-03,-1.19E-01,-4.19E-01,-1.74E-01,-1.98E-01
2.7775839e-001,5.9125598e-003,-9.99E-02,-4.38E-01,-1.92E-01,-1.78E-01
2.4734804e-001,-3.67E-02,-9.18E-02,-4.78E-01,-2.62E-01,-1.94E-01
2.7770711e-001,-1.85E-02,-9.26E-02,-4.55E-01,-2.33E-01,-1.54E-01
3.1354263e-001,-1.96E-02,-1.07E-01,-4.28E-01,-2.48E-01,-1.51E-01
2.9082023e-001,-2.07E-02,-1.18E-01,-4.33E-01,-2.62E-01,-1.64E-01
2.5061283e-001,-1.59E-02,-9.98E-02,-4.43E-01,-2.42E-01,-1.58E-01
2.4847489e-001,-5.14E-03,-9.95E-02,-4.17E-01,-2.67E-01,-1.79E-01
2.3877349e-001,-1.56E-02,-8.52E-02,-4.11E-01,-2.69E-01,-2.34E-01
2.4318306e-001,-2.00E-02,-9.98E-02,-4.08E-01,-2.11E-01,-2.25E-01
2.7396164e-001,-2.63E-02,-1.38E-01,-4.25E-01,-2.40E-01,-1.75E-01
2.7490765e-001,-2.36E-02,-1.09E-01,-3.71E-01,-1.95E-01,-1.62E-01
2.4428397e-001,-1.47E-02,-6.04E-02,-3.52E-01,-1.64E-01,-1.54E-01
2.4894993e-001,-1.71E-02,-6.52E-02,-3.93E-01,-1.67E-01,-1.38E-01
2.8163906e-001,-1.16E-02,-1.01E-01,-3.98E-01,-1.58E-01,-1.21E-01
2.7362878e-001,-2.56E-02,-1.16E-01,-4.10E-01,-2.28E-01,-1.73E-01
3.1746642e-001,-3.39E-02,-1.14E-01,-3.71E-01,-2.55E-01,-2.02E-01
3.6112563e-001,-2.09E-02,-6.80E-02,-3.21E-01,-2.34E-01,-1.49E-01
2.9106479e-001,-2.48E-02,-5.89E-02,-3.56E-01,-1.81E-01,-1.72E-01
3.0671114e-001,5.8264005e-003,-3.41E-02,-2.56E-02,7.1960868e-002,-2.86E-01
2.0348027e-001,-1.60E-02,-1.21E-01,-1.04E-01,1.1302438e-002,-3.44E-01
3.7896612e-001,-5.27E-04,-2.04E-01,-1.85E-01,-1.43E-01,-3.44E-01
1.9859182e-001,-3.84E-02,-1.60E-01,-1.76E-01,-2.26E-02,-3.10E-01
2.1020067e-001,-4.75E-02,-3.00E-02,-2.00E-01,-3.79E-02,-2.69E-01
3.5207399e-001,-2.80E-02,-7.26E-02,-1.96E-01,-1.40E-01,-2.59E-01
2.3563221e-001,-1.42E-02,-1.68E-01,-2.08E-01,5.3639069e-003,-2.64E-01
3.7468303e-001,4.7331095e-003,-1.08E-01,-2.01E-01,6.9398160e-002,-2.87E-01
2.4871175e-001,2.5091732e-002,-6.41E-02,-2.53E-01,-1.38E-01,-3.26E-01
2.2079634e-001,-2.34E-02,-1.31E-01,-2.01E-01,-2.40E-01,-2.70E-01
4.0384132e-001,-9.48E-02,-1.22E-01,-4.21E-02,-1.33E-01,-2.31E-01
3.1856885e-001,8.6626240e-003,-2.64E-02,-1.97E-01,-3.30E-01,-3.14E-01
2.9540167e-001,-2.71E-02,-2.31E-03,-1.05E-01,-1.64E-01,-2.87E-01
2.2972741e-001,-3.92E-02,-9.41E-02,-2.09E-01,-8.94E-02,-2.94E-01
4.0088297e-001,3.3110048e-003,-2.21E-01,-2.16E-01,-9.03E-02,-3.01E-01
2.7817458e-001,-1.20E-02,-1.38E-01,-2.26E-01,-2.40E-01,-3.20E-01
2.3053537e-001,-4.05E-02,-2.41E-02,-2.00E-01,-2.67E-01,-4.09E-01
2.6253657e-001,-1.39E-02,-9.25E-02,-1.85E-01,-1.02E-01,-4.06E-01
2.7355514e-001,-3.46E-02,-1.42E-01,-1.96E-01,3.3402881e-002,-2.30E-01
2.1327278e-001,2.5263374e-002,-1.34E-01,-2.14E-01,-1.11E-01,-1.83E-01
2.7278449e-001,-1.80E-03,-1.21E-01,-1.59E-01,-2.33E-01,-2.23E-01
3.9005075e-001,-4.36E-02,-5.58E-02,-5.42E-02,-1.16E-01,-1.46E-01
2.5777446e-001,-3.15E-02,-6.81E-02,-1.21E-01,-1.09E-01,-2.06E-01
1.9875492e-001,-6.30E-02,-6.91E-02,-3.97E-01,-2.92E-01,-6.69E-02
2.0890103e-001,1.6274580e-002,-2.47E-01,-3.85E-01,-2.54E-01,-1.56E-01
3.6259612e-001,-3.61E-02,-2.30E-01,-4.21E-01,-1.03E-01,-7.79E-02
2.3113220e-001,-9.75E-02,-3.86E-02,-5.07E-01,-1.56E-01,6.5134799e-002
2.2996820e-001,2.3068035e-002,4.0786820e-002,-4.77E-01,-2.09E-02,-1.55E-01
3.6764087e-001,5.5309965e-002,-2.00E-01,-4.11E-01,-2.94E-02,-2.32E-01
2.3165288e-001,-5.26E-02,-1.45E-01,-4.67E-01,-9.40E-02,-5.71E-02
2.6564691e-001,-5.58E-02,8.0264667e-002,-4.83E-01,-1.51E-01,2.2546060e-002
3.0797537e-001,1.7685863e-002,-1.07E-01,-4.18E-01,-1.55E-01,-6.29E-02
3.6324044e-001,4.1538984e-002,-2.94E-01,-3.99E-01,-1.09E-01,-2.27E-01
2.6128319e-001,-2.79E-02,-1.05E-01,-4.34E-01,-1.55E-01,-5.69E-02
2.2139878e-001,-7.71E-02,5.4708635e-002,-4.11E-01,-2.15E-01,-1.49E-01
2.5766821e-001,-1.16E-01,-4.30E-02,-3.53E-01,-2.09E-01,-8.40E-02
2.3725675e-001,3.8058978e-002,-2.94E-01,-3.74E-01,-2.78E-01,-1.64E-01
3.2889766e-001,3.4696766e-003,-2.63E-01,-4.14E-01,-2.04E-01,-2.59E-03
2.0087029e-001,-1.14E-01,-2.48E-02,-4.17E-01,-9.52E-02,6.8388287e-002
2.5298148e-001,-4.85E-02,2.2726516e-002,-4.00E-01,4.4912197e-002,-1.11E-01
3.1405120e-001,3.4960217e-002,-1.56E-01,-4.10E-01,-7.42E-02,-1.26E-01
2.8955244e-001,1.3566949e-002,-2.12E-01,-4.44E-01,-1.06E-01,-4.58E-02
2.6201720e-001,-2.24E-02,-4.80E-02,-4.87E-01,6.4735034e-002,6.1567604e-002
1.7263554e-001,-6.55E-02,5.0587166e-003,-4.46E-01,-8.55E-02,2.2239675e-002
3.8958780e-001,-5.38E-03,-4.92E-02,-3.48E-01,-2.47E-01,9.9804465e-002
3.0290722e-001,5.1673340e-002,-2.65E-01,-3.63E-01,-2.80E-01,6.6356190e-002
1.7771029e-001,-2.45E-02,-1.19E-01,-4.78E-01,-2.27E-01,1.5631590e-002
2.8345546e-001,-1.14E-02,-8.37E-02,-1.93E-01,1.3447316e-002,-2.47E-01
1.6684079e-001,-4.85E-02,-1.24E-01,-1.47E-01,-2.51E-02,-2.81E-01
2.8020647e-001,-3.77E-02,-1.92E-01,-1.47E-01,5.4673901e-002,-4.26E-01
2.8465954e-001,3.2621765e-003,-2.06E-01,-3.18E-01,2.4189750e-002,-3.73E-01
2.3161360e-001,3.6480837e-002,-5.99E-02,-3.13E-01,-1.90E-01,-2.44E-01
3.7273291e-001,-1.14E-02,4.4597926e-002,-2.41E-01,-2.47E-01,-3.51E-01
3.3498570e-001,-5.39E-02,-1.46E-01,-2.55E-01,-1.52E-01,-2.38E-01
3.1778570e-001,-3.26E-03,-1.58E-01,-4.95E-02,-4.02E-02,-2.10E-01
1.9882940e-001,6.8298972e-003,-8.99E-02,-4.23E-02,-1.01E-01,-2.19E-01
1.0878470e-001,-2.81E-02,-1.71E-01,-1.36E-01,-1.44E-01,-2.24E-01
3.3171299e-001,-2.32E-02,-4.46E-02,-6.36E-02,-1.69E-01,-2.26E-01
1.6442857e-001,-9.69E-02,1.4971685e-002,-4.24E-01,-2.66E-01,-1.62E-01
3.5751464e-001,5.2517685e-002,-2.42E-01,-4.26E-01,-3.15E-01,-1.13E-01
3.0345593e-001,-2.20E-02,-1.70E-01,-4.57E-01,-2.40E-01,-8.30E-02
1.2339232e-001,-7.41E-02,3.7348532e-002,-5.43E-01,-4.31E-01,-5.00E-02
3.5876806e-001,-7.52E-03,-1.64E-01,-5.06E-01,-1.28E-01,-7.11E-02
3.1875331e-001,4.7434330e-003,-1.84E-01,-4.75E-01,3.2382514e-002,-2.46E-01
1.8195155e-001,-9.76E-02,-2.81E-02,-4.10E-01,-1.84E-01,-1.15E-01
2.8678663e-001,-6.39E-02,-2.18E-02,-3.73E-01,-2.22E-01,4.6541548e-002
2.7135279e-001,2.7848549e-002,-2.04E-01,-3.92E-01,-1.05E-01,-6.59E-04
3.3088458e-001,1.1417127e-002,-3.03E-01,-4.06E-01,-9.97E-02,-8.73E-02
3.0096323e-001,8.0807055e-003,-1.03E-01,-4.27E-01,-1.38E-01,-6.62E-03
2.8296159e-001,-5.67E-02,-1.66E-01,-9.71E-01,-7.45E-01,-8.31E-01
2.7383444e-001,5.3191149e-002,-8.00E-02,-8.94E-01,-8.05E-01,-9.11E-01
2.7846486e-001,4.9576552e-002,-7.90E-02,-8.93E-01,-8.27E-01,-9.24E-01
2.7746157e-001,-1.46E-02,-1.13E-01,-9.77E-01,-9.50E-01,-9.73E-01
2.7826465e-001,-2.54E-02,-1.13E-01,-9.95E-01,-9.55E-01,-9.77E-01
2.7524220e-001,-1.38E-02,-1.02E-01,-9.95E-01,-9.13E-01,-9.66E-01
2.7235888e-001,-1.14E-03,-1.12E-01,-9.88E-01,-8.32E-01,-9.32E-01
2.7025361e-001,-1.33E-03,-1.05E-01,-9.80E-01,-8.12E-01,-9.17E-01
2.7946057e-001,-2.37E-02,-1.01E-01,-9.78E-01,-8.65E-01,-9.42E-01
2.8635010e-001,-3.65E-02,-1.15E-01,-9.87E-01,-9.38E-01,-9.80E-01
2.7853931e-001,-2.24E-02,-1.03E-01,-9.97E-01,-9.60E-01,-9.79E-01
2.7659337e-001,-1.53E-02,-1.03E-01,-9.93E-01,-9.56E-01,-9.77E-01
2.7614088e-001,-1.41E-02,-1.12E-01,-9.92E-01,-9.51E-01,-9.76E-01
2.7684264e-001,-1.13E-02,-1.14E-01,-9.92E-01,-9.66E-01,-9.81E-01
2.7911116e-001,-1.23E-02,-1.21E-01,-9.92E-01,-9.75E-01,-9.87E-01
2.7248192e-001,-1.63E-02,-1.16E-01,-9.79E-01,-8.46E-01,-9.44E-01
2.7000874e-001,-1.28E-02,-1.13E-01,-9.84E-01,-9.15E-01,-9.63E-01
2.7134758e-001,-4.75E-02,-1.33E-01,-9.42E-01,-8.17E-01,-9.45E-01
2.7823468e-001,-5.14E-02,-1.42E-01,-9.45E-01,-8.26E-01,-9.54E-01
2.7826330e-001,-1.76E-02,-1.18E-01,-9.94E-01,-9.48E-01,-9.59E-01
2.8308886e-001,-1.13E-02,-1.02E-01,-9.57E-01,-9.41E-01,-9.44E-01
2.8127853e-001,2.7026407e-002,-7.87E-02,-9.16E-01,-8.34E-01,-6.86E-01
2.7034900e-001,5.4640165e-002,-6.44E-03,-9.19E-01,-7.97E-01,-6.07E-01
2.7786314e-001,-4.03E-02,-1.49E-01,-9.59E-01,-6.70E-01,-5.84E-01
2.8090599e-001,-7.96E-02,-2.09E-01,-9.82E-01,-8.06E-01,-7.56E-01
2.7828144e-001,-2.28E-02,-9.29E-02,-9.95E-01,-9.26E-01,-9.52E-01
2.7918238e-001,6.0780606e-003,-7.95E-02,-9.93E-01,-8.37E-01,-9.53E-01
2.7452662e-001,-3.23E-02,-1.11E-01,-9.91E-01,-6.87E-01,-8.85E-01
2.7024621e-001,-6.77E-02,-1.47E-01,-9.90E-01,-7.74E-01,-9.27E-01
2.7442220e-001,-2.11E-02,-9.64E-02,-9.93E-01,-9.07E-01,-9.37E-01
2.7483450e-001,-1.41E-02,-8.04E-02,-9.79E-01,-8.72E-01,-9.03E-01
2.7767575e-001,1.1020520e-002,-6.23E-02,-9.59E-01,-8.16E-01,-8.49E-01
3.2533783e-001,-2.60E-02,-1.23E-01,-9.67E-01,-9.29E-01,-9.58E-01
2.9733336e-001,-2.51E-02,-1.11E-01,-9.89E-01,-9.72E-01,-9.72E-01
2.9196515e-001,-1.65E-02,-1.23E-01,-9.93E-01,-9.93E-01,-9.80E-01
2.8693248e-001,-1.69E-02,-1.15E-01,-9.95E-01,-9.96E-01,-9.89E-01
2.8563128e-001,-1.84E-02,-1.11E-01,-9.92E-01,-9.91E-01,-9.93E-01
2.8669062e-001,-1.88E-02,-1.12E-01,-9.93E-01,-9.88E-01,-9.92E-01
2.8729627e-001,-1.71E-02,-1.13E-01,-9.96E-01,-9.92E-01,-9.95E-01
2.8526709e-001,-1.77E-02,-1.13E-01,-9.96E-01,-9.96E-01,-9.97E-01
2.8010899e-001,-1.79E-02,-1.12E-01,-9.98E-01,-9.97E-01,-9.97E-01
2.8146818e-001,-1.77E-02,-1.12E-01,-9.97E-01,-9.94E-01,-9.97E-01
2.8251337e-001,-1.81E-02,-1.12E-01,-9.90E-01,-9.90E-01,-9.98E-01
2.8179048e-001,-1.79E-02,-1.10E-01,-9.83E-01,-9.85E-01,-9.95E-01
2.8785070e-001,-3.40E-02,-9.80E-02,-9.64E-01,-8.79E-01,-7.72E-01
2.7037266e-001,-8.31E-03,-8.80E-02,-9.92E-01,-9.72E-01,-9.41E-01
2.7542527e-001,-1.06E-02,-1.11E-01,-9.93E-01,-9.75E-01,-9.86E-01
2.7567729e-001,-1.82E-02,-1.11E-01,-9.95E-01,-9.79E-01,-9.93E-01
2.7880376e-001,-1.83E-02,-1.09E-01,-9.95E-01,-9.85E-01,-9.90E-01
2.7927691e-001,-1.34E-02,-1.06E-01,-9.95E-01,-9.89E-01,-9.92E-01
2.7847171e-001,-1.20E-02,-1.10E-01,-9.96E-01,-9.85E-01,-9.88E-01
2.7817613e-001,-1.63E-02,-1.06E-01,-9.95E-01,-9.81E-01,-9.83E-01
2.7469562e-001,-1.96E-02,-1.03E-01,-9.92E-01,-9.69E-01,-9.75E-01
2.7954073e-001,-1.88E-02,-1.19E-01,-9.90E-01,-9.66E-01,-9.71E-01
2.7915071e-001,-4.32E-03,-1.22E-01,-9.88E-01,-9.31E-01,-9.69E-01
2.7409616e-001,-1.15E-03,-1.01E-01,-9.88E-01,-9.33E-01,-9.67E-01
2.7713271e-001,-1.68E-02,-1.02E-01,-9.83E-01,-9.62E-01,-9.64E-01
2.7546211e-001,-2.77E-02,-1.03E-01,-9.82E-01,-9.33E-01,-9.57E-01
2.7308245e-001,-2.53E-02,-9.77E-02,-9.92E-01,-9.37E-01,-9.74E-01
2.7539636e-001,-1.49E-02,-1.02E-01,-9.95E-01,-9.83E-01,-9.79E-01
2.7860862e-001,-1.65E-02,-1.07E-01,-9.96E-01,-9.84E-01,-9.77E-01
2.7442179e-001,-1.71E-02,-1.05E-01,-9.96E-01,-9.91E-01,-9.83E-01
2.9763691e-001,-5.99E-02,-5.26E-02,-8.54E-01,-8.05E-01,-8.51E-01
2.4134177e-001,-9.05E-03,-1.19E-01,-8.99E-01,-9.18E-01,-9.39E-01
2.8684126e-001,-1.57E-02,-1.07E-01,-9.91E-01,-9.82E-01,-9.83E-01
2.8386088e-001,-1.97E-02,-1.04E-01,-9.93E-01,-9.93E-01,-9.86E-01
2.6996758e-001,-1.90E-02,-1.04E-01,-9.93E-01,-9.93E-01,-9.88E-01
2.6652470e-001,-1.91E-02,-1.01E-01,-9.96E-01,-9.96E-01,-9.90E-01
2.7896980e-001,-1.75E-02,-1.10E-01,-9.96E-01,-9.96E-01,-9.91E-01
2.8264810e-001,-1.60E-02,-1.11E-01,-9.97E-01,-9.98E-01,-9.95E-01
2.8200752e-001,-1.59E-02,-1.08E-01,-9.96E-01,-9.94E-01,-9.89E-01
2.7987382e-001,-1.61E-02,-1.10E-01,-9.94E-01,-9.90E-01,-9.86E-01
2.8224535e-001,-1.60E-02,-1.11E-01,-9.88E-01,-9.66E-01,-9.75E-01
2.8269686e-001,-1.94E-02,-1.07E-01,-9.84E-01,-9.60E-01,-9.73E-01
2.7667354e-001,-2.52E-02,-9.39E-02,-9.52E-01,-9.74E-01,-9.59E-01
2.6860474e-001,-2.15E-02,-9.67E-02,-9.53E-01,-9.74E-01,-9.57E-01
2.6571791e-001,-1.61E-02,-1.07E-01,-9.82E-01,-9.75E-01,-9.70E-01
2.7444322e-001,-1.61E-02,-1.10E-01,-9.76E-01,-9.54E-01,-9.61E-01
2.8591612e-001,-1.47E-02,-1.15E-01,-9.82E-01,-9.58E-01,-9.75E-01
3.4700337e-001,-2.75E-02,-8.43E-02,-9.13E-01,-5.78E-01,-6.88E-01
3.1215391e-001,-3.09E-02,-7.02E-02,-9.31E-01,-6.73E-01,-7.08E-01
2.3378301e-001,-3.82E-02,-5.68E-02,-9.84E-01,-9.40E-01,-9.36E-01
2.9694665e-001,-1.96E-02,-1.11E-01,-9.51E-01,-9.66E-01,-9.57E-01
3.2013346e-001,-1.35E-02,-1.21E-01,-9.57E-01,-9.63E-01,-9.65E-01
2.7882487e-001,-1.70E-02,-1.08E-01,-9.79E-01,-9.64E-01,-9.78E-01
2.7633599e-001,-2.26E-02,-9.95E-02,-9.66E-01,-9.48E-01,-9.70E-01
2.7665044e-001,-2.32E-02,-9.65E-02,-9.69E-01,-9.55E-01,-9.76E-01
2.7294003e-001,-1.93E-02,-1.03E-01,-9.94E-01,-9.87E-01,-9.87E-01
2.7939654e-001,-1.81E-02,-1.06E-01,-9.90E-01,-9.90E-01,-9.87E-01
2.8919017e-001,-2.16E-02,-9.89E-02,-9.88E-01,-9.91E-01,-9.87E-01
2.8886332e-001,-2.14E-02,-1.01E-01,-9.91E-01,-9.93E-01,-9.91E-01
2.8240928e-001,-1.81E-02,-1.09E-01,-9.93E-01,-9.94E-01,-9.99E-01
2.8277110e-001,-1.60E-02,-1.11E-01,-9.94E-01,-9.93E-01,-9.94E-01
2.7661103e-001,-1.72E-02,-1.06E-01,-9.95E-01,-9.92E-01,-9.87E-01
3.1642163e-001,-5.88E-02,-7.76E-03,-2.40E-01,-1.59E-01,3.5168876e-002
3.9049390e-001,-1.86E-02,-8.78E-02,-2.19E-01,-9.82E-02,-4.39E-02
3.1415658e-001,-3.10E-02,-7.54E-02,-2.65E-01,-9.76E-02,-9.75E-02
2.4254434e-001,-1.94E-02,-7.71E-02,-3.02E-01,-1.23E-01,-1.38E-01
2.1372366e-001,-1.35E-02,-1.14E-01,-3.63E-01,-1.50E-01,-1.61E-01
2.6929135e-001,-1.34E-02,-1.45E-01,-3.05E-01,-1.62E-01,-1.82E-01
2.6236172e-001,-7.95E-03,-1.52E-01,-2.94E-01,-1.51E-01,-1.86E-01
2.4474462e-001,6.5410393e-003,-1.19E-01,-3.47E-01,-1.42E-01,-1.52E-01
2.6358177e-001,6.9283175e-003,-9.53E-02,-3.69E-01,-1.43E-01,-1.51E-01
3.0141532e-001,-2.09E-02,-1.42E-01,-3.44E-01,-1.48E-01,-1.54E-01
3.3462123e-001,-2.70E-02,-1.51E-01,-3.09E-01,-1.77E-01,-1.12E-01
3.0930117e-001,-1.66E-02,-1.34E-01,-3.12E-01,-1.65E-01,-7.56E-02
3.1827611e-001,-2.93E-02,-1.30E-01,-3.06E-01,-3.80E-02,-1.09E-01
3.4532071e-001,-2.74E-02,-1.12E-01,-3.22E-01,-6.55E-02,-1.11E-01
2.8053646e-001,-2.17E-04,-1.03E-01,-3.68E-01,-1.29E-01,-1.08E-01
2.3751176e-001,4.8407904e-003,-6.20E-02,-3.61E-01,-7.38E-02,-1.18E-01
2.8194975e-001,-3.40E-02,-6.28E-02,-4.16E-01,-3.14E-01,-9.45E-02
2.1545983e-001,-4.82E-03,-9.56E-02,-3.50E-01,-2.45E-01,-7.90E-02
1.8669801e-001,-1.98E-02,-7.56E-02,-2.63E-01,-1.64E-01,-4.63E-02
2.8657441e-001,-1.15E-02,-5.51E-02,-1.90E-01,-1.75E-01,-2.09E-02
3.9762819e-001,-1.35E-02,-4.77E-02,-1.60E-01,-1.49E-01,1.7948627e-002
3.2322412e-001,-2.94E-02,-8.36E-02,-1.67E-01,-5.89E-02,-6.01E-02
2.2169596e-001,-2.67E-02,-1.11E-01,-2.34E-01,-5.68E-02,-1.10E-01
2.2013030e-001,-2.71E-02,-1.31E-01,-2.53E-01,-8.44E-02,3.6389549e-002
2.3041900e-001,2.0749538e-002,-1.25E-01,-2.83E-01,-1.16E-01,5.4559247e-002
2.7699256e-001,3.1807170e-002,-1.23E-01,-2.83E-01,-1.33E-01,-9.97E-02
3.4443115e-001,-1.79E-02,-1.68E-01,-2.62E-01,-1.44E-01,-7.21E-02
3.6874089e-001,-3.70E-02,-1.71E-01,-2.89E-01,-1.12E-01,-1.26E-02
2.8392072e-001,-2.66E-02,-1.20E-01,-2.76E-01,-8.24E-02,-6.78E-02
2.0879477e-001,-1.20E-02,-7.03E-02,-2.56E-01,-1.43E-01,-1.37E-01
2.0786336e-001,-1.98E-02,-5.19E-02,-2.78E-01,-1.36E-01,-8.20E-02
2.7037797e-001,-2.65E-02,-6.14E-02,-3.66E-01,-9.64E-02,1.2037892e-002
2.0986286e-001,3.5217083e-002,-7.36E-02,-1.23E-01,-1.86E-01,-2.30E-01
3.0997611e-001,-3.64E-02,-1.37E-01,-1.86E-02,-2.60E-02,-2.90E-01
3.6327572e-001,-7.80E-02,-1.28E-01,-4.43E-02,-7.75E-03,-2.39E-01
3.7599122e-001,-6.68E-02,-4.72E-02,-5.64E-02,5.5327110e-004,-1.54E-01
3.0475781e-001,6.8324398e-003,-4.38E-02,-4.11E-02,-5.62E-02,-1.67E-01
2.5109929e-001,-2.88E-02,-2.04E-01,-4.90E-02,2.6748387e-002,-8.43E-02
1.3288482e-001,-3.25E-02,-9.86E-02,-4.37E-02,2.6831609e-002,-7.49E-02
1.4829727e-001,-2.11E-02,3.5574353e-002,-5.27E-02,3.4100285e-002,-2.56E-01
2.8469705e-001,-1.56E-02,-1.11E-01,-4.80E-02,1.1633092e-001,-2.45E-01
2.7461401e-001,2.1738857e-002,-6.61E-02,1.4578367e-001,2.8453248e-001,-1.03E-01
3.1668108e-001,-2.06E-02,-1.33E-01,2.4568797e-001,2.6109020e-001,-1.35E-01
3.1172453e-001,-8.12E-02,-1.38E-01,2.1269829e-001,-4.87E-03,-1.10E-01
3.7268642e-001,-5.67E-02,-6.21E-02,7.9138367e-002,1.0702150e-001,-1.48E-01
3.8083147e-001,2.8296348e-002,-5.17E-02,6.1822944e-002,3.9711953e-002,-1.70E-01
2.7439955e-001,-3.78E-02,-1.94E-01,1.4036342e-001,3.5642319e-002,5.0176866e-002
2.0754233e-001,-4.87E-02,-5.35E-02,1.5858362e-001,2.5742833e-002,1.3081351e-001
2.8055482e-001,5.9253447e-002,5.7710147e-002,8.3498258e-002,-1.44E-01,-4.00E-02
3.3268481e-001,2.8980050e-002,-1.26E-01,7.2721096e-002,2.3445884e-003,-1.06E-01
2.4894257e-001,-3.14E-03,-2.30E-02,3.7784419e-001,1.6438808e-001,-1.23E-01
2.5367095e-001,-2.69E-02,-1.05E-01,3.3692022e-001,1.2108638e-001,-4.79E-02
3.9691504e-001,-2.22E-02,-2.34E-01,1.9848318e-001,3.9413991e-002,-1.04E-01
4.2854982e-001,-3.42E-02,-1.41E-01,1.5097764e-001,9.7957795e-002,-1.96E-01
2.8192479e-001,6.1044261e-003,-7.43E-02,6.3815588e-002,5.8317371e-002,-2.56E-01
-2.53E-02,-4.60E-03,-1.11E-01,-5.06E-02,6.5666148e-002,-1.83E-01
1.1234856e-001,1.2569336e-002,-1.12E-01,5.7618964e-002,1.8897240e-001,-2.42E-01
4.9089192e-001,1.5340722e-002,-3.44E-02,1.3747810e-001,1.1749594e-001,-1.92E-01
4.4452109e-001,-3.10E-02,-4.11E-02,7.3705331e-002,1.0859542e-001,-6.07E-02
3.2421585e-001,-4.42E-02,-1.85E-01,1.2989904e-001,2.9977405e-001,-1.44E-01
8.7901707e-002,-1.19E-01,-5.28E-02,-2.18E-01,-1.49E-01,7.9020223e-002
2.1646772e-001,-6.82E-02,-1.20E-01,-1.78E-01,-1.43E-01,9.4923997e-002
3.0349015e-001,-6.99E-02,-9.12E-02,-1.91E-01,-1.34E-01,1.3440141e-001
3.5597537e-001,-4.63E-02,-8.74E-02,-2.27E-01,7.0517148e-002,1.3483301e-001
3.4156239e-001,-6.31E-03,-1.25E-01,-2.27E-01,1.6988544e-002,1.3908084e-001
1.9486662e-001,5.2403209e-003,-1.49E-01,-2.48E-01,-1.10E-01,8.5123048e-002
1.9357200e-001,1.2456183e-002,-1.74E-01,-2.86E-01,-3.66E-02,-1.67E-02
3.5465956e-001,-1.06E-02,-1.97E-01,-2.84E-01,-4.66E-02,6.2198722e-002
3.8967378e-001,-1.51E-02,-1.67E-01,-2.98E-01,-1.20E-01,1.3044078e-001
3.0612705e-001,-2.58E-02,-1.04E-01,-2.87E-01,-1.17E-01,9.8379350e-002
1.8889779e-001,-9.43E-02,-6.24E-02,-3.46E-01,-2.35E-01,1.9772008e-001
2.1578917e-001,-2.29E-02,-2.37E-01,-3.86E-01,-1.90E-01,1.7583519e-002
4.0777950e-001,-5.37E-02,-1.61E-01,-3.21E-01,-8.98E-02,1.7312834e-001
2.6027873e-001,8.1264979e-004,-1.03E-01,-3.31E-01,1.8713260e-002,2.0868926e-001
1.2806415e-001,-2.77E-02,-8.83E-02,-2.80E-01,-9.82E-03,1.1818979e-001
2.7841439e-001,-7.05E-02,-5.00E-02,-2.29E-01,-1.52E-01,2.2515634e-001
3.4475719e-001,-4.60E-02,-1.19E-02,-2.72E-01,-3.27E-02,2.2109993e-001
3.2664675e-001,1.2035511e-002,-9.14E-02,-2.85E-01,-1.41E-01,1.7575712e-001
2.2328281e-001,1.3910528e-002,-2.14E-01,-3.14E-01,-2.87E-01,7.9173677e-002
3.6376842e-001,-1.13E-02,-2.76E-01,-3.52E-01,-2.36E-01,6.8056866e-002
2.7613663e-001,-1.08E-01,-5.67E-02,-2.31E-01,-1.41E-01,1.1791929e-001
2.9423016e-001,-4.00E-02,-1.43E-01,-2.30E-01,-1.34E-01,9.5869721e-002
2.2120587e-001,-3.64E-02,-1.68E-01,-1.77E-01,-5.01E-02,7.5128348e-002
2.0786071e-001,6.3422856e-002,-2.21E-01,-2.45E-01,-3.22E-02,1.1836097e-001
2.3796648e-001,-1.09E-03,-1.48E-01,-2.19E-01,-1.29E-02,1.7001874e-001
2.9966534e-001,-5.72E-02,-1.81E-01,-1.95E-01,3.9904850e-002,7.7078081e-002
2.7385271e-001,-7.75E-03,-1.47E-01,-2.35E-01,4.8162805e-003,5.9279994e-002
2.7338737e-001,-1.70E-02,-4.50E-02,-2.18E-01,-1.04E-01,2.7453270e-001
2.8965416e-001,-1.88E-02,-1.58E-01,-2.19E-01,-1.11E-01,2.6889320e-001
3.5150347e-001,-1.24E-02,-2.04E-01,-2.69E-01,-8.72E-02,1.7740393e-001
