0,1,2
2.6994604546366214,1.416070433767581,0.9785053669194756
3.0436276803265834,1.3133429035881898,0.30742325058626063
2.722885317987507,1.386624070951222,0.9657556954143682
3.2669200266686285,1.3264828664558652,0.4933047397793997
3.1382498136129566,1.4301089962405815,0.5887743901590246
3.069212615961304,0.6736501935827098,1.1610852953454507
2.6848356208659045,1.4144078218419422,1.004489832117121
3.2665421332282447,1.324846003736216,0.49268863638950244
3.287196572744896,1.4934180683283897,0.02687491849626178
3.266305860421039,1.3219623310839463,0.48602182729438503
3.14705389630889,1.4313928802614557,0.5209066365630022
2.779951519019808,1.3956887451338833,0.6618532584623389
2.7010094601143337,1.3861552208254935,0.9379878593053195
3.160821138467581,1.308531616765304,0.3204333049732686
3.294137414282092,1.3839640349213438,0.35716672243479075
2.7219488098273636,1.385215255597583,0.9521195240574791
3.261799510946783,1.3276163083565589,0.5728574471468932
3.2216595981836376,1.4817417570863682,0.5900675128837201
2.800294822296901,1.4127725088430239,0.7028697761456884
2.702214189170649,1.4103367054819729,0.9476328441783024
3.1634876118033874,1.3163650974319407,0.38946334910312697
3.1609622822636108,1.4663496923688921,0.5522223794277448
2.701315827982405,1.417941542736164,0.9529058285047793
3.2953016121807632,1.3163759454770567,0.4107464683006923
3.1607560501967766,1.4521649793100428,0.51618278981028
2.7824956836269603,1.3844653099731339,0.6738807601157564
2.7031938510927542,1.3875541418083122,0.9539031333874537
3.1555797445285276,1.3464624621645482,0.39872269193744714
3.13429278053406,1.455973239192201,0.6208251774782936
2.7043694930829956,1.4405557828965962,0.9006735647977719
3.280298646551088,1.2955720175488432,0.4239103622706659
3.1796299797999987,1.4776230762208902,0.2151581097142241
2.805206960184742,1.4278768023417079,0.5438624110480423
2.700405069028294,1.4109884226539429,1.0168973729727817
3.2601255741360986,1.2978698957648478,0.41214991921913824
2.6983074624109453,1.412557336080008,0.9265164093642173
3.148921429001967,1.3812552422930873,0.47623754637127
3.1305963389569555,1.4675589513761105,0.23184419103654097
2.9577578929055037,1.6351673280922634,0.7564932122147332
2.709420152162549,1.4478599743290006,0.940114374145097
3.2429909080329393,1.3241346819207513,0.5110479690457221
3.1004859803620293,1.4479592756650626,0.18909535381831266
2.6822981319788353,1.3927747933227184,0.9389481497048389
3.026569785004373,1.3059668289557307,0.2964607050850503
3.152467190040067,1.3890071838074236,0.23719774593887033
2.8335649422580147,1.4560781433647516,0.6088993017407833
2.7177221253408494,1.4084349597266337,0.937593813012028
3.025195063504529,1.3016187894220852,0.29041789699499554
3.116198241250469,1.4414432960382308,0.2587923291971821
2.699871249840269,1.4132014238576112,0.9832904276403132
3.0303160560635223,1.2796220533682572,0.3762398504903923
3.018113555008452,1.3650706742357068,0.2626232089943834
2.8240866118337493,1.4469732956523749,0.6197313130743471
2.7019745785034024,1.414175721360174,0.9454638908328794
3.0198873892018,1.310259436170926,0.487482170844346
3.110090195793564,1.4417384582328163,0.34778685901280837
2.7408432434279817,1.4093726599780907,0.9348562909793094
3.0050291436467704,1.3225335819871988,0.463695656650827
3.136991440377407,1.4432096200435505,0.24402183678507283
3.0763258341277724,1.6162256876453962,0.8324118841177435
2.701709695467272,1.4153884374367154,0.9381672692800296
3.0008878130098826,1.3083028541435717,0.4407173814131444
3.0708858375162658,1.460699529793463,0.41983760683314153
2.701064773223589,1.385992023311605,0.9502124735123472
3.0085062401354503,1.2737067693385646,0.30701108448156966
3.1301485888742797,1.4102723324669986,0.27292396414702047
2.7721344892217856,1.5229662358758378,0.6436644248867365
2.7197062447167952,1.413356634349271,0.926375325174803
3.0011381525129757,1.3077101455686613,0.3605125694515259
2.70092315259041,1.414265128325416,0.9805377660283336
3.0025197881514765,1.303748463334148,0.32518200686202214
3.0711330775778922,1.4859337516633448,0.26787884836981757
3.0788213613457525,0.691240775575485,1.1630399700001486
2.7000092941948317,1.416081758649845,0.9401164603075933
3.0285140884783988,1.2719603532841726,0.3533083946995983
3.0505124934988004,1.4291450699459864,0.23425266563889835
2.7006065327236404,1.4172419034308241,0.9427174281037465
3.0104929821157147,1.233156419067019,0.22608098832567713
3.0783392789883663,1.4703513097145469,0.3388933098711113
3.0831214787531733,0.6921731710136713,1.1367158179434096
3.0103852169200973,1.2776107542781752,0.3007160295433513
3.12483161624715,1.586599795642831,0.4178672859597188
2.699617572477134,1.4266760071938653,0.952778393778557
3.002368153938175,1.3051337944582497,0.3579557686956585
3.0652961140400508,1.4893736548487062,0.3347679831386716
3.0536329158002165,0.6448085198746035,1.1445688488364314
2.6992167908536104,1.4134785854498613,0.9572614973791682
3.0003063101069816,1.2982872474785971,0.3221337956289132
3.0834621788959553,1.4696632337100446,0.22072026596505578
2.6994389969649277,1.4138587438660695,0.9419382762135777
3.0508577235944956,1.3080888734734262,0.358187869174569
3.08377093094977,1.4716386508047432,0.23179078527662722
3.0700907115707254,0.6715074066490783,1.1411949876375989
2.6508035151410896,1.3453911283023758,0.8572457412915342
3.026270092856384,1.30378124588807,0.33677120577489816
3.028601111258045,1.4141214811345941,0.2985511889182788
2.700782485631529,1.4137440645319863,0.9478252479651341
3.0047974007924783,1.3118237004347988,0.3743683243123457
3.085318267497461,1.5063014928104645,0.18646024746301815
3.067186296497693,0.7040667411812308,1.1610926863211528
2.6804410897030304,1.4186373673443202,0.9462609837205194
3.0021461862454317,1.306884502046974,0.3884080191007253
3.0957173704559615,1.4865210958203408,0.2197768287782771
2.7031003910115996,1.3903151481042695,0.9630439821919652
3.0030018705088626,1.304057692224598,0.34633757212407934
3.1236702793713715,1.298408483323465,0.3588450997679711
2.9584073451021005,1.5572782449499498,0.847354410430021
2.721062607986413,1.417077513824066,0.915309186804474
3.035603464787429,1.3085528360183882,0.37556834458504906
3.0718442801852515,1.44694814249282,0.2530993705578122
2.69963259284732,1.4151134216116315,0.9634358827181173
3.017129601552008,1.2433488131045987,0.2705474674355044
3.0666489010310527,1.4499777273123644,0.34271924248296326
3.023794592798652,1.53264459946792,0.8501237017373309
2.720359034773433,1.4120967113950817,0.9318449452177482
3.0002581495549587,1.304488872215638,0.34987886276442715
3.0672456627227125,1.4876187749349377,0.3377465463467144
2.701998897197989,1.4153669797650574,0.9240227299250339
3.014867724536915,1.2406017542952188,0.2542178814815399
3.0575549013486794,1.5026260320740126,0.3049752283034317
3.0336372268045615,1.5624985388364954,0.9124683103212088
2.7193588688539316,1.4421212392533387,0.9328462436114868
3.0298671138879745,1.2719864601180229,0.31430895773191736
3.01845353989551,1.4317650516554359,0.27455596906813273
2.69850010461904,1.4120342457286994,0.9268394069233385
3.0030831712427237,1.3021123158702206,0.3150704070431867
3.06111377540837,1.5018392507798835,0.28139685352243315
2.982651891511687,1.558324068024706,0.8747115705504476
2.7034170108783693,1.389680597069626,0.9466769049177044
3.0005106348252215,1.305931066169634,0.358966126995097
3.072726190491863,1.4554481222830133,0.2631638827088667
2.7032484489462862,1.389127465977996,0.9449165413984066
3.026119173898805,1.3150063499788374,0.31941391657045193
3.0719549064037612,1.4859336324540577,0.2823385770757325
2.9658824826644694,1.5584345750337454,0.8592132905490681
2.7192348911952564,1.4114545309660707,0.9398248743952073
3.0309659850972674,1.2712014669631988,0.3163032396717298
3.059422195623182,1.4603970958323715,0.254882950085465
2.682137676278281,1.3887660234198445,0.9297673657896772
3.0049390214256566,1.309231494489218,0.3516403885742585
3.0741390589636075,1.4346415717504861,0.3045384454812803
2.7694367830527358,1.4994998877320067,0.6137664380547023
2.7034811454748757,1.3584784006652022,0.9374476624279784
3.0161783114402527,1.2476621627357303,0.3026784229992867
3.017942370472051,1.4001587357681184,0.2690719545039606
2.7215690090383844,1.4195966444767227,0.9469965050121878
3.031258286269451,1.2718353027421205,0.2968117764309117
3.0086118595638984,1.4105738127537943,0.25277327355726764
2.7619838184177836,1.506586164587795,0.6123880806908586
2.7023004966945723,1.4175554238556058,0.925056214825863
3.0040971654395396,1.3075881944680712,0.4001072779864592
3.070641696896106,1.5152064265485605,0.30687357657072045
2.7219957782865154,1.4163826428902058,0.9410220932497011
3.0075427906764025,1.2767750971763805,0.4078728688685509
3.00816124845833,1.3783344955525643,0.2557301704776671
3.029610098664799,0.655618716042005,1.233239218802403
2.701740928300515,1.419625731542748,0.9684019031343767
3.0029265302393604,1.3052816139741166,0.3398421263768989
2.680066534122688,1.3678803179207564,0.791698098414976
2.9974381346572554,1.3180482133549418,0.36634488374567087
3.0531334288869014,1.4519147590166523,0.2235082731301925
3.061788738392425,0.6661082988320487,1.1740017406410033
2.6853117427589313,1.3657695982853248,0.9302926615063285
2.998965682463274,1.2993192422760629,0.3015549648902096
3.1437749256555154,1.5815648721975537,0.34371464001706875
2.6870970210438485,1.3821761340350796,1.0476773297037472
3.0113870517696193,1.239283418790405,0.272420960566762
3.0095285789823687,1.3874941795369562,0.27123274201332515
2.9408270746834355,1.5535607033351904,0.9116347989968414
2.7216140701489415,1.3831402987482484,0.9895709092433769
3.006534756943946,1.2701102251500993,0.2929941884690459
2.680157371599525,1.4200161419576378,0.9687470140159617
3.01940506842584,1.333209131264946,0.3766977929607236
3.010023059105622,1.5791492152060038,0.2952374390016703
3.173700509855301,1.3352397422595206,0.9085000716247651
2.520157288941001,1.155066229857554,0.9052157962040022
3.024726332587308,1.3335699777766625,0.411999417496167
3.149188696223841,1.4552230551491776,0.1782154501542903
2.662545868347616,1.3613240455549223,0.9493853398847554
3.037606180812177,1.3740234108978857,0.42568649121797386
3.1306237570930087,1.5520412617632255,0.21965875198096785
2.98342436769266,1.596646873559571,0.8289916505068429
2.706601329357717,1.436880322160144,0.9399512958425034
2.9721238041044495,1.1742905155238736,0.31992386409159224
2.683197685259951,1.3289521676265603,0.9800231395427368
3.0053777116025056,1.2689180130709201,0.36927877327396486
3.069661796555425,1.2235946421576125,0.4159907827940017
3.0118522064082245,1.6899234914664556,0.7075551779038296
2.699219651876503,1.3564467167870446,0.9684341492461104
3.012432994055401,1.2348354818742628,0.26455913798893294
3.4476157952571707,1.3088634954202822,0.355089202611363
2.7022511440496766,1.3303568106551542,0.9955288105198183
3.004199923845095,1.3076433883679472,0.31868903470751664
3.3913549721691076,1.4816078850570793,0.3740442836719766
2.7223481609394407,1.3591242765821099,0.9730386675040257
3.0424398789890486,1.2971205461868336,0.3766621791866742
3.4144632156532237,1.4906955666321298,0.3117245600264513
2.7374405335345067,1.3389273623432456,1.0454457318787829
3.0840486885889162,1.363069388725732,0.3863176246744613
3.469145946197502,1.454644174851558,0.5126645661666807
3.1854202132972627,1.3695585462629907,0.6406934910729669
2.8424922873569005,1.4122525179331766,0.998024158889
3.110116421836745,1.3194221003874929,0.3445137892648842
3.425943546846513,1.4610144807296888,0.5102865793390954
2.868718568956688,1.4223168811965299,1.0036750366505807
3.141786991582379,1.293978308591084,0.3471133861542539
3.1666452274024053,1.433203550121535,0.343741849536489
2.941556873939596,1.40781900534076,1.0247425360529587
3.410293274787411,1.2681251521031545,0.4908609196238851
3.2275802466410846,1.4594798995782763,0.40229223517846346
3.01292342106289,1.4621087027749629,1.143791008248403
3.5282658848294655,1.3448178508412447,0.5102205373949165
3.14945787079431,1.438609214449349,0.34938223688094405
2.9712364101706275,1.3806490630687474,0.8356455551968025
2.9970163721991865,1.43608185835589,1.1494837284692014
3.5595270898828977,1.3256754619550868,0.464223247146224
3.0052756684526742,1.4136296236164765,1.091367413638133
3.5131539619113012,1.3298444491396748,0.47037894642966793
3.23524325804006,1.4726476382098204,0.4279345697266619
2.933572235883789,1.4093547785850424,0.8393179760512239
3.0100721733319435,1.3564076161409122,1.0896437665787757
3.1836993080274256,1.446261854627623,0.44438884859328165
3.5064174450923447,1.3285947781841665,0.5397046295876196
3.2184159134792703,1.4396444278975633,0.4280671602544832
2.9070782102249777,1.402171465369645,0.8615227916421213
3.5086867130832426,1.3304332238081147,0.5174843763942476
3.300150092309247,1.4727953385164,0.4009480908795646
3.5209817205451706,1.3020502078316993,0.4703339449243833
3.3037256556691434,1.316184852990013,0.36908622047552586
2.972911539074184,1.4222857675726257,0.7844678168295192
2.9740845584601066,1.300016855023524,1.0576893599668513
3.5586098936272785,1.3172421201563207,0.4547720071645356
3.2191964958917723,1.3278773766950653,0.3895656306701043
2.9538900283734235,1.3124500260286402,1.0682571439190562
2.886880342278253,1.3517498708796687,0.7722232946718095
2.9242624673916064,1.290924285867707,1.0896121761181123
2.925083104124604,1.310072039171779,1.036921075871132
3.5299729618219877,1.380985233258057,0.7249879861906539
2.8102082666193997,1.2899622669217037,0.6537329007465349
2.9536306289645045,1.3034342276536444,1.1086177125088232
3.549925020218532,1.3614164327523388,0.6588637280000278
3.2984480221067862,1.3314820271150458,0.4088253212575472
2.949135008326096,1.3236838323973579,1.0598080665984262
3.5212291990253712,1.2563436982700085,0.40838311441290465
3.5073868550157523,1.2267179254767304,0.2165515023492044
2.782071060145999,1.2350579264037844,0.8253978481762225
2.97756070127449,1.3026467311037935,1.0649530201522537
3.556846549851204,1.3484583832566088,0.42226986368796027
3.5571984556669807,1.3249258739584988,-0.021351123455703114
3.019113244090805,1.3630301688703124,1.0680215863708655
3.5230001721958266,1.3353764753116972,0.45095319730749317
3.2879535517185356,1.4488402322959133,0.3901842970596403
3.1813861710188425,1.5437860186392212,0.6800044815083588
2.9147130882321775,1.204086161551111,1.054744175358754
3.5192975317357877,1.330485318266529,0.45212058403828537
3.4333993725043577,1.4023608889266705,0.5262986513610728
2.9462468057161204,1.1792652382792213,1.0542794975637908
3.5154489791082315,1.3227371914493764,0.43123374630811506
3.3285078359639444,1.2632952686314987,0.4999674957588094
3.041671694342414,1.548437445808254,0.8161734932672031
2.9690110111974137,1.177946068309398,0.9896492297439641
3.59647910788808,1.4318769891759187,0.4759740342456249
3.418752842643373,1.3965925899478357,0.4944422347818467
2.9693145180425935,1.1822803987750399,1.0135832356259953
3.617506195636479,1.441599579413474,0.38320065948592763
3.3564347572547475,1.2820112458980957,0.35877566035915476
3.061507642893238,1.4904980368435887,0.7655649196336423
2.9865581414342413,1.17685160784555,1.0503373657008765
3.6254679455091465,1.3985293832335497,0.4678335599628889
3.4436516096210434,1.385733696786699,0.5385506240991276
3.0081371681823184,1.2491895913299234,1.1097982420633437
3.432252102324467,1.4381245094884505,0.5311586947225035
2.9104461110065944,1.4726792286708725,0.8874555200098497
2.963195982168416,1.1747547164874093,1.051127008008172
3.5497676639594458,1.2948176611807753,0.374010696455781
3.47048824277123,1.422693224915555,0.43168554950024207
2.9448203473856367,1.2421716213955798,1.0334388534317605
3.5209495340376296,1.3086086259646992,0.48390616049959023
3.446260862499,1.4433209615175984,0.5347560733316894
3.4356905750040987,1.3768263788628634,0.6548742104461187
2.9269306096574335,1.2814481012263585,1.0400366105482397
3.517604521439153,1.3306861859151053,0.43960861584850797
3.2191557263155555,1.3159665807855356,0.35000066485190895
2.923462096237431,1.3386459092166638,1.0683080462839745
3.5047067918212065,1.4016209568823286,0.7738862642048359
3.3305126977558612,1.3500812984896804,0.48202623006691403
3.126914202494313,1.2953548182279488,0.9895880157758488
2.8874251287206993,1.3200117095209414,1.0327095310229388
3.387157851585816,1.2962593782976233,0.4096452725256863
3.3543171234771516,1.1457540771951031,0.3536167891212427
2.987624587717419,1.2477326154243407,1.0332446615056459
3.364715034342779,1.3047958361296355,0.40707133543502505
3.3858794511900188,1.1687358395873229,0.3757556223726035
3.0264086140480964,1.3347367982777127,0.9659529867819063
2.9394781023896237,1.2807885162414472,1.0432255781452282
3.3641774004575646,1.2649292703282602,0.35060669505717934
2.9571332362406424,1.1671448724431646,0.9764935910170132
3.2397419781199366,1.3791732520958206,0.3008422125720758
2.8896538655539543,1.3684668276127434,0.7611523879300601
2.977089347752951,1.1941876184059599,0.9726952851570805
3.3662442510788186,1.30224022743516,0.4046509399041156
3.360598260819052,1.4763917634955783,0.5200132225726601
2.9795026205627715,1.286360477524611,1.0413395680389907
3.3699757401863564,1.3074435936029534,0.4039047791837145
3.3351103615441025,1.5753653932276785,0.3614054768024042
3.110362946642649,1.5738680053738068,0.8369883881935609
2.9719232940834006,1.2221446995999623,0.9921240741160358
3.404577189466778,1.2811686746576558,0.3620246200290822
3.262207206708964,1.3209187729856426,0.3023414183491171
2.9656569386931113,1.245428895953274,1.024670176016647
3.364870721671846,1.300302838103011,0.4063798917766783
3.363172943003724,1.4269646128776663,0.49581859539015793
3.000615300579372,1.20328877063044,0.9888526732981089
3.0583445436670087,1.3313868981040284,1.1058751836861132
3.3652581518552047,1.275750135726847,0.4242071933916147
3.5099643982233166,1.554074614571401,0.3005184699549206
3.0171644106638666,1.328843806384687,1.0771259571340082
3.1626157150769,1.2018437156535564,0.3718487466558824
3.5958389540158833,1.5757279086694127,0.13012523228201633
3.0438951859670316,1.440336437808536,0.8125818963083651
3.445619516533932,1.289551352509452,1.0082213211725184
3.51957505095636,1.274080848081137,0.4815416145189475
3.607336689765102,1.25084516990763,0.41959808557620715
3.74104301836729,1.5257757603516002,0.6095581118572184
3.211380896605197,1.3029623972957411,0.5933445165380666
3.154606519907931,1.4853720375030515,1.09455030156156
3.651385236636546,1.3046424137772803,0.3943480985889818
3.4782332701597922,1.5470674926821735,0.5690442401262708
3.1710812433972206,1.4807522007950706,1.1101265444356705
3.6395386945130164,1.3075828300501569,0.4556501623663305
3.6009861726180583,1.5406680997380178,0.12946660097950957
3.0895709396085826,1.3529697395134295,0.7836970691939791
3.1883239131145715,1.487249464563845,1.1430663350017167
3.7161943192902376,1.4292528351414249,0.3888460834226959
3.53756325555578,1.5141488017543923,0.4679093770684808
2.960196199665633,1.5035768453470386,1.0412542141905572
3.5957533617476827,1.312929247362337,0.4925309523070789
3.544877222161872,1.4611355973652698,0.1820432752135499
2.9664434815699736,1.484402865999829,0.7510237709857162
2.9247180852872363,1.4999868576693578,0.9850084718632506
3.623708416430262,1.280357574668981,0.46121157355912756
3.8623282160817056,1.504424184958958,0.6372347528628428
3.2275101515802183,1.4313363750594226,1.0441763914065487
3.6473857650514105,1.249849891570557,0.45604811276372326
3.723586725607299,0.6671062593780792,1.0519843611896431
3.0759395960372853,1.401095124717419,0.7485136406651303
3.2477335303144006,1.463725776752972,0.7450271862961224
3.66984837103612,1.2440629959429512,0.23533007916144255
3.6067442196077817,1.5430515702220804,0.29031108547516826
3.527629068817311,1.4157663308764712,0.3282319168274499
3.186663566162627,1.2594986912594655,0.9492081352818276
3.354803020531727,1.4097330296526591,1.0041052629620282
3.6573869474092797,1.2829330913143837,0.26525913491351605
3.569175651169267,1.4687179040642202,0.7036124499944878
3.466833286026067,1.4147234880338897,0.9195179302344574
3.7222646946123916,1.347227904996306,0.38855804398655436
3.111955344300897,1.423468323699559,0.5423063722441288
3.474550418441426,1.4930991834856937,0.8045169709103288
3.906410379972136,1.397853943413469,0.295604842019648
3.455146961184518,1.5515306883870508,0.5908916066745311
3.678977656667501,1.1751200929520313,0.2946917882995166
3.8854450426344997,1.3273417693686227,0.31602804503610304
3.2807232700320497,1.4037838901854613,0.41292567364467003
3.4637402818607046,1.4449231343347337,0.5608351907020386
3.7219714397659103,1.4749319265671081,0.16160339779828248
3.8641988482162493,1.42339346026733,0.32165350141754656
3.520708254440363,1.4110436165538187,0.7206386354083978
3.808942721000601,1.4684635114457854,0.19904885232222536
3.919143839192339,1.4101023400237518,0.3520830126514003
3.3101991968005646,1.4044255937773245,0.5209949110389309
3.4522837925248524,1.5087737742133343,0.6369444186479551
3.799760983282858,1.3638090823515,0.2015196882820709
3.882718249399376,1.3878242700526295,0.3568984419377246
3.4078714189089134,1.5365675386841617,0.5940200159544748
3.7324542276440162,1.4067707980802637,0.32093252365871194
3.904482288961168,1.3661813471625857,0.3739266837118096
3.5034555711428883,1.4766254136980772,0.6679722114835203
3.4053623018321937,1.4343853909927462,0.5237507913016193
3.7555331456434846,1.4295141418985051,0.549438902215458
3.851058646908164,1.3232540829177617,0.42351488546594807
3.4507352638842894,1.4883511967941994,0.681551639220501
3.7966584423745204,1.4265342673516352,0.3924007553053437
3.8531054703691696,1.2662938590364259,0.35304795221305496
3.1455051292497522,1.4710167359545205,0.48924417349131955
3.4310449890824084,1.3838777273975638,0.6518231083878356
3.763770268969555,1.4321492631874022,0.28701143205657287
3.8517560212382103,1.3201088650898378,0.37443067076867353
3.369877988570863,1.3446967342056635,0.6764479916841071
3.7553612458513608,1.4416954236802133,0.3167782886745334
3.9078995423876806,1.3313301544834217,0.33341933868924434
3.128762900120014,1.4506995395450841,0.5168448781820669
3.847164794751477,1.4996254151112065,0.1722400102117161
3.8496257512761716,1.3268788797072435,0.3776823424498468
3.323329384528526,1.3486085869582154,0.7257903242868571
3.8456000536478556,1.2729991430109966,0.33941544654169586
3.2054938651667375,1.4758701036557134,0.5378804294959252
3.8948675831123603,1.5223455131184849,0.07497456135267222
3.8384544105552725,1.3155256256329626,0.37683443660425286
3.3327502560763675,1.4080813849814235,0.7392432709718995
3.787630961474398,1.4723007391846816,0.19808997753297142
3.8732618534839536,1.2970944393529829,0.387381209919885
3.188401875988392,1.474801034769994,0.5215606783080164
3.3611695117232534,1.3951532570167278,0.7054263384829849
3.879771395820106,1.5351173577079376,0.10194867968697663
3.825355455660553,1.2967008102873443,0.3835173687552371
3.8860687456250633,1.5334016976495886,0.0704366512830421
3.842137500692212,1.3072575079059632,0.3781415962223187
3.176192937631814,1.419271083913955,0.5161103105646827
3.4322244457698403,1.4763195226676629,0.520886251775178
3.8780245029256615,1.5546775751449926,0.1344227866297134
3.841962024621472,1.2850852957816872,0.36027957490297413
3.377518588623848,1.423070045471728,0.7722849854770668
3.848075315287014,1.2927727450717619,0.38311441156785264
3.21954077231317,1.487648934884546,0.5445931043636472
3.4294554524470517,1.442462177814128,0.46920843045513094
3.9169699386311905,1.5247250496960771,0.08766579050555268
3.840599224050347,1.2795428984016968,0.37775911322972267
3.414954119497861,1.464689822256854,0.5796942188808432
3.8898426732388405,1.5324393210757243,0.04703151367093805
3.8197669242772117,1.2974614847476227,0.417992485511838
3.2290694090566285,1.4800355145616912,0.5436515894265974
3.362332994366202,1.3612736200265259,0.6570135998887325
3.875662490109332,1.535647242988605,0.13980304441199976
3.829737112220411,1.2916354884738848,0.36763109233180646
3.9135429100431285,1.5255485474505988,0.05867649135356756
3.8710049832589233,1.2724501842444111,0.34161444062707025
3.1784040314905644,1.4513243154181947,0.44941897380283047
3.3628048247248894,1.3941706148640753,0.7356956026347763
3.8785335265819514,1.5434707100751344,0.02240375258800842
3.8347698899068865,1.3145415529688667,0.4000743166190126
3.360389644566474,1.387409779361768,0.7098468572086971
3.91663090741843,1.5156624020712943,0.11428863632832686
3.83940260122556,1.2786285631704892,0.38802634077080667
3.2013694622486306,1.4851522155778432,0.4442205548844467
3.3623453921320694,1.3944472996191775,0.7518444673118898
3.7373584977189034,1.4206591568516578,0.42980096990543104
3.833414480311566,1.2799063675177267,0.4280090755301129
3.3614420241537637,1.3935758797312863,0.7482382076109326
3.897047682556443,1.5267227589274428,-0.0019967734778063573
3.823265478437585,1.293613051335749,0.3997929827051816
3.2010557034047524,1.458209009369684,0.5196466540196814
3.510353735755271,1.5485168391933888,0.6659387394910927
3.8727947914967538,1.466849894537099,0.18754961171643592
3.8379170150886313,1.3465196826223031,0.4118034970354123
3.494317464024256,1.531759232093451,0.7545893803203105
3.804387257300024,1.4122801744877584,0.1628198838535484
3.841566726625159,1.2718689197610515,0.3702870454109064
3.1848537307645484,1.4323668201361577,0.48340655438396896
3.38343351503551,1.3726693126069751,0.7557796254316009
3.914332552361458,1.5240319669015214,0.07352987892259644
3.8399523944580682,1.2753649705205847,0.382793291554979
3.406297141062317,1.3916458813749304,0.7203581955642082
3.885228558568967,1.498745173736078,0.05487848724213906
3.823196575469591,1.2959352482462996,0.4068729413815957
3.199313817300371,1.4631917191472603,0.5964916416758372
3.364386731965866,1.3745488854349341,0.6929073369453618
3.8569053856075537,1.5510906869087735,0.1306491421907232
3.84031765171401,1.2789811842414034,0.3673625138115262
3.369851524109107,1.3946788040545108,0.6634333775419277
3.9004282195225013,1.5132691564256986,0.04836999925406471
3.863611623267564,1.309563373144196,0.375524058335478
3.1597632752530806,1.4478764252106051,0.3733402038293647
3.3609172648715657,1.3949796882948713,0.7570397867888499
3.9227008059034345,1.502490491114706,-0.0062391187923155345
3.8403193206440314,1.3079594121877558,0.3718971754281255
3.3946527778898585,1.3940087286523442,0.7602043760869492
3.886392756467638,1.526740163483343,0.06677866965332946
3.8528639523533283,1.325997088611384,0.3655719307383489
3.2274758193055084,1.464988441520762,0.538844117360082
3.3861195386944143,1.3980805602680355,0.7435198444853446
3.911693973998853,1.4846780010342002,0.04917317181526659
3.8602105823041097,1.2842511884006234,0.39584450294781326
3.381106788168187,1.4539847090759335,0.7156063942340312
3.8250722143941966,1.4431885199997532,0.1711765441755777
3.8261167261685323,1.2937534798758223,0.38643424115802283
3.2061995841468867,1.4630739403717148,0.5000575285716995
3.3429507563624137,1.3982435193633496,0.7457177656871492
3.8446599692090966,1.4903223223545665,0.20718677850648293
3.8555206505275854,1.2621472831977922,0.3643989113688162
3.362644369024336,1.3970343795654179,0.745485784417524
3.823773071582429,1.4154621087760748,0.192888757196378
3.8363534660778824,1.3148176416775335,0.39701475070145764
3.2036473133082057,1.4572852566048045,0.46239386145060957
3.4635717199286216,1.4918920702456406,0.5335775703350225
3.8214272712291564,1.4440512376096946,0.16045192550710796
3.8500625341044263,1.2939833153811378,0.4169073233857348
3.443373613563322,1.4812369057559687,0.5030234555954771
3.8912367066432094,1.4234642705838012,-0.01200316341875829
3.823066398927982,1.295310949210337,0.4018364980799145
3.1851882320243954,1.4288360794741102,0.49645657368394813
3.383543902835445,1.4512607768682295,0.5687080103364568
3.8825637541631814,1.5083503428259486,0.08470652430060333
3.8709370339652254,1.2993366468319634,0.4097803366461823
3.339451963783465,1.3666969273288139,0.7667732249516894
3.865635558545431,1.4681927871550327,0.15790872951095047
3.8283514234661453,1.3188012584208528,0.4522434590093365
3.1836530548239974,1.4606766416103614,0.4858512090044822
3.3620127982208174,1.3941284147764812,0.7299391650508658
3.839460536939133,1.469450921969917,0.18233925696833952
3.839715167976565,1.2745798581564738,0.3793904028951218
3.4921120922112903,1.5807488846281124,0.647278612005181
3.8327354642117473,1.491071195095433,0.3544124514974569
3.840861484482159,1.2750564568858567,0.37482221366696944
3.1800288540749273,1.4928472942622855,0.5539525233931628
3.3452607939295294,1.396000596628647,0.7054011257190969
3.883474751535867,1.5359370407652757,0.08753885496821323
3.837518856069426,1.2836546651285292,0.3918820459017178
3.5023710050480577,1.5308410821650598,0.6765958111981538
3.781157658761552,1.4764896343201965,0.3965344266877697
3.822896644903027,1.2959558714529489,0.4058218731111516
3.2298409315633045,1.4729897688634794,0.5365648954255513
3.448425464735747,1.512784928301948,0.5772771910122498
3.8628718104312796,1.5378074344781367,0.03463687722043507
3.8650371279237503,1.308709238602918,0.37687419290097424
3.5005335130953523,1.5352040228595791,0.6033719247990026
3.80754534973619,1.4714903544517288,0.21656509220775377
3.8689192975702933,1.2777573817011718,0.36170275495817394
3.2123362398327164,1.443514318981095,0.5598655423736059
3.485763720831416,1.5188889206329452,0.6509734442052806
3.832176134236264,1.4719973515492941,0.20770334214296948
3.837822124496031,1.3068760381875977,0.37696333164422313
3.3430234740275973,1.4168644868282163,0.6433915548321776
3.796985791077136,1.4431042390338518,0.3007032443474791
3.866269990371842,1.2810693733215937,0.36386536040914264
3.186504540973518,1.4404436069575393,0.5468391265121597
3.361794645225264,1.3890421121285115,0.7007384929344902
3.886934443468618,1.5400052961023574,0.04380945059605623
3.8580311981157513,1.259090995497962,0.34109245296809254
3.3583161182251375,1.397674175808689,0.7785426981065955
3.9139823154757014,1.5033206645892987,0.02429145583862924
3.8353707047143106,1.2812767974809551,0.3902739424423525
3.165556846610385,1.4202424011843433,0.35679538551039114
3.3393279861247906,1.4319890459056885,0.713351312179819
3.9084259705998994,1.5127141179854766,-0.009073088587601141
3.8411573619329578,1.2803228847664672,0.3669602420775335
3.4866391938365195,1.5554219179329534,0.5694927054584029
3.8355278225548237,1.4717789601355298,0.20229398239385543
3.8228005622175547,1.2957141150189346,0.4151084552672135
3.2058171607535897,1.5113948288063663,0.5187677239575306
3.3620404547754443,1.4215293846466792,0.722038033211136
3.8183607315255492,1.4728643606935667,0.32284624992383293
3.851638480881042,1.2930081834135658,0.37800903549681864
3.337616856016503,1.3826273411863337,0.6797437708009231
3.831183120873994,1.4682403516605413,0.20076832705658898
3.858141824334261,1.2894656410321068,0.34040139673992353
3.1609200821759464,1.425315471601457,0.4872351096001024
3.374580794950403,1.4004115786658229,0.77167147488913
3.837787553802746,1.443999858407002,0.19956245062773448
3.3828679861770925,1.4240828475739884,0.7280021929750677
3.8017794349335134,1.4667740774305738,0.3360053159177432
3.8569916931314774,1.2589568850500994,0.34500031216141913
3.196202216486208,1.4296312054183284,0.5827282740112965
3.3414871047343273,1.388746949933926,0.6752013605807647
3.886043950093329,1.5377254184886882,0.04634638065414354
3.8588754382876114,1.317262981781544,0.40462659140754775
3.385810071384876,1.3918148009345943,0.6910163200491322
3.834296867455327,1.4762353609110486,0.22252224842616108
3.8530689923272914,1.2856690636600738,0.4320290212541513
3.263355907400301,1.4873777337566454,0.5938895413914713
3.324855740241673,1.4077118361917567,0.7495419399620398
3.8119611001521854,1.477036208901042,0.22692022169574932
3.8629516806536954,1.283306097173373,0.3830518266929539
3.349710399783084,1.3891266315129869,0.591924257110362
3.807422802588962,1.4362946469331659,0.21038792035175558
3.856349631910686,1.2926469792739885,0.3486637327147839
3.220638451429591,1.4880064435362266,0.5451145257785186
3.3581773586148516,1.4192242346641681,0.6961297427469391
3.8043958403687017,1.4146522008802698,0.16947623233386144
3.8531662671056357,1.2927912225112455,0.3618151097097779
3.8097309328074838,1.4731425951693995,0.21861131959373226
3.8497897832553414,1.2540704963764107,0.3756989681596594
3.1606435166296722,1.4287043532119872,0.4866221354539506
3.3432981322252773,1.3893068759549145,0.6556577134752095
3.895625515760298,1.5372546610143678,0.09588541230329439
3.860478087944558,1.2786143772653376,0.4142099450799157
3.4522961902907197,1.4927435821826047,0.5738037304553638
3.815625355221748,1.4684685182358386,0.1593877889187385
3.867216750530684,1.281211828419546,0.35234566050972593
3.2348150582804833,1.4598352624627915,0.4886844560934742
3.3313519311376605,1.4105159962496048,0.7025363477740842
3.9017919737679243,1.4936228698834375,0.024280211050243472
3.8478476255484853,1.299174999038806,0.4006946221362242
3.384084397743552,1.42202863314059,0.6724330229477391
3.853212520309065,1.2938275088430429,0.36028219750725543
3.1875931601841128,1.4356530625505894,0.5286330671947996
3.4477752972834277,1.5281885563202624,0.5949868628646979
3.8895668229482885,1.5003473465532133,0.031050465865517407
3.8735760891649793,1.2992487895874523,0.3961896734340411
3.456552200261882,1.4957039064064086,0.5406065074372333
3.809645340539283,1.4721678208296887,0.19729160314551186
3.8497120588000953,1.2949400891185134,0.3858568509835987
3.1620578156128625,1.4285695275084025,0.47292916087251036
3.396203213879017,1.439416261322266,0.5698336440149947
3.7974254349282837,1.4365910012206211,0.14641702889247044
3.864337369407961,1.3098103747868377,0.37819982995829604
3.8685318673869347,1.4877434678491284,0.0590385932836297
3.8512782304151623,1.294068788439909,0.3656421450075211
3.219678339830584,1.46208784114974,0.5767275766013524
3.339547569631789,1.386221739607633,0.6800957362164255
3.829480096997235,1.4704942416496467,0.22700563514882544
3.8499681203489735,1.32623085802317,0.36794464255504966
3.3538567372100334,1.3954330412132914,0.5705890136527025
3.9011322695726296,1.5269264875989077,0.030541958169028938
3.8269595358289465,1.2959036577852474,0.38278199647517575
3.209328112679831,1.4846038528576928,0.6233481227970727
3.4685708805961095,1.5480475122305124,0.6736691636339556
3.8044032313445073,1.4802595088119441,0.21471329516646098
3.847497865499878,1.2971901644104356,0.401143445096213
3.5029091157704215,1.5596131972542082,0.7253541971157762
3.8306972238194184,1.4579430534504112,0.38420592158841016
3.8468186109814844,1.2979455936620858,0.4062209261944352
3.199565587314911,1.4878242917457072,0.4496249078435688
3.541837385338595,1.5286388097972206,0.7526322618752592
3.861358567739724,1.467580885884917,0.17872684308801734
3.857323094949858,1.2931885470647806,0.3502511533631112
3.4026428995728764,1.3464281298898955,0.6773644130665544
3.822663471537289,1.451155872695679,0.23481254694951126
3.8359846325433247,1.285253261667055,0.39986575997399254
3.1542825090653555,1.448201747354799,0.42665429180248116
3.3635892218345824,1.346784088820845,0.640376990419907
3.8511928765655363,1.2633905168518031,0.3854732653051116
3.4196202094169483,1.4680133771781136,0.7067745955022344
3.8549601284592305,1.4670504045578145,0.2143273700057453
3.851342841848819,1.2714388126535945,0.3735106731076605
3.264827188422767,1.4850274034543656,0.5848588419667815
3.393318349129083,1.4340651948478929,0.5312373728509476
3.7513980138895304,1.3834972113534942,0.35280875878165596
3.8437439650463485,1.2771963827966006,0.39927975692868967
3.392705374974365,1.439128847731335,0.5230302903799269
3.971101445431514,1.5241967141361408,0.09273827226436304
3.8413652629298127,1.242769932806979,0.3715171064235614
3.155206381041058,1.4247753343221088,0.5499054277543467
3.3617169207700175,1.3455669620006852,0.6630458281546969
3.8410686702232906,1.4116267883857703,0.21101640660618615
3.383804494337236,1.3761545153213919,0.6621069358219287
3.8132447457566174,1.4425210672019007,0.21824224764575728
3.1704289301777315,1.4823028752002265,0.5256016346686281
3.367137128639852,1.3891746728556433,0.5043381552008526
3.898071451914807,1.5000081961317289,-0.03587009545123232
3.8519551007478117,1.2364063026489194,0.36432389892590167
3.3850085081378287,1.3722680541469692,0.6242873131530551
3.9035441118710033,1.4789621541416402,-0.13091793494990944
3.2377943367858695,1.4848848291471264,0.4814980435250893
3.3642937487218596,1.3967754569940771,0.5889085006052364
3.8636612143310347,1.467689366336077,0.1764497669206262
3.8501536099998375,1.2702530378759125,0.37124647154310586
3.8476735799891912,1.471533627422906,0.2581587318446348
3.864065810651748,1.2575276849083854,0.3561879247936943
3.2484092085541785,1.458476872637549,0.4706071130021563
3.8391207904706492,1.4432515817125706,0.20792621880341278
3.862387582306725,1.2788667433258938,0.390047027567362
3.877381726449148,1.4892040200333203,0.05462017189628421
3.8475856035352476,1.2712590450488146,0.39071972556556056
3.2462913363580084,1.4608671380509701,0.4860867963549944
3.477688006880197,1.4329513032702657,0.36457352316978375
3.90152303761603,1.48638650853533,0.042695518053950554
3.8564514366419442,1.3145414337595795,0.3710409845371878
3.457829646983382,1.4717184018177392,0.5156076646122809
3.879412575865672,1.481044144338907,0.013990713724507775
3.8418864459333957,1.2439359188430206,0.3676668253151416
3.251038250173808,1.431740494542316,0.47608108418402306
3.407669716794992,1.393512460390608,0.594374067532474
3.89634720878493,1.4448290782072992,-0.06644659545942433
3.414733582316565,1.3643026087996353,0.5523230516693678
3.8272182199821425,1.4679875087628373,0.2377199869175799
3.8644944872484737,1.2450457573048905,0.3753961169697917
3.2771839462954575,1.438266606958542,0.5186759924123214
3.4136616524061765,1.3629848693412563,0.5546781503141329
3.869581862788481,1.4691577863332106,-0.00616979673013951
3.8735400879602486,1.2113988168428917,0.3314753630679219
3.429772787569545,1.394308420799835,0.5979077287785484
3.888859435038119,1.5023570959225647,0.04090400365822977
3.839084550847345,1.2453875303306887,0.39092723912933236
3.2618169155027124,1.4591201259501427,0.529560515436158
3.4047116575427254,1.3867807119543256,0.5902541946248472
3.8503460137893577,1.5168573559640746,0.143062345487446
3.8408228606731103,1.2444348097090705,0.37675602669670094
3.4402012160126927,1.3996737923886464,0.5384333817668172
3.8896576604251254,1.5158085526571432,0.05629308422878121
3.865981742315423,1.2467188596477845,0.3783556364944727
3.3736352268844336,1.472230286496071,0.5337267011512101
3.4265426927239164,1.3903807132121138,0.6105703775052251
3.8619484152927264,1.492456168591674,0.1311178283979122
3.4083871182852854,1.3875097959535518,0.541321584336435
3.860528394263751,1.4915098852715531,0.12842904806181155
3.8637375082748338,1.2484085320815699,0.3944125312078064
3.2012216427325173,1.5776381182841284,0.4541712817724708
3.4027141867266146,1.379543516141209,0.5400858608827177
3.8882266721417285,1.4790434548753668,0.041666574281841395
3.8483590333905195,1.2711763138036443,0.3870391984797237
3.4069022474040804,1.3694929811551466,0.615631467326688
3.868865653391059,1.516133874801337,0.09972368307619806
3.859942122989364,1.2539822815040385,0.3953943388833623
3.2653066481758346,1.462705345256344,0.5095776417180984
3.409057789735001,1.3645441268150755,0.5733931736760274
3.870680495579199,1.4843494602392575,0.07720475846853181
3.8650600161068907,1.252673721160758,0.3658268895977581
3.4056984720220624,1.3680350515752684,0.6292024312043967
3.884027644209842,1.473760695322439,0.0579510134442045
3.135153471587553,1.4320316036211438,0.44492472413402284
3.4155051048232417,1.3973946300306992,0.5269212814593522
3.4032968817223863,1.395271870257282,0.6311773118329902
3.8816138945628724,1.4186877928727166,0.019812163209864564
3.833574459174972,1.2839208594663762,0.3981014625482726
3.27014487630562,1.47454580768655,0.5326287240269132
3.3836805166785613,1.3715433808913615,0.6389991694978483
3.8613073077462334,1.4995423262381748,0.06091036533082761
3.8500813691718014,1.239835119370591,0.38241024231827647
3.3994418917933222,1.3969799009212636,0.6524093796540311
3.8947495659180453,1.4988374417242076,-0.009678493875445171
3.849041864187527,1.2708396667771864,0.38114307741550313
3.1733502729695444,1.4475638584601194,0.48817689275804454
3.3793381991834757,1.3706119987321148,0.6679057523068421
3.865062638711209,1.5127910079755846,0.08303482268741247
3.846891805483817,1.2629241701211011,0.39454389984045113
3.3988031684325724,1.4009394373886113,0.668051783681606
3.915399237063211,1.5330551562523111,0.01892236275099002
3.8338433953268662,1.2851668349339878,0.4089821410726511
3.265114482804889,1.4606420709171344,0.5257299038598491
3.3925680458755263,1.404851766978311,0.7227669979921008
3.8724664891198395,1.4783740947289221,0.12280339051469857
3.8707358086884547,1.247921442934932,0.34789584610209645
3.358519727687654,1.3713681432394873,0.6699057264900381
3.854195281672637,1.2623814102374393,0.3670922663612486
3.2711042726489032,1.476991743836995,0.4918026431771845
3.3854235948758147,1.3035959946560887,0.7085465223222276
3.880268021710528,1.50599917805866,0.08312463198289222
3.854867622052373,1.2636320348672432,0.36612068088192595
3.3650726622043416,1.3998822894315908,0.7200780537432325
3.876409217084273,1.4837611624079659,0.10887053704846772
3.863941594574499,1.2538432834754092,0.37475530745547037
3.1528467524104715,1.483063311241931,0.4883447990367018
3.3545948811162978,1.3473086096835978,0.7005201015234146
3.8488694875582556,1.4737869213655765,0.257583219216458
3.8619128909251446,1.2508208512130843,0.35139690360858067
3.371383363449465,1.3718758555927748,0.6905427611623975
3.860291406200822,1.4952506726972754,0.13134982456869793
3.2538484899099624,1.486450285503869,0.5405945865086812
3.358790571188143,1.3427272775753143,0.6442279271793974
3.8826200209467343,1.4863270231011223,-0.002933882327904591
3.842478677672143,1.2839190713270716,0.36696355013520665
3.3476001569812937,1.4023108210261355,0.6931961214395377
3.868039771449425,1.5004331772398456,0.02486418008711211
3.1487409461411655,1.4761765907325626,0.4928594930979764
3.348066265294196,1.370983931707521,0.6989905867855295
3.8291341516458175,1.465542287868114,0.23877969786122422
3.863535329323764,1.2550691125735196,0.38632501565016364
3.357358390811875,1.3466115929825717,0.7040674122326811
3.8815790854510146,1.481113881771796,0.07842749556070716
3.839154645908211,1.2831895104906974,0.37889860498770234
3.3477303335229025,1.456591577763814,0.5256623121949586
3.3681549375338573,1.361308071510466,0.6626188204939585
3.9043151575405313,1.4845095583116843,0.02348141570499429
3.8369509430252657,1.2505401133422245,0.38846577599956067
3.3422846148656102,1.3995974984449735,0.7286071204944471
3.808076069482749,1.4671426725459444,0.22143486602711504
3.8403088302267587,1.2776716702238267,0.3775166415429716
3.1845287662476753,1.475565166299595,0.5249414536454093
3.3556322403334025,1.3412981966428874,0.6857734956718917
3.8556625095793384,1.4684942674418282,0.2262911691972127
3.8463591783886653,1.2764096015024715,0.424621564868088
3.346019203414615,1.3695468637528658,0.7123224168364819
3.8663186277610144,1.4639787388599632,0.016585484500459158
3.846915885759829,1.2694415802593768,0.3956495361613426
3.412958556030346,1.534052341937976,0.44505153301149636
3.356003219635129,1.4239018878763388,0.752370895516753
3.8678797925860198,1.4850979753522635,0.05125814966962006
3.8516079633035223,1.2716176265840782,0.3811833701540095
3.8984870154899425,1.4862677760854885,0.02757063319979136
3.8614711013068286,1.249601697835045,0.40618227258360484
3.4531158733494203,1.4990611975558863,0.5207893346260488
3.3827542605171157,1.3946821419145463,0.7390598674861244
3.8652190412959984,1.416182371288064,-0.0525912205782022
3.865808412011853,1.2531636713302834,0.37428323868480473
3.3666352575407927,1.4033738102382185,0.7577606453383992
3.817968771389278,1.4391132313147394,0.1829224436942718
3.8628808703371065,1.2255962852954487,0.38749153811363524
3.333378489019845,1.4316093643266279,0.49243975720365474
3.342757160480021,1.3789378137540167,0.8150539392622267
3.8294905874145075,1.4742967794860298,0.10637885436481631
3.8856867990689143,1.2800745718216686,0.3408828532418242
3.3029250460963926,1.3476500250815349,0.7787677652376603
3.8168765759000673,1.4565753653007836,0.1049640636630853
3.200761256465401,1.2453483104752692,0.836396990928088
3.820382282617672,1.4825311609848109,0.14931955147751141
3.8503078668174577,1.2670787329819633,0.28924744062510177
3.1852907520113765,1.2469866037063624,0.7595363868555289
3.860237523603014,1.4764562557198397,0.08322727117772644
3.864691897828056,1.2582610604419433,0.27505664806732355
3.2502226202308724,1.4959271854009393,0.6214783847583092
3.2542342511633007,1.3483621813620084,0.8344743239665529
3.8172373032030955,1.4723688076875525,0.172761893562569
3.8588058200638944,1.2579792496875009,0.2984189262159924
3.2820932231604063,1.3562736249023362,0.7178694037057307
3.8032712199533765,1.5075466338130672,0.2727454780442733
3.8367866726275217,1.2527955530520607,0.28613133970388827
3.2150048589356923,1.4611801816386039,0.5381532995504843
4.044027726868366,1.4789602467930485,0.363211527280378
3.8542627541291843,1.2381646396320105,0.28233124570467294
3.2440323203658084,1.2910636415241974,0.753783823573398
3.8421196192991345,1.5333797631407828,0.5072233775383321
3.798159764137357,1.3226250155103194,0.3142453595780914
2.96698612224525,1.4898042387933113,0.7099803716084816
3.258818325092802,1.3178499683106788,0.7269738936781582
3.943453473872729,1.9392481654837121,0.46603102615883807
3.857909366224246,1.2612632271254802,0.3317071953259403
3.1858767848671903,1.2776920550119018,0.816962658737356
3.8450237959535927,2.0110544755481135,0.4923800333516084
3.8450490683224765,1.3000191199999769,0.3864473839817515
3.2755586468739453,1.5222986638686982,0.49472678734638675
3.123517929902346,1.2749299758323611,0.7794339067251552
3.7589165436324357,2.036630112815932,0.3779924654061313
3.8834463797255165,1.3269234639805774,0.37551973699887786
3.1148216124020296,1.2509705780775426,0.6881119050166837
3.771817611110423,2.0474004334768354,0.3928902584340168
3.916512890224114,1.350360963476957,0.36165429638360935
3.1659013614503566,1.3066895948627466,0.4522768376092827
3.077399432968181,1.2893341531885576,0.6608536886032399
3.8748327934705085,1.9766740403432699,0.30783863534166067
3.8984255034977537,1.4113557064671567,0.3408733761036251
3.8228387091894542,1.8291688793664074,0.2747950134879251
3.8502434938023766,1.5294979511285522,0.24505472563947484
3.45824592581424,1.4292902668575393,0.5525052630622878
3.1077136394441975,1.3994711366007646,0.4388980987044775
3.9139806465456806,1.9663300120926395,0.3169672055897639
3.7265986674573752,1.5689617087491907,0.3627517072637998
3.8411232680768226,1.900651893844494,0.5803149416305542
3.685811686683376,1.6764017012525534,0.3176629705847105
3.2897607645122964,1.581598489216485,0.6221407115486675
3.787474320471034,1.931803068674086,0.30441530228933655
3.6809772732507815,1.757804239710301,0.5777413919700711
3.159154354214128,1.4361656624846435,0.34642003514733877
3.77949039767095,2.066653210162745,0.41042549729942523
3.5030111589202537,1.8578518259088879,0.30949799879380024
3.2563857403784575,1.5977856798781789,0.22489910276553404
3.264894660879315,1.5310541091609096,0.3994278744659503
3.7395676842290593,2.062582928267785,0.2893751733745382
3.5200723921025054,1.923356137016603,0.2383301298432008
3.2981466610287766,1.5242013632983333,0.4061395658570668
3.5886368057211735,1.9460045902424012,0.1505455444732977
3.4592353628978945,1.8920569042525701,0.43638957770924636
3.279283460261401,1.5601281813740013,0.03020923946520293
3.312617953237596,1.5464918310353026,0.4456349134525177
3.6225888028049984,2.023602206678026,0.38922797036886436
3.5444163590576054,2.02400394197518,0.21941559484082518
3.5742499136876824,2.0591122690863797,0.28234766678375367
3.475374393034465,1.9627583826451551,0.4136929940132512
3.364029580941452,1.5768626618722634,-0.0132035878854454
3.440975122705113,1.5646093776812138,0.42005084244261814
3.5908562442300274,2.0248453211227497,0.19563893031452229
3.425552540384539,1.963720282381871,0.18625727875325682
3.402189904281565,1.460978598734305,0.35425867151913404
3.6056119697980753,1.9931460219915813,0.2624587597850063
3.4038099584944406,1.9588358010567746,0.19518447471579248
3.7545537221399536,1.523639529928753,0.49377260642275034
3.521991423207647,1.52735003819558,0.38814709977704
3.59799258899821,2.032468278188564,0.143610112154418
3.368739063041075,1.8752404077648595,0.26850547197916197
3.5203785215520025,1.5847172425826972,0.3858612319248418
3.5868040821399556,1.961451729650466,0.2100603183339813
3.394777232385682,1.9642731750549272,0.30581651803367893
3.5099252975771194,1.467921586027132,0.35120902977459867
3.561869313957555,1.6152285019597312,0.3539083750336287
3.579899480226065,2.0181653095170216,0.25667001648471954
3.5554069784991293,1.530096500958525,0.4208441504354432
3.296100552823493,2.0006677703727416,0.03819436542245325
3.3509051152592755,1.9270958515587424,0.29914112587000385
3.448928289509104,1.6889283323386697,0.036127529731240005
3.550106218335057,1.5041670505269225,0.5784413292900112
3.403000289015864,2.140265183297173,0.06055696195331839
3.3316544843085416,1.940632423724231,0.3530104906950797
3.4945513526457175,1.527128189712493,0.6013393468762163
3.614845682765033,1.9308371158216127,-0.1868018472933366
3.297401364565281,1.9122824287203122,0.14641135155024743
3.3606933898302276,1.692134585321532,0.12068148758415509
3.581059625008972,1.5996565504281883,0.5010106068094449
3.330377514424191,1.9650905931358127,0.06721280006887764
3.275755580616379,1.9315951676775767,0.4420929373587781
3.503038577056307,1.5605895213146497,0.5328075379551955
3.3225452258374086,2.078398424372646,0.3358658112513617
3.267231162908187,1.9037456132604382,0.25317685659340117
3.4840595048617855,1.269240354982939,-0.10577031893662603
3.5242385182711278,1.6859414244438673,0.4329370681842908
3.314603503124988,2.084513383958046,0.09849247467417
3.318955357363049,1.9625079239331908,0.393563105443822
3.5468770771637264,1.7544915328341575,0.4280532127680772
3.2131950235376134,1.990505297866196,-0.026876296888346585
3.306517060337922,1.9293591590815196,0.32774771851198237
3.4090356168075844,1.376407358219096,-0.10528195574674559
3.4888090412819035,1.7936956526277337,0.6150699915918811
3.103919446251599,2.170325235522952,0.15922715440649826
3.306031401701921,1.9025511362048066,0.28195087867689494
3.465772561788674,1.828932129722447,0.6367371733050757
3.336569483219275,2.1314189005282755,0.13351684076323123
3.428416185881353,2.194148496272029,0.19618905136488318
3.4284624390847815,1.7631367095359038,0.5701102095574049
3.256704982849545,1.9977360563778148,0.01305565844061729
3.3014430362380804,1.929836711485199,0.4599982316487672
3.374186450628387,1.9418040125967615,0.6680371805441296
3.2307257028928094,2.0911905345408877,0.09359584151266453
3.3065444784739757,1.898557863509241,0.4339385155896365
3.4612478540841916,1.883806310290758,0.6337208803581651
3.2358669610306245,2.13822694290823,0.1462606114087055
3.411195450672845,2.003654201430396,0.68208444512214
2.635317036642583,2.088404136666801,0.05084393093004391
3.5728382373088103,1.8996264555578124,0.4009745553409505
3.082406938285772,1.5221244991004068,0.05075849139993638
3.455297164886374,1.9523206558949517,0.8057153222530344
2.9049631990517,2.0236320089997735,-0.35567994984842166
3.572141339815913,1.889950356942183,0.39487777524687595
3.355252916381572,2.1277052928199858,0.7977175712873898
3.281489308911515,1.9887110788877205,0.16879580063326483
3.532087019320968,1.9070956326434099,0.43536443745840314
3.371276790346719,1.642671314289662,0.2942710093239467
3.5432693272962887,2.067495304566037,-0.16315331784780884
3.4609958456510777,1.7441006553337406,0.11369654615888214
3.387316876774924,2.067405182345073,0.8982635106723815
3.500221900018645,1.9681607091129332,0.10775004427036805
3.47012250867814,1.7781163101203972,0.19543880772645283
1.2743969920223412,1.5575914077468704,1.323010724938737
3.378398353163291,2.096634822677686,0.9548152036309792
3.463258199503319,1.9619117582889576,0.22250111858030253
3.2974981625064768,1.9313401790127072,0.15955089702365344
3.3973609744761806,2.0699419559722045,0.9117132983113574
3.493583134815182,1.9545830097434338,0.07910703319166279
3.3331641507214815,1.9910832244895196,0.2458828725459936
2.990792932152284,2.5100216355417397,0.2727483986717685
3.3702985589360597,2.0472557134024303,0.9445068786887116
3.409298115657971,1.9055635548870242,0.13872628654052566
3.287157472098699,1.9463947622387165,0.25211279451083524
3.399583750845075,2.018688161449756,1.0529199156624167
3.364045554985936,1.8225464458462943,0.20658430967861752
3.4300844006462525,1.9448468296471613,0.21597986402280678
3.3410608123233447,1.818943225937758,0.6426919155354511
3.309047635086335,2.137910323041987,1.2013292772539774
3.377455646120213,1.7932428957557482,0.12728794697847734
3.3627495116156343,2.0583595816483298,0.4108226728364617
3.355883771929367,1.7709214336041619,0.2028541319253605
3.2629665698683468,1.8799072129319143,0.39592806865696395
3.3214175059806164,1.8802644831650208,0.7543770685827964
3.393768483397503,2.058744389226731,1.1433344366848548
3.3423694918780877,1.773425424677371,0.21870321505170875
3.2523784009803682,1.8203903074725205,0.318726615434777
3.4395231535871713,2.0258755277809115,1.131560493181742
3.360211307472842,1.7697064525511674,0.15882990436365807
3.249990162120857,1.8830707889900344,0.3237719696305512
3.408688717781869,2.0261704515569225,0.6397348099988021
3.3807386698893525,2.164100126556374,1.140330839526852
3.355236227081366,1.7811394576384445,0.30743821135159366
3.2488526671025157,1.8760732038437664,0.2808711405732829
3.359190637555944,2.171024517200431,1.2149761178419207
3.334068710792659,1.9542090502101481,0.029783876520075747
3.2602056827770878,1.821065985711175,0.22331241227408039
3.209131417355972,1.8945554116985777,0.684383455798067
3.3601223773446005,2.170291141666873,1.1828161944217568
3.2855669817890454,1.9854099353124153,0.05917684997780337
3.3173565224032924,1.9239316794541874,0.24006480376146877
3.4389480879857794,2.0694717945443184,1.1615329262125842
3.379258090542486,2.049235302822173,-0.34590836471421504
3.2984034378333775,1.8990624764210666,0.26359568854334725
3.1071748134661106,1.9594432915832714,0.7731990822784465
3.469158582381943,2.0097629621328723,1.0858870051548477
3.0717226867123197,2.030288178748105,0.2711783527768059
3.2573024597969282,1.8587642537915035,0.33191447047114075
3.5094970978175426,1.9841681321698479,1.1012491481521614
3.279908355344837,1.851536117884198,0.2877628975901796
3.409880572235169,2.000694711671601,0.8323407757789294
3.4173099334312576,2.0709766925832707,1.1638132806353272
3.182207999844712,1.9577784146811799,0.03686432879743773
3.2739173734079503,1.8763143642313458,0.28683813155774596
3.3333856415770757,2.1803395308857696,1.2038269502042263
3.236114916347974,1.932202181366926,-0.055192676387368134
3.2712292039818758,1.9324581237060925,0.1591076470977626
3.473375730125482,1.8008929133297087,0.8680036640541464
3.3212460830256405,2.194122985484613,1.2094810466165162
3.294756587319743,1.932594975967556,0.03994459987777166
3.2706848943765787,1.8754740579673588,0.3142064079440472
3.297869141808204,1.9350425810480185,0.02305606393573756
3.2738711202045216,1.8936569313025395,0.2508020586142037
3.4963142195846437,1.8828510862741132,0.8729608629832772
3.537456205615886,1.9566853847287753,1.2096318463627012
3.331392223876729,1.9946696358885905,-0.11630178876022934
3.2732903325573446,1.8757572992332445,0.2897630505873041
3.4338628582129425,2.08606572729322,1.25206915991554
3.3900353253599445,1.9883980353000872,-0.01377798106392536
3.293554242449171,1.874151669346787,0.2766027030935747
3.492816380679993,1.8269917601581231,0.8614869692518219
3.4560481833956542,1.9934405881397315,0.020979678463167284
3.4538831043217577,2.1674871008183123,1.2042237979157275
3.0992714761441644,1.993949254167315,-0.16912595637217331
3.3543404884974404,1.7974209428461474,0.14536819579612992
3.5170990740614787,1.8308702343103178,0.8010531067009274
3.3985080062374964,2.242533400093794,1.2027938825358966
3.4071871576004575,1.9686685406755073,0.03469049159659843
3.2690591181179176,1.8683478460004292,0.2713944196068139
3.3967890083162553,2.199839547632895,1.1704693310924266
3.3495010682747828,2.0871519623162667,0.3434622143549768
3.2844418845365717,1.8927741865323842,0.3008870650657536
3.451414279984108,1.9478852359539431,0.8550678472496969
3.4014665423269115,2.1875044858709707,1.2683456381328049
3.1385435452965864,2.0927443083875055,0.29879205127967534
3.371689016061813,1.8289160364687034,0.2503250724605104
3.3009456950919347,2.1394464539141302,1.3268560588618081
3.196536717746056,2.2249965218848073,0.44436682467778166
3.3339247059737365,1.91416522019902,0.16021776866802195
3.376009160629482,1.8896334986573664,0.8276771297153958
3.27683037154966,2.128798918818826,1.2581241571550392
3.1478635657874663,2.3409065726473295,0.5190333222456727
3.2269002768669677,2.1376471089363145,1.2353824825467958
2.869522993226628,2.017324884043747,0.719792070667266
3.406231575954364,1.8084504244969652,0.35873816903885825
3.208373723126609,2.172925428490761,0.9747158229420287
3.1637124405190225,2.172645763503485,1.2601553641710423
2.9213992987319415,2.254665329230689,0.4503427861609801
3.503695181810135,1.98205133286078,0.0648715669541351
3.1232840412808844,2.1951753650701544,1.081500461075509
3.370393687947235,2.0513627117577835,0.29139004871842467
3.094746291602533,2.156262115936832,0.9447219322397926
3.0134460345779193,2.2553143045890582,1.1880909668875166
2.9251505765811525,2.220200017013509,0.5729419069256854
3.2232221935200895,1.9561798181426542,0.36490769659942246
3.008388222941135,2.1459967658156147,0.8159657710871819
2.8913726250566203,2.37928934045355,1.2279509756873783
3.3164886787925685,2.095787244647193,0.023219095672204038
2.6819517097902685,2.567990727618865,0.3960371749555376
2.9445154100290116,2.3133749493985913,0.1073362539391618
2.895096484769778,2.4504816034806693,0.5418466416345147
2.831742470675495,2.224648907603947,0.8646147228806955
2.7501196333197515,2.4912452191666383,1.3127328579689204
2.982030334288292,2.3801412100183748,0.35182239135092863
2.7841185988627286,2.492370077998669,0.4231539793540313
2.626330325318678,2.523257919513302,1.3873429695447594
2.9229382906295296,2.5157112563911617,0.5108279683092918
2.798625653857704,2.49536652263643,0.3851016601598194
2.654051968216945,2.233751967177019,0.8481463177137407
2.5709540351415456,2.51672572742344,1.3962952292595765
2.49222393034869,2.0264892171903317,0.412724329161424
2.758517689183525,2.148131565727018,0.10016121840696401
2.420395089609684,2.620958990106793,1.4518499749633569
2.84241980811029,2.32160945010666,0.2763869938914234
2.318154290779168,2.4646012282688226,0.8479952795489851
2.461862993832096,2.4105345714105764,1.2589613639672579
2.396492435435751,2.55424851943332,0.18308583492123987
2.808570092594872,2.2105655224390386,0.19475243046274082
2.334244683526566,2.5128621544321192,1.2215145087342103
2.6542040792673953,2.2229811696789676,0.5201917980823718
2.854098741976033,2.2672564525410657,0.21583898844964167
2.3578583743883565,2.6250669421364417,0.728735806918168
2.2275542788424953,2.594650692561138,1.1727388374701868
2.4297360909351093,2.3847493642162307,0.263739901976507
2.777394241391065,2.1280872393754997,-0.11347483741162878
2.0604037847199006,2.534817882491222,1.0067812730034171
2.7452115485476747,2.162624315583448,0.450439137066003
2.9390329749112665,2.5675525142798925,0.27547256926450836
2.6773731194879775,2.518672891917122,0.1649487679778754
1.825825418322682,2.6151513520632506,0.6193103254825276
2.6623305763749565,2.121099429390765,0.4044790699167147
2.9516374496827322,2.6732630184476154,0.35890744622429893
1.5589283412853925,2.730196897076527,0.7832618956971826
2.673438736173647,2.3054241667935575,0.40740226041163297
2.7958435475133254,2.5031575647968993,0.38225163436389
2.087044914639101,2.782286348700769,0.5041441420886661
1.3139730448570905,2.5231971227769376,0.6195491612860702
2.9228262338995736,2.0737156451611356,0.3409859692738004
2.774625963324001,2.5630504563474568,0.5340523213146124
3.1102847453502545,3.5676397539901705,1.441603698454203
2.794710105610749,2.2712544936081107,0.457095336534709
2.665622183212773,2.672552769515734,0.44522125723175776
1.7187655840576184,2.597602552925565,0.34847165675348735
2.683694072731799,2.3638836858773566,0.47512383362128463
2.601232240412831,2.422600935439627,0.46542678409285054
1.3468949544903297,2.3843879216580794,0.34286011805612837
2.7608909076728505,2.321908426998429,0.3755005145015873
2.5508598792746735,2.5745934916066253,0.4481748460944841
1.6708396359111197,2.4428233604659075,0.2096412380907302
1.2194556965341548,2.359743785758795,0.2168090838128951
2.6604620900075826,2.591559834168081,0.20702675494183098
2.521325539955437,2.7214254777398588,0.3073802160341874
1.3452915895776603,2.299393368964772,0.23246506279785883
2.903723660883526,2.5361933192445045,0.26115145115533367
2.5310263149095933,2.716074888102634,0.3742472374805774
1.8668285255343506,2.392359208260476,0.08487646458769493
1.251981831333932,2.3444144251262746,0.23173135944779477
2.601494262426069,2.5909685561046145,0.16052941154269695
2.5227894300020974,2.762402001212391,0.342566207562675
2.662530609558857,2.353314113655743,0.28828768666736737
2.5447406281447735,2.7404062188328586,0.356977835321882
1.7017703928204684,1.8902700762498885,0.03823514244868198
1.4630459274148746,2.369205426867131,0.042014203459582955
2.7292377424831455,2.356125068642949,0.33097399861533927
2.525372218418298,2.6577577049075,0.2170739966476456
1.4718312942527194,2.427384327289357,0.06533923243181672
2.791305726787253,2.445262144059133,0.20024666722314644
2.5010587690407178,2.694644396162005,0.39071540422896045
1.7696894073583047,2.2072536500279036,0.3252765994300837
1.4191186163885003,2.3222653396036748,-0.008171550670715622
2.8037619052054583,2.3237523562495785,0.3867260058843369
1.4105307793395248,2.298542929911391,-0.023110173810214962
2.7657753890060643,2.362865876985043,0.10642553970125879
2.456140948047104,2.6055640643664284,0.35730285943885653
1.754943933788954,2.2794425026942533,0.2392034570689323
1.4631801570722474,2.2946691049213888,0.009968489054206331
2.7388085793142682,2.368995141684881,-0.24941506419981607
2.5442065705381745,2.6870161938875636,0.36704148320561636
1.445617648837373,2.2895106806547902,0.028091123292119713
2.7551822133280233,2.369552564310843,0.24401845422159618
2.5823719006683485,2.68198627723234,0.27339758263839786
1.86915286821593,2.2396177793526117,0.15255298413799978
1.4279039832263454,2.3138420113850153,0.023084363102533367
2.7803375186917205,2.344813060981967,0.21558854464192123
2.4288343918868245,2.5094806637973823,0.2993262280880977
1.4363120526702424,2.3038279544407714,0.08314065818121463
2.742545075211868,2.3972274771225424,0.16076538632338688
2.521146487606081,2.617510265434194,0.3387497520890217
1.824939454900306,2.238346531516158,0.16834824427193484
2.7923445165158034,2.4083079803481917,0.05406879914842566
2.5147490019998857,2.626079744238702,0.2960142663107719
2.7657246058497225,2.3967744818319834,0.18003957574018137
2.6028985478291355,2.749920073608896,0.4086693955120848
1.7963761944344974,2.210073188083773,0.1655309712272024
1.4684836590499246,2.319660378264386,0.007074993778576122
2.792645400756664,2.368745279019352,0.11279906415167185
2.5906762580323925,2.7437426483571135,0.36427484430490953
1.4631601299119998,2.289174272046906,-0.0030205214014475956
2.7398232887668073,2.327756596199547,0.1789587796541603
2.605829904201072,2.7177161615659022,0.3587753325336196
1.7775537632433402,2.236356690097734,0.1608735687499978
1.4443123071426718,2.2894050612265175,0.01588689014762623
2.7473823496673555,2.3349134449532327,0.21663342893067905
2.5944120386742693,2.7069363041620393,0.2590671364026309
1.4715131246652164,2.290679885341581,0.0340412964540987
2.7493931719236318,2.3364889148900825,0.21874678604556674
2.5774409277131314,2.7120136661134846,0.4204793402194258
1.7891491313987649,2.2323286082903677,0.22049692736863102
1.4693158590837796,2.289377404671936,0.02812946211593037
2.7725645963299574,2.3445043089286646,0.10543207931804299
2.397857858611195,2.4888920278414712,0.30728231540845274
1.4516521421640833,2.282257987634365,0.045286546775923364
2.7698404256991522,2.3638634202985687,0.18760842659768007
2.5768553716944673,2.715377752192321,0.39710311458435066
1.7846690079676906,2.2339000251114594,0.21215485528291755
1.4207509491579564,2.2837037578669706,0.021845504817136097
2.733667082757879,2.309895230311376,0.18480842399818775
2.5846735935853613,2.7316638865622163,0.3947071569569731
1.453272792423395,2.2839216724435873,0.045165832473172074
2.613064477421897,2.7389780915747277,0.3634027687766761
1.7322612674600966,2.284214688871007,0.2682707488959697
1.438994023213383,2.285402728625141,0.00029129997900467774
2.746201462468478,2.335066509677727,0.16881639403733883
2.362434818923478,2.4179222093438737,0.37992636784282685
1.4487690655534577,2.2381302858695595,-0.04212605719438001
2.7488765188729616,2.337225389865101,0.20736384899896465
2.379913046192311,2.450530717706909,0.3501819225705445
1.737732973741995,2.2814504639243,0.30252509005578454
2.7942346989734457,2.4061748493668063,0.2091069867765043
1.4498042790033925,2.286048366123475,0.04892637134133504
2.8018929420009346,2.3790599817853826,0.24500722073919445
2.4226138128628154,2.481661746167,0.3570112735264708
1.771243896463227,2.256232216098875,0.2381253282906748
2.8017959056411637,2.424220274394089,0.1849920211990519
2.399880840214764,2.492327877911075,0.2816315766056252
2.802217668099233,2.4111337172869844,0.246504295650257
2.36420722260538,2.3901230804551314,0.3257642250125097
1.7799212596868805,2.2368549849173487,0.18556456849625147
1.4598443235888838,2.336948824319287,0.059417142369803555
2.799062198267384,2.3534564495444084,0.17405716205440402
2.3401445895680415,2.3627447603494613,0.3161651953190958
1.4778567276736034,2.2695333499225603,0.08311436508317671
2.7820879878647795,2.3847047799428966,0.22193079155604578
2.401989414086534,2.4985744445493117,0.2949156633377261
1.78299828980776,2.235602333729666,0.2005239033177877
1.422148082003792,2.2832817569910286,0.03773417660214773
2.760234064500448,2.340359640438623,0.30718200079468616
2.3584417846398513,2.450965593185846,0.36758218672242116
1.4731026613005724,2.283519698727859,0.05127879150246617
2.787846273273076,2.3793031687308406,0.18146612345769708
2.3232485804578324,2.3595096587191478,0.3834408959985749
1.7874586244971615,2.232203438539029,0.21939349641952166
1.5009406524631335,2.2843877807557154,0.07490996482108025
2.7727238599376394,2.3337103848289376,0.2094548841751387
2.3846847555398463,2.4538437822109143,0.3997929827051816
1.4506095377383428,2.3177670963684234,0.027648700380647373
2.802860682994321,2.3757688517901836,0.23094968926146864
2.355247929417528,2.4544264772057174,0.2967665067047347
1.8095581189930983,2.2524401686797475,0.1940208132751735
1.469600054024434,2.290507985549742,0.040700383022688635
2.800296729645496,2.3318941121323693,0.26463787572202
2.3647887255082796,2.4207846627430594,0.3862725337622126
1.5031119304199634,2.281927062653683,0.08232730067668115
2.804042047030348,2.3578607558615126,0.09533415876472096
2.5531227099640637,2.702330534149923,0.3078621195709086
1.8013512748259735,2.2351467158347935,0.17347446706677427
1.4702548706389542,2.317566824766281,0.010453323462970787
2.805006450163693,2.3469993593053498,0.2002602868840173
2.388044073252785,2.4177672372707875,0.40849719769914894
1.498382301950806,2.291748715808726,0.060050229357597296
2.8048994002237992,2.383830499032118,0.1893329230231966
2.366082146274262,2.3997261037778364,0.33939950229975735
1.7601186897364691,2.231994583868224,0.2026165627204768
1.448631974873192,2.2830748096688156,0.047816950125628255
2.8047635016364056,2.3388077739405975,0.2122476895140175
2.404186918086545,2.4893331022033314,0.34997914757587223
1.4529441324186196,2.3079373369818645,0.04112599369961223
2.8018118796856473,2.3732852455050497,0.2776845273596833
2.3664199853941508,2.433723400334297,0.33366932056098286
1.7543257144256006,2.251960947346051,0.2866844707887084
1.4487383095573634,2.33419055983693,0.12381603614230308
2.7583341068812564,2.343152952451355,0.24739925936131058
2.7979304252948274,2.3252992159575507,0.28572802488864735
2.3628301169197914,2.425128410742373,0.3680001940821027
1.752775874482878,2.2249509839371777,0.2827506835757807
1.4520389763010062,2.280676080396018,0.06148369866425352
2.8083888944783473,2.3505527497319245,0.23130403886268192
2.382795765175075,2.452482888990645,0.36984051722966393
1.4493779865924104,2.281585408837172,0.03529590712899067
2.806661790325577,2.3508524418794154,0.14660955188858793
2.3784284137296803,2.485542962132796,0.3450360451447543
1.7343104751068468,2.280231906592696,0.29698087480242386
1.4655393088656847,2.257936670484247,0.0400666552849851
2.805741017791342,2.3470313073942624,0.23659386150073924
2.345473721542464,2.3640748975736874,0.3383024788497446
1.4212912056474893,2.282884551646781,0.01551453156239646
2.8049356398471037,2.3456594469195906,0.18331881456863108
2.3252305540666085,2.363832425883951,0.38592810833401936
1.78636392561292,2.2037546190361956,0.26200573469770294
1.4893707950951662,2.3368439201467366,0.07286938497500328
2.778552955662526,2.3724035736184774,0.26777111297802736
2.324139073833121,2.3531119347050096,0.41223166698668456
1.4776736222084836,2.2877392306501303,0.07057787703348373
2.7594978279427793,2.3399397853298467,0.286440866613745
2.4233784212308342,2.48979205795824,0.30751763453807235
1.785484399492052,2.2314772155626907,0.20911528672300883
1.4455210893147517,2.282109929699925,0.035334232914285835
2.6506089655843996,2.2441083931934958,0.1977528387723555
2.3707818532123355,2.4263853534643878,0.3025380242632636
2.7769841614431408,2.3681168076583448,0.2977785935388133
2.340866997848397,2.3957652560083322,0.31542472684207823
1.7819001338541904,2.2315949943382356,0.18755873122677835
1.497740955985738,2.289329959375715,0.052674609301348374
2.7499024339984963,2.324708414731232,0.30011494652342985
2.4017004507743915,2.487919041641065,0.3461832557039717
1.4741440736334408,2.3153712281185133,0.036332502647114184
2.7558295197574503,2.3288411622925747,0.3520060630575961
2.3690146947390702,2.3944069853923766,0.38631938301142266
1.8053533690154269,2.2338060881933126,0.18572769150232715
2.779472059266741,2.3385307315576345,0.2521745449207353
2.385808899118022,2.454055736323181,0.38778300481673567
1.4793965540362026,2.2891582980024503,0.08760220725288748
2.760391182340961,2.3408846381385233,0.3030900526621927
2.3445732145870513,2.395875882226658,0.36851705574180293
1.7808828017973337,2.231640293867292,0.19570671569450204
1.4520220485822255,2.31137628649293,0.03712393309369211
2.7827231349469135,2.3827356809404083,0.2153224844177979
2.308086828057623,2.295438720078191,0.36071337749298715
1.4529149261432586,2.3090457449322908,0.03548097209418266
2.7952925621879463,2.327257347705636,0.2627733530894978
2.3847820303181906,2.449850271096775,0.4126412402894155
1.7807250879103849,2.234162285542836,0.19612607905980628
1.4951793868226568,2.292235089699642,0.03973644183880021
2.8041157183698298,2.378541659805553,0.22365095174380123
2.322453931349441,2.3724710460749137,0.37049226419593206
1.4654532397603353,2.2876295581061004,0.006806523757372229
2.8045303282706673,2.3427412035740938,0.24272920579868007
2.344995692300843,2.393319558276461,0.3769011043971806
1.7863617798457507,2.2893342509100463,0.1855168996832035
2.775905078975521,2.366306257007552,0.27691246842200257
2.3269042524587187,2.3660709378750355,0.3813632569658616
1.495319576944389,2.289415074806625,0.03592623740205658
2.8040317950316496,2.377424907205038,0.2473536916119199
2.363883450181379,2.4221312508488895,0.35488538453544227
1.7671451235418651,2.258624984907323,0.22941935495974586
1.4644648755602654,2.3445381643661696,0.07044316309026377
2.7783212128082337,2.301709366992399,0.21802460129271606
2.553051422810326,2.6634988241689013,0.28470181175423437
1.4927929361024534,2.3359562877958147,0.10357019419096303
2.3660544897196343,2.4193288789303464,0.4054348899680271
1.752955522878669,2.282072974820958,0.252976823412296
1.4745636903243404,2.2855560317682095,0.04024749577112141
2.799647515867474,2.3279034620411174,0.2962446978596851
2.3230688128527532,2.361742210245882,0.3567043990232168
1.4547302451685473,2.2826668754887383,0.07556954234729085
2.8066310343294822,2.3800138944998706,0.2534270470813895
2.4051088827136518,2.4596108890968793,0.317964391263152
1.7564873364301685,2.2844531074449845,0.28530232853004933
1.4586546149027544,2.311437321647868,0.07806294611500197
2.8044878897644288,2.3463639738056963,0.17222005755755165
2.3620798136662344,2.4215638146428207,0.36235351844783636
1.4639477456724466,2.286535216851539,0.007703608089856373
2.780508703228121,2.348086071165543,0.1558035084297995
2.4046160715204197,2.4542088010476752,0.35594619816497786
1.734730449425608,2.248619511031743,0.3009425867904849
1.4629499639386887,2.33634014169992,0.06330085050694167
2.756443447586465,2.3395380500326928,0.25450180819733115
2.326018050617768,2.3612422464962495,0.3947358267901411
2.805475896336637,2.3466636659531876,0.23443779765931327
2.368474915086686,2.3904246799512143,0.4146896134425333
1.7286868961930715,2.2350973631899795,0.30921389326408066
1.4297181101587622,2.338233423595883,0.02179712261102018
2.6640300239730985,2.2666506309445866,0.14038070280731585
2.3392200023366168,2.3987714758076266,0.34471239193456316
1.4862647971175003,2.307186556892406,0.09175955657965029
2.7996937690709025,2.335896444733746,0.20513798812086592
2.3854209920975147,2.4559754826808553,0.38304449532189433
1.7320713670656072,2.284340573878067,0.27153347723837506
1.4675936425117841,2.295064402917045,0.05334626421829869
2.779082006479063,2.3811966890453777,0.17976515596491072
2.3396570235834453,2.423503349742136,0.360128775156789
2.6829447231525387,2.2729978102210415,0.12991224999227136
2.3018662490336137,2.3631236074635136,0.36250631494955354
1.7545457747697484,2.2866510882784925,0.27142094367284253
1.484200807519139,2.3065318594882616,0.09135760522061243
2.781179136259263,2.34180493383408,0.2523585742552594
2.38578696460918,2.4523894289096457,0.40514986056634505
2.6400567979011513,2.2273335007469446,0.2514048105641222
2.3044793166087603,2.3312279706366734,0.3723830724759116
1.7439908652728946,2.2570318719959985,0.22045004831709947
2.7567865319149902,2.33456749960239,0.3009314705246102
2.3433670550192893,2.420870016592543,0.404531581606987
1.4706339561722097,2.2830278412097416,0.029490739024332968
2.804902261246692,2.347543668909742,0.22238541106754317
2.4256445897802656,2.492745348834111,0.28993483116774077
1.7539227870349072,2.25293774824364,0.2905763857400967
2.8029393611238658,2.413050841040345,0.2308086348743752
2.2853889029400056,2.3292877202816364,0.41892854662407486
1.4854643067540376,2.3069581518985354,0.08095271330649201
2.6461219280146686,2.2271668461637337,0.15705185316662118
2.367208435619608,2.3974689951379817,0.34168852919802184
1.7790614030983982,2.2306277301836053,0.21391329655248614
1.3858132104783796,2.3657359597785956,0.09867710005512165
2.8055359778173794,2.343898964169333,0.2175001102387426
2.3000020542005783,2.358674955291649,0.3633466212031955
1.418556663808699,2.2812993065483975,0.0030475825730318373
2.805796569319171,2.351078462687547,0.13364490133820284
2.383382513286611,2.45526141905179,0.38196526385774576
1.7502773670327187,2.2238134889207264,0.26524482979925335
1.4401706188779222,2.3353387836892106,0.0830269027205055
2.7802416744248215,2.379518460703143,0.24425848211799428
2.3445753603542205,2.3913433067167533,0.3827389917254236
1.4335254163729514,2.315289688966213,0.0643138537624024
2.779962963111378,2.325249386475589,0.27755724164506734
2.3423730879827214,2.390531253053783,0.3766650104072051
1.768898334528529,2.2596866628172494,0.21835747832137464
1.3108377213947764,2.029364783611086,0.004687588486112171
2.7830082835618657,2.3141963013859477,0.18465309429915333
2.3793892405844104,2.4610897995112677,0.28317399574866786
1.3568880306166697,2.377432536599405,0.1465134692044574
2.805888122051731,2.3880137913311446,0.18609671874681988
2.387989713817827,2.423771809056435,0.3771328472482347
1.7683658266426634,2.22846884999623,0.24109016752972212
1.2935203074543595,2.4238702759274884,0.25327809507913024
2.7545971341465076,2.336797428524811,0.24411546077768942
2.357889368803025,2.446464965764854,0.37198926460119086
1.2803051235046328,2.4408742886236334,0.17546280344347132
2.806519454436675,2.3513178349358217,0.1747028144459497
2.343596175269264,2.3946558943836105,0.35563822097583286
1.763890471583076,2.257246925549728,0.20739716799426788
1.291231846768224,2.4181863771238423,0.22110179528336782
2.776335186083693,2.371726703286952,0.23286103134087965
2.344759419493638,2.3938695899266293,0.3722228253938491
1.2994036434049159,2.3854479306379877,0.12384133831315514
2.7566143937042917,2.3403753760645056,0.2686265886132517
2.3826417467760295,2.456215808603426,0.34489505036230383
1.7878260275202729,2.26002950872663,0.22276008585193763
1.2695092920383737,2.413319061936071,0.19365087705987838
2.80783099501431,2.3541202068543643,0.14599703967841715
2.3374866993009125,2.423689077811265,0.3309573093153664
1.2469153174191834,2.4190833077991485,0.19872828365229678
2.3624012019044915,2.421621273519149,0.3495193871639366
1.7638994122796154,2.259689762258711,0.21756373819488983
1.2741695407023876,2.4526011446033382,0.20941661799448608
2.798402732490664,2.4096061694835043,0.22244525412887484
2.343547537880091,2.395589064682162,0.35078220092778833
1.254621363370834,2.4003021230525685,0.1719743225166095
2.7814993324046475,2.343460750830361,0.20798139780144864
2.3276533636194037,2.356020164470399,0.4526138720617736
1.8146556273225163,2.260174705638183,0.20958982908634916
1.2603817945463007,2.4297368033588027,0.2011732362960239
2.800296729645496,2.3678183076037236,0.2236690268517183
2.558961104013351,2.685230915605613,0.3894198973185543
1.2577203280005562,2.4686710333266353,0.19387095230211182
2.655956217370475,2.222133114811326,0.07648265567206503
2.3634776617677935,2.425117443487969,0.3422792112077815
1.7470255760968225,2.2854513660142333,0.2275185629021037
1.2583750254057888,2.4609794117115156,0.19998528596347964
2.8031899390455326,2.3388776305827728,0.24270971508049732
2.3671705270662824,2.422691534497739,0.3991317586007146
1.311340784586707,2.4096154678078894,0.18184447882878207
2.7564491696322504,2.3368398670309785,0.2941168419154456
2.384339525444151,2.4511999586440667,0.35985936217151027
1.7296794327181932,2.2832116619302796,0.27352758036425917
1.2603950267771782,2.4721028302804813,0.19438684538636752
2.8010737357793833,2.3303927903720267,0.2398679743299117
2.3454350977334157,2.393051337380735,0.3986995653360559
1.2563459641285735,2.4456128577814553,0.24785228444861418
2.6396657914391772,2.234342529984764,0.15925071314154926
2.3231260333106025,2.351358604511972,0.35968221717322524
1.7332324655228115,2.2832738891780875,0.29808818005331283
1.2742980483139759,2.406097363330263,0.20340852960883948
2.8191255981381618,2.343699646241487,0.19890162885460594
2.3326839955387095,2.329553080154475,0.39808486265526377
1.2742248538116427,2.4047867764291038,0.20828964321148624
2.3447362928919233,2.362986039946328,0.35140447339821135
1.7149979745360624,2.273968412235708,0.3219349545406631
1.2703504327687671,2.4235257610880896,0.2323548389122334
2.778403228797819,2.336681557097857,0.21856506639094997
2.32686944334686,2.3656274793274354,0.3805543921612762
1.348158215306654,2.398808192268019,0.19164136613384053
2.77590174111548,2.3782231325907177,0.24057034053904425
2.3476867227498097,2.3592400073119784,0.3810330472449668
1.7332592876124289,2.2768077390332175,0.28565870468911636
1.307380890484918,2.38890047000777,0.1071281368783823
2.804900353898097,2.3442704203075917,0.18507317292017067
2.3413178473725393,2.393796157005844,0.3264842490970601
1.3312358609439758,2.3509101391743186,0.20319389329025794
2.8010589538277717,2.379169177492265,0.25327058489414256
2.321067527339452,2.3895275108573335,0.3818852446248393
1.736487713528036,2.3018333446508676,0.28734974800888313
1.2697261337317671,2.4149066912201933,0.17835444818120827
2.7570344872323402,2.3358840469678985,0.31321586818832703
2.3591484572942973,2.4538425901180445,0.34991757597990025
2.779702848446735,2.339436722138752,0.23435782312988884
2.3421399146169835,2.3901445381267896,0.3461553309288383
1.7697276735394913,2.284257127377175,0.23230368322758377
1.3699990256493946,2.3712901588779984,0.15870921986322806
2.642694422589458,2.2048983129355704,0.23579493577033395
2.401378108861837,2.4857787581024606,0.3298514047735823
1.3715957148419817,2.369748305960079,0.17422056818253262
2.2861713927011036,2.3305246358434366,0.41632379393310637
1.7636098529210376,2.257174923140386,0.21561199906884787
1.3488769280991066,2.369014692007948,0.20306964741242295
2.6594643082738245,2.2398852849926154,0.38813893394098176
2.3181111370172065,2.395193051430784,0.3317659655037022
1.3441502798621285,2.346685123624846,0.19687271661734962
2.755453295247087,2.3372396949795404,0.22748819433661693
1.7880752941397815,2.292005492612901,0.1860192774147129
1.275990939401323,2.4191481576512706,0.2152379054297202
2.6403288334945128,2.21453638378865,0.3031228948203539
2.3076016462587705,2.3572985648640716,0.48624036771706747
1.345871781178401,2.361635637143314,0.1700175318970938
2.734723515460933,2.2410859609311706,0.21482353395324716
2.337012246337907,2.42128748751558,0.3326586046336881
1.7881730457552751,2.2308520820617193,0.23957527083047414
1.3460051763707634,2.3734135146978503,0.19999439057266133
2.7941164433605556,2.375431727926578,0.20782396703875672
2.3464114217954797,2.391420077497575,0.38092131834211185
1.2754877570001055,2.4397983055992682,0.16492020245283245
2.79994816168976,2.405998181203488,0.2630667569434879
2.347019150741561,2.3659231183591687,0.3639827219507388
1.7853418251845758,2.293219281573026,0.17994174962025022
1.3684524043574258,2.361021470896745,0.27049745914022805
2.780024951940715,2.375225257441513,0.24200341496494238
2.383589937446317,2.4544290998100307,0.3413419282003678
2.7561573452972157,2.3453649999807267,0.3038660455062956
2.3044585741927897,2.332707119469636,0.3598506002890245
1.7928231616298786,2.2871932521157197,0.2194661097755648
1.3028729912899288,2.406398962826346,0.2204201118852731
2.801908916045418,2.37658424331319,0.2180691706643405
2.3254096064159637,2.357297372771202,0.38498847094321653
1.3170649761388684,2.390927027886587,0.22906882005566942
2.7762796345558636,2.365860652692786,0.3046943116220999
2.363944246917844,2.422513674241551,0.3653431383171113
1.7672511005981746,2.2847964301915145,0.20872276034810766
1.3600213275211017,2.3593041419083782,0.2265548750379469
2.639872023506011,2.203803256425287,0.13608545813952588
2.3846070310845993,2.461117217647275,0.3421717738392054
1.3453439224547354,2.4033696164253753,0.1716772529770898
2.7562264866837847,2.3392929557386433,0.25170119465025054
2.3866638681257295,2.421313713558717,0.3689488019716409
1.7329606683480245,2.3048166762670603,0.2589674178352921
2.638426968526726,2.2245986012848373,0.23627455942946973
2.361158087457702,2.4227659210928203,0.3304427424344123
1.3087806459350717,2.3764366622158977,0.2011796586962813
2.7556259102949348,2.331756544615184,0.305313544255742
2.3663775468879122,2.421591471197402,0.40268207934444056
1.7576266195878179,2.2504231475438896,0.3110211060325885
1.3063969370284738,2.4092623698998272,0.2511460966122192
2.7590977615749788,2.310897065159233,0.2226814375258146
2.388349725865133,2.4234287247284803,0.3983412520260994
1.2953471897805053,2.38969750330058,0.24748693779081177
2.7590813106933463,2.3402738097519906,0.22525404841317442
2.2811126273900215,2.3294674878864168,0.3558874875918585
1.7578708794172648,2.248498155977588,0.3140961989595825
1.292496180468133,2.4151613222572026,0.1891955194204722
2.8038682398896286,2.340350103695664,0.2129230697211404
2.3657631422217493,2.4183856950516875,0.41225985998271053
1.2956812142032041,2.4406129818665527,0.18597911878665285
2.6385776490657307,2.230351403056364,0.11846782330608119
2.387109234022662,2.420563410306407,0.36956028600172397
1.760150399406861,2.2793509499618456,0.30695234410612904
2.391267969215479,2.4165327058947272,0.41421825992758077
2.717854686068202,2.2296390083573163,0.2020174764560878
2.2968108215825733,2.300016118280004,0.41231162661494825
1.735092011193647,2.2817844883464438,0.3032532799763932
1.2810903550793358,2.369816970509385,0.20001417931405774
2.8093704637490475,2.3554694175645086,0.2106182177902225
2.3834716818334276,2.456379840582323,0.36361335197955014
1.3709960921274293,2.36302871687107,0.1943174059775512
2.838570540227011,2.4188222394606425,0.33329750679944126
2.5295855514646473,2.719471637526105,0.42610318727551455
1.5077073292317482,2.1799053706625546,0.5059067705843885
2.713046975515936,2.033751923790864,0.4130526315337506
2.5890242557305503,2.6749028613994392,0.31953542063472007
2.7154809907417277,2.2585505983122416,0.3650496450561571
2.6033069588470394,2.5283493481606123,0.46178079789749327
1.438883993041309,2.151853279666822,0.5176603292996773
1.311230754414633,2.3897118084150186,0.1946262027305341
2.722568221283589,2.275464488787422,0.39898131648238633
2.6981846768451425,2.538832612858446,0.5339831799290098
1.3414255131848876,2.386086415579102,0.20651509378721156
2.7317726087658976,2.3261613375210572,0.20084722870244365
2.6124312376883583,2.3520435810750118,0.5563470803114354
1.4381313056020086,2.151336149779863,0.5049938658758641
1.2953612564763932,2.4437944393177213,0.18783772565838097
2.6867973288958598,2.2800852791696995,0.4650212639058271
2.603940913836302,2.2212783842236132,0.6135528150150475
1.2777101757411389,2.415019463205686,0.20809808879081348
2.7442864844791006,2.3011030685587714,0.37115012063808317
2.6563963380587707,2.1890766179477845,0.6807212273375576
1.544486374561221,2.2008389982950125,0.496246914353037
1.276761985070851,2.4338426096212857,0.1786561072782209
2.7678069536783103,2.348607492586834,0.21670422434511827
2.6708352053414752,2.1913904702082463,0.6323246416014932
1.2824404002567324,2.44653124612842,0.18350025110119517
2.7705623571423588,2.298761082906581,0.2868152135726043
3.726023840274557,2.5646218731685493,-0.5695929064855403
1.2772519352411908,2.4259395107310473,0.10359014684512724
2.782705730390984,2.2886333003025494,0.27793570132427714
2.721309132792316,2.25987787451358,0.49302155812164306
1.2962640284082632,2.406599234428488,0.13696599752703165
2.759156650962849,2.3219494349931535,0.3140180572729232
2.6755914174816753,2.2036547216536992,0.3919626909833731
1.3134627098986416,2.363135766810786,0.09169875984403442
2.7380985687997805,2.2864021792872586,0.25037987892952884
2.7489807077899635,2.201033547851379,0.550372132107164
1.322467183406337,2.4015926827935137,0.12204644135395792
2.736356682695399,2.3001195919411104,0.1995791101253861
2.721814103332842,2.1712357560569755,0.37913222538500335
1.6514500069315246,2.259103490985298,0.2977097799787458
1.3317512026924867,2.404420327080899,0.17439403259412734
2.7815906467186338,2.2851635947954407,0.30966766340941887
2.6741308652950564,2.150129751795532,0.32814033429384803
1.3117973561566345,2.4028481950040845,0.15808317739915068
2.765128082576637,2.2956089509400117,0.22221941213745433
1.662495701063729,2.249991848343563,0.34634693005299266
1.3169125074605559,2.4299313529151694,0.1653942828801911
2.2815520328225944,2.0488838738441295,0.2789487418326402
2.784514612114765,2.2805697457120235,0.367234334027269
2.5741679175241163,1.8712406977677962,0.38056467396215243
1.7887181898255824,2.244247868059274,0.45149181466180144
1.3114050383925009,2.3866834156883443,0.2013624065309858
2.7961708962159424,2.229021265832138,0.35270877199342476
2.322108224416598,2.027582604770597,0.12076611127571457
1.302417969440735,2.3914305679148296,0.21410754808324373
2.7519454427623127,2.192922786383206,0.42762212218930973
2.269268707870811,2.067203003394339,0.17108029757867982
1.6164554054219595,1.9963147240490422,0.3156922920834315
1.2930073498915922,2.4257127746671943,0.16689557481972894
2.7619800037205944,2.176073030504425,0.4239605493798706
1.3342600813506311,2.415213059087756,0.1902272906878224
2.7545637555460956,2.153780655418864,0.46645070244851716
2.298229650518677,2.0329348633378395,0.17663793877782208
1.6648156330016817,2.045856911628899,0.2867931896571041
1.3733894569862897,2.3764638419333313,0.14834909848640132
2.27623315284687,2.0919220027258536,0.21602625133603537
1.308135008435665,2.4312567217679155,0.1259731430649773
2.693540521434898,2.054849583402219,0.5662198145244073
2.3252944502445407,2.033192116979162,0.30233447440823547
1.6291695527376373,2.1048202091595147,0.3226265174082954
1.4812245092459329,2.2939791215682948,0.08588720286673102
2.54378504649868,2.1984686408325187,0.6039644545526879
2.316353992124065,2.100264745466508,0.16777164385902732
1.3708098872208427,2.4501635531029824,0.02410942325963783
2.3791281722454705,1.9852660497030188,0.04148274983827682
1.7437215714931382,2.361823510979609,0.40568952100190137
1.444669219748511,2.376161527181526,0.09791305049131194
2.5789865953308024,1.8062375425025843,0.4804363358259125
2.340075686600047,1.98810215784978,0.08896256401461744
1.0704059405780852,2.207469657255929,0.48055575372768367
2.5548483836053877,1.6559824616934542,0.40283854153168774
2.3661527181722772,1.9853227933236257,0.1709273222630341
1.5706983510465469,2.092655378259411,0.31501819337612824
2.49776382434286,1.733132566465722,0.38467050997640895
2.2642526194845423,2.0820371686487054,0.13224849866876331
2.4431850442970102,1.7899360301346667,0.2501984125946437
2.313184694014903,1.7260068313359405,0.2559400682271493
1.5671853725624232,2.0777658998958817,0.3677716400794362
1.394317004979888,2.120532946858992,0.17164910468454608
2.4970075606249433,1.7382692946420883,0.2619750979113238
2.31054730774517,1.9330539317224642,0.2025638275127939
2.464058113646364,1.7585866102608116,0.17964795833608216
2.286649898779874,1.975769122645735,0.16709067571664593
1.5023965554875522,1.9903845388584758,0.4172351191185977
1.395020935820729,2.432985256429259,0.42347074822798336
2.4856121064441314,1.7238742964009903,0.23613456302478508
2.4141218200807377,1.7720363980653722,0.2670329988843987
2.461849642391931,1.7575499663011533,0.2230420903179997
2.2449359465887064,2.210770323994086,0.15280114806813438
1.6889670769579745,2.2449669384783926,0.38150910952669737
1.306730007776875,2.426805208573163,0.4726442804824351
2.4731313709127662,1.7407451523235677,0.21528961245731537
2.281077818278163,1.8225546712870972,0.24466520929903313
1.2617819076243157,2.2639231224582725,0.4022788539361637
2.4863278390044043,1.7285924807707371,0.1992660665416064
2.264408068395035,1.942479452416842,0.36747638848152064
1.6640425607742717,2.190406516753437,0.27130706900284807
1.284412717913247,2.3047091494901957,0.47502575418162163
2.5092043396342287,1.7279799834541865,0.20123205117726806
2.337107375349083,2.1145515016750203,0.030431760360434712
3.35008185592196,2.244282915589648,1.1583357331748951
2.4654123311488116,1.8295119636943629,0.24392372754308878
2.3727008843174775,2.1042768532294183,0.23480594573532532
1.7700439357783995,2.2966563237354993,0.38658721647366856
1.4797947130554083,2.2868635192279076,0.4983796280756616
2.497754049181311,1.8101316330713744,0.30628372902595946
2.3185681854242826,2.1681057970177866,0.11066985220180947
1.466678592023334,2.262389375771869,0.5780464485317207
2.403843118502297,1.7647543795603478,0.1296628790681209
1.8003090280280947,2.352797222187358,0.38506428804880843
2.465945196662539,1.8251516456041574,0.28679205716889156
2.2943560639408114,2.147124962507681,0.06048020234931295
1.4724620305912277,2.3467969419360415,0.6965454255255528
2.4862808705452526,1.7941374422453158,0.2661642314138388
2.425247146016783,1.9023754217157847,0.11065434754411152
1.7252648743950716,2.401520680384172,0.1951669807531422
1.4743014298925283,2.4200732217183067,0.655901496464101
2.4851836682659805,1.7936510683543996,0.2202984439082376
2.2976870098434,2.2305011299208224,0.18191275594706435
1.510627837558551,2.4120118128949475,0.6272661147796692
2.4863938809495063,1.7939340712017118,0.2402280608779903
2.3973664779294093,1.9295539470564602,0.09575431189154182
1.7323269517773368,2.383039426203657,0.3736900532800491
1.5065597014239955,2.5325264415767155,0.6191769898966717
2.4980065344515734,1.7738232260680538,0.2383981089382694
1.5127061322713746,2.51945418958405,0.6291662511862408
2.4864789963805585,1.7875223997009964,0.25554712461974893
2.326242879333403,1.9590828026994158,0.07188111019570753
1.8305511128853624,2.2544893763230927,0.3021626640254773
1.549570293031899,2.529860921919636,0.5981020995185913
2.46498985343502,1.9351179213173961,0.23373698117089248
2.384033872831803,2.0779478132678273,0.03210609016584243
1.5848530233885962,2.5524241405052366,0.6193113387614546
2.5295867435575192,1.8175500270007148,0.2437384167087453
2.279279665390229,2.126422839310556,0.17114920054571114
1.6050173935256218,2.520388075138323,0.5981442996056658
2.5192584509156086,1.8066523908213066,0.24355857460037544
1.564228982240177,2.579086251214675,0.5665967542852266
2.545423220523208,1.7821129206759982,0.28328283382634933
2.0359294028046175,1.9964496689619138,0.3261552016666991
1.679256407632981,2.4453973273905785,0.3474267873658905
1.5314848136541341,2.5832247208217938,0.5833145452774919
2.492526006682423,1.7061583658429458,0.20441937964658097
2.0333153815551737,2.212841466146237,0.20761305601034752
1.5394056747412967,2.6394409595430295,0.5847850514190436
2.486426067457047,1.6513539227075236,0.28517259902508063
2.2036826190832315,1.8475001682638903,0.10421735905031881
0.4409860302283018,0.45444836528315474,1.9972356748754438
1.4825943431650024,2.7129969043125723,0.5586988410962059
2.365226223592257,1.7658773310437865,0.1483251970246542
2.071081598991845,1.7916489483794154,0.367485418584899
2.1211957528139544,1.9182322834432317,0.12312548655359756
1.6042436060424887,3.005371747349538,0.4167622456852549
2.3502892999076836,1.6509554060611182,0.17788230490473955
2.112427909741326,1.8236831063977368,0.3353428997204211
1.8685480002927413,2.4077097881460796,0.7104409366830942
2.30015964887824,1.7430786741163822,0.06554308776063889
2.106397350321093,1.8132013914206344,0.25030286973108207
0.47925996001910376,0.4686508405257652,1.983573337080383
1.9181052083251122,2.4698082899245124,0.7247793103363485
2.4580032355315447,1.6118019502145124,0.20056474739923935
2.277883486218691,1.9799760183835842,0.3724182392151405
1.8271114481128596,2.4155313478840172,0.7335746906314184
2.3102716958731926,1.7628725417559354,0.07099572793097808
2.2137984807753743,1.6326945698522461,0.18277639741834717
1.7778073213971877,2.375382852118913,0.13173180092183068
1.7315674694086662,2.3185576923597355,0.734519960660962
2.3788609050235956,1.7353461637158252,0.11417693722779299
2.257302241204372,1.5811590837846425,0.23188107140924918
1.7673793697911881,2.4585210777952238,0.4957841141043209
2.3825466177648535,1.7066806217292454,0.1365248933682801
2.2829725306887183,1.5950233622800645,0.3449702118168252
1.8312579047490964,2.238823607082689,0.3634916989036754
1.7918203731060587,2.3750512118825085,0.6226328670839432
2.3365568668608514,1.7294826165166857,0.15372274015334098
2.22108431398969,1.695988263942033,0.2537772243576093
1.9136180515460934,2.2488753341616214,0.5751258210364414
5.090412994361238,3.2541055009311886,2.3799895109682434
2.16165395437389,1.690628137561849,0.10399569683447174
1.8447649130338577,2.231602146895455,0.276595610141086
1.7221133384696998,2.4039072503096968,0.4932523472984127
5.09621514878722,3.254189662687804,2.3900994120547603
2.0252668473214337,2.1158337167658763,0.12503967475470046
1.7519837287695181,2.39109439772552,0.4718595555581677
2.5225147718044174,1.7278757945373577,0.4554530200103992
2.0413276761656087,1.861881219018411,0.21899648479525258
2.034566840652066,2.0159182144572743,0.5190237258981882
1.8729298952711735,2.29250402585109,0.5050026277583499
2.3496348409210253,1.7191954510959495,0.30465717792965985
2.0443868248934107,1.7929631115591846,0.1570033349874138
1.9226772421166076,2.257899715605281,0.5147727823811301
2.3797988436951854,1.5505021506589074,0.08994188319633811
2.0704757773943596,1.797643029747808,0.16557594293016553
1.9726155622401158,2.138142542733042,0.3979748026824059
1.977018318843806,2.1669108431250064,0.5333842724785491
2.383655740972845,1.6152853647896248,0.16591925077130698
2.0870077213414984,1.8104992745124486,0.2246246233856204
1.9756266696251807,2.207773402519177,0.5108583666770998
2.4402999411285022,1.5830819295837788,0.29504923734215316
2.0631470288366556,1.8069810508255362,0.2276380553096784
2.0241376969531952,2.069678741866532,0.3834758243192329
2.0139920329392558,2.163314537355115,0.6021772689441476
2.3956129093148832,1.6495242985708125,0.20022693808639258
2.1469215938261303,2.100843387345554,0.6034693783899163
2.2737123532600063,1.8028361439169203,0.3169099255280705
1.942456208628156,2.0074853494956555,0.2699077606070739
1.9832281690319682,2.0961575086925817,0.5258562657025021
2.4570617205813394,1.6395783101294392,0.8352712380402645
2.3136906182297254,1.660737362523594,0.036303721055241045
2.1028987961607193,1.7969421983495983,0.21859136693956804
2.205059963187394,1.9488485662021031,0.6792027394585831
2.3484398870262595,1.7264438525820431,0.2144606161846372
2.127765138212274,1.7502307544985882,0.14371239372139533
1.896918499341168,2.1662196676790426,0.5413549629363807
2.445919705345088,1.6552364499754757,0.7858785395143817
2.3780438445692136,1.6840216780861925,0.3550782949617377
1.987280688749902,1.817667924985547,0.22124574049563495
2.174347836110746,1.9472298232940763,0.8655129648471005
2.302607730799919,1.7555261502359372,0.24446113790338075
2.150000769714179,1.9153080796333852,0.21766172822758856
2.0479101745855193,2.147341208154279,0.5586298785245316
2.1717836443433467,2.018479068360377,0.9025362098840468
2.3382455856231474,1.6581178576512925,0.3768737756684748
2.0685314739203338,1.7410087240571013,0.1267459023572104
2.017716131070988,2.181044534609024,0.9205351430678133
2.5942794779469174,1.7495627056543002,0.6568512964464945
2.127434690068191,1.6794922020177494,0.22833535512417646
2.029737434009533,2.0759505808736094,0.7105620533171841
2.03248783068352,2.0991651590033196,0.9810131130543509
2.257476763600814,1.7521994958732157,0.24498638891654978
2.123899896284512,1.698281969832993,0.2893800609552446
2.01507516852264,2.1053306633264026,1.0087469149123833
2.2997848548793227,1.6587603957081645,0.13023414486550133
2.0995142060788963,1.70316287487948,0.23445740758678157
1.9346265426456917,2.2079674752383953,0.9384570670531325
2.3048982180439364,1.6950267218331778,0.16483286675002717
2.2392584850771224,1.8999788382101532,0.14093055563678436
1.9621094093417213,2.1640126269397246,0.9546391911209064
2.3059598959556267,1.6937327050229096,0.1805388391291063
2.2307953409425445,1.93255957080932,0.2898620837012511
2.169139820772106,1.8688684329567113,0.6465030363935771
2.094416578540191,2.15453310443834,0.3083061443571551
1.9733095987101206,1.9017556526327273,1.1498671055314391
2.0475203602164167,2.1074413829618344,0.3382186747220228
2.2397424747831027,1.7398070944442494,0.9005707467890094
1.979883990898502,2.2388512636372706,1.1020825402672432
2.5347284785324833,1.7466081034762722,0.5178886746860942
2.1397409032031143,1.816408002031358,0.24763670935690918
2.030795535642608,1.7639524586867708,1.1760783663947896
2.33593983959037,1.6618410021025403,0.3384027338588682
1.8620448952580977,1.6339443600170414,0.2324866992831809
2.2451157141937848,1.6280018962699148,0.9123961290988254
2.021589717648853,1.75305613380952,1.0010293057677138
2.506379556365038,1.7741667872331568,0.08061325741538883
1.9038301346030027,1.9974990683152802,0.20770431071841444
1.9803441387470455,1.6492597731629834,1.031376652001522
2.2800595325470088,1.7103249688417936,0.24852112304619367
2.0544778910538186,1.7750069742878571,0.3368691958075969
2.057728728315417,1.7549216399416145,0.9422881554665836
2.0695600116501858,1.7164675849817748,0.8959194388865273
2.333705619129905,1.670271721296993,0.4963898760886989
2.1023151474906503,1.7011053225860462,0.27178724400492915
1.895516002077409,1.6471860084065184,1.198423908547245
2.45483107639949,1.7479128491223694,0.42929409202339297
2.056960543668782,1.6806529428451635,0.29085465001482547
2.026404103921201,1.6511140736221008,1.0233022494652868
1.8210814847390622,1.6465272578866161,1.225127980596941
2.462294531451714,1.636039105608016,0.28924508624171263
2.0866155227866523,1.6916935109596718,0.25934301649164926
1.8046192782249273,1.6139504591939196,1.2464054075511228
2.1427156517555868,1.5664159944255356,0.4976931614049853
2.0342299552064746,1.6588025957957586,0.29819388888724907
1.8383565793825278,1.7777047996617104,0.8979832496421203
1.8577298766897778,1.4794203946408269,1.3232230366762519
5.116097350541472,3.2401212978930554,2.3910170851347057
2.18896432523136,1.6630119949286355,0.06608401479485404
1.8025868790876702,1.6228229680059543,1.2231773590579507
1.7920415063337911,1.6598986059803376,0.13078343145086335
2.156632620778985,1.59337720123603,0.03479240435984898
1.8562991268249553,1.5835305141307194,0.9672291817880583
1.8104732886908355,1.545988648634921,1.2242641901140514
1.816257800142314,1.7516032110196953,0.13100526503005838
2.1615044659277576,1.595294324989391,0.07722158932953116
1.8790536763539867,1.3892119853624711,1.3074214882525048
1.808423246579075,1.6741722491672808,0.07853123744143242
2.07993646484412,1.668676104990642,0.3468504402727146
1.8370248924353583,1.586891739186668,0.8632851221146298
1.9898423771222706,1.4539601519628138,1.2260308717254822
1.719268766458836,1.8528691161313116,0.04140404935809139
1.330722307334773,1.4879984565139983,0.1911555733941792
1.8087321178421774,1.6764379408757981,-0.05639215649299645
1.8109080449612078,1.6561698586926015,0.011118734793591711
1.900356614392938,1.4918644136910593,0.9502204605344768
1.9666121825373615,1.422782870299371,1.131680298513691
2.1396832059081152,1.5343248543680332,0.09837629032426842
1.6575383828560437,1.2157001263360374,0.029070747947634534
1.936696492708413,1.4289908131286224,1.1411636355955062
2.0779573522582364,1.613844124509925,0.08444851070325265
1.8792864920918635,1.2503961085235413,-0.22518899556825744
1.9796354395347164,1.3436388709929215,0.6768221896313593
1.8719956520874856,1.3418067434611836,0.9406021785414511
2.076503237373125,1.5403436120588327,0.24954699345391096
1.7038353360931275,1.230976796463708,-0.09096416804698515
3.663031745576174,1.5539003305938228,1.5888599486269133
2.084291418523648,1.4769270131941599,0.22184786659680467
1.987371645436026,1.3904925315233096,-0.23868026803859488
1.9204707974200568,1.3559721446155404,0.6551262188757112
3.8606249537863726,1.9599622096095357,1.2945441436026042
2.1648072784385697,1.1676232593118523,-0.10975862949651916
3.623204876401182,1.446204872588442,1.4642707480497106
1.8719706181371767,1.8153051969174205,0.09279444964016514
1.6817826908470548,1.215716815636216,0.013819526396531057
2.1008672314884724,1.0505393547003476,0.535747656168658
1.8911586642121374,1.2287324432175615,0.5802906229363078
1.5658316318971237,1.4101870978268014,0.14971899199097294
1.9877289156697262,1.3708581659097474,-0.1085389396917047
3.391488009733609,1.4269051274434585,1.3314490734236704
1.3949664571764844,1.3619849418419907,0.32461832575543337
1.719877091451353,1.2316537860045198,-0.16205993028100452
1.7965905327328602,1.498501748372046,0.31906746458440494
3.3846048654914114,1.4702380608919068,1.3825482528717954
1.7402748733726907,1.6350581323853817,0.18572095617769513
1.6326837233146327,1.19803855521286,-0.06732464635309443
2.0857507786173954,1.1100837975050357,0.6250941215974652
1.9030081865678459,1.484800786599799,-0.24558461653627495
1.8080273525363257,1.227321124468896,-0.24686373216992186
2.080686529679103,1.1169339207632984,0.6050444906795136
1.7807521484185762,1.4274612387672634,-0.12814569321278302
1.7328983218908258,1.2651363368597601,-0.1383206080633913
2.044978341376434,1.1931407224476205,0.849198876100254
1.242803789104092,2.3446545126302714,0.22704920614268365
1.9342994323616498,0.7987826920192236,0.4323406939311474
2.108088453269133,1.0992014201143623,0.5579027018828497
1.389135215684429,1.403391214794119,0.3247329752857837
1.7452425627883614,1.354362700031899,-0.023519259099933132
2.161071736215267,1.1152720240933813,0.5772729590826138
1.7186538849555237,1.5753159213735781,-0.002748392679632894
1.599249929002211,0.9691736519122794,-0.5149966034373534
1.9828863960056027,1.7975312114366122,-0.3413989158615036
2.0873717865045687,1.185802675577711,0.5261871310744675
1.707216469105622,1.6022985858557306,-0.1225938485651491
1.7350257308299706,0.9833451923449161,-0.2487891260438635
1.6464168716171885,1.659232702903216,0.10803476819825608
1.944254123097515,1.4530329421286114,0.19972716805800395
2.120930154522101,1.1579342860932282,0.6142563882181962
1.6239974193944404,1.685533371054503,-0.07911042137779556
1.7638772393521984,0.9970471673961024,-0.08205963674985917
2.151208121374813,1.0413647695550816,0.5987311669182889
1.6333820513189763,1.6416804466962076,-0.02569247976524891
1.6833502929735686,1.2971014727009154,0.04655549981797957
1.911368095459719,1.3846064537689289,0.11108822463992807
2.259208397706498,1.007130723354661,0.8110610242436804
1.6855867784104903,1.6140138785345979,0.003273402445542195
1.5808803738930786,1.3935091225305722,-0.05473701379462237
2.1352691244221425,1.1629889982801458,0.5777459219229208
1.7379614979455333,1.6243462242751028,-0.01973412027811572
1.7893513103498346,1.0798548257195923,-0.10428126830059514
1.8972892402243207,1.4835232206711353,0.19478147282492597
2.1303727221602102,1.1623703020806717,0.5451677527245042
1.7104824459466936,1.6930788420837737,-0.14509299188199887
1.5891518294938591,1.365791652003418,-0.10882171901812265
3.7477277983556063,1.4783795783561238,1.1650060887462566
1.50561818647379,1.9024071313861237,-0.03354880008949279
1.5753531160833507,1.5706472088579315,0.034629564475826435
3.2139014577734857,1.805809104325145,0.8255151501131759
3.718269276143021,1.5530123406150398,1.2597047530717704
1.6633826181604026,1.7690026409207833,-0.25931140185132107
1.749138679921505,1.4217105827629029,0.3287253240602239
2.260817961502101,0.9496661249800736,0.45514978139035356
1.6253782205679312,1.4577681734263979,0.0957834362101111
3.784528182147487,1.5764501977392806,0.9842240151598758
2.0283786865541718,1.272450780290846,0.09354602693247727
1.7929134030602796,1.5159846247740263,-0.12014078969000663
1.6012626586070822,1.6274623550370015,0.11965327024362948
2.144201714729664,1.2429656744562152,0.26440017240669
1.900831186565231,1.5900873825429882,-0.04597433782197702
1.7938272614558577,1.5503492051437004,-0.19652680669574363
3.725646900508471,1.5305244622988166,1.1008959310391608
1.9217086666582106,1.5864687846364298,0.09484157109578506
1.908947670092668,1.638575998444434,0.01551982985634448
1.6446270633793576,1.5868850634665965,0.027929890870806662
2.0300404640175636,1.3964882818217201,0.1991849446228089
1.9106133814625366,1.637101498773664,0.028863895622868507
1.8563813812331147,1.4507631973043364,-0.07551790799757518
2.259212450822262,0.7884784200658045,0.18182789383693376
2.141215283667047,1.2163097626297001,0.3526134641696501
1.9302075735789446,1.583757011775999,-0.09763478438865902
1.7360156447507744,1.3985336747678816,-0.28452249680914476
2.0414442628484784,1.4073257173111986,0.34623362162710447
1.966585598866319,1.551684468367267,-0.09784170935658343
1.7298959167837253,1.3088046060325091,-0.20911868981030257
2.4103672043714854,0.9092889858025234,-0.0035298544825397293
1.9674853905660086,1.123947479954023,0.35844908652146823
1.5799523295923252,1.7631590016725707,-0.1572350685599635
1.5437805363717847,1.2977360237355589,-0.1180137756613463
2.529448222365807,1.6930124425109205,0.41269127838701314
1.4691261971078646,1.5936757012906515,-0.023955172066829067
1.6148565704622029,1.3254385931018395,-0.1444784680151351
1.509939523134331,2.034159142715219,-0.46992354277931025
2.4775907519278704,1.64924010363063,0.31822990014433006
1.4750492297510545,1.5704253603748446,0.13577688490395334
1.596197336785205,1.318899725291906,-0.2480196897104643
2.286704019796257,1.0222908067996561,0.2985408177104385
1.929443084420212,1.551902382943883,-0.027301196034847486
1.5128324941157933,1.3108235345169592,-0.160969254725446
1.6011579928529316,1.9978025751599549,-0.25534831895647636
1.9632935151913533,1.4997158949600313,-0.12405928086148599
1.4841023406479223,1.372691366325068,-0.2094559030767218
2.772865957407967,0.7775338154273227,0.09622429449971093
1.9969094612945975,1.4551239922316896,-0.03802343610554204
1.4641302550911304,1.3280379516046399,-0.15746041881308137
2.062692364615323,1.173175193434802,-0.2745772535482546
2.5692972644682155,1.210121370123515,-0.10825640623443822
1.4817626199682965,1.3537249303465064,-0.10264337742101026
2.3080572641544004,1.1042297870488553,0.25938372646265484
1.9266036384086969,1.3566159939745694,-0.1384557019862086
1.551414818332549,1.3701230022368849,-0.05916488251784535
2.1834060730069633,1.1351237082371246,0.013517988371449241
1.6021461186344275,1.7032516857982871,-0.2139327779921646
1.5473338075949776,1.6830813552304213,-0.14552795676254593
1.721313801780535,1.514117568921201,-0.19192024697881405
1.615007727838356,1.5819910453985404,-0.2710460658948548
2.3891651173894948,0.8232791276119287,-0.157716092928204
2.0211865518395857,0.8084146235940233,0.7439394611703805
1.8574617750028932,1.368284556612937,-0.15070602069542682
1.6313764742713366,1.6135009209726832,-0.21137392087612183
2.4256770147063804,1.0356694266598838,0.3141188189215103
1.5671891872596133,1.671159472857202,-0.14078518553574715
1.6437831808353585,1.5517613583573746,-0.20716662285872545
1.748328414396493,1.6028973741042776,0.18629649860819342
2.779586977019589,0.9475009863051316,-0.3256221927714671
1.497922869357986,1.807913505868366,-0.06251578102805444
2.8098668512208955,1.1493266603168835,-0.1930172257253444
1.475573154568243,1.801997268164377,-0.2544214071569031
1.4480408160180303,1.608041731675011,0.06788102771886928
2.321853354960591,0.9282688924305145,0.15408306511999093
2.9407605559011847,1.45733651659821,0.15508659868783314
1.4474869696697579,1.7983197808700464,-0.09735837530843616
1.5967156587658955,1.5528634482155903,-0.08119051910202302
2.7405867050419546,1.2381877662336869,-0.02327439205160131
1.4325784177955352,1.7425933731090488,0.08908555819495434
1.6111679966980523,1.4059514726507867,0.007598685292146468
2.38810320105923,0.8666341743831134,0.15239698388673384
2.8740515156283006,1.3011834371060007,0.6024708218097448
1.5615551179285652,1.7364270343209567,-0.1788150188784775
1.5037321763411995,1.3406741360254988,-0.20899736455996287
1.6940146365960604,1.8474679817564035,-0.1324698014288298
1.726916995906201,1.2629550453264315,-0.07131925265337924
2.090672691666786,1.245041584979846,0.30407016160543
2.5630788312113757,1.1952281962720888,0.15520245521219955
1.4692737782054022,1.6805911924345032,0.16219688122625175
2.8241023474596583,1.0378321215444428,0.41327871194374244
1.5668763820900338,2.0054447249209737,0.10677065803342423
1.2503207691262639,1.811434590578167,0.15232589044908096
2.384736015533336,0.3362670497779485,0.06716682998814849
2.4388160239215946,1.0946608575822294,0.15074517532306442
1.7543115285204254,1.9319794984188305,-0.09640251055364168
1.1613265062880047,2.1124405436210147,-0.05225807905394142
2.2878896753666216,1.1460840485014891,0.07283303359349946
1.4207814667354768,1.764921868608568,-0.03069917848754733
1.3363598337351492,1.4925106472358278,0.014912218265395571
1.8136911049798836,1.2658186908184867,0.03913448710097822
2.2983424225043563,1.1345990681650853,-0.020421568562752346
1.3039614912912363,2.1467215582805093,0.04951998887975084
1.4310391874793722,1.2855745306954909,-0.14389486405670326
1.2933841704483913,1.8472107281150805,-0.022760879427766167
1.6106328662078682,1.2345114710322258,-0.3284090674483914
1.9518524038535487,1.5821406530537117,-0.019694878071438104
2.1399056504380067,1.112663248056909,0.1806637704603331
1.583048552408442,1.5237009227115526,-0.17715055922938205
1.5690750781829168,1.2321197751073607,-0.40524878009366283
1.4123772119887692,1.8218894834656971,-0.03147208120345224
1.5314315271027614,1.184249378568241,-0.5888086088466256
1.8557290680136254,1.4709630917753758,-0.002082728029280223
1.3775754911058729,1.92795868837797,0.24610521276465214
1.3881923894320642,1.2807065002519986,-0.382308562420383
2.101461847412963,0.9723110019272617,0.28655483069070375
1.3910453060930315,1.8457278837942213,-0.03320360725152416
1.4253554078755675,1.2339164974808625,-0.44134478550550094
1.898806416822354,1.5452735121222725,-0.04287871109555175
2.122546394037787,1.083478311206917,0.19003332227911796
1.4130009149793334,1.8091653225910398,-0.054413792718091214
1.3572787986600698,1.2333612206220665,-0.20544071082294368
1.6122061903801665,1.7284198657231766,-0.0642078078244267
1.3642551645648473,1.257429456455906,-0.22129323611741114
1.7648064757458237,1.5403678115440915,-0.005683926690707275
2.254157261789796,1.0355731055559967,0.7184122231873535
1.6435937572780182,1.656573501338347,-0.08857727777588753
1.3386084785193637,1.425240608169228,-0.06590060948115506
2.493777227360741,1.702898707099512,0.5980616279661568
1.5997458396369104,1.6828009749874226,-0.07835581914986345
1.4863627871515686,1.2568069455592485,-0.3575521912821814
1.6180396968486788,1.3983689275332623,-0.09231736480100339
2.47748608617372,1.0767390525855547,0.0793539156219778
1.5906822383227701,1.646272030803172,-0.08103015281067505
1.5346051167462627,1.2438589096436257,-0.3153406303137991
1.5993314681546473,1.6231403031279197,-0.18067903487153625
1.3318255892876916,1.3160783990967317,-0.32492890136919483
1.425793025168832,1.9089617348219394,0.05202701975891322
2.5379750242597434,1.628364173293075,0.47601361172841794
1.591424077716937,1.6533914478407432,-0.10011538060875691
1.2929115056246936,1.2311109069115707,-0.2656462726909037
2.5002080915673495,1.5996805114948731,0.49171839201464196
1.5593319839318085,1.65393718795658,-0.12310559912673258
1.3260125868165755,1.2190462118125382,-0.24441664866021617
1.8551655657130908,0.8240473718619308,0.13232047127489688
2.4935175895332473,1.5789676594619193,0.4036376907795032
1.5814095439189033,1.6102305333934204,-0.14540971605246922
1.4068903661273977,1.2261659864779704,-0.13746690566628894
2.158808428688728,0.6886703253247796,0.00011791682530182257
1.5909913480044469,1.6465407285360458,-0.12313864990114354
1.3706720812848543,1.2095354564779628,-0.3049310370834807
1.9657561406460695,0.9723782359651238,0.21061793466816958
2.2305907778057312,1.3780462474966244,0.3961674409022913
1.5639141505127154,1.7662083752337554,-0.05933749383799036
1.3783344966373947,1.1969588767005985,-0.3083737416447021
2.3612308051228865,1.5011677448662735,0.24269001574606497
1.6437693525580448,1.7821478489970863,-0.10330001941856515
1.3528947579144686,1.2470619439757396,-0.18048922388666444
2.087690790557082,0.8038908695713558,-0.2515262606464038
2.3668055082289152,1.5044729415573368,0.10525834668555611
1.4259648057516692,1.6178804317580937,-0.06430004600909911
1.641977040925183,0.86022595995172,0.12581732162763992
2.0610355939419938,1.057895759800453,0.15719645402995885
1.3658239587842325,1.9242069336978451,-0.37901758147730924
1.231646872706942,1.3695699903545417,-0.2555237056178
0.5028484381166543,2.7452983295523232,1.9266911959823192
1.076258162904686,1.5879327938899448,0.08543591376464765
1.4839058837426375,1.5379684862248593,0.2009250723658893
2.35498423847427,1.5433100159562732,0.2443653830447854
1.4385362595505837,1.533020704768371,-0.17318278246891994
1.5021712499347684,1.134312846667024,-0.430570680082379
1.133887031772511,2.2636932869529574,-0.9649261236190796
0.5093405758968765,2.750660601699673,1.8594707488066797
1.3829022388945518,1.5261928736467756,-0.0623763396916055
1.6432282616035014,1.1682506577892768,-0.4171961731072099
1.4016307331674054,2.2003290209652726,-0.12573540066882138
1.7661115790219508,0.6403077136396814,-0.1975366732568793
1.6336943796514074,0.41235601308208164,0.2944133154085382
2.3644356275996303,1.5495159322276457,0.30653365129305543
1.2717901233301285,1.5106907787574082,-0.33971767750547077
0.642838765083635,1.6218478360383823,0.27412905081435834
2.3848094484542437,1.4610041095217208,0.27240847339410346
0.626309205322239,2.3841218465295193,-0.24003397888265698
1.1719980024677277,2.009652335914546,-0.01920039609244939
1.7708536052569759,1.357894036740381,0.3649330285725956
1.3499611365660753,1.5241502225142147,-0.3116164726294611
0.8756596885644942,1.766611898670214,0.15525915412862568
2.3627779032520033,1.4857115455523968,0.2487203515646219
0.9628255789605178,1.488313049822363,0.21929643025878565
0.7244673840898067,1.4343212563963461,-0.2792046599889899
1.648229687247446,0.5722423698149328,0.019999968125978485
2.2117044504366414,1.1377883934291952,0.2890003793808582
0.9636341159508659,1.4408626276013066,0.2203830675997973
0.769521103670814,1.4505171493359905,-0.10190410848742837
2.4154834285589915,1.2007387647724532,0.32948456799971115
0.9487337299128156,1.4695824098134662,0.17635499553863654
0.7688453658263926,1.3941486803552694,-0.16109102701060618
1.6554371999600797,0.8166996094351318,-0.20004333160702426
2.4681245808508985,1.425883384644674,0.13665989788413335
4.735258487089793,0.4141923427411856,2.091732637089855
0.7900110343711476,1.4200266323748927,-0.05417855554485529
1.937609755057555,0.50672667422031,0.9106158576288457
1.144688942912417,1.4702782344216223,0.11217644895455314
0.7677436931988508,1.4116263115486223,-0.12144572158454936
1.9647461995650184,1.7215848820443618,0.20052028233573993
2.295942739553275,1.465741725005247,0.35190786440864774
1.1609791304251407,1.5972277804150696,0.1345335767594451
0.7841186385147648,1.4558515265101852,-0.07427570998953847
2.3434140234784415,1.343883488449823,0.2101915975596622
1.4090310072974208,1.6672546534525825,0.1656440710368412
0.75641177756811,1.4180297576085361,-0.05511967560114672
2.1616191452620312,1.397763463564644,0.1695635531355062
2.4775759699762587,1.3709034654388033,-0.05039351916851753
1.5863226354810418,1.2445288658365052,0.032093401827514856
0.8054705119661065,1.4646086407324146,0.08491280851861815
2.53640909106325,1.4808954903580316,0.19812714102773277
1.6948346772826222,1.5151766242268132,0.11929824263960498
0.7830403309075118,1.4577738954721733,-0.007183479851057162
2.014092168740493,1.6674650578441186,0.09558782867373061
2.462464523895243,1.4015357222421314,0.08662449739652134
1.4310219021327302,1.4933261579681212,0.22694212640196398
0.7584898934670031,1.4104495966767516,-0.01114533433146736
2.427936269117155,1.2524363754703622,0.03209756670192776
1.4920036514119863,1.1762501969926893,0.14624210416712824
0.8424380271786224,1.568229406099216,-0.06889400679466517
1.991152844816321,1.7829517964285415,0.06247316926169444
2.471268606591177,1.267677759649084,0.008837391306307896
1.5992817578818899,1.255118942055481,0.07792266658826419
0.8804022512413117,1.629227367740164,-0.16347554054657365
2.4937188148100193,1.2826274387025431,0.05549454965384437
1.1659773374183315,1.2134952313638845,0.24093537427247225
0.8263985964014972,1.564761011894264,-0.16650792674702974
1.921875202032411,1.5982575102360823,0.023958882421119765
1.1659333491913593,1.2447675228290576,0.2800601896062007
0.8373967260281137,1.592789737869747,-0.10092607080552696
1.2095953003444544,1.2250340942980076,0.3017913271010777
1.0664962335862023,1.8207535381699764,-0.08660843211737335
1.9409348597050708,1.5635369709354585,-0.057805181407185824
2.2568137215454787,0.796126053454025,-0.27381491016734394
1.1848921558070586,1.1967178355223063,0.22752245210504385
0.9727465334681095,1.0409937902539714,-0.1412346939491278
2.378858282419278,0.9446719711109467,-0.036273965334708946
1.1827991983519106,1.2190520530676006,0.19738515263232492
1.0197677427295,1.837967001583361,-0.2882474591561601
1.949492298385814,1.561195581329703,-0.024424446869865335
2.416039420674433,1.0135339309960005,0.04651804202529464
1.1999131220390988,1.2270371679472876,0.27749099108463904
1.05045900818089,1.8167495366385824,-0.1585263882442156
2.456748676993185,1.109071233821349,0.06086153050195553
1.136176803760805,1.1528130551241706,0.10676091267433274
1.1179200206373519,1.7687112934233813,-0.13654440461027995
2.0398313611928334,1.5001145308157233,0.06268899394784122
2.5146994109364167,1.3675818178661352,0.14347263404589006
1.1966600198010438,1.2435513496831936,0.17068492508208655
1.0503320502900357,1.8217084045587608,-0.15775581942260408
2.537367533732237,1.2772980683184023,0.19866461099266775
1.198170878306856,1.2430642605365554,0.3551938087594082
1.1156641040866189,1.7638510115835435,-0.16182931991816307
2.0514731017609744,1.452031584117902,0.005572284366127556
2.4708814148263927,1.2528407333718297,0.006319540787500633
1.1681394362600481,1.1659695880827377,0.22137298150676865
2.4107362763246174,1.2017519245025747,-0.2366743184899619
1.1630538488593491,1.2058994540155041,0.289443003458
1.1104833876747444,1.7390907658387313,-0.13277134131655677
1.9705638511983348,1.5374484953150123,0.03202104551649332
1.1628244901908007,1.1610544699708845,0.19575574051317268
1.139843919853262,1.7582119354718047,-0.08272995056234722
2.428149415322646,1.276050304711486,0.04565038469120597
1.1484757451292098,1.2211583619594135,0.17026238776955527
1.0398242284616206,1.8483737339189477,-0.19992516540275096
2.0167753313765053,1.510829657576751,-0.0002434698053914719
2.4270429147189727,1.2689755911565357,0.19309394617908215
1.1354648858977223,1.1738466993484125,-0.00456930590124216
1.0932322540980035,1.7554692874060431,-0.14667321526971266
2.408063604105877,1.249226903836751,0.06111987565013188
1.1561903741495383,1.1725830809063265,-0.011563825978871178
0.9787384690792936,1.7551401505646658,-0.179956209368776
2.0199274633483126,1.504534334340136,0.04687261886920813
1.1412479668377544,1.2081260450778892,0.05556075923608095
1.1288769038506015,1.761959875454746,-0.0859151332645206
2.381759598050843,0.9754042445060586,0.5055242875917925
1.1851515552159784,1.2358759405311048,0.007837560676897115
1.0530535983165223,1.787091577337817,-0.15016253066157303
1.9973263361718914,1.537958711063326,0.03961598458107063
2.5018269536873534,1.2277495626463355,0.22896327513450077
1.2095241324000037,1.2052018412680432,-0.14193339447273068
1.0704327626677026,1.8235472078105692,-0.07014028772073122
2.4618665701107116,1.2636743541641244,0.10135317715173398
1.2303769361705355,1.1848017944041493,-0.10383083601525178
1.0770869058692123,1.7860015276175876,-0.22364674033798215
1.9848396401761668,1.5280506311752156,0.04989305806408084
2.512777757226956,1.2711419815289913,0.14498805228576206
1.1838757774244995,1.2464560031699732,-0.0457767856841268
1.1105360781796814,1.7655315049022304,-0.17686630468805575
2.4783193590911594,1.2592128273892653,0.12136516773778228
1.2355227242612639,1.285685276123104,0.06587658318746592
1.134163239690924,1.7833584193064622,-0.03544805360229375
1.995487652126314,1.4939889616037814,0.03213123959979747
2.5479518879230256,1.307525371173828,0.12987106318412378
1.685836045029999,1.8599317895482759,-0.004739089726146228
2.4926070689977102,1.3449215629209252,0.21355788896886407
1.2256297839361616,1.2994755256513058,-0.06720057183860739
0.9580561345894397,1.7465575587385886,-0.14741399667110477
1.9835635047568267,1.5391047891484404,0.1600081242382716
2.4889852524343845,1.3794721097783027,0.1145600311679773
1.234670020230013,1.304392789530325,-0.008285426272032659
0.9942275105774749,1.7623288281979779,-0.13285259734580035
2.498779487469696,1.4066229785643969,0.020495975611292794
1.3417135228227322,1.413468810288328,-0.05940770438187237
1.9755502564720937,1.503329366867249,0.07472723933811642
2.5344595423805885,1.0590065519366187,-0.0373628862785963
1.2013070362341804,1.3257745248725752,-0.03701953373397282
2.4988617418778554,1.29028234385727,-0.07874397948468259
1.1664081597822265,1.1826538814711771,-0.15828269466228806
1.0070342835092976,1.7424976480515966,-0.09009651071289637
2.0434217065043416,1.5770058322259375,0.05357339888540924
2.4836413385083507,1.275849556272196,-0.058064174755851905
1.6022121605795292,1.1850187553064695,-0.23280329496586138
1.045998315863627,1.825894200252813,-0.12901374542763
2.440822077806383,1.3524472452085556,-0.09968579504721908
1.1954335946544605,1.1925844919145285,-0.029143121057182975
0.9751820388099902,1.7750995999038475,-0.1458639332326278
2.1540441103169994,1.521980136653863,-0.1575722371229007
2.297965721156844,1.2351600887627343,-0.14163331489875142
1.5691528026381627,0.8825579721252051,-0.2258045625163696
2.0683927143100473,1.201513625137883,0.42652760213429297
1.5914205014383214,1.2291669610686375,-0.21438918564294485
1.1033165253290418,1.7630859263796463,-0.09083866302107191
1.908958279719227,1.3885209291257947,0.11967433303426489
1.6063906845140195,1.2450351476783486,-0.10433218556667356
2.3451435118169552,1.3479479290897212,-0.14608450021316433
0.991700631316965,1.7119991440682703,-0.14598955001724634
1.86256440933166,1.2817940465772013,0.23409192681853308
1.2895195245670652,1.2012653121930845,0.06595616283613204
0.8194247338917509,1.4355047661975753,0.03889043216590404
2.3404261619043782,1.1030971796131706,0.044231887325753005
1.6033104357423862,1.4807090470331805,0.06997738260940967
0.8223587128680055,1.5054058734373144,-0.11985117818141233
1.9949318984294468,1.448552580286408,-0.03901238888764913
2.513403844403264,1.4933023161107235,0.28198226052130826
1.5398974130509444,1.5186733902420686,0.03328128510483597
0.9924287020384616,1.6610233456030812,-0.049430874385609225
2.0574853029509805,1.0456071896604548,0.361793652038384
1.400265071573387,1.1123875169761028,-0.13606577932891073
1.076234559465823,1.4412814098264997,0.05276736157606465
1.9054799911376752,1.4407263713862777,0.11515808180169818
1.1166032348510806,1.1495330115926619,-0.19338306412144968
2.2704844041815475,1.4851931043632807,0.2683784246831171
1.0215537362701408,1.2926419724839349,0.06670126557412415
1.1252071651538265,1.0924346241477056,-0.3190013388559181
1.6937129178901895,1.2759647124434277,0.09741652146537327
0.7819473605579347,1.424920531233662,0.18758385458370186
1.0687160297229177,1.2869941940942458,-0.225805888719671
2.3742002987317194,1.437156887705959,0.24172971044538483
1.0389088203453092,1.466162533788319,0.092781858159382
1.066319803841165,1.0372618243154863,-0.28555374653587096
1.723794308628329,1.2219069962817055,0.06913344792313958
2.224180894433668,1.2973662365273184,0.3419760917970216
1.0790188115773702,2.040098626230171,-0.05540271197258673
0.8278942557231931,1.3347440700442192,0.19179379010654052
2.3644125009979162,1.4760584543291564,0.10591191159342817
0.8081906294811472,1.6815167333386876,-0.09454050621727628
1.7166930113905792,1.2431295872258257,0.12288484770961161
0.4534332679499674,2.688112919327865,1.919699690595762
1.0831016104542495,1.4667184066935497,-0.0876449717561445
0.5259081634208852,2.694314663274193,1.904450915628979
0.8644559229174797,1.754272545373958,0.11879904630590299
1.0709286733024017,1.4646517944943043,-0.18433081761840187
1.8174736156623377,1.104776480838988,0.04489600225539392
0.5108674084471718,2.6614734583829542,1.8141972079327098
1.110924700455912,1.8432583442049526,0.015222955894558576
0.41941436465370846,2.7031585618573506,1.8451977018418915
1.12749145351491,1.7572152266232874,-0.011032800765934936
1.259894109352417,1.567586868042344,-0.19666134927561552
1.6129746134453762,1.234322524312348,0.05526419633602475
0.49181612522693674,2.687270824924573,1.7692029744147182
1.031133990634951,1.5646333387478986,0.10064766679769566
1.2238552344870905,1.5668536117180731,-0.2650135694079977
2.124943215965976,1.1328947329890002,0.09442816819475675
1.4256551000235562,1.778560245505145,0.19171035850783613
1.251718378809248,1.574218480677555,-0.24693174106731197
1.4616989816789447,1.5338762698210928,0.010590458844802475
2.396234466538278,1.3461612202963265,-0.018800374433720846
1.2594489818740597,2.059415775931054,-0.15696625162111222
1.1810568354103805,1.5701375891560525,-0.3000810371043554
1.9285382859304603,1.0583725969484101,0.09243531676637051
1.5238550616462831,1.764697993567602,0.01618038527122534
1.1441062479166455,1.5005104248578145,-0.27031066381247193
1.6091811355085008,1.1680669562780264,0.08124997656110078
1.7713058852925645,1.0459705395671979,0.03260913844958302
1.5054162459412948,1.6788035299668127,-0.008492345652021949
1.0305703691251291,1.2619001623458637,0.08269322847975014
0.5126090561329788,2.808736266879367,1.8015148896739221
1.5616526311254844,1.7187600987798648,0.12232277592837715
1.0686892076333003,1.285387014487057,0.06504759436536856
1.6413523842603217,1.3189601644004094,0.053394532803064276
1.57044729628773,1.7049970289690968,0.09087169327166555
1.0370611956031928,1.2605284210804786,-0.018038967963288632
1.827205861868312,0.8618112646547464,0.16420426128631105
1.5945222078816488,1.7258841649796286,0.02601080950106227
1.0517875956865927,1.247221207583157,-0.08346267788638628
1.5046353059009305,1.31753871286235,0.03222865593780966
2.101778944116881,1.632806507372729,0.45596812333313785
1.6003118453324758,1.6486072215260041,-0.05432700090765097
1.2774116756860219,1.0724546708111613,-0.11357899652485326
2.4515919216480353,1.7046647926862575,0.5821200682365653
1.6187568599203979,1.6523230942107454,-0.07857844994115537
1.4241140815680857,1.3454946019634826,-0.1837591941931651
0.5625936890645595,2.727114621752133,1.658999115949264
0.9459723063797646,1.7393431318992874,0.012448484571263796
1.8547491676729457,0.9058430029435256,0.1823346674108468
1.5848716200373978,1.6466756734489176,-0.13953605103740896
1.1211353335313687,1.5782539534607147,0.20499119678690647
0.4815054755595297,2.8525108707361104,1.783974196983701
2.027442655231177,1.492721409255225,0.688090387740647
1.6057853397536825,1.6519279154243762,-0.018058287318123423
1.5239010764311376,1.0588409702369908,-0.08364573119488505
1.8575290090408674,0.926548583209973,0.25751094858711054
1.6610276386920169,1.6036111993147688,0.09025024781566104
1.471156450477952,1.0632853308745234,-0.030452351936584576
0.4049631294074583,2.880291164557508,1.9439852446607966
0.5091944849154284,2.80575508103034,1.7928700707064662
1.5845704973779626,1.6947316788478795,-0.07405621589257161
1.3711391432720543,1.1089904099247705,-0.09616848037442183
1.6308725766143954,0.9786024508620491,0.38138519147439753
1.5930815636459894,1.7042239567429716,0.02023257896964259
1.48581215945405,1.060552338761008,-0.1736267923540059
1.713848320170428,1.9815526804133041,0.20099223189712
1.8046581404525501,1.1203126695844343,0.40280075218817735
1.6722989960048664,1.9210304830367302,0.06816383684760852
1.4086868500853111,1.2595343348362755,-0.20928242376396644
1.506819100832915,0.9074722362688076,0.3802047215245199
1.641631453201627,1.8719913586479677,-0.014629323489703472
1.3029522654659085,1.4733638476060518,-0.029550632411803224
1.5182310058953592,1.0559525292132417,0.29986937539525527
1.4488393990328983,1.6811870004508753,-0.07074815821934688
1.334623192839404,1.5955342932841003,0.10378427171601867
1.8217519177702037,1.9030294038642075,0.08478769837346345
1.470660063006104,1.4762181947737218,-0.1444348374166341
3.9458491037080456,2.2298347500065527,1.3739943905891914
1.7677714491367473,1.965152224337186,-0.07387650044406746
1.4232606622811117,1.570686190294777,-0.0565299922293806
1.4687506878532244,0.9978930764965782,0.29420183813602274
1.7630741263844176,1.9805618128198497,0.0071843659697357065
2.373032762973007,1.78231676855675,1.6544686862623013
1.727597084889605,1.9620205963679787,-0.022732876421538983
1.0178448969271683,1.5442578489971241,0.39254249514582873
1.5807732047438972,1.0979964526414752,0.2808733161427437
1.6146704847649034,1.4520991757836248,-0.0875431521251483
1.1945981759698514,1.5165453852600237,0.06199605644813522
1.7669891977942238,1.2233379845627246,0.2759451446746375
1.8080367700700137,1.7035925051497895,0.04743957450585867
1.2459827431655166,1.547795026960669,0.09713955359162463
0.4729973001167171,2.781273308179935,1.8289160976253491
1.6739227457056451,1.5513055020439281,0.01825263567170421
1.5011207776960735,1.5374650654059039,-0.06816476634222779
0.419677012515704,0.3481975748244749,1.900705479087176
1.8794703128127064,1.3718672725241112,0.5745980219247941
1.7034151233557921,1.5679098060007977,0.05339287132364756
1.4205885861088072,1.5264767109590969,-0.022298298971169972
1.8114727393546142,1.3090286002827622,0.2847460383991629
1.6997432388918479,1.636685100734211,0.02947597569937921
1.3411687363802862,1.4271315058794514,-0.025024844436394855
1.6563638137493868,1.75930174677346,0.29366745271135075
1.7558961775750064,1.4148527109009859,0.26802875404636084
1.5882553756542102,1.5012340252298393,-0.03904421776688316
1.4782066069314983,1.5652597835510267,0.08202147670525584
1.8877675176195194,1.197795964313837,0.3385674810914594
1.648551671532139,1.5815037178333284,-0.057772763932104065
1.4846437892303272,1.6772960093235467,0.03681465577827692
0.5325596244134334,0.5184813059638838,1.7685212165108206
1.758123841524676,1.3366837243528211,0.5398060766895987
1.5211472226878229,1.3379118184273842,0.0006732465298158186
1.6380263259385075,1.5743614126126555,0.4634593838469232
1.8145591870091813,1.8631701098293387,0.8533881884166974
1.627645104373086,1.5482514793205506,-0.005476395431807113
1.4475983111439907,1.7286014214672611,-0.08821238560348621
0.5291229994777533,0.44420834713542284,1.822289491861774
1.6740884466148358,1.5942500516353653,0.9141734799413095
1.593330472637637,1.5118474664690649,-0.07047662926925002
1.4361736506878182,1.312265728470955,0.08192986436933225
1.6281411342170722,1.6752960351157284,0.9947490029785788
1.6782403868782836,1.559745161934905,0.08247744477179553
1.4364680976271709,1.3467932679359433,0.09873370211400334
1.4079264140423429,1.593788711694717,0.8884203403622195
1.5958497225037669,1.5876255915573734,1.0875144503207888
1.6752433461891068,1.536442964979258,-0.0020036114807489014
1.4051989055514966,1.3352775316034962,0.14102571444895196
1.5402835319321446,1.4301953037643615,1.107482482482801
1.5382381389825839,1.3628328775003449,-0.02796042152113687
1.4308008881142849,1.1924212944006403,0.21380764732319268
2.076795300126734,0.4057729484289968,0.844895361288281
1.4965347964179767,1.3892253368026142,1.1570958373961844
1.3497793424031144,1.7722226029716492,-0.1505086250197637
1.4690123522386007,1.4601560546540793,1.2171588398598212
1.621563284959362,1.4822399326966962,0.10744521867670898
1.4076003766418856,1.4236867151133232,0.01066196206437453
3.113993584693226,1.6394247685677972,1.3560152461468222
1.3220516198312018,1.3286562901762529,1.3024408050941263
1.522530765674919,1.351956222155447,-0.1195938649386139
1.5078249887982023,1.5986563845103485,0.01565815360574141
1.2907900571499078,1.368550870160071,1.319745701817586
1.5163992359884384,1.3592812752130747,-0.04111119129383267
1.3888544778131027,1.5135028066281975,0.042815323385899884
3.6153423086554546,1.7384986533102555,1.4623085632100246
1.222115136522017,0.999067407182709,1.1074601903464085
1.460376235428314,1.0103287508967211,-0.22297086839255675
1.3483675468149547,1.4790271232030494,0.01678514887783711
1.2196039928874158,0.9266323873387265,1.0509027753421059
1.4060952401818583,1.4758391092410965,0.12088885213631984
1.546484441423768,1.490982026548765,0.845486758553754
1.5218745185489526,1.3270486337319163,0.023311114064756278
1.4743588887689525,1.5358581242172888,0.023730993382749532
1.2117125764941885,1.3244565469956222,1.3729255601352048
1.5348483036921248,1.3465057351357252,0.02916974567132491
1.4809654674648747,1.5632008007461489,-0.002657732155348591
1.5356602381471576,1.4844640203640544,0.8815092416387464
1.2664395336840122,1.3444547393530755,1.2536023105366336
1.5368286083708809,1.3413423040790735,0.06993480999331747
1.2818689109339563,1.8052823184859395,-0.23412395503551253
1.4622981275563482,1.6370010053447321,1.2276095602936445
1.4956178385809316,1.013795833799516,-0.18995304044797567
1.4559557166408332,1.5392527278735944,-0.08903372267956944
1.5854515732195642,1.4849967666676094,0.9025450909758184
1.4212318394224703,1.6156756559952277,1.2263495181456814
1.5815247000903263,1.4318021257436895,-0.09463077744873749
1.4211752150110561,1.0334760949885688,-0.1714443087546763
1.2750278475701367,1.349844072008572,1.2998363206240504
1.5764242115287288,1.407010051119251,0.004593697203925773
1.6218253069725999,1.4845400758891536,0.8929851023234125
1.4272972079545616,1.6475618752883956,1.2523980583342942
1.4011509157864763,1.5503590995145207,-0.24638556882453388
1.302730416982453,1.4369194228062765,1.3299210488018542
1.4169310067593257,1.1285580183376185,0.017988698862979158
1.5938094555535554,1.5946814700449794,0.8960564103555912
1.349008415942874,1.4377282578184982,1.3476154022611126
1.6008473334505215,1.4561321451717577,-0.04698014754211488
1.4089219307996443,1.4398971515859809,0.04446753800619807
1.3878508548242725,1.4337794501869796,1.3192623081647956
1.6410607983438612,1.5013171141028707,-0.02909431975592247
1.606547683145245,1.621295897039622,0.01005004776327656
1.6327671698156638,1.5881158993547604,0.9080536924551295
1.42699382031867,1.398405405575081,1.3559999873582753
1.6672577544590015,1.6159356514501513,-0.011402453859176709
1.7139805232699186,1.6835653449355976,0.10812413045891534
1.5062988715036294,1.3932039467558797,1.3635698961981828
1.6632270500406232,1.529855459780233,0.019883534181635243
1.6881632487344698,1.623981086229055,0.21687898515769288
1.8044285433654277,1.677825536976353,0.8838033051293241
1.6389338662418649,1.5016191904361016,1.306010050311929
1.6960483470354766,1.5538962774780654,0.03776655309903765
1.5913051068483237,1.4899413294733488,0.1470574062731318
1.6205495291811212,1.4046938146730503,1.3641943144357453
1.6049853262273681,1.6593141228462294,-0.11220059445752761
1.5929389893385137,1.4493819192959922,0.16614054790871724
1.850572789505624,1.6661241917840635,0.9608313386433984
1.573609203421087,0.9214893410701498,-0.19363699480077146
1.844195688687538,1.5834977315767973,0.05632986401865492
1.7647924090499354,1.4136056625497915,1.3907310166485698
1.8692520503428696,1.592213837804302,0.3141343161286281
1.818082298282716,1.7458823573370819,0.16828314110087916
1.956364713792164,1.688557472246846,1.0194452330322352
1.8327076088905816,1.416312309410882,1.3743178053808118
2.319557384089363,2.059211689631729,0.14517766955554512
1.8255324018947758,1.733785714149136,0.11244966173580795
1.9402539362566569,1.5220856368728481,1.3068938679547863
2.533113907946818,1.9306069226884357,0.07990765765438645
2.069998463408461,1.8356977335962337,0.8609768131144322
2.0340551943914584,1.5506459170590168,1.154295253651425
2.2124399717385876,2.2860335841718884,0.053991499377345153
1.78833600485086,1.7560184845912028,0.01961191768721926
2.1435689518332737,1.6678076653349256,1.189535545009468
2.6631659950595648,1.9218040321000032,0.23107147644778991
1.9917405466021545,1.8197631474136697,0.09132301962665057
2.2619108722470345,1.7325620308181915,0.9452226708436264
2.1826538624048113,1.6521691950212427,1.203699992315146
2.64423412974277,1.9453818409271688,0.1918135192432946
1.9737279040988607,1.5389973815808635,-0.009738284782714546
2.5351051798799955,1.7409461391814314,0.1954500432016133
2.3694805646333985,1.5717775513171637,0.36013026527285796
2.4246253503748143,1.7872858884756093,0.8775829646108066
2.238602357160443,1.609392849733747,1.1712327473569069
2.4513945110684534,1.9704042278940705,0.0512038945435469
2.339633181726008,1.6385460769133997,1.3317782102609952
2.6262242290530815,1.8675765619136082,0.1171473047974565
2.7294542265486785,1.986407955463089,0.08407572836626587
2.4798519136872397,1.885768018317453,0.8811892839164066
2.537684630436155,1.772697651980302,1.273609800972153
2.6085969901752653,2.2063438447496018,0.4078892899476314
2.74692911595747,1.9307601066222175,-0.06624595133073075
2.6473261802338355,1.7831512335656745,1.2634184799436254
2.796627706204445,2.0445038862215705,0.026114631475526173
2.7582687801918775,1.8732947929919082,0.9228181200948375
2.7260989619515033,1.7856583240803452,1.330471080445251
2.304933980830093,2.162850336391579,0.08412011147338161
2.772088712855506,2.04608650871564,0.005345586489289733
2.6831786117740006,1.8557041513944894,-0.01430684188327147
2.923641625423935,1.9546901788924365,0.08212608285330103
2.8165027554014657,1.9354039043968834,0.8638098217848533
2.8072473463442402,1.6744846967084797,1.3160951558670577
2.9705943489498368,1.8356610171358416,0.17134547863432248
2.835733120773378,2.0912446555571806,0.005849800788854331
3.0022060293075996,1.8037738441683775,1.3659223722386669
3.37840049893046,1.94834228436026,0.34656901695191955
2.8137974198380364,2.1034819657037733,-0.00783924454277618
3.1748570783595924,1.9228412721060963,0.9004775847323745
3.1002337335103407,1.81788953505006,1.3460777216871698
3.4063598451473776,1.7994278311926108,0.3532838971914236
2.7180923893868534,1.8643434868411735,-0.033646726792258774
3.1784555299026294,1.8592068778740942,1.3450434619259837
3.5366055281425166,1.9128723954816216,0.16129118867950143
2.8276869707253813,1.9632660949984422,-0.1202830585216964
3.061686218405444,2.0260748457087567,0.6929199731296269
3.2247998092267265,1.8109577534302095,1.431871333174933
3.4903635303868263,1.8350927464647637,-0.07278518413859913
2.9758376502374846,1.8167652722644643,-0.07074487251341466
3.524738720440167,1.8956083873305536,0.1614184296906349
3.2154437875311155,1.7005203626147898,0.06396979341264619
3.407158785790107,2.113479333347839,0.8411707863714439
3.2243117664049814,1.9470054714159626,1.3803506296932042
3.4902536194240397,1.878213606591658,0.14308441410642825
3.4856936257705495,1.9141921614978794,0.3042353558728417
3.4038628874179517,1.8399793735570265,1.378065626108326
3.4011916457106577,1.8062064288786799,0.30681817405527445
4.081735054917166,0.8263363093814111,1.0563034328133765
3.639070202014371,2.150474028216356,0.9105390272443272
3.498551062649427,1.8278309935385277,1.375464956335386
3.3132402257167137,1.9386696428139534,0.12165941350735121
3.6133114592389313,1.8336968057141199,0.18786694683449445
3.622692991722,1.8754702432701746,1.3090833849019616
3.1112865801997764,1.960069497967826,0.47028879440749205
3.891356392767545,1.9658932292651112,0.34703703260687746
4.299381649418018,2.0248229097767965,1.0814505123848752
3.7740935548214045,1.918526491963521,1.301439208677174
3.502066782947156,2.069076973385811,0.30553467748038443
4.122955242240803,0.8553442800448674,1.0549939188119217
3.752905534535302,1.8695685490991991,1.396984258929891
3.4169124896677747,1.724517668922871,0.23755391348168753
3.8993286330574852,2.0045990542390717,0.32047344870016814
4.477165135120575,1.953460177469282,1.3059436507398932
3.863002463810037,1.8818776232365593,1.3880836168357056
1.3745358927011702,1.2889725914211192,0.8553249220739243
1.000886302941185,1.1762747541058092,1.3082130379083687
1.3984082677161573,1.3189921124893227,-0.07369535448413711
1.1519796637075073,1.3945759264398387,0.13352178794858038
0.9981117663865434,1.1714379564955077,1.284415049821118
1.4040888286692084,1.305243824630141,-0.11205147109192037
1.1389683276388711,1.3974369493275804,0.17945586747362463
1.345460747556179,1.2606640812490721,0.8290843357263358
1.0149115139973495,1.1355238938135475,1.320202511799705
1.386409256914316,1.305144284875505,-0.09116643640219402
1.1365134507878223,1.3958432403698215,0.16736294972477705
0.9902231514115651,1.1723662392132932,1.2697670896533642
1.3186113590122626,1.250090217493127,-0.11401399865830208
1.160833575885485,1.4183101378515346,0.23148425350006918
1.3417111386369884,1.2587020155945163,0.8163895600972109
1.0138801152446046,1.1855070365459777,1.2938338946794663
1.4744193278775566,1.4061435188121263,-0.019250938966865472
1.1824358484445636,1.3940429417177098,0.1546567300042423
1.0266316942764595,1.1539752264630285,1.2989056537319832
1.3749084217236307,1.3896951406026385,-0.18402918832371085
1.3105077500878415,1.2440284252497242,0.7351535580135093
1.0001101312723084,1.171977616937708,1.2973688076230383
1.3144944662792477,1.2295315030682505,-0.1985264679545652
1.1162717138234126,1.3907153336806926,0.09028679291225394
1.0275294594182673,1.1806498541476014,1.3000542351979836
1.3287913553009123,1.1739383712901073,-0.07070766431517117
1.121869185903294,1.383348557372619,0.12788768889393642
1.242084599474491,1.3745531769692658,0.5986523099759165
0.9951102553490971,1.172953225742428,1.2614764414731927
1.3491868722457934,1.2434090137945282,-0.054266613953953935
1.0847536127560915,1.3960727182472756,0.12111265266872606
1.343301748155929,1.2568493840654167,-0.14571924296232597
1.0086695965109331,1.2185373073663812,1.2785759405976984
1.2274894488162837,1.3568806385916856,0.11390750934135352
1.2192806973005639,1.4784272620709196,0.6956587468598432
1.004584532657598,1.2502587794249298,1.297068400223524
1.384833667765561,1.3026377904072697,-0.09635492369697762
1.1666843677006395,1.3369648198515418,0.21691638707102534
0.996585827905902,1.255715584536862,1.256832882174269
1.4235056373662816,1.3709461423635454,-0.20103419918827992
1.1145744119924395,1.3707750770367158,-0.0816318691299257
1.2900563239872698,1.3584203457424382,0.8028840421172536
1.021095257351618,1.25717828248822,1.2320007535351185
1.3855710964161019,1.3121002659806138,-0.1453524806942581
1.3008011338786132,1.4087755406595617,0.015291070962718534
1.063602070511868,1.284144734507342,1.3016701170632294
1.3598611102391218,1.293039177828183,-0.2301108042407488
1.3716292126516814,1.4799396702949519,0.10333861525267651
1.351640199376109,1.3650655482363665,0.762471379069714
1.0888606111182695,1.2547837255404672,1.2741595941969788
1.3026352879712773,1.2595292088369348,-0.1499460018955837
1.3913191298257008,1.4691629123325511,0.09264932723620345
1.1964275616910285,1.4292822798353109,1.0268039030181983
1.4463335006069329,1.3943067518698173,-0.15086713204480917
1.5806659163854286,1.3324594240590706,0.006039039941684643
1.4341779680110147,1.5588994912530032,0.7674303661381274
1.1039712227342746,0.9275739022873675,0.9747164785930997
1.3874939422184336,1.3077115760801052,-0.1494292445440083
1.4710248434248971,1.5507725173217992,0.07308648743567914
1.2625969415208156,1.1864942086515353,1.253220006357966
1.3941067197972894,0.6952658771506766,-0.2353580542627144
1.5226561738450402,1.641181555830158,-0.041257356779042964
1.5402615974233018,1.5324288306584695,0.8664572812023599
1.4152261947432594,1.3699360820748856,1.0935484667260362
1.4817955217315602,1.418849440665874,-0.008534219776206498
1.5213725282406068,1.5531723194781795,0.0834701675475571
1.3500197875353712,1.2002362976277938,1.2233227943862874
1.2348791133197397,1.144051053321175,-0.17660180908580458
1.6518124031645742,1.5053459111659588,0.8423507198795368
1.4112598633399625,1.226102328718718,1.2618328772369023
1.2756528618628595,1.2939786662189452,-0.05719256116360005
1.5617880528757293,1.6662484078611064,0.21930414906002316
1.4228268596850366,1.236477112965391,1.186632679697731
1.4737540208457642,1.490006536953332,-0.024466797831191878
1.5381083200688368,1.5897714779324668,0.07620127705475177
1.7171398077989573,1.4333843906098978,0.7908520701156292
1.6307154587738826,1.4272532185614673,1.2760782676474496
0.4848564784246876,2.801538886968105,1.6307756023463096
1.6596829579325436,1.4347219188099167,1.2463797775547358
0.6022782223506492,2.7614554794736965,1.6367312982509694
1.5737331810797621,1.621862617989969,0.2230840966899852
1.6831997316438512,1.521913379453149,0.7578688277650099
1.678685514356641,1.454600186624659,1.3142787639835651
2.191535192718842,1.6707467703056451,0.24882200728285042
1.4492449490279093,1.4647924614529517,-0.02903329577760594
1.655114142791802,1.3499234653937067,1.3480091505311909
2.2191237980526073,1.6678208975657813,0.3076165782450553
1.4676794731985587,1.494581193341544,0.009337069133764753
1.826870645352741,1.6322441971660007,0.9402512860095185
1.7012443222361107,1.382667276297475,1.442485727957778
2.287883714902262,1.7055432459220812,0.3646156338498945
1.5019921975854131,1.4682364177540705,0.0929141134110878
1.7065878785342832,1.4410719591092593,1.3586705137725308
2.213669496326638,1.6652118831107348,0.23562336380614712
1.6731131954363563,1.3734519215760592,0.05507770458469663
1.9988460161649555,1.6940863989774069,1.0046437313047298
1.7755324505697914,1.4584955884956061,1.3208324136644012
2.1692418639219384,1.6458425197421498,0.16464690026461337
1.7590993311217304,1.2662979121521836,0.10644666209653719
1.8160271301716062,1.5182518662032747,1.2809869483973726
2.106877048492735,1.5418197806596206,0.09881232063780487
1.7445259957630785,1.4922020143918127,0.058729252638281215
2.1031422215251556,1.682964887757033,1.0398068942550394
1.932874166124038,1.6036809367476577,1.29068212037956
2.176087338029384,1.6106657665002182,0.17975167041448592
2.1047668056909448,1.6845432187167704,0.1524898181178338
2.053378543007377,1.6807659532492294,1.1533912896393148
2.217309432701616,1.6004200859113542,0.2069798609891389
2.3141696011456436,1.8681983575545442,0.30919914111499747
2.123500068335286,1.7030726334492292,0.9358928157169202
2.124589641220178,1.6597088247954508,1.0946257610392949
2.2720808549555604,1.705732192641959,0.23675525597217484
2.3697218442306656,1.8927827696010473,0.18581958696030365
2.2314073614229644,1.6641089587875104,1.165189790255245
2.2291783861711356,1.7387647284388155,0.28080557546624596
2.246587710471974,1.789990031941673,0.7935447098523485
2.29579587371146,1.8393711677748072,0.265132147222114
2.448632431884323,1.915074787058747,0.1741489085007737
2.3123063599869056,1.647633877697737,1.1453365566351907
2.086360176493497,1.5439997608907925,0.3656731394217567
2.4572095400974514,1.935369691331517,0.24775748326430302
2.492317390429845,2.0231048655327073,0.7454603928397081
2.3465406446627908,1.6346342241608478,1.1657530541293353
2.3238427195451736,1.7864725235104815,-0.022946369076037754
2.456007672064029,1.936516961509502,0.13634655627713976
2.4541909225272938,1.7494854580363315,1.187078760844153
2.632631012983678,2.0897817191872488,0.012790561204003348
2.4663705353992236,1.9471747486034872,0.11895840676890423
2.699385114367119,1.9197581623166937,0.7290393137591058
2.4696454529368337,1.6383918200960357,1.1784844866137578
2.878640119510716,2.0524003093917376,0.14312211404297437
2.444774342513792,1.9222193572558732,0.09161213194636186
2.550219963821052,1.7004009149092265,1.1802664270137346
2.878596965748754,1.8660059795575255,0.19057752756868496
2.480750990131206,1.9315783591681115,0.09650804985215422
2.702040858867078,2.0597056929170123,0.8743895862702535
2.965723934312511,1.860189877654607,0.3054534959569444
2.638975808084936,1.6734376815408532,1.3146098081694584
3.1248211258298775,1.9704651438397225,0.6036903924052737
2.465584469359511,1.9176333759853976,0.08234036899460628
2.822683041686406,2.0580429617820863,0.7746238716590008
2.829307024938257,1.9137570476003687,1.4059043321376175
3.133819758082501,1.96869774695082,0.32242350399505204
2.311057046657183,1.3404576519603262,0.15179898540707537
2.8070606646005056,1.8119308588399032,1.2364055366351425
3.163675724058569,1.9257827612625558,0.6525308539159775
2.538984250085071,1.5764496016928453,0.12309372472958668
2.8157576973565455,1.8844159465844217,0.7555975332479665
3.0227679624173946,2.0090066984162123,1.334293049348359
3.041747749867639,2.0745045722224305,0.5052483180958098
2.687622018744621,1.6608787447379632,-0.020380707717494784
3.0095970051132146,1.9933073121568776,1.260516210678316
3.1628417358854066,1.8789181334777647,0.6811481157890105
2.7520541616322274,2.284270001980169,-0.06998385533580553
2.8705534383050755,2.0015277461690815,0.9968730740280032
3.0807186963606252,2.03403397296388,1.2987696359372025
3.060624540493754,1.7808702830684229,0.5051065782553248
2.6738542997487813,1.8471880783505523,-0.17513066219434315
2.976348819660944,2.0050148562320906,1.1949670776856887
3.041794718326791,1.7707547790209512,0.34415413485046553
2.696043201210109,1.8800357205432885,-0.14415271374128658
2.80837220517814,2.2633513947178723,0.8770362112227619
3.1448573459831763,1.9411741107243103,0.5875511836802871
2.8597335265628043,1.9653555953807895,-0.19709491344705754
2.8695032044849547,2.389786433428674,0.9733782351538338
3.184367356872824,1.9342646212411272,0.6079143946238037
3.0184883490073693,1.9049062348785661,-0.0911880654369357
2.7289835882828624,2.1229276230160314,0.8362813579211321
3.076402128071572,1.8500563730048007,0.21979213227030603
3.0156103983960927,1.9812688431009828,-0.02885369208780708
3.205273566404016,1.952404936860853,0.8300531495897701
3.290162499810117,1.891424379775805,0.49150098408017207
2.9926211257805893,1.9835861524307663,0.022098524663010655
2.8726972981258525,1.997603853278544,0.8775640103344087
3.402510338845524,1.7656687147915553,0.5416544166616111
3.1705836638325007,1.9458471147742888,0.5031712155048813
3.003707827907586,1.95627661608369,0.034840393547851733
2.8085517343646447,2.048109251897274,0.8294861306231862
3.1084360477245525,1.861390434383876,0.5922045777452662
2.84334248799312,1.7786254529851284,0.05214579318548451
3.481162957601708,1.7866491916737999,0.6459742240030033
2.6740893804631156,1.8416373363204728,-0.21453463587244193
2.771194881620175,2.03876038277443,0.939131791609185
3.0558912165366934,1.796004855726002,0.1650051539699271
2.6752354585501337,1.8062638877550086,-0.11734094355270164
2.9758974932996525,2.166339592221754,0.6973834071981271
3.3645426577135065,2.4829668494409587,0.9950385623331108
3.0625872021980056,1.8357472054503348,0.12462737453956318
2.694791026857493,1.867591582283769,-0.15798391148928892
1.464938374848973,2.253524734772775,0.6660355970355791
3.039097250576316,1.8450020184457439,0.1654463177333214
2.923914614691594,1.96051438702687,-0.07196906991933782
2.9091550744263555,2.3000614178090597,0.7193474796369133
2.8251976423903358,2.2559513590187286,0.8133465642703435
2.7971121727475734,2.172764972790474,0.21485117560632738
2.9142414962920644,1.9636444652753462,-0.03840353863771795
2.954941454286416,2.2500681422872355,0.7897858622659237
2.923774186151287,1.939784726484451,0.31059940318505586
2.8940984646174464,1.957899412107474,0.0029810982506448536
2.9253901872483983,2.3768655772304847,0.7320104263868039
2.8619131491697374,2.300908995839553,0.7798923260326285
2.980412187424011,1.95323534875402,0.3230362099203119
2.894187156327114,1.9876479704663508,-0.024184772876033822
2.878452245674108,2.332928610324862,0.8872910111958303
2.7516231008497587,2.1492747827892447,0.5543096744125855
2.865590040423744,1.9514091816866324,-0.019757442457241092
2.862187330530268,2.374638986168099,0.6809349695864977
2.969133319926069,2.291711045674038,0.9052064382750886
2.726005263451775,2.1286708880445993,0.4885286495572976
2.901669208028139,1.9662948453529776,-0.005239090722525597
2.913809481835297,2.4469892482090327,0.8210493914636083
2.921559039176772,2.0803227006832268,0.31449879851911033
2.8865022104192946,1.9504115191638187,0.04850726874634281
2.856615726865707,2.373656940061882,0.7482526915391237
2.9676818276452757,2.2970749867514053,0.8368337141455968
3.063200653189872,2.0003399448335206,0.5014389853769667
2.8893386761986304,2.3515622139741494,0.8434245571235155
2.795757239989402,2.1479086443603483,0.2311536116455144
2.8677977964224532,1.9569457378115598,-0.07722129692897395
2.890832368567087,2.4261645778648835,0.8404417619858364
2.899271194007079,2.3470613481345834,0.8166750663360351
3.941670341354981,2.0762164175835953,1.0891645452509788
2.866324846469966,1.9583668317217586,-0.011795011899044416
2.7765099468987096,2.4631275630630616,0.8930679527768504
2.834804242007614,2.078479486687799,0.23696627130870884
2.8623122618632406,1.9481045810420035,0.02262211792205271
2.9287869366775148,2.2521156810005634,0.6669021293320356
2.766782469064223,2.5154652084228157,0.8430734261730115
2.837380593122307,2.111442761888915,0.20917742456308686
2.8933631817340744,1.995433528999618,-0.014697540072020732
2.852542107103941,2.4429022770138937,0.9003921116746554
2.890087548940741,2.1149661115751686,0.06809602166530748
2.853425924759148,1.9376220315998918,-0.0416354849074273
2.9235064420922643,2.2190076857250425,0.7631267321168689
2.7563971943830365,2.5082766499987907,0.9127583465128826
2.914498273096666,2.114550071163576,0.06750578669036855
2.853142683492791,1.9321492524435024,-0.019307297019240832
2.737896866685859,2.525189348381102,0.9171534736607792
2.9560884860477326,2.0813154756252734,0.10797712305812612
2.892685596145702,1.9576704110671677,-0.04656900589222124
2.9823107145317564,2.302058173366129,0.7333077810411355
2.7362110089464564,2.4970333068871144,0.912502106153654
2.9358682067550164,2.1178924611521808,0.09575918457108767
2.908270779934,1.96289678462735,0.018714439405299377
2.749818510660317,2.5126947845931857,0.8966109123471955
2.9371325404549258,2.1225421001819083,0.06122894842109394
2.906354371433176,1.9286903949815104,0.016949659554502228
2.954809608814787,2.2965769303503643,0.6100068156079219
2.781891769378069,2.491493412902151,0.9335705592303165
2.910676900186589,2.0935844954422054,0.011389785043901424
2.8979999461685133,1.947639187985597,-0.02054441745677249
2.746827549644786,2.479902693928187,0.9367012930913272
2.950891437963514,2.0606655660958495,0.10682275994177748
2.908590976079385,1.9625876749461868,-0.014545931006545887
2.9641861345077944,2.307077361185524,0.6606959151138521
2.738196797252423,2.4662410712206464,0.9494741508024691
2.9415237337577587,2.163320497819465,0.020767169285274112
2.266855196642416,1.9225002143360201,0.12254205395851403
2.727893776979396,2.5043749300356333,1.0203729196921638
2.9784695528800063,2.0883800563908292,0.09075793781095665
2.8796982211437903,1.953783234637023,-0.09737688255001331
2.8482562948109815,2.3499741078528786,0.6824204364933824
2.7291385603562057,2.563104815782324,1.0564238341917536
2.9903907200173134,2.1463107630775444,0.13436103621981332
2.892571393648576,1.93473132559969,-0.07878644779264954
2.7211102917012875,2.5492104965465807,1.0795940661814472
3.024494351314441,2.077350574740011,0.19790547136130532
2.8861598413464926,1.919087729286666,0.0013487357016760404
2.917501155040915,2.327991915332064,0.6529613782506389
2.6879803618619063,2.568340487666892,1.013973288408222
2.8947522083483817,1.9314443679295357,-0.056220156120439624
2.729446358735724,2.558302112028102,1.0998001592866462
3.000356378007601,2.0796284257958013,0.18347398035489815
2.8901299874469797,1.9691396557776886,-0.06558017492167278
2.926104250878651,2.2657556076178715,0.6552782703193942
2.706407971893899,2.5688440276951336,1.0396576442295666
2.9035839475989427,1.9498817530924386,-0.06954421149080181
2.6957814176154455,2.5769884061822386,1.0306406538727115
2.911654177922951,2.080369669142301,0.12373870656890129
2.8809601706579553,1.9303569408136192,-0.13732151504143464
2.9011616148832955,2.3244502074156137,0.7060698898108733
2.7060052829217804,2.5939700075324295,1.0294303219968108
2.9348391921880155,2.052013117627597,0.09478157157226597
2.2288181357052554,1.889571032990983,0.14808123522183414
2.701521106374942,2.5937146612396984,1.0269784254122023
2.8436700751143107,2.0833963929389574,0.11817425553932326
2.2192511135713233,1.9214137408944003,0.13856846834765557
2.8512694287539286,2.330644560386148,0.7543531075164065
2.692633100340828,2.59258694138478,1.0440971172316766
2.8226839953607032,2.1170463136331312,0.1169269464331697
2.81389135675634,1.7850323561143648,0.05023324411205787
2.703186936954098,2.593933767909185,1.015411071600898
2.7912997663228936,2.054912525905749,0.09926960745706581
2.8482713151811674,1.8343743913013668,0.05293777124971788
2.8899778763965287,2.2919032110446644,0.7315813325635687
2.7158476785091157,2.6099712317064205,1.0310184280985297
3.10129588825918,2.0733389438142495,0.09179977481235313
2.8192536289126005,1.8177462454870987,0.00522900353333966
2.707686133871122,2.5971073575474124,1.0171583220987883
3.018343628932724,2.1824659861470836,0.14829010479122884
2.87027901852597,1.8951260665553948,-0.08913191387793762
2.8802527827477857,2.238888933771959,0.733586015513543
2.706369586503425,2.595744795397125,1.0226810498784333
3.0913845897038503,2.057582098678586,0.15463072747883788
2.2415093948377938,1.9496097174995293,0.16100121209246998
2.7192990257917637,2.5490040260615157,1.0258460564090321
3.091730773473843,2.0626809183016896,0.15126115781428395
2.7264298869327352,1.9327550740399826,0.2252536311806752
2.9015197195820064,2.194013074522009,0.7312651895383655
2.728384442405459,2.599466986174077,0.9948651128226766
4.037682454929959,2.122808175310469,1.000811510403066
2.246158080200951,1.9219157312019122,0.18638165874153811
2.7516104646653163,2.535844989707922,1.0065626431737706
2.8921141068229255,2.0509106701415205,-0.0010727287546822284
2.280404047386981,1.890232763743061,0.022746611531684224
2.9056174196197846,2.3164782055574955,0.7045286925630072
2.73841518866655,2.5524415450611375,0.989986890045204
2.9748327159464947,2.1722342530447976,0.004671533416791052
2.8511635709069068,1.8141469594850328,0.004730743178793517
2.731948084836637,2.501573273372812,0.9803242025933216
4.0145878013045815,1.9906487066384435,0.8383911238562936
2.9011055865183177,1.8701759204164088,-0.07555449034706962
2.9229237470964935,2.253821327478805,0.6857148447034151
2.7629012530919783,2.4985851733851407,0.9535648770397858
2.7101919130878,2.1167733243659255,-0.19486839691788826
2.759327597080676,2.526149221559939,1.0005113414221227
2.744931883559933,1.8854839425865575,-0.08642464120142024
2.9350625903922047,2.2030841860061683,0.6143517556466134
2.7761537495485937,2.5081488576431386,1.0313655655379685
2.8403798987879405,1.6899667644376326,-0.020629124967361023
2.896176997748845,1.8533918488547594,0.025407685022126425
2.680348821714748,1.902962646663494,-0.19899235274354432
2.884776298359397,1.8403341403951061,-0.2796197169188548
2.8647646353192586,2.3194221981089815,0.7208915379076319
2.7920109689302532,2.537671037566023,0.9875537689230653
2.7657629912401966,1.7703653222803573,-0.04757431642347587
2.929790678875632,1.8339842193050508,-0.1870408023061647
2.813851540854419,2.506793686468645,1.015357904259555
2.752103514277123,1.7417215955932965,-0.2601722717067153
2.854911749314651,1.7295614138553854,-0.07232857532214965
2.91554540747532,2.2960536015804816,0.7093088657031383
2.783300346315474,2.464927861715173,0.9784465371370705
2.6812228642084053,1.838619791638914,-0.21366747772723627
2.85019582991352,1.6565999658000585,0.05816921486548132
2.791653341068691,2.539482065053963,1.0046380092590244
2.7584595150513778,1.7321353807800572,-0.10178349104222151
2.876830999368361,1.7600392946320624,-0.07565410460628363
2.901708547092911,2.2851111427091655,0.7064152391110292
2.798034375793255,2.538996168000195,1.0404528893732814
2.9035131372823533,1.931604823629823,-0.2247409176663031
2.8497003961159697,1.7572319159234662,-0.08729147152109074
2.7443556258656696,1.7382923020344772,-0.1659516068138217
2.8711275502321696,1.7236494676857284,0.025243660495829157
2.9268273744147293,2.2737235563602316,0.8216135494073391
2.762926287042287,2.5790593099158157,1.0629338532740888
2.7361156415167063,1.7190148490261608,-0.09657777055509953
2.8851453703125283,1.773536289314271,0.0032569720532360513
2.7832226218602285,2.5772571039151124,1.082145383310181
2.7366625737263215,1.6902181768238929,-0.13128705160136644
2.8330251626056304,1.770933592951435,0.08272995984085174
2.945578995289297,2.239742710685376,0.660827283746497
2.7980400978390403,2.597960896042255,1.0288011353878277
2.749406761782372,1.672046509161689,-0.014968728158066713
2.8772992534484327,1.7633543856939464,0.01244768642784444
2.8086051401253043,2.581069178494454,1.0677458552934542
2.768977350459916,1.7029997965748789,0.032842494351281726
2.8490838456826366,1.795583331687208,0.02552471873818729
2.868794862900488,2.3281538015437953,0.6341575439710307
2.8203250819858403,2.571480460286188,1.0005457929056383
2.7115184740356204,1.8144143459157496,-0.27552258318244105
2.862370912832537,1.7763870602033316,0.01624028048661963
2.833501046080082,2.609902567157115,1.0346230784741322
2.7968232094354315,1.6704432634609705,-0.07648272089936414
2.8269500189119894,1.725348080816038,-0.003498868683037726
2.923004094156057,2.243365480916979,0.8115810151471257
2.8076943811711934,2.554622598175892,1.021161608325175
2.7595118946386674,1.716964806917807,-0.11094505991067294
2.8550714897594816,1.768308723661219,0.09347302614625597
2.8076788839638596,2.5545207934448033,1.0379523554001797
2.733599848719905,1.6932556294563788,-0.07078967285302973
2.8314113072756886,1.7645614989339995,0.11809372221637338
2.924178305634852,2.2482087158287776,0.7782859809102249
2.8269347601232298,2.495509812199392,1.004054002969254
2.734773821780126,1.72050877981071,-0.0897626278558914
2.849980776359433,1.7912115695054522,0.003068562941622388
2.8595818923495018,2.5100960221368207,1.0309646647107595
2.7439152667588,1.7014636657027356,-0.1226293282287525
2.8461372305219395,1.7881667258971727,0.05403515605287712
2.9231931600855363,2.2135126144319868,0.7865498666057968
2.8493039060267846,2.5259913884639653,1.0157599971796196
2.7554325528311168,1.733829344748174,-0.024989204585314173
2.8629660055941764,1.8086838362808904,0.04639442199620869
2.8267626219125312,2.520529457352693,1.063827446078359
2.7580596871021514,1.7228629248101732,-0.1396401952494728
2.8316561631515706,1.7684801466159095,0.11053443790403739
2.924208823212372,2.26755995938574,0.8301635373881631
2.8267867021885427,2.54899472773713,1.0663774519049518
2.7357029389644643,1.7248958007812005,-0.050553837031093396
2.89723295361475,1.794032299654191,0.07737384938946379
2.819098180002109,2.5076307740818833,1.1224033127051132
2.7472061583408927,1.738514627354712,-0.13696488556263609
2.848949377606689,1.7903729321714825,0.04138704340845378
2.9376708895958634,2.258096887765961,0.7879551056635257
2.829291527730923,2.520525642655509,1.0657513647373924
2.7477328249716866,1.737053598333372,-0.15416811166670608
2.8678104326068947,1.7785471324835764,0.07918530153818781
2.768694347612133,1.7018888852294263,-0.10391885717144878
2.87196582993967,1.7546686778346234,0.027869040118483124
2.9348928363672497,2.261547281368577,0.7604770077229372
2.8483757425167435,2.5506429153390435,1.054525307110536
2.746369309144838,1.7062900921050688,-0.12465144553673413
2.8350333622575885,1.7719400769614848,0.019545233130485618
2.842431490620434,2.5693530513505785,1.0892915031400596
2.722736306378523,1.7068441768709948,-0.08652792114616414
2.861393396677601,1.7735911255862857,0.04670099475095868
2.9143103992600587,2.258104993997476,0.7341696641754569
2.843222801868784,2.544772334791972,0.9715928972892194
2.746315188128455,1.7143370766047032,-0.05316900190809415
2.8442077089995257,1.7810470704410277,0.1244086925558543
2.8330001286553212,2.553880401155097,1.0507976327522757
2.7455887267323353,1.7316748753044178,-0.10959139377009286
2.85256332635706,1.7937256933680552,0.04561138835367973
2.9168209468482242,2.291820479799494,0.7247495676196107
2.79691905370233,2.5379814585493423,1.0390601672905317
2.7715999547780377,1.7409498346693282,-0.19270994889075188
2.8692907735351874,1.7808742169748935,0.050766064914857356
2.8117088731265145,2.5857459972416152,1.021056942572487
2.682772346523266,1.8610392438244059,-0.20129517811660813
2.8704790517098706,1.7907801510958379,0.10086138669489464
2.9249975118564033,2.312277270283994,0.7633085262772894
2.7907983720609835,2.554780192853292,1.0183855816932332
2.746906943030053,1.703894819901594,-0.11810164035535597
2.8354398659268973,1.7718678361335696,0.02672322654308068
2.8093091901754335,2.5528878646316246,1.018171839444293
2.679443784806421,1.829400264592454,-0.16932539350685094
2.860590402919107,1.7738635188070564,0.03241718542286198
2.905536595723071,2.2752987878785076,0.7649426471632195
2.8197905475420924,2.5683826877544855,1.0414270676545638
2.7351705502878856,1.720819677631178,-0.1900154167066248
2.870629493830301,1.7566086897710864,0.09220609966205351
2.8194169456360476,2.5647360756654853,1.0823615097448314
2.755341953772854,1.689443316458463,-0.047216777973875246
2.9064635671402397,2.313440037669287,0.7632656109345017
2.7892364919802555,2.5536303000709943,1.084759285313813
2.75813812681312,1.6909715795176652,-0.0835350900767603
2.837337439360345,1.737493719020936,-0.026119742608364027
2.8427617003459433,2.537647910964347,1.04161136520998
2.7495421835326157,1.7346435441783106,-0.19688281032579313
2.8505937505141508,1.7535024533800079,0.02261834792839812
2.9133376514766103,2.255221321345206,0.7256149674278547
2.8081530985082903,2.579331583927299,1.108627487670236
2.7242588473944798,1.7119173664973957,-0.04789089158233917
2.858810846679974,1.815530740888404,-0.02859447149644012
2.8267864637699684,2.5447604138632722,1.059295347461398
2.7569610543114327,1.7569098124300213,-0.1478348501524781
2.8647431776475645,1.8879315476670206,-0.09292878922644365
2.9299046429541824,2.3162071236388817,0.7639377724909153
2.779973215110076,2.5648078396562526,1.0543698582022163
2.754199213545877,1.6873527431925328,-0.08896902183985256
2.8783122939709505,2.024800260012268,0.057355320919162844
2.734154171905326,1.7259965793372594,-0.1422483156027573
2.1657363956229077,1.961363037940946,0.20713186772933945
2.930698576806851,2.260743095518548,0.787549078837039
2.7900697648976944,2.5522717910364645,1.0309522669450648
2.745242781380918,1.7395717753117326,-0.13514666083637839
2.274456934467778,1.966670593025568,0.11510454193133834
2.7893771589391365,2.5807859372285678,1.0442399299557312
2.7679712240760552,1.7108009715247414,-0.06716714108459898
2.2079784449563142,1.9870081742230796,0.22750772975828193
2.9200076495133165,2.2389158750708185,0.779738903682162
2.824989979812055,2.5688371135564885,1.0618265182208786
2.745273775795586,1.7016847989301005,-0.1424483189815412
2.9049691595160594,2.0223571848847106,0.11276585691507379
2.8069660124264786,2.541128822144432,1.0671195297073237
2.72172898790179,1.7103690762779797,-0.061620400084501425
2.939354601568098,2.019537408410267,0.11485803203004052
2.9198345576283202,2.2358169104462466,0.7532728925756524
2.77856082347548,2.5647229626439163,1.064801743568927
2.7348226975878727,1.691004719699448,-0.08183478568562452
2.2288791708602953,1.9595623816609737,0.11144737241488345
2.831668560917439,2.5523602443274105,1.036462358540445
2.7834083499296662,1.766781056648452,-0.05811281959492509
2.251322703359055,1.9891643125968537,0.1470320146953159
2.9011120238198256,2.2717148798744633,0.7510111944060938
2.8104748185855515,2.5493430572737137,1.1099881424551796
2.952893200313963,2.0978474195449404,-0.049453632183273255
2.921695891438463,2.0565707270877693,0.06783123549042291
2.8010324893660163,2.5651227905924783,1.0569291623530797
2.9945272822827147,2.068904596756824,0.08280963634706207
2.9068076051430625,2.071518141164776,0.08019040717848314
2.8955428043410083,2.2728809851197918,0.6955093180204419
2.7901102960553383,2.551645227024049,1.071421912031084
3.6984600304725275,2.06544299748123,0.5723725633780341
2.8940164486278617,2.076866585034835,0.0477910370071879
2.766718811304865,2.6085795824901084,1.0675502328559134
3.1338362089641327,2.0758909762301148,0.05335064143425128
2.9170257484036117,2.0357615539509286,0.13693327457815596
2.9349460037093356,2.2174796610844143,0.8171309822485127
2.7887639463658442,2.5849852035720504,1.0656968860939084
3.599738289799781,2.0209257197665442,0.5720739441178027
2.7815260352849784,2.541268535428784,1.0349212208972216
3.0609487897549026,2.075512605953211,0.17145945761244175
2.2325994542948377,1.9894414741891036,0.12334846007158551
2.884014074177121,2.3163642414791332,0.6748228710992337
2.7910801828158944,2.528983541567395,0.9858467515590388
3.011910618958946,2.021866042622315,0.12804002345967236
2.8306424073733303,2.1852006471906167,0.10102346661972206
2.790273612778785,2.500736662596722,0.9770247279886546
3.027116478795414,2.051339585156108,0.17673786596141072
2.914702359396331,2.083897310362886,0.1314571427279887
2.82821173000758,2.497072407533247,1.0112342166547919
2.9964765925468018,1.9582011308128437,0.16734344410543356
2.92938727464779,2.1049511009566286,0.09850155693161078
2.829851334543555,2.4700149988281517,1.0247263235901276
2.8914777676479195,2.054097849638465,0.06314314407277677
2.8891336362246687,2.2866067424237326,0.7539724722677361
2.8390209129140045,2.453878352904141,0.9879703457713207
3.142594992130935,2.0873491344769466,0.02173225413324542
2.891904775314625,2.0499946659802952,0.0737539551264752
2.8139640744215244,2.451462219075443,1.0079029131708905
3.122225224392086,2.0697266639999015,0.020570093984565885
2.899699393766656,2.32063503339481,0.7242164636947581
4.076545159390179,2.078727918841885,0.8339774000598559
2.8697494908722843,2.1102635436220174,0.12578811535268697
2.815112536694287,2.4535178640202857,0.9896488721161074
3.703511166389229,2.0837680874957893,0.6816875974106384
2.8883618752994176,2.078127580872607,0.09909283498779775
2.8876201551145373,2.3234204775946004,0.7448465246239144
2.8146414215913227,2.4859780760303063,1.0686358718191586
3.6486899146532403,2.043020445854277,0.5892558168586035
2.9228324327825073,2.0634700837815583,0.15421669872906074
2.8159152920342065,2.458397576973903,0.9922627145150973
4.115372101064242,2.029705722171875,0.8806123109744817
2.1904754221557465,1.9894969065075538,0.1273629743225524
3.014241160523459,2.296800328554182,0.6830736437733982
2.8166844303551395,2.453212211408445,1.0241267008839539
2.8470599104047696,2.0346769878579005,-0.08893365393495445
2.923823538796183,2.0925373610652915,0.2069315663273419
2.8352848938535535,2.48410196027167,1.0163940713693094
5.065167328357852,3.2143389517215977,2.2667244772598805
2.2304036192248473,2.0213820529171382,0.22614288774718427
2.8605033801394604,2.407304953407464,0.7201143529706737
2.8174213821685314,2.514538475425762,1.0119221734415371
3.0528540023177344,2.047918278619517,0.19930863915769814
2.2045757350628388,1.993943293702965,0.11804505502555918
2.8164736683353917,2.5089904752092824,0.994365983544198
3.607923437876638,2.047073561611912,0.5551210724144884
2.2074002799134558,2.0554840152275755,0.10314002748415829
2.873278562610178,2.3827495092176996,0.7436146158673342
2.8292650632691676,2.469922015584301,1.0037690927768574
3.013235272558172,2.0523662155356592,0.16755198584929287
2.188778358743348,2.02504726165491,0.11101488857759123
2.840913002720242,2.487091252352212,1.0236210150947713
3.0415968309100596,2.0827138005616574,0.1963911409061636
2.7859098376120053,2.2092024834516035,0.21083631117808443
2.8654767916009156,2.368866395654933,0.7373262664514264
2.847376768690114,2.4941343754461105,1.0381703891833984
3.0343231570430373,2.0864059505982873,0.18464756596853715
2.8045942244486,2.2384855295447874,0.10327705855786551
2.9031264223547177,2.45739121217314,1.0586671145266995
3.006794871608589,2.0837151585723666,0.1862634925372646
2.195816236640314,2.0238112997674054,0.11640975694793432
2.8550786423167134,2.3889824859972184,0.7541081920393025
2.884770337895037,2.4529699781372827,1.1067696109553817
4.081328312829283,2.0766050398591807,0.8515276890975614
2.1769067826695094,2.0074469641052453,0.1098541030609852
2.821511452811929,2.593917078609006,1.0203114077008348
4.083928505801413,2.0761923373076234,0.8340083944740915
2.873374406877076,2.2142977267960977,0.1337206439379912
2.8640467569918164,2.4083861816404566,0.7326736472468032
2.826803391488749,2.5937499471886474,1.0427049911953556
3.640825677977492,2.0394396372916948,0.640367811304922
2.172303873672633,2.0269949029857397,0.07833370020474284
2.7906052530157397,2.596640057142414,1.047723106069388
3.030035675820058,2.0849361000897098,0.1806274414305704
2.9212669764231634,2.106086927043062,0.09768682852029342
2.8544246601672034,2.3851308339345967,0.7433862108762748
2.7908265054527597,2.5338541946152016,1.056302717557664
4.096562782894676,2.040919024543231,0.9024751151252173
2.923200551061342,2.062508064835555,0.17683394864554103
2.823880141348341,2.5208527529390072,1.0603678734032367
2.989167632730773,2.056011873950364,0.187050288722868
2.1897396624352266,1.99046870061509,0.12629852480980852
2.8550462173905977,2.351241779410722,0.8058319089342749
2.8165394718619194,2.506807753164509,1.081848432979947
3.699625420464071,2.060628611216883,0.6406616621937327
2.177896696590313,1.9918274480681935,0.09500448548561113
2.81727141688525,2.5074636426615244,1.048684409747834
3.057564676510229,2.046196896515392,0.20147960415981436
2.192143398502072,1.994615276453724,0.09460344309737523
2.8462442804618338,2.373816442087874,0.7540705815097202
2.8179790432139935,2.5077578511818137,1.1065720811692725
3.0350698840179784,2.05076857267143,0.18935199650888013
2.8602241919888676,2.1936964546557656,0.13814986494154669
2.8251213484465354,2.4638597465037493,1.0859790347232705
3.034252346726448,2.0486731118247326,0.17824181030755115
2.9187340174890064,2.089820342996233,0.06905246756536876
2.8632413790475786,2.4334496958113694,0.7393663545592004
2.8080965933061632,2.468598077242998,1.0561934026428403
3.6981384038156953,2.061692911731123,0.5897907685273818
2.9429301649279944,2.0935396727502975,0.07010537612915813
2.8049632964017315,2.464895675207686,1.056310585370508
3.6887172938492805,2.03939982138984,0.5596975764903058
2.8995541968548624,2.0630597654157414,0.18018177751664788
2.827888196002154,2.341541958146982,0.7514336721139823
2.804644769186367,2.4366814595816475,0.9977791242026102
3.687650609147528,2.0536293571405975,0.6487047126878758
2.8364858082126787,2.167147831187541,0.1457662654028078
2.826169913336636,2.4090897548522667,0.9648838583047059
3.6719691042551825,2.0385050364816983,0.5921327541507395
2.8542763638139426,2.187142089638524,0.0974903641671736
2.861988251020665,2.4655220008015277,0.6939795052593429
2.8512851643798376,2.3939675799605347,0.9152400454188716
3.711106705331657,2.0645315232729105,0.5161534643260417
2.234963374459763,1.9967135983233082,0.10435158870581618
2.818501418310449,2.4014722814136547,0.850603817134769
3.0541440852236756,2.0497955864710233,0.19950667558327106
2.233855204926069,2.0279089997983735,0.0854130330324081
2.9180235301373703,2.4218656525574773,0.7364426276224973
2.86000198587755,2.371302079806697,0.8018660544235421
4.107220570006372,2.0748564780376224,0.8478631360559845
2.863097851065805,2.1667258303115995,0.10623135522572436
2.878401939354915,2.295803023659231,0.7968137860892075
3.6707975153807055,2.0375234672126292,0.6144452157264624
2.216625409811735,2.0292028973993546,0.0807895679486752
2.88845795798489,2.4109625327508675,0.7384697219181495
2.8904745022869514,2.2522294066603505,0.7796165353505742
4.102838913446514,2.0273632596825366,0.8943491545729938
2.90133351467542,2.069601017411415,0.14862633458104257
2.879785243923437,2.234565689770007,0.7485001700158662
3.054845274250911,2.048336703216849,0.18988374442810985
2.947688999672513,2.0715598644152227,0.11499672458316446
2.8626984999537273,2.4320556624093173,0.7383481880515603
2.909714404401839,2.220228627242386,0.7592087997389156
3.5677150989826476,2.026432950406873,0.47351173665085433
2.923062506706779,2.0666324677468086,0.1280118900682894
2.8990454116171462,2.2343756701665467,0.7932467462431874
4.079346100801931,2.06097360289343,0.8074252602445569
2.2350992730471564,2.0489174908630607,0.18131091296794777
2.874905530961711,2.445658872566233,0.7729247817124614
2.8895310799881506,2.220823720003036,0.8082949515870796
3.1246060722757916,2.0693056167982555,0.014040932498678993
2.860867922139679,2.1955921207374685,0.1433394921751232
2.8827597540573358,2.241683914714708,0.8001287579009926
4.084713856585403,2.074405151677081,0.8367837058503202
2.911127988129306,2.0450186319227903,0.1650149738348221
2.865022842635306,2.465575406562099,0.7846055631589393
3.0792087915291106,2.0733692229731444,-0.0314215364663909
2.2219721847606615,1.9954392510453933,0.12026654241299539
2.879449073733569,2.2380091692339783,0.7917841079144796
2.9193577204795704,2.060639340052712,0.14242526126329702
2.9979802984953827,2.3052007685897395,0.6768243353984988
2.8805853766590386,2.2717780607965676,0.7520316258901585
4.123660484383803,2.0539767330028837,0.8800993534188826
2.2666110560222568,2.028841693259777,0.11724152483650063
2.8721873207952653,2.2578696748649594,0.7879052761821774
3.697472739156041,2.0591017786691244,0.6490048220641766
2.2148549134784283,1.9920656282235978,0.17961936300871773
2.8960506359044262,2.4517325857383345,0.775450170821594
2.90226382395263,2.240458443244459,0.7932088376903914
4.094138065993286,2.082615572109178,0.8452722414444576
2.2538179921584605,1.9969840841954867,0.10231334834196759
2.8688463613125528,2.222233250612397,0.8001886605669675
3.6818880322048924,2.065445620085544,0.6085134808881925
2.243042426271023,2.0275158475698833,0.07356821960905213
2.889360849126047,2.4297599299604786,0.7182084349137543
2.8894578854858177,2.2523822329662706,0.8260656585937147
4.084711472399659,2.0773105204195828,0.8281919946195635
2.9144939815623276,2.0827464639062923,0.14544824483135765
2.8990966716106366,2.2067801507399825,0.7829327588598574
4.069446961593895,2.084778505412311,0.8221331826829279
2.2420682479761282,1.997272570670001,0.10404231511569106
2.8804740351848057,2.441238830623246,0.7278909707116761
2.855278913919188,2.2359966780510265,0.8108274336487009
3.6369756948384895,2.0449618883021836,0.5902406643709404
2.9024290480246715,2.067362267001757,0.14273328315592426
2.867153827853067,2.16387577467826,0.7477262037296173
3.1005396245412635,2.0702924312759525,0.0039766112687456
2.2473566103743323,2.0259298872157787,0.11341074189684397
2.871243421659316,2.431839416762719,0.721439960225674
2.897476617397761,2.182040408992532,0.7784904248348945
3.627267528908527,2.0445057935701634,0.5900281738194981
2.233142810225838,2.0252716135330235,0.10374889636054041
2.797763293874191,2.325717163717735,0.852225599859648
2.232397513762343,2.02599831334651,0.09335850327577133
2.9275974664099595,2.378471087907656,0.7606046808677309
2.7880651415243527,2.285549356048138,0.8424300536590512
2.9211170111398816,2.0616023126730108,0.09703587131554214
2.8133103306905887,2.2665147323574186,0.8184455030399593
3.009625376923565,2.054109055311442,0.1636322355297355
2.1966807423909964,2.0255763124705677,0.14876369348028473
2.924956027024462,2.463994452998047,0.8569846729562418
2.840895121327164,2.3612963675125425,0.8662194586777445
3.025195778760252,2.05053969084041,0.18651857060595955
2.1753942552336767,2.017799813843112,0.20192184080677822
2.811761086794302,2.341594171814684,0.8597558120074771
3.0703005199161755,2.0819212972217525,0.21901923886762664
2.1996762333594395,2.0238010477687243,0.12416615381388008
2.9794494532206857,2.310047102943,0.671999458776297
2.807661717826504,2.373340797032786,0.8191052668306791
3.644076753657664,2.018168647377057,0.5884551476923976
2.6436159103794163,2.0602433268013343,-0.1899507009657473
3.662546802195896,2.069750505857299,0.6103197995870586
2.8182467872730164,2.156957344498553,0.04029912084233267
2.962481441701015,2.375100564527322,0.7255500579718883
2.7918109357463528,2.364249896806988,0.8558455090237973
3.0226973905193795,2.104718404428426,0.17803669583065052
2.8504013467246305,2.1889159238289233,0.06438861288558528
2.7883905828783737,2.377229165555802,0.8152833575322131
2.8881499211867983,2.0542826240332976,0.2510320431282962
2.1882233203022032,1.9898329574875764,0.12697962706263644
2.8579201148861104,2.4212941632356513,0.7875806096930595
2.754059023424144,2.235459282585279,0.7610592854780676
3.0815264584906066,2.157031969512208,0.12841299951174823
2.87437028126224,2.370130252515593,0.6281884370217499
3.074429929624345,2.1310743856888763,0.162831402450762
2.881796066179713,2.3063182364459767,0.7261037851031362
2.9349100025046058,2.2723381060268433,0.8171954148673373
3.0790190103439086,2.1277164984929637,0.11905476512450752
2.9383911521090496,2.32092208935788,0.8613505938291852
3.066040695247823,2.058713633230688,0.15259849228274747
2.118657071834013,1.9910488922148666,0.15603373136246312
2.9807772062613784,2.375146102474952,0.7885358933025868
2.9689988518501207,2.2166168242651865,0.8184061639757374
2.954221668610379,2.061061579347228,0.06204635159075478
2.905765477554471,2.0288471768869787,0.07108114883463457
2.919602576355454,2.12137837912232,0.05160838655048261
2.1013819771905475,1.9941266375863547,0.26920034290446715
2.931591454367884,2.342287493027813,0.6738267583094151
3.0193547621066466,2.0302800725165895,-0.010859920293574854
2.891562167823248,2.2680899638756946,0.8272135248040022
2.9466857343115445,2.2298504856324355,0.15412626358483172
2.13526626339925,1.8466932406002603,0.3865563412687183
2.844517891564787,2.258002712429239,0.6748381894924231
2.9569274810109567,2.194930747613252,0.21786462243154636
2.9042190946810766,2.0445360727290582,0.08469925998476713
2.909433308902651,2.149462418206966,0.7341738961050928
2.9682559395723693,2.2209183721769055,0.12952875372074857
2.9262258443515816,2.0263185094913636,0.06979395677189348
2.6927115400517976,2.2380537535073124,0.6848951616561685
2.7542535729808337,2.162736133894643,0.6586903380942366
2.954695644736236,2.2389969373859713,0.17314568785730589
2.9175922309363256,2.0548855846068896,0.051424010763972516
2.7390777538847373,2.031165797518919,0.6369304711615491
2.974393548932497,2.2200903444694786,0.1829199253981153
2.8966378608531107,2.079781490520295,0.0684181102536261
2.762552923554816,2.2502367042190383,0.7181617644784724
2.731579728139228,1.820126378111126,0.6809991041821084
2.956608953795593,2.2063927205572673,0.14135795072770074
2.9071251786841295,2.1114241652401446,0.18875170325047508
2.923310223605554,1.7962635398787687,0.7282552742882302
2.824610655860225,1.9753533206527158,0.027476441100423465
2.2386507561310416,2.0532509868636932,0.21887575559134054
2.968794527131882,2.3632347105189875,0.898430284462826
3.06987947271383,1.6789123680458338,0.8819974632676004
2.8341087750261633,2.048137623707577,-0.0025466083793158623
2.2306859068169063,1.996397455294213,0.21181121961624072
3.500318697959841,2.051629502142066,0.6707147999108733
2.7637938922344367,2.0802316247879666,-0.07690350732551421
2.7216846420469567,2.2123579532782087,0.5607202729507959
3.0730895403992102,1.7774532680661632,0.7692083726316823
2.8452994276515873,2.088695484164203,0.00500555178122597
2.74699563473972,2.033694941751683,-0.14618187929827475
2.870706026192675,1.9100744343066969,0.7907256486683334
2.8699418946618045,2.057981688208574,0.281295376618133
2.536024998739933,2.0328325817696027,-0.06289167025704512
2.756489462371319,2.265159084345777,0.5501010501918877
2.84109324716247,1.9286372276395132,0.9033306205627629
3.6034497517470716,2.0807365953276533,0.6116963092069767
2.737608618629441,2.1084215217194595,-0.17266998882608808
2.84765834102645,1.9140365933783585,0.9423153351836824
2.921073618959346,2.066963392727491,0.2372743081024966
2.579427192856247,2.0275320600329136,-0.12194134163968584
2.8511440205838077,2.1577989620646973,0.75596678400987
2.8132368977696816,1.914864740295073,1.0939795275024826
2.9421526819569586,2.1153809598938915,0.2593390229805843
2.8025266585716224,2.1010207707645936,0.15641199732658384
2.7867359579722137,1.9419573157398293,1.0804383063415117
2.89921945717644,2.0569307391344767,0.24824804437538517
2.775621837709164,2.0982331807976378,0.20507906893149674
2.813843196204316,2.0975780065563447,0.8016136287614497
2.826286738438079,1.9910420972855083,1.0973779458141326
2.9704687023611407,2.103445010824807,0.30065761699344584
2.793825334281244,2.163689569771983,0.13244824872781535
2.7558242745488144,1.8693375215010135,1.1911615596639828
2.9352356822772006,2.0448765344526993,0.32285691915488735
2.855571215091371,1.9874455530970432,0.20160605540943144
2.8486115384868,2.0733477653014867,0.9865699346896553
2.776009506311097,1.8932436327045479,1.2109320620398853
2.9234487447972657,2.0507745331357787,0.2701813161150248
2.7932621896085714,2.130348162712538,0.12832587242519278
2.783371156632064,1.9513392058351695,1.2239511465302715
4.031555574405678,2.0912875709004966,0.8986647691274474
2.183258253490851,1.9906303484082477,0.2990230788750161
2.7948464810352913,1.9915983278186002,0.92229592381961
2.7698926393669407,1.93719287816673,1.2624948463994041
2.7817477645591464,2.1613859695102033,-0.04443163555688123
2.7791735592116233,2.100656228764981,0.20399795992110126
2.736895031836337,1.8973468163627174,1.26571528524777
2.941602888724451,1.8646094427604463,-0.07792395371074001
2.787235921722677,2.076137977872757,0.24442549432700988
2.8116418775071144,1.9749948583267392,0.8758771989442777
2.7796122493884727,2.1333093214013505,-0.1017668240939894
2.170640188860646,1.9906509716148966,0.23365530790914946
2.686038680992199,1.9421687930149485,1.277133389033601
2.7562739319800853,2.1193611195678876,-0.07907611145530646
2.751144356352414,2.1390060948079923,-0.13689581868283696
2.8248395376916244,2.0296155999509113,0.858753559939454
2.6753138982611033,1.9879095156420055,1.3064245409976878
2.9309172066395526,2.0490307396857004,0.28600372616373737
2.78899640447586,2.089831787087784,0.1956272180022196
2.644797035996868,2.026259858522164,1.3426669056098253
4.025008600353349,2.0748428881789054,0.8795055123630564
2.6959545095004422,2.164819435394067,0.10971567872875365
2.7786316337920693,1.9319318147040347,0.8034497497816964
2.6348671407927378,2.0501761025150924,1.3288603245792827
2.9423784643468918,2.0787140905645938,0.2794362780081021
2.8699819489822995,2.0586657110973183,0.12666713482180203
2.613945434054212,2.0741431296642787,1.297917408755009
3.06594842725954,2.0589208189714756,0.2122083951532776
2.906701985714615,2.1123995356262903,-0.055678569709863956
2.7509021230808495,1.954291900664606,0.832069574654368
2.6063174701856684,2.0367693492631354,1.3482666425879173
2.965924682752134,2.085688072272039,0.049010387810596745
2.886972610266536,2.0684623303020935,0.16798641428805516
2.583242843720539,2.0078391626594403,1.3503928594044807
3.074729144935185,2.01753659973744,-0.10848596606545102
2.915168944546382,2.0876981792692506,0.1521583865017624
2.6108576750974852,1.8435948720221231,0.8457236870087279
2.5820760232175495,2.007826526475019,1.3146717969979296
3.051991403915647,1.9738132558741022,-0.11774010094411003
2.604753682756345,1.9392218202312876,1.2468367067461399
2.792096799617028,1.9221442554050703,-0.20230359926515673
2.8817121428415335,2.0536100452361046,0.16824278875773002
2.1683749739855123,1.8545305359640807,0.9892798597727757
2.503991317505527,1.9990272121651953,1.232015177858667
2.415351821505936,1.6639331250892013,0.05152128181566784
2.9186229144333478,2.1242219974541614,0.05646582220879237
2.43108172536888,2.049212653057646,1.2289683077300202
2.380193188017201,1.6923411750158843,0.05781114369938578
2.3361877949077194,3.603367254137993,-0.03394384848584109
2.4303373825796823,1.9799142679729242,1.2574592077603999
2.4032198923488814,1.8906410555509987,0.14905036200964283
2.786687082164467,2.03414960597226,-0.11084373946855997
2.4543303973933024,1.9353539557056347,1.2031369668596272
2.334368899603815,1.9611568058744546,0.15068834229619177
2.4266817105787952,1.8272869223527084,0.7080940634790303
2.333276704114605,1.9587269629777533,0.1001792413608189
2.764743036579022,2.095725255817958,-0.035777533166314934
2.3848058721756282,1.771676028390804,1.1967123016257255
2.322714522851232,1.9770297608556455,0.12888944922365675
2.5358333102061357,1.8633653746414267,-0.10251101041059918
1.8816344382123054,1.5830350803339919,0.922898109525423
2.3075818575170977,1.8978870728513526,1.239914938791613
2.338565543349958,2.0219606947961846,0.20544854321081019
2.390441133599548,1.9366564363752792,-0.01608544814854418
1.7457430033759738,1.8355775706349493,1.4274322178006797
2.2838894885257637,1.9804906448755168,0.08472593306240239
2.5358066073258057,1.652730551553675,0.11216832782197694
1.2096495405701246,1.6822493936165237,1.208250449162077
2.177592236070837,1.769669855300062,1.233489677511284
2.2798912090335,1.9132493352470812,0.0131891160297265
2.1525525637157115,1.5572220973757778,0.25092806282900004
1.7204368982639848,1.7282262698411064,1.3361360249025234
2.4268140328875734,1.785517895540272,0.06957277884376878
2.039889058487832,1.632351247105717,0.40322612072123976
1.7141784106866496,1.5857513831473287,0.8905822007551536
1.6996789850860539,1.7301697388468915,1.2698613841982116
2.3446588068552514,1.8489770521204,0.012014626101898074
2.0102867698748987,1.5745938707222842,0.2268151685128832
1.700275269940565,1.7303559437531688,1.289196415054104
2.571717689835267,1.783084714783535,0.5613261541444592
1.9971271374530017,1.609627453610542,0.3089734183328625
1.377855394512189,1.548448413062657,1.1367668395176125
1.6936378160392613,1.6859615708133684,1.2268724892812641
0.8143457626064908,1.8613791095016126,1.056437900887445
1.9926379541161008,1.6156506220449598,0.28282861664619063
1.6754381341643707,1.7244790451138865,1.226014897681222
2.2235912852992397,1.7751781588239737,0.1879073587822866
1.8741302135838622,1.7099797387466726,-0.005025053710000393
1.6306447676665805,1.6038034838946826,0.8112463350780237
1.6017738280305414,1.6785293486067374,1.2132499673875676
2.022808036563908,1.7936658503059861,0.12840742647765002
2.0405873864921755,1.6457322511516845,0.2809184964619562
1.5867066085950725,1.7223497288296847,1.215912029942551
1.5280149889319725,1.5864180014801725,0.10831146040053219
2.014627895277113,1.6397637997799948,0.26964013576107804
1.3027548548863264,1.673347201692028,0.9924815827633151
1.5525860495791644,1.6757272151067684,1.1847266424315257
1.3876235227136062,1.6339887058718012,0.2156010616169013
1.9005192158606614,1.4533558800870656,0.3515990229521826
1.4897570331856538,1.6515180738957074,1.1869249808658298
1.519646258552847,1.5639784029251798,-0.12051568799181145
1.995886049564094,1.600571720124405,0.23108149002777356
1.1882155915245542,1.7010459563611253,0.9907520944489676
1.3770198566182927,1.7075242658532683,1.2832315400344596
1.6321141413404516,1.542610019023072,-0.22516197976392593
2.0565356817692466,1.6569335133850545,0.3474385592828355
1.423507425505589,1.6632154851815262,1.2950742672953188
1.592353790947711,1.6910681390401263,-0.18065476088077181
1.7400222688931408,1.7901429774568804,0.30590127583568494
1.4133020376387686,1.5735138345821618,1.2487296309909377
1.6565289186121412,1.4656670999915915,-0.03277110106249104
1.6534349607724814,1.9846160014610668,0.16817679151703313
1.4043447710087995,1.5045389835023288,1.3005409667107686
1.6227572851798306,1.4216342888192297,0.043319407300308255
1.7943558354352462,1.6694132952213836,-0.09315121140148597
1.0820412438447182,1.5593616656586602,0.9696442427034404
1.1054899490530412,1.4606286002677047,1.3742967053372745
1.6971727290322274,1.5742385078377692,-0.11618848778492141
1.2384960423022904,1.7059871813068292,-0.019928762964341318
1.061397175536051,1.4219118080393405,1.378658096257368
1.6317374399929399,1.6513750227513204,0.04497807784847563
1.0760166448888444,1.5772776294002728,-0.010165539243927046
0.9739177051100814,1.644489017497674,1.0366269865637503
1.0216866546253547,1.4832747885170496,1.3355199513149478
1.6254267387478165,1.4577493383590536,-0.1901814305378744
1.2350197802786207,1.4310466964920385,-0.11419196322042513
1.6699971838785665,1.51042899516318,-0.11122354025223169
1.2505240209609183,1.50391730707068,-0.1759281872156434
0.8507639018190039,1.5358388123127966,1.0319604198727215
1.3841900568240364,1.6423597012134723,-0.030290912761667066
1.2317709695749042,1.458442063525748,-0.1860925073410009
0.9104048446406203,1.6291607297487372,0.10926480685916995
1.2153658643093317,1.4038555349669417,0.5961202451467944
1.0079964216661865,1.5799724745419514,1.1351269965859774
1.2078099028502496,1.6904873513939147,-0.27509766168419914
1.3190268033781105,1.5648008277961185,-0.12858643974367778
0.9557815021806181,1.5442549879742367,1.110709716260442
1.1267519983064873,1.3621415828450942,-0.1671456815234097
1.3604056582629938,1.5849263356720766,-0.08066199728408252
0.9839601338813168,1.5805911707414257,0.47380597496984334
0.9222266508370576,1.5160400570924764,1.0832568906883844
1.0396550704831018,1.4177487813191023,-0.1369188409761033
1.3013044354891181,1.4964915221655464,-0.07872121796172826
0.9226844144998569,1.4225896320451614,1.0297350209306042
1.0052870329869927,1.3792643279910801,-0.08386167136502698
1.1522322681870572,1.3709718915695353,-0.22144451270073806
0.966923577021513,1.490272135244744,0.6313775834326669
0.9095246628686726,1.425905676781341,1.0766904856139976
1.0683983369725634,1.4248589000322884,-0.032482759877845546
1.1621614481354647,1.375937077581924,-0.14238288798495058
0.9153663947780009,1.4064134086378697,1.0801539921955423
1.0549825237925006,1.416302176621488,-0.0863343774205394
1.0883676807157499,1.5646809032534073,-0.3877733246849434
0.9755017581182266,1.4393026548717653,0.6798842589439102
0.9537563748098795,1.2936303366823625,1.022140912605735
1.149433114914611,1.1337072634891188,-0.15971840659362835
1.0483200359408875,1.2177836662540351,-0.1934824101597713
0.9244438839740985,1.2619752641966668,1.0920285483356356
1.0394034196778492,1.4110368216244604,-0.13652768550798555
1.2183953299246235,0.9638705671759196,-0.7276989897799999
1.1961482543311484,0.9981078320270891,0.8383914218795074
0.9238523674910749,1.1409894012034303,1.216881320643127
1.0626535222137186,1.3865037887806497,-0.07522281286184684
1.0367934515441697,1.3742652865411864,-0.15598235778305958
0.921596272126411,1.117059448142498,1.1806869973730554
0.934913320412039,1.3087573991548616,-0.15935334305787907
1.0250941328903176,1.3400803545670055,-0.38621269632353716
1.1360643894029876,1.0614371100890423,0.799362182590446
0.9389800856397913,1.0529197257429486,1.2315955611736307
1.0794046920399958,1.400332066071401,-0.14831752854955504
0.7763391000375629,1.575482575956789,-0.6245531554824246
0.8951082069319592,1.004117470207434,1.2422416656264237
1.330711220871064,1.1808907761166063,-0.17051353755448417
0.9714582387014759,1.4453655199987507,-0.2014082034204433
1.0843554537368858,1.2005266914508992,0.7615014923227101
0.8256895991659505,0.9514066401747601,1.3359852251563389
1.3604099497973328,1.1552283544878594,-0.16991395955179245
0.936040623036326,1.397574516844766,-0.18633649894614235
0.8308768124839766,0.9509018484490042,1.3592057634645225
1.0129235799242133,1.3855629890877308,-0.19552914418521317
1.0479817199838501,1.2238534455196661,0.7908524873481284
0.8192272041028815,0.9618066371856313,1.3937812246372108
1.3877397517686139,1.1650095956946134,-0.09217295765275457
1.0112268741396764,1.3880245416547712,-0.17469453502326227
1.3878665904501812,1.1495549461014678,-0.059659183820260586
0.6592703944156065,1.7504853855355973,-0.4642068912944426
1.1709260725573392,1.2354761125825426,0.8220470539741385
0.8900957544289498,1.0135224869044497,1.3792316121300132
1.416370484690971,1.1538010616947374,-0.113841562426795
1.0203357749829478,1.3159366592545017,-0.2532410862186323
1.0178876930612686,1.1233896997002004,1.2708481986637596
1.3987209536764498,1.1156979588757938,-0.08360792695021402
0.8900961120568115,1.2348928215413044,0.09757240250735344
1.3491267907650513,1.2143289811170868,0.8707228874615371
0.9463346430081705,1.0781448877070188,1.3699593946928559
1.4705429994860861,1.3769827814473932,0.40660230650114015
1.1163804326933275,1.1480623266190755,1.2287199947882783
1.5988896785363311,1.3939394680566033,0.1872259883085663
1.155017950810051,1.1844793332828434,-0.014553538049078107
1.1326285393276743,1.1871582043800655,1.2413310258943242
1.3222989791021156,1.0372204586929006,-0.16015644111327754
1.4829998931600135,1.377903196352237,0.6824944654596914
1.3953203895501436,1.1606740731361018,-0.2663757143090104
1.4638409341511267,1.3366857509107002,-0.02460304473131758
2.0976907808220786,1.4664221716153816,0.8921204773755247
1.3586262212331484,1.1623744744057163,-0.15790509925039842
1.568462342446774,1.3796010942268249,0.025279495924643958
1.272287822104136,1.1515997430011942,1.1880782114939663
1.3099369760207888,0.7357050647621046,-0.33681680894926647
1.6543483423309104,1.3846872776655077,-0.04706400382389897
1.6470021892172781,1.2721769565586316,0.7663975368883682
1.3916116694164584,1.1322800899052838,1.2264509652476603
1.4701304161431306,1.207087255351065,0.007980045575416872
1.6763596219543289,1.4343405683008381,0.07874050189158521
1.4667608464314934,1.1200201299941626,1.2565969669982224
1.5092869714962676,1.1903064024401642,0.04047551333200272
1.8220417155473567,1.3767744036137362,0.6277393160385472
1.5291437816723492,1.1023782284033388,1.2557989800409404
1.5140542701001765,1.1480585119218918,0.04626127640015176
1.5985955892248398,1.3255597097374205,0.006181685493342859
1.5839832724292777,1.0855986867945948,1.2844568922803359
2.0225967977070116,1.7644354947176515,0.07068646179143312
1.6198616915940505,1.484492511383645,-0.019962560659431805
1.9202196234519533,1.2687670941135916,0.7898932698321788
1.796860422559052,1.30061409355134,1.1498440981393334
0.5598117615341123,2.7786549954005033,1.7680336505330363
1.687613455501962,1.4260769805267446,-0.10339903763135139
1.7829259297704374,0.6730314973832356,1.152727055500388
2.043764790832867,1.2401997805794913,0.15082869632873286
1.6635090992141084,1.382747742566193,0.020719267641590267
1.9555390702691042,1.3520859218596915,0.5170478319906675
2.356218054596659,1.24597189425551,-0.2533693256075321
2.0612401570788075,1.426238628319902,1.3282815634980754
2.3362676651301353,1.1871624959143967,0.09959056355717189
1.8071216003722763,1.242869710980189,0.07340957440176399
2.2273039393394023,1.5150975884695392,0.6100899640845729
1.9773164612710614,1.1777758374475777,1.3704919025712812
2.303840354829436,1.142973639785366,0.2033845685424498
1.7883945366108693,1.171325542137877,0.12226004204187135
2.3024806536997775,1.5800532984385303,1.3494280986567544
2.3344008476927813,1.213675356596525,0.01688656990278503
2.1449572631918574,1.0857935939788221,-0.02202798260302441
2.384044124830501,1.4597164108036627,0.9055830800126938
2.4240390791004267,1.6046242398356039,1.3978032267214249
2.383534385918488,1.1847702039430974,0.07783345333921221
2.2245957427530803,1.179576612936837,0.021323271289007018
2.392286731783782,1.444410772819254,1.4464477677713745
2.3418495207933945,1.237506961995691,0.08899078681296468
2.5366098395028738,1.504393786590776,-0.05068289598383113
2.577527950492778,1.5162495078097162,0.9042248690181032
2.3640558268106515,1.2542121170093539,-0.08768182232653132
2.364881470333711,1.164347388105388,0.10312051441423464
2.2710730596416786,1.1288707042973918,0.1372103467600294
2.663831659719219,1.228648877507382,-0.04587693265983539
3.040009678460448,1.40822050221934,0.7983642816613445
2.7673799460116055,1.528057902941722,1.5134934541344394
2.511338424293456,1.527927249563182,0.5642970879582292
2.737814373859126,1.3664039109013946,1.3962711489839013
2.926782074885598,1.1604251641448682,0.14092364149822423
2.5743631823365285,1.4655948591636765,0.16313884319812244
2.88777941872222,1.2791304342687138,1.0849804185384557
2.8732628269842695,1.34399328020314,1.4543424027050427
2.8079883512733974,1.2629165407267338,0.441432637126274
2.4902355194384054,1.3926213709703634,-0.0905059797075024
2.8907634655990933,1.2566368339067149,1.4158155113451691
2.907949391695743,1.455308766626523,0.10432297102671062
2.6442384212771093,1.3082685218689192,0.09191865627233953
2.9754616641456955,1.3160490736121324,0.9026029670839391
2.9338013561337624,1.1122637777362079,1.2862295343560426
2.817418759564213,1.4566131546447592,0.3144105538455031
2.679937549673951,1.5565819435046455,0.5658727962942536
3.0677327518701603,1.1147141246302716,1.2466783968149673
3.073008239665348,1.3692071172849463,0.38618530236753235
2.9363185794420112,1.3166125759117304,0.10088363412780521
3.5323666843087103,1.4478406624245082,0.929469223366588
3.1560599195373187,1.3074198709548428,1.3140066091847191
3.3190185382852584,0.8488166179079109,-0.0804665611110501
3.1114637252005366,1.3366878966778657,0.20072562033005092
3.449499540413305,1.2399930716758518,0.9910353953160096
3.293382342657047,1.6446425590593163,0.4276521331269396
3.392402821803484,0.8080446575718523,0.10426825396465622
3.3145880059176536,1.2938840140450758,0.6672811552553515
3.250463661409565,1.237665271928813,-0.14490544587355214
3.8911024769858362,0.8819888669891184,0.27991463506857883
3.920134945206014,1.34852525966661,0.7615914357286362
3.225125250580748,1.4571495964362107,-0.005777866867327286
3.1825892311451374,1.4582578851773496,0.7997986077847405
3.3260351969291047,1.2538711784485648,0.33182828215770854
4.283088600882403,1.3557938075222047,0.5491221035391842
3.2053677417408935,1.216856933256981,0.4425946296368959
2.8234781676319454,1.1469517729014838,0.5660229403893682
4.4252356622731766,1.2652671094475878,0.347097233296066
3.3866595567653732,1.75076362001143,0.5961223313092912
3.224902329213708,1.476027340705252,0.3908520478724895
3.669157910844732,1.411805959944115,0.5105798937861215
4.860124016535593,1.3198017819665535,0.8237753501956311
3.0408205400318957,1.2393903495208343,0.5364194004925722
3.27882617343575,1.19724152192005,0.45773802359527727
4.355856333967296,1.2416780949474444,0.2758811292883123
3.1020323632354234,1.6083703916792405,0.6156477393941615
3.3755897823571566,1.2458544731078256,0.19324321110571585
3.9820191087892782,1.2902191629351656,-0.011405415464863844
4.62129822323589,1.7676666624414947,0.2619030657005472
2.947534504436318,1.2831040374319262,0.6043183869214015
3.380664283294147,1.2825991861015265,0.05759226800058759
4.622683911990156,1.488953561321356,-0.010610210368018569
3.283345874350171,1.2098430164383953,0.4993408125448222
3.339678461429121,1.337691758083602,0.3029872048511091
4.84786357976695,1.4855709978030365,0.02885965065471674
3.449407749262171,1.3960108486273282,0.5552259169811047
3.2775141560209664,1.3351024131609088,0.20526531853896368
4.832344437923755,1.5800903725267836,-0.08633823682115827
3.304016049492732,1.272287821195532,0.3305862704141802
3.3356043648302065,1.4721954773842703,0.2787202474346162
4.093723217673873,1.4230290374770036,0.1571453579499522
4.809539701284817,1.3693990442369992,0.01759883234526105
3.197856126136645,1.452296824781453,0.5474053706183875
3.360789234097126,1.4108835184813922,0.3457316015234517
4.859619045995068,1.4809182593318464,0.002992608000294217
3.397695714154602,1.2501386164636448,0.3817324183208006
3.320811445964556,1.4212798796090105,0.32164825620898374
4.088152806102184,1.36741730905009,0.2576747123430958
4.820155049890275,1.5014178459503766,-0.0824040398263115
3.294696744257575,1.4504117683262923,0.33166317729726114
3.4734343810947785,1.082370141675065,0.24366142241145905
3.2607306804778613,1.4926500028923182,0.4624930435761634
3.502361468305083,1.0397746368759324,0.16854006691349954
3.263654884292567,1.4842441984388464,0.4096556437335266
4.842542077186909,1.4305970390615153,0.31885872912545654
3.373252803491137,1.197496749003494,0.5490811551496075
3.2913615068206474,1.493794292838128,0.3622532634387128
4.8308209432335,1.5058011714329709,0.2896808259826156
3.3062850790650558,1.257930016251974,0.4000087217096542
3.39568727608407,1.2619502302463992,0.6286450085852977
3.2923116048395307,1.4838726230913009,0.3273510198120879
4.853042508039518,1.4545876696495252,0.26610462677107805
3.355430061382332,1.1848555577925812,0.5825780703115393
3.268040593968189,1.4846722789884248,0.3520776482335519
4.828257466721824,1.4964222615698055,0.27473409754302325
3.3578197307532895,1.316428397563332,0.4333258394666981
3.2688884104186653,1.483229131360133,0.33397375127388385
4.861807251670679,1.544816821343817,0.1659712558221158
3.3276764703950996,1.3775930137874912,0.2781602916182
3.266733583343467,1.4837538906414596,0.37059928433200895
4.857138062310125,1.5522769385236033,0.2431516835065688
3.5203637396003913,1.018330197448726,0.12712691013489819
3.284133609319905,1.4979790156485981,0.38970453929005866
4.072163025993172,1.2148115403108195,0.14755543286571982
3.4366804889249023,1.3994515862776986,0.44536174537474493
3.291671689385909,1.4817087361138723,0.29745541716576396
4.829371835138451,1.5712370564099545,0.22292285123015665
3.347571308333794,1.217463350899895,0.5544564210430627
3.272957977064667,1.4781344840620738,0.4097266328630549
3.400497847659228,1.2635549064585614,0.5960629054804587
3.268883403628603,1.4876527495817298,0.3379779017675908
4.846200371792112,1.4832205482914698,0.2509598321035915
3.486070565536636,0.9990994744809091,0.08878429397870025
3.3801588359164736,1.3266967279167239,0.4668970816181526
3.2702164018779323,1.4890280671257243,0.3236834567360516
3.413750344115844,1.2665664906757703,0.5773927644145631
3.2701773012317346,1.4975691741199293,0.32112349693411746
3.2803217731528025,1.475120158031264,0.3429170404899651
4.816571141880275,1.4693931054657272,0.2538152819220121
3.5061983384224944,1.040066222791908,0.1404406650779333
3.2712845170911304,1.483844728118145,0.3084903823079288
3.3322073769825162,1.2289129260780634,0.5981330939328269
3.2966057617825926,1.472721428758467,0.4078755808797965
4.765872862550947,1.5664181401927015,0.16326395334327715
3.3571650333480574,1.4968191092861929,0.25244523940583363
3.3260356737662535,1.4244944772419623,0.3319300570852226
4.79232444970352,1.4439973550119753,0.03933752659125278
3.3768815341931187,1.5050894919896451,0.38964663337961625
3.235490021264538,1.185881234497837,0.2524902707134393
4.7744912171774425,1.4326971490704048,0.10811865428236178
3.3594552821734993,1.5712332417127706,0.45914248779265043
3.2634341086926963,1.1518035908819457,0.23372979881143974
4.767856028252596,1.4349033553447146,0.06321235251360258
3.338918621432589,1.5421696599169339,0.4867570505628396
3.260467704790326,1.182677723328575,0.33931912543899445
4.75422420784415,1.3543159699913991,0.10042276357939839
3.3244666411282937,1.5176897944151204,0.4869695709166031
3.3040980654823167,1.190430260889346,0.23675905576815093
4.714637187754979,1.4856805511377795,0.13132769634507313
3.230373081821309,1.2916530122390721,0.40098221453754523
3.288947041917955,1.2154557472977094,0.24191540870990602
4.738995459824542,1.4471957401818967,0.15903960839805142
3.2124676084671964,1.3142459139371332,0.5155952668465866
3.526208094114038,0.9922981078210252,0.20326595530335578
4.737464335739907,1.4125711643572987,0.023512471586517814
3.1900560240574034,1.2781836741114454,0.5287949534045384
3.506254128368898,0.8892165260592758,0.2595736566568123
4.84789409734447,1.3585562443296062,-0.05561635363869222
3.3011612254831695,1.3728309604001323,0.5831627918570228
3.6583685166799804,1.0622092286408715,0.3563693911285797
4.099588791440639,1.1259578253698093,0.2766935703714637
4.823529149554825,1.36036357632965,0.010038925909466201
3.3342081856586687,1.409957023902912,0.5066802004288526
3.6446949730210174,0.9287195631399775,0.2096061607584654
4.751436141035412,1.393520566622123,0.057222827248885944
3.1864945273933944,1.314888928831153,0.516388068199948
3.5809520982319287,1.2215356593527344,0.36239053293099066
4.112581650069761,1.1171004561372222,0.2122898597987708
4.7858680747094535,1.3450698592739398,0.03326444306796583
3.2460080950916512,1.2304532292752512,0.3544105739512098
3.495536259776459,1.4705807875920012,0.3567749411179242
4.807972337576878,1.4329124410427072,0.036401886176578024
3.6074971454656564,1.2115336425464767,0.4026223852947157
4.0820364159951765,1.1926945220864196,0.4019939437437672
4.756655123628474,1.3513216711208034,-0.012269015026632246
3.3977443515437753,1.2904066791435997,0.30314614063103074
4.756654169954176,1.5048629943443654,0.15164931814910299
3.324093277640823,1.218993521307689,0.47663636103598295
3.5240535054574136,1.3148319467919722,0.3199292881140834
4.763385203145922,1.479364008648081,0.12181231431719342
3.4625543878717644,1.3956449953255583,0.28051765523938976
4.791214372821231,1.4778697202356712,0.029940277240035118
3.305215771758985,1.196287251577701,0.5083205201976302
3.5080005444261926,1.511987775799851,0.4726306906238855
4.281887448104703,1.3746964665322268,0.3285564343049612
4.787419225954335,1.4097108567252794,0.012456937254665457
3.3200573280138084,1.194727636476021,0.4187141487240642
3.5006453314067336,1.441654534894776,0.32409368568985264
4.827596570433657,1.4517517999213383,0.13458456853132672
3.3381125282326285,1.209765411192565,0.33556591049131046
3.375422412517946,1.2865543118252554,0.30677662961927
4.316761886652785,1.2724702114046254,0.39484195285657653
4.81079282931173,1.5035053197748451,0.21882214121517718
3.434616976163689,1.3340918760351013,0.4790833998422064
3.377186471549744,1.4100806439335196,0.1620239830587633
4.806716348527072,1.4109947407461534,0.1307563262395679
3.442413025127167,1.350439760815657,0.4942513807157267
3.4358817867007474,1.3533010221219726,0.2079750648081553
4.3186053390698484,1.3177536472067914,0.13024272793405856
4.805010225208848,1.3598476385355607,0.12273047913544155
3.4168671901386443,1.3292479258675807,0.2607120755312222
3.319936688215175,1.190904594642276,0.4295467859063775
3.5903414985279523,1.0567499201339126,0.37314714439146246
4.312481319568461,1.263846015537389,0.03200177086514078
4.817840959207394,1.3708908292543824,0.12849175214599584
3.3055626707847003,1.208725787000732,0.46640182664145313
3.598813940986931,1.228615498907025,0.546259709779882
3.2846168837701626,1.2074564465128705,0.471234869099713
3.5444165974761797,1.1261241223251597,0.49364639359170437
4.320299064622207,1.2557998655027636,0.16694741595777018
4.781830217733844,1.3708046409398893,0.22688651527026815
3.335390980206141,1.2411045790677395,0.4340393964475091
3.4472822476716205,1.2088837393059928,0.41488055691561776
4.800063993464871,1.4170739375454564,0.0770815780236862
3.3794664683764895,1.2704204077148453,0.4196925887373044
3.4340607456296737,1.2823709003169423,0.1723680111820447
4.241590417501045,1.411840173009481,0.1948962862680439
4.787268068578181,1.376731607479707,0.08415734202336589
3.4060632524408554,1.6737129357845113,0.30055029883415485
3.468886785207156,1.237907982037123,0.3716780985636581
4.811627771159191,1.3706994983487648,0.1167967624427999
3.5323573859843087,1.7091245313218115,0.2135190863464269
3.4222115809018265,1.3638428185797176,0.20695651087033728
4.312817966595477,1.2560902593258696,0.2493590451141252
4.823792363660935,1.3698118659978429,0.06567527595712175
3.538609913097284,1.718835677467816,0.1960271502539841
3.6702415232652643,1.0106230786262975,0.45426831813088553
4.7698921228777555,1.3797911138302856,0.05178606799055241
3.396935635739496,1.473702282771814,0.21502297108792479
3.6665627246626626,1.0182481814592772,0.42679203813190125
4.355031882537109,1.3114273295555596,0.13518995798668776
4.754948046635951,1.4147807084916446,0.10800525644950931
3.5403098375325763,1.631221381483633,0.21619913460236306
3.6529800184805374,0.9590723337699592,0.2748402534117802
4.828141118457529,1.378183338176662,0.10138361277244368
3.564616611190074,1.5216638744154807,0.22353990829433767
3.4836491864952865,1.1748401895461804,0.334880129274026
4.292914307169531,1.3676664564598975,0.06685257941035294
4.8653382307571675,1.3599142765269874,0.10951520596340791
3.5638069417114977,1.5234906375293036,0.2484826482492919
3.6159636274602756,0.9364091581972181,0.31010081034836157
4.855116749636577,1.3258691770464446,0.07514257939003444
3.7157329793488234,1.6096303146334296,0.46368632852423475
3.5457877426974087,1.1587419290125802,0.36765436794480433
4.322986518792558,1.257654046752594,0.10338041300841283
4.87229909945461,1.3402816990527302,0.10511311252288902
3.7114476438930124,1.3804844350434151,0.2949384919159037
4.832693005879491,1.321192954345718,0.11697833308580985
3.6913286924944066,1.5899979755777462,0.3818674228366541
3.7460798491695293,1.1367263578914082,0.42906947192714884
4.2550057538439585,1.3195891125985648,0.08995340924413209
4.818907643909147,1.3584524130406386,0.06936963877065971
3.6100129382624573,1.479496807793787,0.31679152090522633
3.707126784069621,1.397199484427898,0.31690769035396693
4.783220674859598,1.3786103458426573,0.024274056870878247
3.599472214670779,1.536222785426189,0.2568560723770974
3.9469458291501684,1.384508344525737,0.10725443911639232
4.353135978033681,1.2838555327771062,0.024681245987898892
4.8266486181819435,1.2773967736080294,0.017413409752212505
3.5151125704997894,1.5870065377300384,0.10026692724090025
3.925669117154399,1.5153076352332144,0.3050196039599671
4.798481847805319,1.2413912774029485,-0.09054088567641916
3.3661116903514663,1.5192503631910965,0.22760521315151716
3.923350019681456,1.1459554216808279,0.37630228635368423
4.24872199389774,1.3765842648009885,0.10595601157849077
4.74317875213052,1.2429722309669997,-0.11475731325701133
3.5603167322012266,1.7464384686608867,0.15831849652877028
3.8969179828519827,1.1779429688679368,0.43352360767137843
4.846097851805132,1.5048541728571283,0.003881966779452406
3.505474022793544,1.6316942847251192,0.1558543809923958
3.921778602857753,1.240287876242576,0.4689024500215184
4.315969383311563,1.4292475899327972,0.2414316872315807
4.820433045947995,1.2955897797326046,-0.027969652790184485
3.465349368819159,1.5644812276977003,0.2520634716689507
3.9874977292098333,1.4469289497976145,0.4347359065004903
4.885041141743491,1.6231021561560832,0.29437034046110755
3.4798938555303116,1.5473994905464388,0.20322903022716554
3.879456683301931,1.2092736728837343,0.2227941350041145
4.383405123399141,1.3576101994280596,0.14135856167528904
3.3914994538251784,1.4744037102164589,0.2687565267344705
3.9396561812386635,1.2400086880924472,0.4654691927961747
4.99700870315277,1.2207689052188198,0.1800815970133276
3.3058921652544857,1.6633435159557526,0.049080307781845356
3.878900691186489,1.255006408488563,0.2568196241380494
4.355193530330535,1.3052625404881983,0.025709671944674106
4.739340689920236,1.2796652071301475,0.07091716156123873
3.3088766889685086,1.9538833704380936,0.28138838966316104
3.889584942759941,1.3031998621954235,0.3581833392217193
4.762631800450897,1.2821717015983833,0.20918913687538931
3.504126242592604,1.3876926629997934,0.28730009734146345
3.8879536828740693,1.3103693471335303,0.3587961047516217
4.394697580755823,1.4955064958271542,0.08684358916214929
4.7783202194819,1.2536809204265298,0.2178004431324536
3.360033924053507,1.5896130487900582,0.11344673565049113
3.911031170362092,1.312065933705961,0.36230532809416416
3.526877811889456,1.3433875778159479,0.38212732888141243
3.9034015375635276,1.2651809211330942,0.2712888001798417
4.241862214675832,1.284234737519019,0.17053393162081276
4.7852000258640555,1.2898149242429848,0.23206304438359782
3.3478638479245513,1.5951218291511178,0.1439306361208641
3.90004722664065,1.3040966736614434,0.27758436175752377
4.845341588087215,1.3152742132467024,0.24219677242605853
3.331154282139503,1.954256137878509,0.2889069193010092
3.902530832929911,1.283548807281683,0.36911533734351476
4.4295863244183655,1.5700473477258017,0.11303256533968731
4.901891612905995,1.42509600730411,0.3351074911838372
3.4030010042715872,1.4600666476888373,0.1986002975831287
3.9386018943027787,1.304281209637703,0.35858754810660165
4.886548900807836,1.488236040622968,0.3646825996660361
3.466743879060677,1.5446316893211227,0.26587073815288464
3.920995874678081,1.293327902721271,0.38419715970592416
4.169323363422339,1.1887385618976818,0.13511318720681187
4.777559664229645,1.4451721625352543,0.4675374738999747
3.4291476540675343,1.4605852080872406,0.19334818978277823
3.882579251370516,1.3085756049922035,0.4002648130572761
4.800112630854042,1.4775892207833852,0.41185007806373
3.375954801194525,1.9475468007881807,0.3205992144963936
3.885854407326701,1.2878069630129385,0.317687676709135
4.305210029887182,1.4038144077629306,0.06247279300738717
4.612461477195268,1.3157177910035893,0.6115548077850625
3.3801919760983115,1.5674479892230018,0.11436016935022009
3.8918549260065625,1.3165867074964541,0.202963014706524
4.780447390002471,1.37853738975902,0.4286662167165507
3.403232985544454,1.506561130637527,0.3924265939179803
3.999485891966541,1.4212677202617376,0.25166722000387676
4.28014603883747,1.3590838646338206,0.13511284448011596
4.785873796755238,1.4212006054331627,0.37308277137728063
3.437994652106856,1.4791991422041748,0.19909085869421106
3.9473835656527205,1.3043224560510012,0.281942742643158
4.776032354842201,1.360230181137509,0.4586925621467701
3.4001325904032855,1.4976173346718724,0.21661197125928533
3.9615713781766084,1.374967667660127,0.3340683438419454
4.428050908799393,1.6212606110906735,0.22962722615137432
4.826608563861448,1.3255616170860125,0.3104680941570537
3.4844157022119013,1.4090025151419892,0.25929506455654816
3.9440006445009184,1.3059036480336266,0.31531910741510605
4.879176521651022,1.3936366764676507,0.33227787997805325
3.5192910944342795,1.378227922449996,0.11593461108758607
3.963872594256473,1.363908502896849,0.2569713477561968
4.478477867791082,1.5637173345866733,0.3306190231653774
4.828457738324298,1.3660719130371295,0.233258609209255
3.346493179540472,1.502098769397659,0.5468221391889729
3.908392115162339,1.2842294923103914,0.21461225039582077
4.858044529729898,1.4108494246253134,0.2586707059236286
3.5342354090946584,1.7686638481271595,0.1351748184074264
3.8870381555484705,1.287932728810712,0.2229083225984836
4.43456402741416,1.5709860016515549,0.29754631424597444
4.893018150404918,1.4092942202672518,0.23695661535658163
3.5129212653827118,1.675788250261707,0.13565916573450076
3.9064068036935207,1.3461172320694275,0.23579033131168092
4.826486493551369,1.4080007995034185,0.39329884826014205
3.3506888696123176,1.786204779451904,0.15687557243565609
3.915766163249173,1.2847352973150867,0.2863160842941255
4.293682014979018,1.3392141798877417,0.1723446312609218
4.832909013107874,1.4078713382177483,0.38374541611843993
3.8555478302450643,1.156572319989376,0.226094026841281
3.88863985153112,1.2928007592542046,0.29416166460680193
4.833140755962166,1.4187866173716308,0.34116028305155455
3.5319759162653095,1.572879641175379,0.46772761271038155
3.8990360934667274,1.273117279414403,0.29188303871869903
4.394431505626821,1.392469021501591,0.2353819202994838
4.818446542386306,1.4089425528706336,0.42294563132526086
3.626391102229126,1.6032607240110208,0.3785474144325556
3.8979179103529105,1.276891087812621,0.32298718510164104
4.834466840072838,1.4405162054133158,0.3354499198564982
3.62710254325506,1.5946136399606825,0.36750112440826643
3.9027103621164154,1.2452220678403478,0.28052257262241764
4.446656617506443,1.4668379736084,0.24876073371009233
4.822140599777667,1.4079683745773572,0.4129792284161904
3.619924713654936,1.5991170091952749,0.4227215476708017
3.895672722638023,1.2845552912917328,0.2732836781660819
4.834181691457886,1.3605124687290995,0.41137476084003377
3.6302313102065793,1.5971758051659422,0.32704584404115256
3.8828076563647667,1.25443360786458,0.30820577013874595
4.3693942174574385,1.4332321603504123,0.14652282713337095
4.865059757862298,1.32236645056684,0.2800342913889211
3.604103495478008,1.6423149977308515,0.42767168344976514
3.885945006384963,1.2870349636703962,0.30610917682963446
4.870883369959974,1.3916338412369447,0.2903369836924481
3.668744254618191,1.706222142811485,0.2858331376761558
3.8946224888179035,1.3082838998669404,0.3259595196245153
4.349723254560082,1.4195767365257952,0.26117061404798125
4.82074394376898,1.3616176580287769,0.32701854511476824
3.7518119085346444,1.8405190339992263,0.3218277853929792
3.849299356247853,1.3063388811404242,0.3205968601130045
4.833544160190008,1.3130676493445315,0.2637943806199905
3.714331078131501,1.8426066270329822,0.2643295111026971
3.807378695152702,1.4279559573082687,0.26878299119585614
4.429666433059356,1.4232046327567387,0.05215706591354641
4.8137578027026535,1.3645648692310115,0.3455602083731928
3.5546459464097255,1.6655034690267105,0.2005903475933053
3.7905139188757353,1.4003770079725961,0.3430696879800752
4.818084622990405,1.368838641378863,0.29865874549614047
3.930522127235795,1.7037342449920196,0.38087718110414714
4.397541914348113,1.4548276379442344,0.2396646330911334
4.817485238694427,1.368892762395156,0.30190931449142266
3.6754459623252886,1.7715178376669691,0.3983715609869434
3.7056533572799855,1.4804403493003067,0.30777289142069564
4.834903146063943,1.3648990128624425,0.2519201225031109
3.6537505873129166,1.8019190668721123,0.40480734248672
4.130919853136364,1.6886850261839246,0.2975890805771553
4.421260270964053,1.3480088450353724,0.3536107392500025
3.619605471183848,1.799593651310813,0.3464838121150928
3.8914262494098364,1.9572919215809772,0.45185331682014573
3.8231190894329194,1.8123457071586255,0.29013236095385
3.945898456352942,1.9261344286591742,0.6017348236809343
4.596519857638279,1.5687790801215233,0.1515027354313936
3.8465077131605003,1.7153514284276945,0.2352795940290242
3.9406820963641978,1.9881649811440232,0.48685447435143203
4.819622422795121,1.387910696785697,0.24276151151505632
3.840287372555065,1.784163916458648,0.3163676126859114
3.969532412793553,2.062809425913064,0.5268054696384681
4.385031138076376,1.291208123180028,0.09612527628692447
4.85441770637651,1.4114198410635572,0.2744719861264828
3.8650070871833795,1.7660400517205266,0.23624210470148643
4.903374099601456,1.4080759013542217,0.29429142391409235
3.7406443825109355,1.6125998179723313,0.2715289770878464
4.03876487525762,2.2012812647497433,0.6521568347826536
4.302520668368236,1.6520377071776935,0.3220216792958801
4.839331532664379,1.4738273333138658,0.33060680421361144
3.6578664071623463,1.772213543065838,0.37263362059175664
3.793683455403473,2.077562290433704,0.20297238753659808
4.835899258867681,1.4421415048321269,0.2474029399480011
3.754064964062485,1.6656372218467126,0.4070467485198861
3.773584531165114,2.0023545817836386,0.16022718620157828
4.553725630886621,1.666593637956227,0.44620091914017435
4.8313812268832805,1.4733881663005974,0.2907379143219784
3.8305601331391532,1.585029570914609,0.4349565926903123
4.853334809211701,1.4348610360478333,0.23376949550351833
3.6142770544651484,1.6786288883613734,0.2581387940916313
3.711038279200811,1.9668777787663552,0.24446681524560376
4.455913457075114,1.4259981831880446,0.15912570730451914
4.862285519330874,1.412680121645607,0.3349220015355656
3.606979777159263,1.6029967946496266,0.29905085463854264
3.7964839199780784,2.0833842335916843,0.2383882443698926
4.8842114451046665,1.4234063348703243,0.30898083911088614
3.683243441800212,1.9892432291448405,0.6290736255713905
3.716528343712938,1.9614495838833006,0.23092131745151478
4.471222313735712,1.5073922577864163,0.1924924161243402
4.883626842760299,1.4952846473440675,0.32530622293753586
3.5780770086435445,2.017218549359753,0.3103397653611897
3.809964821428945,2.0643577161324806,0.1858773438591388
4.8405612956710025,1.49241039222547,0.25428648642535756
3.6620518452354944,2.0817257939910903,0.22909596997044712
3.868627473235258,2.1285259295516203,0.25234301744349885
4.342322265174343,1.3763867350124472,0.1966390217142453
4.8605317122977745,1.486161441401494,0.24527410052715637
3.797984526485192,2.0287005494639816,0.2765329656615445
3.682979989275528,1.9538509455120328,0.3167596026190278
4.842203045974147,1.4425956922155558,0.28530912345932413
3.773379252772578,1.9752486548987394,0.23468904612971064
3.8362197132576576,2.158231453357894,0.35720895232418703
4.440140161031635,1.5500478440661916,0.2644846321854819
4.831465150221461,1.4698191594574268,0.3087322281459308
3.7352084390151927,1.9431849329772444,0.32874362268555135
3.775398181260382,2.078472095712006,0.3839670559825461
4.849258805264191,1.449992747682525,0.22521681041260977
3.739200519624523,1.9671674573337388,0.28516383714259486
3.72607796129094,2.008204658333349,0.2179805981651981
4.352497493091506,1.3915408579930932,0.2064375481469798
4.863485241597127,1.3901030747827159,0.1955605055058096
3.7592846619112703,1.9435212223758414,0.2796635803132703
4.804759408868605,1.4227237424930244,0.2952040902040456
3.9023050505399786,2.028170306555454,0.37055085555976586
3.755025552498641,2.059917647029279,0.33194501785055586
4.406079206659321,1.4393342453328175,0.2542932217499896
4.781986143481485,1.4505661443529432,0.2932459584800675
3.795071528343483,1.9176106070115826,0.39008156845784203
3.6484317073371924,1.920609912672232,0.18027035001579028
4.7368272813091785,1.3678251240208803,0.12545443366135145
3.852958604527355,2.0513097828343607,0.4585212286011542
3.6707989458921513,1.9077936030187321,0.24290860087222943
4.367938910479456,1.6277163900275755,0.4284350103072816
4.898449802366322,1.5695087601671844,0.23567746992061345
3.7567471730242006,1.8491363157278176,0.31775750354812926
4.703571228043953,1.3266550046662775,0.16745392131079084
3.746772455128087,2.113258080911187,0.2689564109039688
3.703371453104645,1.8510655988284515,0.30283914691849123
4.2542008527368695,1.4450330452973377,0.5176019763544148
4.76889124170253,1.451745720247702,0.3686452951307029
3.791457341174537,2.1761526623081338,0.21279192460590557
4.796059038252524,1.5303147731630022,0.3283808092250662
3.6924516439797106,1.881425104783148,0.26681931624010136
4.31974879455255,1.4581836177915555,0.3112409577574118
4.859976197019481,1.5889362976678205,0.3617217688392145
3.7131761785572297,1.894074044597715,0.27851440280084194
4.877948665992993,1.6144253889932847,0.52020449387128
3.7054580924675724,1.9935398894757939,0.25575383352084313
3.802703783746365,2.1037883335713357,0.34667409993710696
4.319888507837133,1.3512036539266838,0.40130083115542314
4.575773626970493,1.3299252730362534,0.868155238660687
3.70075409399516,1.984356840471152,0.4610306138637057
3.685220170200353,1.9375373930061293,0.24901013443656428
4.644792943229068,1.4382893759323567,0.7449833768836931
3.744029687848481,2.0884787616804568,0.2626177253672495
3.7201124901415112,1.8711651190798455,0.24298215300139647
4.284394657832827,1.748816932354896,0.5133645034866205
4.566701323378388,1.658632484143225,0.36028604200671355
3.787612841662746,1.9503839818185247,0.4169415662530007
3.7044712779882354,1.9085085011128067,0.2468183525129639
4.465597065891916,1.4432706551984888,0.6007189817543619
3.6596557385630284,1.8622444497158672,0.27117242211485126
3.593451191993521,1.6638576656105373,0.2155333656438856
4.187210001709074,1.5738178182639844,0.4956339104045635
4.757219698812593,1.237285947977613,0.456671666733965
3.7689568266365012,1.9060804463554097,-0.08825707418439621
3.864557191333535,1.926467260988448,0.204690461561857
4.01774160220641,2.0755245268819107,0.09766905888617061
3.9827419939067816,2.1504101320385303,0.46414129076242805
4.467011841712255,1.650493112446174,0.821223079392613
4.8949784279234265,1.3039508807034557,0.9132235607496308
4.243720925881656,2.1785025157732654,0.20317635462412542
3.9883999050952674,2.174157098843934,0.41721997953933654
4.847986126914179,1.5265241562553185,-0.05023664719935139
4.508391769480723,2.1842157400615116,0.29279266517187175
3.9888085545317455,2.1257714797664473,0.4163968394228097
4.424810800373641,1.894938550346961,0.264302569804169
4.434386643994825,1.4785567233565897,0.5060951212555127
4.462302121194059,2.1413459346930166,0.3510910423842537
3.9986011206370367,2.143048243311223,0.36189235732679603
4.768916037234265,1.4558083727482949,0.6761190336607101
4.5966219007881115,1.7702767497801242,-0.01155626922775621
3.993674677634733,2.128038840404982,0.39101995415114676
4.598429590419021,1.7192760365739543,0.4058286382381049
4.922477149454653,1.546732514585734,0.9317107751668938
4.607698827753559,1.769857133089922,0.14528969648161394
4.022028368173666,2.136095242438289,0.29367982067472354
5.059980293853757,1.4458077864534808,0.527307400335157
4.613164335152524,1.7973231912308159,0.05516836697162608
3.9953896224402095,2.1279208232108626,0.36418662943362357
4.169925608741209,1.8157479402092984,0.3591530173524735
4.482573898898839,1.4009787764533177,0.4866482124851581
4.568434626414092,1.8044888614717391,0.07238033633173102
3.9076616006504548,1.914326629573603,0.14540279629125274
4.574651629159486,1.40742108474079,0.5610005339810571
4.562087447127089,1.8174110289720853,0.16973078886193216
3.8911322793076324,1.915702066326885,0.0927390545752993
4.67406597579079,1.9145896052607014,0.5415388432592978
4.497647198007955,1.4287876805035926,0.6410836630644792
4.571213633317003,1.8199324246011948,0.12513040792214292
4.050409715267227,2.185745672050732,0.36162008331866446
4.41116181382784,1.5890355990038822,0.47401700520753787
4.391872320649482,2.343039465210141,0.43014333897344903
3.9199394419750266,2.3056241999771254,0.3997832671484114
4.6384886792854525,1.7787572984565385,0.73716938703168
4.382525358859698,1.5548914366058513,0.35672195259050965
4.646300702293413,1.8224780197155628,-0.0012172435870999587
3.7140931363942737,1.9591571892944977,0.38305489633205614
4.4217928980592065,1.537531107350896,0.5143520332078817
4.624215512911938,1.792924249331626,0.018553914789119053
3.955804032862485,2.169072584335269,0.6008579797812801
4.393769655664356,2.20456929530348,0.03893872310241098
4.853295231728354,1.3241995317728734,0.5238623711928678
4.61161032288475,1.8113826153290395,0.12499406230182775
3.7573670613175745,2.175716833154901,0.5166015124256746
4.840996171150662,1.3223061306676234,0.4399286629778121
4.40371933961016,2.374924611619726,0.38171927549707174
4.5244821622281215,1.3766615124189574,0.3107020423798901
4.928268813463362,1.3204115374695033,0.5451173868013712
4.6576613473623665,1.810636007564626,-0.045919862903783804
3.986425560880871,2.606542057356888,0.5267136188839736
4.914795779825449,1.9985459642736194,0.10642489150076884
4.282663262145718,2.148109631218212,0.35012505974135055
4.189132132255683,2.507676073610939,0.5806455685839484
4.559732825286565,2.043496806165086,0.6746092480595789
4.606892496135024,1.5990203304635267,0.6006434030673411
4.284205830321922,2.1491097971360515,0.3476216051407539
4.452547940479241,1.2055523165717916,0.5352168172202303
4.323184406209289,2.3834144586205253,0.39229865255229424
4.0556816267838,2.4859318228269545,0.33872588042959606
4.542073638319781,1.788730585824632,0.6152716340983411
4.264307892941761,2.434107492656976,0.3521353455277443
4.4624365892700055,1.609094468888413,0.2350465249746687
5.208192246939474,1.2328983309606873,0.6095165078165712
4.555042178254317,2.131625847850488,0.7510637060963659
4.549376876090027,1.6169531027146045,0.3416763400485774
4.7005538025666675,1.0608801643002286,0.36554594311410504
4.685857681642212,1.9562725629679318,0.3430174445106955
4.456366452366426,1.9432266562276908,-0.017507147400900314
4.8076275843183325,1.139497854604621,0.9220759230831803
4.594940096164472,2.1990954432635084,0.3298762003049709
4.6023630200590535,2.231027319713593,0.7797894484192234
4.504870327137209,1.847836696081061,0.2599373045822959
4.928661727273932,1.3963076797519314,0.7921513917231717
4.5363692355092935,2.211956456399629,0.4709877184485054
4.643062024379108,1.582114903847722,-0.27422409603989684
4.643138318322907,2.164241270352169,0.2184165018188684
4.451990041015205,2.4072973240130966,0.39936141528927216
4.486068161524874,1.7921888472401897,0.5134481884050568
4.716532615421259,1.5373540815597166,0.44833887807136175
4.648395447887869,2.1900970494444127,0.5237760040655073
4.410966787434001,2.157892183727123,0.15780984540861032
4.5509051391517685,1.0761643446129796,0.6768568795334462
4.539499671390833,1.943516811632223,0.2575248066665523
4.428340348948684,2.249562218073253,0.07077498958709372
4.3856720072042945,1.6583516270630787,0.8322350967473147
4.557904154821111,1.112971523273063,0.694201532553627
4.63581696074101,1.9058703995917348,0.1959259415705763
4.285600578982014,2.2974733841885233,0.22957927421627322
4.769848730697219,1.2261236671810891,0.7438220996287845
4.641865639972895,1.9167396639608394,0.17452870928444542
4.326814567422717,2.331543875247195,-0.19951065981583171
4.352925216013934,1.6053216141644906,0.303424911545223
4.668972878204999,1.1719631926139824,0.8792650076295168
4.584759146201526,1.9586627091720659,0.19260226748094822
4.432675275467964,2.0791921198054206,0.2095725884434303
4.603550344559439,1.2515026091253756,0.782965958645875
4.456743153713938,2.116923051230384,0.07887865055234422
4.22394696616017,1.870992742450859,0.06464506931164404
4.638665585867638,1.4607873870379744,0.5966420241895227
4.5260895802565555,2.031347472472291,0.10606446967657446
4.455189618283314,2.0999879415021194,0.05482861305730902
4.54176560152169,1.5821780847698264,0.6180158914556915
4.560835272774474,2.1359736489655603,0.1282377916643529
4.462626370455209,2.099918800115665,0.17100139593282493
4.554475695721603,1.536096662000554,0.6758627336968386
4.561567217797804,2.05100413022252,0.17321511236496145
4.42473879796418,2.093811469924633,0.14219630492929225
4.5954727232596255,1.5485523635609115,0.5235899779754509
5.347775354981422,0.1360131949186325,2.4465464392606706
4.379182253609817,2.0752729952863627,0.1171831271877557
4.536317737097229,2.0862941322870916,-0.0009658368500780057
4.382768068968411,1.9548724498922432,-0.15335391224659356
4.417459878888521,1.7287199154985284,0.6689338727898231
4.640589623762843,2.0666219773295538,0.3155217035958502
4.421572599296485,2.0347199032012164,-0.029640464059024096
4.265834248654907,1.779025996189412,0.32862810888788085
4.513021381357931,1.6826518441693992,0.6171275438599844
4.467266472749688,2.0886325416606724,0.13097380867984132
4.460133465841546,2.1117791704967983,0.044180251078671295
4.346302424854954,1.615972844747692,0.4856371985346495
4.4643820848369025,2.0288886617188506,0.12182952515779077
4.445753011109564,2.152911619716712,0.03979239197190165
4.885730648260582,2.2782468335457513,0.30981083376133034
4.507905395588999,1.9367613405478297,0.7665326010088642
4.482826622587677,2.042572934190919,0.05446635093976959
4.500971229771886,2.2651688595073103,0.2067028782142295
4.597149759511777,1.8936048368441254,0.7490773813763623
4.469496163257239,2.0403952189362,0.07069361434856458
4.507949264606684,2.194991305931043,-0.09573521422619347
4.332136070002759,1.7972721696559848,0.5219819043184071
4.308077728499761,1.5676191737591179,0.9685060324452801
3.993729990743988,2.7087051315623856,-0.11676557993613157
4.512423904410547,1.7903895022623741,1.120293308351381
4.496547611542939,2.2362463022979817,0.23162106105636582
3.9470609853215923,2.221920922280485,0.2516798859904634
4.531895072542579,2.0376743861699573,0.92961543355528
4.518946082931142,1.852419577910075,1.0975802439716627
4.524317653411803,2.2305197265695935,0.2741224048966906
4.821393395965578,2.2025131735214893,0.16202511554697585
4.463888558387947,1.7794060353963337,1.1642634148974569
4.479297074012633,2.142668204104301,0.15890263692898676
4.478520783134469,2.026209790621629,0.06290249777821044
4.4480146497060815,1.8383921019007645,0.5424946037059675
4.48711052753204,1.8603511678199043,1.2566497767117082
4.441133889649628,2.157890753215679,0.0645024503026781
4.561557681054828,2.1854357279045598,0.03822523690211321
4.490460308502004,1.8969034770244042,1.2812813953326114
4.467241200380804,2.0971808012120965,0.18416649689681464
4.42806712126245,2.1168524793324863,0.3364682949803879
4.585382372354941,2.015009124434694,0.9847247537637094
4.53627529859099,1.9770391783893175,1.3694271252330021
4.517354400528616,2.099015670557435,0.048699326081188765
4.409016046658468,2.1376745270723223,0.30817569959647306
4.533647925901382,1.9634961689223314,1.358662407541115
4.514610679574712,2.099891620398232,0.13083412519953153
4.433513555175465,2.151616768441436,0.08382644684907947
4.608454614634327,1.993574460169021,0.8432278618024047
4.527118117986408,2.007564027625069,1.3397928889451847
4.502574833103131,2.122526126137452,0.09037830839063266
4.517838390234597,2.1805226363505854,-0.06540045947316875
4.52790632979329,2.0133308960924596,1.333453339141145
4.499521644839688,2.108661370804882,0.14338106641344872
4.469322594535094,2.183285669204422,0.07928499030320513
4.67102756947896,1.9564404096440127,0.8653368331277425
4.511407287609414,2.0125286175910224,1.3583879877658442
4.469944390177064,2.1477617785187775,0.20048603946847376
4.735676673269247,2.1462521121083458,0.3689549114475239
4.404894743181827,1.822499000550073,1.2506690468570887
4.525955589017756,2.1263651420156533,0.21431996412888243
4.839757348238212,2.215570881981143,0.19880158246173218
4.5969213545175265,2.0334274361116793,0.8014876841512963
4.432844075818621,2.0568661277009284,1.3435602599955243
4.413021478707962,1.8285517328876646,0.23815890060570988
4.484745892111392,1.8378443352270493,0.5317111105516106
4.633861928431138,2.2555419943272073,1.2499359097511307
4.400768671333699,1.993472893856506,0.29772658848800426
4.335829173719824,2.1514753862270664,0.48450679648469075
4.537351043198568,1.9776252112441564,1.027713469866728
4.66257849204027,2.126325802950947,1.2963389586054173
4.403978262181931,1.9973191815012135,0.3210526866185177
4.415507230764393,2.33303041505595,0.7544087186481021
4.6762084051001205,2.0328220913523483,1.5141243096734196
4.436094197824496,2.0421032496001814,0.26886456014947435
4.530565650571865,2.282689525253266,0.33897729281276123
4.3914083581037495,1.9115768289506228,0.8769732687200065
4.621367841459607,2.1040041023807863,1.5711474753562555
4.413161191992546,2.042738873518408,0.3791184865148469
4.466792973460979,2.2924761308779344,0.3179077668525292
4.598729520985584,2.1790933169995843,1.5066184162198368
4.479033859906523,2.168158249104062,0.2470050640564121
4.399842176753679,1.8607943879489295,0.9885781939181955
4.651335148909909,2.1107768588117928,1.5400131094194345
4.428864392975159,2.0548362319620765,0.35063962662230463
4.481990727065918,1.9199033592282473,0.2769155678634261
4.652675538135043,2.0980820234217354,1.5310144772925498
4.493329914463177,2.108849006222603,0.256173509810522
4.54213896500916,2.024553496788201,0.491979281536006
4.450395974426936,1.7796777133613824,0.8553630094406486
4.651637940499365,2.0883681354621304,1.5323765625889196
4.463756474497743,1.989957173564619,0.19234817288885875
4.413367185640806,1.8208870525714045,0.21208498374044127
4.6094073352575275,2.076006609238495,1.5444560394908242
4.417143259021751,1.9325369210447922,0.40359206342546994
4.375610266528535,1.846056066961303,0.8975770440017052
4.559367091193474,2.09581704696894,1.4945093754151224
4.502075107771241,1.9408058732368003,0.28762482343522433
4.348891173735514,1.7656545288864034,0.14766516501304228
4.503816517038473,2.060485560072496,1.4747767815920159
4.349812423106898,1.973678668589091,0.5303371639313315
4.346606170118708,1.7694038993807888,0.1638962393936838
4.179321207920165,1.8231613273485852,0.9079245291942668
4.44883099490474,1.7656753905116267,0.533821412928557
4.320876514409342,1.7974660039566293,0.30165343176005055
4.395758066574641,2.0590400282584644,0.6545900155094351
4.336219703344649,1.8211861486724603,0.27508421521460025
4.167283454099988,1.831610762401095,0.9399452161689417
4.349911605233838,2.088093715683481,1.6092938506767447
4.320206558215349,2.019194324082312,0.6774212162911053
4.273062146155651,1.7486188065199197,0.2740768371472999
4.286651051220709,2.1011449868416365,1.4457133193632754
3.9997300325867005,2.039354760279358,0.5378383486181362
4.345409785712495,1.8353439204324502,0.2110466708635479
4.0656274960324135,1.9975623684466715,0.9868705209030979
4.172493853624372,2.1012496525956132,1.4757514367104405
3.842236205982003,2.1162123254613543,0.1420912666475871
4.325989162318232,1.8065499900437825,0.25264571962175975
4.139169135809727,2.104268270160755,1.5357814182019878
3.717022346999041,2.1457905337491234,0.12425930096935445
4.244563497123497,1.776603782687078,0.44241215002308354
3.0214321031451736,2.856242121418873,1.116997529234565
3.9782089415521966,2.0690688671542947,1.381853501155775
3.7049814937373977,2.1648587744587737,0.2815355237238162
4.248700536226046,2.080686765845692,0.12842490553913977
3.921142740519896,2.073393064830543,1.3853823344257856
3.708660769177147,2.176495031380367,0.20842099694297045
4.136763969231436,2.1980375800507654,0.47008694328478273
2.9049934782106455,2.7946800614318925,1.0070276785965908
3.864092990369227,2.059975344324182,1.3499267510980908
3.6991197346678213,2.1013915116471305,0.1390630974756064
3.6326963198470383,2.140932516885738,0.7255582834125891
3.806340143842727,2.198016122379108,1.468230761305453
3.630878616636006,2.0192200732883023,0.3362275816305982
3.670275617121399,1.8701921328794395,0.12177906982769349
3.5006982603302452,1.9499284831329384,0.7971419096476058
3.806482479731629,1.675700154598622,1.2304304096169423
3.6025747555791163,1.9135204171656954,0.3296797434024312
3.328757698629889,1.7758667116656233,0.43801785734018606
3.7414912452871145,1.7289932623935949,1.2268584225855728
3.5635070111449347,1.8881308655948663,0.24269000084490422
3.3341821980340614,1.8383628956254523,0.29572408110749104
2.9747528457240793,1.9497632590611713,0.6495838215639551
3.683057952149349,1.791730964368864,1.161825108171398
3.8863424501484456,1.8877445082957345,0.39674837755295966
3.27450650570523,2.167942718713185,0.19281560739854986
2.931678000310382,1.8644530401759163,1.1971385940307506
3.695465493178381,2.074914413751099,-0.19541363038754278
3.371894532872924,1.9448147623489611,0.2181615727617805
3.271615203653788,1.7916589619595225,0.7167006758704768
2.7978519855838586,1.9129392718916225,1.1872587668652903
3.1599346982080556,1.6782046225089786,0.1311229991006717
3.319984848767199,2.0032810763621196,0.12657775765998225
2.7029804664686887,1.908196172780895,1.1898699270553559
2.8624710486337746,1.8171532984936145,0.01614670306013022
2.72100085757565,1.9595741833803857,0.6483758142691218
2.6236624214714253,1.9600752200136013,1.3018098303458605
2.8748890800800786,1.97966738553957,-0.19665538881133937
3.272597488180212,1.766667330988664,0.32146315399088987
2.6133064722748878,1.876101933281931,1.2600877725061514
3.004863681156154,2.0559100692192755,-0.1363687199257424
3.1929039339283087,1.6519761951856071,0.521621296229704
2.648030468702538,1.8303851717215587,0.6730303806774878
2.6674260581464915,1.8248902196377903,1.279826684421391
2.689837404137711,1.997317154943335,-0.004898918178725564
2.8233553820661417,1.7896300198949657,1.3082195944190724
2.7489270636107292,2.030919272713426,0.018186267764635056
2.6319906206929073,1.796060049625878,0.6729342383887147
2.7254998160741,2.0030281142551285,0.04377246591522321
2.998460711922748,2.1040534550256,-0.04826043291687587
2.6046013332873197,1.7396416319539085,1.396370092690884
2.6697666132911277,1.900611958733353,0.05561647840119188
2.7221810295188043,1.9532610979600098,0.09204529378646531
2.4273283017524996,1.6768963005842719,0.7207359697900264
2.1820544781088334,1.5695408274653846,1.3488699607819425
2.6070312953973467,1.9406534045587411,0.10564880924970166
2.651140162168107,1.9163839434484635,0.1682796542292777
2.750798411000996,1.6698867945093048,1.14221577674952
2.9455177217156825,1.806215250365917,-0.04428172615504755
2.52882761881671,1.7504818092569876,0.03751952538240544
2.1237103535178847,1.7706504708948356,0.8335517037012583
2.7305733633367923,2.03087516527724,0.032794393404573796
2.2297143511263298,1.6755399373169084,1.2352633924705598
2.594956825116715,1.8014888405553677,0.08132523487316679
2.378465845445857,1.9352342695814972,0.1210685377825027
1.9567529784405333,1.7120617289439397,0.8358817683960638
1.7702238225927651,1.781165922100156,1.4202238707237584
2.2480687666559898,1.460692496445531,0.33752162822725684
2.394146635082479,1.569536297512479,0.017923783819077332
1.7569734719033183,1.7778836135921945,1.3643027948855702
2.1110059813637556,1.897884569456326,0.19852924884895784
2.4243411554341594,1.5061404410637422,0.14302613566696887
2.192878681385443,1.8623133526837465,0.7640639555196398
1.7129046594530528,1.749714220658064,1.3247279346966758
1.987699232557217,1.84201952129456,0.5202593301426199
2.3544086960357293,1.7015635630852328,0.11191021736708162
1.736913171474008,1.7739070301968072,1.269124074767261
1.88975569011123,1.8563514578228413,0.1251450855654228
2.3269452604535106,1.944753488775449,0.17875894018814398
1.590213268986975,1.7816034201834066,1.0098127651342321
1.9691774471883459,1.8690175637747348,0.07848561753797956
2.3999950427118897,2.0355858394619064,0.09113680727208551
2.050743302504814,1.6826681758417166,1.0570924790742442
1.968208752520662,1.9610602463519935,0.23408267319774434
2.232001977347455,1.9055462695404108,0.15177131395167365
2.0129758929752706,1.6523059280734191,0.7928639056227345
1.5564592785291684,1.5745988775123376,1.2746910291918345
1.9380212655169253,1.964315136723948,0.0931148618479063
2.0181493376206268,2.415037583017308,0.2369374375627733
1.5428646514183244,1.889509878626758,1.196641491310126
1.8359293590861063,1.939112743733692,0.08617662066023635
1.9699529036014998,2.395326804250786,0.2770833251304763
1.4155311320998847,1.728161062361123,0.9496674486589423
1.4177782271633659,1.9111320591008658,1.2191943384101025
1.8292314660761988,1.8810419661347648,0.17574839908925965
1.7419957786425273,1.7254776613109952,0.19342832822497025
1.275449967656067,1.910572371498451,1.1986603005604342
2.1678809706994073,1.6643296151777276,0.20957403385601725
1.2579402691354167,2.044130999571869,1.2295885536425888
1.9255226485924821,1.908966026356271,0.1840068607623404
1.8004704374029463,1.989492853391796,0.22844829102104747
1.538979024702453,2.1954378639201044,1.0397811450493668
1.8143802538691134,2.0475773400587274,0.12904400406233552
1.81272491370723,1.9866996605883513,0.2778532681033392
1.1150435005375217,2.1276695300338897,1.205693171569067
1.963127814282163,1.936324796138875,0.26319741032041954
1.925337635778767,1.8201532002006982,0.19197498822053327
1.1739280008272908,1.7783383970220579,1.0269016546323264
1.9606942758935209,1.922015867002983,0.3872485597874209
1.7088846838705216,1.8156774875206878,0.2685698151910221
1.3716895325509981,1.9669792258695828,0.577964909380424
1.2153261676166984,1.9153227423756851,0.6809842030214184
1.9385821452131418,1.9113555765139705,0.4213626214204982
1.7420539527746748,1.8346569173115308,0.13906674825997545
1.1212255749617697,1.8145382043649319,0.8601981976660478
1.9511246311552704,1.8900992493416329,0.2469302602297474
1.7261588248396895,1.9842334588591182,0.17646933214461247
1.4003119208232517,1.479675621724271,0.35440509032407586
1.074136595220613,1.9040146686211734,0.7205517318392525
1.6676537677110377,1.601453392010977,0.33720536599276785
1.7157132302591864,2.033772904625374,0.2588000479984198
1.0271920971355275,1.9862097104188257,0.8330059039874977
1.7020071424648224,1.7898423316350938,0.27924220529127286
1.847444857019116,1.8028107523387913,0.326868728845189
1.1505090979407644,1.2598831412100058,0.6514386584420286
1.022181253957895,2.048820216084877,0.7844953541744746
1.7435211806813762,2.069731193952807,0.22585581688648748
1.2016136425208264,2.4228820309383474,0.8173086636885829
1.6135568316039992,2.212387755599956,0.06095220033946536
1.72836526953624,1.9515736905026775,0.4253774709475804
0.6470445283402478,2.3034340869565595,1.0880207321563993
1.6317302874357087,2.2465803169685046,0.23730272461593294
1.9889858583938298,2.0097639158071683,0.17352529492588875
0.5826244851952911,2.1512107416099497,1.2003940804090605
1.6244674616138204,2.1836163557665293,0.2219748542882065
2.0677980983855573,2.147378639870394,0.13165254164811957
1.6188425713978858,2.2053415330645962,0.4419922651171553
1.188293554398375,2.213814213928069,0.8638716317993962
1.5901894271295376,2.2119023353833356,0.08832778201979519
1.904993736455238,1.9910615283992874,-0.018843658580235734
0.4718889517690928,2.1711639920662082,1.3788763684591587
1.597687095247185,2.1644403498614415,0.26840131286593727
1.9672659262682972,1.8818982464432084,-0.16030870117321006
1.7067926800896709,2.342979383729499,0.4527942357107677
1.1720883631074157,2.1954643283818167,0.6474311402860058
1.636902063151044,2.1725256005421993,0.2114096035333184
1.8983360169751127,1.9773305258867195,0.036842818971981384
1.2748669150324337,2.297647906584676,0.7073594958616458
1.5605343288023803,2.207553819012542,0.22493836732395245
1.995038352322905,1.9976173239279733,0.036849323328622674
1.596672624213221,2.1360110806816746,0.11350349417156003
1.3625838503584806,2.2961978448177387,0.7535467759091381
1.652300922823468,2.1635458033718744,0.3140698835098039
2.0057317830114707,1.9699533783706773,0.07588138638763509
1.3582621560700785,2.258341028385715,0.6840430536832602
1.6243610077203618,2.1804835357044525,0.16873054845060254
2.015611848733557,2.0208258223840465,0.006744810600373574
1.757099237701301,2.280439092333484,0.40581397549598575
1.376659129315264,2.253984882620554,0.7245429779278016
1.6258420639043774,2.171845869187787,0.1532757649372778
1.972023330501369,1.9686915480678964,0.08717734535928856
1.286046361984862,2.2743687170214177,0.7208854582340702
1.6309103659584336,2.1684736768774355,0.18446945239480717
1.8798483254623777,2.0073179796567233,0.15269827045472906
1.6930670419722085,2.5488018471107816,0.1681474511316341
1.280223107515048,2.479978272616138,0.6940832173377469
1.6498312640208077,2.163025097206305,0.3096309767517995
1.8039641039825454,1.9218383643746562,-0.08207835260768614
1.3218158238611453,2.355497789374812,0.7468212860432226
1.727544275175381,2.101383405415615,0.15471101493263673
2.125043828604362,1.7696430332104893,-0.09917722588344291
1.7816130778906432,2.0889210281351867,0.05179131319911545
1.2684085134804854,2.460620830176252,0.760523201321077
1.7461019425396949,2.1167678407387234,0.2635362627145148
2.1981031476057153,1.7024575135283648,0.30179451594946527
1.286128974020883,2.390009831632492,0.7553770556743944
1.8079648868698401,1.5286618171896098,0.41884188147350065
1.894198143407553,1.7313345327900633,0.2894393377724702
1.6705794020371894,2.159594492345329,0.37298975833225234
1.2308829795946457,2.4663509821832506,0.6692574663953716
1.9549715148528053,1.6300886548386615,0.46522403890049957
2.0563060846821233,1.6524492176363803,0.3136536940917263
1.1837268850248026,2.4546341397836526,0.6645699784747336
2.0142612075097244,1.6818202401833622,0.43726001410980375
2.176191288527811,1.8054692386479385,0.28262956694169095
1.6137785608781678,2.277006341705342,0.3337509193169226
1.1608691002530669,2.405772637232505,0.6427195720896923
2.036441764320949,1.7148837703948359,0.45013956413148715
2.065334996093692,1.7105755467630448,0.3443888877359791
2.1767122331128204,1.717164720892088,0.544217118277112
1.9455468286077748,1.508913368288399,0.38390584201443057
1.4507965771099394,2.4049880017055414,0.32331718620628624
1.0111158902933046,2.4341403944201847,0.456290822869045
2.22362347180678,2.106176572426878,0.559373088815116
1.8436532864308355,1.6640623479562977,0.5615307172784145
0.9040415124952039,2.386853646550165,0.2981657256935448
2.202273326890103,1.925078115167162,0.7333678625210382
1.7208027515663626,1.8690973147877301,0.3524766417121925
1.3513321625780168,2.458856532728811,0.36596168549736174
0.9552048868584928,2.438651273839857,0.3394952571583527
1.9440059293615914,1.9022438146629483,0.40489582557889836
0.9872981727364931,2.4566266038063906,0.415180338466383
2.178939777853202,2.245001032334471,0.6728165788239049
1.912263237997209,1.9863781531413416,0.48265190000197467
1.3141627068330055,2.2075640710112236,0.42096148217471785
1.0149960333819654,2.4761146996248176,0.41128618834089137
2.1625799721167613,2.3751680369837582,0.8237713566845659
2.147356707724364,2.141920285037731,0.396147830974823
1.0369182636678547,2.4769601318881445,0.46577877931067424
2.20693345634483,2.5509733634825777,0.7172312167956907
2.109316785764311,1.9911626178746544,0.5014357667262579
1.6136210854097932,2.514926859282772,0.4629422837686519
0.8940754968770556,2.1684512655314814,0.4687612168204969
2.0671817863707984,2.3037368785455117,0.5629538377289713
0.937885863592699,2.2419971967209165,0.43089465549544914
2.1328882765384374,2.257694198794511,0.6194139779562886
2.2237641387656613,2.139616684775951,0.5777894333121363
1.6208353930517967,2.299163295040883,0.2616540673054142
0.8181637380518832,2.0979015405612333,0.5556754551968068
2.2895524065043107,2.308586550758808,0.4898893043422412
2.235507445646486,2.145237641076067,0.4260807759298366
0.8569130148753447,2.245266153788735,0.34263889542452164
2.4149560466724744,2.2949335111199307,0.53374440373011
1.616702168646437,2.5158462013040337,0.3877107341873882
2.4076370732763213,2.3523501873611488,0.48983184546661973
2.3288080247751006,2.1237563659791814,0.38311220619607056
0.8616591538307776,2.22144837666686,0.39496536426941287
2.270593838307186,2.397551487964579,0.4281270033158151
1.4623481954569668,2.6447669920671344,-0.29753201475436797
0.843107864163328,2.1537060304052087,0.37265230664726223
2.27253098922398,2.2815083996377767,0.4407978476808714
0.8780713520489377,2.092163520741294,0.40004975950619515
2.2812809509035303,2.2391871954080065,0.4063122405071449
2.2116000231010657,2.069884258677301,0.5983521409949728
1.1667477870414231,2.0131022526800146,0.5232882592737955
0.9069878296326824,2.0568210665904467,0.3990607992735078
2.3425263911260448,2.1784560241513398,0.431338322653839
2.2148637349656806,2.06717248581687,0.6024549669747703
0.9152171447504422,2.1021196419720605,0.4684006683364368
2.19503398529779,2.3545183658729085,0.37282000430966966
1.8180094614082447,2.0291022847611355,0.6462141922947584
1.70182713644117,2.093797403228768,0.10228189199175053
0.894936187930548,2.121607976209061,0.36072133471279555
2.2370588353099414,2.3948306551983367,0.3768789314700738
2.344437077581083,2.123514132708019,0.357570275668603
1.0203602128868208,2.226882889642125,0.27058242555848366
2.5049166199926747,2.1030084664158526,0.4155317078354581
1.4735766374264294,2.3582942008290053,0.3117157683416443
0.9700852457362958,2.231296017446467,0.40472702523059967
2.5220760816275685,2.3356668476470053,0.4802177357985873
2.377052500136964,1.7449670684315786,0.239928666757403
0.9468464084780659,2.2399272466616353,0.45824993806962855
2.3831164381576095,2.552327819401349,0.3925573367018762
2.4214722647287084,2.0989632184711597,0.37305445917196933
1.575311988879271,2.38477868970083,0.2958735993538564
1.0014118966883943,2.3200292117983308,0.3546540887192091
2.427319241846673,2.5527467208358297,0.5226433370391237
2.3237385306281713,1.9966588812605803,0.4770978797848797
1.0188932233986936,2.3985187521192093,0.41279919259273146
2.3362416775055284,2.0694262565966888,0.4638586157441351
1.4956996161519422,2.342088175099967,0.3758341216871197
1.0401036550307874,2.3952500334699645,0.2799680408284926
2.434518767537065,2.554153867259451,0.6183745921958257
2.40842671559465,2.2790433900014135,0.508542368677986
0.9904109060388854,2.348682594437637,0.3752552413966266
2.308392719088546,2.302135897821246,0.572658844477214
1.4052619672644189,2.296790791811223,0.6039837068522995
1.010072928239703,2.3164879807190286,0.40071000013405667
2.4923011779667874,2.3636924741810263,0.6123330656055905
2.4151310459060658,2.217127755269222,0.5814811064661694
0.9184043242526828,2.2363276030317087,0.38726974923792246
2.509142589223466,2.3870722763825034,0.5133385754670199
1.5970699487674163,2.3990118017301976,0.3620133249492792
0.8717909299627601,2.1101357512663648,0.4381295266383982
2.4144618049677957,2.466572234619903,0.5931400130087543
2.4106471077778013,2.1680454771185698,0.4397888602882163
0.8523476568039312,2.0868479786344434,0.42921425160441484
2.4372550975151634,2.5051726785841653,0.5959764787484554
2.3219961676866414,2.391458224469411,0.3403165495309537
1.603151291343991,2.381160687840707,0.29178981705742113
1.0459331083835355,2.211630538209,0.4934911831019553
2.775856918423497,2.4667891955222228,0.5862291527038526
2.359233811143924,2.2324199226042016,0.4869711802419576
1.0360411217327306,2.33932991061761,0.29873855611279754
2.2590689228404877,2.5398349245434515,0.5168931579427032
2.361525490480813,2.1325285005715706,0.5264618488729518
1.7745003365613237,2.1553880734446267,0.14482998077316056
0.9104355410320711,2.2689773578080423,0.47127349290822207
2.36597795735726,2.210614398246704,0.49949009237261666
2.3935753841782774,2.117399888378341,0.3684575703083277
0.903852983007517,2.1745483437238327,0.19013485878806113
2.2725524468956735,2.132404761331676,0.6738736671632679
2.4140407577654504,2.083256202817458,0.3350905038606502
1.7042622245505454,1.7838930729586089,-0.03877712936267219
0.936635179356173,2.1752504864241997,0.27673282002872135
2.3899757405423685,1.9881939490007614,0.42696787182804563
2.502354573992444,1.975863417191743,0.42440716696807734
0.9767917218148808,2.008530814942551,0.0979432029899685
2.2859334509638773,1.8591463195563038,0.451046925608235
2.6162433122740345,2.1549596352671876,0.49621419140416134
1.7141282235767437,2.047484356814876,-0.05551205296444117
0.9996342477978566,2.3391386989212792,0.2783914086205048
2.513380240964401,2.473467776616508,0.5647222478750418
2.629550406584183,2.173810915074517,0.5422170844892731
1.0175812059839098,2.2336470630044682,0.31644405564025213
2.5600797639643167,2.4434058170421364,0.4396574022486075
2.448872996225867,2.0489899701095498,0.29231475514621574
1.5964630542863454,2.3519057751392523,0.3297582427169472
1.0268083624400712,2.228790953489675,0.31592728338751574
2.7603148883971613,2.4450869064072585,0.49721560900718553
2.4133052364635037,2.16224213060936,0.3302432754974134
0.9071352319162895,2.1650960009398825,0.4142905603592497
2.332300618471115,2.560918994296089,0.4213473030273085
2.80371898986207,2.0058061674791254,0.6702141209116825
1.6750511808181607,2.3009876739689656,0.2665775598090636
1.1038386620069223,2.4594275452134897,0.29326866784895933
2.5851325493410324,2.441658447313448,0.37938912139530245
2.45230503160399,2.1359903382657386,0.392011179360259
0.9906053363862877,2.207030967079808,0.32023875541929736
2.6577953782532013,2.369908284823219,0.3954816894873283
2.4338135253940654,2.127523141029467,0.5080832937194422
1.7097386992039314,2.3976802339945267,0.2904325001324721
1.0633231207798495,2.286014987523118,0.4242779441025719
2.554186295224349,2.1019441659016125,0.4082791937182515
2.527680825473968,2.342428636823608,0.4870840416330251
0.91084669386358,2.2185587435502407,0.5023325781812367
2.613612124887236,2.232207491654787,0.5133003092863673
1.6557731317313735,2.4255861744044114,0.24230291339365473
0.7612608537430291,2.42609186019982,0.6858597435899667
2.424685431855556,1.9233638856202573,0.3478639576182194
2.5057386872371183,2.21672673522779,0.4708506575724769
1.0707027717031816,2.513947912618017,0.2803085025479424
2.3235578093487956,1.9117484903238868,0.4216678865983976
2.4527952201929044,2.1352033185530352,0.4598018641531916
1.688170162873127,2.432685564281768,0.2898851208956781
1.0973626174804703,2.5451621491604266,0.35062839114714417
2.296656803183527,1.8775604589082435,0.31367971151829144
2.4435746202475386,2.1774932899496147,0.41932688445164534
0.9703338567047248,2.3163208492986693,0.29013674189509286
2.382901384603523,2.1189868024067415,0.22749390148116144
2.437735272523953,2.153325275942565,0.540183016450418
1.5520221896507684,2.3209917075814817,0.36321596782626364
2.5080811497303492,2.422504852754314,0.29052295017786167
2.533868741153289,2.2315949943382356,0.5319679469572669
1.0770489973158868,2.2879111304419686,0.4356030348433746
2.5160884375507226,2.4401139717912153,0.30861295925576626
2.4453708657868773,2.176804260270817,0.5412085739337604
1.661013810414703,2.4973899810737863,0.24675502258003035
1.0392118503533392,2.3057105075009057,0.42918883022427745
2.4544834621180516,2.4119548308557666,0.3743450486993476
2.4878248692329032,2.3064662943804173,0.4646285885193189
1.0870761672983622,2.3234736449365982,0.3956517415331249
2.440163327285386,2.3950435629848994,0.36457575834388734
2.4051665800086504,2.2235216645861766,0.41496650681047864
1.6939408460472916,2.5303773365508735,-0.11743632588227959
2.4149522319752847,2.3655170915276833,0.36315421741636356
2.4384519587585243,2.0858354149507567,0.4998778801784185
1.0303289703185752,2.26942725365714,0.40600310102746584
2.3372001201745145,2.5908822485808343,0.3986305133574175
2.5128089900601993,2.110215859907221,0.5161005950079127
1.6744701547524095,2.3389453414577823,0.24238671752137653
0.8137081121293257,2.063404995510862,0.5896642874754434
2.278909401344225,1.8512204516922504,0.28230582432453555
2.466643047829734,2.11563678302377,0.5452814783828919
2.7102851347503805,2.434840152934812,0.553650506668294
2.450146628250177,2.1053790622969206,0.4958566529545607
1.6150147611863006,2.5156616653277744,0.22922318117925933
2.635149428384797,2.398569535275467,0.3838108024115485
2.390526487449174,2.1967885051416927,0.5470136489061634
1.2769274475614671,2.515709110623996,0.20982443296025544
2.7039882617825706,2.233219340082751,0.4403274478402033
1.6941451707655306,2.4187180505438137,0.25511722613383636
1.1455949334950406,2.4428100090257643,0.28449432799278385
2.4668261532948534,2.2223605661309014,0.4944034917640523
2.351340725820676,2.22689338005938,0.5345596760337923
1.2290408384797398,2.4838971587166223,0.2877197438288208
2.670931049608374,2.4000455846669677,0.4663490467302882
2.4090206162634176,2.161546425210491,0.494949142466206
1.622940152226376,2.4260069831874835,0.2816175695145764
1.2572953468917332,2.5699243022538303,0.20063916379572633
2.3765828155454463,2.5409442861681732,0.4086839688472399
2.4042062299910696,2.101316648214901,0.39572010805837143
1.0816693108686934,2.2869863047935066,0.30191715250194573
2.34779353427113,2.5681075527201145,0.45358784172680666
2.370104982879686,2.051198441360313,0.3830748340850594
1.5709013644626266,2.410140703926364,0.3140870198445973
0.9901814281610496,2.0372876712429644,0.4147715102216867
2.491034460081135,2.6581456119273628,0.46127937384026807
2.3439723997796267,2.0096687867961505,0.40585975186162604
0.8355593532846952,2.1088609271513024,0.49592898318855116
2.346204712891497,2.4785646888910198,0.5332321614302238
1.3538613068149834,2.2677859801938722,0.49518171978225856
1.2933877467270072,2.7010230466902247,0.43902538441909345
2.450928402755551,2.350835752579237,0.44352642901717565
2.357736542496851,1.9897143442470222,0.4675338380167664
2.374477579533717,2.494420716153458,0.6159752669061322
2.635243603721675,1.8158518907075532,0.31892405581392236
1.6653023645212675,2.3289150720505085,0.2512865549528849
1.0068218525595296,2.2722231882741855,0.3250880997473524
2.211365419223881,2.7279016414648356,0.35594551271158625
2.3187737022353936,1.8855442624857743,0.3833965799466825
1.0405397226033188,2.2578191301272756,0.35844998059110966
2.273337559261089,2.4147514807285337,0.47833026537860235
2.214820819622293,2.0348903724816108,0.5313687414835924
1.6069857772756588,2.3895322792288125,0.3351410784000328
1.040132384469,2.256967260562451,0.3508849891342294
2.307803348372692,2.3719074245660283,0.4570677693874321
2.3816251299748954,1.792391979865219,0.3872026344101738
1.0621312663265507,2.2842726245844833,0.355019942016475
2.344155743663321,2.526603408943368,0.5506759369713157
2.325812533806657,1.906014046782557,0.4272582656475763
1.695638863133988,2.571435160757132,0.23215379245220125
1.026200991121852,2.2877492442302376,0.3147469028446024
2.3149537598367624,2.4523114660359537,0.43593342337819774
2.247924523418493,1.9805852970493867,0.4752416421977015
0.9600720828450645,2.1405851410234513,0.46674529839536216
2.341537192460964,2.698829595809623,0.5218889806803428
2.2488588858114675,2.039225060575114,0.479395728170273
1.6221990280879324,2.325373125715484,0.2982383539507487
1.029779177086067,2.2622077008184975,0.31132887460548386
2.501408052252177,2.4752141926709004,0.5648629148319575
2.2144050176285837,2.036956984680857,0.4456700205871038
1.1036840475614405,2.3528301239505667,0.26033450992165386
2.4901153564769207,2.165495828888444,0.49598122665793065
2.2595493362678534,2.010973890070108,0.5441264000108301
1.6978348174132658,2.417244623756627,0.2976805439014716
0.9910878359761784,2.23832745803024,0.32440213971613985
2.7913431585034294,2.6636042051785997,0.8297430862381283
2.199236112671144,2.093290286921916,0.3846091469966868
0.903367920417952,2.0480296200935646,0.4342208031777517
2.4950673102666827,2.585196204010021,0.6432086877881875
2.3242022547553303,1.9186492775291197,0.4402088644034303
1.663428036898821,2.424284885827637,0.21204561487389761
0.9467326828180891,2.0793551981100222,0.3983007804736647
2.6458165138208947,2.6663910798898343,0.6616817163004731
2.5155417437596816,2.0805658876286848,0.3822959206134613
1.0777407688094347,2.3482853890933892,0.18184488116012054
2.6879422148900067,2.610331005334554,0.6516552617138214
2.4519700535069937,2.3170389660434925,0.4281553751257692
1.7232584628824215,2.452487657362124,0.30380006316675945
0.8557224121195611,2.051083762026229,0.3540994973206413
2.5695516570870733,2.963756500517318,0.3398558354447341
2.4413480291814533,2.467066953160908,0.13607058678115735
0.7653945549855372,2.0338229725259094,0.32271261631476333
2.645904728693413,2.6959149287427366,0.353107109820995
2.4566783435137447,2.4197258458560205,0.3004785348442707
1.683070031939391,2.4091147888025346,0.23106761704717127
0.9857196033555584,2.090553718529791,0.43848661805317835
2.749880022652505,2.6380400120023317,0.48182858107151927
2.452192974874034,2.347290229965603,0.20791729300815942
1.0322770884897903,2.0306241105188407,0.26711564072158667
2.702874131784518,2.6375798641545534,0.6162731709106508
2.5275983326472344,2.175753072778146,0.4043333067628432
1.6874738614266656,2.4155966745732873,0.25771017710553834
0.86244271647546,2.434989402962122,0.5524669372769924
2.3121997868841606,2.484742352561376,0.598360306831031
2.4899818420752706,2.2592315217595242,0.17673320189811448
0.8519878235705562,2.429533670733773,0.5765681341819671
2.659984776021684,2.708996479059787,0.5947822997307426
2.5417811383810602,2.17498083501703,0.30288027412199603
1.6626581833221652,2.462935636111009,0.19665036149753035
2.4976739405403205,2.251316740359161,0.4040965273194759
1.1889425297578229,2.510105797298354,0.35465525100974293
2.499945831135537,2.331346941505089,0.4270955151705178
1.6277416638957074,2.4718043302258605,0.12687896972217416
1.2068062798614194,2.496977516940803,0.3484785112874049
2.543979596055369,2.6549610550347325,0.39104084557843444
2.5393909921729545,2.3917302600623205,0.48578644856012243
0.9326671194182117,2.3526591778330244,0.46953914681548947
2.539173554433125,2.5033933607665637,0.5095334150731698
2.5452846993314964,2.4700977300733222,0.5106686450991922
1.617202966861911,2.423220823731971,0.33921675446505284
1.157394149531556,2.3672224995873514,0.383053555227594
2.6849340877371213,2.6125635568612884,0.6200146735460321
2.5521833407810277,2.2647542496071615,0.6036500996667673
1.1202763114078969,2.294830514295972,0.3397593951327471
2.7550682492494722,2.9115163683543206,0.5386615483393056
2.478432369495413,2.236190273933097,0.770141125686246
1.1807174465697583,2.3984505644070517,0.6619320558000685
1.1486677912908685,2.241823151161912,0.2268521829960377
2.597161481673958,2.8275150674402076,0.4676727764390416
2.5320257655733722,2.2900404467261706,0.6577478098782601
1.1048489607158352,2.3656458375576315,0.5405403462837688
2.647198864715119,2.7091051979295213,0.5163157677682793
2.537485312507978,2.295552207319405,0.5360814421681186
3.3271169020010425,2.396032761648336,1.0878359577638403
1.086706856926656,2.6619715147839953,0.4200543889188626
2.552410315263832,2.4372810822952036,0.49805335226118874
2.492433977112714,2.219137623847861,0.6083871786501822
1.1958243626978604,2.4951478928040927,0.3501687201421728
2.5668770775197385,2.5159334625021095,0.49503068161750274
2.5942089060489018,2.361000490062235,0.4788303185290439
3.3050681906614474,2.5157236541570085,1.0692472962445994
1.0951309004150362,2.3623826025355883,0.38254766082216163
2.645915934366409,2.6437911448438407,0.36388204970911575
2.602628419584369,2.415104578636596,0.43390805761718565
0.9095605448641161,2.4225587353520335,0.3529974968829581
2.6379661054224606,2.605445331916587,0.503534625011794
2.561923454799956,2.491146752295586,0.5420218792842315
1.1691099190670402,2.548873372682975,0.3138599857603217
2.5290293209306314,2.408668707650621,0.42258108933013583
2.344937995005844,2.448010156542809,0.3318516173753494
1.0318316033835715,2.3394622329261674,0.33540929929245644
2.691188999035841,2.2038740667417587,0.5511224949548799
2.542647551480338,2.573124117935196,0.4286892837132992
1.5532830662813488,2.295192910528419,0.27789868684112284
2.5881337623552616,2.306346131419132,0.5581590614513641
2.5618531213205147,2.3458053590868655,0.47666631236897006
1.0590392158354858,2.3313757901525403,0.28809209403214764
2.6634265865613567,2.53395480725342,0.42159466229476594
2.380886270812909,2.1506850286543275,0.7445998806121703
1.5664957468360445,2.2636706371884294,0.2018009774924201
1.0349490454528072,2.3816167825727277,0.258318323275627
2.6643182720295178,2.5091015782647568,0.37344522720990914
2.7001306492491883,2.6335696637402357,0.9452807257656752
1.0197157674802864,2.323802900987262,0.2389525066217486
2.600614736305201,2.420717190286623,0.2825293417348884
2.5875079135975274,2.673291867095067,0.6815759579147476
1.5621863311042221,2.1647584002391285,0.3044582772367672
1.084840635535738,2.4369611245689247,0.2671329558703086
2.554776142777352,2.328497124290324,0.7878773812093653
2.3879463216372914,2.268905832235849,0.8554810266333146
1.1434736042295424,2.3858553879809166,0.29782788657837633
2.590140054658624,2.4449088077324967,0.48159528849975364
2.550485323694331,2.522918649882531,0.7295139455294102
1.4766869269384342,2.2281024006480252,0.36199541375412947
1.0164208227824285,2.4882420988088065,0.35129426441374667
2.5929095248185603,2.5134224380809687,0.6129975381630881
2.613663861717875,2.619160598803273,0.8372595893181223
1.010486107629094,2.536395259776664,0.38320352050878004
2.591331432274774,2.457370469757203,0.5577669225066404
2.707867093569072,2.7585963639345463,0.6488289883680323
1.4995083528775774,2.232168391008654,0.34857477278546334
1.0378907730327294,2.535697408610629,0.3894609351150953
2.5846411686592465,2.4301475985617675,0.569204397801369
2.71814889458898,2.7489952479604334,0.7320143602932259
1.0281190685526962,2.50890822080126,0.38021127803522337
2.573039482411601,2.446819017347212,0.5749175028099924
2.6847643337121663,2.7798034576713575,0.7259935761186715
1.4890870769916609,2.158459143096043,0.34987263407925884
2.5717124446266313,2.5037931887151257,0.49603868553355235
2.6081902480873813,2.72337979479076,0.8273117532552721
2.5860025387189256,2.726720039012199,0.7674587975527243
1.476889821145227,2.281042529744223,0.2464263625798473
0.9413442442232907,2.5005433051332253,0.2925602964720688
2.449774456855577,2.4177438722505378,0.46451227005897144
2.686768003411211,2.7292570510579037,0.7499292509306994
1.0528371142509902,2.3979796877234443,0.2902933828962684
2.628512808948504,2.5486416298290684,0.41521517738007674
2.485099268090652,2.323737335879418,0.5678783137092265
1.5776197614699305,2.4038600434320494,0.3053473400881872
1.096413711554459,2.4809319469120523,0.16789736495177054
2.6187960599498643,2.3968402853584005,0.4306094472798385
2.5310365669082917,2.3185681827769904,0.5874213051637116
1.049597005825238,2.4905657262308,0.19249761662942078
2.5682281955807196,2.45756263512783,0.5489057982906052
2.589863250693775,2.5617391541905756,0.3800453983144201
1.6519817995616675,2.4367255670178336,0.33669404756484433
1.003448229732128,2.556949325039348,0.2248605534628283
2.6476687877252116,2.439021537885246,0.42360494808115967
2.5188540930134695,2.461980292885077,0.5274266096206783
1.050260405508436,2.491574713635877,0.19189811313253258
2.419900132649282,2.588848299726224,0.6144155326143674
1.6604025051900064,2.4550892808413773,0.339224771289504
1.0644193693848245,2.469757268349681,0.15217781761530236
2.558078478451015,2.324202728935824,0.452830832961423
2.484877300397909,2.527571626772295,0.484037052295093
1.038036923618821,2.4756326172682326,0.20079581969806237
2.6449474781172997,2.42316980215714,0.3483886572884427
1.657927481969423,2.45574922345415,0.33564461842207627
1.078816871044875,2.46810979600349,0.25020583337266733
2.6623830284613184,2.42826003871158,0.39517481498407436
2.4613291746440713,2.603005117811918,0.46657009054796683
1.061195950259279,2.444662282927003,0.15122883719674696
2.68222374538363,2.53123230555716,0.4220259316874617
2.4667059903333692,2.555610604746459,0.42288948375178026
1.661873428584611,2.483771035290988,0.32286362467719787
1.0950370827060196,2.4778799507465537,0.2029705248915119
2.587594936377174,2.4052719582271496,0.3653658774883246
1.05426965225512,2.4434651832670573,0.14749947900732807
2.588004062650801,2.410118530998984,0.31371505707144864
2.5055090901499955,2.5300657234746837,0.39682246612391125
1.6881981770556158,2.484731146888399,0.2911884360142858
1.0658083959991314,2.4496588209818695,0.17709884657913055
2.6566380944931867,2.507459827964341,0.33743445643721914
1.0574595735709664,2.4578613736010255,0.2129207749423938
2.632943579734683,2.4755467865816008,0.2928530446749884
2.4763180735778585,2.5099398579708647,0.4040791525661114
1.6758608502967371,2.4621314502609795,0.2835377926857585
1.0715261502497846,2.4757227394891963,0.21372861156689194
2.5982574918603585,2.426507423774265,0.3087895678122665
2.4506527908835736,2.5612449124867185,0.35756333172772137
1.0804465812100132,2.4610537983065965,0.17795527588863935
2.6337916346037336,2.50159473104447,0.3652412739826332
2.476782989797889,2.4810652228949057,0.3599164038146325
1.6466092754067088,2.471902081841191,0.33673398267549404
1.0535386609060875,2.454177806633058,0.1849520562860807
2.4892553806791513,2.4917835683066825,0.41662411192565685
2.625081727244678,2.4873661489680092,0.39709730313168135
2.46364588793127,2.541833825867687,0.3205299539015054
1.6453945327702695,2.53504724115939,0.26092966227962044
1.057755093393904,2.4686223959375435,0.249167133065596
2.6567992654494637,2.473401734671516,0.3512917610187507
2.4633876806152224,2.52129215837085,0.44121865645876257
1.0846874516017024,2.453975150845176,0.20825528113493474
2.695109792491433,2.547946401267347,0.39662079381513005
2.445773077921847,2.527118154644588,0.4612545485065582
1.6597807095480375,2.4827451201671584,0.2677095711843769
1.046889762913214,2.4618248439748434,0.1494654189395077
2.6566080537528154,2.4622723556382007,0.3735443199284991
2.490944337860021,2.5000299899434495,0.37276707538689813
2.6563555684825526,2.497785994325164,0.3722399021240004
2.441794587171257,2.490486571264239,0.3908750850669167
1.6834487598447854,2.3259958750307157,0.362850740377747
1.0780854028586935,2.4384777051180015,0.20950176322667002
2.6327948065442732,2.471850345010638,0.31555543982365264
2.4139840141447495,2.4714006875801147,0.4264474040874582
1.148864605824015,2.33635635416295,0.32674665853681484
2.643189141131286,2.4470138053221526,0.33679308067879155
2.5087925907562836,2.241448118745044,0.46655688811959517
1.635968654432367,2.4128527152053696,0.2616091552070938
1.1253815683409818,2.293137504002151,0.22965103820615718
2.7150015309886593,2.5437650163169123,0.3798112414753343
2.4673254017895943,2.2750298517270604,0.38403575033332804
1.111452916807439,2.3157000073320293,0.22888173598320405
2.7055582480948277,2.56253523380909,0.39671914147568543
2.423720075047913,2.3002824318271378,0.4561052736161306
1.7458140521111378,2.2999727260995395,0.33972974182297344
1.14943275728675,2.2727815645744434,0.38299192402697924
2.717076249422868,2.5401029070206036,0.4312861685914233
2.497952175016616,2.196755126541336,0.4118667077590601
1.1730508588921664,2.6054853862370155,0.350991502630843
2.586635301615316,2.371918391820431,0.38783047991469477
2.550627182746084,2.166575149772845,0.31049283008379946
1.133345463980819,2.5280835114506264,0.3912871915669649
2.5492524612462395,2.385821055706264,0.3690406825284567
2.4296571743869912,2.3587238310993146,0.4313496177336422
1.1704829716368639,2.5287897072667507,0.31398667542850967
2.6163398717966566,2.6997403547622207,0.2639402629831473
2.4296845925230444,2.4058093536928973,0.4143218527966992
1.2946102379671134,2.3353945736355213,0.6493453433882692
1.1759687446146507,2.5890774199758178,0.29751654172691544
2.60588044893884,2.6977986738957402,0.38991640399275185
2.484590244434362,2.429398725820901,0.40273584273221097
1.1346976549253849,2.2513138793362732,0.3439219449645907
2.6235808823189894,2.593662924409145,0.4710908642828029
2.4463197717128886,2.329880428856547,0.4528757152574221
1.1854417106209922,2.549283929467366,0.3188372416517413
2.3067061460934193,2.0781187593853705,0.6244185029717715
1.2343762885463834,2.5354904612884157,0.35088111483245
2.6251272651923836,2.5228576147275925,0.6530396987512266
2.52765149998932,2.1868772066028335,0.423455191416223
1.6018368897434634,2.1039719158732995,0.36130084085203773
2.3081931627417944,2.4252063736160636,0.5752890185483204
2.588073919293093,2.231161072533595,0.36241643114827027
2.5592097745864235,2.465294072644804,0.4719629696133576
2.6430620640311444,2.1069428497236453,0.3758722090538438
1.651517479388073,2.3630797384459017,0.35328336074963906
2.7361595105343914,2.454980800390217,0.658635680636825
2.424087716489599,2.349852037543002,0.4110514652576993
1.1863187333468297,2.376663875116899,0.25309358890746436
2.673930116855433,2.4536358812144043,0.6444950155836082
2.4025523203406323,2.377086591248563,0.39585836102725525
3.4886132996323416,2.3789252752910848,1.11689357873759
1.0210881047943872,2.4919537991685026,0.1635702467012643
2.6057893730434287,2.148099140800957,0.39287300288993743
2.3644556547598783,2.4357258779371422,0.3650173095374596
1.1445125131673795,2.366448592896217,0.20181803932141018
2.606459090818847,2.1842796362393377,0.3949640231649507
2.4128553406136595,2.414030741379397,0.4558290955038984
1.5064655260871176,2.247249557905662,0.2735112486921425
1.1425065784918784,2.3740877624250616,0.2656158985027608
2.610106656588205,2.1415888832199013,0.554208584938463
2.4544431693789823,2.2701403636119095,0.44456632141710206
1.0535294817909742,2.4113218295418535,0.2664860368801043
2.6247374508232815,2.1858028925084865,0.5782692506863607
2.3809923670785054,2.2788645760709296,0.3069204556222518
1.5276122999598534,2.0175766540578683,0.249611247258807
1.0532834338222195,2.4052600372984507,0.23145424256243907
2.6214286778481095,2.1240388919893456,0.4615618700446329
2.461605024934623,2.2203356771821023,0.35659457746892986
2.654240557309275,2.138396220095755,0.47459865711391913
2.496049594793106,2.1654367010820974,0.3967398838913663
1.6213600331247078,2.426098535919891,0.33466593999026517
2.617282578839734,2.14952917540768,0.5346692889718294
2.6222087834234635,2.138268666158677,0.5802247002014145
2.438095046152685,2.2483098053041446,0.48316634767364297
1.610518902129317,1.9653348529648529,0.21848917477955454
1.0911527672923076,2.4883272142397166,0.20017493303558376
2.619390914292929,2.141464905561432,0.5557282053056498
1.100751618305919,2.5093461957216583,0.25542576956708785
2.603423783948483,2.1417605445931653,0.47087929760332314
2.452995253376805,2.232479050410548,0.3959728317436775
1.2330672513637793,2.3298549180691315,0.6216094553677403
1.2090176121387448,2.408959816729449,0.3018399644895702
2.608843514981168,2.135725932067196,0.40847204453990393
2.442118359595258,2.2453295731294136,0.43405352274784326
1.1588834311563874,2.3390788558592104,0.22024661767135711
2.619228074406631,2.1146573595218667,0.4314123218178265
2.4513194092175254,2.231265976706146,0.4442514300893967
1.6368425777167375,2.444573352798909,0.30969257815009277
1.0139034802648934,2.402499865467502,0.20206735064091785
2.620829531970706,2.1489452883200064,0.5312782616358818
2.4601876265099656,2.215962842116763,0.44113032237819105
0.9868829667892194,2.449791143290428,0.10196410238829112
2.599940488576869,2.1409847305534395,0.45537717310248604
2.560774038852896,2.0710670532228086,0.34113554712480854
1.6185623103637083,2.4324843390053306,0.3389910912875602
1.0498753595108208,2.388853024711548,0.1509128878866326
2.609726140543503,2.1372761296352043,0.38215659476100794
2.505314063756157,2.0509123390715382,0.44053591507825907
1.1076468026861217,2.34524531385659,0.2301528198912388
2.6237148735577884,2.1736859837417524,0.47241566687512604
2.5209633821409616,2.033033330208893,0.3433545385678294
1.6431296755229976,2.3162869938611643,0.39614723492839543
1.043302159415311,2.345471811501869,0.18670212310334144
2.455775452372588,1.9366327137271684,0.3163786991494648
1.0712373061469298,2.2662987251293942,0.1861119477330453
2.644726702517428,2.298004580771347,0.5361017673513
2.30936904315061,2.007623393849989,0.398050947613533
1.6017555890096018,1.9647936428019226,0.276822018376613
1.1091950929081111,2.311849547362277,0.1925769802112569
2.6673025573249656,2.2004107985361476,0.5903362106132859
2.286503986612356,1.8098842738008718,0.3668868985646163
1.1100895201898775,2.2683705825372673,0.2022700511297868
2.746078438484101,2.002233703566632,0.46561731033343534
2.2244073920793244,1.7981028199677256,0.34842009873749924
1.714900342129856,2.5501894432113366,0.42311827617301745
1.1347936184015706,2.2744435804536467,0.2620479049824562
2.8126806672356652,2.386554431239822,0.4092552197434596
2.170489508321641,1.7438494813660543,0.26894901992826625
1.1763193391282687,2.33148546269657,0.21679221569899387
2.7001690346396625,2.219300225315314,0.4414076925832786
2.209044175983769,1.9343680949022333,0.21577893677206017
1.6889449040305575,2.6526145394296363,0.2991955151065231
1.17247090571,2.33766932524985,0.15064283415144408
2.770845598408716,2.3202082641473885,0.486631582789828
2.2125806386974687,1.9161077355305096,0.1912930067992249
1.1256158145903046,2.4950446575615595,0.16072221766086758
2.552991818166732,2.1042437130476346,0.37507374525941994
2.241934733574478,1.8958210566985423,0.42998756223959367
1.5783948602552227,2.119890170383546,0.2519048637145642
1.0727063221929392,2.5494899231152837,0.4714765659261082
2.3757478736979856,2.37137479747176,0.6737139863253117
2.2462911177654523,1.8901940207247891,0.3275214592880624
1.1241427454285309,2.4636213279297707,0.4650125616279843
2.5688888534503125,1.953460773515717,0.521476576157081
2.201530176193777,1.9311920018689792,0.2519448584298567
1.6677261277483604,2.4290914042790432,0.3317973473481157
1.2251883519457065,2.4205903516052665,0.46086094924808707
2.5259816162943998,1.8591662275072312,0.7219806935448001
2.186974483809629,1.9910417396576474,0.15641910518023305
0.9792973222176278,2.3997337331722037,0.27047537562008506
2.418048812419263,1.859869204672606,0.5373371331771606
1.5699580613731132,2.2113956959136316,0.3546299488388911
1.2852197647875052,2.3792902941278453,0.27219735374944465
2.3456189184542584,1.8095643160745927,0.6413849645336351
2.1969189225467964,1.9457058517692056,0.08416265428715208
1.1646965528367905,2.2031895670158668,0.2714272617649751
2.3905128975904346,1.7627775319542054,0.6855024733612585
2.1891738951582354,1.9458530752386378,-0.031123826176961633
1.5399710843904264,2.065759855766048,0.41483650908461733
1.1837453624643166,2.317719412653627,0.22946954206895032
2.365255310658331,1.5273353754532804,0.5523831927539136
2.0981921750839887,2.0511104649065146,0.02443019123259027
1.2049466149812973,2.284538222875895,0.24553949019904864
2.562956760901296,1.2361259224059211,0.5531372510894805
2.2363600304684503,1.905801496623855,-0.09355472738239634
1.553538770202366,2.238588049531599,0.40992350699809377
1.1867701789174079,2.320956421632533,0.3204631370969706
2.02520128221348,2.05723233863056,0.4086516035262209
1.9578897582031516,2.393277358188867,0.0670067915223358
1.3188328498678565,2.373506497941702,0.7101650267917545
2.2353362611100844,1.9609515274822593,0.27207483640624996
1.649296848786347,2.3766912932529065,0.5108348228432091
1.1319547684364912,2.0408653803640853,0.5585755786949764
2.0775880418865302,2.10655899581954,0.10564877199679978
2.2187833363284,1.9856572945829174,0.03538867430486747
2.115658481424103,2.0317534993037762,0.386359616145286
2.25280590531024,1.9436539023122603,0.23850304291184998
1.6561319516858073,2.350482654671175,0.3967613713650815
1.1058456695660082,2.0445575304007164,0.5697071629630563
2.2996618308949452,1.9339936585318005,0.28508366889808157
1.4515623775708313,2.0847312985346624,0.5196909402692524
2.2805950206650545,1.975637277174324,-0.07529315379088508
1.4023962952097224,2.2807120816006887,0.7540148511687388
2.265226559360863,2.134144263247423,0.26935024858101086
2.267594055804403,1.9276361080473778,0.11709148504951106
1.310612177423418,2.2190210371651853,0.7243651772784463
4.070109765230658,2.0712413372003873,1.1209921131831089
2.260978417202655,1.938285192863413,0.07238637875239107
1.4466144768968336,2.181740716845041,0.7412061710672981
2.5419969071908697,1.7621545442203994,-0.03212002464845409
2.2376632263959815,2.0027882651697055,0.16283944907753467
1.4077658391325012,2.1079880767519663,0.7299323105169482
2.5567523943403434,1.7724855786587477,0.5317341179437163
2.249307827987015,1.769437158771859,0.469465237058466
1.7524056104368742,2.2710680502832594,0.2404880414285524
1.4426468341913774,2.176518873237764,0.7457377928471169
2.5701834663091665,1.8200591440732643,0.4221114941521449
2.2470061350700017,1.8758921249368297,0.2504133767387604
1.5117449477887832,2.211182311289921,0.7900696399701079
2.4819485666302907,1.753110731662961,0.08498005000623277
2.1806230129882875,1.765149796765291,0.14487505678424828
1.8802764060126673,2.1728009739951446,0.20800790696631655
1.5642664139563542,2.2908484472733837,0.7957191468249054
2.4058801668017535,1.833396994357342,0.1541281262299179
2.3049544848274888,1.9027187444623133,0.023107510193020486
1.6103554661965835,2.2446279072661954,0.7851147656220447
2.1209923817700127,1.9647073352781421,0.21515183632557355
2.2878737013221393,1.9478185979625162,0.08390681625926222
1.7315019043007132,2.407311867546109,0.25337110812415853
1.5792352857298935,2.2880246176831824,0.8195066444950301
2.1821302952154844,1.975192030487419,0.1962288970685686
2.2077908095382814,1.8402111164109336,0.21090789635404028
1.6732366962578822,2.326384258887727,0.790812194609622
2.041086873405491,1.9924364883154217,0.16895118993694225
2.226721482762205,2.1555366082162157,-0.11742831650840857
1.7135706817405687,2.359252405077825,0.7725042709577838
2.20448203656311,1.97324951515593,0.2426921019085615
2.1788889946968606,2.1123690180488213,-0.06215082925101012
1.6859242599025175,2.367735099521405,0.7876722220289827
2.594131896849379,1.9011604406627902,0.612203127484372
2.2818436187390545,1.8731233700372183,0.13516432799030054
1.889190161252813,2.176231817274695,0.2787101444476685
1.7336187036132988,2.3632394788904665,0.7971749902243381
2.661619373767597,1.9326086850355597,0.5939993331434368
1.9095917578713408,2.244896128161921,0.20060504013774572
1.7060374892553394,2.317168665747737,0.829317270670245
2.179313141340673,2.01384325760794,0.22265182891952318
1.8321177613375783,1.7907830121187256,0.03076534891951621
1.6972731032520392,2.4708296750954366,0.24507880591515052
1.7326160342987662,2.3054887782271054,0.7634391200495783
2.091994245824545,1.9934432107440456,0.30899898872460674
1.9928490737637095,1.7785024290009555,0.20763010293817707
1.7902549167467146,2.280334903416655,0.7831149702527771
2.0108899688680664,1.9625296200234226,0.2578783516050882
2.1267129970435588,1.9185087297797596,0.23163001665394067
1.8233526600785555,2.2045454534460824,0.3989591733576008
1.8214275492997671,2.2330913093085245,0.7685585032116611
2.2379738857983917,1.9749823413516052,0.4786686409355554
1.9990422346516659,1.7584688314852663,0.15067364975175135
1.8295151841797042,2.138844923851983,0.6806591789044436
2.004806242105748,2.0392093249492307,0.21040748557574185
1.9936124900388572,1.8021608233061264,0.1296037363613416
1.8902668595346888,2.196979001582301,0.3309240797270272
1.8635949736193944,2.0854723034625877,0.697652820183406
1.982918463303856,1.799127066161537,0.23817442761514895
1.9230509632319397,1.980558951796962,0.10941585992508651
0.43399476316262603,0.49950452857967587,2.003270287327119
1.8842689634591456,2.035686690518699,0.6697471781402946
1.9503384459062696,1.9612040127521027,0.3069504367575604
2.0428092091867733,1.8970121958941388,0.05832557274460348
1.8989606736399742,1.9380548805209499,0.7765790231508409
2.0106150722518126,1.801855766740721,0.19199959003683298
2.005154333224335,1.79876586202196,0.441039961739766
0.4140831763190818,0.5464516193887421,2.0378097472955803
1.8930949806639212,1.9066317893077351,0.2808945950002091
2.066456517067551,1.8703103884921326,0.14398839301969923
1.83680018292901,1.8558647263040642,0.8960350122888405
2.0038463689253154,1.705888595226489,0.25145464004547047
2.0879208644813536,1.9173304651871577,0.17533465346153565
0.4241048030697031,0.4809461161881569,2.0334199845655325
1.9212870234094288,1.796172106355648,0.8840316505157408
2.0020739652434143,1.7529580245663279,0.20405763906966534
2.0442566483518014,1.883911452881883,0.13391805451481487
1.891671979402766,1.8273518914141176,0.9768131315068536
2.1394860337471076,1.9394846767090987,0.32232685506681547
1.796979393427665,1.970910986573062,0.6050508087716462
1.833042706196865,1.844900928970377,1.0639626294081403
2.051875552314519,1.7438317191822932,0.32364858802003615
2.1277203155202917,1.9275848480539723,0.2924366764429829
1.8216515435503922,1.812429392078092,1.1042325989409112
1.8927627443805306,1.9555140342748192,0.2324747634534683
1.9239195220983865,1.8288240068991475,0.34601552823924275
1.8925175308767856,1.9080558634501086,0.6683958812842643
1.8445218452972822,1.7923251034552181,1.1939632162923122
2.049526890938354,1.7611109861220955,0.314932481899838
2.0626918877781746,2.0085899427488982,0.31277050229761816
1.8454877981513615,1.7964239955790562,1.2200266576416148
1.904376828394044,1.8566897737793169,0.13781516997128396
1.9307446114177234,1.7906964661763711,0.6532263208877105
1.838037456120727,1.8124000665934927,1.2159278847775252
2.058586558346017,1.717562641492058,0.2801401194321431
1.8128462687615867,1.8545384037770218,0.17456113421010744
1.8715469483305132,1.880717836083441,1.2563714230300151
2.0136541938193666,1.9572549667020098,0.16395570992599828
2.0644702519244356,2.0245418142780753,0.16451445874839887
1.858057702229543,1.7249334709158894,0.8151597375031272
1.8924694895340495,1.9480017034273316,1.147599864130104
2.1191315247970186,1.9507048932190996,0.1190675056168975
1.9003283617918747,1.9464850036689672,1.1780947914593876
2.111777742289006,1.871005855472428,0.28112320860751816
1.883826816212968,1.7007269523091422,0.8400711999217925
1.9457497228145677,1.9198879812302254,1.141019630778596
2.1641721313564353,1.9144267653746743,0.23622066193125324
2.1157285764849685,1.9394579738288136,0.17124899361885348
1.990457854672019,1.88642223888445,1.1484643698687065
1.8899770617575367,1.9204517219483968,0.19984353122183363
2.0864488682031643,2.025323588782151,0.27499558311081507
1.9201584690876263,1.7248340503705404,0.8625113942469518
2.0180062864760018,1.880713067711961,1.1429558279940384
2.043697318376319,1.6876451635735175,0.18189362285673827
2.0475940315558985,1.8713526352882794,1.132371593160431
2.0785946451075397,1.6883899831986258,0.2650400580490484
1.95714386569322,1.8581024038301386,0.1848634539846168
1.922007405131902,1.723754252648992,0.8781650039473659
2.06331892862878,1.8210711117105154,1.1939038500681218
2.0575019922511864,1.671501722720148,0.1706417862218883
2.2634892032093945,1.915926298995712,0.20817091076310668
2.0266463371927657,1.811798059694197,1.1225296745477662
2.048356970993898,1.6966017149328796,0.18551377043945871
2.133163411573265,1.9539229479213738,0.3243010502420174
2.0755912863261425,1.8756596668272008,0.8405032739771654
2.0175480459760537,1.8274640673531746,1.1334524637522554
2.0578302946281006,1.6928141974666577,0.26082198649247323
2.1005005437210844,1.91908164961303,0.20390110237661485
2.0296065422122016,1.8106122849165154,1.1514661788874263
1.9519055711956343,1.8832796436608392,0.22814463516850259
2.0724126898925785,1.8675788268900613,0.36211456343500803
1.9292769066738729,1.6980651281399595,0.9113202652969925
1.9295861355648367,1.8722540959164924,1.1480591775072182
2.067254504035983,1.7039689680781014,0.2663129747998483
2.0351926894098,1.808618628800907,0.33565481081598825
1.9327103725634425,1.831929051197356,1.1640115256771497
2.0810935101855605,1.6459906968858775,0.3442714069850974
2.034470281129445,1.7538920293298887,0.24624480683799788
2.0219223115601057,1.7988444209420857,0.8381481753324007
1.89492555847797,1.8206058378633967,1.1698282235548918
1.9902388672114557,1.7294054881080037,0.4615022057972291
2.080606897875262,1.698268022346415,0.3212788564354736
1.798666324050653,1.8177432652549241,1.232029602182215
2.0186998461088574,1.780091131168661,0.2247772857768915
2.057683428786286,1.6637662320874165,0.350849852197322
1.9899270157161735,1.7081342597747922,0.9467529604418672
1.7544104722287905,1.8132726785742537,1.2482060638089267
1.9806793552626156,1.781953061022146,0.18103945852365455
1.722082582473606,1.812242471916093,1.305343789615149
2.125978667834485,1.7340669288571438,0.23185763188348352
2.055523118083877,1.68390378010136,0.17888022073500154
1.846199954433019,1.784368598804409,0.9667120519074652
1.9755569321921762,1.480758876515142,1.3655860828442106
2.0094515896088643,1.784335100994765,0.2701285660061814
2.0205185029941877,1.6318272030801124,0.42226041635208267
1.818036998753585,1.5282433925922772,1.3362117227988297
2.01741214738866,1.6096470039336082,0.12171603791797403
1.8685102109487028,1.6065630596791967,0.08162909934196128
2.003287038949832,1.5214007795190954,0.9420205306205875
1.7214249048361934,1.933924517145347,1.3209896507120042
2.2738964123994236,1.4563246681702449,0.21319392811900606
1.7656144762943797,1.8231203193538608,1.3083925670923642
2.2343923619741353,1.6594066292529333,-0.05166199909872182
2.048763236244632,1.7419306886826758,0.3351587809789329
2.0942964155787065,1.4178907595799066,0.7856583599640234
1.8541892416510268,1.8152154323243173,1.3322761474466187
1.9045787689265394,2.19057031031376,-0.21764647506169799
2.0442943184865534,1.6502108248545833,0.3783892237106683
1.9449351657552167,1.7440036189741317,1.3379857953859622
2.64294356999968,1.4415566640701578,0.4761008133207769
1.722627249706765,1.768361533375355,0.1355044320818939
2.1545552797404586,1.5581878118096777,0.8356687414028365
2.6897236784777343,1.5126194658116072,0.5535262905927802
1.7056865371138596,1.8214921589121613,-0.04105867587827039
2.0120973205287,1.6772036221261302,1.3360432800783877
2.230789380478186,1.441986055921893,0.2389678697184201
1.9888923983126747,1.2954561461218896,-0.05680448651045489
2.221955972297604,1.6113521735747023,0.9023902381139259
2.1564268655492995,1.4556343271892906,1.3445949965938517
2.5613986955177572,1.4371136147347818,0.47314543631876793
1.9980210878976195,1.352323386759374,0.037695418683192594
2.184817510967261,1.4331092555755265,1.372048179793766
2.2225968414255233,1.494713754068676,0.2974994053921216
2.370855047714669,0.9788305578327032,0.2516424542748097
2.377151682263904,1.603354422510594,0.8820597501192855
2.0898699363268665,1.8898831229043211,1.3787020844837259
2.31031842591377,1.2536093948543363,0.203681712587773
2.5231697076282247,1.5679223229759316,-0.1045938201460721
2.184050518413498,1.7544108281468658,1.4367247008163746
2.3159052883670923,1.2085686691604802,0.0659478628896275
2.7018219906158025,1.5763455319853041,-0.02958913887367176
2.7196657135591518,1.5877108261975708,0.9493985721154479
2.5297922603686303,1.6215480246816045,1.4808103211601211
2.3215062175163013,1.194625593326358,0.01042343173462612
2.688117452542172,1.333020661382216,-0.09148997785367996
2.247490601613131,1.5127651395603081,0.1718321952459465
2.730632967980387,1.554760544808737,-0.014782863186810213
2.5749821169556055,1.4824789473171096,1.0492382560883673
2.4594199187004793,1.2588244435322544,1.3846483628548296
2.508402776387181,1.491556257684192,0.4285353845256905
2.766729540140711,1.5315031705449982,0.06167031707544757
2.4846486569850836,1.212556935065992,1.3175265017583153
2.7412478397486955,1.580942480510183,0.2201625453227427
2.6506263701403294,1.3855424850903686,0.09403924790074236
2.5620262132055114,1.5294257103006366,0.9798155365720009
2.7162146046950784,1.4520911887613965,1.4733915696942543
2.69023246371545,1.5490648442856785,-0.1260799751086218
2.8366963318138514,1.573644249542128,1.4208158640356592
2.894660417197247,1.305322145131693,0.34943379489693216
2.713980384234613,1.5325822530108246,0.09820114208151587
2.87097877704176,1.3910845248424981,0.995301776435543
2.9454214006116355,1.6852763558317543,1.4106349142149708
3.075294435375027,1.3470580317623464,0.1524827549676666
2.757520384286916,1.1924333345386262,0.0318923777192236
3.090799272103761,1.3526833988060813,0.24612771351729434
2.7402085731829966,1.4390967804331347,-0.09277315405361486
2.8702525540642148,1.406147095090736,1.1918765769585415
2.565320442647646,1.380807849839017,1.2081023912294588
2.900055829535346,1.2480200290152719,0.11970933586072618
2.7069675402879563,1.0082871726477434,0.04212694191607502
2.7286064100982017,1.216558313993073,1.2327346058967898
2.885885659985962,1.2796299211811988,0.21988992858791567
2.78112882994007,1.5950154944671233,0.014098744345544256
2.874856893572538,1.4119289839282878,1.1778587570740546
2.6483962027956287,1.4335249383592579,1.1947950586866813
2.83910245206644,1.4057333196555963,0.139718808150618
2.887021009237134,1.0331510112629494,0.11558782382542354
2.6501447646200926,1.4315991123279468,1.2260070298683776
2.8482272077449076,1.3962633338971715,0.20876062419742136
3.0066577809283235,0.9906875903538004,0.25780292192967424
2.964310589003617,1.316472981836666,1.1517328500591382
2.652788349772759,1.4329641778732605,1.2080827216973478
2.905947152508144,1.2739108556378902,0.22847982187706783
2.883027974953507,0.9992028885373723,0.2169066566130946
2.690158553957393,1.3668268654516325,1.22094087365228
2.892200891183998,1.2663020844772281,0.3043793904920733
2.9237327013193464,0.9602365912713396,0.04866785855510103
2.984912814852482,1.3597702717083047,1.213893578320099
2.67375011083178,1.41686949361827,1.2595692121141324
2.8944096008570055,1.2950832594721875,0.2976553609399053
2.8189484531374007,0.9696004211597006,0.09483571493963372
2.692226358252945,1.3902486293221297,1.2603697024664102
2.9063066877183013,1.2839814177841669,0.33709494839205356
2.8590750144603816,0.9838875349960736,0.2170232581954954
2.9845847508941423,1.325497244071038,1.1408188823417778
2.699040837945722,1.4109563553557427,1.3346575913434844
2.9048172868841826,1.2761870377636626,0.2464924343263477
2.880055849005353,1.0104132702811965,0.18265036340122953
2.694408365045622,1.3956775394609062,1.3152958576076355
2.9055933393437723,1.319086168616757,0.3489351126532738
2.839237635398111,0.9959058576824674,0.08325169418009759
3.0615958577657563,1.4008463349354725,1.0876573822541293
2.723279185472374,1.40772912153837,1.3763323230968418
2.8948633114040403,1.3553404546037846,0.2652681948192155
2.8582465099144296,0.9700265347560437,0.15173182587584466
2.7347108792764914,1.3577521776888637,1.3533838203782182
2.8845409792264887,1.3102442965914782,0.30580143805906057
3.010780514916411,1.1982096205396895,0.22422752235438703
3.079126060283803,1.3193772776955845,1.0606399089927963
2.7379195164504253,1.3567473626088316,1.3682158396828172
2.937020722143544,1.1085247784497905,0.10279995319488666
2.7575675911646416,1.3566226696946406,1.3959139979644783
2.8845431249936584,1.3083770023200791,0.28102801999302907
2.907341185912513,1.1154411820716192,0.10159575314660962
3.0458661923213874,1.3404501417752461,1.048717073092067
2.7612120574925334,1.3586398100397856,1.483224905238361
2.8504564214153114,1.3684102032014234,0.27206595531447864
3.010283173770264,1.1450416824960554,0.2862324887826533
2.811546271658791,1.3073026882257321,1.3919308581073446
3.03441971656566,1.5062931481603754,0.18940984281467932
2.903478566589069,1.0202969122654744,0.38028736336170765
3.0466374764094892,1.2920769204636058,1.025357179129108
2.835877840848023,1.3571756815769838,1.4103702696011133
3.1108402606285472,1.4893715090815403,0.3060930537737676
2.9032537378734333,1.0769243038175358,0.07857857097836507
2.8882915418199766,1.3164157613789114,1.3752587242714336
2.9807242773378677,1.2989395606970022,0.27799864382703277
2.863830511344859,1.2216292386430208,-0.0204027670232515
3.1313778750437553,1.3089292989467003,0.9930757218423547
2.9453837304768844,1.319582675297067,1.3158113185582305
2.9767558001674015,1.4715392302593946,0.21689308165570576
3.3311938596228496,0.5848572157734209,-0.2422476655124718
2.94631165556835,1.317823503848967,1.2002823813085266
3.0821265580423076,1.4268220385704273,0.27354623661744326
2.89455646669882,1.159157254168451,0.4156637321191732
3.166912017787131,1.292807434974276,0.7064635188716657
3.1274120204776072,1.127126553219452,1.1022586123819584
3.2567266789398133,0.9798474726553648,0.29412506735614663
2.9222165976048973,1.2427800655963732,0.27859251468518
3.100187957144061,1.277357196124749,1.0269130987237363
3.3075835066211,1.205346680551735,0.12877028464161722
3.6937209844696817,0.5844598316152423,-0.2558102251355513
3.1528777468251405,1.4001867499505611,0.7285625362216621
3.1370121827933777,1.2901348819692642,1.0355208436033951
3.1494218695895793,0.8713383516616391,-0.09775620649654315
3.271375116149393,0.7054480191895751,-0.18091849652382774
3.20432060736224,1.3455888965094909,1.0218425317640745
3.084217012102425,1.9545797910926843,0.4717740825004486
3.1846906524596754,1.310492967164138,0.16901909452620756
3.4448966314164275,1.3736803265699307,0.5153767562262253
3.210297284184664,1.4049563135230005,1.00616817964798
3.1928667406307065,1.1361079001105079,0.07562865525174889
3.274896320074333,0.8825548130790999,-0.0686224256905058
3.2846519313005955,1.3585024809411739,0.9571524208829161
3.2675699557023736,0.8326534479175447,0.13904102885662417
2.6771492444466394,1.0476106209375962,-0.09379325771214464
3.404635602017501,1.4931367344110953,0.4689625315014214
3.467655114851936,1.217087722436592,1.021010093323277
3.2557896939425213,1.0826129709926624,0.203122129300374
2.8173052723228107,0.9737802563894044,0.12248510172235605
3.408024006796513,1.3873433797889148,0.9955556922137034
3.2418608039904036,1.4235567769905049,0.1159422479324399
2.7895581186370864,1.1617396849524986,0.22822438618051644
3.4167863662419315,1.5778581786279104,0.5342080086415035
3.4406294157722703,1.2101355560286668,1.0103544521276424
3.157865701819633,1.5051523152838884,0.09407928731951709
2.9188320075230747,1.1056887895123166,-0.17106148303538427
3.5481902866713826,1.2967200029825496,0.9406519484181566
3.3945788681318017,1.0366291806294345,0.11598096114791301
2.9278809460948914,1.2975610245022589,-0.46970929389090643
3.43942659406455,1.1596606749874063,0.4808331537350925
3.6320564043934165,1.143518664645481,0.7119689017002673
3.01148790282658,1.4429874139326027,0.46208996717949335
2.853276674731589,1.161149598981902,-0.1149452466956361
3.7642716632314657,1.2449666023383297,0.701411608165188
2.81803769418329,1.5027146045742454,0.10384053104820468
2.941688242574077,1.0081547311298984,-0.44418143005913047
3.666246104795893,1.4548113062719168,0.3642782715718682
3.9314700794875086,1.4487160162188701,0.47166694315508595
2.7590565151616118,1.3639130328497546,0.21186800793963112
2.9549197581961484,1.237717962433662,0.13044098787704184
2.9926208873620146,1.5655589988613698,0.5087290504191126
2.951820078310703,1.252895092806697,0.29640244154675166
3.6768583539598843,1.4715057324497505,0.15738660774152669
4.401999388014621,1.5415645535761764,0.37056226984885465
3.001947345154403,1.3864090173974932,0.2267204120320545
2.8991171756080334,1.2489448546637345,0.5817850901442496
4.227278150481333,1.4348448235848028,0.1835788398226752
2.9319602879024416,1.5757679629898411,0.3626029936801116
2.9416162401646155,1.2489100455519335,0.7794542319083366
3.9446913431108817,1.65974053446579,0.26151396659260473
4.275885498913395,1.7173257726388103,0.2179270731959988
2.920520011029647,1.5163696707710013,0.3574816733671389
2.9997126478567897,1.3783597679214061,0.7274894142333967
4.356528674347032,1.6806391145678732,0.2556381409092445
2.9718818092514594,1.6467619809726979,0.4288335567511017
4.040966909210544,1.7785247211376223,0.363599642911715
4.208898939419939,1.6826110745932488,0.25132365884300367
2.885701839265119,1.531380504188686,0.4013590946937218
2.846956198324917,1.4439274983697996,0.7047389181380244
4.379056368602546,1.734847988105497,0.2510596698802159
2.9253856572954855,1.636481133644172,0.30067818059519813
2.8958928028081896,1.5199552477050635,0.33722762832683895
3.971485537754831,1.5802856373388723,0.22307609476669454
4.35705939409359,1.708337750027683,0.3248237531567084
2.9715785408248547,1.5792190718481796,0.35386417819102145
2.9086434281657474,1.6439969215609824,0.45762015541421786
4.299683964170326,1.7009312770270415,0.38265509819073795
2.9251090917492113,1.6354418670802,0.27610387183830953
2.9703022861962274,1.2814422599712962,0.38228882766097283
3.966480178204409,1.6295774854160516,0.2917686574092411
4.381339464870759,1.7067347427455386,0.2581989351761771
2.919555131059153,1.5952809735492484,0.34346477735461534
3.010053338264568,1.2735988849338393,0.2850436145781463
4.348472033881764,1.7049172779561006,0.40353028321324835
2.9028648771786285,1.6130116860588792,0.43391795198788397
3.008423270471568,1.3804884881591728,0.5488849962702818
3.98933307539537,1.6268092073535874,0.3025949466971003
4.384718809743945,1.6651588349780244,0.2239943340907462
2.9148671066312244,1.5846326039889347,0.2801875647277805
3.0847882630066263,1.4432412105046026,0.4776131321192254
4.309297477926261,1.7267145768727956,0.3819391868265378
2.912297669655188,1.587498156829582,0.3070228862008362
3.0252646817282463,1.3588993286575612,0.28729577600486333
4.011564176944361,1.5982056541962422,0.3076509403216068
4.336187755255683,1.7301911965185497,0.3685166385093037
2.915415946189435,1.6123696248391552,0.39396513875924377
3.013730229518574,1.3405831793395262,0.31531040513726305
4.320200359332415,1.7047702929052433,0.4047124518954446
2.927085581730777,1.5693285157252568,0.2624096753616929
3.0169040575806494,1.3757009239843982,0.38493205514884354
3.985447567888786,1.6397603427106722,0.3083756135682929
2.915156069943366,1.6300516999596948,0.43825469638819614
2.967562141520939,1.2806074373345104,0.3975584344504002
4.4034542181554555,1.687548008004621,0.2569976930082971
2.914750043111206,1.6188252845667703,0.30443270684502277
2.993364991732638,1.3080943571006276,0.31978337594860484
4.006397169600513,1.612750140883225,0.3417637502571862
4.29383746388951,1.7303266182685697,0.41580097180913
2.9173356925502993,1.6312899268236518,0.36231823249932193
3.0060469525407756,1.327991459982714,0.312797354189182
4.378638659260242,1.676740732464751,0.2556614463245639
2.916103545357931,1.5952970668029918,0.4086694551167278
2.98466748213945,1.2912695159628278,0.2769997296190043
4.002095144844497,1.614376751604193,0.3375366783995539
4.428335580577196,1.6569583089167481,0.16392054318676963
2.9280781182558986,1.5818880485745817,0.40990800979097597
3.0147232428808444,1.3432403543465161,0.3736121798142822
4.3922108750250946,1.6653055816103086,0.18083958925531696
2.906860295647999,1.6107706706727685,0.3849244853592131
3.0292214763885683,1.3538126683817302,0.43894956731350177
4.037085454819724,1.603845803191564,0.3283588151118877
2.8952447811230395,1.5946081563334809,0.34223817341124074
2.984601678612923,1.3796243400377879,0.3798099599755149
4.338959609601363,1.7100212235785448,0.4049000873108557
2.8942861000354796,1.5947713538473691,0.37269781479201014
2.990729274392926,1.3478361107785248,0.34405218110902314
4.09378186864317,1.4971952145866438,0.31487675155885686
4.407689962547796,1.6604907185088134,0.2381689439880148
2.918851081009025,1.603322355212394,0.4155421684502625
3.059341371726469,1.4283197840521602,0.2423162201301512
4.412156496120131,1.6337539827857195,0.21324104558910828
2.9158298408345487,1.6295282519805248,0.4216164179893733
3.0832192303686665,1.43476733754826,0.313833312682686
4.003057402210674,1.6089379470945961,0.2547338788739204
4.299661552824335,1.7101394791912383,0.37936170325963237
2.9041828550577713,1.6103652398877184,0.3931561249430513
3.047420919844884,1.4199605904299009,0.29482941541965135
4.38169709273232,1.638609853881939,0.2048267773798509
2.928137246062344,1.6120102088388826,0.40243197826341626
3.015037001724721,1.341636274180789,0.42154277645324245
3.973837298572463,1.6405406867033037,0.30475475072985936
4.40525237104339,1.6583014399532559,0.25596471474693105
2.9173137580414568,1.6319380677170123,0.36083133508101084
3.0622517472638613,1.4311436136423608,0.29195495172019004
2.9042462743985555,1.6133992354508813,0.41342107763297653
3.025991619961515,1.3540849423932138,0.285045015287251
3.969467562941324,1.62655886785091,0.24732870236544247
4.412520799701776,1.662445870024724,0.22828443785809793
2.9152764713234256,1.6108351628970299,0.348642424054997
4.442480000920548,1.6381815349137865,0.21215247109720714
2.9051634706541747,1.6026178283262877,0.2225073025619888
3.01720494182151,1.3323696594659677,0.24731442705350148
4.0047043977224535,1.6340913450678989,0.2973447015418358
4.382526789371145,1.6464322480848856,0.20274426566759196
2.9061080850458474,1.614841787032738,0.3218977314412592
2.981347265072708,1.3243481857537487,0.3041880297864896
2.9192253981707927,1.6314493096403566,0.42725960675203845
2.970618667644423,1.2780037872973788,0.35266594605760093
4.000545424111062,1.6601302296249576,0.24605845292240636
2.91550344580623,1.6297567761836833,0.43451432624102715
3.002204121959005,1.3618291353038956,0.3396034991896062
2.927487317028598,1.6125075499842019,0.3745777154223646
3.016471804705308,1.3330387811938382,0.4196795353205398
3.9644364541848702,1.6263219989976625,0.2809418316795971
4.398098383300702,1.613976923655631,0.1290733295465738
2.903747264322389,1.6128859202611057,0.43004403763860966
3.0583545572471325,1.412106724975189,0.2331997496245286
4.316639339505556,1.7089225907896521,0.3949590461772803
2.9150838291153303,1.6300613559119408,0.419797463106242
3.0000695604626286,1.2939181079011546,0.23741238225745187
3.9843608560267865,1.6247648872910094,0.2894988828105882
4.379918967004635,1.6635671525781444,0.2803064461877669
2.905663434404638,1.6050392073636128,0.2632621409624578
3.0223218812647397,1.3761094542109102,0.4317261998666049
4.3978051284542214,1.6474340829327432,0.25386749558907074
2.922833624875379,1.5978800936334745,0.3556384295920825
3.0620297795711187,1.432250233453482,0.26766579157426906
4.004871290724516,1.630724755594036,0.29934235114396435
4.412454519338099,1.6580842406323617,0.22008534240920707
2.9045471586394163,1.6017034930950804,0.2812442358346441
3.002650441530234,1.358272645435859,0.3106823728477788
4.352981482797486,1.710108603985908,0.35552151508530727
3.0575522787443616,1.4435661750209354,0.3098060057852665
4.025483530153505,1.595759241208649,0.2987601627957981
4.407836828389611,1.6444853220097773,0.18896465573789878
2.906141702064834,1.6117021720413025,0.3969838456941861
3.0169188395322606,1.3364572267075416,0.25096170964983866
4.390356932190757,1.669619408078588,0.2790537354108631
2.903256837314901,1.5984368010037142,0.41289050690544116
3.014179171694121,1.3558191991003334,0.42308421211967984
4.100012222828729,1.2808191530282036,0.2139192272144408
4.389251623679956,1.7046461960374872,0.21443008370638306
2.9154993926904655,1.63202091817147,0.43175770092030397
3.049428165822544,1.417003127228985,0.2936091891730521
4.426213655265261,1.6433436546682816,0.22980295553939345
2.901436749918124,1.6329565918650484,0.4340771261863767
3.0280436886311572,1.3485764004507281,0.41570187909054024
4.088395039373748,1.53340956546253,0.3226746779596461
4.373596583249366,1.6786288883613734,0.24853633713125856
2.891756717379938,1.587663976947784,0.29434587275525415
3.017938794193436,1.3034289824450167,0.2643182458252151
4.411784563144106,1.655565229188992,0.2061523101290479
2.9157189761974647,1.612669197777359,0.36962138076055395
3.049709022903158,1.3837779492243538,0.26833235029426317
3.991171521022373,1.5992386026680039,0.3265053193382761
4.311495220344847,1.7064234872972095,0.328362510599739
2.9049631990517,1.6116020362402315,0.42822904646422155
2.991398276912622,1.3750987978758156,0.303610818425994
4.403404150254837,1.6542107732702203,0.2597667160947146
2.9034256376655576,1.5965755864059514,0.39700479672611655
3.0694116954709063,1.4437348561620251,0.25333564336171577
3.972549361433691,1.6368248140185622,0.3017317224583167
4.324771797077475,1.761095846542648,0.4133558105491535
2.906363431339002,1.6130708138652259,0.37704105609838323
3.059219778253538,1.4327068050226508,0.27741734954850794
4.333559905728926,1.7057855984025305,0.33608917965010776
2.9035510458356786,1.6008186025577593,0.45387546393044875
3.0191881075231586,1.33402738381084,0.24199891481441393
3.98866979492146,1.6353724872751723,0.24481389308040002
4.401716623585413,1.638025966794266,0.26169236328838785
2.902977649164308,1.5986126347020233,0.39833454650378886
3.0250315083625074,1.369201156820597,0.4191665181602975
4.3128365632442796,1.7106911797714244,0.382494493480819
2.9050018228607493,1.599580375693802,0.26142873195345695
3.0156599894595626,1.4056991065902305,0.26341216584828686
3.973262948226794,1.6234039940707399,0.2510955220728366
4.407936010516551,1.6496467265085504,0.19793342593876018
2.914239112106321,1.6118434350463848,0.381626918103114
3.038783968569587,1.3998633351549594,0.286973761922348
4.400724802316015,1.6490726145824102,0.22212908130135012
2.914004269810562,1.617701498618323,0.29059179354025044
3.061580598976996,1.4716407965719094,0.2760342238132434
3.989016693947174,1.624596921405641,0.25655626102401063
4.404890451647488,1.6278081811785572,0.25773997942691884
2.9275044831659534,1.5691405226796749,0.2673423767826488
3.0070647614347807,1.3472256400198532,0.24493708097582578
4.33870497856393,1.7030453345225087,0.3733949804960619
2.902276460137072,1.6007066650372763,0.43560845886586597
3.043476046113281,1.3995300259885375,0.25206362068055754
3.962942284979263,1.624220339268042,0.2962567976021657
2.90514034405246,1.6033177060502015,0.2400482038684597
2.995419683006599,1.3040016638597132,0.19581880222521364
4.308908378812882,1.7016434333075152,0.3392223274991508
2.9145383274171612,1.6280185855700933,0.4126364421156732
3.0446009049471807,1.3993096080168943,0.22820201953832053
3.9740289871062595,1.6393453751826625,0.2904572360592177
3.005096854521893,1.3541869855428768,0.28756369887407307
2.904028598240151,1.612684575775381,0.43102220943095726
3.956402463484166,1.6323796189160205,0.2966474166284987
4.409878645060555,1.6541123063991672,0.24060522415622
2.914415541851358,1.602609126048338,0.27244995822546514
3.0042886155547626,1.3528841472453714,0.3202620906369382
4.4028462507908,1.6587500245001963,0.27246196856098126
2.892713491118904,1.6192228475388795,0.40128846319205036
3.0039669888979312,1.3535103536299258,0.2932113877872664
3.9887820900699906,1.6237545885837752,0.3038745391678892
4.325157081493664,1.7026819846157657,0.3810303352337212
2.9027776159804075,1.5996952934464594,0.31935627888090234
3.0050725358273063,1.3545603490297269,0.24837789308963965
4.297942554903093,1.7055095096938635,0.3606186657156403
2.902797166303506,1.6034092587826092,0.29790730976485524
3.0061668770836865,1.3468109109104176,0.24622276802133714
4.006236952318535,1.617533175105094,0.32986222301624335
4.324725067036898,1.7011252305369733,0.404249711251371
2.9056419767329444,1.6108730714502926,0.38467438427818856
3.0028135198351062,1.3520600534444147,0.2723609386915018
4.3952268699909345,1.654635515959763,0.3038718569589649
2.9019863047320578,1.5996945781907377,0.40068359527731356
3.0061659234093887,1.3788318366978833,0.20840161053291228
4.0619134114808055,1.5333343444024397,0.2847783143132179
4.344577228050779,1.707441296189524,0.40141029508185344
2.916650954404695,1.6148777882374088,0.3757498407222559
3.0141233817477175,1.3774860830570619,0.31510581220098643
4.351316844311202,1.7064380308302223,0.368309214352496
2.913701716639681,1.6182931343096505,0.32002790399553116
3.0025851148408553,1.357362482529696,0.2971289923396847
4.02053205320089,1.5635382822376154,0.31234945510115586
2.902728978591235,1.6020643396067968,0.321381287014058
2.99313730199411,1.371593806419758,0.2620036783375277
3.0358619105220517,1.4443489031993066,0.33085571320178064
4.004551809834854,1.601054398527424,0.27509410958529856
4.336239253667748,1.730566109726131,0.3506317290071388
2.90308732170852,1.6087391060038978,0.43735958366553573
3.00531524593602,1.3487148024329227,0.22635326233380848
4.345540439091253,1.7114237208399732,0.3799902044152237
2.89525407944744,1.5955551549093236,0.38976238559585785
3.0395287881959336,1.4369317013628364,0.339110777410224
3.974432629752676,1.6116335074919967,0.29535629065933544
4.301875984543127,1.7039971014698307,0.3875088234600359
2.90417403357052,1.6036731881440034,0.26242648387095135
3.0171920672184944,1.4027982678006343,0.2589444104431864
4.364818965015188,1.6538571985250101,0.32785917919394514
2.903329078142936,1.5982539339574728,0.4234278030828744
3.019125880275247,1.3669965002670181,0.2620637300151092
3.9641410535712196,1.6256459631311466,0.28507684416648527
2.914841119006617,1.6200551667806384,0.29421414649475297
3.014444769985975,1.3690057727992218,0.26798703079642827
4.334022437763212,1.7063052316845162,0.3412265038096616
2.994759501974156,1.3749557467314286,0.26553292884003765
3.9875921429652865,1.6256690897328223,0.18356463901653752
4.405468378271773,1.6299096024896036,0.25629394099122016
2.8904628197768067,1.6270391620681897,0.4662110023776542
3.0259942425658326,1.4149045669408262,0.25386740618210646
4.389476213977018,1.637612787405561,0.21364395807301095
2.8899754922107856,1.585060326910652,0.4563225325389937
3.0393225561290995,1.4042166198972323,0.2693416655124532
3.9546434112424294,1.6711903480625323,0.2829913671232489
2.9161505138170827,1.581431238586839,0.28156174976663095
2.9933633228026175,1.3874680727031055,0.22071637676211564
4.380662832956683,1.649730888265165,0.20481226364933858
2.9159802829549792,1.5978651924726006,0.40657718314421665
3.0212218179625747,1.3626532291048523,0.1842181741220883
4.09256164237952,1.504813164862404,0.30009825722345695
4.438599023366876,1.6337312138119047,0.2184145944703002
2.9274296197335996,1.5696147372233178,0.2648213984170804
3.0526270278349297,1.4167625628878406,0.26407437342935935
4.393577967130559,1.6466647061945145,0.253079939444272
2.914570037087553,1.6187046447683373,0.4089707267835623
3.0098766701009563,1.3414079883962047,0.18311398321378358
3.9826358976411855,1.6206967511632144,0.21912482849227732
4.308317577585582,1.707949008542811,0.3322414615413267
2.914230767456218,1.6164074818080545,0.4214860328333345
3.0075563805351417,1.3464884497891116,0.21840665215165234
4.408049974595102,1.6479611071905225,0.28846885497903885
2.914191428391446,1.5841552900038298,0.2899846606490888
3.0218433751859695,1.361527774226387,0.16121075221409575
4.003957193910363,1.6089210193758436,0.2770106968732724
4.41749468800038,1.6612263590188237,0.21428190656447965
2.913764420724741,1.6191246190864004,0.3424646412514105
3.0367547880830843,1.4313561638010628,0.2803640540749952
4.396542940521482,1.6667984395112747,0.25732009452099014
2.906136218437624,1.6137414853138274,0.35956038528342193
3.0074529068738634,1.3474251963662731,0.1994317525473206
4.079684178340395,1.4910983748128663,0.26132037071291747
2.90479535237534,1.6381966744932341,0.22966458336122453
3.061800897739718,1.3990114655901342,0.28643791618392833
4.421673688772019,1.648366061138425,0.2357282381750847
2.914889041140066,1.6491754921970818,0.44927341926520836
2.9931175132524372,1.371868464616981,0.29612039237720755
4.0060295281588285,1.6089758556478586,0.3455014083931094
4.426459226396868,1.6476405534178085,0.22052197621975123
2.90597743166709,1.613569347103415,0.3832505485719184
3.003016175623325,1.358702514124742,0.2664700628358443
4.381503020012779,1.6698062090312997,0.2961442342343119
2.915413800422266,1.5858016894664384,0.29506810221158686
3.0525168784535692,1.418817730995535,0.27628179169695044
4.0393280199302914,1.5728819061518318,0.29167427345742936
4.399295244544064,1.6567103535998104,0.21305795502770786
2.9043578542913626,1.6036920232113479,0.39993841803351793
4.348982249630925,1.7034458777267925,0.38787726955926183
3.9921054065781987,1.6217842974884171,0.3559789509161748
4.381873045640209,1.6323449290135068,0.23601916843640014
2.8930262962884834,1.5815906214035436,0.40254582313108944
3.0495468982725833,1.4548984482607061,0.23814319478234225
4.409627351883164,1.6450017366410148,0.2536467199922845
2.896171514121634,1.5999166650923988,0.41056258797777523
3.0371565233809057,1.4027852739883526,0.3341651417817888
4.029927175542699,1.5621781042730682,0.27678220247524865
4.419109258586046,1.6358118927070144,0.29404436266984857
2.893068734794722,1.6289008535031007,0.4268781072360479
3.007599772715678,1.3479492403918778,0.22648935463439201
2.9043471254555158,1.602162448849989,0.440367382950853
3.039048374768569,1.402096959565277,0.26773284679737475
3.976825636983675,1.6419577274977444,0.2823294873677116
4.389123354486943,1.6682933239701196,0.2087817093397979
2.9142722522881592,1.5857721255632649,0.2961425951066361
3.0017821210823614,1.3561376071058815,0.3061933683875342
4.3876818757862734,1.6685241131497308,0.27980880702535704
2.915598336398831,1.6128680388680572,0.3581333905310857
3.0317327392324565,1.3839055031614325,0.1883741376409067
3.98743216410188,1.638452139995252,0.23267393236725353
4.401210222533441,1.680494632912042,0.21129613119466262
3.042048872527074,1.4000695672214505,0.2324561817060875
4.405429277625576,1.6746953395185897,0.18746898153594138
2.903835479194908,1.6015485210219944,0.266317027915556
3.038620890264715,1.43173083859007,0.24441549564818676
3.986914318958338,1.6267430461993084,0.20134436122539
4.380377207504583,1.63717886560092,0.2484023458943323
2.9077650941377513,1.5982801600006105,0.23814319478234225
3.0380784880080127,1.42414614770538,0.2872657948695545
4.32728234466564,1.7034210821950986,0.4008791879125331
2.903222266621616,1.6050476712229893,0.2786468741193777
3.00514739925966,1.3459466435797458,0.23131934235471063
3.9843873204885414,1.6055628937613569,0.25852518118832823
4.32474700154574,1.678809848059023,0.3598911910507445
2.9271451863743705,1.599933831229725,0.3808893702535918
3.0532740958457825,1.417167755254317,0.2809631105370629
4.38820162827841,1.6234941162917036,0.2743165670204839
2.9294576081272306,1.6014504117788024,0.28378422808125303
3.008464516884935,1.347075078690386,0.2344900411286932
3.9744662467716627,1.6220627703828239,0.2521427160415013
4.407700929802217,1.6515482338453158,0.1956005002211021
2.9035546221142945,1.6028880757798927,0.27430586798710843
3.016915263253645,1.3680014345563372,0.25918515359529715
4.399457369174638,1.6653951077848372,0.23450437604527719
2.8916904370162624,1.6160429398084417,0.43446083107414935
3.957320613414083,1.6081596296598435,0.26836924556813213
4.315719520645619,1.7076904435993312,0.3148221835084093
2.90246385713653,1.6014523191273942,0.42826996505147674
3.0656899815249177,1.428983541362116,0.257470328023069
4.32332888786536,1.7032526394725829,0.3765435361452587
2.906290713673818,1.6155124584813394,0.35098852239870504
3.008909405944718,1.3423601129713876,0.19756697659506672
4.000757139805106,1.5877208397776779,0.25038235252220353
4.404919538713562,1.6251948751891792,0.2542164807724352
2.9021148123436458,1.6033289117231788,0.28614737335279083
2.973001422876723,1.334194992068347,0.26624183665871337
4.387604151331027,1.653990951345012,0.22322987474501743
2.9146530067514353,1.5867366479042948,0.29899485607666887
3.040611685360744,1.3971628871767923,0.24989316231790482
3.9964205443558054,1.6070625465916815,0.34668181873834425
4.394551191751156,1.6501149805878441,0.245546925878233
2.914263430800907,1.621288386854542,0.2796006974151575
3.0438455949035617,1.401240083210398,0.22351369715268388
4.4089469052718995,1.6604237228895251,0.23259172266372552
2.9259106549962586,1.601751176809876,0.300587521933559
2.9149419700635777,1.412603708492647,0.3861671527538115
4.05800334686106,1.615207759543795,0.344369158599225
4.388471518104603,1.6495307358723097,0.2588006142425261
2.9129216110643266,1.623511997684752,0.32373891885614037
2.9903835674600825,1.5150744618678635,0.20272917079181263
4.348227416424455,1.7069452663463618,0.3822774729765268
2.9069954789796695,1.6136644761144323,0.34980289664722863
3.0171749010811397,1.3783637018278767,0.31383846848428476
4.106949249668734,1.102740743845073,0.15200940469718183
2.915832701857441,1.596636502351603,0.422723544426334
4.410242471805051,1.6536391647391069,0.23330174806945303
2.9151470100375394,1.6246899046494927,0.39446492368879293
3.0207540407196514,1.5825531171866942,0.41028965831857356
4.024762552384596,1.5511291915084708,0.3260656158886297
4.4294942948486575,1.625882116728672,0.2062037638369112
2.930215779193742,1.6238296904345786,0.22778338632988993
4.40122214346216,1.6589744955875971,0.2706871509158144
2.913088265647814,1.6219776549519138,0.29159869477040856
2.985334815729125,1.745434845673724,0.28069006166857546
3.9985315024133192,1.5483410054950797,0.34161023849975547
4.4301814171800045,1.6347853815367501,0.2568926100231097
2.9033269323757667,1.606447188252243,0.287578421220835
2.918044987809064,1.647723523081553,0.2788094457825079
4.414029989277567,1.6344500458124496,0.21699113129304726
2.9157227908946552,1.6212294974667691,0.4202398487648127
2.9904009720160123,1.7242111818460217,0.3595331161593591
3.986758154792123,1.5989720507022962,0.3347592808608286
4.42071667661448,1.6509827049878387,0.2525973802564805
2.934104862978942,1.597687213007126,0.3952461021368163
4.414878759402341,1.662021723381616,0.2151252675560631
3.0146133319180572,1.5262678562882916,0.44572834373004544
2.982574882312164,1.8523447144778455,-0.043614150430836385
3.92301885628165,1.699332442069942,0.44618270992181097
2.9617280390059912,1.5673337867260657,0.4217786916292896
2.727233357528378,1.309442018090041,0.20979922019636787
4.435995015697556,1.6175743023091056,0.19646762856398658
2.914053860874032,1.6243709005975095,0.3293543914599213
4.000586908943003,1.6418896589948737,0.3603071718525721
4.5236662938666115,1.6185552755317398,0.00475574918907673
2.9137048160811476,1.6215521970066493,0.3035041559177736
3.0625461942032133,2.1605782073815645,0.1818279087380943
4.46005192668911,1.6093078535121237,0.22974579468698608
2.9005371966370084,1.6051301640495859,0.3263349096646231
2.9690844441183217,2.025641639159838,0.17498270294719376
4.018166940943093,1.5950067921891733,0.2947536877210237
4.3804654223771005,1.659341660191524,0.32346536334818965
2.916071120431816,1.6530111702152475,0.4113401305425899
3.2412332863026494,1.9116500234528337,0.013370571188741076
4.38769856508648,1.7070763965620495,0.3103113935512356
2.9057599939272603,1.6688090233456354,0.30873407588985624
3.2281741473098515,2.0516187733062368,-0.10516065284814702
3.9372455310331604,1.5398338731476668,0.3671446886445566
4.304387962642738,1.752404178218976,0.2718447028805506
2.917012873800596,1.62881061207285,0.34621842244320056
3.4000031291174,1.8224277133964533,0.05790334090586624
4.327177440492916,1.72160157134454,0.25818743148012424
2.9061014093257653,1.63016828664237,0.25825660266804795
3.336122686810897,1.7312583580556773,-0.04513535404634639
3.992884558479255,1.578240125183424,0.31375475376352724
4.370585356655015,1.7505710970129422,0.20441717427479866
2.959352436330922,1.6770668890739535,0.3992237583668157
4.369085703822197,1.7425850284589597,0.14004678269740944
2.9687859440632045,1.7611380466302422,0.4549361285483775
3.233025488461227,1.7769275551105408,0.3072373437054896
4.0258616620124625,1.6486694487738127,0.2490496672158753
4.3567360985067385,1.6694211630343248,0.3223086458484521
2.967932405566943,1.837526404058649,0.44154382958734417
3.297449048280156,1.873277746063869,-0.11614341177383358
4.319410240176937,1.436781259242656,0.3200513584224576
3.001781882663787,1.8931859354096452,0.35123740158455274
3.1415404667764757,1.9675938689532995,0.2672780633731098
4.0282315426417465,1.6656853823986562,0.3085363672898187
4.31844845964791,1.477557868740907,0.16701679576194373
3.003957213736382,1.9041782237629226,0.30064864649471024
3.2752024495238294,1.9844858249196746,-0.006591976880475747
4.373202715764499,1.5653421571683364,0.12874745606343962
3.025052727615627,1.9977427320978862,0.0714273251492088
3.472943715668715,1.8282748097139878,0.16326060058212177
4.007070463654548,1.6921038293254886,0.36087514449344016
4.4560407725938305,1.5700405527964436,0.18994191855944442
3.2259392115936634,1.8708419427028176,0.048240221320323684
3.404646569271921,1.508102983555446,-0.12173758316840799
4.098999897561934,1.1354225659196069,0.29850407144817637
3.2750634514949692,1.8415758243283862,0.029101546784136234
3.480618171159261,1.7654987223483083,0.34549127560383996
3.6754094842834095,1.4634302569305255,0.15865219312126655
1.4069735742098544,1.655022946142478,1.1518490791125213
3.2667748297568338,1.899735532055408,0.06859094136589161
3.297244246724768,1.830858432590906,-0.01687763110373708
3.226518091892245,1.7081201930789276,0.18106698096744944
4.018239897026852,1.8183821078238993,0.3654430953030212
3.3164851025139526,1.8924924949872286,0.02058001256965014
3.266214307688479,1.8518983949073582,0.05918525050714263
3.3827730955844912,1.9544945564524872,0.01206554895591172
3.2278596732102516,1.9076889372647559,0.06750355896684535
3.904979630107314,1.5589193992039305,0.30200232753645095
1.4026993252177526,1.5986491127438422,1.1967958673348762
3.3572830505423723,1.9502354470469359,-0.030405221427966644
3.259309944193163,2.0651852670027595,0.09044410446566031
4.1450552135738885,1.5305933652666963,0.44469900135188767
3.3008891898898085,1.8617387639204588,-0.06299261817014079
3.5984751481927444,1.779103959063103,0.2868008786560201
3.9529661365717037,1.5536071949571162,0.21002705894332085
1.4874371012477008,1.5626252583085651,1.046498230660653
3.3590559310614223,2.0021316604169686,-0.007483151505762398
3.5857834122230576,1.8865192752440587,0.12810822607215133
3.830276176617072,1.28103468341908,0.3095549510299582
3.3950819313237326,2.0090205266935035,-0.016060531545225132
3.626697708515772,1.8091061947846931,0.10720579427731924
3.8699545110202282,1.5407839711649711,0.33647243750305966
3.9412621687556517,1.4420790391657445,0.42630706495607806
3.3881158174176536,1.93870540560005,0.0035073730201192754
3.6225005879324796,1.794157707824104,0.058396844996184694
3.875393315538863,1.2118403680418999,0.4576641734428968
3.406088524809739,1.9790633520823946,-0.0054591575828562
3.4747497363696036,1.9440018742209817,0.08411818922365266
3.6384369622808315,1.5979054852116035,0.7306799315510972
3.684255051811285,1.0573673050312298,0.3856069585188242
3.5884145996098558,1.7104800601241665,-0.16011032202094122
3.3872691930600487,1.9129471397045636,0.05830485640595384
3.4608878420368856,1.9656818711992792,0.11643794994396006
3.4431218435487825,1.9016875841298566,0.008892524669539159
3.7935082177513078,1.1152796534877485,0.3047429490105926
3.7292145960554133,1.3368322591244097,0.5107402898797906
3.547341278128034,1.6037661713878548,-0.0068918036003844385
3.4651765153527374,1.9132397985041223,-0.048874058988808255
3.395486766063021,0.9347688980128898,0.5589425644804547
3.4919895450640617,1.9763301215503055,0.11861810896222225
3.459189824950189,1.9049979068202605,-0.11175732217989598
3.6154207483664242,1.5355032381699218,0.38500587549890297
3.739034341878183,1.4232927284198238,0.5142989850758246
3.5586997774298177,1.4384627062356392,-0.12885339403744278
3.450554065767764,1.9225797269304419,-0.16758192790377602
3.672004867041338,1.3987205949298807,0.637893861002492
3.567859342220144,1.393709513342001,-0.18346966464095438
3.4725834652028356,1.9213126514190335,-0.22490354893407583
3.5162603175168288,1.216531849531361,0.5114204384583343
3.4875809472052994,1.380042883844407,-0.010730523270753745
3.452420167949395,1.9712756477819622,-0.19137060276559514
3.4963266173505114,1.1840312255730507,0.509239087347217
3.40925281612884,1.502508014879893,0.14420092827462372
3.452066831622172,1.9278051468163278,-0.16588994581088579
3.598756005273357,1.4439285712533825,0.390044106939867
3.4979523936091717,1.3236943228146127,0.6235154926339455
3.496443442451955,1.387265297705937,-0.15080277393178831
3.426860266264984,1.2493976115357197,0.7722824224774283
3.4053377447190334,1.3894880740711382,-0.30193003272743824
3.4458555509225626,1.925241551099625,0.03366036318221444
3.6581954247949837,1.5866770432608002,0.49319974620117635
3.451681308787408,1.2950721730084975,0.7538499847268627
3.433154278209901,1.360974404716183,-0.12014202648634398
3.5009197511858394,1.8042581915014153,0.06559885535452215
3.1666216239635427,1.2910635223149105,0.5481717075103631
3.7229429954564877,1.897942385960516,0.14438364630700673
3.5077714241762186,1.5956773444284875,0.5145070648837025
3.394522124511101,1.2381706000963604,0.9702115000885954
3.4653999135569262,1.3139630302991077,-0.06899768162016706
3.136018692593958,0.7726791960286166,0.6187021793124392
3.4608158396274247,1.712854589911705,-0.022166047444754367
3.5033962049178693,1.492155045932739,0.183957299501885
3.624789167827902,1.4059021200059731,0.4204544850833942
2.871630375005526,1.5941946193169154,0.5525019252022929
3.4639801309465255,1.7902282120970778,0.026492033172327067
3.0503262885922138,1.1623570698498156,0.34930576412428205
2.9919304271706255,1.3927483288610065,0.3775324665756248
3.4113594826520144,1.8391942611929157,-0.03292549571369241
3.6809601071134264,1.5051401559366153,0.4205866285763953
3.340601379730525,0.8565377438215601,0.46569035582313867
3.35046880926817,1.3527174926621603,0.17992734019786272
3.4029113588876228,1.0612710515522663,0.574133642153045
3.2149299955033386,1.7211706297720741,-0.022119429163535043
3.1788055283698116,2.0598754469416853,0.12653834408995657
3.3483700105579497,1.5552829199043239,0.3749072992945104
3.4803096575240215,1.206586933973571,0.6785505454574945
3.3949767887324334,1.825531684811079,-0.06504906030177238
3.0612131959538846,2.0366921016451665,-0.06016384142935571
3.429464273934304,1.1853525413100394,0.8479109389794788
2.6991147477037782,1.7974228501947391,0.07745753430790003
3.186294971046643,1.6308838999921667,-0.038744987559063415
3.3157371834461395,1.5185527504436354,0.20869423952654653
1.674016086577513,0.5674960520534564,1.4664289129547936
3.298199351533713,1.8433115115469492,0.21419930943077392
3.3822416605822103,1.0044098905884185,0.6343756373588925
3.135925947768527,1.7895556332998843,0.038802899022719606
3.34131067498929,2.070864635853501,-0.36835872163096517
2.9394001395158034,1.5532146387750605,0.6400055342862219
3.3325194668963722,1.233909940970078,0.6646425173249733
3.2551228371899956,1.8190408583438018,0.10549946981726466
3.246191200556771,2.100567060218313,-0.1442999819123878
3.292502101280456,1.3369098643702395,0.7908766868330894
3.299168523038546,2.0215422701988524,-0.19995772443885906
3.3201069190772783,1.6546291978675525,-0.11557585636546519
3.1646255836588777,1.427666159531598,0.7133412985998351
2.928137246062344,1.7286411181598287,-0.10820601050898393
3.296668704286228,1.9869213898621516,-0.1638749512577139
3.197183547338334,1.4036512102490424,0.7110388904592708
3.2448036044539097,2.1884059464991834,-0.14606939043622436
3.31648224149106,1.9911064703004824,-0.11766553553601633
3.0183274164696665,1.6442269954848718,0.3823920032975918
3.2223014209858545,0.6249067082256811,1.0889293453306448
3.2198263977652717,1.880617223445222,-0.5852084288192301
3.295146401688845,1.9807159504279266,0.05131084762440086
3.3051337557694005,1.0064242891199626,0.7472665327246459
3.0852496029480414,1.9595014657153227,-0.15786148355305818
3.302460606713512,2.084996896826075,-0.035461554053879185
3.340527231553895,1.7913492562319242,-0.07634390913695432
3.273424562214718,1.2241323952512206,0.3501838597214342
3.012975634730678,1.8352179162161026,-0.28395520962166887
3.3650621717870686,2.154841618073068,-0.5697599782991988
3.3656935041720133,1.2537548301844632,0.36950631399770417
3.1894451956698555,1.885846815656153,-0.1858936811539117
1.2430886993004697,2.104732232705717,0.9699937047239469
2.599524448164585,1.8431501021723662,0.2192063825447348
3.3363947224042585,1.6498741778281258,0.5130557514371197
3.510703495803878,2.346861076532442,-0.56628472960303
3.267243083836906,1.4415592866744713,0.38636322222617303
3.1794955117240518,1.675177421875174,-0.03642509663171922
1.1494787720716042,2.097862916752249,1.040571264193804
3.158809600955582,1.7949808479507645,-0.12873090649656926
3.329280788982067,1.6822833682633156,0.21055828532192655
3.608522106916893,2.262422515953652,-0.41046621289308716
3.2242690894801687,2.357898425996201,-0.49231188106526774
3.2614023056018744,1.4955708688421288,0.28873245651164825
3.137274204806615,1.673483577116344,-0.16695558741648475
2.9464339642970048,1.8261886471916768,-0.2489834967839064
3.1379198423060224,1.7177263158430942,0.025629211264882268
3.317741329982333,1.6635526090451318,0.25264670309836523
3.1746544225713738,1.6987408063786145,-0.015548641285260012
2.917244855073463,1.8787611348467996,-0.027839846916766886
3.269436296302578,1.730374659611226,0.40271915343223785
3.0985326169821774,1.619846669737694,-0.13540974082836388
3.246501621540607,2.2366442228979517,0.06974056591314048
3.33584707493892,1.9444157688654085,0.1517902533269111
3.301427300612171,1.6569070489233428,0.41053782224870794
3.663940358763116,1.8593564855292661,-0.07866896704176807
1.2584748035791646,2.048672396569011,1.028766683904312
3.2476872771109724,1.653736797145151,0.5109629132205022
3.174278913316734,2.1438512370683824,-0.045647510664558855
3.297410186052533,1.7851512077734932,0.3316342690455223
3.259097274824821,1.807746136029433,0.5627521356178689
3.3358165573613996,2.0026049212863164,0.11310901574460841
3.344541485090641,2.049752909546281,0.03101107464723285
2.983246269017603,1.4841197439432297,0.7782361514288767
3.156735836195671,1.7287935868378879,-0.3947596444675803
3.3593639678595144,1.916267475975075,-0.01766182703679997
3.3306390596002795,1.9783659777535079,0.6233066975703543
3.1421951641817083,1.722189749966545,0.769948006643701
3.1788772923606983,1.8057025312225763,-0.3030075952615896
3.2602593269563234,2.0808429300116478,-0.03501043258985381
3.1291822783923395,1.7103368897704925,0.9126307329727319
3.115746676470603,1.8093098042468705,-0.26283990729579665
1.1559117820453815,1.9413092940557557,1.1066182151627695
3.323653395371102,1.8460615505885043,0.6741480869385386
3.1295427672767935,1.7482907425621252,1.0133084582228677
3.155712066837306,1.9085745430577985,-0.23662471252602435
2.985836686828184,1.5070985261032745,1.1969246133632394
3.2244343135522104,1.948474964296679,-0.2797898583716154
3.1518766272313408,2.092571693339945,0.019958412514103685
3.0591515905412665,1.4782194802836977,0.9019370640150155
3.1590694772016503,1.7642280705582905,1.1210463534080208
3.2766527497117512,2.050883490424087,-0.15076569984399102
1.2371432553112887,2.007376630625921,0.984080665994036
3.1795379502302907,1.771106565626856,1.1293415315410424
3.233229574760892,2.0747272551705263,-0.0547679746812465
3.3396605800360426,1.8237988586154033,0.7748365410243714
3.219947275982479,1.8643951044624398,1.1881510483674194
3.185360608653668,1.9257195803404519,-0.1280947163420617
1.8210223569326174,1.911264858246572,0.6429494671968208
2.7361912202047836,1.7877865674809643,1.1507297039214737
3.278070624973557,2.105546670554427,-0.11018491445096412
3.4657728002072488,2.007657249287494,-0.01945302478285582
2.6615728821455935,1.7902930619492,0.7410756368996521
3.29185980164109,2.1245586444806186,-0.06160445211727272
3.1647927150795145,1.6696220306829017,0.28658588470958213
3.230029043818486,2.002109725908163,-0.1383309792712316
3.072768867416676,2.074161726313049,0.3645020572031137
3.211015400930681,1.9976328211352818,0.5682184178008196
2.8102845605632,1.8767320735729558,1.2171283222827278
3.2575847473889876,2.0544111316446725,-0.06710247004720349
3.1602537022605697,1.8783580882474886,0.3592223077496828
3.120636641431028,1.8455988993456993,1.234188720761582
3.1872650962257736,1.9388116210747572,-0.13353624769710626
3.3565820999337106,2.155214027885623,0.3532253952345541
3.271992858675598,1.8207834597010106,0.816002368337837
3.2491711943178796,2.0902380523378437,-0.06308030405022225
3.2911500295451774,2.079872327996982,0.5918080280569784
0.0866016298532486,3.3533849024844167,2.5620681047439575
3.2190389012141116,1.9952698546485814,-0.08434458818067503
3.070151269888617,1.995995243159911,0.2388791035041884
2.67872376071181,1.9101066208141841,0.805613279104628
2.734797425218989,1.8467481960815624,1.298392815385669
3.0989729760890476,1.8566450702966955,-0.017670380303036137
3.084668815300865,1.9644924009337001,0.4305725222036483
2.6413845509418437,1.904330334813121,1.3212399902115992
3.2627658214287236,1.9102764940481438,-0.1635516854777006
3.11443465905582,1.942380508708641,0.5010721188007741
3.1508099425295892,1.936623176984209,0.6206947029152903
2.3836051962350773,2.0150165154104878,1.3005929419592555
3.1940991262416487,1.8666618690545398,-0.19252048063257599
3.140992104055414,1.8856172185694116,0.6001736588777433
2.3986579913467967,2.0731627524880794,1.2682644566093644
3.120537220885513,1.8751014097362302,-0.3011788652170452
3.1475917686126795,1.8888915400551451,0.5197968577194385
3.043465555696009,1.989483674276698,0.7030814918367747
3.7289692633423814,2.214908078345483,1.1024717585844712
3.0997280477140925,1.8673562631512524,-0.3550350276137497
3.1453253616446744,1.8883046727352975,0.5281521173323629
3.0796503427288524,1.8126899835794505,-0.26152827732952366
3.1486651290345145,1.890378318282475,0.4616322333254119
3.0218798532278486,1.9973480301486646,0.7090384990435752
2.9056496061273247,2.159614996342691,1.1900431381472187
3.1063346264100145,1.8661472425626078,-0.4101583549132276
3.1459063877104247,1.9138553952621349,0.48013184550836896
2.963815632043216,2.2737476366362035,1.0992365377846998
3.089635074205089,1.8399934402528912,-0.30984570810000167
3.15986841784438,1.9281272503097733,0.33939392926565914
2.9173588191520134,1.9037876941387462,0.4642423802365503
2.9403793246007597,2.2723347681668074,1.0266294998334804
3.0687481765784215,1.7526131520990682,-0.4699042308750557
3.137771307534187,1.9670424067916872,0.42690847580153446
2.248388724382801,2.2390148187790198,1.2121999720006928
3.1652869567841933,1.7446111095006285,-0.3492848783196507
3.010649623119079,2.1106442980846607,0.36944793125012
2.97757214536606,2.029786784487028,0.7022201451442383
2.2086360033844397,2.1708046952752227,1.2824277118221872
3.1513659346450305,1.8691317662716695,-0.33084421512838413
3.089677989548477,1.8192201491114341,0.3451793943105941
3.0139190570294785,2.2487334751101042,1.06793229861601
3.1607879982857434,1.8245375985668755,-0.1149941299532804
3.0674247150720677,1.9040692664746148,0.41770563816855155
3.005141677213875,1.9709406696855225,0.6982941661395123
3.054189384752807,2.1190418770973305,1.0492527996212009
3.179239211756599,1.8794741255922822,-0.1047185652127901
3.1526769983855165,1.8990312435878753,0.20932494605391994
3.090516984511701,2.1340477037249617,1.1027158992012196
3.1363951555228957,1.8417170873334683,-0.12971192441060864
3.11780112932599,2.1165504029992555,0.2756869969668405
3.0043563264298854,1.8391707769633783,0.8158296936877585
3.139145552196882,2.167957023827624,1.1492109776239285
3.016271294684259,1.9415086119836018,-0.12623901519666825
3.2611111965225636,2.067173916328314,0.2396435628499174
3.1494109023351586,2.1221894791109945,1.2262785886207959
3.0523340114070234,1.9231203410469384,-0.1178077745653846
3.2610020008155,2.350007486453236,0.1291410702230713
3.0308524978558653,1.7291441813509232,0.8285540928243358
3.1876706462207847,2.174365953514739,1.162502693750303
3.061544120935117,1.9893260795992986,-0.26192899934280467
3.0146190539638424,2.394467305291593,0.318902180910029
3.1648196563784188,1.898050031946667,1.2503492083440344
3.0762698057627937,1.8834874254480616,-0.5165138992234726
3.0703505878167934,1.8888543467576044,0.5048088530647346
3.203504023745007,1.8492421735746642,0.7870008353329252
3.102027594863936,2.01427837150545,-0.16571674962018346
3.1675729140752975,1.9903707105811852,0.27143736475192326
3.135700880634317,1.7675091869733819,1.312779349590274
3.221277890046064,1.9859102566899085,-0.3241227187735334
3.2194594715793086,1.964705785557411,0.2592816535119271
3.1401750436010327,1.7760409956432017,0.6965012584852672
3.1224567288278045,1.6898175144103222,1.2403774708194373
3.0337356936757782,1.8895864109890053,-0.1868249887958885
2.8796817702621587,2.010793407209607,-0.012738006707615046
2.950407209838959,1.7767207269976142,-0.06939784483992206
3.2266220423906726,2.222934916475616,0.07452345106451719
2.925964299175493,1.6877506637925028,0.7829826479458482
3.0287725342130214,1.7003754041218107,1.3181878748743898
3.0045639890081652,1.5330692229481757,-0.14240218498804436
2.6086060500810904,1.739879216062878,0.1915886458273186
3.028291882367081,1.8445734610590176,1.3087323135561006
3.0322210204727758,1.877426944506816,-0.22141044864740012
2.96851104744695,1.8189149733367411,0.5677627403069134
2.9177567397526447,1.8486429084889693,1.2864362432571368
3.016170920464447,1.9050031520288884,-0.22081563901612944
1.1160546337114445,1.8725694044805783,0.8579047898265404
2.8681997701388484,1.8026765226816417,1.2670436343163378
3.0084905045095414,2.134849028552103,-0.17044625881396802
2.085030992941358,1.804112994589862,0.14756941015444713
4.03107826041978,1.9466323463476867,1.3021768757359813
2.7100865320779257,1.780555808969345,1.2188417173435298
5.031026742181697,3.164784366375894,2.2262097710639344
2.8204538280160025,1.9757160745130238,-0.12140995134831256
2.7302138281266357,1.7875619771842763,1.209736392906104
5.0801695787318035,3.209038668403482,2.292469629816841
2.9768731021059933,1.896322450959619,-0.11111711616258235
3.9909779251399806,1.85286363250411,1.324490946637059
2.7836801471044534,1.7007896563940985,1.2358895988474048
3.757327960671377,1.9150067185558772,0.6418931537178136
2.928171101499905,1.9415531962569357,-0.010933038426436448
2.7540885873273666,1.6898541116614278,1.205216453636266
2.7429520557183262,1.8081571696509717,-0.14941392615081872
2.924595538140008,1.935740432214054,-0.055703044866297624
3.9521860309963497,1.8367117277913643,1.2851784660855983
2.7725667420971267,1.7243618623847758,-0.21535594314620377
2.939405861561588,1.8468795647158247,-0.058237534859321594
2.7549666829367894,1.6576645047328724,1.2933773231159185
2.8688117906192683,1.9111290788686912,-0.10593002957690345
2.131975371817157,1.7645716317233935,0.11811907654128762
3.981682461762261,1.867472611415354,1.3317815481209903
2.7519154020219414,1.6571223408956455,1.307206196282853
2.8495711732486586,2.0703520359194467,0.04098455188234085
2.4560637004290067,2.0651406827294254,-0.020856024941190876
2.6656720126948166,1.7725215798634182,1.0814022326242392
2.6996900517237443,1.8789710624011882,-0.09536921191732073
2.6127910113170896,1.6130902449790052,-0.2030864764454986
2.869479601046092,1.764651025108528,0.618093973537708
2.569355438600363,1.7067923208311544,1.1169226658032572
2.744945950255821,1.7811104897817058,-0.3189700464184686
2.4500953682566857,1.5418609078636318,0.04031918898049214
2.493859958606049,1.9041670180899457,1.0665754585282032
5.052141091128317,3.213114672344218,2.261068950336164
2.7368351887741693,1.6387235795417265,-0.10943977446007014
2.6654793704867226,1.9068129874239588,0.7301281117684175
2.4325556289956642,1.8190608855040165,1.1408137563425003
2.7610806888580526,1.786025131056411,-0.13822345249569112
2.3631348158578427,1.6211703696604227,0.28998549511408744
2.371510937212774,1.7612483152207075,1.195649431636015
2.724745459704778,1.8215044374687217,-0.09626841500859062
2.4069728391281133,2.1229810287766027,0.09678615021411541
2.715340323782847,1.560054867662503,0.7840809230933585
2.3507997540754197,1.7586718449010088,1.1722974054859008
2.791359609385062,1.6838106776482216,0.05501151362891088
2.336663439963597,1.7049277683733557,1.1479545117545307
2.8240801745322415,1.8004091620431062,-0.17286479169979108
2.5687829956032897,1.7821069602116488,0.7675088654526434
2.3556401279723747,1.6037749928750924,1.302726788170093
2.7488660284556894,1.6577343613750481,0.0340094228713822
2.3216533217766906,1.7385763777653722,1.1192281733852454
2.882022802243944,1.894409380322016,-0.007184842375937639
2.4446942338728017,2.075051742849711,-0.06245463038987187
2.7663678591633856,1.6917302274200645,0.8642464257930764
2.3282043489447837,1.730475033830871,1.1637109990683498
2.8449809004362225,1.7332148208737448,-0.019261157437808762
2.394290401482827,1.6964044235629125,1.3829094570069258
2.910695973672539,1.7977400661074174,0.13373979192947805
2.4474253186422636,1.4668193769596296,0.13390267651698262
2.7044162231235735,1.6016658229603915,0.8615296461760384
2.3812412760701522,1.776888812092269,1.1379031424272048
2.8871974389821715,1.6643901734955182,-0.16897105880679864
2.4881796360715724,1.3550840354274707,0.1593974448708657
2.4494502075944284,1.7619120725306634,1.1730992071403188
2.873963539174356,1.6542526157299537,-0.15117153295538877
2.4945632934004545,1.9717061125172803,0.04216622882623455
2.793950265614217,1.6372178470377656,0.751733960304211
2.4462341794446876,1.8250832194734259,1.1469331265961817
2.971179666549926,1.7958409429563917,-0.02131340116741587
2.3811733267764557,1.7664628870614776,0.15322036242183157
2.568789671323372,1.6874017382094855,1.2677225311973834
2.947705688972719,1.7850814703406046,-0.05496711379271024
2.4635631566859617,1.6546414764241124,0.13218744861341536
2.785441821950508,1.8355753056584962,0.7111052304266636
2.549540470884084,2.1600081485711815,1.2570685589317456
2.9535078433987016,1.773610318281491,0.014404009523443673
2.543966721452353,1.4784366796045918,0.05524200478246688
2.5725903018174785,1.885273538195022,1.2823557094137321
2.982724609176871,1.796041810604969,-0.11558912584905978
2.611086080091736,1.9598526562747924,0.19672488220214213
2.745186276178791,2.020589072740086,0.8733756516922493
2.6160218214184408,1.905260405670211,1.2330657692919682
2.840706055397685,1.671889033693576,-0.08222923431025475
3.115011393587232,1.5459168846441536,0.3586988299746361
2.618207881326882,1.8737231119600606,1.3036327787400572
2.9461008935486035,1.785449588618827,-0.05347297813559404
3.4469909001737347,0.5771037841429973,1.0607011825655546
5.297736064591667,3.3599578641504295,2.5407816178840763
2.6721081221100613,1.8818624836571114,1.2999433705624486
2.8874003331889644,1.6977463625065503,-0.1560380285193982
2.841730301593198,1.8569160330060221,1.4185386090543397
2.827684109702489,1.9249798867146837,-0.14569681671548718
3.040209711644348,1.5266751944219341,0.7049538524798198
3.1825649124505513,1.8090704319985964,0.7497612254427568
2.792108243708598,1.7518418680122478,1.391814629053961
2.558810900311494,1.5733722139492186,-0.20733360526541977
3.291788037650204,1.5156833829058047,0.375877245646157
2.7721943322839535,1.8477576603237875,-0.15928356092236684
3.1827022415493915,1.0650164881401811,0.4748548676708264
3.285775359623049,1.4955621665641783,0.5181583856945868
2.8706423684333173,1.6463306817723709,0.9928567343848516
2.705914683863518,1.8658842668755093,-0.028717244022011923
3.210403380450261,1.5063010159733166,0.00832299765134692
2.9314948948452617,1.5842501805962734,1.0000277093507612
4.045008104046195,1.9383262008581372,0.8508362156368936
3.1769818646944197,1.4770283410881009,0.10479988267460061
3.3158449486417565,1.397807332582256,0.6794664900027998
3.035453499504148,1.4471002535430182,1.155199932919249
2.771444029030396,1.6267500795472407,-0.18237939141673443
3.0632478600675976,1.4004380431275345,1.2781095938727378
3.01900452522089,1.7726343518489103,0.22333573259056072
3.2509564726027973,1.637733307994707,0.43559933935552353
3.2734000051015575,1.537439435409201,0.752022089147317
3.337625200666606,1.385413977478994,1.2446594683553736
3.1815926415042513,1.7625862010485873,0.37127239956270675
3.280340608220178,1.6763906147888634,0.5036565165062397
3.2597498264628846,1.3205467208009494,1.2658278188133023
3.250609573577082,1.7779653911630688,0.46731848644247154
3.232882675735177,1.6039234084373941,0.4060823155976949
3.2838038764315445,1.4072015012341559,0.7956569791825059
3.3301803422631826,1.8180315133108644,0.4763860513387086
3.2106000757741207,1.6094299238220007,0.42294440943008427
3.323919708918678,1.3338777761556684,1.2549033606788167
3.17796343396512,1.638021794469221,0.23723966290389198
3.218334851163983,1.318666671135842,0.4234846957143896
3.749731706473226,1.3900609939044086,0.8536096792691965
3.292691167209935,1.2560524699818938,1.2741361099677313
3.140473066819,1.5291707216357666,0.16851536078907525
3.3545963116277444,1.3867819040471956,0.3929824370140462
3.185503182961144,1.1537862797431506,1.3344723401137841
3.704657244476248,1.3930413452884265,0.9167023857243655
3.346079046476783,1.333429191608728,1.2597508870652674
2.966945352669032,1.3312624436084117,0.16720835018261626
3.0880665184042786,1.3238574011192143,0.3735289121283454
3.344283039356019,1.3135108694735576,1.31414286539807
3.26000302698887,1.7364053382307245,0.24509583794181933
3.0854062439514056,1.4020079102278957,0.49178628170274674
3.415614777367454,1.3891646592755362,0.7627273214057289
3.2805718742373218,1.303416942307031,1.2697008092906144
3.2601255741360986,1.7443443191163468,0.2130950142143444
3.1933078149932994,1.5025713150112845,0.34189407580858266
3.2411305278970945,1.7376945866695133,0.16903350394859507
3.1807772499798896,1.5096140804773215,0.37840579380135586
3.097864329718206,1.4611761285228464,0.8896606533734288
3.1572319852489454,1.3396142462548775,1.2258214210108207
3.3649963682605413,1.2529899833991403,0.2234070644467847
3.0985471605152144,1.3710974189487348,0.40968821767079544
2.984071197284939,1.311819408900467,1.139289784836392
3.3072077589478854,1.3970561948649367,0.32699953123372727
3.0889956355886166,1.3821215361816384,0.3869630535485966
3.44686310781787,1.3770718307847742,0.7219684149883911
2.922482911152474,1.278884863137516,1.0801271701063002
3.1943303922587925,1.555669754040604,0.3363367177314933
2.789377635776285,1.3259477359665703,1.079406788393893
3.433892660534739,1.820646607439547,0.29659177569448136
3.310434992770621,1.6813715364271349,0.22859585721536257
3.00302189766911,1.4723397206215274,0.7511658088494151
2.7725560132612794,1.3950754133523235,1.103689123808218
3.031871737261317,1.6070661228702912,0.44284937988005546
2.7868105829859924,1.3656656477870703,1.03818898583194
4.101184765377503,2.5410172422518107,0.479297171893468
3.123507916322222,1.6140874306646702,0.5479386533571684
2.6517066447008206,1.53298947193518,0.8449305280275099
2.573849151890177,1.638875213754777,0.770320297242385
3.2341508241322754,1.3911113469320708,0.48280824297993585
3.263830121944732,1.5556221895350952,0.42407665922396864
2.4506172665159918,1.6649433045871482,0.7754417069623218
3.221736607383161,1.3411075809929915,0.2219903812976458
3.1975421288741934,1.5527752333432183,0.5545440994725639
2.883678380824401,1.470980019494128,0.8504446727385977
2.435438586397003,1.6320297396587071,0.8330982911837768
3.1896678786183212,1.4768411825075274,0.47862968930151095
2.426830960606354,1.7007603309094992,0.738988163100883
3.085429132134546,1.3621751998640255,0.09190527503003976
3.1634387359956406,1.5478808576473013,0.5124200679220756
3.1000890134356953,1.5852878974395146,0.7912107112511209
2.394177867915722,1.7043982407205496,0.7877097133492794
3.3208572223308357,1.363850924811233,0.28444670388321813
3.184871850576201,1.5128781499643738,0.5665940720763023
2.404088451215328,1.6951378248886517,0.8408443317430432
3.2811312042128042,1.382059070515256,0.2705082177782463
3.184705434411287,1.5468374187582843,0.347215220686411
2.9637162114977014,1.5712148834825743,0.7480028288766702
2.390382005793103,1.7007335088199265,0.8409772500963995
3.1676291808588504,1.5096022787579098,0.47315914538660286
2.407627536533346,1.6144033352751916,0.8284628977209116
3.190486846421298,1.3619074558054476,0.18650894445615362
3.1892520766246117,1.5092049542043746,0.4877426431332106
3.0089165585019497,1.516561240095193,0.7802633053291719
2.405610276975562,1.610232440742012,0.7750728138282752
3.30543511684741,1.3600501751141552,0.32358367856407
3.175675092488272,1.5207009017951818,0.49435339406181167
2.4247471822663194,1.5237824618638531,0.7887169126026512
3.315028126605949,1.3930191723610463,0.3032573330921009
3.196150479655569,1.5242072045533956,0.5501505220453791
2.9600309755935923,1.5106119814187082,0.7540556803490301
2.4423219690577738,1.4701543759724405,0.7771828777866505
3.3921369850930567,1.4740161608244566,0.22865771193338746
3.1839236599059126,1.5085184279206032,0.5680743533792669
2.3879370233128907,1.4923381513975544,0.8523687106069167
3.188421903148639,1.3610325788482336,0.2057476542093446
2.9303006562062195,1.5432814057273956,0.7780133492742369
2.427574349721254,1.457701297016397,0.8593450764142123
3.188273129958229,1.363996240932073,0.23608112746255006
3.1742333753690284,1.5264821945862983,0.5585656247196353
2.4251560701213726,1.464133234095901,0.801900684720986
3.300797637157248,1.340660188538921,0.3170492513805241
3.1771449429992917,1.4937026208964332,0.555106469277012
2.9449326425341673,1.514591902674131,0.755447687176066
2.4291090500845045,1.5266934334428433,0.8448859437547249
3.260183271431097,1.3928882805639322,0.32440041118149976
3.1751221998142976,1.5511080914646738,0.5459776010056951
2.4445802697942507,1.4237855396122372,0.8483474833830589
3.1928750852808094,1.326674078152196,0.17478380225430112
3.201033292058762,1.5278560816188493,0.5317061037616186
3.170628724943058,1.5091175737970113,0.8167764538333713
2.404787017638246,1.5241985022754456,0.7771661884866774
3.292207892759677,1.3983857360427279,0.31662459810317456
3.1824755054851606,1.4895266003639132,0.4361894849234982
2.408820106242368,1.5207698047630613,0.8409810647935361
3.1964210847374837,1.3294814568607924,0.16709888625618596
3.1777066571605186,1.5524561100819483,0.57336062954108
3.1693467482686453,1.4790347525974168,0.8073059913543923
2.406963779222287,1.5520182543708365,0.7809606796494735
3.3720509354577133,1.4684195232188861,0.22408584211854476
2.411127282786592,1.550694912075969,0.860704717920229
3.3565553970533806,1.4607722474585267,0.2636265935506188
3.1940266469950394,1.5374854501939788,0.45982204032476637
3.1659051761475467,1.4533341839968332,0.8176625960572965
2.4109448925771955,1.641589132382374,0.8231056324295702
3.2092441893416517,1.354613754790298,0.2030666075756422
3.1933864931228433,1.5135004224424577,0.6028511590352015
2.4262947572325855,1.572504966386372,0.7617163074552198
3.079294145378736,1.316993688002235,0.0844266581511004
3.192408261712184,1.526719778695268,0.5591693005415168
3.16894644348227,1.478731126543455,0.8033645151425486
2.448106957346401,1.5783993887908416,0.7757733471946431
3.403016501478922,1.4521376803833224,0.2064582607603389
3.1754605157713347,1.4864782996863115,0.5449369635477341
2.4062540071263734,1.5787723946498309,0.75116008680371
3.1930183748440086,1.3220511420027532,0.14111223058791933
3.1934639791595147,1.555600731863437,0.6493092229747561
2.9084302819602565,1.4711051892454665,0.8089972730927302
2.429906798634361,1.6154474894199304,0.7900883558279348
3.4154657657584693,1.4724799107430266,0.28358398628389825
3.179369149879633,1.5213600099429447,0.5281536670530746
2.427565289815428,1.5758206534946904,0.7616334570017824
3.3801271262460815,1.4946951574199054,0.2410818377808963
3.1840099674298368,1.53955540025326,0.5679084736584636
3.1848966461079353,1.4793685386009865,0.9000755514169527
2.409455253324502,1.607975689730019,0.7899658086824186
3.28944652883127,1.3148854717618306,0.2723454116820625
3.19217151206783,1.5221144855202997,0.6526962567996388
2.4292442334161746,1.6103481929596788,0.7775865204274268
3.3156308487619683,1.4364266116138629,0.34683026410114026
3.175822912004384,1.529794543834581,0.5505665028472069
2.844446842829623,1.4706320475854062,0.9223224478856389
2.432500792723558,1.5815567659660386,0.8296540369018435
3.320459778567353,1.363541576711496,0.2912809722221723
3.1919817308826275,1.5029840175628413,0.5881513428282457
2.4292826188066483,1.6176347414176087,0.7842893009244505
3.1913298945002873,1.330848548963985,0.20210856725138693
3.1790863854504248,1.5211176574624958,0.4678589217383837
2.84686536084808,1.4636637879237375,0.9159802158726755
2.436639500756128,1.5742127586317796,0.8211604945177142
3.397073680094059,1.4743784378476168,0.27232648720798625
3.120993792455441,1.46238359939076,0.42375655249002153
2.407232238537033,1.6076163929390335,0.7530832306023876
3.415499382777456,1.467965693463318,0.25444533279831516
3.1925227026278837,1.527672976154034,0.5967419811754326
2.9261180791559647,1.4667993497994154,0.7958500982250509
2.410945607832918,1.6021133346237495,0.8065569994134603
3.273182805780302,1.3682359192238451,0.301307754634359
3.1993793824083245,1.5190416277295784,0.5514240944472493
2.409618570047949,1.6064625662502647,0.7824904924105722
3.2953204472481388,1.4012654747885267,0.3045545089325046
3.1839165073486813,1.5220743119905844,0.4077533317574942
2.8827495020586373,1.4285669049040888,0.8703933333917127
3.4104418095592473,1.4693542432381688,0.24064036109312759
3.206683812271442,1.5408553775278777,0.5705149846863935
2.3898491402793756,1.5788095879473714,0.8155544394474894
3.188787398823156,1.5374874767518578,0.5732146577709587
2.818907683561183,1.5019349758373362,0.8343437897989066
2.386328174773011,1.6110329311041451,0.7720738062277652
3.3825034441768733,1.4823836990968053,0.21687898515769288
3.2109624720071697,1.5178913773194194,0.5441395130322375
2.4111425415753516,1.5487403566064937,0.8246032586835785
3.386473113440212,1.4526680425011378,0.16702564705139378
3.1547092783134865,1.4794571111012196,0.54165417824304
2.841102307068296,1.5066541138813787,0.8434954270437582
3.405219250687569,1.4915802187508769,0.24718191103148346
3.038711250904403,1.462993474102997,0.335936114927498
3.3257898642160737,1.3674483034647071,0.27269180406346716
3.185544190955937,1.5058951083511185,0.5390448061922575
3.1584438668624917,1.4799459883871624,0.927744741842232
2.432761622643924,1.54746159858496,0.8306452025063131
3.1658210143907928,1.365268323233535,0.20562229074445804
2.405994846136028,1.5542899065437032,0.7833655481709434
3.3720351998318048,1.4759040783025055,0.20993787549659015
3.2103688097569765,1.5253742634730205,0.4977598291979135
2.7960781513905104,1.4688390206998012,0.8173952096298713
2.4233037962170556,1.522210568205613,0.7381256839201342
3.4214698607169467,1.5214188993307176,0.34491674645226866
3.1774253232427565,1.553740590149257,0.5146758652320012
2.427676154452512,1.5536117249100216,0.7704241881347171
3.4048394498985908,1.4605598165091118,0.2601898494536734
3.1455680717533876,1.5245318114418676,0.5975508161776968
2.8123943265278415,1.5056808892623987,0.8431467398836074
2.427869273497756,1.5536572628576513,0.7867248062322998
3.3193122699688877,1.396435114479723,0.2969030013366569
3.1751083715369837,1.4974444812057384,0.6061497395702271
2.4313098919445566,1.5514799052307933,0.8479164822112553
3.432743244587679,1.4704212855660093,0.13201617467244242
3.1813561302784716,1.4970327323284776,0.530340203768112
2.8186039382974295,1.5009185974564656,0.8908149568851349
2.4256965650294795,1.5527209931176382,0.7651392232750447
3.4054290590330187,1.4378262478524035,0.11818838929023823
3.130711495128378,1.4215702734321165,0.3197396261408185
2.3862354299475785,1.5471155340248306,0.7824535375320603
3.3269254518858196,1.3662063811128533,0.25661741538748317
3.1916300634854244,1.5411225255400205,0.5326902956228852
2.7757870617812053,1.496783704127957,0.8437727078418813
2.427702380495693,1.5218301713708304,0.8030048011234872
3.1853117328459217,1.3553390240923406,0.19831024649029394
3.1167909498263646,1.4799892613583394,0.42940698321678195
2.3889417191853055,1.6415818606158672,0.7944263817280663
3.4018301306528334,1.476363034057414,0.18943256708473188
2.8667528078109688,1.4484132246299175,0.873130855424431
2.4102000729508486,1.6086095255089408,0.7842009072392362
3.396457606497875,1.4738247107095521,0.2039181493044444
3.1820253712167412,1.52328488229996,0.5642561395686523
2.410477592171421,1.6415128384387008,0.7946632505783977
3.397431784792769,1.5006792252081913,0.18051244917352416
3.21042841440057,1.5084961357839364,0.5623124917728652
2.8598484443156535,1.4508968309150514,0.9542298860390681
2.3898977776685477,1.6331307566333397,0.7735661872732105
3.402714425145189,1.4588889791426707,0.3013186622839843
3.1907817701977996,1.5088376703911606,0.4663395993944106
2.410775138552241,1.606025545004162,0.8164951199195405
3.3834473433128234,1.485995859701866,0.24088809288960222
3.17890137263671,1.5242314040386546,0.5107730128286663
2.882096712002,1.4343191106291802,0.8549072723420992
2.4079434411443925,1.611397592313045,0.7708484539818885
3.409984284315022,1.461011619706801,0.1979233676552945
2.3898725052996643,1.6402204905584505,0.794587910309948
3.398756199973421,1.4971428817096555,0.2975579669536341
2.8160566742488107,1.5021055643270176,0.8992680277168292
2.426930381151868,1.5886561558433956,0.7293725037121388
3.4368888667589057,1.4694635581543378,0.18012913171592948
3.184115110021135,1.496814936961148,0.6004250712609085
2.4094166295154538,1.6111840884800477,0.8033300636590328
3.403940611873198,1.4876858897635123,0.2724979697652088
2.8376271179282107,1.425674529973869,0.9666868391435772
2.4291545880322096,1.6447488937433103,0.7687307606292397
3.203578171921637,1.5204916894965153,0.4666389935149984
3.2960297425069034,1.3717674943509013,0.3248273890399167
3.204675374200909,1.5387139018964031,0.6052758759027108
2.792292064429441,1.5017610494876186,0.87824648349402
2.4078051583712554,1.5505275422370364,0.7949658633496945
3.3974150954925633,1.4699686479033114,0.18139662444423799
3.1950868943952835,1.5634940555921424,0.6172789992572394
2.3909809132519317,1.6067750137914636,0.8044506905475786
3.2690598333736403,1.3641069863596862,0.3237051826283377
2.7362472485697618,1.4970687335331483,0.8245323291586932
2.407976342907656,1.5463857347698822,0.793774783773405
3.279104169493471,1.3754204245321124,0.30834694373512495
3.2004718163161097,1.5263788401344789,0.541930564971522
2.386478140056292,1.5496387177932442,0.8047655222706411
3.409076624802377,1.4577393247789465,0.17982097571285593
3.1332990519160666,1.4756006906671177,0.4872368381347425
2.786218351247246,1.5009162132707259,0.8686965680262408
2.407998277416499,1.5830746578172723,0.7839890723388643
3.4227523142285086,1.4642090512024262,0.18154468237685584
3.189185081005213,1.5428508217827905,0.5298390479317794
3.4576441573325183,1.510915726681957,0.15269517101330554
3.185091195664625,1.5174824894650463,0.6661580845764523
3.1751403196259496,1.479905576438873,0.9668684544900696
3.4154080684634707,1.4707992982150526,0.2660797418327252
3.184206662753695,1.5304996667671227,0.5131898022786887
3.3849551023771687,1.4879671044715201,0.18705571274535915
3.1942395547819555,1.521824568534342,0.6055713957215192
2.7604209846627583,1.4365292508099605,0.8247640124051043
2.4484200009345547,1.4630187464718387,0.8381467448209743
3.393290215737307,1.471765847113961,0.2378838698828507
3.009580315813008,1.4941386884682397,0.35752807558152844
2.443793726917389,1.4680676174036937,0.7898273470972852
3.4256300264212105,1.4874397225858798,0.3019123245258821
3.1541344511306693,1.4472596363597228,0.9483686038885417
2.4060523050124525,1.4963223641873087,0.8176411979905451
3.3868460000905336,1.4706854533459777,0.20423408371339824
3.1864680629316386,1.5397121604656507,0.5517770731416789
2.391069366543025,1.4926994747464188,0.8684398508298703
3.3209955051039732,1.3716104957199364,0.3384318209245356
3.187740741281651,1.5395871099235992,0.5208464954784564
3.3350774597808384,1.46067747607537,0.8991192545284987
2.4024621981195184,1.4639876795564872,0.8068110344009065
3.412520581109219,1.456184478048746,0.16460799333405118
3.1844527107224496,1.5568118982192478,0.7031650575459254
2.404416515173668,1.4963580077641185,0.8001045584160318
3.293082412090484,1.3963697877904528,0.30868034230440733
3.1912171225146078,1.4959507888397632,0.437348258783411
2.729835457849103,1.5382362302834371,0.8632535912586092
2.407285405879118,1.576988904507185,0.7622986448149929
3.305584843712117,1.3377341965897702,0.28597389404003537
3.1896666865254497,1.541957109758232,0.516839871392075
2.405758096491674,1.6863211060229277,0.8941642013665072
3.316456492285028,1.3989792790826472,0.3175130649081672
3.2054535724276687,1.5202153623692742,0.4691213480720575
2.8899702470021484,1.388237926278482,0.879518565779821
3.404409342790419,1.4877234406889142,0.23408778429586108
3.1955720761941357,1.5245442092077146,0.5930473277892612
2.4070567624662935,1.4615059806199453,0.841259716498443
3.3519429513135286,1.51326474568208,0.2412940154079639
2.8410696437236056,1.4682300996618602,0.9584259932847858
2.4074706571114075,1.5210357606823341,0.8179708712696554
3.421631508510373,1.4715895365785039,0.20928814018701525
3.4346868328059816,1.4890606112610725,0.2439501473009924
2.90342086929407,1.4707234811085272,0.8211110822688656
2.4307703507107474,1.5488211805030723,0.8188294761486248
3.3946117698950657,1.4443770365910362,0.20878811683889476
3.2011100628397107,1.5276927648956744,0.5218645427768109
2.393500282327349,1.548348992517308,0.8510662895579502
3.428624086878208,1.4638554764572163,0.14029993851637523
3.202986893857188,1.5149807633682901,0.5386882512192623
2.856071894097558,1.4514380410779824,0.901011463517583
2.4285099042071003,1.539922922485048,0.8150363558926126
3.205162224929783,1.5237016379672743,0.4570907767795378
2.4089130894863744,1.5218161046749656,0.8241311303082701
3.2376014561592,1.3103250012787702,0.2863927358647158
3.1986469605478463,1.5300565658473837,0.5754287318309517
2.7622341579208776,1.4690873336445998,0.8307099331483514
2.4502918251619703,1.4659903955779066,0.8542849998716764
3.325491840998105,1.3671562407115836,0.2919627301260703
3.185852943009752,1.51861354718,0.5021251540244291
2.388488247056845,1.5760508466278667,0.7838029270395224
3.4000472365536596,1.4701263617899978,0.14083353417953037
3.1786105019759727,1.5173004568838135,0.5474063838973147
2.819709723645379,1.4668106746816796,0.9136301836225449
2.390418245416408,1.6034854335169955,0.8023207186385213
3.404377633120027,1.4928209490098607,0.2409330794937261
3.1981167176384364,1.5273778139594485,0.571825631176061
3.420413666432467,1.4710507106013124,0.20773657173130844
3.1887904982646225,1.5395883020164691,0.533133932978954
2.8799673957142593,1.4197628222227856,0.8406193242166207
2.40776891874795,1.5508126908515145,0.7850506906310768
3.327124769813997,1.3738816710556552,0.31083204010575116
3.221337733108232,1.5321666894363801,0.5694931822955449
2.3772263072776827,1.5747327495416268,0.811200141479884
3.4185787970840793,1.4723435353187109,0.23713769426128883
3.1851298194736746,1.507016867741687,0.5913140843824196
3.1573097097041907,1.4743855904048364,0.9269087867275119
2.4280766976574615,1.523729413731143,0.7904614808916175
3.4184159571977815,1.501468986734495,0.2168084728653068
3.198802171039764,1.5226353108951558,0.5414697018736954
2.430388165736024,1.5810293840803982,0.802008092287241
3.3661417310918376,1.474331946225691,0.10677394373935645
3.128356396450705,1.4421019273488465,0.462483059798501
2.85747045745484,1.447599978874077,0.9256523208581142
2.427542401632288,1.5556975298044724,0.7998533248467952
3.4354714683342484,1.499442786483539,0.2870426052847366
3.1872758250616204,1.5418712790715998,0.5754674152441033
2.3887993832964045,1.5229586064814704,0.8411867008110607
3.3921081364455574,1.468059511172179,0.22050843106468387
3.1892530302989095,1.5388711389459417,0.5119568802431815
2.762094683054868,1.4682556104492759,0.8555260281385992
2.411446763676254,1.5512115651257805,0.8399615273791126
3.297468121766106,1.366674158354999,0.29311757007956096
3.1865527015255415,1.5410581525250464,0.5684387165604636
2.4231099619160883,1.469053001369947,0.7882745269440805
3.411728077767998,1.4862883992921376,0.15469596476033964
3.1777817590114465,1.552701085166711,0.5256646367760263
3.192255912243158,1.4549380257439866,0.953654880050355
2.427100135176823,1.4930805868369235,0.8199871771249676
3.397266799139303,1.4430170970450629,0.22669853712816113
3.1894878725946683,1.508545846056611,0.5139572120542342
3.43642967258466,1.514470905247837,0.20020163591554052
2.7617933219768585,1.4997960036008882,0.9356940938379554
2.4272341264156214,1.4867812104845508,0.80011272425209
3.407777243572035,1.4562252476248962,0.23934142691576277
3.1934174875375114,1.5108823480815998,0.5827295853134373
2.4057836072791323,1.4637952757672867,0.8216124765237693
3.4070998964022365,1.4272391518656025,0.10555756199221511
3.2069167472186058,1.5302073655954251,0.46265978756428683
2.750771708120667,1.498578161525006,0.8532350640894448
2.411079360653142,1.5158039034949504,0.8474198563277724
3.4269697003906217,1.486116976337447,0.25540976572050655
3.179514108372853,1.561061828509701,0.5092616179021807
2.447133971144378,1.4973751014007104,0.8047543165978019
3.424776964762098,1.469286532363159,0.183529636190076
3.1891962866782086,1.5506534272440968,0.5912999580820855
2.7969941555532585,1.5006518070721837,0.8975807394895563
2.4302742016574728,1.5217168033389037,0.8277107467339129
3.390622788727203,1.505753964555323,0.28678943456461026
2.408687068677867,1.5794405627034056,0.7969555855343355
3.40381973365599,1.4596320106284746,0.1336428896815096
3.2087790347030465,1.5399191077878642,0.5440238800252815
2.773023313667054,1.499906033772779,0.8250338426228827
2.469836664633483,1.4949509805497845,0.8427920922591807
3.320705588117533,1.3684838745407828,0.3160763247967395
3.1967350819999356,1.5246016680840433,0.5527163231023036
2.3877050420400243,1.5185521543972005,0.8035364745369136
3.4073752698556397,1.4578464939279498,0.1984223777244878
2.756210751057876,1.499953002231853,0.8445213421549569
2.428089095423329,1.5781716990526922,0.7618452919021546
3.428705864449218,1.5011198227329037,0.3582672923610477
3.4108530816000426,1.4551232769759674,0.19524755132899418
2.8696886941358186,1.416744562285505,0.8766794774358384
2.4279446137672585,1.5549130134867963,0.8061835167219209
3.391914540563165,1.4691338252665258,0.22657460417470077
2.408319665654756,1.5790478873120628,0.7984815239936549
3.3972541629548605,1.4710374783704567,0.19067264167737052
2.8694791242089432,1.4095374072127098,0.8999332751346827
2.387241079494291,1.5792981076054535,0.7623018038610592
3.29083245600411,1.3985544171838173,0.3243238490178735
3.268260177475188,1.363839003882534,0.2721335469793693
2.8171231205319884,1.4323357065122533,0.9667504969020462
2.4271728528420073,1.5841064141961643,0.7976677418060418
2.4242913259521153,1.5851913379170535,0.7820590144016266
2.4316756260376473,1.5521555834694483,0.872477230911916
2.8678841039463765,1.3654428456296874,0.882416424301566
2.878802005722716,1.3506580330201343,0.9144553502969259
2.4087936417806124,1.579557387804655,0.8121265764423153
2.9408287436134564,1.4799996325663076,0.7873389128666644
2.427969409298993,1.5848779367015589,0.8136828536647998
2.8181588108190723,1.4866741605448348,0.6733936113704724
3.4011182127897506,1.5074863139138508,0.402467443025859
2.4304317963351347,1.5537779026560847,0.8487720472534439
3.3125244931564413,1.4374299961824513,0.339098945888636
2.823034470665034,1.4695217322863885,0.6868904866772294
2.4250120653024494,1.5568289451472874,0.7909994127925337
3.3430802176482994,1.4435295777698294,0.33240087415839037
2.877167169558229,1.460848064565052,0.8105664249180511
2.4267251027593315,1.6173847595427921,0.7954190374486048
3.3745452705828214,1.3711755010317126,0.2811989363061458
2.8679789945389778,1.3657052252703508,0.8848484129354923
2.426148845065068,1.5838590549256615,0.7763553865312023
2.8643559858827805,1.3873455255560807,0.8554318528030374
3.408561640681728,1.371738288075589,0.3692904855862673
2.4490708836425976,1.5835932182156758,0.8178023093399278
2.8761701030801943,1.3681064579381748,0.8162015670539433
2.4269585145436445,1.5558086328599465,0.8329635846911374
2.9781414889216666,1.4647290421122732,0.8216559879129848
3.3644847219999336,1.5009256308043981,0.38010628445700045
2.4301886093892726,1.6119771878663867,0.8356760727738961
3.413667612870536,1.4175816498987435,0.21851881318816746
2.9530617622460458,1.486959666787174,0.8422209605722466
2.4077822701881155,1.583699314481096,0.8331313121558661
3.404391699815915,1.388592335488701,0.31298504920923564
2.87239903648931,1.4538945868549698,0.8922415940096144
3.27846592296987,1.566929071196737,0.45793108303317975
3.502837351779535,1.4241838178400683,0.37249509940198067
2.9320372971019646,1.546955674370978,0.873328981256968
2.4262809289552716,1.5835964368664244,0.7904629114030437
3.480923585353036,1.3965298858628792,0.4927652283554502
2.868085567641724,1.3663677904874367,0.8622304775656204
3.304297860247643,1.5688192536512386,0.6178631843609381
2.387082292723757,1.6435672912906734,0.8030734656719474
3.477827481746206,1.370518657860402,0.3643412736792664
2.8388053825227697,1.3463659026420869,0.8420566901767976
2.428253127402499,1.585150091503755,0.8395267711148153
2.8508295464842073,1.395616146678107,0.8707690810596769
3.282922681380656,1.553884952595801,0.4813697445315468
2.4102811352661364,1.611066309704502,0.8425868734741551
3.3706750218649977,1.3568334317140376,0.27989496553646775
2.4108666912848005,1.5816989826454166,0.8650759436063784
3.400906497095706,1.3707817527567872,0.27125211352222256
2.786247676731894,1.4266895970525821,1.022217921804182
3.248810705433425,1.5367614921940933,0.5570665083495583
2.3926918049416446,1.5758013415901981,0.8755406115266076
2.778799242049855,1.384383770820833,0.9734702051176138
2.4304999840474055,1.5837721513554466,0.8468838913800671
3.3675596063536433,1.3486754633682163,0.3636577872407283
2.782959646172693,1.4409848171204704,1.0900526544281148
2.4088227288466864,1.5503573113752156,0.8272204985472054
2.7540046639891864,1.4064644302127016,0.8531522136360072
2.435300065205291,1.5469108516790697,0.8842184514661533
3.3632191962071527,1.3362363318987505,0.38532303180303296
2.8282880239513797,1.4428461509275206,0.9288502291515166
3.424290114033225,1.5062887374167566,0.43843377853737087
2.409750653938152,1.5159314574320293,0.7854880694996558
2.8494696069359744,1.415469618961155,0.7237972046375785
2.4301418793486955,1.5225360095590939,0.8160336011706435
3.431800775963175,1.3869797914635977,0.33087648541978276
2.8717383786197175,1.4563384964475359,0.7428499479053556
3.4745559020686363,1.5427899058371388,0.4586277420977678
2.419826461309801,1.4071981633741202,0.8431462034418222
3.2138258790854093,1.32594141787436,0.24839468669773734
3.164071498892031,1.4754486988262066,0.8364172565066266
2.426948262544946,1.4079575265322415,0.8478185517831993
3.2458493083211177,1.306351994161993,0.24590209504328397
3.05613464190113,0.5698190238243721,1.320886415470742
3.524660280729197,1.4710482072062858,0.5042848090455816
2.447034312180289,1.4105810845203006,0.8683870411163841
3.2310697408956317,1.2703852409751835,0.20034784610423295
3.076621949997146,0.582075824689388,1.203533933780414
2.4665376668198604,1.3769280643846653,0.8351796257043416
3.475800208608298,1.2751320355738078,0.42363016084504745
2.7882158220633575,1.2710183614983834,0.8053559062571871
3.6051713722726317,1.4213936052687983,0.48199431178071594
2.486467790707562,1.4171938620881674,0.8999347652507514
3.4933716575397114,1.3002650487590357,0.470815401426284
2.897557918131623,1.4589796974100695,0.8712871050099109
2.529788207252866,1.4125205004103285,0.8931192723742674
2.800381368239399,1.330826137618031,0.861494896669309
3.5240997586608422,1.4373172241969598,0.42292199808440634
2.594721267565234,1.407275410992089,0.9860898192922174
3.36245387258341,1.3352527360718023,0.23818485842763204
2.7386693428668334,1.4911110109972872,0.8041570780773388
2.655204483605472,1.3825853795173135,1.043836048896385
3.5913075705913187,1.3659541342615842,0.588546760028321
2.9195975695653917,1.3611875509213196,0.653790180808228
3.5298649582077966,1.424322458240837,0.44403584009653096
2.82327789602947,1.2625930067218452,1.0403894700333836
3.5616583135192332,1.3208547575985294,0.4222610422008317
2.9139995014390743,1.2993025529758844,0.8116641636237769
2.805570786929239,1.288863395714237,1.0523428235112067
3.5501481800041472,1.3838462561457985,0.44859303226809377
2.824051564303317,1.3884027927223883,0.8640891887454731
3.4843262952465115,1.4414074140428472,0.44643811581604087
3.5482055454601418,1.3846533030187156,0.5407986728054943
2.9225704107692696,1.3496658541245228,0.9282873825099265
2.7997502742730296,1.388231369767698,1.0982964533590764
2.9588639166720285,1.3491979576730904,0.7888470295377983
3.5019680776573647,1.5307607351056292,0.5311845631374617
3.5379263670445527,1.3493302799816482,0.37654699321453866
3.0692908172536986,1.4274397810956054,0.8660296178905511
2.7178375199308467,1.38317784967365,1.0524843249331206
3.563114812590088,1.317668650985168,0.391888095772958
2.813538020429117,1.3751226397332132,0.6681669398514198
3.484882048943378,1.5580539397803885,0.47336978819411946
2.737510390176798,1.3825325698031774,1.0443366086862897
3.520128182048909,1.3196285708725581,0.3760716759908429
2.8496572423540076,1.3855149477450739,0.7352340838858793
2.713150449177215,1.357540223576597,1.0426393068790327
3.5203477655559086,1.353031013086942,0.4406728865473233
2.8099426683275466,1.4025519814137146,0.8031619785664474
3.4671286866397173,1.574608533464584,0.564138062771343
2.6901413878200384,1.3885179488936197,0.9548612184151906
3.5324584754598436,1.381870004586091,0.41606177192353
2.9425463110232517,1.4547630265106861,0.8866472214493706
2.712655969053962,1.3866927355005276,1.0137171076536355
3.5622104909374848,1.3170279010676007,0.39109651631477305
2.916851464425744,1.4480130390534947,0.562279649614704
3.427442007586458,1.4688059997273053,0.35090713225901515
2.674860902969791,1.411596747645449,1.0032840301940695
3.36813491037361,1.3049347149489778,0.2389770488334051
2.8715962811493907,1.4256154021675222,0.5161411857696327
2.5749680502597174,1.5373391803988432,1.0513715062527766
3.3602344340745565,1.3435251453331334,0.34624163845155564
2.8331088475252355,1.3863192528043902,0.840849994184105
3.485818557103522,1.56025573531108,0.5387969104830153
2.6258050891993308,1.5107034149418292,1.0079880286007523
3.586876799805139,1.2861459008080305,0.33521901147044275
2.9254607591464135,1.4717702578575795,0.894452807046755
2.6082744098441357,1.4248400649649442,1.059730699772123
3.679770398427297,1.3758985729822262,0.3915884334314781
3.511797360223109,1.4565365030732254,0.3970838324824175
2.777485078867902,1.3921214072207304,1.084241797805364
3.568334748857447,1.2694134468676472,0.4587166424224456
2.933620158017238,1.3013382899697996,0.7375038882868536
3.7126538034607743,1.4143863641702843,0.43874548101668864
2.8740021629834054,1.3151714548413176,0.7647078048707421
3.308991129884208,1.5324132142418736,0.2014291786320388
2.754736609012517,1.36698374487331,1.0234026236836957
3.6459078083088623,1.4432123618571513,0.6544892240585267
2.9631437685006277,1.343042586139401,0.8720911120361114
2.824242775999965,1.4095712626502148,1.042442969185779
3.072550952839698,1.1900852692127992,0.9665130916099298
3.338975603471864,1.5339743790642848,0.4015725389194482
2.8087787088474494,1.3662360642253137,0.9923347169235524
3.0790798070803738,1.3140381321499106,1.0855551265039551
3.5453020840614076,1.3613815044312512,1.2485641685026336
3.024636687203343,1.306691621420625,0.7640319478264772
2.963355007357524,1.3344287614801327,1.0303319018232107
3.561856200935964,1.2964256752529733,0.285934137743314
3.0835244061438662,1.3073913799352521,0.7835164075217709
3.2720956170811535,1.3673109743660958,1.0783229375699306
3.6105279223831066,1.3448623159052917,0.45306999659050073
3.033246220342587,1.3064253078734913,0.8138140434835166
3.501076630607778,1.496861547792361,0.5364554016967997
3.165975509626987,1.29369220630231,1.0055343438768614
3.5741025710087184,1.311300490874203,0.4441672683338185
3.0362450491710713,1.3105545983655114,0.7779920108121283
2.9042047895666143,1.2690227980341835,0.9896160299579464
3.6131228701466016,1.3319160681289737,0.42687539522480233
3.0099474804175457,1.4499660448022393,0.8133882279156333
3.3539029904134625,1.510406583817226,0.4219913311923391
3.4009043513285366,1.2207077508545943,0.910710867429406
3.663747001299298,1.3654961321809715,0.3716710652158124
3.05490511731308,1.3914620606543928,0.7744355209878766
2.8963536659124562,1.2703563923277321,0.9392973733067747
3.6650985961974283,1.3510920740340622,0.3087809251390663
3.2139615392542282,1.4068798745778588,0.752062441490466
3.5627548005427827,1.5330789981097088,0.008616397780046858
3.196947989786852,1.2764188998268569,1.05419700473821
3.6401271115545737,1.3331371288556044,0.4362407151139511
3.011876048265662,1.4163826428902058,0.7615603221051148
2.910108748723854,1.3022219884142507,0.9741821229707488
3.6597105748351346,1.3424511888666475,0.3965189890852947
2.9604000475467243,1.415818306125599,0.8261451711871579
3.490356854666744,1.3279326898042283,0.24243984015923714
3.422727995533922,1.2605391499163077,0.914905544163698
3.623514343710721,1.3090574489302134,0.4208967813350011
3.1078163978497533,1.2585056778988453,0.7547801747817877
3.4279186063166325,1.2541827915247545,0.893184599062733
3.6371471177934644,1.2725486511154642,0.4087171686332576
2.8949560562294723,1.1888229620728703,0.543711253674001
3.5187999521710673,1.2581877467304452,0.18489571499751123
3.4265667729999287,1.259836291960219,0.9256840901327053
3.617586781114618,1.279506777987739,0.41480983600698207
3.0701202754739483,1.3080546604080603,0.7329756043670295
3.4302429489982114,1.3260230762359477,0.9415451239899271
3.0230130567118514,1.4195549212262764,0.7915489675987883
3.4887849610058916,1.4435280280490987,0.23134762475770065
3.369648153065166,1.278750156643218,0.8717901085901696
3.643897701308309,1.3278795224622313,0.38669489226081577
2.9337624939061397,1.4584723426846433,0.6909222043182128
3.4402026465241398,1.2622040268183992,0.9799944697095688
3.6267787708310593,1.3629148934897937,0.2939178518155887
2.94094723764492,1.1467369577663291,0.8444237693547576
3.3066176729763086,1.3718770476856443,0.3098605738357141
2.931633892874123,1.3042891966599313,1.011216454471249
3.4900090019667314,1.3755843373017225,0.33036930951453103
2.8791317386110764,1.3766294451207572,0.7740737208063186
3.4707545563188074,1.2238902811893457,0.9475524971198608
3.5147055899933313,1.349729154255914,0.27992885077587726
2.944100323291026,1.440114827744023,0.7895578149027209
3.2119337892791715,1.0173582841319022,0.260485726900338
3.4276928239267,1.2592575308718863,0.894365545849753
3.4991976538231313,1.3491087891264224,0.34176071042040523
2.891952220610926,1.3986009088057432,0.7271328592604014
3.466053180450713,1.261773919710942,0.9541418499817105
3.5550541190090548,1.3696193429993553,0.367352321417614
2.862464611332266,1.4228762111710835,0.7663887750058822
3.5182327543826304,1.3405422905540887,0.20057812864153934
3.090015351831217,1.2942261446987349,0.9593912308696548
3.5254039082626716,1.3265011054767746,0.2334345174112027
2.7508489557387636,1.419679852559041,0.8323013771100649
3.4807340425864077,1.3180615647950844,0.8520193081910525
3.3156582668980215,1.3632294867981583,0.20042288834946875
3.0482217678362087,1.3780829639570171,0.8892513482915907
3.448640279871259,1.1958638201903153,0.37958384976320203
3.0969564317869867,1.2944751728992554,0.9739951432064085
3.331188137577064,1.363021466592362,0.25245945511313206
3.0433318028757848,1.3411807754952032,0.8549264650370685
3.1120485659634776,1.3109065041807038,1.022420935217425
3.330586130676768,1.2434532404400014,0.22734331035122635
3.06887453842284,1.3586601948278607,0.7848306302900039
3.433463030263716,1.2347489359319082,0.3447427605000497
3.088640391912798,1.349599692970244,1.0363458910684904
3.3865157903650256,1.6218901553352636,0.33514057176056933
3.2958938439195102,0.6006495256719633,1.1963779195798376
3.6154491201767747,1.0934635195037097,0.2808793064093411
3.340142900812003,0.5766715312683744,1.2115617254860105
3.6551255472313353,1.2948859681022202,0.44612972139439666
3.0572797663138513,1.3936049667973116,0.8855835169946613
3.5716683173643533,1.2436439752991841,0.6431534938889909
3.1898171286458794,1.3342308740637305,0.7684203396497418
3.144849239751647,1.3979040113140044,0.80443561057296
3.446364097741704,1.3007879006917702,0.38679079613101774
3.271482642926436,1.5067997876300794,0.6833470502697421
3.7471608389857436,0.8801334936464181,0.5489413226576907
3.2747461163724765,1.3540130591931594,0.7920771839429348
3.409394198343444,1.2921794404504168,0.3249334555017096
3.582349469496339,1.3489093519892892,0.7222077872337187
3.4729601665503473,1.2643975969082883,0.33525793330216547
3.2298333021689247,1.4629149151828713,0.36780200864492296
3.9315733147302128,1.0712450541760816,0.24704185502215603
3.255787548175351,1.3882773845524754,0.6033431953611919
3.481146268301501,1.2403168440993144,0.4578260894549566
3.625660587717241,1.4482956842729462,0.5786960795331708
3.7691313490329446,1.3933850256628164,0.5960004994194883
3.4871994774863,1.2339650156606672,0.42058981742478285
3.299564059453434,1.4628122759867734,0.38503055182100576
3.861915275110889,1.1621463078304188,0.32322763023053813
3.7400762310482003,1.497114629108639,0.5438980546244132
3.520723990066271,1.293371533320309,0.6631869123441119
3.2525371877509017,1.4463764147524194,0.6254057942744615
3.324780399972171,1.5000815098432272,0.4456555664612343
3.3179923847411494,1.4811153122832397,0.45520795552168813
3.7800275547190143,1.2630176302021006,0.24515465282306348
3.734249042671908,1.5121308269442384,0.7454159873808512
3.5852822563797218,1.1018272430788745,0.2883299761614062
3.326092417386955,1.4817787119653347,0.42665044730302304
3.3386544536521816,1.505642742290562,0.6588287996793698
3.496482543098152,1.2312371495464924,0.3412758564538676
3.3057364779254197,1.4769757697925385,0.38965441178549676
3.758898423820783,1.2321947577488768,0.23507066485498673
3.6265298618394124,1.442284675185801,0.6071487729875411
3.469036988909012,1.2658257241664193,0.40206982045400164
3.3321728062892317,1.3981337276100325,0.27764900299259776
3.632110763828374,1.4165303431967857,0.4615552241269649
3.4467274476490513,1.2943042267817126,0.37673787708298034
3.316127713070965,1.4451446251899598,0.2149063993078455
3.985605639403596,1.2729781621764864,0.4664287977423023
3.5819472573613687,1.3743004532808485,0.4243721492404553
3.5761379503781563,1.1189723995708143,0.3895542461833372
3.291932042469126,1.4498012975676207,0.5132197834139975
3.3861615003635044,1.4104424441195322,0.6734342617368352
3.486264161419028,1.2413507462453723,0.36559097442171073
3.920776529589656,1.292386745400491,0.5200921391196758
3.3400830577498346,1.404805990612107,0.6601073192665892
3.4892391483900753,1.238096690338427,0.38305531356455536
3.288406070172699,1.4241289815680533,0.5069347718580841
3.3472990343218583,1.4069134915967898,0.7118779450154145
3.488189152988529,1.2384134294139575,0.37560935257926853
3.2696084345132768,1.4538657382075182,0.5390439717272588
3.9530333706096776,1.2670473809394849,0.42248825509903587
3.4903625767125286,1.2345355513081975,0.34300012936197355
3.2717673147042396,1.4528691485682883,0.4802852082541924
3.346302683099547,1.4120567762839404,0.7480456250101724
3.4849769395359793,1.241130447483016,0.38074205737900857
3.2693871820762572,1.4515289977639552,0.5350070684823551
3.7343949548394266,1.229239082687266,0.32562433291595005
3.4866728108555063,1.2380544902508328,0.38702736695813567
3.27514522906598,1.479405374270666,0.5036977629190302
3.3805777373516497,1.3900834052503626,0.6071413820118388
3.3945309459983526,1.3116022095795727,0.41461007104676906
3.5457295685652612,1.2943075646417483,0.50320745512768
3.429815702912932,1.2759024851956193,0.39326183377698753
3.255140957001647,1.446457715486146,0.4520662544064087
3.523009470520227,1.293569778364572,0.4922177895140136
3.4671952054219672,1.2989808071103006,0.39678571986164934
3.270961698341427,1.481810779263535,0.5108401276564152
3.7157813783194213,1.315102432664151,0.6161105098405566
3.645801235206116,1.4548995211442888,0.7516760841960906
3.482079438601604,1.2402443648528252,0.3940301376221742
3.274093326315839,1.4420804696771883,0.5235813949068933
3.678664136242198,1.3367035130944611,0.8026566504051211
3.4663819596647762,1.2982060659541574,0.39203832927503646
3.7702140077791793,1.2656408305622993,0.38257782077139857
3.6653355842603554,1.4191248141188195,0.78184211310662
3.5599838998714,1.1419636987059933,0.2944147161176429
3.277027066873519,1.469072313274439,0.5326684803236348
3.481756858270475,1.2422370672941372,0.40397606633645644
3.2508901922391207,1.4666244697754023,0.5040156940835165
3.934296293268146,1.2895321598142466,0.5462631072445194
3.4264449411084232,1.4116910421914575,0.7531776443565208
3.4436713983627163,1.294424747370859,0.39214737596896754
3.2740787827828015,1.4413341003313487,0.5443639841168748
3.579195907013085,1.2649287934911122,0.5460118736752826
3.484787158350777,1.2413240433650867,0.3684866871763164
3.259733852418401,1.4653148365485387,0.47887454517397243
3.597737481123629,1.2494415997626185,0.5163720345510454
3.485425643292953,1.2425840855285628,0.37896828281508954
3.257410224992546,1.4408455806732672,0.4549167272371588
3.477177791131035,1.4077180350746803,0.6780635755261386
3.484281949391677,1.2392745973031678,0.399818463689962
3.2579650250151153,1.4701273154642938,0.5103038050808533
3.9503113457460426,1.2754931205040982,0.4946063263633671
3.6708380465383494,1.3372121791220444,0.6356764490825044
3.4439214994472347,1.2993029106037455,0.3683740940061413
3.2571653691166627,1.4374355990189398,0.4538458106206755
3.62883131633785,1.240997409918736,0.532359907088062
3.487559251115031,1.2419892311864864,0.36026279619603674
3.275233920775647,1.4430144744407492,0.5255459639322893
3.557503154605031,1.2510124205372757,0.15855180400169688
3.691909718560158,1.3939158646177794,0.6090740625533579
3.465897731540221,1.2686995024478689,0.36479018604621927
3.2612077560451853,1.4671305131986716,0.4658571296135836
3.6516057738178422,1.3437298276788938,0.6626589344185365
3.4693123623624147,1.2975311029712244,0.36693017153526064
3.2573253479800677,1.4398398119189386,0.49612898656733484
3.9445828626595416,1.2112560041170786,0.20465806643851647
3.5406395704209364,1.2583014723902326,0.613614803843519
3.2745458447700018,1.4518459752580597,0.5181668495538589
3.4604536818129494,1.3576625323050477,0.7302105449893557
3.576851537171259,1.1696278826818634,0.26450585143830474
3.275348361691347,1.4378190952951841,0.5326883882743167
3.6002601880590874,1.2623243089889713,0.13739635794892524
3.4903857033142427,1.2348356010835495,0.3295199731575109
3.321828778021412,1.3508703447602621,0.38548208679224016
3.1162242288750757,1.4588068439439352,0.9093121848823811
3.483963660594887,1.2371965410123713,0.39273248494462876
3.278085406925168,1.4704394053776317,0.5199951623659038
3.686767983585193,1.2558769939114456,0.2962895205510414
3.3890830815738915,1.4082236016608014,0.8737536643366388
3.2720753515023313,1.410154076854305,0.5228393767091639
3.462265662978197,1.266315912754519,0.4271180755278028
3.265158590241148,1.4467242674518541,0.43640027674262183
3.7269734614562915,1.2673848624309514,0.36810202861425956
3.7180575604489765,1.3609323238378757,0.8292671431656831
3.4707235619041383,1.265508746672315,0.3415756082023116
3.240910229134372,1.4653030348291267,0.42660321062363504
3.742387222289614,1.401517244802648,0.7249162222007697
3.4882814209768123,1.2373142005786295,0.3608333616388646
3.341078455297849,1.33999464308966,0.30190594682910676
3.7437485923492932,1.2780496828728694,0.2801011379957774
3.7391819229757206,1.435097308854646,0.7348370573604497
3.4845356267548118,1.2387091876549776,0.41276581399278567
3.2644423808437257,1.4972102349568044,0.4569701965872326
3.6624657398806084,1.3610633348442764,0.5855541897292291
3.4988357344272303,1.2635227199510741,0.36998356837228985
3.2610725727135152,1.4659737062777283,0.4591432924553276
3.735601829662911,1.2614273783136645,0.2924083046330286
3.4418236544113125,1.4174850903762823,0.923940415913381
3.490822486142498,1.2292284730607237,0.3593985288760051
3.2586633530194584,1.504990429072157,0.4405069472218772
3.7213165039421034,1.4071021998980935,0.7258150602136029
3.3558329887730256,1.3921472756360072,0.2855084413847164
3.7318224184219235,1.257467365009169,0.32021309562058886
3.718835520257161,1.4008849587444572,0.7092477113396656
3.4707929417092815,1.2591421362820807,0.3503966482960903
3.2460855811283227,1.4929861730816278,0.4181192645869902
3.3115398244442735,1.4489474014449164,0.8627221562637541
3.494131735954818,1.2592135426449873,0.35204567034271084
3.3429638693840036,1.363466832488554,0.2698756933092685
3.3153209046152816,1.4405938106591456,0.8092108961323847
3.49682848844957,1.2318384411900662,0.40818871387054045
3.2588962879666235,1.4657653284440708,0.4977522296059613
3.2963609059067096,1.4513371900211895,0.9114979467370627
3.4704245850118727,1.2860693684457833,0.41040925503427284
3.324415381134803,1.3958968845489665,0.23480667589219917
3.751061605281088,1.2196950679616205,0.163979775300513
3.2575904694347724,1.450036020653702,0.9757425129135842
3.4855744164833626,1.23678956050659,0.4014420941587662
3.2600814666998392,1.4336006362564961,0.44102774278799983
3.321579153774042,1.3986208167566707,0.9638764802374051
3.4877280514656888,1.2352782251661407,0.37946997509320735
3.3465201208393767,1.3496770597974999,0.35956497484091465
3.7420524826111925,1.2363179685672605,0.2566067759587505
3.302900488983233,1.4199741802886174,0.9204794723314746
3.470121316585268,1.291104053472487,0.40449584862365207
3.3279899908204023,1.3844372957906914,0.3204893035351426
3.324445660293749,1.3650767539093436,0.8903219668848599
3.471623830440977,1.2647696490929816,0.3447916363071135
3.3432308981873033,1.3704749080520768,0.2637248220018886
3.565623691248233,1.2582316157480566,0.14688151297234464
3.3383001636506613,1.377883407610597,0.8782230588694149
3.4659044072603034,1.2379152538036293,0.35369710637736307
3.3076907949795684,1.4021987642963656,0.3782328509303856
4.198337950249438,0.6066597598987431,0.7369472405281101
3.4830724519638743,1.2365875007651432,0.41325993648127257
3.2767597996516447,1.4547152235866037,0.30533684967106134
3.7381605378031004,1.2642029281426348,0.20889908578255456
4.197240271133017,0.5550659208851583,0.6170429052672639
3.468150071812338,1.2970434177781514,0.3989331857333571
3.369021827470284,1.35854658837736,0.3214260799030928
3.4877564232760387,1.2366097929018103,0.3860950907407139
3.2597500648814584,1.465731115378705,0.48077858568464493
3.5581290033627644,1.2594939228879858,0.1185943416109212
4.173386015929682,0.6536934860571288,0.6824512520936901
3.464855365533055,1.2660212273970817,0.40581853525115696
3.348275358383923,1.3470486142286742,0.3029934931409204
4.2305478228103075,0.4701069819663388,0.7401621957493427
3.2930733521846576,1.4214232883812588,0.3520181628000767
3.590345074806568,1.2889681806775004,0.114354357897551
3.4434246351382383,1.271463012138853,0.7508575336370562
3.491136960242098,1.2347765924864897,0.35223759729240056
3.3598851508630974,1.3697011205702299,0.3345186569180032
4.175866999614626,0.7258255354982281,0.7311193369775297
3.467773370464826,1.233975863705783,0.3335981526175267
3.3198687389214783,1.3920403449055778,0.34080253598570387
3.6102360980480723,1.262471174830542,0.1250177700484858
3.355364734692954,1.3954300609811168,0.9148698409826843
3.4929522792673864,1.2338160040519304,0.3437568401041433
3.313630278504391,1.3973116603669549,0.3384289300993619
4.169069686059204,0.5951170226627929,0.6071142618993828
3.4898738186350604,1.2423760653227665,0.37929077373474684
3.338168556597606,1.3371653298722577,0.3550852985072621
3.5517615584969406,1.2612517830339292,0.11154266533749713
4.177274146040585,0.6022584338138135,0.5478414977894683
3.506630591297836,1.2086407907791088,0.35341434195210564
3.370560104112149,1.3552930093075626,0.34061442373315076
3.3851301016107596,1.3666609261241434,0.866490898220877
3.4925238410892354,1.2358548404873075,0.3396100258979886
3.5655407215843504,1.2933315982091675,0.194163491888782
3.2984122593206298,1.343210671234056,0.808765411032391
3.4897193233988655,1.2640976663422232,0.39360754070500037
3.3379618476936237,1.3610495065669859,0.33085493834142476
3.3407530139438273,1.3965670791604199,0.9049904310497234
3.350662881987711,1.3497963882937762,0.33555479422543577
3.540185621455327,1.2621817346817321,0.15964464022555558
3.4911343376377797,1.233746505037616,0.35028870428805026
3.339845354431183,1.3628707860536078,0.3192517621398212
4.1652001525971025,0.5504542500133363,0.532270500123921
3.4831818860895125,1.2394884587640262,0.386680497739589
3.3275439096677473,1.3424286583114065,0.33355195901938717
3.736787485233276,1.2478064059729874,0.29014845420739555
3.491495303359383,1.2643149848724045,0.35577534145650413
3.3363143753446947,1.394551607745293,0.34916819660879006
3.6885427714528385,1.2907157888247627,0.8040150998182827
3.3132280663694207,1.388039085187784,0.3783318542420111
3.707673239442088,1.2657224889238865,0.333838061304639
3.2465960352960592,1.3160596832386746,0.7316429041595405
3.4714893623650296,1.291971539453907,0.35986186556650623
3.3369139980592464,1.3626527522677045,0.35916377599049176
3.2467517226251257,1.318468068463718,0.7272050404827848
3.4793428702049316,1.2453983783758047,0.37457697036433
3.3403343509272254,1.3636162017251514,0.3275331417980436
3.7196950192177822,1.2460708379637109,0.21669330179433222
3.4813548845540794,1.238571381719218,0.4141491781466211
3.33118789915849,1.4014605011820414,0.33437030096217146
3.3356570553351435,1.3635849688919601,0.39161462967197136
3.554084470667073,1.2916047324778415,0.17686321452513654
3.211634812386906,1.334471676823449,0.705971303731747
3.445013218099297,1.2463756561105426,0.3539291472516308
3.345488483668057,1.3659039471517616,0.36888824365459594
3.7798637611584205,1.3101875529708715,0.838924287385789
3.4837724488982382,1.2358773710425484,0.379925116145329
3.3377320121879257,1.391128870697258,0.36990947980133804
3.743940519301665,1.2922031630985276,0.3728168154612821
3.7960290173381717,1.3434869983612967,0.8752672050302639
3.4658119008534456,1.2324666741324994,0.34897689550784916
3.3359975170593508,1.3888833253582418,0.37797705760597755
3.244547304486458,1.3399126271002118,0.711836937021195
3.472189597717968,1.2626026626740912,0.3135171696574828
3.342072899171566,1.4001749482311492,0.39045263716134926
3.5645088459944567,1.2663858886059818,0.19288214108103152
3.7739903195787003,1.2963863361882666,0.9315881684167344
3.4867169182917657,1.239869451645244,0.369700446319176
3.345258171325211,1.3783009977429206,0.40314452196530026
3.792122052159893,1.3215210183035122,0.9415597867320467
3.5037068643202796,1.234309649709353,0.34488357646857226
3.333954508295534,1.3603467678201846,0.41884948106545283
3.5512270240531922,1.2630060669012628,0.14087993639391994
3.7833508712272237,1.3437437751654717,0.8211538784023675
3.486819676697321,1.2341445448468729,0.3640634564393581
3.329725201204701,1.4026112284293482,0.3512522729429217
3.250627931807309,1.3485424258039362,0.7533776179329832
3.4694704338772255,1.293160175254477,0.38320110652074835
3.3587619609592183,1.3640664552021096,0.41956533282500996
3.745269702853804,1.2416202784432548,0.11542234643595872
3.7210690254619023,1.3192933543575442,0.832470475481577
3.4819194597381986,1.2360107662346893,0.4109498393417921
3.3484820672879057,1.370929214644793,0.3930007058370524
3.733007835573715,1.294568752189542,0.7950998545866208
3.4350513748062004,1.3075531469376964,0.359719797900486
3.326305325173871,1.3743897410368033,0.38943193745639193
3.55560701168303,1.2655180449966998,0.19794409516981437
3.7288383715450504,1.2980593193218737,0.843753157519056
3.464030437265719,1.2667276616317797,0.38470418659956884
3.3317152810450064,1.3937726942641053,0.4224410184196479
3.686099457902646,1.2903612604052568,0.7663077722963705
3.4694542214141673,1.2557413337428518,0.35898657138756396
3.3565234489644142,1.366179439813994,0.4133543502354058
3.551193883871355,1.260847067504601,0.16413376389508572
3.7150010343254927,1.3199188454863768,0.8690841770181141
3.4893729012102996,1.233113384514416,0.35301195100882743
3.34585326408685,1.4114348614337175,0.40239979175632556
3.7306589357789752,1.3248370630396917,0.8109958167645002
3.488334349900324,1.2322685482975233,0.36072917272331884
3.3533062287218027,1.3653489087115398,0.4401326300653394
3.730536388631746,1.2185911899641002,0.19500104142769592
3.843598529715981,1.31444558949284,0.9825546679300736
3.468731336296664,1.261276101728475,0.3655114022236252
3.3338870358389854,1.3646415208025457,0.3990866080838231
3.7265147441191946,1.3502816893011094,0.8049803374031512
3.493716887635406,1.2263165478074376,0.3234015565781143
3.3588182277427707,1.3648195002680206,0.3842716357070537
3.5575839785017442,1.2914416541732403,0.1575659581115938
3.711195873878473,1.3171869262564444,0.7654194247006634
3.4884366314687303,1.2307694915136336,0.34535597306477306
3.3430377791420605,1.3532246089690123,0.3765738451061027
3.715584444576988,1.3341355066341392,0.9203700382073661
3.493729046982699,1.2903200139919586,0.3770779215699307
3.346098119962734,1.3807692260300326,0.4190393814572886
3.7131797548358447,1.2541571615280518,0.19142318333901476
3.708191799841351,1.3556861615360534,0.7944921852536742
3.4852718633124806,1.2351381542539281,0.400939179985472
3.827180549847391,1.3579572176624852,0.990679376784799
3.4663245007883514,1.2615940328968756,0.36885790489143067
3.3317174268121765,1.3624303077381823,0.3993832603908438
3.558694293802607,1.2541129348825788,0.10712920976195184
3.680115151685843,1.3637380336164544,0.8179919713131925
3.4879259388824195,1.2357736589628674,0.3567748815132814
3.3124930219046234,1.3045938955974756,0.8237891784727513
3.4916762630573333,1.2919842948476152,0.3864621957354777
3.3459231207291427,1.314037536103476,0.3657298830416651
3.337752516185322,1.303415511795587,0.7996714710817319
3.4737486167758043,1.2589522358879068,0.3190651400033371
3.335077221362264,1.3370564917932366,0.8247432699894235
3.466699056368694,1.2634054180126768,0.38278193687053297
3.3626131361910927,1.347858522124479,0.37832949985862196
3.5629660393996785,1.2667826171130818,0.18773127176641036
3.7242912524945773,1.3057583319127868,0.9970897369044385
3.4456462194142614,1.2606942411986806,0.3536226601785548
3.3608722037610086,1.3166514381392889,0.36242161675219053
3.4169236953407705,1.2981062877809475,0.861043153081825
3.474649362149792,1.248063301986449,0.41954593151379127
3.3489450761593416,1.3032010542882935,0.4068375958284385
3.690340209085049,1.236800170133132,0.3349203326055681
3.4314770035391753,1.32299599481143,0.8728656147641454
3.47002165762118,1.2671545500884882,0.34895123570914066
3.238946136918673,1.465399951979449,0.4454784512652705
3.4374028972052573,0.6349944961139278,1.2506617750906721
3.4881414692736543,1.2319592001977862,0.38195870734704207
3.258780654958051,1.5804853128945795,0.4642268234247897
3.5304328712519566,1.2398285628598067,0.22261378625628092
3.416892224088953,0.6522457488712881,1.3038988538653413
3.4826499742500827,1.2401191951014863,0.41280938498664366
3.237286028385302,1.600501625063655,0.625536268837465
3.3768810573559707,0.6494618543922284,1.2787249522046
3.247194704336314,1.5128069820200414,0.43088920167063627
3.536687067294953,1.2145823008519392,0.18393940320789604
3.3902038872920266,0.6340618622571674,1.2772037225120592
3.1804837567148345,1.4955656236335009,0.5649028499426072
3.385782176411674,0.6651414519099226,1.2973781059473093
3.46812837572207,1.229780650478058,0.34656389095264206
3.328534777262849,1.3468929268998664,0.3001324404860801
3.540995767771052,1.272739862811795,0.2231372193278458
3.448375873672277,1.2547110078754036,0.36608798773537177
3.4479717541887123,1.2397480965910888,0.34682755208989446
3.222458300407793,1.4903593964428201,0.45469073623413125
3.5285822662776605,1.2428650618179966,0.2217808262748595
3.4670240208855665,1.2652344461029525,0.3879802067773097
3.275237497054263,1.4352147300023304,0.529488751446274
3.470714978835461,1.2602158543299926,0.3763798617962375
3.2147356843652233,1.4776903102587522,0.3652887192782708
3.526405266275045,1.2288279298564397,0.1403038426204759
3.447068624628981,1.2562829015336439,0.3697311725125192
3.1891264300359166,1.477457732939836,0.38534192647478815
3.459203653227503,1.221849060568229,0.4220750757154179
3.281276401124599,1.4117868864581968,0.40164626986254315
3.5314757140962714,1.2377764941935738,0.1821253061031496
3.482833794970926,1.2414813996239122,0.4139850567627792
3.3416485141091785,1.3228229029267218,0.404336018774089
3.4862899106250613,1.2349461080925883,0.38863266899929094
3.3182212665725497,1.3690373632602737,0.5235344860530404
3.5878116390352623,1.2527491806394215,0.24467769647169146
3.4766947550993517,1.2392122508460723,0.46293119730509824
3.2688097322891214,1.4323852975756406,0.39759047194588426
3.2301120134823686,1.4056238855301402,0.8204081051121446
3.4817418379002896,1.2383630038855609,0.4266229695627102
3.167730031915811,1.4183915577945483,0.33619456065850883
3.5508071689437184,1.2378684045538426,0.19111036327264497
3.2736000382854584,1.4640317869926733,0.7977277040766593
3.611087490777165,1.1093375473684832,0.3944108324754876
3.1868297439089646,1.4227763137885867,0.3733082259385234
3.2763518654708896,1.4366713482800515,0.7811241751845661
3.5041689195174173,1.2721289152159752,0.43596248064154386
3.22674888107224,1.4648900938589957,0.39766435190058624
3.825967237722399,1.2438275576011475,0.1671151732248206
3.305683549001908,1.4122690880240683,0.8233828536230507
3.580370595329029,1.1348275923682438,0.5160208439958986
3.247485574997051,1.4596032811903101,0.4969259006410469
3.233498272494213,1.4370616394856546,0.7310799979133076
3.6383275281551932,1.0671908655348648,0.479859362883988
3.2522277204413634,1.3850199907854948,0.5546723686637849
3.90496961652719,1.2991326797419247,0.6126118961244253
3.254370865006417,1.409811350154211,0.7427765745901171
3.594157387810819,1.0868836436990517,0.4592812474009975
3.3312680077994803,1.3657266829420087,0.66620380133745
3.311761553718442,1.446294756390832,0.689793113570395
3.736123727922217,1.4193207941866295,0.6659054204957895
3.240805801798796,1.3771481247284474,0.4170900414181178
3.457504444047935,1.1972139845747554,-0.02138329319898813
3.357515031815239,1.6668442158774788,0.6846945920332783
3.2012700417031157,1.3936164108888625,0.5242446753715355
3.2340809674899846,1.6635577350444721,0.5177656507034358
3.743542598701033,1.3432244995113465,0.21410887428654513
3.2166818951878433,1.5598252705757618,0.4992512565690743
3.4939164439821577,1.2322218182570235,0.1808865726149731
3.5125314510136083,1.6340280449365074,0.5604702314744143
3.9286381436610864,1.3737314673540488,0.44732589716764193
3.3501109429880334,1.4224575481551776,0.6159448089336814
3.1799167973449722,1.6170557419107021,0.6706503076874062
4.0257124119849035,1.7243884460557746,0.5541862928020707
3.2711455190622702,1.5530820780479284,0.39876864711701554
3.793070719667331,1.2108403213333467,-0.05218663543901236
3.295738156590444,1.3933410374359174,0.3988593653832977
3.9331969452217046,1.7017051837181758,0.5743593649351801
3.11501401619155,1.3837766379221967,0.4629451149891828
3.3609332389160484,1.4831701227630734,0.5883019041558595
3.802707598443555,1.3886664836652085,0.4383988502167131
3.177342353578874,1.5335915980437624,0.44045676011267276
3.978523177233222,1.6359747325930418,0.4006535545373622
3.1952518800487506,1.5609786204273826,0.5300229282546964
3.9277431203328836,1.5706586529494828,0.4033064677796814
3.8488115518446824,1.536365240524141,0.3666692224092538
3.2180046414384744,1.5297826229058824,0.5400791255580859
3.9108349518753815,1.5497080975982724,0.4003084138534556
3.2145780896875613,1.6935659312304117,0.4098086786538151
3.931681795181554,1.6873035097570062,0.4584019001063473
3.30877488423725,1.478189558752663,0.1764513017401772
3.653936792219503,1.5586241178000582,0.263541835748613
3.17529457644357,1.6861536169747082,0.49156398618757025
3.937516851370799,1.7478459727123685,0.39108438676997115
3.193001685543803,1.5988356752779804,0.345796809002632
3.9849976720389404,1.6429899607137843,0.35926084215122756
3.228070673648573,1.5371074375449358,0.22985816433975081
3.8501416890711186,1.7589497217489811,0.3576094955235396
3.1716307982111545,1.4999348824202305,0.3502166720772739
3.97928277881118,1.6334563171961072,0.3076407777300161
3.303943570246122,1.6071203630958713,0.42216510852830824
3.1557897912925523,1.6418122921676177,0.3623113779654046
3.9269057942996803,1.658731427851426,0.41387529481313523
3.2198500012041342,1.4452475028046314,0.187898388283551
3.724046158200119,1.593937246466306,0.26455696241947213
3.2210864399308416,1.6391205464674008,0.4092791212052065
3.8236524317837954,1.878392182103568,0.4730059912570288
3.2022942878986296,1.4709511708466767,0.2993519772937703
3.2672640646714504,1.4095776999517122,0.38906092835752726
3.6273593200596617,1.55428370766078,0.2907658092947907
3.2367262215726718,1.5074451867098395,0.5593996128811445
3.650162864605727,2.0215785098220973,0.2020600937756618
3.30107897107501,1.2348266603870253,0.39245919765757065
3.1810578686419286,1.5115883054791504,0.4893605515563102
3.6805161717279407,2.0212642741415934,0.3610891251609514
3.295027192401658,1.2826800099981053,0.3447985206433526
3.957853717346385,1.7010799310079172,0.5409249750435043
3.1856498103843847,1.4766970584795576,0.42654309934141077
3.188677726278943,1.4688967179947041,0.32045062012199077
3.2142302369875493,1.4553810074544382,0.4091392291086471
3.2891661485878054,1.470390171942105,0.36657403379476494
3.630534817051757,1.7772833948322035,0.366166576456852
3.186786113309855,1.460047335784345,0.5206672643176746
3.732512401776164,2.0531138961836555,0.1878246424392951
3.3376781295901177,1.2667960877625115,0.3736053252803646
3.1999418118252745,1.3887837856036058,0.405712856219542
3.7007548092508835,2.005815227384937,0.20792438596064788
3.276865419080093,1.2129407889700974,0.43642954262221734
3.4392189314862693,1.9848423798970594,0.4546174523258568
3.2463039725424507,1.3937675682647648,0.41770203208766454
3.612068344792142,2.0690097393479485,0.28745998679566953
3.261401590346152,1.5631717136801238,0.6593799042063362
3.3358256172672265,1.4312787969738068,0.4174410531593362
3.651387382403715,2.092723089134421,0.29432122623547263
3.2895638307698625,1.6033416671168865,0.3028482068241909
3.367831641947005,1.948487481271813,0.17618191855721976
3.373762542403149,1.4885426469091043,0.3990271822549909
3.3146888569746142,1.5504896336837737,0.21800239856328796
3.3455497572416713,1.512778014163303,0.40735365282546154
3.6235605969141496,2.1249849368908924,0.32199157895128594
3.3155457333309166,1.6132274548683299,0.23084600698538638
3.399803811189223,1.9739039741415005,0.3636655060419658
3.342182810134352,1.375071975786243,0.4165513942614887
3.656947541976707,2.088496643073505,0.2362294238137388
3.3862652124433574,1.4928841299319653,0.24106268978940926
3.2883078417200573,1.447748394436379,0.5196297859057799
3.6158711210534173,2.126922803060189,0.4333111469222575
3.37294452827447,1.4598571969715972,0.17500053963653994
3.4267329507462674,1.9846239884832952,0.3667946007753011
3.2467858164812617,1.393308970137717,0.5587250075343777
3.4077083406040405,1.8718520029914774,0.2978999187891529
3.4253932767768562,1.667505112164547,0.16707593846872326
3.2672621573228557,1.3990303006574787,0.5771408751942559
3.16130393608069,2.0092253282485504,0.13562987005258376
3.4485315610013436,1.6574344308089832,0.20219672251803034
3.34935157982865,1.9690712296469575,0.38501708117174194
3.3000566322280913,1.4441871361968623,0.43105007460144784
3.3551656551833506,2.0404696055312814,0.27404694541895536
3.3653158491502033,1.655975666764096,0.3490995320603296
3.29375475247022,1.4707140635748552,0.4044749273940429
3.205869136002803,1.936854919838116,0.11597969454925416
3.4023062525458596,1.6488595875865601,0.3267226080634609
3.5810829900292602,1.9587039555853645,0.4670532159798644
3.257769998621277,1.4822696158091566,0.5133794642519536
3.1226393574557747,2.1145097784245737,0.16971369723062057
3.34516328073261,1.7367815627404626,0.08938660634437845
3.2724856698688303,1.521458953651146,0.40366653942659947
3.4858364384966003,2.0162829948754615,0.37725116246411483
3.3531143017694314,1.9402111381040108,0.38825519279668663
3.113716780728377,1.6946285628146338,0.4874416098849472
3.3909024537149444,2.033441502807544,0.010026518830546616
3.327720339412785,1.6952122114837331,0.44584859609681504
3.3875583947907657,2.0727736533753456,0.06586557122971604
3.316384489875567,1.8216824169341965,0.27932887044184707
3.427127056649709,2.0616571489450264,0.21392216274309694
3.3465949842717304,1.7848673704611715,0.4274918860448773
3.4085404214286084,2.1161610654679492,0.025927918069433065
3.350888664377644,1.8568660843147737,0.3246946793028098
3.424868040657509,1.8410982719247073,0.4324024443410477
3.3642815893745666,2.005985935083905,-0.2632146416848339
3.1916317324154453,1.2249027256637455,-0.08682715135398411
3.5857009193963236,1.9318096251848709,0.5342872232117326
3.33444374321015,1.7531815419794325,0.4697526208435372
3.1569344388681255,2.0844535408959777,-0.047546745550908875
3.3444456408237424,1.8872044902256735,0.24787435306759642
3.3387314628517046,1.9710980259443478,0.3900956053512121
3.1623195992075264,2.140390353048511,0.023353345816797266
3.3786689582452056,1.3257473451551416,-0.12341313673163734
3.509638003194998,1.8329248063715775,0.20116048090247296
3.3036102610791462,2.0019154147703704,0.38203875638227003
3.1645588264580526,2.125036912140019,-0.20501282399372434
3.3465422937667926,1.4090558016932733,-0.04878184315587697
3.3404645274688343,1.8306297891784606,0.7277194881544533
3.1587058888757293,2.048858363056714,0.13121411969829233
3.5203267847213633,1.3714203569071886,0.07420727823699269
3.412121945252865,1.9588578547748672,0.1443014217023184
3.2980181534171886,2.1883055722795386,0.7414256949665863
3.1792127472948435,2.0865187225837794,-0.17526146458288172
3.343753750120907,1.8143959876855529,-0.06483860375876427
3.3082336740734197,2.1367618607711325,0.8301327217878556
3.4123896893118877,1.8056970475953749,0.5143057204004566
3.3534671612595055,1.943301162032059,0.35442419361208066
3.150389610582967,2.055058438073024,0.029158543723776242
3.3246077849243236,1.840470515819422,0.5476291860519544
3.2137781953705344,1.9397751897414919,-0.052397498038649126
3.3758262935829366,1.72960003766437,0.32181979837084906
3.3366467308373724,1.9119698619698262,0.2490635699987993
3.3768352809896904,2.1503059431217015,1.041872791173129
3.0724601153628615,2.049698073274266,-6.461711808403159e-05
3.2627274360382494,1.847093426176683,0.6919819748665001
3.4211165243897237,1.9384499400980322,1.1097856058790785
3.245777544330231,2.191278413478476,0.04084691358633563
3.336769516403175,2.002718170108956,0.679089609846623
3.3995322524330103,1.835307323181344,0.2080231210513812
3.3651587313096907,2.221705868726757,1.2108246544736305
3.2617949809938698,1.9829628070690997,0.023202555383837864
3.3048240500412875,1.9805674156563382,0.7453017848853214
3.3534612007951465,2.218480065420828,1.0835265420922342
3.221887049503591,2.056030947436282,-0.0460245510082129
3.3036279040536503,1.9923026162861326,0.20283198880057496
3.400379830464912,2.1648263495327122,1.1599084612787816
3.1905481199949124,2.236908152259346,0.06873321019758105
3.429704123020125,2.0436231680092947,0.8391963825799922
3.2204226826197826,2.04562206933353,0.19335693676410348
3.298711951468618,2.0223061633098793,0.7536728993332202
3.338954145800171,1.975375970417244,0.23909840388606618
3.3645352667377013,2.08274217237196,1.2295320484412517
3.17132156932019,1.9713950954875255,-0.13079838293769208
3.2992986995801545,1.9916518527884584,0.7295436286415051
3.306785519652668,2.001844127616751,1.2816331819341857
3.0914520621603985,2.031531531611402,-0.13810995035471396
3.317354376636123,1.9843166669414367,0.7637932908368632
3.329675610141232,1.9627675617602538,0.20778391271882146
3.306970532466383,1.6978640220728085,1.1539752959290852
3.2439319461459966,2.0850164471491412,-0.015309528878922118
3.214470324491944,2.004874666110591,0.7616389406289166
3.2836679778441513,1.671499696162269,1.2018121940696256
3.4717792793514697,1.8603452073555542,0.08807161616636994
3.5343105109455863,1.914842209739832,0.0779860337740994
3.248839554080925,1.6511035832048457,1.143526721262401
3.308098013904601,2.0552787368353798,-0.1237485395070328
3.1295272700694596,2.049864489438903,0.7080389887891192
3.2052411414779,1.6543621690646966,1.1491044045226722
3.3032936412123766,2.0596794668738747,-0.023883914716408605
3.1146828527917436,2.0428762026170197,0.6680458232173301
3.3403159926969987,1.8120921490051993,0.4514725325598683
3.1450733532115596,1.6608881622716354,1.190690563776887
3.193722901731286,1.8224882717142437,0.00021373291835424801
3.0865892769174534,1.9780139527290286,0.7240248943729246
3.146103798290007,1.673231091846501,1.1191379319561063
3.046899736841301,1.835225664819757,0.004847675846358479
3.067140043294265,1.9560849275502108,0.6557271528840258
2.9842168710338823,2.0447787828373682,0.3247935038005072
3.138450085215431,1.731726492925684,1.2053722601724424
3.289117749617208,2.0484120434862265,-0.2401418185825719
3.048201502257387,1.9039771176957718,0.6551839757745466
3.095694720691396,1.8021725058162512,1.1759198180450459
3.1953195909238725,2.1889600312651094,0.15447135956525604
2.9521440891532778,2.058257776917241,0.8210226885836511
2.8323552064116373,2.2207238226205397,0.3259727220528872
3.1044372913951404,1.9152381037819226,1.1608436581236985
3.256307777504637,2.0364820548814913,-0.1064124993577309
3.079654157426042,1.9552253093817313,1.142281341856557
3.226193127375373,1.9954467612304738,0.25329967195980996
2.833666270152124,2.2369350935582055,0.9007955158968604
2.7144545987790445,2.326653433457748,0.22856404323728885
3.025891484160277,2.3403448584870366,1.1693760627349077
2.9428645998200413,1.9393449634247473,-0.085940316226087
2.829909270257128,2.317209673742461,0.9168612320973228
2.9294502171514254,2.393958996891871,1.2941621970517923
3.007350386886882,2.2086190732010786,0.25945131812754574
2.8015946803643916,2.414226721447207,0.9461830804524312
2.865091268766152,2.587372965590445,1.3252870262457725
2.6405083626810177,2.407893847285191,0.42223174651891493
2.8380450656890894,2.1063441806843852,0.9442784140930092
2.9287003907350164,2.3992046823565456,1.3169413033756903
2.810019915945644,2.430448721220703,0.3962209062668478
2.801261371197416,2.039608437642071,0.9136974176595796
2.6999945122432205,2.495127865643879,0.12241157194493013
2.8899621407706197,2.3796898836578335,1.425796189566181
2.8076023516014854,2.2457210564278864,0.1852315573571468
2.6592907395516794,2.399511050224108,1.6134132467472293
2.734250969846522,2.2286848572242546,0.1775825382551346
2.780323690414407,2.500251480798676,0.877974805532316
2.789732879452103,2.411904286118083,0.09079105564059065
2.7514235445030066,2.4678902124968563,1.4626844300872746
2.878374759637437,2.393518399367159,0.24244936200091805
3.2340325685193854,3.3523132109943834,1.4219545511309613
2.6504289595607475,2.488872477518405,1.460382260365281
2.8726639195254404,2.3210136420902874,0.22749349914982275
2.6303247901137516,2.3770353312551573,1.0723166969282096
3.026797713161475,2.4888443441266754,0.40946985606204134
2.53176731983875,2.456953237252741,1.4504238742806619
2.945737305222682,2.466607758987425,0.30510758041268193
2.7398971985248632,2.451904962367321,1.0954127807423086
2.4827045919296324,2.30473513711476,1.38891426713722
2.9313201340302455,2.414152096433552,0.3618219344413742
3.0684544448947917,2.496865460211034,0.9508247920074289
2.6508249728127833,2.57834405419388,0.08667921445857574
2.3919465084781497,2.318986607374323,1.2914599609675883
2.879213754600661,2.359541606808061,0.026104111256079032
2.3529569653363622,2.422954510184837,1.0043421318123593
2.3135964428928477,2.304819298871374,1.209289596503969
2.8648428366116536,2.2212659864577664,0.27056746479315064
2.2458965350248623,2.604897684452159,0.30886842475463916
2.686280437426615,2.3800475115188013,0.07260395805020892
2.1750969472714314,2.475630709919641,0.9973569445179351
2.8643850729488536,2.1273524333304983,0.3193172676422156
2.159714896108501,2.4109549033565005,0.3485974821543554
2.064032038584734,2.5397550543211684,1.2201561189256913
2.9256956014421727,2.241060688562329,0.36876396797443967
2.1365239213790765,2.2992858421879077,0.44502304199225673
2.8847066801356793,2.499365278959198,0.5464116420142793
1.650204746717566,2.532234140405018,0.7320606134960084
3.0538949378134537,2.355665636050893,0.261953968065465
1.986883721823568,2.3344528202683064,0.4272306090933353
1.5914209782754698,2.3922476283678535,0.7423002142851729
2.923360053087599,2.20339413015234,0.4141889344433427
1.8521701939539343,2.340980720823837,0.4692430011479325
1.5060609297664038,2.412933300683374,0.6680377169859144
2.8802086753115264,2.272026731369227,0.5282848568717913
3.5489842205240496,2.337289047624354,1.1366394047913904
3.2253028724186574,2.375020455886465,1.0704731253276174
3.06439465341034,2.5938586660583813,0.428699148281676
1.742267933445176,1.9438446371714424,0.11434517878256578
2.7392975758103106,2.257907106581074,0.4611206168742745
1.3734702808830024,2.5947317548762903,0.27920173373883816
2.8300415925659053,2.31345696538804,0.32352583225827036
1.828347767630279,2.3811182493345386,0.3152221306613343
1.3690610869778046,2.5272891007621303,0.3443752382727865
2.825820391706602,2.3492886544526907,0.3767232441431825
1.853866065273462,2.416705559360861,0.3443139348977071
2.6794750176396644,2.4150075422769866,0.5189922546468104
1.273400760009317,2.3977958670029067,0.30791981686510095
2.7272242976225516,2.242464973963062,0.461396258544722
1.2980755327363618,2.381337832841173,0.23963156741556157
2.752242273887409,2.27383251364854,0.35510338851633994
2.6991791207188593,2.448756168260787,0.4762264897100381
1.273351288155134,2.497092434693461,0.4078797234024685
2.860496466000803,2.4510757425670238,0.6566389251043379
1.3263395778913303,2.3401343348862134,0.21261549486333386
2.7494928308877205,2.2731325167153393,0.3709848667660287
1.4781026564330708,2.414239119213054,0.558389314186349
2.7006148773737433,2.446662853181256,0.5005830031022787
1.2727981570625848,2.347473812267567,0.2413782963728277
2.7482597300210547,2.2245087174824474,0.3325357296626368
1.8278299224867371,2.504073330539551,0.23880631133421693
2.754208273451703,2.269062711657526,0.36445616162818784
1.8451271900576196,2.487288424512892,0.28825377162563637
2.688367553626691,2.394584368811417,0.5689428526289346
2.740047640645294,2.2541167280919643,0.3653741327313471
1.4901338537424527,2.4119538771814706,0.5442501988538442
2.756504482741505,2.2801174656771868,0.31429751364050706
1.8127807036536336,2.527535863986198,0.21406904348402023
2.7117704824687343,2.3982402792248028,0.5158184266290831
1.2745069029851281,2.3379942897661827,0.34754084084981307
2.7674626772569138,2.2781006829599026,0.2445032336823305
1.836742485634011,2.5266990147915336,0.22321640409575338
1.2688966755115176,2.3312174802194185,0.30737815967401216
2.746460623458823,2.2918662561656977,0.31747208671626925
1.8508476861218783,2.4870674104948143,0.327626393261643
2.7102786974488717,2.3999702443975908,0.5038897494733627
1.281117177168953,2.3475615503027907,0.30942370160659904
2.8834885996391986,2.4542614915525243,0.2707206189227245
1.8272270811214308,2.542862840432978,0.2123795200826437
1.3079836126409372,2.3340599064583896,0.3790958069482764
2.9093446171929833,2.466935584526646,0.18046711984270458
1.8521744854882733,2.443663070683459,0.2570829276474451
2.7108208612870004,2.4286488994057387,0.5447909321729703
1.288417315497731,2.31098432635731,0.3405840551676642
2.8877341191930888,2.43368644545533,0.1704207126018884
1.8354941259785857,2.5302006683875553,0.20927295590427186
1.2861853600137225,2.319562388230481,0.3380544341288956
2.862492506305468,2.4345228178128466,0.1639919644499579
1.806003536467747,2.5004505603079474,0.17961703842764987
2.72352094190679,2.4170786844291374,0.5245540830721069
1.2273674977154911,2.3360399727152807,0.2916996054306027
2.9143559372077648,2.445162723513784,0.09615169604482832
1.8170650854351467,2.492996403592511,0.2712127744580006
1.2663575176944275,2.290674401714379,0.2571467940221632
2.8092679437620665,2.3057212363367348,0.16798161611431284
1.801092829091351,2.50554270421098,0.21048281094303056
2.722576327515118,2.423521231135184,0.45909542992719055
1.2959679125388897,2.326804590833651,0.34516786081221995
2.7551614709120527,2.2461046719134177,0.20409773809308263
1.8029639380630438,2.4748343918825526,0.23634142093748656
1.259444690339721,2.337923479449711,0.26885287763949317
2.8629767344300237,2.344536018599004,0.35136307797381394
1.7931449074959973,2.4570853211427255,0.2535811846875691
2.7135614827994368,2.3985933771328645,0.5636420925389305
1.2593855625332762,2.33224172641323,0.2813263412300471
2.88703006914296,2.3900117389810833,0.19528914046848067
1.8102044717482284,2.435846756154149,0.26877786519657865
1.2877189874933876,2.3351130012996526,0.2891068928774718
2.936929884666707,2.5161716426575143,0.5388298122458193
2.7140459493425664,2.374201011247701,0.5258369537982477
1.2727010014935272,2.3568996905898056,0.27678220247524865
2.9463047414296932,2.5362598380266443,0.41628242831103046
1.8286802423322446,2.4729320500807783,0.2622572960924747
1.2746343377131313,2.345385742396663,0.29085178899197306
2.9696511650696107,2.4873415918548893,0.5707539993038644
1.825549329613556,2.4154428945930713,0.30447898985012656
2.774555868263134,2.328788233369152,0.4360887530772324
1.2564251190952658,2.364126157567093,0.26074834495634236
2.863630001323809,2.354343128221034,0.30060191645478573
1.8454434522965277,2.4184348092779278,0.28059907518140115
1.2900900602155434,2.3393370631748294,0.29448007260843023
2.9677359486616584,2.4919216126610158,0.5977069207370871
1.8729180935517413,2.4209136471915813,0.2986654510184512
2.6945478399116314,2.386985730440149,0.48254437322643384
1.2846169234221991,2.347127390079576,0.3283050815264388
2.953516664885953,2.4885265321675623,0.4199054667189246
1.839125479284886,2.4278120502110743,0.21068522830984637
1.2439208993343245,2.322220278493193,0.26670505413992873
2.7399246166609164,2.1705407659138287,0.24758731200922113
1.8665271644563417,2.430290172869007,0.25965850386578215
2.7465938994418986,2.379688691564964,0.4366708520184346
1.2754010918483203,2.349769544716405,0.28942443661177997
2.810932343829776,2.298108292851028,0.5883763503546677
1.8597505933168899,2.4208826527769647,0.2721253811433113
1.2791417600709716,2.3332986359516763,0.36175839589219105
2.83631367000198,2.3783168310902916,0.23071574103863268
1.8721041325388266,2.423243711915073,0.3013752866946071
2.724389977610386,2.405536602844266,0.440972131656304
1.2781761648447543,2.3470205785584337,0.2994896342162263
2.8388211181486787,2.3649136541169438,0.27528901676712647
1.8764757755185608,2.4544505574816893,0.36221043750288895
1.3686302646139095,2.2271875885796697,0.34193374269834
2.733760542839034,2.2287539986107086,0.21398227402532122
1.8857333303429542,2.464946935201091,0.324734018367032
2.711414285118619,2.417384337040978,0.4557891603932487
1.2717702153791683,2.29899354101621,0.32645364211300265
2.86889142242311,2.3441173555830974,0.455358129419124
1.8723252657665588,2.4885425062120192,0.3540795297653163
1.2720155480922002,2.3569504737460627,0.32136641565568924
2.7599408096539677,2.26840729899766,0.26253499412309744
1.865944707879144,2.4572329022400177,0.22686891699949308
2.7642704909646114,2.3687550541808853,0.4751858820543986
1.278366899704254,2.321067286269433,0.30474968433522465
2.8619479582815965,2.3757688517901836,0.4039456381663269
1.845071876948365,2.4638044333945865,0.2983574738293062
1.2585707670553503,2.350245905027214,0.317303167158685
2.8878812234534776,2.377838086593743,0.3651411679851164
1.859056318428311,2.4430260162537887,0.2829542930354516
2.723247237383408,2.4064232815208917,0.38457469551317125
1.2906732320484642,2.337154341130056,0.30210177788289716
2.9666366006152174,2.5484840351516684,0.21690293132292204
1.8592867499804442,2.4098693835891765,0.28727098047347477
1.2858810187035332,2.3471228601266705,0.3666642752239049
2.7780212822416703,2.219742014932896,0.2075619003256981
1.8450842747142322,2.4292668803494912,0.2607130888101492
2.809155171776387,2.320022297659685,0.3711909200160528
1.2941401957477336,2.3459913255745684,0.356668308412025
2.933122578452519,2.5136076893129498,0.09212406877245405
1.8314240824954353,2.4469141463582296,0.2997201849744251
1.252287841574142,2.2982160580464663,0.2909685842894627
3.014297188888437,2.5856954525039324,0.19535458636623204
1.844126189673108,2.4294375880484593,0.2844814235876263
2.7512340017363788,2.354796361930167,0.4397994699146279
1.2428352603559094,2.35189242369911,0.24952414997457262
2.8517035889778657,2.4093501079350514,0.3280433277377546
1.825181330544009,2.425347755830433,0.31770061091661406
1.2754361393787532,2.3151607045176896,0.2762548205961013
2.752019829357518,2.253321602147746,0.257612514898375
2.77075261516471,2.293793155080592,0.42685185139091164
1.2826794148775431,2.3160039910138526,0.3137349948244521
2.766259378712045,2.274008228137562,0.1844780354633646
1.808208789071425,2.4114853846836026,0.27826239437124944
1.2920399665260671,2.3358125213957055,0.29949413436675476
2.7488700815714537,2.2038354429327742,0.2148816335787782
1.8220349206179867,2.419820736448464,0.2852080041828806
2.787631934974713,2.315928650744475,0.3538625688656669
1.2952619551401663,2.334890318351557,0.31939984987476056
2.920353594864734,2.4810912105194696,0.48691372136633615
1.8025625603930837,2.4483041266445245,0.3246328096836242
1.2561304337373387,2.3630215643138506,0.2454361655508226
2.938634100636337,2.479513594815454,0.44242964398573403
1.8223110093271122,2.390672158431004,0.2903722100363195
2.7290453386936258,2.3598427294669957,0.4232503600613755
1.2903277635341954,2.33776040114511,0.29795639418816866
2.7530900903378863,2.255361034629558,0.20533036210537614
1.8294913423222674,2.38028831427852,0.2737320838935713
1.2819208861831701,2.3148474225114826,0.31122122862065793
2.837890093615745,2.367049884539791,0.42423613144567507
1.834210957211301,2.407100390270991,0.29003633787436245
2.773752874504641,2.332727861885572,0.38963915299694984
1.3462666023375651,2.2502648376107683,0.32257501899695007
1.838444555836472,2.408016394432216,0.28066639862539944
1.285108423313272,2.349226665623456,0.3164216442945742
2.9484328656245617,2.447707126535282,0.5749458746199465
1.845945084977012,2.419365833809313,0.3004760314492749
2.764742559741873,2.346895885644243,0.4198054203260504
1.2935904025152252,2.3346919540980062,0.31942628453382493
2.956818046885319,2.4987856834058566,0.20757096023139776
1.8452537903206125,2.427663515439486,0.2650967718666355
1.2632865672471947,2.3055805693780873,0.2731817840292823
2.8546857285061438,2.3879668228720705,0.26922156215729
1.8591535932066559,2.3956679812301482,0.3787652395995251
2.7650105422194704,2.345625591482085,0.44045360106660647
1.309920644348444,2.329585505080536,0.3855975707875894
2.7951991021067912,2.1965121780144514,0.24431747581316654
1.854821289291694,2.4415897827641424,0.2830470676619088
1.2926512717507639,2.346529913133186,0.35729222001012384
2.8505420136835116,2.3917655460112694,0.3882417817520656
1.8728959206243248,2.4560980298278805,0.31173090792090563
2.690560766092364,2.425861309438783,0.4249109752110132
1.3843149881570087,2.2034678014916995,0.30384947541560825
2.8599888728559595,2.3382701400562755,0.40164215714219287
1.8670035247679422,2.4652571177658373,0.29474462781532407
1.2817234756035878,2.3203432090602605,0.30487583756162806
2.852707808013131,2.3869313710052817,0.15583937552358074
1.877485001343889,2.4436890583080224,0.23597392851254462
2.7458347747010903,2.35501284599534,0.37623007532897956
1.2778237821918284,2.360570621373352,0.33576501980045315
2.9351891906551986,2.478172967173973,0.5132462478753834
1.8651417141206503,2.4772536251527124,0.3434888576302908
1.3468627679827894,2.2493233226621268,0.24445397044508876
1.848928893435311,2.449057290919722,0.3126844927981143
2.748549885426069,2.3550195217154113,0.42070768560584226
1.2710345748679353,2.3322500710633194,0.31567381464417554
2.9769405745625415,2.524059244340444,0.5211489890404675
1.8416800151000232,2.457594583216743,0.2591046575252489
1.2550918824273625,2.3523251534108804,0.3042984473872039
2.8476240087517404,2.3699066158932007,0.1909059491502969
1.8683573846425288,2.4559730984951162,0.28877677256354106
2.763943857517718,2.345406961649747,0.44156332030552714
1.2719926599090599,2.3378383640188005,0.3295035818807517
2.795309251488152,2.2805282608801516,0.3108377919537775
1.8443826088498476,2.416359614010019,0.26913093329797233
1.2795140506748577,2.349443149688629,0.30215119013174596
1.8592595702629657,2.407521437472637,0.30310617571805953
2.699371762926954,2.40212578672493,0.4605529422566206
1.2778066160544737,2.332960796832349,0.24600427230213673
1.8442985663023805,2.4325961573165267,0.2733538626329328
1.283758854973024,2.3177170284678876,0.3157022162564511
2.944289389220504,2.5382921179512365,0.4507007120407587
1.8509382851801408,2.424301336709241,0.3222373884980314
2.7039741950866834,2.40761871225082,0.4038141801267179
1.2439615497012555,2.3313512330394204,0.3076555298790995
2.7706083719272137,2.2829722896820046,0.3429500316597329
1.8141563788277757,2.4275736316370953,0.2904631369188513
1.2818596126095556,2.316142989042482,0.30649732226329274
2.76875085281426,2.276930524598816,0.3539127559748716
1.8131428614681089,2.4029287804820894,0.3104925022582641
2.7518386312409926,2.3565806865378223,0.441724640271159
1.3675485595419716,2.250584318499899,0.3068744706403619
2.878292982066426,2.374878596834948,0.4684982113343148
1.8359729896852168,2.404082249542997,0.2812122877461245
1.2646746401872038,2.3036529552074714,0.2932892910553546
2.912954989664738,2.5041505781575197,0.5122562147591263
1.8256581676927586,2.4154548155217705,0.31065090159640096
2.710518069697544,2.387846659910785,0.4721420815648538
1.2686635021457795,2.386250209139425,0.26045997769466545
1.8351183783053713,2.434736440855131,0.29138787314896364
1.2727937463189587,2.3181151874864314,0.26901702882565637
2.7878081263011767,2.2773720757978246,0.22612074462239873
1.8009386914830183,2.438218782546661,0.31717084485175606
2.7747394505654035,2.3255526549016894,0.40221913008411736
1.286393022592003,2.3398813727792223,0.2818275566710229
2.791490501182393,2.2470135235174236,0.3806102119092214
1.8450768837384264,2.427941511496745,0.2785158631145894
1.3003196475676635,2.3335725788931785,0.33752282032011194
2.795724576644713,2.255613996736549,0.2551517372219949
1.8214393510191988,2.4569961525960573,0.278260963859823
2.7957148014831636,2.3323466305857807,0.39740960165742667
1.2720552447848334,2.3514997483077673,0.2773975906094328
2.862306539817456,2.372023295992982,0.2733247457649439
1.8591694480418521,2.404340218440042,0.3063337373212358
1.3846524696490363,2.244062855245866,0.37433434966597234
2.762426084873249,2.278233005268461,0.20925483609287254
1.8614537364029355,2.4361068708183597,0.3115313813792637
2.742278761664292,2.3435191633809853,0.4530095574827413
1.2639246945615084,2.362655591802793,0.28509889788430676
2.8259820395000284,2.3761460299742176,0.29934503335288865
1.8367278228916872,2.4400591355192005,0.30213280209945426
1.3035783526422164,2.3298410897918407,0.35940568143313656
2.7936665475107105,2.2915269865349264,0.31793402269766524
1.855704749319039,2.446131895017006,0.2978727688743754
2.740318960982932,2.3439325811882643,0.4577614482198824
1.2975963114018687,2.33523268742379,0.34301246752302483
1.8354158054769032,2.43997402008829,0.3219741445932782
1.275869941974828,2.3576526164464293,0.3305999496796941
2.7669200365816375,2.265201046014797,0.2693269729680128
1.8652851228931369,2.4651777243807027,0.3702577497289896
2.7710189287122864,2.2959205640162015,0.42474101257218044
1.276371455446025,2.372906398390998,0.30413101794568886
2.882016364942435,2.424117515988704,0.2884524637022794
1.8755670431223315,2.4921230763560276,0.35241509991854225
1.2928049325219482,2.332668257242078,0.3212483686607015
2.8645460054865572,2.4138154494070942,0.36314581316173444
1.8916710257284686,2.4269375308817214,0.27294601786484196
2.7731856767162033,2.3519603729926932,0.4555719014703856
1.2712007526142746,2.3322422032503782,0.31626026472429913
2.8342637470995067,2.3599121092720234,0.4734358003359773
1.8289202106273525,2.3779694552280053,0.28656570853800734
1.2834889651468322,2.3582074164680775,0.35969065123017585
2.8462111402799954,2.4001788606498216,0.22536780387388355
1.8446887382993447,2.45506663107685,0.3076962696524266
2.805847829312662,2.3117134103565355,0.4194652268274932
1.274988508505365,2.3123378286017853,0.27605487682195995
2.8690130158960407,2.4113344657262745,0.32252426564363934
1.8656185512694,2.4164885984585407,0.32363627966130615
1.278097009878062,2.3439044477965347,0.291456925127602
2.7763497296167294,2.2539910815034774,0.2338837725048517
1.8718887213568791,2.455900619248626,0.3057676720289366
2.7413656185244366,2.3455461980969505,0.43176911520939276
1.298268413363031,2.3383583549286473,0.33161272196716407
1.8467241176687812,2.48542995172873,0.3029614258431148
1.27125010525917,2.3366295818487295,0.3219824892432648
2.9456273942598954,2.5073594537446957,0.40605999365898104
1.8463101038143799,2.4229506954876534,0.27316512453163067
2.723381467040781,2.40717644579609,0.3982380465871589
1.2773877146192971,2.3222898967167946,0.29259021800273466
2.8712522431465675,2.411282728895721,0.31354163736333596
1.831444586492832,2.443061063784164,0.26726781137455524
1.2755659582925003,2.316113663557882,0.2702332019565479
2.948042097581162,2.466175744531377,0.571955450087994
1.8339266430613592,2.438281486631617,0.297209577816697
2.7560471959158543,2.359792899985034,0.4622815961059694
1.2707171205361554,2.329598379683531,0.3155528470216924
2.839676802412109,2.4189853177652436,0.07247216473448437
1.3784349900664934,2.2036351713306326,0.3000247050942899
2.7568551964644104,2.224507048552429,0.13034129911202452
1.838001693334571,2.4329792959649104,0.3125229642162326
2.7370020817762315,2.42945380051149,0.35663045946387184
1.256443238906918,2.3348104481292737,0.25043847029336264
2.9906198402672883,2.5839726398883642,0.32595707583416234
1.8110847131248193,2.435285041993856,0.2876585894653483
1.2691638235241045,2.336913538370338,0.3073582815256515
2.863628332393789,2.3841707223371853,0.4519875464756431
1.7988943714170424,2.423541258295398,0.3048774766893039
2.7525903650059966,2.3574966906990475,0.4239519067066704
1.2876214742964682,2.3400980952629684,0.2838083381592498
2.782691663695096,2.2534718058493524,0.3168310983880196
1.8222851409117926,2.4232270226148946,0.29979829685876314
1.2623821263853041,2.3236612803543184,0.23230760223284563
2.837005083867667,2.270788623714557,0.31428034750339195
1.8010222571933365,2.4202806458776687,0.29566525132508614
2.7763282719450357,2.393947075963172,0.4315180008494415
1.3560429559797986,2.2538356325932436,0.25091086688956366
2.8901373784227857,2.3659479138908623,0.4750180353803841
1.8243888272027877,2.4520077207727056,0.31273444148874785
1.2710294488685863,2.3436443331323242,0.22425784621639178
2.8449332167213477,2.399598549840758,0.22948144809634186
1.8054115431475743,2.4554094769862305,0.28124119599786335
2.818108742918453,2.2667476673041955,0.4148326943874807
1.2801738740794395,2.3354320053516355,0.25518240381069557
2.894375745419444,2.408922623431908,0.3776710473700433
1.83122130749793,2.4426285724909667,0.2511270231265357
2.86868542877485,2.4003939142035504,0.20027363832399558
1.518194647062767,2.3454257967170915,0.476183693576536
2.7249311877742164,2.407174538447498,0.4116775524252587
1.2819791795246043,2.3830646985724986,0.16324948431624708
2.8450290609882463,2.4014889707138334,0.1916377898552748
1.8344523560178554,2.438048790103414,0.26540656699738463
2.9250680837544185,2.38307495057118,0.4057857824999598
1.8473331579170211,2.4593202568551993,0.2982240786388075
2.7160145715111783,2.4326376421483986,0.3564801961594719
1.2604940896948311,2.3251227862128068,0.17121014629293407
2.8428651740072217,2.395248841377095,0.17403491462149367
1.8589790708102136,2.4041137207947623,0.29620908408563573
1.2995680330119472,2.3336767678100063,0.20424460393284538
2.8137344773344015,2.2778000371381157,0.33198522118209794
1.8441673168771875,2.453973481915158,0.2828221793447725
2.7014398056410798,2.4048211087037563,0.46005157780403816
1.2661063437263238,2.3681962010434794,0.16662111034097626
3.0011615175332644,2.550307460405456,0.261369753159445
1.88168128746217,2.4481589297329713,0.2858605260095044
1.2648466591886152,2.335171413850277,0.155089876943185
1.8735313061250336,2.4453231792140717,0.31748242812178806
2.743178076526833,2.346924734291694,0.38751436669181283
1.272939539277189,2.3338353161617014,0.1621795660775298
2.847170059786131,2.3662967202645935,0.21484330779348304
1.815332020818017,2.394508790123466,0.2789115783378786
1.2771661045544156,2.3614754198616,0.21425974853853336
2.943711224177646,2.528207965946243,0.36731894281766797
2.766003317163167,2.377196263792593,0.4317368094930163
1.3127476925940917,2.3249506480023943,0.25387616806459223
2.867975656678937,2.396558713022533,0.21168649690126395
1.8703266028575762,2.4230346188256937,0.30830766427554557
1.2982402799712547,2.3403229239782304,0.24497411036014105
2.9674364949322434,2.5015282122623304,0.495687286362156
1.8695178870532971,2.45632452747316,0.3084040151805685
2.764367527324382,2.3689972874520473,0.5044376353496203
1.2871361732883289,2.315386725325822,0.18722238222767928
2.8512744355439907,2.3555235385808015,0.4675054960091334
1.862421119768461,2.4415363770035707,0.3243908744386579
1.2872711182014247,2.345098924852167,0.1945482398578029
2.830686514809589,2.2713901537767045,0.2673923850779252
1.8544876224968565,2.477313706633355,0.2586797658293285
2.7675039236702808,2.3501424313661072,0.39142693465191747
1.2672647003699231,2.3511533261197766,0.227144379856012
1.8665061836217967,2.412976931282412,0.3109757170971261
1.2761043074334382,2.3880879395076513,0.1634949064328146
2.8264021330280764,2.3086423407051186,0.26911415459103516
1.855753625126786,2.444680402738625,0.2612981381811681
2.794420188624309,2.298328830031958,0.3877070983041797
1.2550687558256484,2.3636571882320774,0.2155006128926884
2.810106461888142,2.277297450784169,0.3134698435711307
1.8460485586382909,2.4251553520412323,0.27766530486239294
1.2745414736784122,2.325997543960734,0.1896774676606754
2.9003734030764137,2.436885069043825,0.27389742717259
1.842711175434194,2.427419374819732,0.25488384415510645
2.719390101687175,2.3955854884035523,0.44350941189166737
1.2746059659027809,2.3317954068427427,0.19414774136193236
2.917253676560714,2.3941878787228905,0.31645567854559054
1.812397088167465,2.4356526834349306,0.2855554694478546
1.3071236368431678,2.326767874373258,0.24130745625490646
1.8201672687156227,2.455761382801423,0.2759131965861177
2.7548481889053242,2.39082593841122,0.4433301509285643
1.2458309897429274,2.332338285935691,0.05859125671441956
2.802677100692053,2.265912248620975,0.3797971151749999
1.8165728702883501,2.427540491455313,0.22407678221284488
1.312745189199061,2.32721085608371,0.2545721416757887
1.7987016099996607,2.423456619701636,0.27821071714597556
2.7424704501980894,2.3771292681733045,0.4050925507023304
1.2887297630394492,2.3431105139451867,0.2054360709393126
2.8036374507096338,2.270012094419109,0.34084667322366835
1.8335004698596642,2.4357814294648787,0.2512320763094016
1.2753027441863907,2.3593599318546894,0.18576174065450424
2.8867763917798257,2.3626803873344873,0.48215867158312875
1.8335824858492493,2.4071926582591208,0.33625264538287913
2.7438716361596884,2.3746425624467093,0.4508526740774774
1.2857485771854682,2.35290880207998,0.23427178382806368
2.8832141798600937,2.3781101221866523,0.35928677017082866
1.8286341083381032,2.4150452124116755,0.33051230105251417
1.261701560564752,2.355167102812704,0.19690011985185873
2.818629925922036,2.2868434920676934,0.27996038163189785
1.8206764115811995,2.423837612582853,0.2669337571542023
2.7944313942973045,2.2728645342381872,0.3607760517748504
1.2626392608177672,2.378687810391402,0.18546490953355543
2.8895859162602564,2.3440978052600316,0.45026658162521027
1.8532299645170303,2.411949824065713,0.2841584558308268
1.2656502489935448,2.3403195861181945,0.1918220874106913
2.8659889146986726,2.356871557198076,0.23822662638104686
1.8464291938922797,2.423797796680999,0.27443744523600255
2.755787319669787,2.328162861449606,0.3658048060776151
1.2723098758222655,2.338726711625444,0.2187115597016953
2.84621733916293,2.3648621557049645,0.23161659070815888
1.8601655608455894,2.440294693070291,0.3085436092539142
1.2723225120067072,2.338850450865339,0.215712373287257
2.946501675172127,2.4844083281392324,0.5010563831750854
1.847407306093652,2.4286896689818893,0.29381643451593153
2.764518446281961,2.3435112955680446,0.3892373879024207
1.2752954724198722,2.3375515464743044,0.2327880454558191
2.960971298450926,2.4726981614597054,0.5326147765405072
1.254532790870454,2.389941167083186,0.19998209711509185
2.763995832766932,2.3751017566201917,0.41673926809547046
1.2710730794676968,2.334675741634976,0.213310857526942
2.8275057726088564,2.23821063292899,0.34536971193492927
1.8223087443506556,2.4531332948604585,0.32631461428376296
1.3522866713405257,2.27161760509628,0.1984071934417444
2.887626592416046,2.37153358424203,0.45550064411996516
1.8601121550849293,2.474219510380262,0.2966076305294558
2.776337808688011,2.3615047453462,0.4416339220048773
1.2451611527582216,2.362823676897449,0.15461813599805474
2.8444559027354503,2.380052279890281,0.22848287661500932
1.8423652300827762,2.467457959622233,0.3407009696744394
1.2276253474036773,2.377206992628422,0.2010649942647702
2.867461149395436,2.400595139479988,0.15655293250439173
1.768240776100404,2.1033529812552514,0.24539335451615973
2.713769622214866,2.426642130268563,0.39657471942627587
1.342666720283082,2.2744125860390296,0.15277045167711245
2.8914176861671774,2.429235409097726,0.3550815434147683
1.3145903105461465,2.2858390346155217,0.15105957491246702
2.838656847750934,2.2767266767180643,0.35619266336279387
2.763451999998783,2.3447076799722684,0.4247568078025121
2.8993291297206523,2.3995308389657484,0.4046753778076475
2.892254058526084,2.401815127323036,0.219495301149357
2.7557510800464815,2.3917350284338,0.43421919385239693
2.849618380126384,2.3966581335678816,0.20139451853227341
2.8778116149647635,2.4047750939189787,0.18160056172944405
2.7363662194383735,2.3904575817144234,0.43987081667201267
2.894079152712922,2.411103438128089,0.11778656459106607
2.672831484064714,2.3878376000049744,0.1827592461823928
3.5330113681338187,2.371594619396969,1.1841501463267434
2.794272607526771,2.2895624174853437,0.4630314821165433
2.8919116894532815,2.3350603107948036,0.09548486910394183
1.5100049690329969,2.573118157470846,0.3133858904318021
2.831464474617774,2.338274670009181,0.4416425050734347
2.6657661880316956,2.3968142977338376,0.46310789526856255
2.8678178235827008,2.280809594797446,0.44909895647584763
1.725488987854984,2.261692001442982,0.28900675707763357
2.635468194018736,2.4005567540895774,0.508013556287412
2.833279316805914,2.2867624297525406,0.5079022744193775
1.7625577117523221,2.2211050539203305,0.30071275128799946
1.4845065793407746,2.410516690017528,0.5824781133256296
2.7542378373549252,2.382558774358517,0.5581051192496655
2.860276882493804,2.322950554585289,0.4025428428989515
1.90721198287122,2.4547450044205528,0.16230716471652018
2.6635968174234597,2.4260386928578224,0.6121431652137543
2.8435539652685904,2.301536990363412,0.37795479527190645
1.833005751317837,2.351138067331042,0.1861390678455015
1.3463650692087823,2.74622220152649,0.6200339258456438
2.6450721710316962,2.441244791087595,0.5470945920110326
2.8645495817651727,2.330977631133996,0.31412036864222204
1.7940895218876698,2.4363624555296646,0.3298848727804926
2.7546684213002464,2.559888549219355,0.5929036806002077
2.85506862873659,2.249028875723264,0.2948828509818864
1.9652998074947163,2.3285862928369916,0.5944174001077611
1.4353304833995417,2.756918135592312,0.7125215559479456
2.779914802559354,2.5551502184801063,0.5151649809304963
2.830049698797435,2.2875713839740492,0.30184246788456615
3.028154791686816,2.6501314099816504,0.48895658108999873
2.8147208149765897,2.3034157287263626,0.2934869996553926
1.9014526245793382,2.4378478032455506,0.3776808523337776
1.5612854665209475,2.8142837902586986,0.6334676202310745
3.0066623108812367,2.609192318225233,0.5503539526911219
2.7660068934417823,2.4400951367238712,0.38287888382198343
1.9434589971519758,2.381071042456891,0.4886212751721477
3.0072159188109344,2.5365786036600535,0.5239923093140864
2.7157144025260402,2.4089600551480226,0.2823564584685607
1.985860548511639,2.339970064488742,0.4549811002513404
1.6342847040415585,2.779299679224541,0.6150525274315524
2.708529181950111,2.4545661904900684,0.36932904979013337
2.741480059440137,2.4621326423538497,-0.09636906489847263
1.959760509546982,2.4475016097245126,0.467013936520285
2.8068925795055715,2.3251943117850007,0.19445567384759554
2.692499347520604,2.507135817122304,0.08356077405513385
1.8302904021742838,2.5074381318741086,0.45088232738725087
1.66131910539919,3.3290106564108752,0.4992467564185459
2.7606620258414507,2.125162320309932,0.5570014796843064
2.791515058295554,2.570385642194479,0.225957532209359
1.6758463067637002,2.427947710379668,0.39410193141437966
2.6990680176632007,2.1078447871890056,0.4013956025374128
2.682753273037316,2.4214417443329435,0.01080599761492862
2.097896774470338,2.384701203664287,0.5093095996396031
2.112758119466835,2.809083165904506,0.8169611686212872
2.6435949295448715,2.0281662534396965,0.36851920150894246
2.7200283482107754,2.4240676865067425,0.07999704226678661
2.5052129742806226,2.043531376858313,0.23656174949945208
2.7247762157008726,2.4512233236643164,0.15641634846550545
2.277663187455969,2.4535440900634233,0.5191204046287463
1.9245669477371015,2.6044921344578214,0.7822055822181755
2.4575941092579177,2.045899588553641,0.3744286442108198
2.7596070236498424,2.47816438410531,0.15561567929929931
2.3356048614933735,2.236163332634237,0.4704095236114041
2.737796015628899,2.5192839587222298,0.16905692857319998
2.009312591580004,2.521988340606867,0.669559661934169
2.4377913008889323,2.174031452255447,0.2903035454878593
2.7208024933217696,2.478177497126879,0.27085332865983136
2.498394679890655,2.082645136012351,0.21824481064539603
2.732676691999927,2.4836484881439627,0.08577542926039361
1.97537239621561,2.3919150344571536,0.6425239496521513
2.5000233171722086,2.1100108199336,0.235091764898524
2.8903386036995573,2.3027994167126287,-0.05028374976829331
2.5497805583884796,2.0523888653001867,0.24591750284343772
2.8622733996356176,2.3338338856502583,0.04460433066133396
1.9452253211602304,2.559002824217025,0.4847964750485083
2.8813378256797653,2.2774154679782885,0.05575854979250261
2.4108483330545734,2.339032602655859,0.6951226627028524
2.399434282224961,2.245712234940649,0.34186865442844505
2.805516189075706,2.330458117061297,-0.08814585192100455
2.3966209430473393,2.2872590556421377,0.6128932896428994
2.0494935123379414,2.4381730061804574,0.633466964580004
2.3784944556747822,2.320145798481006,0.3315511205688708
2.8685578748375593,2.1238047649496985,-0.22049870622940948
2.3992983836375674,2.290077878442285,0.3060471283965205
2.749602503431933,2.3919131271085616,0.1416483445472314
2.1235217644255537,2.537677236448946,0.7102198034584517
2.3697814488742592,2.30719037158959,0.1979379111881281
2.824743455006152,2.2048830541468356,-0.239650765733187
2.229556041192945,2.331147146740095,0.29718016292549465
2.749173111579484,2.168987468904359,-0.026764959140959554
2.3018991507968773,2.3329529290194073,0.41887049170202606
2.1791307511312765,2.4778406116818474,0.7469136136348591
2.446836186344984,1.9128857469217644,0.1859935431102009
2.7863485277888547,2.1086763911750426,0.3057049381424308
2.3023089923262274,2.283089830038976,0.45175017098584824
2.387715770875871,1.887340269603554,0.16811869189150208
2.79616803519305,2.444034765240292,0.2700416326347146
2.4005035895310307,2.4398486119183773,0.41526163919910886
2.12739153630623,2.5332030734896662,0.8129021520539192
2.390561534979607,1.8459069361432796,-0.01630824471524872
2.5112304206792646,2.4462432364910542,0.10736919295486747
2.240018801910803,2.47056503047832,0.6033520764529632
2.43276901361973,1.7308226481117317,-0.021017616853005516
2.5141844268157665,2.4478437403781714,0.24824415517244502
2.1635889595235147,2.4866713972434358,0.6024566955094102
2.1242863727935735,2.4935645550543013,0.7253695155089659
2.3192739044044313,1.9401480763911938,0.08771620858274787
3.4194688136222204,2.3045131694223855,0.4624520951865869
2.2736935181926308,2.2095276863865103,0.5031627516456094
2.397905303907496,1.8484642137677723,0.08200541325403155
3.5306588920604636,2.1072370582439346,0.8541155438723074
2.0220598790775197,2.375699471985156,0.4018859103287631
2.12809844737925,2.330222321091632,0.7256965065791516
3.4363328746434636,2.0881902752059425,0.5617162665313289
2.283380703288048,2.304349375862062,0.3691248442840349
2.373523905236219,1.8914092401963574,0.2137224871898482
3.3451618502211637,2.310296727189955,1.1137513411805262
2.35056538861681,2.096678930113872,0.4182233938978934
2.1522776670994572,2.32964749390977,0.6525611926791428
2.3599636104000847,1.9125049924591206,0.17366140212763304
2.1921019136701307,2.4267920955515945,0.4766568054284497
2.359875872364715,1.877429090273982,0.17031554020973716
2.764573282554067,2.090740161854642,0.4013268783843096
2.352184250736814,2.1822137392958147,0.4513222096508256
2.280333952326114,2.2137465030530596,0.6250485836503961
2.372251465304781,1.8983174183773839,0.18666300755652965
2.860591833430553,1.9259332033827359,0.36966787238190735
2.1576418466043132,2.560727067344037,0.15938777401757775
2.442500782988555,1.9873201449271303,0.2532215898777932
2.7819053592368084,1.952420195649588,0.20411639434626694
2.353121712571255,2.2207741289396488,0.49045918433167723
2.2639660403581443,2.2602154752143337,0.6173200072514589
2.3536207226474213,1.9315816970281474,0.2240327343818449
2.8532549786413215,2.019307096067804,0.05791275098884219
2.3127207314691693,2.2486097358702093,0.3927352863628386
2.390412284952048,1.9137692069476417,0.29997690217079587
2.3825077555372305,2.141649203119117,0.49485514594457225
2.2786302131936327,2.238441422108601,0.648824816043039
2.361333325109867,1.8815220219334705,0.21845369511595125
2.8742150707703216,2.050968367436423,0.002799555547311039
2.357520058431319,2.175033763940453,0.569280870558031
2.3744461082818997,1.8972234347506836,0.26954968571568827
2.87257236679288,2.025873143595171,0.04594829987159499
2.348596051192475,2.20122952791919,0.588545269912252
2.3493721036520645,1.8991472342241158,0.22723257982613743
2.86620897504282,2.0016982154494762,0.11997079907677688
2.3122653519921137,2.3240136630066592,0.3781466626169534
2.3789007209255164,1.8992051699375927,0.2744018612642747
2.8033310828415625,2.0259320329829444,0.07886027742121327
2.3518969563546923,1.89850445774867,0.23482503412216937
2.9558929828167453,1.9547556247909934,0.09212418053115923
2.452243519611801,2.1230949928549645,0.5803655459722583
2.361063912120824,1.9178431843304988,0.2118290563055869
2.9594551947364773,2.036564786126662,-0.02879084085466077
2.353513195870378,2.3535964012473336,0.4242467410720865
2.3321814091839275,2.6274432600632847,0.5690701681458716
2.4096500412997663,1.8345855109486247,0.33443333287189114
2.909650985061055,2.0179843498193715,0.07450225416343548
2.4722170356800395,2.139792876102121,0.5391928045202325
2.465565634292135,1.8231025571700994,-0.10770996577076775
2.9354414375068862,2.104634481090386,-0.008250883518907792
2.4580924040783607,2.1944973026457597,0.4353243533361466
2.2911157170964853,2.318619442770396,0.6294846591878691
2.4503445156669073,1.8351466290624825,-0.0677740653595108
2.983484210754829,2.0442657060661666,0.04785619605759606
2.3951680202551002,2.094075399286027,0.3536601813011726
2.3453862219256685,1.9077674961848812,0.07314148761978667
2.8391127040651387,1.9770510993180168,0.2393682937084871
2.8603083537456215,2.0840472756459185,0.9378851605058427
2.3708962941280354,1.8890626053819746,-0.006528422964470759
2.8774620933347306,1.9465274421751355,0.07445404145802215
2.5999607541556915,2.050765950067115,0.5935271451634858
2.3724696183003338,1.8538758385599357,0.030350427962742677
2.7971920429699892,2.08828302003122,0.29142029807462566
2.6567327466672137,1.9421324341824167,0.5741510467087312
2.3026341952616747,1.8172744151291955,0.0956159844168547
2.739248223165415,2.118651585891728,0.00873962292837438
2.569762657525395,1.9708052479355027,0.5772640183861997
2.4872400284699623,1.7478245150407106,-0.08190589402443815
2.747267193495933,2.1137148908989296,-0.036178262630176095
2.483965826188075,2.164748625077596,0.6934793627019369
3.178283630110505,1.9820729097417251,0.4662238173758477
2.5454604138208103,1.9722989403014777,0.11044730336690134
2.6984257180238354,2.1864451921467842,-0.1551196401837397
2.724578328284142,1.9419672101106498,0.4828662979019851
2.373816683245551,1.8992654898368095,0.23843148753821564
2.6618344273216823,2.0498134678640714,0.7766432173510942
2.776774591516266,2.2307850864424315,1.1201468001394748
2.3994216460405187,1.8642552719688017,-0.0226955378381396
2.727650113196385,2.171831325654774,-0.06876272011840401
2.424185468105092,1.8367578617854294,0.09918918589282066
2.7595245308231093,2.202145055243267,0.07131503745282797
2.5450996865177817,2.161972240783616,0.7924695017015864
2.618471810688715,1.9377543539084496,0.9083108268839997
2.417193604992981,1.8021604656782653,0.009187018170904726
2.5534502970852544,2.091573434770697,0.8838583798192352
2.3789429210131807,1.8414630523428943,0.08417649001485294
2.8347122124379056,2.084861713494629,0.0704346917804115
2.51724858233363,2.157094196760016,0.9326778008910448
2.5794620019681056,2.0291282723857,0.9889677698632799
2.355756953073818,1.8292498224722726,0.03593967824899913
2.7833887996065676,2.1200160553906064,-0.12834489192888954
2.5574342714630554,2.118195491159707,0.7415016312814635
2.3829803011516413,1.860483609337749,0.08793068098856205
2.7513462968849094,2.2377132917836713,-0.10453826116843867
2.663434454374311,2.0109922483003047,0.957766169889424
2.6942274053476716,2.0044512347232057,1.1550423382437889
2.3833119413885964,2.2677888412167597,0.2640614690242016
2.881589834112879,2.0858726082482977,0.06587485465282583
2.6862604102663674,2.029897649123928,1.0096908140351433
2.4817027570801105,2.079056221218253,0.007664973105476758
2.8807205599907086,2.031480748455145,-0.04822864501583357
2.59548134598034,1.951231798267592,0.7842174177252808
2.655317017172577,1.874571762874137,1.2678887089414004
2.601748178207778,1.9950983124846042,0.11647304217738541
2.8629598067112423,2.065468269850072,0.06345996510079166
2.6414753884186815,2.037494856983752,0.9607849066266876
2.89453357851568,2.040476996507074,-0.0573466130881054
2.6067194439020644,2.001166542029504,0.7901861670467052
2.547331284373928,2.0784678041776745,1.1869316565858195
2.633221337373829,1.9583309497263746,0.09511008256084219
2.8725070401035016,1.986883123681028,0.08568050141621675
2.579270790271457,1.979395469155947,0.8817818732747342
2.6254765484038427,1.9486387578570024,0.10184113055969513
2.7887453497170434,2.091203647562457,0.16976372042705745
2.5665301784940233,1.923810324400032,0.7437821645181348
2.567714641971517,1.8848402124368158,1.1710319989200886
2.6124460196399695,1.9666080081498991,0.1147135503759884
2.7625085776999825,2.0826744614969503,0.3415264045697126
2.5310973636447573,1.9778076014532502,0.8300927270725631
2.624862858993402,1.9464858381339767,0.04243144340948879
2.76939124510503,2.2227615861723335,0.10596920655628206
2.558806608777156,1.807776653606902,0.807215630715967
2.354673817490434,1.9006389000322126,1.2418300359635177
2.607142398453005,1.989625414118928,0.01946042131177239
2.704559035849624,1.9694113337427377,0.15636537159478436
2.4449851045335387,1.929513773526745,0.7161870626638072
2.6134252047249262,1.9335453124034339,0.15319993293052558
5.072820087758131,3.2166327768218443,2.315348991149863
2.366822197529121,1.8306007021124349,0.8249213090573502
2.3121518647507115,1.7942461611150498,1.087451150190177
2.602180431083119,1.9471301643301535,0.15571799066859837
2.4945852279092966,1.9166235541153118,-0.059517559463770686
2.3190662418261514,1.7439995658583736,0.7251211429625815
2.6259097549534816,1.9449784366999974,0.06543971095835066
2.2975015201925366,1.608949868023295,0.10977251175562608
2.2915653745277558,1.6910632514593598,0.7037493618589097
2.283977226561133,1.8524138558643,1.132806945471156
2.6254217121317365,1.9780760607675503,0.06651576847527241
2.1637842243359278,1.5580205611800315,0.16423603056090252
2.2136847551153984,1.6032961291692565,0.7613082540708793
2.6379498929594027,1.9638821685936028,0.16190416282565367
2.1573435849677702,1.5532375269581626,0.056730224678789076
2.231560902984862,1.5334284005298742,0.7604750407697263
2.337754920197084,1.7129795212444698,1.0800996327613444
2.605166623727162,1.9119003629555111,0.1912913080669063
2.1427352020786854,1.5235900580746524,0.06948574861475776
2.4593932158201492,1.7661988384907965,0.13937712453599183
2.2011828003309133,1.5756643701194475,0.9052029812058084
2.3027824916149355,1.4831559368579215,1.374310056777253
2.315587714826025,1.5876286909988353,0.05490314493779125
2.051569184446447,1.4505881980710362,0.11241605961845158
2.2382168343256796,1.5000929539347783,1.0695810822440595
1.7511899141261378,1.5213086307402524,0.24496466302426345
2.1031994419830062,1.3174661144065734,0.15237309732614746
2.2352773717222143,1.4899216599409957,1.1249332913717387
2.1608690804270485,1.5997634811586177,1.4659513605569945
2.112734039190823,1.1792168393087035,0.022368703195419948
2.2397770454763872,1.4505835489088437,0.8896592228620024
2.0353643507833503,1.3309893351319193,-0.06988981411068951
2.0558979120827936,1.3995487418465948,0.12400639101954014
2.079170425964654,1.3681959841127038,0.8318059433194371
2.0095333671798743,1.6295209802140185,1.15114026070081
2.0575081911341204,1.3506198860482976,-0.020376535392501505
2.3439237623904545,1.8113250372434238,0.10153763861991782
2.042130669924103,1.3621113036861991,-0.024787541589758377
2.3601059462889866,1.6346362507187269,-0.07419920743055475
1.8285072696565356,1.3501121736950108,0.9024419153391996
1.4835737666685336,1.4965548222969376,1.4022415076306802
2.034014186396666,1.4384568649805762,-0.002379721898843501
2.2020976124007894,1.4528699830332972,0.17709291591717613
1.5844329298605484,1.2773953430965859,0.8613435604813395
2.028941831226845,1.3499500490647052,-0.04906906302818048
1.7587124969848074,1.3105413661346559,-0.6408848275988854
1.526856513079086,1.4008251156823885,0.8905374376684403
1.3926537970050503,1.521558493405782,1.3736600085433035
2.006587228856327,1.2165699965031977,0.3071855472709306
1.454794737392916,1.3919050423648451,0.9148848613526599
2.0767814718494204,1.4127469980556082,0.29355053820457533
1.378764246117705,1.3223180515963222,0.9096546731596848
1.9314721456974275,1.3411549070799265,1.077834179499292
1.77725538239751,1.3331644277823247,-0.05546222720838334
1.4245470496991501,1.452838630990819,0.052396084256307596
1.610062568977964,1.188004709526976,0.6332383807750162
1.566738576154045,1.5459206993413372,0.010452713446705064
1.1738035463314669,1.2242294316108302,0.8753190014648229
1.7620629932104948,1.144525387074105,1.029328517266975
1.9083339806822273,1.3238103134508536,0.10153209538814112
1.2372469673911417,1.4579173042444216,0.1865056363984805
1.4453317849666978,1.3559431767588022,0.7002434763763616
1.8171814336994414,1.450460048087523,0.1247790534542288
1.576716035863763,1.609582511709347,0.038663211817119514
1.5034839826052753,1.3385385016490867,0.6881111301563276
1.400974366832152,1.4180690966732425,0.1968969757069532
1.7339323432478886,1.3873872488065269,-0.05839726040075999
1.449646803535018,1.3888244359704691,0.7051609786134136
1.4475445477554694,1.2896522035662445,0.12326806085908171
1.6969474234794433,1.2366863252640574,-0.06603774486298686
1.4258657428340165,1.2910161962279758,0.7193909910261287
1.6333609512751441,1.3073861347266245,1.0398332395071397
1.6827922743002446,1.4309351165994169,0.024892162604243095
1.3639271006065072,1.0704802073907587,0.010520503483297472
1.4861497601553648,1.2530215738601922,0.7814833527618428
1.5803690852603323,1.2667958493439377,0.026336602890457694
1.308018421752796,1.5912286922566232,-0.3658681118308835
1.4590947355910502,1.4163205348516843,0.8422803267964363
1.5306667995254546,1.5769656586962224,1.1539243935641674
1.7018631376459004,0.9449972336504967,0.04231746815665982
1.4520520893225968,1.2980067480263116,-0.3808614809034361
1.3555679069703572,1.328854892848377,0.963554853585068
1.5931406914524344,1.2754059785153091,-0.034617749752765214
1.2994153259150603,1.372692796836512,-0.16428433084535587
1.4317357273444078,1.5985756798230568,0.7663810860069662
1.5046192126471603,1.697419967478774,1.1479356766874185
1.404360983471857,1.6281689084809867,-0.11657750493648011
1.4134789442209545,1.4399201589783694,-0.2543957175558733
3.4223887259025867,1.67814835572552,1.3901679911930511
1.306388830796945,1.472784609680571,0.16729154336274976
1.306707000384448,1.388108226574238,-0.08117215342147222
1.3290536157327244,1.5376029905509503,0.7559221401324421
1.5403814027569251,1.547440021704015,1.104936529771916
1.4199217293562814,1.7209753649599857,-0.05641500742291483
1.312035059475286,1.3276573163512835,-0.21361720121106753
1.3640746817040454,1.5896644279927503,0.7825815087000678
1.2022439020221858,1.4580087377675421,-0.07555202420497553
1.375138376438615,1.5451259310249799,-0.16164076063078925
1.113204339654795,0.7899887421273146,0.4323174183181493
1.545457453414649,1.6192912736696112,0.9771137773249394
1.3876162509470877,1.6838103200203605,-0.04052252466605655
1.4102036690554824,1.5351959166280635,-0.14970341099954732
1.4431835144022949,1.8157119390046272,0.6814847032066806
1.3822086792616957,1.4771583984202061,-0.05912731669174531
1.671554057169233,1.6935674809511425,0.8572388271529738
1.372479770915763,1.7693775541283645,-0.04572554804309348
1.4223447773276512,1.562736957410474,-0.15986892321776003
0.910394771455853,2.2157957106964044,0.9379268241511323
1.3958400228329935,1.7183907884087721,-0.15487126763735537
1.3809333783073656,1.5650399616258188,-0.07174620816005517
0.7284024826598607,1.1102183847900466,0.6107847754052358
1.8689999227004683,1.8168588515547512,0.9916331106736147
1.4203641150210335,1.737309183044677,0.04374207127270546
1.412700269157047,1.3210614665021687,-0.25180366065381254
0.7882056097166955,1.1430729411214282,0.4608681912121826
1.4192832444141061,1.7211914913972972,-0.016816633202451636
1.3543857084693205,1.8071373342007788,-0.23348485915467054
1.7715779208859261,1.5973297043554453,0.6660122320156168
1.4443822829942508,1.7302955046446653,0.09804261608351306
1.4228141042913078,1.897142968481966,-0.4638204743954244
1.2426359424277322,1.6210093179137002,0.5952526399667681
1.3953067996914044,1.8478785385407939,-0.33310153235670004
1.259099817871888,1.5971411152634283,0.5368337123644027
1.6709677858948455,1.3962050405558335,0.7914186718497132
1.2982158420673813,1.263305997467328,-0.07353703710238402
1.353018616363856,1.6164643446379485,-0.14512775628988916
1.2879487037897976,1.6119773070756738,0.6355919296990695
1.5425375411342823,1.6533980043515277,-0.16816012274087722
1.355748985877595,1.6162545362928475,-0.31073894327641516
0.4503521251086799,2.8020331286719626,1.841887617610813
2.585816810649488,1.7112643380232686,0.3507542463503337
1.4997740703787181,1.5635783365580438,-0.016022770141391085
1.341815923600426,1.6385644351435962,-0.2743037576449465
1.2544270522327188,1.5061251822750077,0.9021112883858053
1.443456503669954,1.4279111346163609,-0.2501704636398451
1.2413441905917701,1.6100856941097286,0.4927412374867388
2.1051015453693673,1.6912794971059582,0.5134813881910747
1.2699252132413696,1.296149586544306,0.1231899117218418
1.2189686073867072,1.7855715397194172,-0.2110057131954669
1.395392511168892,1.7133447784998048,0.5981319614446146
1.351594780637691,1.6181742826505223,-0.13611769497275528
1.2607172494804462,1.3417597750021097,-0.4776901767426502
1.8601536399168705,1.7418621433426569,0.5050546030068375
0.9311936926285761,1.0062460712359138,-0.3675262533878464
1.2584714657191236,1.6078504007693932,-0.4405243574002198
0.43806152839037843,2.7644526393671796,1.8408941274252748
1.1599384333479954,1.5343645510606008,-0.3549522367649549
1.3709451897618001,1.7034116646614268,-0.18926557539953315
1.0323371699705328,1.0272193955609388,-0.6662464242796804
2.0148400878083064,1.7436730516213101,0.6101796094672851
1.2724632981748756,1.274633383126332,-0.17683697920381736
1.2313424121874657,1.6408481274544489,-0.37576102221542973
0.44025670780928966,2.739113751743322,1.7706052332403086
1.1106242930522,1.4599969102559487,-0.2082386421611
1.4677008116609656,1.8147492048029024,-0.3914073899517484
1.500068517318071,1.9047689057799542,0.5608261904009817
0.8442107288837417,2.8509132278718807,1.6013762083509695
1.3658165678084269,1.4587994529681418,-0.28320198575110056
1.040635805288792,1.6074603479823646,-0.3343921814887211
1.319204067588158,2.2183784991083138,0.3555020541694458
1.253709293114564,1.8410720458815695,-0.2712477680059574
0.4927627363741697,2.8299452679647703,1.7224883124880783
2.365296080234549,2.3135978707652614,0.45784701068456557
1.000499349594975,1.2065255411907716,-0.1324962062855729
1.150675156477816,1.809116327574087,-0.7389154510593713
1.2427396545075853,2.3297872071941215,0.4528783080593819
1.2838384867768655,2.001315315219667,-0.7232495628025485
1.459864708376993,2.018800933435248,0.30712475053531474
2.352785780799961,2.2834093109281075,0.5584038577191826
1.1665781522257552,1.3257491332944467,-0.27550434416175607
1.3625867113813732,2.000893075925151,-0.4169947392169996
1.6721163673768957,2.0400373526566584,0.34413035259800373
1.160983779587341,1.3256674749328587,-0.36521186471408706
1.1125145947191295,1.6678840784878857,-0.5416178250336123
1.43244979097466,2.121236043233655,0.6304780897687634
2.0195881937169777,1.7877286317674874,0.6125689211769951
1.137639501714594,1.4052015270263374,-0.044806466803462786
1.0964748659187862,1.603669135028246,-0.1573573474845874
1.295627093186821,2.230569079214406,0.3858805438290962
1.1491551188568905,1.4629850102436208,-0.18271891436306076
1.0711588664359604,1.395282599093111,0.29535071762523746
1.2393730650281276,1.9645411575320793,0.542001315682479
1.9787425619736836,1.7542901883484328,0.5479922975356533
1.051584820689087,1.4093839848603549,-0.12881517256027242
1.148158886843866,1.6903699302462303,-0.39347093248644893
1.0343124678592268,1.0136718561410474,-0.09237861602202047
1.0264310650461232,1.384905192242124,-0.1977795025714867
1.119621494793377,1.6921999120108022,-0.3021950945737957
1.0788165134170136,1.2744421714300012,0.11870972129814561
2.0339469523586926,1.9637722576309988,0.3988772169738044
1.1332349569715963,1.4393560606323366,-0.24473732163826933
1.0524442004404206,1.4819051930188303,0.006844770845912507
1.3382920970711685,1.6899825000635151,0.42197327098558257
1.262271857794656,1.4448915438736816,-0.15862811846824765
1.0965794124636494,1.4216586075137752,-0.16537239869779352
2.145581681438144,2.09993763518301,0.638020640077644
1.0916737118773163,1.507780760852714,-0.3054980560500643
0.9784785928332251,1.4455347971862755,-0.33966522541984134
1.5842196644457702,1.9662100875499287,0.42493398260311865
1.0582787797925177,1.5674079349025731,-0.3399990412216233
1.0285533479859195,1.407665940616266,-0.4211633985247264
1.156476476438788,1.4323711116704891,0.27109162802158915
1.945123039591824,1.9277921530040463,0.004714074367916599
1.0628185078671857,1.6689482597928387,-0.10858462665038093
1.0168254191031423,1.3678301308109342,-0.36541824578964643
1.5706309977992856,2.0470592564974717,0.2217381046471607
1.0576644943356412,1.658576813406201,-0.3159159045234049
0.9718465033498452,1.5712277580855691,-0.26807534069733485
1.7821762225633162,2.241148188178979,0.22270410219122438
2.0494927970822188,1.6814893152026802,0.2714532493892188
1.1539058473698802,1.5687374760803638,-0.2606698810668039
1.0984452762267056,1.5185403526777885,-0.3417009027840511
1.8239802969755967,2.2757555978662505,-0.06392693584657705
1.124526003286838,1.3592347835911491,-0.23244966062036154
1.0279508642484745,1.6647327809863253,-0.27986314227988984
1.64724072700094,2.2312917259121354,0.047983403541118186
2.0333008380221376,1.7784891967701,0.3212389511271452
1.1537502792501007,1.4199216089930553,-0.07545068141112132
1.0664506956384967,1.7185914176387753,-0.19106514387260676
0.906227751217576,1.1873540652385888,-0.286669605052996
0.8046546436045964,1.3766696186504728,-0.38595675398752227
1.356564973448392,1.5813392090172829,0.4499822078745985
2.0099656200552163,1.9367470354333907,0.25235437212794487
1.1500091341903005,1.4232204875919083,-0.28281491320101193
0.971840066048337,1.571085541406191,-0.18762406353790062
1.1579648043893218,1.4353911597470748,-0.14450871737133608
0.925652546936891,1.51001641182091,-0.31451412253495636
1.061800579763893,1.0377143427688975,0.18494751143207022
2.1231462551709135,1.5601941041097065,0.2648413361700839
1.1096442735022327,1.6095428150167794,-0.17621491534964429
0.8129387353898186,1.518835038035226,-0.5197436960007523
1.2383631239470767,1.4551192238602102,0.2593109193915226
1.2216621412307052,1.3681916925783721,-0.06073333771390399
1.0874817172933737,1.7161128181436949,-0.31265851079652696
1.5782414379026126,2.009816844730591,0.41610906820756055
2.271336512166363,2.1721109906420506,0.28351177525919335
1.1876795073600732,1.6180165687638353,-0.21530882567610132
1.089992980137262,1.7535075793793484,-0.3409505697386567
1.2869651079612148,1.40321299691007,0.3195392353318567
1.3691344006894248,1.4557697489393104,-0.32586537971393126
1.1845673104994732,1.8057840703748773,-0.4750289784549871
1.3669918521708069,1.962742050972838,0.06393644461502146
2.1891755640882558,1.9337777705130632,0.26063986450651755
1.3780390960237445,1.5207428634642013,-0.21613047567655896
1.249139881927386,1.8042639135471903,-0.3483394294761787
1.3807276230776802,1.1426380656424915,0.056324011587793876
1.307832574474071,1.4907915301081562,-0.2614034652075826
1.2134754434331148,1.7567954907237986,-0.3027828857583814
1.761896577045581,1.908033094476294,0.23235987550454662
2.5667590603254227,2.344731044992518,-0.08349741994253546
1.3455888975399053,1.4454536156618356,-0.2811910443136365
1.1987015980534141,1.7669672615547292,-0.4649065901958118
1.7589846517874559,2.0904843387247634,0.14598249614558356
1.2925950049672112,1.6160866896167665,-0.6411184181938651
1.212019540408696,1.7284862652960298,-0.5302782205622971
1.5800283851175505,1.7247047082941571,0.2452971228204226
2.5154883379990216,2.0330617020191966,0.433704477959836
1.2191970123809583,1.445594997876205,-0.34203024823762607
1.2055382506736076,1.7595067867470815,-0.6693826417678257
1.6683925076637376,1.8187834854931924,0.408394647911279
0.8329889626343618,1.6507041128841449,0.1021681737839435
1.014072995871274,1.3492843844061573,0.025055207379225286
1.7094827568643405,1.7074737211155848,0.44625298379562595
2.2928282777162186,1.579246609193474,0.19767733459113845
1.0636349722751317,1.5095717611804405,-0.2029711265605958
1.317902182962785,1.768561089721775,-0.08513543003140578
1.8053633825955506,2.0849635182257176,0.3772159957248862
1.0729309124900004,1.6154410521184328,-0.08335535227651503
1.1169233117871789,1.5909264967141052,-0.5313247588798915
1.813869799701377,1.93778761329952,-0.07228688187453858
2.2907228032859166,1.7792951707594338,0.2217801110191464
1.0916921893168303,1.6148667017737188,-0.1100841080988948
1.0958059826083781,1.5351897177451401,-0.37600769602949535
1.886748278214068,2.2479204677728375,0.2786849316837807
1.3669836267299909,1.4328417499355226,-0.22412743688068748
1.0885458986000949,1.5466261799017396,-0.29689579479753936
1.7364110619563746,1.543532698904369,0.2878655367850138
2.413579894661184,1.70556625331447,0.19854844154392692
1.4356065721086677,1.383002135184628,-0.1742397217966759
1.2134972587326702,1.6400991355042955,-0.1319782717423028
1.7807839772982552,1.8987959244553585,0.3189268870344535
1.4351370067264368,1.4364214856145225,-0.2747573787786777
0.9193214012990151,1.2755110018971467,-0.16918632097412933
1.858898366122788,2.390295695502692,0.20472141127261057
2.36850018745557,1.7543285737388432,-0.2757455045463665
1.3214585536274448,1.3510224558104604,-0.12567342674151094
1.0480646896477324,1.692210164009483,-0.11625319607521867
1.8105117932905972,1.9115166282606928,0.24669486659432427
1.391611311788597,1.312485431186876,-0.23209624979227206
1.1039283073908872,1.7010364196181662,-0.1599900994564929
1.7960284609437718,1.940708121621469,0.09768432512529768
2.6895915945875304,2.06141586934816,-0.2208675546599741
1.3649154648065778,1.3213169320041867,-0.25429540294210673
1.0845080416244857,1.4805910298390612,-0.07220141626739984
1.8631118183784243,1.7633360274637497,0.16799240455465259
1.3862385492150642,1.2872299900639106,-0.3275593734635147
1.2056816594460942,1.2148649460713907,-0.0879943965237493
1.7995522874730294,1.9733194910073926,0.25541292476657285
2.6470732181264234,2.1900231396864793,0.013382455795714066
1.1556687143088065,1.273100947742085,-0.08103111393553952
1.262243485984305,1.6003778858237603,-0.2112859891268889
1.915294730170383,1.8149588939387167,0.14324236640974441
1.3235630743834501,1.213476873133688,-0.3651007318576597
1.1729340337907228,1.3639993403735347,0.055368221338802925
1.8486853488615873,1.955994328492099,0.22367056167126953
2.5383643617916967,2.1572055382340647,-0.172258836000324
1.2362503777502554,1.0728009737898652,-0.013406508166434294
1.1996863859748683,1.2074029215430122,0.04850548060706017
1.8723681811099466,1.875318251429264,0.23290843193303523
1.17863211850899,1.062029103408231,-0.056989920279373996
1.2813079120284527,1.4638884974297124,-0.09091348174889735
1.7716250085543652,1.8823996407042851,0.10984765085840653
2.4854523659993006,1.8963194707274442,-0.07511171725832111
1.2146612182127674,1.0968934091089637,-0.11902664480636094
1.376149628821825,1.3698001834877178,0.10657149657021936
1.8500833161724333,1.9660462939896057,0.12285102952542526
1.2341018687672782,1.2734217399333734,0.17545244713679176
1.9887392143786389,2.043861109746125,0.13951859615558426
2.496211242586532,2.2648987312629925,0.20563428617881363
1.0492821740977765,1.0189747620634764,-0.026185846019830872
1.3194287770945061,1.2431320906208523,0.24618578334050412
2.065643748147507,1.8234243030356831,0.1073706160157133
1.3242407791811102,1.2412497759792922,-0.23369661954923904
1.763009514950762,1.53863760795273,0.27885233132297427
1.7605801488871713,1.876743875292368,0.17916508622391603
2.424142314343131,2.313370419445686,-0.003081708128378491
1.3450412500745668,1.3081497894190777,-0.18423065201624234
1.4801498375219388,1.4120008671283424,0.0103059360825839
1.7482336430131789,1.761962378849773,0.08670904658227752
1.3398868789151608,1.2121461398630273,-0.2326679030198303
1.518673272350824,1.458463998034554,0.019801695144479714
2.0625240411018146,1.9830126365510614,0.2031678907648533
2.642507740845723,2.074882465662186,0.23955664437961133
1.4022201038832594,1.3793321580753772,-0.06030236261913169
1.6097733672472476,1.4434847550779217,0.22965650693213036
1.8250168217276905,2.010697562942868,0.12052784916685866
1.3637783274160977,1.205391980080791,-0.2490277383299957
1.4567815985824675,1.436327548696375,0.08766138721256866
1.921644174433842,2.088303524028582,0.020899566098006472
2.5776147348538503,2.016017158165475,0.19181965852149885
1.4112627243628548,1.2183233266962354,-0.20724764046939803
1.4815259895332298,1.5407747920498729,0.10184319437045075
1.9469822276347972,1.8473982443235144,0.2935269049637208
1.2625281577621086,1.401408168305053,-0.2493804041000507
1.3978776671788864,1.462784977060053,0.06538491193991258
1.834793413788498,1.7286628142500606,0.2914376728279904
2.617221066847545,2.2523078463711896,0.3739118719580836
1.0522541808366443,1.242712712349224,0.01168195117023163
1.4078662133523132,1.6531048687148209,0.06924800804652587
1.990083656719538,1.5034389202019922,-0.0958703528524929
1.1182464156656708,1.2097149856641687,-0.06761065178080172
1.5400370071262408,1.5057722035762324,0.08765637297199635
1.9680270775669881,1.7237323181401858,0.05584021187837496
2.30907578830413,1.893241844565243,-0.002292716117048954
1.1487206010050925,1.235405898312506,-0.10755368984802927
1.4160498117084366,1.6183985153193488,-0.10828135077743362
1.8973985551406714,1.7754794006921952,0.13285056516529026
1.0276868156773546,1.3434821107805304,0.06398713091310904
1.4052626825201417,1.4041082586553593,0.06909103921981541
1.9809761863877127,1.6907671355904788,0.11157424834758012
2.4157397285264444,1.8741427286502625,0.16625276854987492
1.130424717235442,1.2120198972281055,-0.07329806718839516
1.3836513500552368,1.5457096989033663,-0.05805714140800622
1.9326403967118635,1.7165361303217936,0.15366753135298383
1.0378576328508913,1.3381955365304188,0.0067840039126177976
1.1863064547902493,1.5291753707979594,-0.09447827151965371
1.9279192321020964,1.924031099999536,0.1748418422751894
2.458551836671181,1.803877794666632,0.10867764152333326
1.2548900611041545,1.3870820730318345,0.1529807070544511
1.9728992803436216,1.7909520508876762,0.0661220500075157
1.169147350783217,1.271573757566466,-0.04626480242202102
1.3585136876660435,1.2226551537668502,-0.03720962784089754
1.9240588777551086,1.7986733556152563,0.17543005069227435
2.434450102987645,1.7610475667814174,0.05718698250684562
1.1266166957655297,1.5737223316251059,-0.08032035837293827
1.3695299371043124,1.1439668915645604,0.10266000149368426
2.2092551764220913,1.3609150384912618,0.09306896627298045
0.9502386875589119,1.5865100310497282,-0.08014068017733567
1.487985106340901,1.1653715150899127,0.04077937035021706
1.9700016601999593,1.6912837886402896,0.13674946876104221
2.273672060520937,1.997444947298987,0.07697233761466649
1.182099439836121,1.592020122712945,-0.23747790828366322
1.2396189937875952,1.4570758058875644,0.023744853324836335
2.0868079265761725,1.4999468033489296,0.13707198948302102
1.2324490320004258,1.6153911034271844,-0.1211620407379097
1.2646885876738048,1.2831272832428888,0.09245874884155603
1.9759877545560716,1.5566684894469998,0.13639629635152373
2.2381438782419205,2.0574478690214364,-0.036310979817863354
1.1817745945285356,1.6610239416495158,-0.11532368402310489
0.3268625986625612,1.3120252833390977,0.7165464786596545
2.1420225689598795,1.3847930163030673,-0.021376779529121426
1.1757204316694394,1.6346676027612048,-0.2073526042452999
2.191872555001582,1.3191395743773284,-0.04754577325017384
2.195252853549066,2.0295774529790744,0.09152864819359507
1.2947573422275023,1.439592571857723,-0.19564884520903758
1.267113900621631,1.252671456184305,-0.00446597752772615
1.9370642533593854,1.620546905089469,0.01773964086320312
1.1496929911606797,1.1905789148702215,-0.13764475101912654
1.2028511541311182,1.2371018888385015,-0.11290900308732021
1.8839243294098866,1.5187644661373283,0.05586959324196594
2.0756611429684337,2.0826448975937772,-0.13096895652411267
1.0897403756577124,1.2293568614628114,-0.11610574909018911
1.1656653667137622,1.1804039253885423,-0.3577441778365139
1.8301846635365486,1.3666158650136615,-0.08309414983077645
1.2005928533946413,1.1502266904336522,-0.1768538771200402
1.2807340385199328,1.264964317858635,0.2682311118085339
1.7425579696409026,1.4813998648512832,0.087431812480395
2.2976841488205073,1.9303959222504652,-0.05588029417270768
1.2196309341863203,1.1717928425428747,-0.11321978914525532
1.57238420878595,1.3853614061834318,0.253076959212134
1.2932702063698402,0.9538251581891974,-0.2474340591941786
1.2430803546503666,1.110858181033318,-0.2519691231421166
2.209968047959471,1.3278747540907516,0.030606265990632764
2.0893232425358255,1.9874626000250826,-0.03049529708169385
0.2288889111680767,1.9370385021400796,1.4813956387520322
1.1960539597849835,1.1207526710627116,-0.2127488211706854
2.081520279433691,1.2846487513727325,0.06704877554258037
1.481034370432869,1.2536284683402548,0.2036966882542668
1.364069198076835,1.2743187898179673,-0.1453971394728466
2.196060854097622,2.043850380910296,-0.0045417182648691545
1.4938790519180172,0.8794984061699829,0.13507265604973462
1.2895533800046262,1.1410760663550714,0.07102605179298238
2.0108685111963727,1.3469977118631302,0.0849172863174057
1.6281000070129927,0.6487708577601953,-0.7886279880983086
1.2043244617114663,1.1407851956948176,-0.10148519215694474
2.0538961497323442,1.329796884634166,-0.17791902698733641
2.3181335483631975,1.8626134024590986,-0.08442061390251654
1.4890136440707535,1.1464626571969672,-0.34465124319374696
1.1454976587166958,1.303460692115356,0.02956629349696771
1.2800807716261462,1.4268527945664704,0.4807154345656399
1.3071338888418658,0.9355223603113051,0.09979284681354161
1.1591439034488917,1.1890097630255823,-0.09547108370237933
1.3806926947565343,1.4232638797723725,0.451881003176708
2.2722966237653694,1.8912865738400457,-0.1308480485062724
1.656220166558326,1.5397832092006964,-0.6148675798477219
1.1514071015011464,1.2074818380909993,-0.05155591028518791
1.5217529250760216,1.3923861710471335,0.3539491148069558
0.5644282007850854,1.6293755448838918,1.5083513616034647
1.1509566096048656,1.27175495568269,-0.04238762099326521
2.111915786643569,1.2638185974013814,-0.020003242690761147
2.209454017513119,2.1156622938111864,0.21602827789388912
1.5991691051054981,1.0962639840736608,-0.44155921320783287
1.1526844290133584,1.2334264281020497,-0.16268826752382837
1.4912861307124055,0.8053918337038373,-0.4284072997710541
1.2595184808884898,0.7220134609188864,0.03334232025902306
1.8665927295642946,1.6824500228465264,0.02847209754219604
2.251362042423827,1.874961577242592,0.13170688618115656
1.6177012616823545,1.2923804273082804,0.822797238007926
1.238915062946754,0.8231826872987544,0.09237571212360973
1.3045881745139802,1.0723635949159018,-0.4914643328475305
1.223256684656123,0.7802819471202855,0.041958327832284814
2.192566114634438,1.9251044604195868,0.023508396119069075
1.5060052590292874,1.2857600203460462,-0.25680904993661546
1.0876165429971825,0.9487107817541418,0.09008550803365045
1.6634614154992335,1.496546835274709,0.3229325872488722
1.381156299674406,1.0628156462837859,-0.32403539797188896
1.5294316721009067,1.4973188346172517,0.37274087914640486
1.3427855719424078,1.1077872305911882,-0.42972953936373837
1.9525091278166642,1.3885326116359196,0.0043832332103374005
1.3296943656513562,1.0964934619511149,-0.20758820649697263
1.3317752829684983,0.7552763686628494,-0.1505163736233227
2.0784570775901257,1.2718648666452939,-0.02416383860790927
1.3474108922852766,1.0756916797900673,-0.10478664861598375
1.4789671621837532,1.2801289312565358,0.15105511946542038
1.3696052773738148,1.151601531140499,-0.33520045024687894
1.311750745325344,0.7843401292726166,-0.07725738008958516
1.5432332465343077,1.3937113014813056,0.1948341931314479
2.166454512368924,1.9319907040918072,0.016904231503493072
1.4170040820523713,1.200043059373584,-0.19000994798065163
1.1844678899539591,0.8676228366047587,0.053171045195032685
1.9034503338140238,1.4965703195042463,-0.0502638976969636
1.3844191770740104,1.1399882816112945,-0.2739454741373115
1.9476519454102161,1.432173462672661,0.0531329950812105
2.1869630397180595,1.867635570510668,0.14414802915417346
1.3176630491326875,1.1261327053938226,-0.453699725263925
1.1874602814809354,0.7572489247346603,0.04590083594950656
1.428706142519829,1.4089458907306693,0.29669954088859285
1.3113736863499708,1.158547021828353,-0.3411125751576807
1.864251459163935,1.4685090493934154,0.08112915049964431
1.2717176440835187,1.0265779303876499,-0.5685663357232709
1.327256416519088,0.789125368866295,-0.00835181094290749
0.6164715781063914,1.5179332197791524,0.9065033160922782
1.3367864837739927,0.9690794765755578,0.1857218353461758
1.2197738661216577,0.9942524248719268,0.19741833751718185
1.7528021005260594,1.349110815684301,-0.06172309515868801
1.324021791720547,1.007651071892369,0.11850465152472678
1.2145468965063548,0.7086638089153968,-0.03523427782574218
0.5210954460785582,1.459230156122034,0.9437667678395507
1.340009783690251,1.1087093144260498,-0.3650065267197762
1.2159809842312184,0.726204024984419,0.0720796905136456
1.7730368041425246,1.2634881492578474,-0.12019218379322716
2.0884279807890485,1.7987042308205863,0.23994736771406888
1.0895427266595556,0.9275204965267964,0.13438188294361875
1.5348317336012058,1.304591988248884,0.07803679457799073
1.2563926941691508,0.9861286695914714,-0.3820073503581912
1.4495670525218896,0.713816093903715,-0.2732912833806903
1.6157047445405408,1.6428056631560992,0.14490818206446265
1.995943627649806,1.7509479175691154,0.2565716092195216
1.5700198117838766,1.224695659132245,0.6951738034863413
1.447665902809826,0.7342715134814156,-0.22367006065446238
1.7817896268449676,1.2614184376171402,-0.1655224384847832
1.5094636396598793,1.227484918029219,0.12421522333603296
1.3814373951735934,0.6877843619038756,-0.5251880436751671
1.8355142723481201,1.2703871483237754,-0.1072004876361895
1.9803664308837492,2.176539377235127,-0.023170495571333882
1.3742542011555465,1.140152552008766,-0.38183831159132153
1.5376438806859551,0.8309745043195883,0.003739739624446514
1.9089345570710776,1.1833810581218116,-0.19531777122082272
1.3316882601888518,1.1253498580061643,-0.3929518654549664
1.4470035760102131,0.7180373543606474,-0.3320365165998499
1.881820762328179,1.2733748906835864,-0.23788922502219478
2.033117494138443,1.687967505485536,0.3115556404688675
1.26412890007046,1.083499649669288,-0.558173074165069
1.4353341788874447,0.695178198720096,-0.501049295845253
1.755437817865771,1.560154884254287,-0.1107294624672267
1.351261471470715,1.1319247270207686,-0.5001744188988099
1.3600988135577734,0.972896319526379,0.08161463776551159
1.7717721128147543,1.4829051205180963,0.06254343195963896
2.058955630299149,1.7387184752354639,0.27913518515519575
1.3712112648908026,1.1898116838991588,-0.3460772544694778
1.497910113964257,0.7113745088922451,-0.18493361427180255
1.9576670752546859,1.2374360324699327,-0.1132116754632595
1.3409862269616026,1.1119295148954902,-0.3515491692911695
1.2449643382250752,0.8032369470275764,0.038259427615316755
1.9557587729853907,1.3809770078172547,0.04017313152869706
2.097981413064242,1.8111036655974848,0.447399330087523
1.3264039509064116,1.04931221430008,-0.4261214021165344
1.2808999778476977,0.8152168843235597,0.12518716644321204
1.940092884509667,1.4211346826974578,0.0020562120776029813
1.4720712625478276,1.1849561704308005,0.10693848980627796
1.2162976040979876,0.782591865474276,-0.01693561524527276
1.9217108124253799,1.4231948575952058,0.015711967284928963
2.1103131369866226,1.6952042244615049,0.4908989473859666
1.3450876224872823,1.1031588108145438,-0.3437228412781047
1.203325130256975,0.7481772172040664,0.00027854062733290164
1.5717255774742398,1.4944337314535383,0.16097294459064093
1.318666314493656,1.1101313620105446,-0.421067941689345
1.1676828646901205,0.7589196428918145,-0.07410133660714158
1.328395938095312,1.423621746051914,0.16170012123232258
2.11274095332948,1.6736142304948842,0.5213532541512087
1.5799939336335536,1.2223944430562048,0.5378070561806867
1.2467169531653037,0.8982839420555382,0.31624157866879377
1.0421205569607102,2.2236561326619007,-0.7350739318334373
1.5663765375488572,1.2699163908494548,0.3711064304349392
1.344126318795404,0.9846046384619574,0.031629931026567526
1.3067960497219768,1.3972499099562943,0.4794464815235837
2.089027365085026,1.681921210449442,0.4539027628568333
1.373011086708757,1.121224501420615,-0.2573868871458601
1.4019514061499392,1.1754172817044959,0.0017049636640432686
1.3771661264136716,1.1261902834794384,-0.22289844875160236
1.425175759479776,1.1882236969871753,-0.21769658766509925
2.08948918186359,1.634503332363734,0.39844636481360807
1.4145476554805891,1.2026777038253333,-0.3060939534660655
1.4014161564504681,1.4760492752140584,-0.15252211455570586
1.3216178172351272,1.1019785196640637,-0.3569287565212247
1.259936547858656,1.6024528426730946,0.10594740615819243
1.440358969551678,1.8661388979125184,0.03638815475700197
2.050901374019624,1.707041110613101,0.44728271360396166
1.3238887541560458,1.0672101774393572,-0.3349927876715004
1.4983359295380902,1.6013902110888725,-0.23591580470734863
1.952556096275816,1.363085720398049,-0.07042176319558868
1.3718090994660472,1.009644847217264,-0.8624863659196487
1.3478188264660318,1.5538712435277973,-0.13764357382743198
1.432440850278121,1.627366629979549,0.4160963426163311
1.9801022631033423,1.517036169894558,0.4203690716303181
1.3304798356446335,1.1262150790111323,-0.5086855446525538
1.3623894200110782,1.528814524286243,-0.16383160378126604
1.8671007995462872,1.269937014056104,-0.21097793743194038
1.2493515976214309,0.9884976561471648,-0.6037669899938776
1.3938808181980693,1.5082639160928815,-0.2164220913912661
1.174327828776517,1.3808223933720296,0.7774591453058468
0.8177834604257556,2.826813639995563,1.6031009282938964
0.5286239894015872,1.557099073391605,1.4342342996325428
1.2180058731833825,1.557740657774181,-0.32560964599416586
1.7884869238084393,1.284344171644475,0.46056316445285406
0.582627584636758,1.6235035338253758,1.453150190640541
1.2733696463853608,1.6131691615269923,-0.2609139620789095
1.6687543078503513,1.2477478742130756,0.4514284549265466
2.2277757696980895,1.7470152031913406,0.26092990069819155
1.2294806015401738,1.0781918561660926,-0.32949267985378283
1.477659317094021,1.295609926102106,-0.45406370101494375
1.6908653656471453,1.138533332263591,0.30338065509797296
1.4588314022756534,1.1467696211109644,-0.032908199191421184
1.3699786408612855,1.310016368434755,-0.10031643451936934
1.315728282401637,1.7650135405502625,0.2759724436010218
2.1117219523426027,1.7992473483321092,0.5324397773093617
1.226739383981301,1.18599197992545,-0.07494826642671015
1.6062816080162434,1.3279131394811623,0.38279263590390844
1.5430350014897152,1.347395751672387,-0.02922652657885627
1.4040482975115647,1.0931468996374663,-0.023571944016198665
1.5835008324440305,1.5081017914625758,0.5243715140513305
2.120416362494324,1.8083686469260905,0.45321280931455554
1.5898471772660228,1.2685736174408082,0.1864793358498622
1.3361180773007333,1.1179961947196593,0.01700672168672024
1.7300991686183798,1.4769731471882248,0.13632338497226648
1.5864790380658318,1.4587461664168575,0.008569267271428704
0.42515152021585156,2.9418348663142933,1.9353665325268694
1.9778134447893454,1.4987080996478244,0.6314686593268051
1.6672501250646214,1.4874508090495697,0.2356543582203825
1.3655681356539286,1.186321951231836,-0.03573057960898007
1.7109934961608655,1.5028439466506287,0.4650147968020877
1.2985725162546458,1.149662711296906,-0.053265580055817496
1.0150365645396087,0.9724051176593399,0.37096415415266937
2.1053170757606017,1.7580020079174163,0.6331194099080657
1.659084884938725,1.4054902519194252,0.10894034898630145
1.310539459758234,1.1749627366932056,-0.0778094308402556
1.497897954616964,1.5096920433510126,0.5382946817631127
1.6753126067849626,1.3160204633832548,-0.11095917876042694
1.4718466722507668,1.48402628386223,-0.0793793798776733
1.4670071328188226,1.5606796435356136,0.5652209003163788
1.5038444714897299,1.1493177196203592,0.31102870562454044
1.6534732269536683,1.2320370438621902,0.0156497679775629
1.5835767687599693,1.4466849283871475,0.016466806068787032
1.6750985069051743,1.7091641088050922,-0.05970023651796219
0.4281587234967611,2.849407852995781,1.881693863022904
1.943595849413667,1.7296410456590943,0.6406526618926758
1.8071437732996931,1.3226456387169687,-0.0508496287960839
1.8350212227363132,1.8581449615455943,0.13465064027782736
1.3211285823205101,1.5128894748466377,0.7553437366790912
1.790234651167893,1.2635086532552096,0.08547377761396158
1.7156166707365648,1.6695972351512078,0.04499433874007863
1.527880401646738,1.8419619432089445,0.5311166138447143
1.8566505558035835,1.8160796996549893,0.8450627311251535
1.6218774014311008,1.4842623182504684,-0.08076522507476391
1.834251130741083,2.143224434637393,0.08095926236661533
1.6102132495169688,1.5479563171259654,0.22422707531956632
1.837780798525413,2.0496115273319124,0.06980822463325431
1.6135184462135248,1.8345789544378401,0.6860404648668175
1.6580350087464661,1.3778751821697948,0.9654025379060103
1.5931974350731355,1.3403526285784892,0.0645701462756938
1.7183280859736405,1.582137672821537,0.14407884306508878
1.54279872868251,1.8007923006914899,0.5679190236802323
1.6914611736645078,1.3850784033361194,0.1622896409515482
1.6218009882780138,1.689398255347981,0.6480643204060539
2.068632563395868,2.158197359501815,1.1608257767308703
1.6393091370779305,1.440400095567788,0.1553727754788885
1.8575116044849378,1.828220807906982,0.1909041461098535
1.5464377113831904,1.6975136659783472,0.7979348302102527
1.5772680940727277,1.5159599484516195,0.14981237756501842
1.7061082995719286,1.5837227987106328,0.10129887732217879
1.5647120182718601,1.8350742690252804,0.7001037630937303
1.6587083028004999,1.4544038489289877,1.1343431955336727
1.5656335060618183,1.5384485420235652,0.14346133896608704
1.7928769250184002,1.6841424370939126,0.10514599193395191
1.5760614576678178,1.6237002291489082,0.8807777734627857
1.589481443172932,1.5723756243099885,0.07264249990233407
1.6765712184390864,1.5549667768752287,0.10890677667126636
1.6085608895872647,1.7747823839911692,0.8741223786567569
1.8378785501409067,2.030240495033309,1.3261831224450384
1.4964678007985772,1.7522648225624855,0.14385112352742135
1.7008825220494976,1.6028552932259703,0.8511995059345205
1.6181922847362786,1.636180964659533,0.19170117939285092
1.724879232351021,1.6831993724245407,0.9302590444878114
1.5044059472323823,1.5304557977495108,1.4071253928492151
1.6478374886925997,1.5798738884616115,0.11850774351556992
1.7078600800471464,1.5601496390456595,0.12221410921404408
1.763439979686795,1.739457811233371,0.9025334084658372
1.60005101541211,1.6081057470621243,0.12184698931811955
1.6919765154130186,1.545146554231629,0.08451049208114347
1.5298403215373848,1.569723456093052,1.0043482114859215
1.4688156569147415,1.5923877641540196,1.479135549907828
1.6470515418621736,1.564394443336772,0.04240175657210399
1.7925740142196571,1.810421192429471,0.936669523816736
1.6074380573112477,1.6427691851142803,0.3076356815330601
1.6749113483242901,1.5891507551751138,0.05389759598796551
1.8897983670360428,1.8571407425119975,1.2627788029175164
1.4661842311093682,1.5926512166782658,1.4303927804066086
1.5908118188179428,1.6429822121101303,0.39062316604428804
1.7963219542088271,1.7670844442838394,0.17765093458270265
1.7901491781089798,1.8288939827506105,0.9674918594487052
1.6403705765710468,1.8034280180268218,0.18330282562321076
1.6649247094994581,1.5873638079631451,-0.012303470235437985
1.780297007360095,1.837331854502283,0.8683938956503015
1.486065121561462,1.5904800579343308,1.4227869895717586
1.7757553719368318,1.9836389621449024,0.12121016586428279
1.722306695933518,1.63783296695863,0.06468390918698308
1.8067234413530706,1.8118468162925758,0.8880442350663984
1.5527049012384901,1.4520148948177234,0.486167620250578
1.8170948877569435,1.7518559347081122,0.22914192515001552
1.8514686472988373,1.761875236860984,0.9674588980812582
1.583560794715486,1.5779552149875196,1.3961192763541463
1.8710130099332007,1.8879043679495868,0.24905310938399472
1.8118010417315284,1.7513055454300832,0.3061010407958977
1.870945418267366,1.8816347939189622,0.34341250408291435
1.7210004005645194,1.6872247124183064,-0.010047362795105763
1.8804512860369713,1.6300116456392661,0.9048639499977846
1.7129209911253975,1.5193676651294938,1.3157309714997893
1.8947919248670335,1.9283159586110774,0.33796928889671185
1.6460860658452432,1.6692497400796342,0.0536615057232801
1.9223575228083711,1.7200588839616127,0.8528634291418313
1.9307789436924332,1.2279792789423636,0.678766195055003
1.7077209628089987,1.5869346545299843,0.1637917971584062
1.9965788939412272,1.7717707997739602,0.9652060810034708
1.8211758984945148,1.513796776729913,1.2361622304833926
1.7817316911313945,1.7341603889381432,0.29324586907310346
2.2283618025539025,2.06441398291594,0.2797387119654704
2.0240747544495603,1.7352765454922234,0.8112955685129442
1.8669703845861039,1.854118071831098,0.4019134178713972
2.434019519042325,1.9391535133098428,0.2283816232281195
2.0296914192246787,1.8216167326170654,0.8437079175952003
1.8614362126377189,1.8821463209694331,0.33968590260822307
2.5931374529756623,2.034011561617927,0.2739306269586077
2.1243643356673942,1.822674595829808,0.8176281445737805
1.9009337065522116,1.9135586833468186,0.3340803541774615
2.4930667400091044,1.8138626453355635,-0.061701399068723184
2.196619468817382,1.9398055881096736,0.784826934802153
2.078040083503544,1.6482727202667125,1.182040380391582
2.088475187666775,1.7904325368149772,0.29593973070499957
2.5343765727167065,1.814626776865165,0.12651825732534627
2.543796013753101,1.7227533714754304,0.7794561988615478
2.0431296437507327,1.4111218178460836,0.2942797116017897
2.5204510206246304,1.7782302741987592,0.1735869708299853
2.4066383378682654,1.9005760767379687,0.8399308309880908
2.215412574523891,1.7088964839558014,1.2275934670400992
2.265590386105359,1.8186180230028506,0.21882966630132583
2.546979140139577,1.8326127164582398,0.22970609799490727
2.497722339510919,1.8482555975155408,0.5943206021679175
2.3614594485357117,1.9551087226990556,0.06115858886560499
2.4815763952356917,1.7880928161392395,0.03013189126535043
2.548672865691935,2.0210711550966707,0.8269221773101876
2.503236007461907,1.9621144140768394,1.3032055326607477
2.443307591444239,1.694294657601777,0.033547673154494695
2.7544145055185365,1.9942917424488351,-0.0037446756686462246
2.515998076911035,2.096873479670238,0.2742795227350079
2.705020375791039,1.8499182094411801,0.8381867395362668
2.606826255423384,1.739169086340283,1.3658247398338244
2.853628342128792,2.1625823539144267,-0.0013187885943611866
2.517205905408817,2.031071860600772,0.027193747455679596
2.7927882134827144,1.8461604942967054,0.8918442098563284
2.8923918644620725,2.050606686459698,-0.05135606709388152
2.6615261521050164,2.063875633775896,0.229899082927006
2.7858130396708094,1.8977906325381784,0.9124824366215429
2.896279517735826,1.8393904796792997,1.3631652998831227
2.943727675059278,2.0956775721031624,-0.06686650271709382
2.8649060175338623,1.9701639019715,0.19704387134903723
3.053747833553065,1.9253977152655808,0.8036537764738665
2.896140758125539,2.2154466659041,-0.08047693976947079
3.2597212162339595,2.364419173994513,0.6209924281058805
3.1528109896243155,1.8849308114949272,1.3412598784128136
3.515052250600472,1.895172081340173,0.4032856061547152
3.2604493465601,2.005797107573314,0.9001133407604631
3.408515387478299,1.9667522513871556,0.15161655049674527
3.359701806979403,2.065645176431964,0.7759161599186979
3.186079440655408,1.875966034694763,1.3105067437710898
3.5845548413093047,1.800435388086244,0.2815401430836302
3.3656400984113533,2.0636930051482283,0.8220648161576809
3.2969195206264694,1.5370446142506928,-0.1009016180008343
3.5870064995095996,1.8075573085188419,0.1526627758899648
3.470140390071218,2.0352501461097443,0.8815033407791131
3.2793430649049946,2.131550507581111,1.3667800830479946
3.236639675630173,1.7428758991192133,0.08123371194420748
3.648580480527602,1.8569330799340613,0.27495537977927276
3.611854721749502,2.012892444334913,0.8618676045004925
3.686611581000404,1.71652122916092,-0.07757367957697581
3.5878838798632984,2.050557333814885,0.7831627731762711
3.6157423750232556,2.263194276877621,1.3478014879558118
3.8570694175867235,1.7334823265137485,0.26725010879565514
3.5124480045125783,1.864960871738491,0.06959391614020771
4.249215043509547,2.006637771465162,0.9687132777881597
3.9724630539097676,1.8684821948668657,0.3606924860656995
3.4534897136740397,1.8552370894080656,0.12913849232227226
4.356746588924011,2.058179575624976,1.1777791252713263
3.6667749171938575,1.9683649146215458,1.3241577566840261
3.9767371836925816,2.1412691639121957,0.5350097506912794
3.3794543090291964,1.8223648901022103,0.2435484418111058
4.4750994765921925,2.060863691930826,1.0871825716698966
3.9937588393914862,1.986593445113644,0.4154291282452667
