,data_1,data_2,data_3
80216,0.4966304025096069,0.369174078270259,0.5510163512347307
80217,0.562046836877886,0.33954701151419797,0.3607460891127877
80218,0.501082805067425,0.36068161908857727,0.5474014682268203
80219,0.6044883828157376,0.3433366339880661,0.41344861062482635
80220,0.5800318224020179,0.3732228607808519,0.44051688581844206
80221,0.566909807950771,0.15505685011732573,0.6027827893416382
80222,0.4938506361428613,0.3686945737555072,0.5583836627513433
80223,0.6044165559839075,0.3428645556563777,0.4132739283458074
80224,0.608342379497015,0.3914814726810343,0.2812029104384614
80225,0.6043716472202837,0.34203289191422187,0.4113837043580546
80226,0.5817052289755138,0.3735931385197117,0.42127450854142523
80227,0.5119294723728104,0.3632959105707405,0.4612367576332683
80228,0.4969248245451907,0.36054640067196303,0.5395285219413549
80229,0.5843219914847875,0.3381594154565952,0.364434797838871
80230,0.6096616367388059,0.35991445312154674,0.3748497333570873
80231,0.500904801411003,0.36027531060966866,0.5435352380960107
80232,0.603515117915286,0.3436635235647679,0.4360039941090845
80233,0.5958856582433062,0.3881139737055618,0.4408835217245336
80234,0.5157961577057676,0.3682229423700217,0.4728660700243993
80235,0.4971538093913974,0.3675204460805025,0.5422631407834899
80236,0.584828812486168,0.34041862537079715,0.38400671649264684
80237,0.5843488189197675,0.38367483525745605,0.4301533841043368
80238,0.49698305639307816,0.3697137142395388,0.5437581770622775
80239,0.6098829177607785,0.3404217539942174,0.390041066939385
80240,0.5843096200493997,0.3795839022818825,0.41993516788848784
80241,0.512413045951649,0.36005902302794474,0.4646468855990858
80242,0.497340015354798,0.36094985557126846,0.5440409404630946
80243,0.5833257510614729,0.34909883633817196,0.3866319951959289
80244,0.5792797025736995,0.38068222100478083,0.4496041667279276
80245,0.49756347157420133,0.37623575951504307,0.5289488917827692
80246,0.6070312792455896,0.33442181064464865,0.3937733934241049
80247,0.5878970190955626,0.3869261282201759,0.33458638061934376
80248,0.5167298158863329,0.37257908634629755,0.427783102828435
80249,0.49680994693087566,0.3677084041490583,0.5619015422975822
80250,0.6031969499744159,0.33508452872211025,0.390438983926932
80251,0.496411251368452,0.3681608856087736,0.5362760499500905
80252,0.5820601940062554,0.3591332255393637,0.4086095912493819
80253,0.5785771138035455,0.3840235908176225,0.3393173442223268
80254,0.5457254242221982,0.4323625760650328,0.48806979098255143
80255,0.4985234587070022,0.37834232011071783,0.5401314474643617
80256,0.599940135621124,0.342659407349249,0.41847930478464
80257,0.5728539880966116,0.37837095904818024,0.32719687153358384
80258,0.4933683314291907,0.36245551418738964,0.539800790716789
80259,0.558804614474026,0.3374197194908043,0.3576379055458704
80260,0.5827341426769037,0.361368919207198,0.34083522447834697
80261,0.5221198644866729,0.3807124758246691,0.4462228525081293
80262,0.500101428493221,0.36697197432859624,0.5394167989648548
80263,0.5585433188826491,0.33616572596739,0.3559246030285427
80264,0.575840443535898,0.3764917221673932,0.3469578835642776
80265,0.4967084830340506,0.3683466433267921,0.5523730477335107
80266,0.5595166744163268,0.3298217715635007,0.3802574904501444
80267,0.5571973248391043,0.35446552567919304,0.34804404349229634
80268,0.5203183025312113,0.37808659812170775,0.4492940260435029
80269,0.49710826619518966,0.36862763496650436,0.5416481827753421
80270,0.557534480440881,0.33865772609234585,0.411797751973505
80271,0.5746794772238122,0.3765768482288061,0.37219028374796903
80272,0.5044960976858961,0.3672424111618247,0.5386406360750196
80273,0.5547103491098695,0.34219764316070433,0.4050536200999014
80274,0.5797926413178542,0.37700113769726185,0.3427700421741984
80275,0.5682618291038636,0.42689972452943514,0.5095948253283678
80276,0.4970579194379888,0.3689773875605081,0.5395793896102803
80277,0.5539231995395923,0.33809343932095254,0.39853864622982865
80278,0.5672278399418018,0.3820453037821786,0.3926186550906048
80279,0.4969353379994397,0.36049933379875043,0.5429945367447592
80280,0.5553712465959328,0.3281157779070512,0.36062922867072167
80281,0.5784920092040647,0.3675018806228437,0.3509645912691544
80282,0.5104436765777225,0.4000032927901986,0.4560797223794726
80283,0.500478553347789,0.3683914067080359,0.5362360486968194
80284,0.5539707819833914,0.33792249958858384,0.37579837313365083
80285,0.49690841993123325,0.3686534203243637,0.5515925923559988
80286,0.5542333917565495,0.33677993319159893,0.36578118560740375
80287,0.5672748332696301,0.3893229631843923,0.3495341619997693
80288,0.5687361580936213,0.16013005051519208,0.6033369934395578
80289,0.49673472135305985,0.3691773444155879,0.540132038948884
80290,0.5591741714541993,0.32761210391686596,0.3737557911827098
80291,0.5633554447155885,0.3729448602426513,0.34000021310342365
80292,0.4968482394689806,0.36951193521917036,0.5408694849518394
80293,0.5557488699332455,0.3164208804206736,0.33768331753055686
80294,0.568644527901848,0.3848289191142848,0.3696687176307983
80295,0.5695534885282509,0.1603989574171876,0.5958733713431428
80296,0.5557283868241053,0.32924170415309756,0.3588444072248584
80297,0.5774814034143843,0.41835548834917174,0.3920600148587672
80298,0.49666026615766745,0.37223277180000836,0.5437220458077385
80299,0.5542045703905912,0.33717946871650967,0.37507344970301226
80300,0.5661653919466867,0.39031504623291025,0.36849907388733394
80301,0.5639485485483915,0.14673878590596576,0.5980999218801042
80302,0.4965840889309757,0.3684265779361561,0.5449931291467923
80303,0.5538126723201388,0.3352048947725975,0.3649169337726272
80304,0.569618245968431,0.3846304750001994,0.3361634051027133
80305,0.4966263240144241,0.36853621727777375,0.5406485739325065
80306,0.5634210631714183,0.3380317263644759,0.3751392565810173
80307,0.5696769309824499,0.38520019388698173,0.3393022022185537
80308,0.567076709036973,0.15443886104063076,0.597143339311383
80309,0.4873820974663541,0.34878985899006304,0.5166359077815468
80310,0.5587476514913065,0.336789387822814,0.3690670426750675
80311,0.5591907120179961,0.3686119918494031,0.3582306152861976
80312,0.49688168312947945,0.36850314325875966,0.5423176925560118
80313,0.5546663013618954,0.3391088667134524,0.3797268612353313
80314,0.5699710358017416,0.39519710836808475,0.32644974630890844
80315,0.5665246620556768,0.16382911481225826,0.6027848848868032
80316,0.4930153603294273,0.3699143930846386,0.5418741805615676
80317,0.554162380623756,0.33768438040387233,0.38370750137232856
80318,0.5719476105171578,0.38949235579528946,0.3358959146772423
80319,0.49732225124244633,0.36174614180244125,0.546632622845505
80320,0.5543250219483228,0.33686911614931503,0.3717793710004873
80321,0.5772606661917694,0.33523985971785475,0.3753255995549062
80322,0.5458488666763971,0.4098990255270616,0.5138314430670967
80323,0.5007363595599541,0.3694645245411864,0.533098493698476
80324,0.5605216609459777,0.3381655351815272,0.3800671000321666
80325,0.5674100127266327,0.37807934384103,0.3453437730013544
80326,0.49666312110429545,0.3688980717997329,0.5467437374379249
80327,0.5570103031766671,0.3193604112166358,0.3502907890008079
80328,0.5664225184096546,0.37895308928721216,0.370753474895521
80329,0.5582771290970527,0.40279457496870824,0.51461661342123
80330,0.500602630234572,0.3680280394450824,0.5377868366167315
80331,0.5538035183642842,0.3369934703351512,0.37278342442701967
80332,0.5665359458923491,0.3898089312288476,0.3693435785888416
80333,0.49711288848973023,0.3689711990746219,0.5355690231511436
80334,0.5565803844677886,0.318568147501289,0.34566090165292207
80335,0.5646940068345779,0.3941370894967268,0.36005200737510223
80336,0.5601479348373953,0.4114045810017514,0.532293026975446
80337,0.5004125270424411,0.3766872439409211,0.5380707322879199
80338,0.5594313432337803,0.3276196332413608,0.36269837672649685
80339,0.5572619463294448,0.3737004743693607,0.3514273096110185
80340,0.49644786719187073,0.368010024075058,0.536367628653714
80341,0.5543404749134041,0.3363080611427734,0.36291426857716846
80342,0.5653704479189491,0.3939101783475648,0.3533668887572751
80343,0.5504570677501975,0.41020064545306123,0.5215879513994406
80344,0.497382431704699,0.3615631345225944,0.5419921056757739
80345,0.5538515086576016,0.33740940534766056,0.3753599141069836
80346,0.5675776388786451,0.3805307750029538,0.3481973393809415
80347,0.49735039285920757,0.3614036091086381,0.5414929941362252
80348,0.5587189660751876,0.3400267566922898,0.3641457731518956
80349,0.5674310396351306,0.38932292880391517,0.3536338933204599
80350,0.5472696784482393,0.4102325161553754,0.5171937621839474
80351,0.5003889624036072,0.3678428318146982,0.5400493663122119
80352,0.559640207503752,0.327393237799356,0.363263810580563
80353,0.5650489265487064,0.38195808051165986,0.34584946691865937
80354,0.4933378333485461,0.36129936750193214,0.5371977856306642
80355,0.5546932194301017,0.33836126323791804,0.3732828655079451
80356,0.5678461851281248,0.3745300752828878,0.35992816741567196
80357,0.5099309191000203,0.3932354958640565,0.44760281969797583
80358,0.49739462187363415,0.35256428529303274,0.5393753612491721
80359,0.5568294898902304,0.32060440002120066,0.35940079981551093
80360,0.5571647875108683,0.36458507532227485,0.34987244044790183
80361,0.5008326120462677,0.37019105278423053,0.5420827211046038
80362,0.5596957656714642,0.32757603879633995,0.35773744394120943
80363,0.5553913218555548,0.36758882884954536,0.34525131552072624
80364,0.5085143217732003,0.39527920894750884,0.44721201742425526
80365,0.49717021400535477,0.3696023558740637,0.5358620445835345
80366,0.5545332064690972,0.3378873283604637,0.3870245634734377
80367,0.5671814357299444,0.3977653300108727,0.36059024139091744
80368,0.500913728783792,0.3692641207399038,0.5403888108298315
80369,0.5551881221622259,0.3290006970083058,0.3892263223591323
80370,0.5553056734567163,0.3582908694688156,0.34608967723297995
80371,0.5593824919248133,0.1498564935247358,0.6232404138187955
80372,0.49706385591431046,0.3701994416206541,0.5481517409941327
80373,0.5543107018985699,0.3372221005081705,0.36993773324135915
80374,0.49294416793018114,0.3552758391450414,0.49805134579121413
80375,0.5532675134640402,0.3409040433276181,0.3774519948626696
80376,0.5638536102438589,0.37951173766035357,0.3369538819179903
80377,0.5654987392507542,0.1528817348502223,0.6064449573122241
80378,0.493941133419306,0.35466709841669863,0.5373467214334016
80379,0.5535578570044413,0.33550252656324836,0.35908226850064723
80380,0.5810819895949715,0.4169033945164436,0.371035697510489
80381,0.49428046421851357,0.35939881472531476,0.5706285077355866
80382,0.5559188072325281,0.3181879338045341,0.3508219759010278
80383,0.5555655642330859,0.3609325621912641,0.3504850832166334
80384,0.5425073555731429,0.40882687034727117,0.5320567035594153
80385,0.5008411768861516,0.3596768840244696,0.5541537372374963
80386,0.5549965235218614,0.3270785189115637,0.3566550526145762
80387,0.4929614335597883,0.37031203768330645,0.5482495894336934
80388,0.5574428049324948,0.3452765180305382,0.38038732975258743
80389,0.5556595508887425,0.41620670852756203,0.35729107592149995
80390,0.5867699949267202,0.34586215507823903,0.5311679220165174
80391,0.46254995296291335,0.2938993300177574,0.5302367394831433
80392,0.5584542264212118,0.34538058773485847,0.39039631254353113
80393,0.5821109939295877,0.3804658646621026,0.32411211920353195
80394,0.48961398598021244,0.3533849816629791,0.5427600215814112
80395,0.5609023204963709,0.3570475338933165,0.3942769748966871
80396,0.5785823252140568,0.40838865678557135,0.3358624366532751
80397,0.5506038935767776,0.42125310934349325,0.5086250949036917
80398,0.497987680389824,0.3751757406436851,0.5400852102742687
80399,0.5484559767470715,0.2994436976646679,0.3642903573185039
80400,0.4935393110105756,0.34404879119166326,0.5514466815741046
80401,0.554776601998283,0.32673467975962905,0.3782838333456193
80402,0.5669951844499305,0.31366322234881255,0.39152797453087923
80403,0.5560072199447682,0.4481544918714388,0.4741945104625669
80404,0.4965846327303334,0.35197833882103763,0.548160883654893
80405,0.5561176112143822,0.3169051294412717,0.34859293267929337
80406,0.6388335266997937,0.33825513070496904,0.3742606992705779
80407,0.49716083346643436,0.34445389635387164,0.5558429663347627
80408,0.5545527379293614,0.3379032465213822,0.3639402491799236
80409,0.628139938913602,0.3880753644297271,0.3796349867894467
80410,0.5009807067380159,0.35275055871820843,0.5494663913931499
80411,0.5618210695112124,0.33486841304277204,0.3803772322668124
80412,0.6325321610091674,0.39069629134397954,0.3619656288006049
80413,0.503849338983133,0.34692568075826585,0.5699957882922094
80414,0.5697297248367603,0.35388834622887017,0.38311481698133815
80415,0.6429257981329721,0.3802989130650828,0.4189376545908173
80416,0.5889975783623301,0.35575984750229933,0.4552373808213611
80417,0.5238166997491633,0.36807297472871187,0.5565504663213277
80418,0.5746844620512578,0.34130027832672294,0.371262278331458
80419,0.6347142465651827,0.3821361370027977,0.41826342983352616
80420,0.5288015725114001,0.3709755808922195,0.5581526457964564
80421,0.5807041396745931,0.333962178045687,0.37199933564458443
80422,0.5854289857106211,0.37411534358707854,0.3710434121586167
80423,0.5426460697259706,0.36679433040318404,0.5641258620929163
80424,0.6317395734453133,0.32650601520613254,0.41275572030596447
80425,0.5970110056974625,0.3816935571205004,0.38764405901285015
80426,0.5562108274876154,0.3824517154025186,0.5978793826510425
80427,0.654162822743963,0.3486245232754691,0.41824470512350315
80428,0.582162156385825,0.37567436070373,0.3726426173115758
80429,0.5482873083129569,0.3589584008130776,0.5105116601371845
80430,0.553187348375392,0.3749454602077628,0.5994934256157345
80431,0.6601046917425334,0.3431037750163578,0.40520320653561326
80432,0.5547572064878584,0.36847013800069967,0.5830158497910523
80433,0.6512904745365682,0.34430612906309926,0.4069485168153811
80434,0.5984675269604605,0.38549119024554346,0.3949143670677912
80435,0.5411284163518439,0.3672372540902529,0.5115528925908384
80436,0.5556688861110498,0.3519670620245338,0.5825271483790975
80437,0.5886704830486709,0.3778814154341018,0.399579608290558
80438,0.65001005363224,0.3439457185211803,0.4266042572757581
80439,0.5952691257215088,0.37597292076726374,0.3949519601340784
80440,0.5360926530330484,0.3651655552984039,0.5178485693493464
80441,0.6504413771561258,0.34447593423972217,0.4203042035317845
80442,0.610804476405635,0.3855337876567271,0.3872629570852968
80443,0.6527783095792475,0.33629014891418046,0.40693575764925527
80444,0.611484089652926,0.3403666420893528,0.3782292393242029
80445,0.5486057028368928,0.37096660758768446,0.49600136183396437
80446,0.5488286605735515,0.33570372111550534,0.5734671940545464
80447,0.659930358731776,0.3406715625411585,0.40252351970605044
80448,0.5954174923129357,0.34373881680971713,0.3840357161338016
80449,0.5449902528071949,0.33928950174037625,0.57646345185027
80450,0.5322536108341078,0.3506237480214948,0.4925297025782608
80451,0.5393588932418737,0.3330813846016899,0.5825181916134727
80452,0.5395148730243086,0.3386036799822727,0.5675788135381545
80453,0.6544872896940599,0.3590553537586286,0.4791371917254492
80454,0.5176804224802134,0.33280393415112364,0.4589344125796523
80455,0.5449409483320965,0.3366893062538427,0.5879067846080044
80456,0.6582796104648511,0.35341162653276703,0.46038914341312864
80457,0.610480961104414,0.3447784136776505,0.38949636884271793
80458,0.5440864582746904,0.3425293803846837,0.5740679057354834
80459,0.6528253482236889,0.32310819264981755,0.38937099102352946
80460,0.6501943109812756,0.31456399085003134,0.334981445806515
80461,0.5123323370636431,0.3169692834116256,0.5076061529667528
80462,0.5494893767931625,0.33646218882181783,0.5755266417641542
80463,0.6595951970609776,0.34967446866702334,0.39330826689525683
80464,0.6596620843819752,0.3428875905760654,0.26752949936107845
80465,0.5573873373980088,0.35387703505188917,0.5763966647979135
80466,0.653161960026108,0.34590158948552524,0.40144078193848265
80467,0.6084862597437409,0.37862503077428744,0.38421112509380523
80468,0.5882308212679668,0.4060078087432278,0.46638312926610326
80469,0.5375438269356958,0.3080368916443867,0.5726321531053968
80470,0.6524581930240122,0.3444909585082349,0.4017717682274321
80471,0.6361313876913604,0.3652201858765884,0.4228032932371045
80472,0.5435374928230876,0.3008784293564374,0.5725004041529244
80473,0.6517266922546734,0.34225636501566925,0.395849774490611
80474,0.6161944796893617,0.32511305579409516,0.41533768544264993
80475,0.5616750593836688,0.407349300580978,0.5049907943038892
80476,0.5478643230458891,0.3004979749963424,0.5541759432564224
80477,0.6671282229801911,0.37373275763740055,0.4085348783044255
80478,0.6333474975128189,0.36355658334845964,0.41377112178554776
80479,0.547922011094419,0.30174801476488494,0.560961893085759
80480,0.6711248763596397,0.3765367949729313,0.38223107150665947
80481,0.6215025958531408,0.330510825086456,0.3753059115700896
80482,0.5654453109638599,0.390639322893349,0.4906418698779341
80483,0.5511995351399166,0.30018232783566723,0.5713827012003045
80484,0.6726381793389047,0.3641151629606467,0.4062268296500578
80485,0.6380800473730811,0.36042483130477554,0.4262770649375309
80486,0.555301096478789,0.32104491707486926,0.5882414972494449
80487,0.635913324148921,0.3755345696836553,0.424181249379575
80488,0.5367327955102928,0.38550030107198713,0.5252012120498037
80489,0.5467590508513549,0.29957757524267337,0.5716065865418074
80490,0.6582497015001775,0.3342042509852703,0.3796254638886362
80491,0.6431809306649615,0.37108412005856867,0.39597787313860244
80492,0.5432663635266588,0.31902090400482136,0.5665915075733847
80493,0.6527721918364733,0.3381816252448314,0.41078385455456434
80494,0.6385759923873076,0.377033249062916,0.42520120528998073
80495,0.6365668803436554,0.35785592205244465,0.45925800531207184
80496,0.5398660314595463,0.33034841171241947,0.5684621534234465
80497,0.6521363997540905,0.34454888961222535,0.3982242806559584
80498,0.5954097431720886,0.3403036914356989,0.3728179586733482
80499,0.539206765371556,0.3468445084517247,0.5764778840726164
80500,0.6496849069329459,0.36500678625494476,0.49300120024039285
80501,0.6165755470892731,0.3501425244828857,0.41025084250210386
80502,0.5778772440301799,0.3343591694152891,0.5541585874105798
80503,0.5323571592951374,0.3414703241666858,0.5663847245843578
80504,0.6273421852558496,0.33462004847587107,0.38972884760935306
80505,0.6211000936952132,0.29121366466503956,0.3738432294946765
80506,0.5514022363505009,0.32062471888319377,0.5665364488141293
80507,0.6230764418275636,0.3370820000638015,0.38899906555585195
80508,0.627099197576182,0.29784170495158413,0.38012019844271927
80509,0.5587739804435421,0.345717103845161,0.5474574057630804
80510,0.5422509541759852,0.330158184532372,0.5693663135639264
80511,0.6229742528649284,0.32558430899433205,0.3729897849271019
80512,0.5456066946957661,0.2973828631035969,0.5504459573604554
80513,0.5993226061338377,0.3585327705060132,0.35888018358868395
80514,0.5327807789947893,0.35544499109259853,0.48939079561529486
80515,0.5493997858489806,0.30518210872458884,0.5493690330407648
80516,0.6233671025842566,0.3363449513947508,0.3883128167631986
80517,0.6222939598684402,0.3865710122717374,0.4210212010698231
80518,0.5498584806072043,0.33176516241464177,0.5688315777565722
80519,0.6240763528965426,0.3378456248416859,0.38810125964909825
80520,0.6174494326571041,0.4151154378024786,0.3760515369590118
80521,0.5747313194292467,0.41468358462905075,0.5108923902744668
80522,0.548417865475419,0.3132450526052887,0.5548776297951101
80523,0.630653107645233,0.3302678238739898,0.37622708111547765
80524,0.6035926093237589,0.3417319252172879,0.3593052497158086
80525,0.547226808932207,0.3199603161623521,0.5641053460297683
80526,0.6231060335759454,0.335786199880178,0.38880302223579594
80527,0.622783333973761,0.37231600693517825,0.41416135792408265
80528,0.553871402650771,0.3078069206327587,0.5539500975662169
80529,0.5648440954573044,0.3447509780568882,0.5871292021553155
80530,0.6231796730723012,0.3287050936658066,0.3938575532218618
80531,0.650684228885954,0.40897508458424653,0.35878839364058823
80532,0.5570169194021859,0.34401753933793777,0.5789780046509612
80533,0.5846630896319077,0.30739016048879786,0.37901249157852784
80534,0.6670065478739047,0.4152199888334788,0.31047721799344585
80535,0.5620976821178314,0.37617249943709485,0.5039724776505883
80536,0.6384540906979554,0.3326854246464022,0.5594416426667597
80537,0.6525109415617095,0.3282236638443346,0.4101134406475532
80538,0.6691919415426794,0.3215223931414695,0.39255074421765573
80539,0.6946057247757982,0.40081357187556976,0.4464096433202994
80540,0.5939319684175268,0.3365532283252998,0.44181264251185837
80541,0.5831407686466272,0.3891609623760815,0.5839182861766383
80542,0.6775643217705097,0.33703775238971495,0.38539167750181813
80543,0.6446530408428808,0.4069542001376189,0.43492284489994837
80544,0.5862721466147418,0.3878285813647749,0.588334580013711
80545,0.6753126298967081,0.33788578123899216,0.4027725008908602
80546,0.6679848882350281,0.4051085873634806,0.3102904778799491
80547,0.5707793482303561,0.35097556344412734,0.4957828336522787
80548,0.5895494893937869,0.38970242051065,0.5976739178275227
80549,0.6898826914042957,0.3729759401939911,0.38383170467225114
80550,0.6559299893900498,0.39746030641763563,0.40624832588755716
80551,0.5461888772248017,0.39441130818244136,0.5688073775898277
80552,0.6669902792097867,0.3394277112585022,0.4132292205656938
80553,0.657320167131408,0.3821710675675778,0.3251974130292143
80554,0.5473763084389626,0.3888814490968865,0.4865190537613126
80555,0.5394454932895881,0.39337594011319693,0.5528601605870338
80556,0.6723037427339166,0.3300338991074901,0.40434931412975744
80557,0.7176586030974432,0.3946556846139933,0.4542567332823575
80558,0.5969976826131986,0.37357684217354453,0.5696358953096731
80559,0.676804135585052,0.32123535053777963,0.40288533078839517
80560,0.6912877783113778,0.15316955101464802,0.571849669780951
80561,0.5681884161905735,0.3648551339702548,0.4858073626844177
80562,0.6008415736897454,0.3829180865750008,0.4848188568510452
80563,0.6810736402922288,0.31956638465521603,0.3403056895099003
80564,0.6690793297590215,0.4057959906235328,0.35589431902099644
80565,0.6540417820702606,0.36908637367306013,0.36664591907957705
80566,0.5892339044998659,0.3240181063579571,0.5427097791961238
80567,0.6211924489527967,0.3673463433442363,0.5582746268045305
80568,0.6787050768731342,0.3307766893162242,0.34879140108589124
80569,0.6619386097597785,0.3843578378164336,0.4730766385143693
80570,0.6424862269854943,0.3687856132589891,0.5342917883730569
80571,0.6910364976915052,0.34931959338192486,0.3837500375592672
80572,0.5750339890884223,0.3713076619209703,0.4273419229729648
80573,0.6439530351196756,0.3913895049046694,0.50168584918571
80574,0.7260373729677266,0.3639203631771389,0.3573952447956713
80575,0.6402649878757243,0.4082414052019561,0.4411171750104346
80576,0.6828088587260506,0.29968295140512513,0.35713636891977996
80577,0.7220524565910819,0.34358434532590126,0.36318578532228113
80578,0.6071119881335957,0.36563058563227735,0.39065893167147137
80579,0.6418983345632027,0.377495322675755,0.43259535330435195
80580,0.6909807582573404,0.38614998894861047,0.3194021448513148
80581,0.7180141572441556,0.3712860709813229,0.3647807571360157
80582,0.6527263314239736,0.36772432230997676,0.47790403099405937
80583,0.7075115336657445,0.38428446987820464,0.330018962486801
80584,0.7284576426424165,0.3674528540624339,0.373408361624038
80585,0.6127145263329585,0.365815655740753,0.4212995367865011
80586,0.6397207806685016,0.39591012508361056,0.4541744155363989
80587,0.7057663455770316,0.35410167708955953,0.3307195125302278
80588,0.7215341704865763,0.3610277617324807,0.37477366844750826
80589,0.6312792472890165,0.4039259677106208,0.4420041652002076
80590,0.6929732391039695,0.36649202286764143,0.36457634008507844
80591,0.725670897517247,0.3547858485847601,0.3796016439619418
80592,0.6494470853471765,0.38663839800694305,0.46297164933566315
80593,0.6308023352523097,0.37445619163750155,0.42208090474013327
80594,0.6973598872561184,0.3730513021998945,0.42936419165545125
80595,0.7155165774274456,0.34240543876457324,0.39366126485821795
80596,0.6394264492661441,0.39002016488043106,0.4668217910874639
80597,0.7051766404902143,0.3721918934126821,0.3848395520495057
80598,0.7159056205512698,0.3259778623162195,0.3736819485649791
80599,0.5814108522565432,0.3850208309377124,0.4122973282508927
80600,0.6356838861365829,0.35988956165609326,0.4583929338487428
80601,0.6989255309235626,0.3738112826472015,0.35495877640171436
80602,0.7156491285208861,0.34149834425555964,0.3797445381727718
80603,0.6240577730851544,0.348589592710689,0.46537476645233633
80604,0.6973272139780431,0.3765644368765565,0.36339850005608965
80605,0.7263204205334118,0.34473461294976687,0.368116696043168
80606,0.5782286290484833,0.37916126307632975,0.4201228881763359
80607,0.7147764665016099,0.39327169850649096,0.3224179174113879
80608,0.7152442245824618,0.3434508459331443,0.380666476648039
80609,0.6152102028519166,0.349717788068227,0.4793646766727596
80610,0.7144790535695587,0.327911695394714,0.3698167577569731
80611,0.5928130106058237,0.3864205633037476,0.4260870463098244
80612,0.7238434144590681,0.3998242736457006,0.29484048389112183
80613,0.7131208693570787,0.34017651805073673,0.38042607198880385
80614,0.6170008435036111,0.3668700018333819,0.4831789575629459
80615,0.7034607722502043,0.3853911430570493,0.3297470950758643
80616,0.7197367776595238,0.3348608837182771,0.38341637269040924
80617,0.5895643079262843,0.38611223918470444,0.4214599473889727
80618,0.6224025384735283,0.3631414734674018,0.47359092585680673
80619,0.7209740571481409,0.40350772920614264,0.3024883893278211
80620,0.7106311293144421,0.3347473593827418,0.3823208673069368
80621,0.7221710048510613,0.4030129253790609,0.29355386140868694
80622,0.7138209203968968,0.3377919569168614,0.3807966877407532
80623,0.5872437348005071,0.3700971597011455,0.41991461802622426
80624,0.6359080674217966,0.38655017770258704,0.4212687288926636
80625,0.7206420223236489,0.4091489810376498,0.31169569300912275
80626,0.7137875673696242,0.3313973944506136,0.37573231276227903
80627,0.6255100345865172,0.37119279674682637,0.49254719362056565
80628,0.7149495306471993,0.3336144882803119,0.38220661784654814
80629,0.595482929502313,0.3898176294895655,0.4279902745072909
80630,0.6353817602767649,0.37678557210555796,0.4066166432996481
80631,0.7280444457637874,0.4005105423500071,0.2984387968826265
80632,0.7135285376089044,0.329798942926676,0.38068824327846285
80633,0.6326254679156269,0.38319612149367854,0.4379424071858542
80634,0.7228883215204867,0.4027353717870632,0.2869178602993324
80635,0.709568907902393,0.3349667412074089,0.3920955123798894
80636,0.5972940532631476,0.3876218859361746,0.4277233290925583
80637,0.6226236835456616,0.35337043872114643,0.4598645811395595
80638,0.7201930706372509,0.40366055042705556,0.3132211442670295
80639,0.7114639580307665,0.33328649852834147,0.37781667042005845
80640,0.7273930647664837,0.40074804268612996,0.29021953218441354
80641,0.7193078105995213,0.3277533732974578,0.3704402331422433
80642,0.5876640010707863,0.37934145115705065,0.4010057873211609
80643,0.6227133651230696,0.3628580751942893,0.4821730958837308
80644,0.7207387732927072,0.40591687238117724,0.2799352117639647
80645,0.7124205464175818,0.3398927072118986,0.38701521801798405
80646,0.6222543078319408,0.3609082208134449,0.4748442646601889
80647,0.7279800055398994,0.39789683533595527,0.3059871068879792
80648,0.7133010935275446,0.32953524466696804,0.38359928505406826
80649,0.5920290785150797,0.3890975647762247,0.3995318923891591
80650,0.6226260400095449,0.3629378722817446,0.48675174377242003
80651,0.6939054018363011,0.37049748597703064,0.395443542920635
80652,0.7121629214718692,0.3299037690014934,0.39493549151501933
80653,0.6224543353623497,0.36268655099380914,0.4857292698279047
80654,0.7242577895696389,0.4010866903860157,0.2730169906141842
80655,0.7102338838836391,0.33385683626371243,0.3869354521052506
80656,0.5919694418521846,0.38132702685364944,0.4209172687894607
80657,0.6507582309152151,0.40737219797875707,0.462395104022355
80658,0.7196480024143785,0.38381909573955963,0.3267586110767205
80659,0.7130187257110565,0.3491153389672019,0.3903407636971
80660,0.6477101901986686,0.4025392311649467,0.48753000220742027
80661,0.7066456691384396,0.36808095099940974,0.31974705215098753
80662,0.7137124324250348,0.3275857340908951,0.37856970626506825
80663,0.5888899060895046,0.3738740270179925,0.4106422024612313
80664,0.6266342944419581,0.35665700605341794,0.4878674694767792
80665,0.7275431533892102,0.4003106542558816,0.29443087663447876
80666,0.7134055936374502,0.32859401034414865,0.3821155714789949
80667,0.6309800216924396,0.36212993106881936,0.47782451857469266
80668,0.7220113091063488,0.3930178330632467,0.2891426934187342
80669,0.7102207873824411,0.33452656795851177,0.38894281537777287
80670,0.5916383586765689,0.38276406203738783,0.442704939162775
80671,0.6230140408512671,0.357199083036575,0.4700414441375147
80672,0.7166278767315276,0.40811450686081113,0.3106257608814647
80673,0.7134750186887837,0.3296369421183652,0.37774052101269046
80674,0.6240527429410956,0.36300463916836173,0.4616847649100827
80675,0.7249003338273798,0.3972066128767771,0.28729735782511884
80676,0.7179025424259867,0.33845697848629175,0.3800545436607342
80677,0.5841209216722762,0.3783470646165639,0.37943536076314077
80678,0.6223545934968242,0.36309141549267754,0.4882247599274171
80679,0.7291337211938824,0.3940979988942121,0.2718141688799173
80680,0.7134753359050758,0.3379943891662956,0.3790262224692261
80681,0.6287667583065827,0.3628113865063254,0.48912200814876394
80682,0.7222325901283213,0.40109170993567894,0.29251672287290587
80683,0.7158597148221569,0.3431965335436971,0.37723284139734603
80684,0.5969911570209062,0.3832822445889286,0.4263602783600521
80685,0.627144831405616,0.363985720464193,0.48439148393428333
80686,0.7270416344315672,0.3889607992381389,0.28752507936623817
80687,0.7172561009395156,0.33115683425202475,0.38581594934972696
80688,0.6261920496143049,0.38010872026551246,0.47647725202915525
80689,0.7105772931780295,0.376995052352807,0.32211639550143234
80690,0.7107758252602048,0.3338973364657901,0.3831478809661396
80691,0.5929471477807241,0.3827300941259678,0.4153632122246804
80692,0.6189396694802799,0.3640327185764512,0.4850146551275134
80693,0.7143003701639397,0.3905886460700362,0.3323262886850734
80694,0.7163646778423987,0.3247819717991815,0.3769002581001862
80695,0.6226828670424251,0.3636839973967618,0.48494888204862385
80696,0.7103303629530185,0.3689986346953842,0.3282724058646468
80697,0.712721539362071,0.3399723323969681,0.3861477468174499
80698,0.5924620334370386,0.381060612536247,0.40468452530815247
80699,0.6418662957177113,0.3910413681930915,0.42486706723350487
80700,0.709884492796314,0.3772438638659109,0.3190756707442934
80701,0.7153272446177381,0.33396362202572716,0.391787839030901
80702,0.6380272082021574,0.3879683723848495,0.4162041342199382
80703,0.7231532877575282,0.3713064929847474,0.27017990348189364
80704,0.7101960445116655,0.33434651739969945,0.3875148449940451
80705,0.5889534852977428,0.37285574604588945,0.41434224234080774
80706,0.6266552760338427,0.37932312636273197,0.4348275144944972
80707,0.7215048053212603,0.39578800562878885,0.29759976341295086
80708,0.7192948953647756,0.3355075461129116,0.38976714200728824
80709,0.6182746481824205,0.3549345441484154,0.49098445771330124
80710,0.7182872351549495,0.3842063918146066,0.3183546046377186
80711,0.711200577875185,0.34112122480174784,0.4018066066658007
80712,0.5886616916257214,0.38203870273056667,0.41133532937390216
80713,0.6225628233342119,0.3628459045053797,0.48054098729176914
80714,0.713312105464538,0.3845692433704029,0.3252813320082728
80715,0.7133605036073737,0.3283675805216667,0.38115075882563354
80716,0.6472910115271048,0.41666806015038094,0.457104443965173
80717,0.7120338597576408,0.3908046242274658,0.3740688216915153
80718,0.7135783858833608,0.32850503366929545,0.37985555136784516
80719,0.5879728337893492,0.3913168589564604,0.4306439275680898
80720,0.619378742145013,0.3633858498989538,0.4735837773438647
80721,0.721677960100076,0.4037441293669969,0.2984028071618839
80722,0.7129430469671094,0.3309847943443874,0.3846924836479034
80723,0.6492409400739934,0.4022744327299701,0.46541667735563697
80724,0.702230380886785,0.38659923864347406,0.38601156173105955
80725,0.7101637790831083,0.334532515781058,0.38864480857583605
80726,0.5974406978232751,0.3855898622149518,0.42571405617000657
80727,0.638987421918024,0.397066959378611,0.4372571132182156
80728,0.717761924975407,0.4042835590534138,0.28340363950735353
80729,0.718173490455963,0.3382106423675424,0.38043734399384477
80730,0.6488916849365077,0.4035327238130277,0.44465568891672586
80731,0.7072459329961188,0.38515742457341245,0.3349852989056894
80732,0.7189113808677547,0.3292839921399868,0.3761358235034521
80733,0.5941135520863869,0.37708901419684643,0.4323204312983461
80734,0.6460843660689718,0.3988273773303823,0.4581520306525531
80735,0.7119275469832095,0.3853036447427134,0.3324727487025956
80736,0.7130006896990261,0.33768193938999497,0.3804626172825085
80737,0.6189534910472881,0.3694030866285269,0.45600235620394425
80738,0.7052388602000582,0.37697074535546493,0.35884078226971405
80739,0.7184078226625205,0.3302391849365274,0.37674898170869603
80740,0.5892036783189001,0.3762034074860489,0.42862708364365143
80741,0.6225213586331868,0.36137899268700174,0.47226179253677
80742,0.7223355494733801,0.40491743191055013,0.2860043166793937
80743,0.7168418617787844,0.32390052512611855,0.3702922352649629
80744,0.6218601892474446,0.36386851741760307,0.4943214274934782
80745,0.7274765832845045,0.3943374245370551,0.2804704276243822
80746,0.7125347442826997,0.330299006966761,0.3842365420287101
80747,0.5852221153716277,0.37037729182892903,0.3747444491121023
80748,0.6182510835435867,0.37376507528591757,0.4758378741600117
80749,0.7264204796152294,0.3970465373751864,0.27101066039314525
80750,0.71363462380027,0.33002389438864066,0.37762646589721627
80751,0.6462507686724294,0.40936365273694786,0.435049997172704
80752,0.7125646079307604,0.38524065970858234,0.33093904623560155
80753,0.7101455164880122,0.3344627921734064,0.39127781037702475
80754,0.5928744599332443,0.39666604863461424,0.4206680679103998
80755,0.6225680800613362,0.3707484634601947,0.4783007988116772
80756,0.7093016305180811,0.38555369395299444,0.3651189341868015
80757,0.7156267874306068,0.3336823897226749,0.3807591031242449
80758,0.6179258462110663,0.3595289448313114,0.46630921060036257
80759,0.711738803289473,0.3842201096249877,0.3305064809297109
80760,0.7168628886872823,0.33266070508333445,0.37009630179203246
80761,0.5843407978792414,0.37184038741434383,0.4117277033064965
80762,0.624951643279381,0.36465799631430107,0.4923732464723103
80763,0.7129941187901204,0.37722904588026107,0.33016458175132346
80764,0.626526803435585,0.3714848932806567,0.4799918023625108
80765,0.706149996023892,0.3837972297560949,0.3688498918073411
80766,0.7166442813454851,0.32386184708932964,0.3714002209718577
80767,0.5910469315584523,0.37308506382845164,0.4388026453756574
80768,0.6186614707922009,0.3612938666255888,0.4650213122013151
80769,0.7221662919232946,0.4042599052851375,0.2867236062199566
80770,0.7170023279059202,0.34067757912465907,0.38830591329384445
80771,0.6270860104417577,0.3621786482049349,0.4695052887673067
80772,0.712330638257108,0.3865259050857222,0.33667431675848364
80773,0.7158986871094593,0.3315657556471965,0.3960752568403242
80774,0.6038109447658773,0.38973941390405886,0.4419671720682216
80775,0.615500319809252,0.36676342235423004,0.4860989138552816
80776,0.7080852419881228,0.38675687313118734,0.33792126330413463
80777,0.7177771060408097,0.33088426582921326,0.38218887331087653
80778,0.6202244860960828,0.3614033684452981,0.44140995984901665
80779,0.7072226402569639,0.375006829359468,0.3332339005602305
80780,0.7165222437062935,0.33357821687692324,0.3724389015922865
80781,0.5956915671892189,0.38992073654052556,0.42813811183877226
80782,0.6218338149785959,0.37008364817362716,0.4709550849299106
80783,0.7066473005365128,0.36876505373365587,0.32163431026634953
80784,0.7159171762876211,0.3336198172542696,0.3761676791698721
80785,0.7076613503887921,0.38563393798665263,0.33556546072436305
80786,0.7152754024123036,0.3224525913311251,0.380104135413047
80787,0.5842882306079967,0.3728177556186434,0.4115539082542612
80788,0.6190056957856278,0.3614553517267424,0.4594801499991229
80789,0.7239874759722467,0.40412413678088893,0.30076928603728453
80790,0.717306946179461,0.3295311533901877,0.3910230579932323
80791,0.6397231371323849,0.3912869479413436,0.4362722914884397
80792,0.7087817130155024,0.3842859138582447,0.31877395871431274
80793,0.7185877749333075,0.3302802696067166,0.3734828295254067
80794,0.5983861383232574,0.381796045322872,0.41213863295353603
80795,0.6167350615675331,0.36757215431812973,0.47277153389816384
80796,0.7251595448545523,0.39154053834077074,0.28046723941718427
80797,0.7149062532816486,0.335460926185902,0.3871910917158266
80798,0.6267580087958357,0.37089244889848105,0.46423641224010637
80799,0.7159259677105707,0.3339186867420977,0.37573305634282145
80800,0.5894105939745066,0.37482179363146945,0.4234651644176566
80801,0.6388638435139857,0.4015094327329999,0.44227829292699766
80802,0.7228358901990812,0.3934799066760857,0.2823867931155798
80803,0.719796504955645,0.3354822077012552,0.3859138146888455
80804,0.6405320839935834,0.39214071833030417,0.4268599644845653
80805,0.7076450817246741,0.3853528088250318,0.32952073394914644
80806,0.7152606291964193,0.334239559735299,0.3829841749499004
80807,0.5845570487571552,0.37277887129899157,0.40767157284488476
80808,0.6290614522418454,0.37590711653400677,0.43514666264321994
80809,0.7053224240346923,0.37509229922565235,0.31509639102169756
80810,0.7180404861963912,0.3385282148349378,0.3808131986087067
80811,0.718837741371399,0.389844893207942,0.29032219805416465
80812,0.7155583140281493,0.33398827282784066,0.3772527490764138
80813,0.5955090771880959,0.38244569881901813,0.43710128239590307
80814,0.6182928201442904,0.3605655849782103,0.46640900248906825
80815,0.7114151067217993,0.38487014130638253,0.3379454803704369
80816,0.7153092992389338,0.34326395365937995,0.3779055705437734
80817,0.6210125873152359,0.36322216444726285,0.43536083073899773
80818,0.7250341537859882,0.40114544662145785,0.2822426171789142
80819,0.7109360194876618,0.33451745713206815,0.3821123690127951
80820,0.5935417923783739,0.3889394145813542,0.4503194912097457
80821,0.6428164944620735,0.4072368420402343,0.4645868921689579
80822,0.7066487053515201,0.38768648685273144,0.3344602634445023
80823,0.7148397738101693,0.3348884912414252,0.3873183453859289
80824,0.649343219669855,0.4105724359329156,0.479241022608465
80825,0.7116464480318896,0.38125032400913733,0.3825160909984404
80826,0.7147106667793276,0.3351063603250978,0.38875795111518996
80827,0.591686213020047,0.3898682031714469,0.4010641752932994
80828,0.656742380313847,0.4016392877951794,0.48697510522763143
80829,0.7174743004317946,0.3840299168254175,0.32425711318441647
80830,0.7167072714377525,0.3337344073845964,0.37288897906492924
80831,0.6302854539628117,0.34908893476075403,0.46563459715324246
80832,0.7101194594354555,0.3792928715428437,0.3401589548745642
80833,0.7126514345615403,0.331445836542912,0.38695608646530305
80834,0.5830791833693671,0.37844088893869476,0.39455137301640175
80835,0.6228624567803069,0.3491915948655112,0.45514764416953596
80836,0.7155420906806444,0.3251405257953346,0.38287541784579104
80837,0.6335123593514297,0.38415464919650216,0.4739731938538472
80838,0.7162581384849017,0.38387692370211873,0.33435084303275
80839,0.7155705948303109,0.3274616893293532,0.3794836934983987
80840,0.6040905935855767,0.3890615684166531,0.43940672006859327
80841,0.6285131212228267,0.374363845675888,0.42420355679584787
80842,0.6965739159177831,0.359779819173044,0.3736141306395979
80843,0.7141262637362479,0.3291221976145389,0.3867899384629643
80844,0.6283966122104384,0.3758242252036084,0.4218766228856583
80845,0.7383333108780076,0.40035816807529706,0.2998769851614785
80846,0.7136741398869298,0.319193459619616,0.378918462439026
80847,0.5832547852452926,0.3716846094723964,0.42949646449421497
80848,0.6225065854173024,0.34884057019385306,0.4615748839853808
80849,0.7136177660201811,0.3678925116041738,0.33341209372237873
80850,0.6267048070920069,0.3576621536832511,0.4613086821511907
80851,0.7083292266332794,0.376802556061268,0.3354608186625737
80852,0.5861481603611852,0.38827580261148686,0.42260566980839587
80853,0.6235368133004736,0.3614172237775878,0.4165768877659471
80854,0.7244523791064708,0.393382094218606,0.26341297093617433
80855,0.7156869678928595,0.3173581609886212,0.3768789900067169
80856,0.6269336559883742,0.35654128136734525,0.4505857775417248
80857,0.7254925766445329,0.3873123241199542,0.2364642907443184
80858,0.5989524147210803,0.3890204493659868,0.41010108707081416
80859,0.6229963673721417,0.3636093230004012,0.4405549098234527
80860,0.7179119682815204,0.38406120305962005,0.32361149937845113
80861,0.7153445555639584,0.32711970672318436,0.37884172999691446
80862,0.7148731721540548,0.3851699046866164,0.3467782412650495
80863,0.7179888705740224,0.32344965954882915,0.37457221726896184
80864,0.60097000097139,0.381404279785796,0.40701320832257254
80865,0.7132475292908107,0.37701323962521716,0.33253594037403383
80866,0.7176698869341156,0.32960393686030526,0.38417220541223207
80867,0.7205198487346182,0.3902661228139318,0.2890694539039719
80868,0.7148564503238055,0.3274098435698174,0.3843629338213655
80869,0.6005674534968493,0.3820936427330456,0.41140212487603756
80870,0.6445494017486249,0.3740425944974381,0.37694976535471003
80871,0.7251084277149281,0.38945354023659196,0.28568848612510817
80872,0.7165415939001052,0.3398926728314214,0.37878346877145924
80873,0.6407748904067985,0.3852231944261923,0.41977210405544435
80874,0.7209058556453621,0.3879127791533048,0.2775498835443023
80875,0.7137732020032583,0.3195297350665786,0.3778268017049491
80876,0.6014697072645072,0.37369339199106866,0.40856522991020283
80877,0.6312409094342983,0.3626682605799676,0.4421045485734357
80878,0.7241246493602276,0.377468196479287,0.254743691082438
80879,0.6325835500484706,0.35424401226494295,0.43018192745743145
80880,0.7109851880129209,0.3841471886329616,0.3409832941787479
80881,0.7180703498444517,0.31984981730880563,0.38001826875995404
80882,0.6064392630115021,0.3755755512124131,0.42064205949097244
80883,0.632379806555784,0.3538639704705738,0.43084966278453407
80884,0.7190373157356765,0.3844847017771015,0.27183382359372954
80885,0.7197896621470605,0.3101458932539388,0.36756552541587023
80886,0.635442076688857,0.3628978190258698,0.44310643885657186
80887,0.7227014358078888,0.39405952714028597,0.28518054245417335
80888,0.7132406411656131,0.3199483861367825,0.3844217696317853
80889,0.6035184260280454,0.3815897968404745,0.4237281215367525
80890,0.6306786662150451,0.3607267950355467,0.44093645113950847
80891,0.715381126070764,0.39824146523886433,0.3141452458856928
80892,0.7135710445920317,0.3196736173634336,0.38040384062054095
80893,0.6374242253476895,0.364445215541246,0.4262438235073728
80894,0.7228531558286884,0.39793898580093595,0.28954377062358655
80895,0.7183530348772318,0.3203323473055463,0.3808573740527502
80896,0.6247719175916597,0.3853708241950562,0.42490934992707674
80897,0.6348281272140086,0.36176505106487145,0.4466966485101198
80898,0.7175864137327079,0.39120405661094526,0.31075864632919803
80899,0.6313772671232427,0.3609370660337702,0.4270627084792822
80900,0.7173165079848339,0.3909311443833622,0.3099963030527395
80901,0.7179264695977257,0.32081965618861025,0.385409945923781
80902,0.5920009822149315,0.41577090159926244,0.4023531975129394
80903,0.6302990036301411,0.35863955626802785,0.4267123468473351
80904,0.7225811655166099,0.3873357716053676,0.2853967522277758
80905,0.7150034574168384,0.32738598351867826,0.3833194030278532
80906,0.6310950352565942,0.3557409382398692,0.44813160686099063
80907,0.7189011846297978,0.3980328101230668,0.3018575415104683
80908,0.7172050744331178,0.3224271497780372,0.38568831543957455
80909,0.6041817252946053,0.3826237896906331,0.418062426493261
80910,0.6315047427560112,0.35431366711164025,0.4361558873344338
80911,0.719246134689035,0.38886604664312513,0.2954728061948912
80912,0.7181778408508247,0.3220497552804083,0.3773051292557607
80913,0.63086623167684,0.3553204650043766,0.4519793488755862
80914,0.7217830493259524,0.3858122007606534,0.2900138392168637
80915,0.5794432955471424,0.3737773491162586,0.3997315437648017
80916,0.6327301946085983,0.36378789519869625,0.4229798260177007
80917,0.6304097574326603,0.3631756820421618,0.45253928192359416
80918,0.7213242639345023,0.36992893602647126,0.2792004248008041
80919,0.7121933289192877,0.33106156594985386,0.38645585955494066
80920,0.6051013353250967,0.38603863058313537,0.4245980431731651
80921,0.626681242453173,0.35633228244677617,0.45475699399183545
80922,0.7174645573599691,0.3932477353139204,0.29085289697965355
80923,0.7153308246301763,0.31834704665276464,0.38200696647090554
80924,0.6296770331147667,0.36366828551870617,0.45855915789909163
80925,0.7238209827355628,0.3930444435525575,0.2708390113206927
80926,0.7151332441968768,0.3272888930512186,0.38164769032222823
80927,0.5867034248220145,0.37825691900548775,0.41199472476923904
80928,0.6258558909780172,0.3560636677788364,0.4629528063287357
80929,0.7181783393335692,0.3970687127829454,0.2971257899656036
80930,0.7147245789795621,0.3250060293687404,0.3854471925491337
80931,0.6295556299081592,0.3648102330671025,0.46299421024530285
80932,0.7277458999164078,0.40291298133199827,0.27894814186489253
80933,0.7122444460589118,0.3314209106969813,0.38954083157924374
80934,0.604145200104413,0.38202873239219437,0.4226420376567438
80935,0.6283705098412687,0.36593856594654905,0.47850748040335733
80936,0.7195856014380819,0.38714272522619414,0.3084012742029974
80937,0.719256648143284,0.3206791775589927,0.37222118458937437
80938,0.6218988896350679,0.3562817431453719,0.46351985409057006
80939,0.7161127627899422,0.3248494950562958,0.37766389841770454
80940,0.6052836893763802,0.386744049213212,0.41302272486914926
80941,0.6270125522118545,0.3367359605613295,0.4744755839076057
80942,0.7210684516533157,0.39510991947804314,0.29715125337429243
80943,0.7162405556390027,0.3252101806420319,0.3773884271760707
80944,0.6231444167472767,0.36450534699577397,0.4777450906531149
80945,0.7203350022696117,0.38869637898841086,0.3044509265233253
80946,0.7179652606185754,0.3223870621416853,0.3798365816142343
80947,0.5828062867250259,0.3884951156751996,0.4120423308235124
80948,0.6211528875495237,0.34934286896495254,0.47219987255705487
80949,0.7151004802855754,0.3858197644656255,0.3466150675848805
80950,0.7175796615573498,0.32151537952413184,0.3732138308144035
80951,0.6243439021805333,0.35642816959753576,0.46937102178072465
80952,0.7172714632713707,0.392010003756196,0.310824423632977
80953,0.6020038541836124,0.38947193379186484,0.42685658457300885
80954,0.6219503693075972,0.34802159284776396,0.4562394907987485
80955,0.7215155000419619,0.38943638437849615,0.2727512944464496
80956,0.7138857684703033,0.3310610502426967,0.3776274038226732
80957,0.6198233887531627,0.3652057460761873,0.4701233224949709
80958,0.7187442078818738,0.39350466061963063,0.2806328107221137
80959,0.5820258893301069,0.38650895551048925,0.41332237092819096
80960,0.6199119827318553,0.3561709348675311,0.4717662130047978
80961,0.7113493523161303,0.38344197628574783,0.3412837514165632
80962,0.7178880411097812,0.32274059658817517,0.38311691252650315
80963,0.6216781524124531,0.3491418463150813,0.47320563283892325
80964,0.7213176477089838,0.38793289173243506,0.2958194858356863
80965,0.713253964249877,0.3308506417225647,0.38101132057437
80966,0.6198481316239383,0.3808605525397359,0.4226228735582185
80967,0.6237302699219769,0.3533803746790416,0.4614538155534269
80968,0.7256391305714344,0.38891221962393197,0.2802407589373396
80969,0.712835102794605,0.32143441350045354,0.3837238770438198
80970,0.618813054863161,0.36442321203587275,0.48016331597444556
80971,0.7073468077769732,0.3839035341914296,0.3363660139009678
80972,0.7134733419740975,0.32925927257691906,0.38061949587740357
80973,0.588828139545792,0.38633261804320873,0.4224184903063968
80974,0.6213500601333047,0.34760943968774066,0.468018803664757
80975,0.7163916412272182,0.38429334004130816,0.33774290959618747
80976,0.714623341665803,0.3288952864653769,0.39397503894756586
80977,0.6195228942914178,0.3557564782155391,0.47554615399357003
80978,0.7184170672516015,0.3829910419475041,0.2782855725213596
80979,0.7147291559574895,0.3268856788152532,0.38576067089622035
80980,0.6322461678636282,0.4032005740233225,0.399767497573984
80981,0.6214205727833537,0.37143270371634945,0.4869010006667551
80982,0.7187138004344555,0.3890819216591235,0.28811622800991515
80983,0.7156209869041247,0.3275132600450718,0.38165911442328926
80984,0.7245313659631774,0.3894192972813547,0.28140016471745477
80985,0.7174956898731976,0.3211637703843621,0.38874699175196803
80986,0.6398789356483673,0.3931089757081601,0.4212412502117092
80987,0.6265051874111163,0.36300560182172176,0.4831269576236491
80988,0.7182080670317904,0.3692063615382989,0.25867207144943755
80989,0.7183200896994776,0.3221910590414773,0.37970273711659674
80990,0.6234414218298096,0.36551231679089596,0.4884291431792388
80991,0.7092271300060757,0.37581972136110225,0.32544668150650635
80992,0.7177636470067066,0.31424050494056693,0.3834476537718647
80993,0.6171202527792403,0.3736555734662083,0.41320336424228654
80994,0.6189028723904085,0.35846486906365027,0.5046733699100602
80995,0.7114171006527776,0.3859668097663779,0.30374446585956405
80996,0.7220984076368077,0.32995227985474607,0.3702328079700207
80997,0.6113319164659949,0.34944133465149796,0.494385240223665
80998,0.7090195346012721,0.38085587679484406,0.3033433337311489
80999,0.5919134758349544,0.31993707495980156,0.5107247128621486
81000,0.7096858700809124,0.38834164122522097,0.3159193361123642
81001,0.7153738754126613,0.3262042233777472,0.35559274641236754
81002,0.5889729714413939,0.3204095658572157,0.48893261480469535
81003,0.7172612217168007,0.3865896121098733,0.29718035441279395
81004,0.7181078720001334,0.32366116824422986,0.3515692658963916
81005,0.6013146791309483,0.3922051129639982,0.4497893689816661
81006,0.6020771764636762,0.34964672362196664,0.5101795838267582
81007,0.7090880986369559,0.38541077430949955,0.32256588571444217
81008,0.7169890954548829,0.3235798927962573,0.35819311516747815
81009,0.6073723773927098,0.351928418368222,0.4771188775394839
81010,0.7064335420723218,0.39555621245187217,0.3509139855433747
81011,0.7128038796481503,0.32208489212805125,0.35470924598127673
81012,0.5946207809372858,0.38218392586603034,0.42616441248535275
81013,0.7521945299228273,0.38731177403231987,0.37656360200960076
81014,0.7161255873914613,0.31786527302652107,0.35363181467485266
81015,0.6001380785873285,0.3331215753794733,0.4873016046839896
81016,0.7138175216509113,0.4030065993712662,0.41739492775996734
81017,0.7054619992031695,0.3422240129866751,0.3626803448983429
81018,0.5474794490504737,0.3904392285163607,0.4748821196696218
81019,0.602948478984558,0.3408468685941247,0.47970025119164694
81020,0.7330782151516045,0.5200608128755849,0.405715761673378
81021,0.7168187049894689,0.3245270061806686,0.36763125624586535
81022,0.5890843596764972,0.329265151638511,0.5052145444489295
81023,0.7143695233155944,0.5407700651867169,0.4131864308853884
81024,0.7143743268765875,0.3357043743445711,0.3831516073186306
81025,0.6061303396597129,0.39981076211818234,0.4138518002744015
81026,0.5772317088759716,0.3284685559830438,0.49457410968144233
81027,0.6980029753132171,0.548146190275476,0.3807544050471814
81028,0.7216725674231121,0.3434637042315968,0.380053318442795
81029,0.5755787854116159,0.32155856140342687,0.46868180711568047
81030,0.7004551025669457,0.5512523976246407,0.3849783396677946
81031,0.727957573816394,0.35022318108226963,0.3761220841629749
81032,0.585287597877618,0.33762816832373904,0.4018160704181589
81033,0.5684658898128421,0.33262278341704266,0.4609533520492556
81034,0.7200353688235167,0.5308545980559722,0.36086386213097404
81035,0.7245196742769867,0.36781433039914435,0.3702301209403333
81036,0.7101527671461149,0.48831346771346784,0.3514950852875053
81037,0.7153616399271129,0.4018870678939689,0.3430628946110115
81038,0.6408540132133445,0.3729867356638148,0.4302335894055726
81039,0.5742277612240124,0.3643867687300982,0.3980228294774119
81040,0.7274762660682125,0.5278713352930806,0.3634520632044813
81041,0.6918602630852012,0.41326858733116284,0.37643323037108756
81042,0.7136281435245907,0.5089294801705806,0.43811839918060125
81043,0.6841078141251538,0.4442547487292728,0.36364933174247654
81044,0.6088297596713577,0.4169130898109988,0.4499771568677454
81045,0.7034309992353701,0.5179136145559238,0.3598932529292933
81046,0.6831889291604728,0.46773159507016093,0.4373887269742258
81047,0.5840051830423115,0.3749696296831963,0.37180275153867937
81048,0.7019134818110828,0.5568049822055889,0.38995006282072614
81049,0.6493626151802797,0.49658575431950835,0.3613343373698603
81050,0.6024861135806698,0.4215815460416666,0.3373482204241769
81051,0.6041034181870959,0.40233587064262955,0.3868319338640538
81052,0.6943253055736752,0.5556310951939244,0.3556289621646955
81053,0.6526054720167238,0.5154774827063299,0.3411562865019886
81054,0.6104236809054024,0.40035950891390576,0.3887348832188169
81055,0.6656376236241102,0.522009395178775,0.31626693889150326
81056,0.6410420771578839,0.5064506477683716,0.39731159468857713
81057,0.6068383211068309,0.4107209595941852,0.2821482822630387
81058,0.6131742633732845,0.4067881768134821,0.3999329019957803
81059,0.6720909359186016,0.5443888854501249,0.3839399801389637
81060,0.6572325701182044,0.5445047476581061,0.33579349490730137
81061,0.6629030832372803,0.5546301419823026,0.35363647050302177
81062,0.6441096493346945,0.5268412618173166,0.39087648812858455
81063,0.6229461565647803,0.4155472565954293,0.2698395500849321
81064,0.6375713230739486,0.4120133561105713,0.3926791132585717
81065,0.6660594759758494,0.5447474050658008,0.3290521556856213
81066,0.6346399273196298,0.5271186778874056,0.3263921990897695
81067,0.6301993523978419,0.38212578847917683,0.3740252208324364
81068,0.6688641211632098,0.5356051892465413,0.34799741761237435
81069,0.6305072787841419,0.5257099722168356,0.32892330500730854
81070,0.697173726609331,0.4001974737251178,0.4135812637036401
81071,0.652970225435904,0.40126760045675663,0.3836335235581356
81072,0.6674158928404167,0.5469458990573633,0.3143005528217141
81073,0.6238412956241749,0.5016006969988511,0.34971182705073683
81074,0.6526636585479981,0.417812551854086,0.3829854170673974
81075,0.6652892748188873,0.526464417407322,0.3331410163657683
81076,0.6287904135786428,0.5272781345404077,0.36029053618342344
81077,0.6506767969613988,0.38412817622909995,0.3731605634082731
81078,0.6605498821500407,0.42661213183811086,0.3739259021313486
81079,0.663976905702294,0.5428208606484612,0.34635614946009463
81080,0.6593215753508259,0.4020596922697177,0.3929040379228781
81081,0.6100347737314175,0.5377744942130072,0.2844122853887133
81082,0.6204515676445376,0.5165560326548694,0.35839787865934997
81083,0.6390829946551406,0.4478674836482261,0.28382628054793635
81084,0.6583140510908391,0.39458152592479,0.4375871784812658
81085,0.6303533835659115,0.5780349956040478,0.29075269738911635
81086,0.6167925683496103,0.5204600389762014,0.3736713271929128
81087,0.6477546457961609,0.4012036183887884,0.4440793970967844
81088,0.6706191882735878,0.5176350295496118,0.22061966250704335
81089,0.6102820211727203,0.5122837770428292,0.3150947813388188
81090,0.6223120411970838,0.4487921809615383,0.30779965628327416
81091,0.6641974163418431,0.4221211132499922,0.4156334361536228
81092,0.6165498525696216,0.5275138814721962,0.2926398108020148
81093,0.6061677711821682,0.5178536550037816,0.39892865422433343
81094,0.6493678265907911,0.41085401204073924,0.4246487418465126
81095,0.6150611565112926,0.5601923530968516,0.36881033839235117
81096,0.6045475209958879,0.5098217223134671,0.3453657424264716
81097,0.6457604429182325,0.32682764456983115,0.24359433246966453
81098,0.6533973345147676,0.44700604641286196,0.3963327131533618
81099,0.6135516601275314,0.5619559340525204,0.3015084600200233
81100,0.6143788242672129,0.5267690284348334,0.38516911032582246
81101,0.6577002828824433,0.4667761959907576,0.3949480056375573
81102,0.5942767825269245,0.5348435929168086,0.2659629605252018
81103,0.612014656559593,0.5172087803939586,0.3665086355219308
81104,0.631500528310989,0.35773507467527726,0.24373279688391083
81105,0.646663195168635,0.47808283474872815,0.44797241302667934
81106,0.5735065926424701,0.5867044454820758,0.3187284144060889
81107,0.6119223466186227,0.5094772299324668,0.3535239701468636
81108,0.6422846133736254,0.4882451880858565,0.4541156557739891
81109,0.6177267703295333,0.5754836891560156,0.3114388324054969
81110,0.6351842251600788,0.5935751775567923,0.329208130154175
81111,0.6351930165830283,0.4692695025738449,0.4352250765913308
81112,0.602546792525667,0.5369289751385615,0.27728476961914444
81113,0.6110502283987042,0.5173465085854047,0.40400529828175774
81114,0.624876689601244,0.52079793030559,0.4629900698536461
81115,0.5976088677746453,0.5638816533384086,0.3001201296615191
81116,0.6120198679701043,0.5083255527090382,0.3966166510734447
81117,0.6414245946894158,0.5040711405646366,0.4532604536524051
81118,0.59858607522044,0.5774471582058095,0.3150520423571868
81119,0.6319110515094428,0.5386357939264627,0.46697285623448176
81120,0.48443855685971327,0.5630780440656036,0.28799878558932795
81121,0.6626347635708664,0.5086337393061727,0.3872704604889522
81122,0.5694176746386642,0.3997605322410724,0.28797456112946906
81123,0.6402935373420038,0.5238309759993885,0.5020256147949274
81124,0.5356906493578655,0.5443974805694113,0.17273806939384295
81125,0.6625023031106522,0.5058431103567288,0.38554185542205244
81126,0.6212779614017957,0.5744126685319707,0.49975803213167
81127,0.607257590411621,0.5343261323552877,0.3214413891395938
81128,0.6548891121027903,0.5107878824822172,0.3970209391942757
81129,0.6243236456544587,0.43452675834040394,0.3570170664916143
81130,0.657014551892378,0.5570478458961465,0.2273246719043804
81131,0.6413766950293247,0.4637794217003477,0.30581923301830194
81132,0.6273724114368154,0.5570218542554244,0.5282655750633911
81133,0.6488324561231312,0.528399316280608,0.3041332359614613
81134,0.6431114149804018,0.47358968457102635,0.32899541542036653
81135,0.22576623092600034,0.4099893430405235,0.6486931081879608
81136,0.6256772528890113,0.5654518097296553,0.5442995374962825
81137,0.6418067043714295,0.5265970916686274,0.33666832586524975
81138,0.610300419717656,0.5177801151631669,0.31882020435418457
81139,0.6292815097152631,0.5577534708090861,0.5320789602770148
81140,0.6475706150301911,0.5244834486946608,0.29601215346907533
81141,0.6170795131440255,0.5350102694700112,0.34329769706684177
81142,0.5520044488225454,0.6846743655470797,0.35091481362170607
81143,0.6241377115907369,0.5512106597253857,0.541376843475586
81144,0.6315504219020583,0.5103460245899399,0.3129158537556884
81145,0.6083349475724598,0.522121922480473,0.3450640515209382
81146,0.6297039964995862,0.5429716534212224,0.5721149252399053
81147,0.6229491927778609,0.4864035290665897,0.33215547217989727
81148,0.6355013055022336,0.5216754919847353,0.3348193705976018
81149,0.6185804446879029,0.48536434476438217,0.4558039891946931
81150,0.6124956470914825,0.5773558436585104,0.61419306656435
81151,0.6254980710006477,0.4779522576965285,0.3096727694687722
81152,0.6227028516688207,0.5544130636496044,0.3900626730240099
81153,0.6213978691601695,0.47151465087289424,0.3310978640547521
81154,0.6037369427366163,0.5029466239181533,0.38583964252973807
81155,0.6148468089311308,0.503049662208159,0.4874698059825989
81156,0.6285986789884389,0.5545240438298309,0.5977499320384283
81157,0.6188291875774395,0.4722368127953409,0.3355915156175742
81158,0.6017244319469786,0.4857816893764545,0.36395090435110544
81159,0.6372953448999136,0.5450445211492945,0.5944116947914178
81160,0.6222204110053106,0.4711642450498247,0.31861578307835786
81161,0.6012704954331348,0.5038590130206473,0.36538140121872176
81162,0.6314345926388674,0.5451295784497531,0.45496556833398716
81163,0.6261220807636135,0.5849090969655244,0.596898329522652
81164,0.6212747892388758,0.4744615734714428,0.36075033090179115
81165,0.6010542898718342,0.5018408790121914,0.3532178346576334
81166,0.6220264105844495,0.5869061213610128,0.6180623217160027
81167,0.6172514443742865,0.5243755971378544,0.28202768015325735
81168,0.6032121763564314,0.48597655792091654,0.33689834997111695
81169,0.5935044061725318,0.5071712281888695,0.46762468907771104
81170,0.6222035079086087,0.5866946126656122,0.6089440977162175
81171,0.6080326404461892,0.5333740681821676,0.2903613976346635
81172,0.6140749310594824,0.5156434716499897,0.34164811433213305
81173,0.637186041229015,0.5576178742072232,0.6029097050205848
81174,0.6258406645960015,0.5517815819288681,0.17550858289670793
81175,0.6104724868977564,0.5084710852687963,0.3483197682272969
81176,0.5741253456783114,0.5258851751283703,0.49280636523871824
81177,0.6429281999134685,0.5403975870973198,0.5814620030511813
81178,0.5673869012539302,0.5463171488913218,0.35046966237015686
81179,0.602660355958201,0.496848902491582,0.367690024458054
81180,0.6505954083241957,0.5330159267517401,0.5858175936766992
81181,0.6069570959498761,0.4947642766403262,0.35517183757645737
81182,0.6316611303879645,0.5377822642008421,0.5095746641559331
81183,0.6330732413700834,0.5580518933507113,0.6035562483022282
81184,0.5883870276334674,0.5254050173845527,0.28403518337524253
81185,0.6058183800948431,0.5019104307174573,0.35490964093746175
81186,0.6171216122776345,0.5895926118451822,0.6149012256336683
81187,0.5986332044981078,0.5180287203934077,0.25793448708135275
81188,0.6053074352816666,0.5181025352778399,0.3186945307927349
81189,0.6437297601667248,0.4801585560564031,0.5196860751665967
81190,0.6148142262862816,0.5935678201346831,0.6165043176849174
81191,0.6097793239831358,0.5181420040656032,0.28490852505966135
81192,0.6052039774538635,0.5016680827340569,0.362669301037332
81193,0.610370932367705,0.5188479040223597,0.2801201599962253
81194,0.6058095886718936,0.5069121025326219,0.3446924217955219
81195,0.6480897168337332,0.5037956498012677,0.5210915775882526
81196,0.655909642230749,0.5250897827896032,0.6165470735661072
81197,0.616742720075154,0.5360446061249412,0.2406083707295198
81198,0.6056991974022795,0.5017497707477551,0.35573893603696516
81199,0.6362194831873086,0.5624036366259124,0.6285792207160998
81200,0.6278891114598609,0.534235849222303,0.2696766937995827
81201,0.6095507923030604,0.501286700101079,0.35200761507593326
81202,0.6474248768023263,0.487685577059355,0.5178384127151191
81203,0.6404362846734012,0.5356901434055684,0.27953144752942494
81204,0.6400247645094583,0.5858859150821897,0.6150137428893843
81205,0.572623145269266,0.5358368449015495,0.22563126439145217
81206,0.6211045347233012,0.47915722465953303,0.3147990179531776
81207,0.6520403285342294,0.48880414588329213,0.5007037482847372
81208,0.6294995279410893,0.6075295943816661,0.614608322498182
81209,0.6311491886092988,0.5285457771132489,0.2834188406595789
81210,0.6048949634688479,0.4996128521907608,0.3505309232671185
81211,0.6291727951603353,0.5952165015357307,0.6054434219198013
81212,0.6201846981097441,0.5627169115336648,0.37096412788328004
81213,0.607818791348772,0.5066575150993575,0.3588929005059153
81214,0.6395555109803726,0.5225517815862264,0.5160184148397315
81215,0.6300618617935688,0.5916590160435508,0.6331940505580015
81216,0.580087652469409,0.5643297684775264,0.3582989063991967
81217,0.6244019980785813,0.4882405467214418,0.34455718308436734
81218,0.6109556979436899,0.5777988704870106,0.6497833662587418
81219,0.5911105107666906,0.6024718823887539,0.39957336390395737
81220,0.6172240731399486,0.5128267822988692,0.31900928083154473
81221,0.625223135108715,0.5057517270484756,0.5082523920563561
81222,0.6063720584742125,0.574728075029306,0.6302959791929941
81223,0.5818591241937442,0.6359008454490241,0.42074337233987863
81224,0.5968817627167813,0.5772799315649725,0.623848088117539
81225,0.5289544707641414,0.5425784782845836,0.47766400657487434
81226,0.6309675596238256,0.48233817516601263,0.3752952817482444
81227,0.5933603899759663,0.5874543524495789,0.5499419111500341
81228,0.5848715460523609,0.5873736958501953,0.6308718823231065
81229,0.5388146860346511,0.6110284955407899,0.401267713567232
81230,0.6494926285433843,0.5324054326190629,0.2919760067345414
81231,0.5771872532784793,0.5938713309869259,0.5802182969957352
81232,0.6241557929193806,0.5523951359240113,0.3562002348159755
81233,0.5717630359518302,0.582648580593191,0.5414378170800653
81234,0.5563101615036227,0.6112156628583713,0.6104396409817385
81235,0.5395276976258279,0.6010885495103174,0.4360279407824624
81236,0.5961826633258391,0.5249439751860281,0.3770445127254177
81237,0.5553488148724276,0.5796880089452157,0.5049318993450171
81238,0.53310746645893,0.6469706027194604,0.6217410512532154
81239,0.6139099785876454,0.5652073645371489,0.28016638398353877
81240,0.4933024863902953,0.701392903973518,0.38587057717025897
81241,0.5432084035784501,0.6279606054912574,0.30401591500644565
81242,0.5338152666395954,0.6675027611928146,0.4272115766837883
81243,0.5217734642958152,0.6023716289173969,0.5187252170097565
81244,0.5062592764700264,0.6792591653528058,0.6457790498412912
81245,0.5503389273397362,0.647216285609144,0.373334468307634
81246,0.5127215161373069,0.6795835795351532,0.39355893803584485
81247,0.4827304377605505,0.6884917674464816,0.6669330712955501
81248,0.5391072047724829,0.6863152769602924,0.41841692851686474
81249,0.5154788960971602,0.6804477672086888,0.382770057552796
81250,0.4879995363204144,0.6049969909132012,0.5140559705917951
81251,0.47220497460911587,0.6866078548208027,0.6694712834771368
81252,0.4572406132505794,0.5452215118456408,0.39060184496528205
81253,0.5078555088513415,0.5803036945299418,0.3019815948268155
81254,0.4435879865760523,0.716669181383692,0.6852225839065579
81255,0.523802923498768,0.6303354713305778,0.3519464555763184
81256,0.42415490867896666,0.6715749224278665,0.5140131471123742
81257,0.4514698597832333,0.6559818633012717,0.6305333503816073
81258,0.43904476952549754,0.6974295913291095,0.32549300741927767
81259,0.5173690520313146,0.5983099193473973,0.32880080856272204
81260,0.42721323626669633,0.6854935835565088,0.6199161356065132
81261,0.4880284483195989,0.6018906460421278,0.42107183214493954
81262,0.5260227577935306,0.6146598302978787,0.33477942849278286
81263,0.4317015295821229,0.7178539326261346,0.48019980211969804
81264,0.4069344144185409,0.7090817538823949,0.6060868894819281
81265,0.4453634461623441,0.6485452973336904,0.34836065670735167
81266,0.5114434063802489,0.5745228235807458,0.24140988929336293
81267,0.37516384327692315,0.6918257110762598,0.5590333493507341
81268,0.5053263886718845,0.5844834666584601,0.40129503170238745
81269,0.5421663480592491,0.7012665213395302,0.3516871910105979
81270,0.4924322261515156,0.6871694255345014,0.32035064943141606
81271,0.3305771448227671,0.7149942332981049,0.44917466446688503
81272,0.48957306507854526,0.5725075087714159,0.38826408688833275
81273,0.5445621014462291,0.7317538907752095,0.3753432764923467
81274,0.2798475755324492,0.7481738691381141,0.4956594499809086
81275,0.4916844114014458,0.6256675651875442,0.3890928919006605
81276,0.5149500965384057,0.682694737673027,0.3819619967476463
81277,0.3802275669460273,0.7631966936707694,0.41652187970536503
81278,0.23328851680789925,0.6884742334031372,0.44924238099491953
81279,0.5390859059643062,0.5588418191936122,0.3702620442049845
81280,0.5109172351850567,0.6999681082396434,0.4250016722112426
81281,0.5747164555801362,0.9896960334775082,0.6823174823255129
81282,0.5147346613595286,0.6158128827403931,0.40318224756885496
81283,0.49019870623958417,0.7315490518923751,0.3998156190647697
81284,0.31022810488254815,0.7099330832574781,0.37238444276733235
81285,0.49363366019913724,0.6425275448969601,0.40829382301221573
81286,0.4779600032117017,0.6594618551979652,0.4055444424063578
81287,0.23954603867531055,0.6484410557269844,0.37079341700033996
81288,0.5083065904185573,0.6304216975672593,0.3800478683354101
81289,0.468385645136892,0.7032971698416672,0.4006530428515665
81290,0.30111874057518895,0.6652940905800171,0.3330221955749995
81291,0.21532344793524327,0.6413335796866423,0.3350544772454721
81292,0.48921791878135124,0.7081903368709598,0.33228091759731687
81293,0.4627720043673093,0.7456441536297294,0.36073388763206876
81294,0.23924128445193038,0.6239282568487403,0.33949337846596833
81295,0.53545504828614,0.6922223930215676,0.34762675961153056
81296,0.4646158467228324,0.7441010202935192,0.37969252978369616
81297,0.33837067329262766,0.6507400094727669,0.2976479461646335
81298,0.22150574422483876,0.6369125253695151,0.3392853533594445
81299,0.4780098061695448,0.7080198097043168,0.3190976401694106
81300,0.4630502483720014,0.757461961321903,0.3707100852809144
81301,0.48961108571697143,0.6394792342713087,0.35532062973295353
81302,0.46722254894398857,0.7511182819618308,0.3747961786584746
81303,0.30699780074794447,0.5059353187964338,0.28442384679868127
81304,0.2616230463912485,0.6440623581577011,0.2854953146736528
81305,0.5022902209079813,0.6402899259224056,0.3674233747855826
81306,0.46354116324216904,0.7272820908738153,0.3351295873300365
81307,0.26329289561061275,0.6608414062239157,0.2921086027773477
81308,0.5140875854404735,0.6659974463814649,0.33035857599999835
81309,0.45891986566717063,0.7379203731560723,0.3843617086034263
81310,0.3199072802835554,0.5973547609313339,0.3658080052056046
81311,0.2532737096612009,0.6305246327158337,0.27126627122166197
81312,0.5164551518940792,0.6309534947877499,0.38323060430148503
81313,0.2516414052558248,0.6236829865247825,0.2670307601399121
81314,0.5092349918719982,0.6422340043830896,0.3037577024381972
81315,0.4503822610678244,0.7122292178041346,0.3748883319470626
81316,0.31710458371055994,0.6181743401936266,0.34140389882261796
81317,0.26164855964444744,0.6225657585394541,0.2764094720749679
81318,0.504109365709342,0.6440017109960158,0.20286709109568046
81319,0.46712103973055047,0.7357203664235153,0.37764949999447384
81320,0.2583104246288723,0.6210780465324028,0.2815477379933458
81321,0.5072215294334844,0.6441624741071493,0.3427690831242942
81322,0.4743751872124879,0.7342697165708274,0.35109887515529425
81323,0.33881246495414946,0.6066887166716354,0.3168361033229499
81324,0.25494355888056514,0.6280953082007146,0.28012818358939373
81325,0.5120028399694874,0.6370274936850906,0.33470842077587015
81326,0.4451920587314409,0.6845183469417923,0.3584503602360436
81327,0.2565416945596321,0.6252072105985624,0.2971557972428912
81328,0.504819567670504,0.6521440393984453,0.31916454551867157
81329,0.4627379715908396,0.7156745541798651,0.36962801504587905
81330,0.33040874828833133,0.6063220832633529,0.3213144945850944
81331,0.5142850299239333,0.6553397047491433,0.2889131245447048
81332,0.4615219909103994,0.718146029159965,0.3575113278580794
81333,0.5092253394333989,0.6520133935852914,0.3246293090450185
81334,0.47827672102095137,0.7538621190818794,0.38945215959955887
81335,0.3249796820840762,0.5981679279767853,0.3205157200869462
81336,0.26265660504548544,0.6297733505292445,0.2755890864751386
81337,0.5143422194897186,0.6439296495159184,0.30556477215188116
81338,0.4759536101648381,0.7520805227561863,0.3768650816706619
81339,0.2616447530489435,0.6209810248258973,0.27272672988299035
81340,0.5043022332148746,0.6321083350150758,0.32432287358863765
81341,0.4788338887795327,0.7445743707028621,0.37530581862252177
81342,0.32140207142635197,0.6057482043388359,0.31919521821604685
81343,0.25806231617191966,0.6210475854296517,0.2780875017824809
81344,0.5057389964345427,0.6341724013409984,0.3350046742486871
81345,0.4766636761761606,0.7414654129155256,0.3470357989754339
81346,0.2632324205903747,0.6214152502522484,0.2832347759573236
81347,0.5061211967497826,0.6346267737269567,0.33560386919431323
81348,0.4734379490194843,0.7429297461981176,0.3928006041794702
81349,0.3236060222482082,0.604586488016081,0.33610008245970224
81350,0.2628147826836577,0.6210396091589538,0.2815586081057782
81351,0.5105254277478307,0.636938448249283,0.3034760290588572
81352,0.43930429776896207,0.6785804947339487,0.360706130108411
81353,0.2594574107658038,0.618986338302855,0.2864231141268034
81354,0.5100076401260698,0.6425217002158453,0.3267752867153624
81355,0.4733266514176075,0.7438999632631709,0.3861728004118625
81356,0.32275447777065625,0.6050396914658162,0.3337348752760247
81357,0.2535839698530778,0.6194033047296787,0.27977693314632957
81358,0.503132112946934,0.6269570393633729,0.32598140886408167
81359,0.4748126737957611,0.7485969552898697,0.3854934804379
81360,0.25976545044363675,0.6194661522419013,0.28638888829740433
81361,0.4802089760887146,0.7507064038456247,0.37661782424074597
81362,0.31279325176945305,0.6195506594547255,0.3496452765921893
81363,0.25705146114086685,0.6198932952899601,0.27366572245457427
81364,0.5055145432496502,0.6342165458736536,0.3214472279368077
81365,0.4325713819713841,0.6581124902309485,0.38130271964921386
81366,0.25890941962138375,0.6062597170778105,0.2616392334877716
81367,0.5060229956491038,0.634839176314763,0.33237649304635586
81368,0.43589349756421364,0.6675169259493986,0.3728693502285648
81369,0.3138332680410627,0.6187534449506696,0.3593573257031154
81370,0.5146443000329234,0.6547245004910971,0.3328707206137054
81371,0.2591061843556465,0.6200794999541815,0.28745510463479496
81372,0.5160999149636587,0.646904454681432,0.34304942566345886
81373,0.44400970297795217,0.6764952500341043,0.37480565931039056
81374,0.32020274460124143,0.6114803925323935,0.3410982196214479
81375,0.5160814711021098,0.6599288795995131,0.32603346372694125
81376,0.4396888092314722,0.6795714088462437,0.35343343921582265
81377,0.5161616361907582,0.6561546595794063,0.34347388763139275
81378,0.4329082656734821,0.6500951004824668,0.3659462604878233
81379,0.32185206539485234,0.6058919147333052,0.32619579665411064
81380,0.2610145122516706,0.6347594136077851,0.29042952714564135
81381,0.5155618708158233,0.6395202845610208,0.32293313000461393
81382,0.4283346411755091,0.6421990738183094,0.3632246712047387
81383,0.26443815971624485,0.6153164974113627,0.2971483424254644
81384,0.5123355545431761,0.6485324390352378,0.3365066224466078
81385,0.4400895893581004,0.6813729458486815,0.357199843658811
81386,0.32243692160406345,0.6055306446794576,0.3304371800681343
81387,0.2538495252060901,0.6192815978405828,0.28428180918418633
81388,0.5081817431493509,0.6357431078198794,0.360677688152663
81389,0.43181241933448145,0.6676423459300264,0.3778028043328979
81390,0.26353454645019264,0.6193502212729657,0.28812208053801974
81391,0.5134300413837826,0.6469745908548094,0.32503377461120625
81392,0.42512318875197264,0.6412660564295279,0.38229918517430184
81393,0.32328470480272464,0.6045503885150778,0.3357872293962535
81394,0.2688257595172698,0.6196005799075412,0.29482216899537506
81395,0.5105556992454096,0.6338254335656435,0.3329693591075925
81396,0.4368004642596384,0.6684724281702336,0.3869354521052506
81397,0.25925924121653365,0.6292273197912158,0.2814222989132604
81398,0.5162838550964022,0.645955278468392,0.33906372833379517
81399,0.43120535798483073,0.668640479942522,0.35772460872707357
81400,0.3274851923080861,0.6103867495543871,0.3285933749407206
81401,0.262868800086523,0.6213656736042042,0.28512281039612125
81402,0.5157965202386727,0.6333016126158507,0.3486152569951241
81403,0.43301879289293554,0.6589380342481725,0.38310203246587565
81404,0.26923845791315426,0.6188908980982984,0.2969251879898358
81405,0.516508398914521,0.6407905056696479,0.30061299047713297
81406,0.46881574511222307,0.7401370888005221,0.3608705205567404
81407,0.325925303850511,0.6053992424958067,0.32276791992773207
81408,0.2629932621645176,0.6291695605896108,0.2765469359825824
81409,0.5166917046146805,0.6376580316359438,0.33036243754895167
81410,0.4374389753388096,0.658067795610659,0.3894033367771252
81411,0.2683394895999492,0.6217235056103373,0.29060902474240596
81412,0.5166713574553797,0.648280292615851,0.3272642289460155
81413,0.43326463551923106,0.6528646541994203,0.36981223712526623
81414,0.31808815814050123,0.6044901539191184,0.3310305066423205
81415,0.25888336256882705,0.6192219133322578,0.28714055316578907
81416,0.5166455269858888,0.6352955427683961,0.33376119633727097
81417,0.4405072725814305,0.6787077024993879,0.3728118579329887
81418,0.2597029814924205,0.626392374406731,0.28524348274468964
81419,0.5160845073151904,0.6452389956075373,0.35231434204968587
81420,0.4333288491600533,0.6626696224766185,0.3681875727885078
81421,0.31698707773268264,0.6102485400362612,0.3548660738774984
81422,0.25890357377828843,0.6339639181275866,0.3086883871274987
81423,0.507820615059222,0.6365487111603588,0.3437276344914972
81424,0.515346752853238,0.6313996158591931,0.35459489512354136
81425,0.4326465169159737,0.6601907900744095,0.37792132093162667
81426,0.31669249708895286,0.6024587490464842,0.3537507368629682
81427,0.25953093697062674,0.6185301093711308,0.29101545276974117
81428,0.5173346114053267,0.6386828448987044,0.33916419620481225
81429,0.436441420733714,0.6680799406431376,0.3784431032279406
81430,0.2590251582513485,0.6187923636507987,0.283590492636643
81431,0.5170063378597257,0.6387692774182488,0.3151509765933351
81432,0.4356113110141782,0.6776146096090159,0.37141035225674834
81433,0.3131827480594088,0.6184020077132858,0.3577853879866384
81434,0.26209696753148787,0.6119719645946236,0.28494313112911046
81435,0.5168313250997711,0.6376672456038188,0.34066400660867346
81436,0.4293475581124599,0.6425826911823018,0.3695012007642791
81437,0.25368665729845763,0.6191670420907331,0.27798192786851317
81438,0.5166782455805773,0.6372715950728255,0.32555906356576003
81439,0.4254999057570223,0.6425127612917874,0.3830043783712294
81440,0.323076633573483,0.5963456251661516,0.3478689725234484
81441,0.2666266575730196,0.6347291587878968,0.2942436084098013
81442,0.5116636451201192,0.6449847175985672,0.3495036160490774
81443,0.42529244630205804,0.6394209249820696,0.3904621616704307
81444,0.26440335655735175,0.6205671526420169,0.2935939027984079
81445,0.5080418054479684,0.635622019779372,0.35479700538484127
81446,0.4441550333562986,0.6788400673363991,0.36077284956253636
81447,0.322909460587602,0.604340942648306,0.3328730738771266
81448,0.2582920714005498,0.6189436377502402,0.28360135905229716
81449,0.4873451191100302,0.6079838292457158,0.32965150695215695
81450,0.43415791659748687,0.6605532978254345,0.3593609929071542
81451,0.5113654618056446,0.6437483956404059,0.35801156321822064
81452,0.4284719505133295,0.6517223284657754,0.36301472799840656
81453,0.32222819328393126,0.6043749105597258,0.32676119670906123
81454,0.2682175879105971,0.6210259257290499,0.2885178333259482
81455,0.506217993035454,0.6312292262144588,0.3586739836344006
81456,0.4400346656229722,0.678299881279485,0.37173561804538835
81457,0.26373248941639704,0.6285363409615403,0.2838843960147057
81458,0.507344564038165,0.6324211285961479,0.3733865442949408
81459,0.4338220298608781,0.6513305973091766,0.3831153155182927
81460,0.3266859885187132,0.6050125996498255,0.3262420465188719
81461,0.5118383406637819,0.6352156425395094,0.3450815594628009
81462,0.437014132090603,0.6685335566585987,0.3835302926094212
81463,0.2647308370622227,0.62097641784196,0.29842076927936195
81464,0.5082116067974115,0.6358945194412293,0.3595175081615569
81465,0.4291763972646224,0.6517542335485667,0.3780678654469377
81466,0.3220348272956542,0.6043879751410413,0.3290713747077095
81467,0.25952771949109366,0.6273841824114317,0.2841087883429419
81468,0.5124562780005866,0.6479645423137442,0.3346329853748185
81469,0.4222413693724311,0.622787718899907,0.37585530774382014
81470,0.25969743020731056,0.6267120440832323,0.28364296365111297
81471,0.5148453698454346,0.6319643495767894,0.34808661347835046
81472,0.4368189534378003,0.6673206821858507,0.39057828698173325
81473,0.32200485035606075,0.6051153285155368,0.32919027577137777
81474,0.2677307062189991,0.6218637779570919,0.284849506522773
81475,0.5165224017479819,0.6467549683668022,0.3369943352344322
81476,0.4249721484803701,0.6450041769486318,0.37862789144251346
81477,0.2620806082341436,0.6205355226030429,0.27551296783024687
81478,0.5166012073382359,0.6364299609922973,0.3424035456894585
81479,0.4292566983031101,0.6510169785966531,0.38044497414418355
81480,0.3230762257239647,0.6210271634262271,0.32618228123277404
81481,0.5111603588145638,0.6432262249535161,0.35209544207772897
81482,0.42581802838127936,0.6431583578916304,0.3817101172886769
81483,0.26775735238752657,0.621050473389732,0.2837692086288601
81484,0.5165064503001559,0.6464328920569008,0.34371471477957244
81485,0.4328467257128352,0.6593263961180109,0.3742029112327406
81486,0.31942368404641014,0.6121704774696631,0.3386298364126187
81487,0.2618927482143633,0.6369482123047925,0.2935557076853747
81488,0.5116195973721451,0.6245962007587281,0.33539910992733085
81489,0.4688021954448936,0.7289378546531549,0.35430393543719985
81490,0.26727710957975387,0.6344731617550695,0.3029481333475154
81491,0.4332593787921066,0.6585181798612685,0.3885350881969331
81492,0.3167266431569553,0.6189329798023249,0.34530902751055353
81493,0.26381224665552705,0.6199375085835696,0.28499440438742263
81494,0.515673123101087,0.6321506917629193,0.35757666154846657
81495,0.42508902002566346,0.6419099340055137,0.3747186519371473
81496,0.260042470899774,0.619104263339465,0.29500917738935156
81497,0.5170004920166303,0.6471795672595524,0.3454366783202637
81498,0.44068251192445074,0.6701356868935909,0.3637347928061827
81499,0.3173979408057349,0.6196194204090169,0.3544741984818586
81500,0.2607883823520919,0.6274017852157303,0.2957161260278438
81501,0.5165931409810967,0.6374747836927568,0.3224122602844202
81502,0.43250390553441576,0.6591627450467971,0.3763203328753215
81503,0.26179445648045824,0.6202199098228448,0.2757673159449305
81504,0.5120353772977232,0.6379714440656045,0.31775771648172974
81505,0.4405888424850862,0.6685777011912539,0.37450368111237486
81506,0.3132625732734585,0.6092848552618656,0.3589086424439897
81507,0.2616048064544588,0.6345838668914788,0.2915306653629672
81508,0.5074612543170057,0.6355061575713908,0.34574140269641906
81509,0.42564958653023044,0.6417657422843644,0.3855016091251934
81510,0.5167809330259572,0.6375612162123013,0.3400527031298961
81511,0.4337194330487245,0.6501820830896455,0.391159057184487
81512,0.31211386510522765,0.6053850089782682,0.36125378562768995
81513,0.2552883729899629,0.6351298976295078,0.2797632154584108
81514,0.4898960818970216,0.6144851087130241,0.3133849263312787
81515,0.4281589033497443,0.6525893353384371,0.3713185876579893
81516,0.26603629539531176,0.626175846161667,0.2995994923102449
81517,0.5156819145240366,0.6344559027555423,0.3317454001854152
81518,0.43694040196102096,0.6690872198625539,0.3821867946652693
81519,0.3127571570870854,0.6195869652385914,0.35057034993542513
81520,0.26248743812862624,0.6226797642016694,0.28870826599282046
81521,0.5117642026846813,0.6475206903537926,0.3245515034809878
81522,0.42824196870163367,0.6597221154099586,0.37568955688108924
81523,0.49349123008403173,0.6163156628381727,0.3104168316485995
81524,0.42105901361894227,0.6423083349746788,0.376363654891697
81525,0.31702890496661273,0.6202533276466304,0.3505384435703317
81526,0.26564398947534124,0.6259870285811825,0.2994855280298938
81527,0.5121628076138787,0.6361599367247944,0.3451337368474544
81528,0.43700996296219397,0.6680529863490554,0.3884542745116172
81529,0.4853394511289769,0.6031458772627194,0.34486331857359753
81530,0.421555683698979,0.6331094945095602,0.3791639876642692
81531,0.3150227158445083,0.6117110167730871,0.33608679095750627
81532,0.5075264649233171,0.6340726291963215,0.35890549067646327
81533,0.42894714051873684,0.6589626506698087,0.3882789753987391
81534,0.26306531557941343,0.6192083674242623,0.2819445675999718
81535,0.5166719012547375,0.6378150128945913,0.33663551959870447
81536,0.4445857677642136,0.6796918092772081,0.35578764056249434
81537,0.3169104926564726,0.6105302536659933,0.3559695389526864
81538,0.5162988095787392,0.6567075664128643,0.33902373553030285
81539,0.4179271371680831,0.6325499178635359,0.3923609114850848
81540,0.26588414486668743,0.6261099731674559,0.29653545461314496
81541,0.48649226045069716,0.6030978133556696,0.3181116565950372
81542,0.43347871119971404,0.6522136942451424,0.3704612392925669
81543,0.3216886310295556,0.6040959473681652,0.3342334418048349
81544,0.24694329602155063,0.6430617487508509,0.3015608064002546
81545,0.5167923528124689,0.6367638641863369,0.3352504022686237
81546,0.42070468302078473,0.6410253243285534,0.3766019048573148
81547,0.25316689840402506,0.6187098505056489,0.2744472044802215
81548,0.5168418838706332,0.6388344628029172,0.31147514110539265
81549,0.43655294491865654,0.6688812808044509,0.3818808028222802
81550,0.3162176016415309,0.6021306905335595,0.3487873451920234
81551,0.2572750986267228,0.6342950708834545,0.2971235444368633
81552,0.5119846226910042,0.6470366819965346,0.34283713764348445
81553,0.4291768051141407,0.6504470190465307,0.382100175981855
81554,0.25601203398522804,0.6285128247151727,0.2918178796848151
81555,0.5119316475702412,0.6313852448197462,0.35227825304404126
81556,0.4287582155585477,0.6502128192362139,0.380378034995807
81557,0.31975691976115006,0.6124766699991233,0.33549348973265675
81558,0.23269258068677492,0.5460508377153507,0.27491219132366224
81559,0.5125104766699045,0.6281974869787919,0.32593736861650047
81560,0.4357939369651407,0.6705622110930611,0.3538707575223396
81561,0.24144543919854577,0.646435092407438,0.3151237345061897
81562,0.5168592854500798,0.6494867723198499,0.32634667590599287
81563,0.4374286431510132,0.6597995402444907,0.380510679624842
81564,0.31965570510569735,0.6034733169270555,0.34193883319977614
81565,0.22940103114950985,0.6598279385186132,0.3453944463253652
81566,0.5071103224648338,0.63471575040181,0.3427965871545853
81567,0.4317074207418313,0.6663443453958655,0.3790523322860001
81568,0.22688919925796652,0.6647319697786839,0.3233316680509094
81569,0.5169792838416799,0.6389034988010259,0.3231161902394035
81570,0.4289906897839664,0.651402383745457,0.37441636109731263
81571,0.31880506696040817,0.6117730391538583,0.33238593989915627
81572,0.228966059638266,0.6581886773683037,0.33627157917207917
81573,0.511242109984672,0.6447895052493335,0.339605646453207
81574,0.42921178953948635,0.6511756101182036,0.3791185532031709
81575,0.23051928655370924,0.6487467669297645,0.30869556098977735
81576,0.5074937463286285,0.6357476460428627,0.3497461669521509
81577,0.43641214620162433,0.6691565309044798,0.37137037635281384
81578,0.32335453770357653,0.6125755482513944,0.33674175021892533
81579,0.2248372176982821,0.6567849224864423,0.3284884878353434
81580,0.5172285705305742,0.6397117150577684,0.3149773125126726
81581,0.4278294515722017,0.6597756801933516,0.3674186429094035
81582,0.220542743537264,0.6584473560783481,0.3299280724401572
81583,0.4325649923289312,0.6591793164367813,0.3726815031940333
81584,0.31880676633340105,0.6124775638915291,0.3352684425465565
81585,0.2257229988770628,0.6681140460764662,0.3329585095914961
81586,0.5154365250638725,0.6557141081452605,0.3366524867547181
81587,0.4289814451948854,0.651671514120554,0.3730395456749925
81588,0.22200744444893425,0.6530307806649885,0.32234258763257234
81589,0.5122236678253284,0.6366374815523491,0.332551585139651
81590,0.4259604131797716,0.6402596711025175,0.40191162896764016
81591,0.3284540841553694,0.612617423672558,0.33300761970641213
81592,0.22310233913905897,0.6615198705599101,0.33062128385061695
81593,0.5157965202386727,0.6436623069256329,0.3369994600253297
81594,0.4699254583348452,0.7352054843977806,0.3839943967150234
81595,0.22259646978655442,0.6727486719176227,0.32855088522756587
81596,0.4883614801095798,0.6016460633277129,0.2952680701648008
81597,0.43276959683726757,0.6601876270705119,0.3706287139101916
81598,0.3155995283548867,0.6199073225246357,0.33809090951493437
81599,0.2227209092062424,0.6705303747712241,0.3302844672142326
81600,0.5163464373391513,0.6353156897280033,0.3423980195340636
81601,0.43347150585822447,0.659487984360596,0.3867479768609903
81602,0.23278819874050463,0.6557167898224779,0.3251410487791202
81603,0.5074623419157211,0.6347279898516738,0.3569733557854098
81604,0.4367348458038086,0.667709937948095,0.3756131708799123
81605,0.31230251816573795,0.6192613821200212,0.3511357330908179
81606,0.2231048542110883,0.6737384170936946,0.328697155125063
81607,0.5159442070809027,0.6328686248866771,0.3415923077674457
81608,0.4293402168211309,0.6509396225230751,0.38662543816750927
81609,0.22233524217009717,0.6660985937452276,0.3438560795804232
81610,0.485265131883424,0.6051673117969812,0.3187350939563024
81611,0.42509989601281745,0.6389152569242098,0.37556294539418267
81612,0.31297784899308706,0.6192793287290912,0.358099339521343
81613,0.2257474245315464,0.6547021531809524,0.3312550510665767
81614,0.5193753544449519,0.6367063800285492,0.3299772205790782
81615,0.4269165937170686,0.6326264488056623,0.38645115302809824
81616,0.22573351233131178,0.6543241742152119,0.3326389812027233
81617,0.42920739382801154,0.6422686599040526,0.37321597705824194
81618,0.30951198910337113,0.6165955886830935,0.3648605568478647
81619,0.22499709470944715,0.659728578939662,0.339462126958739
81620,0.5116351862870661,0.6346823325780243,0.3355523466675238
81621,0.4258114121557606,0.6430304625166482,0.3814807818397893
81622,0.23978614875004362,0.652599924525398,0.3279187361442638
81623,0.5111597243819798,0.6466631037318687,0.3417914479314654
81624,0.4297681869156442,0.6411882877902243,0.38161649373856177
81625,0.3129829471120656,0.6174144628877511,0.35457524093784026
81626,0.23203553511282857,0.6497424943088599,0.3039569080880033
81627,0.5166715387218324,0.6368709937531231,0.32605647247486214
81628,0.42855764422878107,0.6511544317442818,0.366150407145836
81629,0.23656968884075485,0.6387859175691875,0.3311941957590019
81630,0.5159413974508879,0.6469359471984976,0.34539231698108463
81631,0.4247086323749491,0.6499233356186466,0.3818581151659572
81632,0.31359657937062185,0.6246319564549596,0.3550546982916879
81633,0.22487843315793474,0.6572428016810693,0.3241515289722807
81634,0.5075735942009849,0.634452327185919,0.3623884557363234
81635,0.4319467377758343,0.6684720843654621,0.3727944006897994
81636,0.5118822071453032,0.635476934165817,0.3400300281482414
81637,0.4287138959108948,0.650101288968353,0.37172770060256727
81638,0.3199145535999646,0.6195628989045894,0.33944762291327213
81639,0.24393746773014602,0.644663603942026,0.31858156569873775
81640,0.48584078882016724,0.596675471463888,0.3404374891610461
81641,0.4399733975620042,0.6776826141928102,0.3671050885143068
81642,0.2442409530883582,0.6442189268506227,0.32297946014227463
81643,0.4180758662924153,0.6329066496944001,0.3916223923602101
81644,0.31875172930674006,0.6117522733456622,0.33471507075185764
81645,0.2399227556803603,0.6440073493942677,0.33115896863080424
81646,0.48902826875535177,0.6067658664623504,0.38363120831871944
81647,0.42414670637198804,0.6515573021754758,0.36764791920983886
81648,0.23902435382481946,0.6375674046981876,0.32940196808194044
81649,0.5072730544226268,0.6348433019720207,0.33808229919024413
81650,0.3234019162226165,0.6217975611581092,0.32632471915554395
81651,0.22606919514316137,0.6584660590579154,0.3346090049023251
81652,0.48539115738457195,0.5994551330411224,0.3595268198178951
81653,0.42214915006468706,0.6406283673394285,0.41144566658666415
81654,0.2393515624300115,0.6418791978589454,0.32178778360035143
81655,0.5033329108597664,0.6071121466281624,0.3344915191766211
81656,0.42773927151204905,0.6590830511007733,0.36790100698718975
81657,0.32342049603400475,0.6041606514261536,0.3415093182640653
81658,0.23937691707506448,0.6452759890009461,0.3302870486216839
81659,0.5146218229928049,0.6458580504790238,0.33250694918265794
81660,0.4295257883519475,0.6504691600738127,0.38158481551749845
81661,0.22597355443112518,0.6644216515919662,0.3203425503183488
81662,0.5157302673502591,0.6546735486239671,0.3481698015515349
81663,0.42964130039884657,0.6431157260999697,0.3767822569379698
81664,0.32288236125294306,0.6221476231764075,0.32460157264580797
81665,0.24364349886069359,0.6417020696406904,0.3502766102718284
81666,0.5119434298896581,0.6457985034926074,0.3421977639992303
81667,0.4365923703720901,0.6686412363130191,0.37036296836406163
81668,0.5074068743812353,0.6371866752942754,0.3597375235043274
81669,0.42155174115363564,0.6335360874699848,0.37561068664491826
81670,0.32430435125672696,0.6204096900566894,0.335807817282522
81671,0.23117871124984554,0.6547891357881311,0.33607830315461
81672,0.5161029511767392,0.6461904409320689,0.33541174657166273
81673,0.4255339385334919,0.6406280235346571,0.382737965292567
81674,0.23387620530543174,0.6503269624203377,0.3385304501132997
81675,0.5112315512138099,0.6430977107299453,0.3599723597592732
81676,0.43285828144918637,0.6594366886886944,0.3771679724447978
81677,0.3194438272809518,0.6197184361831969,0.3327617818393499
81678,0.24204099012845842,0.6412067844869287,0.3378176774647067
81679,0.48530433075379187,0.5963596524008271,0.3121671061734659
81680,0.436785691043754,0.6705701186028047,0.37059825245728867
81681,0.23925123144851507,0.6539154591029032,0.32225836023658433
81682,0.5074200161990465,0.6354354713103793,0.3449473516246711
81683,0.4371766374653303,0.6590906148057453,0.37819027739373534
81684,0.31292618805410516,0.6254923622760094,0.34700752601526375
81685,0.4850296667615379,0.6023571203560414,0.3405734756776326
81686,0.4323287115080086,0.6595094377783349,0.3672727490270671
81687,0.23230158894858546,0.6461478779013625,0.330623104777968
81688,0.5073058636505418,0.6332619375452245,0.3601479292650758
81689,0.4333207828029141,0.6591707213174948,0.3877545905705267
81690,0.31761448624163413,0.6098050318810808,0.36176618021965573
81691,0.2318485134503914,0.6556149548491721,0.3447899660430426
81692,0.507965764171116,0.6272459728933057,0.3367194512524313
81693,0.4374970712368577,0.6597005932312653,0.3865238464758997
81694,0.22974826969771064,0.6499723621790564,0.34375249374099526
81695,0.5079626373248092,0.6357183538763345,0.33744885729077173
81696,0.4171143383947675,0.6326017636230717,0.3744870350479591
81697,0.31766091311179817,0.6092498559361313,0.36263805375499214
81698,0.2292063736377582,0.6573162383802528,0.3272252712404373
81699,0.5164753631035405,0.6357403573817079,0.3339526852265046
81700,0.4332040018908471,0.6582461615260912,0.3904701551612618
81701,0.22981175827272263,0.6646566077727804,0.326313333078488
81702,0.4850583068610437,0.6040162534221413,0.30717202149434475
81703,0.4372612888986797,0.6588742240825899,0.3783636499570261
81704,0.3180941852500491,0.6181479359871787,0.36061257415652703
81705,0.4380517465817162,0.6577117513893377,0.3910254154815429
81706,0.500126624530128,0.6038107956907183,0.33086064918704844
81707,0.4200981201538786,0.6241078604613498,0.39048483242719595
81708,0.3133312959172884,0.618849779047632,0.3595637876005443
81709,0.2270384495233498,0.6442387300054586,0.3302926592748677
81710,0.5175211799016324,0.6401008332981041,0.33329919622661264
81711,0.43656989333197166,0.6692038384410324,0.3766775303783916
81712,0.244126981806306,0.6422809681148707,0.32867746714024637
81713,0.5230712867795899,0.6583720628333991,0.3680821533470605
81714,0.4643419984296151,0.7450806576093104,0.3943951197051446
81715,0.27011191297316045,0.5894673981474173,0.41702163342810944
81716,0.4992128150261188,0.5473161080352689,0.3906949277295481
81717,0.4756396113523769,0.7322268286188265,0.3641802229004353
81718,0.4996754523296859,0.6121490240519242,0.3770847590222767
81719,0.47835434837926366,0.6899601576253768,0.4045107049065804
81720,0.2570305475239018,0.5813770530264324,0.42035409102635846
81721,0.23276728512353959,0.6499764878363139,0.3287650195242281
81722,0.5010225339719461,0.6170270636712726,0.3867053223771472
81723,0.49638791331268384,0.6929835767855747,0.42498206872421485
81724,0.23850645291152567,0.6489309087653572,0.33213584756842235
81725,0.5027720271389075,0.6316482554699113,0.3305288517193255
81726,0.48008861516420936,0.6391128071458893,0.4313228504024444
81727,0.25688748297621244,0.5812279105165741,0.4167627998011125
81728,0.229750943377886,0.6655741539468463,0.3268402993141517
81729,0.49422350123579406,0.6183597197263965,0.40542946626498444
81730,0.47847484525360834,0.6013995553065778,0.4475422516828833
81731,0.22639597324052863,0.6572753256124494,0.3325846702488997
81732,0.5051505602128934,0.6244213416519647,0.37881441186175907
81733,0.48844513457744,0.5921124257761489,0.46658634644843794
81734,0.2771025670079836,0.5955047474561207,0.41428279814630775
81735,0.22621574907006275,0.6627040029537642,0.32423705763421806
81736,0.5096211347325813,0.63812182427264,0.33502474669844323
81737,0.4911895539859348,0.5927797508375482,0.4528645815113498
81738,0.2272950548452666,0.6663634609411585,0.32561050581965
81739,0.5101448588306638,0.6237459027979593,0.3549031430574944
81740,0.6917510047309157,0.7004213116893789,0.11208785485226694
81741,0.22630887471006964,0.6604247148409091,0.3029537904744831
81742,0.5124529698878272,0.6208250062206101,0.35238555678618133
81743,0.5007832169379429,0.6125318162844651,0.41336832082580166
81744,0.22992253473354834,0.654846894989736,0.312416763340587
81745,0.507976957374562,0.6304335244513976,0.3626158984347393
81746,0.4920935751015052,0.5963168143263037,0.38471534874958313
81747,0.23319151659746873,0.6423118417833475,0.2995822547613068
81748,0.503974412835405,0.6201815412103501,0.3445727222277484
81749,0.5060427990090469,0.5955608563948226,0.42962878803165205
81750,0.23490301178431056,0.6534029837105685,0.30818665826893843
81751,0.5036433296597893,0.6241377027155123,0.3301693051777237
81752,0.5008791975245778,0.5869670435665151,0.3810775583910986
81753,0.29743332169479975,0.6123084807049263,0.3579920526787607
81754,0.23666764070006135,0.6542184886284659,0.32302864208031123
81755,0.5122410240881619,0.6198243280528057,0.36138244196108826
81756,0.4918159655293971,0.580879980087859,0.36661995290904426
81757,0.2328749800546716,0.6537650788958677,0.31840406541845856
81758,0.5091119572673175,0.6228368142212711,0.3365884543302802
81759,0.2995327950650571,0.6096806433147676,0.3717820242310591
81760,0.2338472253313274,0.661575979498612,0.32047696517606145
81761,0.4171978569127884,0.5516802282822425,0.35267278167025295
81762,0.5127967870317358,0.6184994419855169,0.37770417851367916
81763,0.47281584255427056,0.5004471632296567,0.38148369701350676
81764,0.32352411246995394,0.6080240544039766,0.4015934947923844
81765,0.2328004115677464,0.6491030861949031,0.3306749188221292
81766,0.5150123162482498,0.603632636058149,0.37358578163141776
81767,0.4249064393913142,0.5455368495820218,0.3078236494304359
81768,0.23109222449366398,0.6504721855558014,0.3342885174636481
81769,0.5066063110934681,0.5932216774907797,0.39482577958589526
81770,0.41486314500371074,0.5569635449661852,0.3220891069405031
81771,0.2907818398510382,0.5365190567095527,0.36309059011329226
81772,0.22930353245633472,0.660359323173378,0.3209026227877084
81773,0.5085135967073902,0.5883621345681356,0.3937876228517578
81774,0.23714450742015497,0.657331159507334,0.32751780681054204
81775,0.507103978138994,0.5819329165809249,0.4058347514597247
81776,0.42036779931868684,0.5470804642449119,0.32366485128237055
81777,0.2999737483692357,0.5508072392065575,0.3548968986708937
81778,0.24458189262733232,0.6461557166501518,0.31564418596232824
81779,0.4161868885902027,0.5640926119461749,0.33483252267844604
81780,0.23217887156019681,0.6619582216435185,0.3092999863485372
81781,0.4955051910052901,0.5534007648805248,0.4341220424548663
81782,0.42551205060934433,0.5471546573145923,0.35930328091732694
81783,0.29319843888006347,0.5678125108123915,0.36505663396703636
81784,0.26507827953518265,0.6223667643377344,0.29793451830328577
81785,0.4670409199585154,0.5948211260485545,0.4448236874206418
81786,0.42381272293313116,0.5664986952587435,0.3211510124879958
81787,0.24409158953144205,0.6674110340797897,0.2804188163749144
81788,0.4357443152737502,0.5333325709462525,0.2853446329353521
81789,0.31497153072996437,0.6419333814909272,0.38860728310778003
81790,0.2581301551417933,0.64606852776011,0.30134417730637475
81791,0.47373173662248413,0.481699970368756,0.4098000636978132
81792,0.42832154467431105,0.5341505168780273,0.29880646788663223
81793,0.18699331406336883,0.5974170583559222,0.40983392196183044
81794,0.46914374675814513,0.43836575117945337,0.3877989519097058
81795,0.43327804923672114,0.533348936053374,0.32204573422545424
81796,0.28208472077343205,0.5643041206415755,0.36289946456455097
81797,0.45829359007354775,0.4606161771395981,0.38264781460157615
81798,0.41390972877981547,0.5612417827812487,0.3110792224905534
81799,0.44791971099307315,0.47699854326050517,0.3445212715240795
81800,0.4232103291946342,0.45856108411821056,0.34614918902571107
81801,0.2814170031370907,0.5600099302851164,0.3778565195773096
81802,0.24855962632079415,0.5723441327440192,0.32225037942042156
81803,0.4581498457766612,0.4620976318998088,0.34786028615074815
81804,0.4227090368200569,0.5182743689026142,0.33101555475857236
81805,0.45188708984043197,0.46795723414166857,0.32451827472549793
81806,0.41816681673499145,0.5305936158539589,0.3209579392652201
81807,0.2691024854154216,0.5348087654934599,0.39188077814892586
81808,0.24869342362109598,0.6624567385621319,0.39364875073567995
81809,0.4559838929349245,0.4579460517625502,0.3405337828412909
81810,0.4423956158510591,0.4718362114756385,0.3492943403752776
81811,0.4514673220528973,0.4676582615124091,0.33682170625168384
81812,0.4102381767830478,0.5983689850071336,0.3169064646317774
81813,0.3045642533056041,0.6082314374421196,0.38175147050657066
81814,0.2319118207589508,0.6606743858659416,0.40759080140846327
81815,0.45361165887016525,0.462811680029649,0.33462366526870146
81816,0.41710772216924885,0.4864059013195129,0.34295245600090285
81817,0.22336846094973556,0.6136984833959291,0.387640265062128
81818,0.4561199334075769,0.45930679666750207,0.33008054870024994
81819,0.4139392752115841,0.5209927300890977,0.37777280761783394
81820,0.2998268092511226,0.592495974379187,0.3505061569651882
81821,0.22766993652748407,0.6254613510856238,0.40826601478988456
81822,0.4604681077551683,0.45913014977592714,0.33063795948925884
81823,0.42775735284069283,0.5706190579227538,0.2822113730652414
81824,0.6202950893793582,0.6080341622642573,0.602003212741131
81825,0.4521444882030787,0.4884124147266935,0.3427422255020884
81826,0.43452267001666717,0.5676558045975612,0.34015708324853977
81827,0.3199746660872976,0.6231388810934738,0.38319125368118845
81828,0.26480651580616993,0.6203145936569042,0.41488748122332386
81829,0.458291732092409,0.4828230430351992,0.36042300336710165
81830,0.42423357831938124,0.5860643497585761,0.3049610819238848
81831,0.2623135129673871,0.6132561441769718,0.43747521891095664
81832,0.4404419260252797,0.46973604564871285,0.3103461281237269
81833,0.3257272022761606,0.6393301605224048,0.38275946153006635
81834,0.4522457708334512,0.4871548800141331,0.3548965775792958
81835,0.4196315403049682,0.5800133857809231,0.29073093392735955
81836,0.26341278071068003,0.6375996535857502,0.4710729424458858
81837,0.4561110060347879,0.47821024879703034,0.34904802087081865
81838,0.44451022497010584,0.509426553109154,0.30495668592641667
81839,0.31146343575679997,0.6533822179023725,0.3289183449870994
81840,0.2637623983810708,0.6587328515605664,0.45954926919045336
81841,0.45590245898110826,0.4780699764502756,0.33604380693228647
81842,0.42026465870717555,0.6040594353014364,0.32516040722256
81843,0.2706670188258438,0.656407906174062,0.4514303498414636
81844,0.4561324861094172,0.47815159570301957,0.3416944022208993
81845,0.43921090022927634,0.5172649580936148,0.3007321154599419
81846,0.31280573649637367,0.6480521437695116,0.3795345527175452
81847,0.26989378145580123,0.6911648495445641,0.44913686015612553
81848,0.4583397223857263,0.4723515404475762,0.3411755604476395
81849,0.2710620437426029,0.6873947551817148,0.45196909084401227
81850,0.456148664140309,0.47630244173973524,0.3460377786910299
81851,0.4256923200964233,0.5257812085654815,0.29396340529198833
81852,0.3314753654118554,0.6109777499565227,0.3592545679420188
81853,0.27806887580831774,0.690396102075585,0.4431615483145006
81854,0.45206418716459107,0.5188696324839159,0.3398540023543788
81855,0.4366767499057606,0.5600623948932407,0.2826860916774646
81856,0.2847751227790614,0.6969034325068708,0.44917495175936734
81857,0.4643422250126808,0.4849625401279797,0.34268968477694256
81858,0.4167659442729316,0.5740428033588367,0.32210864282929963
81859,0.28860779799385566,0.6876640918396746,0.44317351320141063
81860,0.4623791093313679,0.48181961442922316,0.3426386945862233
81861,0.28085507713412944,0.7045929012643363,0.4342289152582829
81862,0.4673522904074142,0.47474232444781495,0.3539016161148505
81863,0.3705119569880539,0.5365579754096816,0.36605711313709766
81864,0.30271853031063556,0.6660364338425481,0.3720881935194049
81865,0.27463133880181556,0.7057864539089285,0.4389688694260062
81866,0.4572980293994304,0.452836700292965,0.3315416548918998
81867,0.3700151056415646,0.598966311417064,0.3324471500974445
81868,0.2761368699819268,0.7219994617994155,0.4393857984160585
81869,0.4561386038521914,0.4370308603933152,0.354437416594345
81870,0.4023970885276947,0.4936002912060794,0.30313162240858377
81871,0.06735842967557959,0.0918380889075443,0.8398544501926599
81872,0.2653386461359902,0.7432133163736159,0.4319896393543112
81873,0.43310194887805115,0.47005990974342593,0.31563740923965744
81874,0.37719339311310235,0.4774925563366126,0.377775367900838
81875,0.38671867329587917,0.513999741037651,0.30849259730080936
81876,0.2884607229259032,0.827535493469886,0.3917467055072583
81877,0.4302628630647027,0.43691592645821686,0.32401766335019605
81878,0.3850521548475809,0.4867313469161745,0.3686620785719252
81879,0.3386974967066081,0.6551671835148258,0.4750127025526072
81880,0.4207346373020716,0.4634846778697772,0.29216640137740857
81881,0.38390591643476624,0.48370837470217964,0.3445508879990934
81882,0.07463321887480329,0.09593414457421251,0.8359808011559837
81883,0.34811691728108524,0.6730766616695931,0.4790780263736527
81884,0.45073622913307687,0.42562389940303325,0.33044876049010474
81885,0.4165005701863719,0.5318069028924324,0.3791739584033609
81886,0.33082158263405537,0.6574229553813132,0.48157175891915566
81887,0.4226566508152647,0.4691933154364899,0.2937123750357975
81888,0.40431982710669806,0.4316494218275985,0.32540527336504976
81889,0.3214502656444285,0.645843954483394,0.31093272444902625
81890,0.3126613804252097,0.6294553311156463,0.48183976900602854
81891,0.43569351535041784,0.46125458821971765,0.30595543711669476
81892,0.4125886588734989,0.4167863633722395,0.33932780082370473
81893,0.31946820761882216,0.6698213805715244,0.4141515815299055
81894,0.43639406487298055,0.45298732116334056,0.3122916981632175
81895,0.4174678532938886,0.4207848816252452,0.3713916866951776
81896,0.331609706511515,0.6064596739328902,0.3766430383809575
81897,0.3241137495818516,0.6457483079959745,0.45011669651635555
81898,0.4276527167809478,0.45956351569034937,0.3171677613693211
81899,0.4057046574877055,0.44990359864622914,0.34553596322223595
81900,0.3472640359634455,0.6093586357658204,0.4366471405796136
81901,0.9510827100441519,0.8992713904488205,0.9483757040736012
81902,0.39440863064640364,0.44835771487184733,0.30306877506563534
81903,0.3341770059375442,0.6043769733883546,0.35200560402855713
81904,0.310864418105982,0.6540705150548305,0.4134337559135355
81905,0.9521855351415763,0.8992956630656856,0.9512421394664397
81906,0.3684853074151158,0.5709888543349335,0.3090353223741053
81907,0.3165419326417884,0.6503752326102504,0.4073683102804776
81908,0.46299804363366176,0.4591001012389017,0.40271660560349454
81909,0.3715380157428158,0.4977478488275121,0.33567466566675364
81910,0.3702529725439471,0.5421727886542637,0.42074065151107565
81911,0.33953037073954556,0.6219413403135328,0.4167652840361065
81912,0.43013846896162783,0.45659665241505637,0.3599618313347747
81913,0.3721194732060413,0.4778715667166674,0.31809790035500224
81914,0.3489859313130034,0.6119613066467084,0.41953539194958467
81915,0.43587179090651856,0.4079447704451425,0.29908413184588833
81916,0.3770782435991085,0.4792212754884555,0.3205284708032931
81917,0.35847779049358797,0.5774228168279903,0.38641994799465285
81918,0.3593146297301754,0.5857197198556671,0.4248122619676162
81919,0.4366048777573173,0.4266285313257093,0.3206258080312309
81920,0.3802204975543771,0.48292907242671657,0.33727039796058844
81921,0.3590501166592653,0.5975046598116894,0.4184255472913338
81922,0.4473713346574414,0.41734092046860055,0.35723771556780165
81923,0.3756852562277354,0.4819144014047141,0.33812478890339887
81924,0.3682706879352751,0.5576775587155482,0.3823090883151624
81925,0.366342284779629,0.5846825296211339,0.44431697108009094
81926,0.43887759653961667,0.43650318883008205,0.3303529822463724
81927,0.391608426487131,0.566665578094809,0.44468331969370023
81928,0.415707756039452,0.4807189922143561,0.3634358227294523
81929,0.35274535222265346,0.5397407137009729,0.3501094144969071
81930,0.36049494623607276,0.5653141502991638,0.42267786471924274
81931,0.450557273827779,0.4336347224803801,0.5104055309143103
81932,0.4233064910477215,0.4397370852713662,0.2838762356407415
81933,0.38324094045352003,0.47901915266331563,0.33555980359739535
81934,0.4026588826018162,0.5228296102220412,0.46615581331437067
81935,0.42991134209655996,0.4586871229474269,0.3343886219941728
81936,0.3879673272543948,0.465547368976614,0.31432955246286887
81937,0.34408992442913794,0.585520381849176,0.42707217223164035
81938,0.44843949254581233,0.43815059815347523,0.4964013405675608
81939,0.4355382153171801,0.4464523832089067,0.3742576066515037
81940,0.36126521536795453,0.4849965424198768,0.3363123916041239
81941,0.39682137776331183,0.522362757722879,0.5189798933455388
81942,0.42119994828581403,0.4670745841519056,0.34289459613994494
81943,0.3921936905458604,0.5131563879332655,0.33529622541955095
81944,0.37278916211505425,0.5800757519664654,0.4319700865659568
81945,0.39633399758896926,0.5429113500643088,0.5294770029634726
81946,0.4279736943518328,0.4389816086665653,0.3804372256969403
81947,0.3767086866189352,0.46288769526461837,0.309519084890298
81948,0.3670501302769075,0.5897959379870222,0.5345801962261733
81949,0.47663848013925375,0.46535470078268903,0.4598185636437177
81950,0.38790451842858,0.4451460625992765,0.338322492605007
81951,0.36933503922814215,0.5594863843791408,0.4750470424540213
81952,0.36985781167734866,0.5661815697375511,0.5517273663293143
81953,0.41262183063431884,0.4661151625566762,0.3430435192680139
81954,0.38723265432213616,0.4505651134069906,0.3556303479284336
81955,0.36654815815313324,0.5679597280155295,0.5595906629672859
81956,0.42066339958621235,0.43916691943838093,0.310508097710404
81957,0.3825976258133557,0.45197278766324644,0.34005826308440656
81958,0.351257154647069,0.5975606312284827,0.5396615552602189
81959,0.42163530498826957,0.44962628571757146,0.32031778824130797
81960,0.40915905227429655,0.5087353679966158,0.3135408247518224
81961,0.356480868618871,0.5848838616952996,0.5442496331021507
81962,0.421837099866591,0.44925308563815425,0.3247708639658942
81963,0.4075504484575937,0.5181317930638908,0.35576701465222077
81964,0.39583148166583726,0.4997629917344564,0.4568845469193069
81965,0.3816287113077658,0.5821499261526689,0.3609964138124412
81966,0.35860970715444446,0.5092478090084731,0.5996021235713915
81967,0.37271506945256705,0.5685684687438723,0.3694774399860369
81968,0.4092510449989748,0.46254114005498903,0.5289197400455943
81969,0.359859312761836,0.6064676502035881,0.5860538832936143
81970,0.46531952309170194,0.4645025806566315,0.4204188332322233
81971,0.39024358073251925,0.4846331751569234,0.3437949581048133
81972,0.36953615435726644,0.46950476817895326,0.6070337379053667
81973,0.4275354373861362,0.44005537972878156,0.3695296258204693
81974,0.33746144076654594,0.43200986674999464,0.33949951300544334
81975,0.4102723455093569,0.4302960343447558,0.5322725616109714
81976,0.3677863892906262,0.4663622206654455,0.5574025082256062
81977,0.4599311965226615,0.4724506249827103,0.29643920951912883
81978,0.34540363038581895,0.5368606267499958,0.33247302332040957
81979,0.35994677382520024,0.43642689855129563,0.5660068166732254
81980,0.4169141749145192,0.4540383667301635,0.34404571374319015
81981,0.3740374988572779,0.47269293858563366,0.36909482554806194
81982,0.3746553908774695,0.4669002407522994,0.5407477743366899
81983,0.37690418248802987,0.45580992395653,0.5276009661544783
81984,0.4271107754043822,0.44248683583348375,0.41432333173564917
81985,0.3831300053845484,0.45137938062771077,0.35064229980268413
81986,0.3438233494523299,0.435828815770868,0.6133693145197993
81987,0.4501332915952221,0.46487887497899183,0.3952998290812525
81988,0.3745093807499259,0.44548082530524474,0.35604843453819407
81989,0.3687014676598033,0.43696168687329784,0.5637175011786597
81990,0.3296754575127735,0.43563882925416064,0.6209406543975201
81991,0.45155188285302034,0.4326140004943998,0.3555920788798351
81992,0.3801459517257585,0.448664973196099,0.3471140185786302
81993,0.3265464586668489,0.4262435387426312,0.6269733909364901
81994,0.3908089961146924,0.41253439224171523,0.4146928490163426
81995,0.37018894016957743,0.4391790901272905,0.3581293108870703
81996,0.33295896335120595,0.4734710031639192,0.5281861133426977
81997,0.33664127804359484,0.3874444826741025,0.6487533044127822
81998,0.9559645781447169,0.8952382854358062,0.9515023250580592
81999,0.3995995580485974,0.4403930991557843,0.29231976908917434
82000,0.3261601571981196,0.42880240889563553,0.6203875994695296
82001,0.3241557807405408,0.4394951842341686,0.3106638355851487
82002,0.39345421745701925,0.42031012161633946,0.28344773573471993
82003,0.3363693330481295,0.41747029420410003,0.5478192421947619
82004,0.3276591401276318,0.4066430568194499,0.620695746006136
82005,0.3287586117956839,0.4659431914099931,0.3107267315143258
82006,0.3943802171299637,0.4208630284497975,0.29547757820751996
82007,0.3406943279480987,0.36142798486693445,0.6442731302472915
82008,0.32726948522953003,0.4436117650456929,0.2958488995160068
82009,0.3788764521251975,0.44202665314688777,0.3719247832454269
82010,0.3327058474085011,0.41843968613770177,0.5183482385743019
82011,0.36175211971785914,0.38010163788722046,0.6211966488988097
82012,0.3103237455945844,0.49514871913576997,0.28532231918174505
82013,0.23647207685604693,0.3899184330485568,0.3277810005234469
82014,0.32732819290185555,0.4442652003943251,0.2575944014367598
82015,0.3277417749716963,0.43841979728952657,0.2767355984207769
82016,0.34474341264895264,0.39103339192239367,0.542996801285502
82017,0.3573367181746715,0.3711099741773823,0.5944456629025605
82018,0.39023261411213883,0.4032791677940777,0.3014755185570157
82019,0.29859054938630136,0.311386409630312,0.28182548856283557
82020,0.3516505934823682,0.3729003719052247,0.5971344501439892
82021,0.37850027891950555,0.4262128713570172,0.29752660945219983
82022,0.34073857962083187,0.32139288188406145,0.2097358487581512
82023,0.35981207019263545,0.34828450035649766,0.46548086187609494
82024,0.3393527975909484,0.3477561068032444,0.5402697534452536
82025,0.3782238928959522,0.40501500370468974,0.3443365762570745
82026,0.3073902879343676,0.3157922677765406,0.24779228402018713
82027,0.6797779930058849,0.40892482032665944,0.7240686848050972
82028,0.3797042053808499,0.3867253806141218,0.33648311093684286
82029,0.3612825036558682,0.36179729995243415,0.20591070145231083
82030,0.34856654871668036,0.35184147014152034,0.45932945664237623
82031,0.7173348612131565,0.5260348333453858,0.6406220483866111
82032,0.3950079881718202,0.2975208319583828,0.24246353658465278
82033,0.6722080340469605,0.37786498156602616,0.6887442151546244
82034,0.33934803934656854,0.48431512136284793,0.2998929129946885
82035,0.3031987051434885,0.3113912228971124,0.27750134722218417
82036,0.3828547975929367,0.2637533243396584,0.42548234633325055
82037,0.34299514303054607,0.31514498653331746,0.438111504161026
82038,0.2811596954076702,0.36747729858168454,0.31603258849884375
82039,0.36135041060066153,0.35613466346414235,0.24280935223555633
82040,0.6281652255837353,0.3722988510770825,0.6510856123823465
82041,0.24868306877499302,0.3535755870282752,0.36562136648945454
82042,0.3104393709330163,0.3159875145062514,0.22763467739234283
82043,0.32502042171929085,0.3929476281289151,0.36404754447228477
82044,0.6268569349623246,0.3847962576609963,0.6655736370684094
82045,0.31431641111207653,0.4323310835479674,0.3262401368688425
82046,0.2938663830994705,0.30629273565830534,0.25449473947185436
82047,0.3799815883698923,0.2809262007715778,0.45081452995586885
82048,0.34524740136201176,0.38899621112959903,0.20395312850190525
82049,0.32719423699340766,0.31473795606438887,0.20359046399189254
82050,0.37901901819014233,0.2829018061298045,0.4451299074076609
82051,0.32200999379165235,0.37245923600296743,0.2372502976265619
82052,0.31291433775976857,0.3256440278831341,0.23436542904107213
82053,0.37223190372324666,0.30488017937429485,0.5143543998826765
82054,0.2197612585436296,0.6369817676504869,0.33795783394717593
82055,0.35119498025383816,0.19114560722126164,0.3961636246279689
82056,0.3842273471717827,0.277787675773896,0.43176391196101016
82057,0.24757471505076517,0.3655173363405593,0.3656538727888492
82058,0.31526062806350397,0.35137729931957556,0.26691477319373896
82059,0.39429796747711077,0.2824225078979154,0.437255913349613
82060,0.3102068740492911,0.4151011699044631,0.27280388587026877
82061,0.28751156646364323,0.24028710156620825,0.1275674103925453
82062,0.36042998487113376,0.4791890266008928,0.17678713584030162
82063,0.380289696022645,0.3027638547231106,0.42277167416449346
82064,0.3080329454836414,0.4228830877649736,0.23882439848643505
82065,0.3133186978988349,0.24437423549905712,0.20304456180173353
82066,0.2964766653330649,0.43930313488883244,0.30421396303654363
82067,0.35308708480235745,0.37983422653598076,0.33021128367925545
82068,0.38666819058883894,0.2947264899174072,0.4477417340629481
82069,0.29221536293286676,0.44688836203959204,0.25115314766262387
82070,0.3188025518883788,0.24832594473242892,0.2503169638808794
82071,0.39242317387481174,0.26110733405756664,0.44333990624733727
82072,0.2939991154593635,0.43424098781436843,0.26629860528287613
82073,0.30349666187489743,0.3348629121664287,0.2867828972622142
82074,0.346836383085224,0.36009972951288527,0.30507970203240503
82075,0.4129509651955695,0.251234086152757,0.5035412685342098
82076,0.3039217543644763,0.42626182915647276,0.27451123063333915
82077,0.2840200347125823,0.3626672979266075,0.2580636799757106
82078,0.3893936223364272,0.29618429090934156,0.4373900113406173
82079,0.31387670401475937,0.429241722632604,0.2679879642954931
82080,0.32364445073615267,0.27220803375743413,0.24401651933463198
82081,0.3441603917625738,0.38862775555602797,0.32880904287225154
82082,0.38846295505232925,0.2960058562329551,0.42815320314387206
82083,0.3086537151087676,0.4490645087210098,0.23244527171159704
82084,0.28559220397231894,0.3546734588049706,0.24272917650854664
82085,0.6958763119750745,0.3871443067281429,0.6038944422525718
82086,0.26971482615050335,0.5094356983160747,0.2640711221015696
82087,0.28296945967011056,0.4137546928975267,0.2834015661428581
82088,0.5944110556516643,0.48157640693389414,0.5076394112964688
82089,0.690277081888471,0.4086687201524007,0.6307441216662707
82090,0.29970137286594545,0.4709612627127562,0.20006120681837672
82091,0.3160011694971645,0.37080072178545626,0.3667858136189007
82092,0.4132568976508913,0.2346610459055995,0.402630629103276
82093,0.2924778140978788,0.3811998878491645,0.3007403730063634
82094,0.7028710218467741,0.415428300144505,0.5526377455070582
82095,0.3690767798498456,0.3277535451998435,0.30010600585610236
82096,0.3243215035948013,0.39798976576568024,0.23951990823675323
82097,0.2878941293117883,0.4301404283051941,0.30750812834930225
82098,0.3910914545644067,0.3192499123630893,0.34854786155868744
82099,0.3448336153674119,0.41936132358854805,0.26054813994510284
82100,0.3244952021729747,0.4079006602929645,0.21786236868325373
82101,0.6916793591655381,0.402183118182671,0.5857174468972801
82102,0.3488018325721139,0.4183177042047886,0.30047332830672885
82103,0.3463763288286062,0.43334565142853865,0.2779834300807667
82104,0.2961364735182076,0.4184377608309816,0.28150202416143294
82105,0.3693926366434456,0.3635265004309571,0.33005754840210794
82106,0.346692933346323,0.43292039930672277,0.2817668402318849
82107,0.3363849672796635,0.37917962225112556,0.2521717241466256
82108,0.41295173557799286,0.1881738103474982,0.32513634647716716
82109,0.3905238186681896,0.3115622313904354,0.3735587592385235
82110,0.350417233880788,0.417535617110677,0.24590098057318097
82111,0.31350685247660065,0.364116400657824,0.1929131670639922
82112,0.3715601755666423,0.36665206398875494,0.37174989817171455
82113,0.3573316653723062,0.4082857560174742,0.24584231164589426
82114,0.3123436656504709,0.33823814674925895,0.21429222302968312
82115,0.44168196982729835,0.2230161032525147,0.27258231992705784
82116,0.3575026902703042,0.28492454712219784,0.3752133188929992
82117,0.28384363979592697,0.46927593172307114,0.22900265857083213
82118,0.27696840717477655,0.33504591944627554,0.2401229752935563
82119,0.4643158960604452,0.4490453587952396,0.39059247416049164
82120,0.26277873331790325,0.4203962103311125,0.2667911798622301
82121,0.2904779466433077,0.34303546100826926,0.2326195061523347
82122,0.27053618976370275,0.5474335517451987,0.14034686443745953
82123,0.45445926080237387,0.43642122577256653,0.3638100718863249
82124,0.2639045339381908,0.41369071082955844,0.31207961716282584
82125,0.2869313552072792,0.3411496230758702,0.20326271819314795
82126,0.41817710360617466,0.2556063201923371,0.35822767476314343
82127,0.35027192616074804,0.40834860352969654,0.2658424899151044
82128,0.2710860615475682,0.33882041451019956,0.2279439139504261
82129,0.28787423531861894,0.5369481594448089,0.20118484996555702
82130,0.356705933578041,0.3932977932886446,0.23840890807123893
82131,0.2656252737141136,0.35666336644168983,0.21419661378152854
82132,0.5105827079468422,0.18501733874074633,0.300865368473057
82133,0.36309537210630877,0.3804372944855945,0.2628024395559432
82134,0.26182914634781845,0.3437851273124325,0.2289387655677459
82135,0.37559883744647354,0.29912203392049214,0.1957329174284565
82136,0.47189006946439177,0.3097774720608449,0.24288945825189015
82137,0.2651805591310442,0.35119336376684573,0.24448090650782706
82138,0.42223575011240144,0.27923787868038114,0.3471255609765957
82139,0.34973222795653297,0.3520271590985846,0.23432712619335808
82140,0.2784194677858911,0.3559226390615845,0.25680825724560935
82141,0.3985430918464172,0.28814781999604383,0.2774158528874736
82142,0.28806205002178614,0.45199840111872003,0.212927296446263
82143,0.2776437833187389,0.44618119000518097,0.23232194718867916
82144,0.3107124488438103,0.3974512987326234,0.21916845523136458
82145,0.29050667737603975,0.4170263047222397,0.1967341063799447
82146,0.4376520540538035,0.19821048585042023,0.2288662749146378
82147,0.367709758897803,0.19392349820392302,0.4845104568210722
82148,0.3365903195121166,0.35539242334304266,0.2308538234556601
82149,0.29361791210961274,0.42611388996331456,0.2136528029116451
82150,0.44459193082360093,0.25946477238145094,0.36264446713717063
82151,0.281417728202901,0.4427428672467882,0.2336666534512125
82152,0.29597607536599135,0.4083079314252331,0.21484568777194982
82153,0.31584716098740134,0.4230557809016767,0.3264033189987904
82154,0.5118601832713162,0.2340366104894397,0.18126027133997574
82155,0.26825216448642447,0.4821833254969482,0.25585818523152376
82156,0.517615529090194,0.29224401318462073,0.21885743154504583
82157,0.26400411719557043,0.4804770567966814,0.20144765498863287
82158,0.2587710000265414,0.42453943601242466,0.29282927174431456
82159,0.42485799593186535,0.22848999092127625,0.31726992342100585
82160,0.5424947122380762,0.3810753961414197,0.3175544528256111
82161,0.25866572953421246,0.47941645345721207,0.24597935015995262
82162,0.28702987352424997,0.40862577893644564,0.2505633826702403
82163,0.5044473370101553,0.31787194283908743,0.2669841997457766
82164,0.25583203639782787,0.46334471494731677,0.29884134012411645
82165,0.2897768533213873,0.36625572584821864,0.27573756744212147
82166,0.43745021385886884,0.21071427001284457,0.3167918729553436
82167,0.5298152145141612,0.3360401684648537,0.44440020140216985
82168,0.28034685131774156,0.4615663160059983,0.2228841483263371
82169,0.2693563490822433,0.3474294578898826,0.21432662207954942
82170,0.3055236513224341,0.4935910084772501,0.23602429385789292
82171,0.3117774572275677,0.32501493391232117,0.2533621585710518
82172,0.3809171045315965,0.3198486139921055,0.35979539603995364
82173,0.4707081215604213,0.3054822159095941,0.3175873013410509
82174,0.2628067843014381,0.44546301621808326,0.31957041374815526
82175,0.5203212934276786,0.2600885029978293,0.3907590277522172
82176,0.2813582728064587,0.5391521886931918,0.30385555299020267
82177,0.22119002338107824,0.4831988216504024,0.3167717160077985
82178,0.43681020733146386,0.05775408321133526,0.29262677701807505
82179,0.44708928405724535,0.2764781577798913,0.31632353973540633
82180,0.3169843813942007,0.5179644976620996,0.24625036414322135
82181,0.20427473651016406,0.5700102484334567,0.2587665262465511
82182,0.4184024631233299,0.291308829825779,0.2942333017919987
82183,0.25358977037956004,0.4697843502191027,0.264879068306593
82184,0.2375436108320969,0.3912197684890008,0.2778111554606206
82185,0.32827075579690335,0.3258408217343165,0.28467883577628267
82186,0.42038923407670303,0.28799651151612543,0.2677930537739197
82187,0.23138560424714547,0.5798970422462618,0.2876234115556405
82188,0.25553947234338287,0.3315384919288198,0.23278497394747275
82189,0.2293751553634057,0.49351681540756953,0.26712979471718473
82190,0.28967514018318996,0.31681168330438947,0.1804701156162966
82191,0.3545313026048876,0.4170694522210576,0.2679990905418482
82192,0.3902748945122004,0.2816701255360577,0.3248062854390064
82193,0.284432143992496,0.4002151796708479,0.22335606847741374
82194,0.2817761826128545,0.31612190779141414,0.1586839408538461
82195,0.25199235976630324,0.48621405825703956,0.26465992910027125
82196,0.2746212105387783,0.3023158771059014,0.10663967401699415
82197,0.33626098102610685,0.3850053597229969,0.2729926201315839
82198,0.2453775390625736,0.5168048785484503,0.34336073664225997
82199,0.24739551050409497,0.3301345307640957,0.16518812435627472
82200,0.38296781722611295,0.24119192696373015,0.35482931733932144
82201,0.24793776909695253,0.4930891566523534,0.2641689937780222
82202,0.2544591469443834,0.316640090342955,0.14844972920655597
82203,0.34444876403030317,0.4064368083370525,0.2614258353780954
82204,0.38697539190932884,0.2732530627407565,0.3274628114246283
82205,0.25211090802628283,0.48254435488745573,0.2581553220526757
82206,0.2415197131274856,0.31647994608041,0.2153350313671002
82207,0.28997418451331425,0.45925701373659494,0.25537844903497275
82208,0.2428457225446347,0.323421330035661,0.21084040385481617
82209,0.3189791733880999,0.40502198294155034,0.27197158113116043
82210,0.41199088742954226,0.2594369929559172,0.4772727818122092
82211,0.2959400713168501,0.43853620958514206,0.248469033148922
82212,0.23797101446894597,0.3718187964746963,0.2548984931441705
82213,0.4575358509851998,0.4518966005258915,0.4431500735147663
82214,0.2876058250189787,0.4461003271229341,0.2513670981765952
82215,0.2660549205233132,0.3232417951840059,0.17220723738433646
82216,0.291082968745367,0.36406888683840855,0.2474086154722955
82217,0.45443936680920455,0.2713094312262755,0.29608215143741046
82218,0.2858830913120777,0.4355652206525915,0.25060885093045415
82219,0.2752244199763119,0.3195075252783425,0.18417537745922788
82220,0.28752706474533785,0.42889392972579754,0.2223556484558046
82221,0.23668177948336167,0.34033594032326164,0.18145683854632302
82222,0.25454232558780554,0.5113260744714568,0.2883342238555307
82223,0.46593659941285703,0.4304005166148017,0.408546099610793
82224,0.28602409395386913,0.43761849150869037,0.24519766322716727
82225,0.2292853151778516,0.3158309458133296,0.19826509646791468
82226,0.45875817599147994,0.42212802372589847,0.41299883734422366
82227,0.27992429655849865,0.43777588533306366,0.23867930310820387
82228,0.23557689248003916,0.3123514352433162,0.20428427956154302
82229,0.33615387521094564,0.19843205083538604,0.31109962870657576
82230,0.45748650119348816,0.41615434706086907,0.3880255327306748
82231,0.2841206149354511,0.4251706959532979,0.2323554716864302
82232,0.250949465889759,0.3144048092408465,0.2346074771823016
82233,0.39386777686855345,0.15938872147673672,0.27361656355538794
82234,0.2859418443010163,0.43564271424807804,0.23866993230341346
82235,0.24406539652904596,0.3096084920156735,0.18712678382859688
82236,0.3571740088751851,0.24121131755284042,0.3332991159537132
82237,0.40751156680351786,0.3582077374750772,0.3859075111537926
82238,0.2807952365464754,0.4701553843284596,0.25675931718249356
82239,0.24552180450051125,0.30598135167679624,0.18615068227063677
82240,0.43234253307501697,0.3937165131198028,0.34239243423021654
82241,0.2959734470024291,0.4747523979276187,0.24429473041707128
82242,0.24068643124502986,0.3204312943187718,0.222409465097563
82243,0.38035032965102905,0.19261882785719586,0.2022685087590239
82244,0.4334021261235041,0.394669746229146,0.30342677107281063
82245,0.2545749762075744,0.42737695993269537,0.2553522969693043
82246,0.29563277936313387,0.20886611308339728,0.3092558066796043
82247,0.37528393230174956,0.26587494358432295,0.31815265492221756
82248,0.24314390585910928,0.5157228561717191,0.16612120808989944
82249,0.2176406449733415,0.3557631480281053,0.201135123016782
82250,0.07911671995839006,0.7525291879829384,0.8198531475747461
82251,0.1881056556495532,0.41873993084461564,0.29780656541398015
82252,0.2655879328248845,0.40433000707803773,0.33055092254178947
82253,0.43115523781069565,0.4058705274979848,0.3428674470003673
82254,0.25696445324363415,0.4029030453741031,0.22448104246476944
82255,0.2690596612160024,0.2879139639904984,0.15150448482154388
82256,0.19905927016195385,0.6136321978359921,0.0
82257,0.08035069133424767,0.7540756906059088,0.8007942994952475
82258,0.2463900028333929,0.40093386916510276,0.25589772069073363
82259,0.2958706009489033,0.29770177640960094,0.15529652589368834
82260,0.2499497587455392,0.5953576677748912,0.23793368194417114
82261,0.31922723652843943,0.14544073380108916,0.21757604370063408
82262,0.29405848022257963,0.07969847135416708,0.35705741418582004
82263,0.43295167898887216,0.4076603407577157,0.36049386321288374
82264,0.22527073907790532,0.3964629975365915,0.17726381321689405
82265,0.10572491316409348,0.42852117659258326,0.35130626652840125
82266,0.4368241648483116,0.38213314590128605,0.35081843544367236
82267,0.10258311237495621,0.648364318501995,0.2055268871457333
82268,0.20630308545609496,0.5403656820145285,0.26813928980132307
82269,0.3201285613055279,0.3523957521940642,0.37705169503747527
82270,0.2401288329786237,0.4003447596892102,0.185231278729037
82271,0.14997757153362626,0.470271762243598,0.3176033770453915
82272,0.4326365925776956,0.3892588779749926,0.3441022005150782
82273,0.16654533662750748,0.3900091631277444,0.3357597084664047
82274,0.12124019991775092,0.37443769494079715,0.19442092026001118
82275,0.2968212302010903,0.12581039243350675,0.2792536726668209
82276,0.40392181129347154,0.288916326801683,0.355522697745359
82277,0.1666990165918254,0.37632425486321625,0.3360678000794482
82278,0.1298036349865881,0.3791086609462967,0.24469050961055883
82279,0.4426544190287133,0.30707148784613386,0.36700108018593436
82280,0.16386687554944093,0.3846071650366947,0.323584629081577
82281,0.12967519637579028,0.3628517491864945,0.22790938815387646
82282,0.2981911740746806,0.1963129241753145,0.21686533702298
82283,0.45266000999418254,0.3720041760074662,0.31232997566159487
82284,0.8835779048758351,0.0802280768192396,0.8666469415028228
82285,0.1336981900366277,0.3703150631652952,0.25822201826990915
82286,0.3518241787690088,0.10691538071111778,0.5317678056191233
82287,0.20111240729527347,0.38480784388179445,0.3053882435961745
82288,0.12946579963561422,0.3678923740822652,0.23914992410577599
82289,0.35698204770191544,0.45728577469896586,0.330436153419999
82290,0.41993312236542846,0.3834994948240127,0.3733587022734941
82291,0.20420871020481612,0.42142064540862456,0.311727105062151
82292,0.13257821260112887,0.38064711853761507,0.2525239214930367
82293,0.42895606789152585,0.34835504909560067,0.33317823764178434
82294,0.2513563411008548,0.4416167003374018,0.32054778699783854
82295,0.1273119236712799,0.3697391557926267,0.2579551848147469
82296,0.3944020144208849,0.3638942683949853,0.3216590681185009
82297,0.45445645117235905,0.35614772804545775,0.2592951803255484
82298,0.28505445438246896,0.31970074355990163,0.2826824941841017
82299,0.13663659853683024,0.38317270838874234,0.2976582506699914
82300,0.4656389598977401,0.38786990669830407,0.3297576319501417
82301,0.30567951781333613,0.3977567348915863,0.30740746824581544
82302,0.13237325688904075,0.3812015381120675,0.27154641651130057
82303,0.36636131775714864,0.44167738187956407,0.3006849128826106
82304,0.4515841935981905,0.3649822042137856,0.29814356160816596
82305,0.2555361868889301,0.39145496533315494,0.3379274738916197
82306,0.12770691460057915,0.3675530043923595,0.27042312165344395
82307,0.4450213510497349,0.32198130375041106,0.28268367504070174
82308,0.2671270889319472,0.3000088783284669,0.31504679504449534
82309,0.14366307535434214,0.4130573880600565,0.2540497825652197
82310,0.3620012024819943,0.47498425986548964,0.29129599493493213
82311,0.45325760017168654,0.3263769852754046,0.2760887747120966
82312,0.2875176162314977,0.322754967627622,0.2956763529186026
82313,0.15087899827309434,0.43064946564981416,0.22723331289500817
82314,0.45752474841498,0.3306885377728224,0.2893173640793072
82315,0.20515872768272575,0.3107505083250241,0.34189494504821494
82316,0.1406144341926716,0.4120570880775007,0.22637354789282288
82317,0.34883348622639354,0.4217176239702095,0.2803761339011787
82318,0.20515036676760104,0.31976957327514743,0.3529879077242234
82319,0.14270486689860712,0.42014069462496517,0.24496781022932262
82320,0.21344926610722156,0.31407836661034755,0.3591492836970338
82321,0.18625018958275916,0.48588644669031755,0.24902725511670445
82322,0.35245618691419406,0.41170406933816805,0.257193769957744
82323,0.4124958051331709,0.1903794210978299,0.1959490627724948
82324,0.2087538985280425,0.3059118343520075,0.33809201221107965
82325,0.16843102887526726,0.26100034201268907,0.2335392054361957
82326,0.4356930168676733,0.23322071019605523,0.26329846270130713
82327,0.20835608663957514,0.31235311988669634,0.3295472578050861
82328,0.17736842796490576,0.49085088444873326,0.191857037650153
82329,0.3540827134513946,0.41102880238654826,0.26665812753136364
82330,0.4427600973705605,0.2530807991021641,0.2867722769463702
82331,0.21160895844752353,0.3146560617678277,0.35225946918556605
82332,0.1832019675997602,0.484731675223946,0.22863653387636346
82333,0.4504977731147235,0.28063417299870175,0.2908390509607179
82334,0.19949449091456992,0.2932495046192255,0.3038527899125052
82335,0.1960243939215252,0.47087723682661187,0.23486903163810152
82336,0.3712536086787364,0.39341276160422,0.29135718717744025
82337,0.461512565054866,0.3551897504302684,0.31426157399168875
82338,0.21099063591950704,0.31941882364730645,0.3219770079488422
82339,0.1831778365032621,0.48616183431225524,0.22885501135937575
82340,0.46582113268257114,0.32915152416154425,0.32991001948755605
82341,0.2112778072969881,0.31927834501768887,0.37429035799448623
82342,0.19559560812797527,0.46947551039290236,0.22770006178140334
82343,0.3734663735818488,0.3795454305279564,0.275163026970883
82344,0.45318400599194386,0.32209792232888945,0.27537489474638543
82345,0.20556968138900428,0.2970439059794169,0.33634846793510015
82346,0.4417521199444422,0.30736368752139565,0.20647944339481294
82347,0.2046030553723781,0.30855985308225076,0.35564819386145197
82348,0.19461090078270543,0.46233454776782024,0.2359387989950712
82349,0.35808781837919423,0.4041800394367279,0.28266197917717606
82350,0.20455946079053547,0.2956263645262202,0.32908527459398557
82351,0.2001915057413076,0.4678491763019995,0.25012691145405724
82352,0.44506186410188386,0.3287916637072596,0.28652627219617494
82353,0.2018321710618084,0.31296058853738473,0.321857206983722
82354,0.18118059741225317,0.4938522313426036,0.21689884039628382
82355,0.3668713109214491,0.3965030507924664,0.2735141004927078
82356,0.44485154970029156,0.3267512855300904,0.32833058259231307
82357,0.19935917550772783,0.2993156991482542,0.27228760682252723
82358,0.1913319492638938,0.46705818466430704,0.23199723486055654
82359,0.44124412071111996,0.3210556781642159,0.2909122989252591
82360,0.20329850337155178,0.29895126609050915,0.27030446774580824
82361,0.16956992599675286,0.4669632601669076,0.22256058939303314
82362,0.3674704418637999,0.39468745217487605,0.2868728092469513
82363,0.20045837527610103,0.3092020116343792,0.28933613631933647
82364,0.19810698685338712,0.468930098503462,0.24922382443549648
82365,0.4362444747329987,0.24208403158470826,0.4169131889658191
82366,0.20880320300314104,0.31720520224579984,0.27580529519251856
82367,0.18369512564227838,0.4761781906953304,0.23100791784841052
82368,0.3631746082043876,0.4043271878789117,0.2848153535727169
82369,0.45906587579471436,0.3148615194992508,0.3385005252213563
82370,0.21343573909819868,0.30835865852999383,0.23334110459497964
82371,0.1869984121823473,0.48669215317222836,0.25369642759910044
82372,0.4514705395324304,0.32522238571141865,0.3023195479584608
82373,0.21739926603344045,0.30247519623699487,0.24414422929279442
82374,0.1882631761968349,0.4758638156123096,0.21017312059088428
82375,0.3608012412242998,0.4014696545209422,0.28772918694402355
82376,0.4611473131529411,0.3273760819412603,0.31469123679853017
82377,0.208560713806218,0.3202565383534399,0.2606041514169282
82378,0.19462091575420984,0.469960171979226,0.22343666246847854
82379,0.45459774837213596,0.32393566197376156,0.30799349843592905
82380,0.218377334494885,0.3315704313920882,0.29226095651564643
82381,0.1991117694582789,0.4751015316730339,0.2635326314237205
82382,0.36282512648383625,0.39164612078608535,0.2826932222346265
82383,0.4678329184063986,0.3378692098490079,0.3104051540541718
82384,0.3039691328835163,0.4971856248847475,0.2722394684321838
82385,0.4573134370478987,0.3486544342905859,0.33413267396666724
82386,0.21649696694916945,0.3355475993687864,0.2545299180138234
82387,0.16563880043990764,0.4644880033343217,0.231787202931546
82388,0.3605586840524571,0.40465772178619097,0.31894984086193423
82389,0.456625032377658,0.3586189623622176,0.3060640547994524
82390,0.21821525962798252,0.33696575967057174,0.2712339843524629
82391,0.172513953756985,0.4690365060802282,0.2359157606729242
82392,0.4584866388455328,0.3664493910759807,0.27939430444935276
82393,0.23856119538020126,0.36842375873703004,0.25673941055964816
82394,0.35903559268475327,0.39433993431188674,0.294770361288548
82395,0.46526840595207763,0.2661953008703671,0.26298972362395606
82396,0.21187390202625844,0.343132345192866,0.2630870735265622
82397,0.4585022730770668,0.33289624573226,0.251257044031426
82398,0.2052406148026734,0.3018557287997826,0.22870562771835726
82399,0.17494815829021598,0.46331710742416876,0.24803828877038245
82400,0.3719360315560423,0.41558854754848135,0.2887726649264178
82401,0.4556093058106924,0.3287337669837462,0.25712033821051195
82402,0.28807460272362645,0.3025377687054001,0.20757698517499815
82403,0.1823541164261793,0.4873690360062739,0.2370041809167963
82404,0.44747057804022244,0.3508248738127975,0.2453194625649953
82405,0.21075752726150443,0.3047197600679327,0.26532025344317506
82406,0.16889394940766642,0.4727196522163758,0.2322266886063486
82407,0.39296221498813616,0.3997188974832489,0.2289070619973459
82408,0.4203176338279386,0.3169987474805395,0.2334261854186357
82409,0.28179095582873875,0.21530676257925896,0.20956131857515234
82410,0.3766823123500865,0.30729496094758124,0.394515453006335
82411,0.286023414204672,0.3152703033725138,0.21279789230743285
82412,0.19324868339165588,0.46925485649058085,0.24782786815154295
82413,0.3463783454178909,0.3612286812409205,0.3075141002305336
82414,0.2888688216855537,0.31984675744633967,0.24400208288739628
82415,0.42928479460325814,0.34952725146388525,0.2321641517927744
82416,0.17203366563259914,0.4545212061511985,0.23219107278832193
82417,0.3375601856665824,0.33044818385709646,0.33995463922097363
82418,0.2286405957226799,0.30722334641368665,0.29228351953773085
82419,0.13928890059996052,0.3747790243179002,0.2846096394807198
82420,0.42838816009562986,0.2789112297670193,0.28612408912651016
82421,0.28828335370206526,0.3878161356320481,0.2934236460910833
82422,0.1398465668412864,0.39493880784328866,0.2396020210755737
82423,0.36271949345860216,0.37854207068293466,0.26252204420566044
82424,0.46126631457905204,0.3914480892377258,0.35353286776403603
82425,0.27623033549653225,0.39876521742770277,0.2830192918084835
82426,0.17217205123998164,0.43981956403603883,0.2595681166335148
82427,0.37460912261545154,0.26233086647822984,0.3761615953290704
82428,0.2496901851854616,0.28159060349241954,0.23500473508709507
82429,0.18810116930485216,0.37644503347942926,0.28854413115030253
82430,0.3457172213487618,0.3762849579778386,0.30623361862490794
82431,0.19577411026714175,0.29230352579056,0.2187537062842662
82432,0.415094214414122,0.3891093572798857,0.3496758056433234
82433,0.17770789471395276,0.3335767728968831,0.29249477668468055
82434,0.19740947354390492,0.27583610236919437,0.18313746576867826
82435,0.30546630314850287,0.32876697852466896,0.30120339765271226
82436,0.13216551420524436,0.37172648489355997,0.3267683198726665
82437,0.18667210990941807,0.3319479290311486,0.20956094255999166
82438,0.43480766619671735,0.37525550335066327,0.342120161229893
82439,0.18100660427609433,0.3836208579083372,0.29988934296310693
82440,0.18621665528903406,0.259924026795164,0.19262077936501804
82441,0.31118392288693997,0.31317649793386,0.2931843673648854
82442,0.40629322965919423,0.33493927120616945,0.3705427712090887
82443,0.18863037671312483,0.5491465246385089,0.25787493620839425
82444,0.14089871663606487,0.34571920105426696,0.3279619525384031
82445,0.4329472832773974,0.38647488445763784,0.30361207472389584
82446,0.13715361577616772,0.4457299462426429,0.24677829365367865
82447,0.30983416756450444,0.31929718551916475,0.30842436956115193
82448,0.06972429675619236,0.7360366668132563,0.817870863245973
82449,0.1894064010548756,0.38378117407326784,0.24873336758197714
82450,0.08349972012318109,0.7378252767562872,0.8135474155793574
82451,0.14784805324885578,0.4667130390542408,0.30726593233694216
82452,0.18709267073768274,0.38318515412146903,0.2213202674740329
82453,0.3289897038644017,0.2793955475485716,0.2863123839993229
82454,0.08064089892480926,0.7283537303464486,0.7879580037877316
82455,0.19469478183363134,0.4923769306878021,0.2778992581364526
82456,0.06325826748713792,0.7403758955947766,0.7967474975895317
82457,0.19784365201441872,0.46756172113258376,0.2704550280185373
82458,0.2230096440068769,0.4128720772882409,0.21782422215644914
82459,0.29012023995747105,0.31675719024811344,0.2892520525695896
82460,0.07701978998304532,0.7357938031226987,0.7752008994079849
82461,0.17952882952153257,0.4120202665864776,0.30211951634276807
82462,0.21615967539755324,0.4126606029733173,0.19844448527377606
82463,0.3874309598212457,0.28750497383437257,0.3003561171988388
82464,0.2545161099271029,0.47371771746791713,0.32793829738239705
82465,0.2214556693673168,0.41478466323185925,0.2035711815964627
82466,0.26136703018530255,0.4031497940585782,0.27658581764015044
82467,0.43899573695007793,0.34901195687242464,0.26825270695849096
82468,0.22292503789014076,0.5547176746771157,0.22907887557643125
82469,0.20802491283073316,0.4136077163577286,0.18850189239558093
82470,0.35009994961387403,0.26601246549290597,0.2997910889341594
82471,0.27318113920635073,0.4697197836830229,0.2781707157331131
82472,0.20100165349275437,0.3935269391688211,0.19694261312386535
82473,0.2893992073257681,0.2976487960943193,0.2966197369326958
82474,0.3202145269206583,0.2624356581725701,0.2828287197202596
82475,0.26967644297917204,0.4449474465828055,0.2711753170095097
82476,0.1794217010480648,0.32471070107005834,0.29702893859995205
82477,0.08097193678381183,0.7708249651789155,0.7843622172801155
82478,0.28036538581251663,0.45647109491252,0.30826500673126284
82479,0.1866670117904396,0.3314844114382695,0.2920259153535626
82480,0.29551404983670176,0.34116705397778313,0.2887219514659572
82481,0.28203700237979346,0.45250176568461115,0.2993477586099613
82482,0.18065542318255015,0.32431508491954214,0.26846858666260537
82483,0.3308395280128596,0.20932332185872013,0.32013956128004417
82484,0.2866129606833433,0.4585257066072276,0.2809579117400653
82485,0.18345449442649417,0.3204772266362385,0.24991916307779208
82486,0.2695280084128253,0.34075710116829716,0.2827208424493773
82487,0.38302808832159185,0.43168170509563836,0.402862651581851
82488,0.28771340665857786,0.4362386998193997,0.2581799299212518
82489,0.22633923684087479,0.270073796877657,0.241380357316138
82490,0.4495176200890744,0.4524059472948058,0.4386302022880446
82491,0.29121928111769824,0.43731037367251,0.2513039762158328
82492,0.25422320599805937,0.34881970124422557,0.22148233845805665
82493,0.09047259871649928,0.7472849275210334,0.7439550704300899
82494,0.1633420072068766,0.46240733123793776,0.2771126191051258
82495,0.33607472974609315,0.22202226679966236,0.32528003074232353
82496,0.28477865747488657,0.43568163294820705,0.23402081748366058
82497,0.1966355337663587,0.4159485111441974,0.33170378079948626
82498,0.07506002773110489,0.7834497514306543,0.7793889478176468
82499,0.36889886682665,0.3912805531725945,0.46867570637532097
82500,0.28875376280478615,0.4371964023907719,0.2684631090934391
82501,0.2731898853126872,0.2661475463876116,0.24986726242339727
82502,0.3366030987970227,0.22799384625558589,0.3465945768710692
82503,0.299253758019635,0.4232616511988254,0.29917156170807613
82504,0.26316462693711423,0.26742931933655967,0.2649490504315928
82505,0.06051149727933641,0.791461709063747,0.8247564866671109
82506,0.08032292357954489,0.7699651782064544,0.7819111730175712
82507,0.28472142259248817,0.4495411940366357,0.25258615411457086
82508,0.24415417177419124,0.28061086303519694,0.24631671814440964
82509,0.293522135447737,0.24300640821581315,0.3817163363259408
82510,0.2863391350484325,0.4522788082903209,0.27931962424728946
82511,0.26595026180526166,0.26664111251751604,0.22435515343395804
82512,0.30929347239480026,0.5322616190831623,0.3305699641185209
82513,0.32655384527479103,0.28387625199354655,0.3877882375900717
82514,0.30139612356423123,0.5148067539776934,0.2929094559211031
82515,0.2512909265697843,0.32402838612062373,0.21424579994445456
82516,0.2699430859308997,0.22249214478081342,0.3813816405840582
82517,0.2955670929323845,0.5006636570942435,0.26943531477521915
82518,0.23119377902371527,0.3856977481522352,0.2652047127509496
82519,0.2721121656189433,0.26531450742636997,0.3586043574563367
82520,0.25892278802226065,0.4456348498428577,0.25352407957150025
82521,0.23721352462197032,0.4209322363502919,0.303008830221736
82522,0.3298028878289289,0.5096151644067756,0.29762277849820595
82523,0.2630702777485525,0.3865209542970131,0.23263187662863152
82524,0.7335335564804557,0.6038672484341916,0.663148381531041
82525,0.31954273078913425,0.5275316561788805,0.2526371083937298
82526,0.2540609951813175,0.4137659353135534,0.25755532120938784
82527,0.26270735965220454,0.24856990859825523,0.3569974545548077
82528,0.3186499028770099,0.5319758485571268,0.2756200965035305
82529,0.4345857507421608,0.47480111506373424,0.7426705688421569
82530,0.3119067228665554,0.5266284810442615,0.26713773434067545
82531,0.17700294947991527,0.4061438866717706,0.3848797391979125
82532,0.28399966489497497,0.2774401579109067,0.35321845149149245
82533,0.29044257702675036,0.379564924258498,0.24876223625155913
82534,0.2105987378490547,0.3981514915301739,0.2911607203122173
82535,0.3193940469814152,0.31358920118151773,0.3518211791544766
82536,0.3271960269996268,0.4520966949028798,0.28703355678435616
82537,0.22036548760495892,0.40716402418963954,0.3011248696325864
82538,0.07344286473909489,0.7629045283759848,0.7921312143856607
82539,0.30170475235803507,0.4081764604806278,0.2787582557930923
82540,0.2688599962184986,0.4041848183230512,0.25425654231735456
82541,0.06330818940109052,0.061194898554321135,0.81248548116742
82542,0.3407735187295644,0.3564256942031812,0.43649749499544943
82543,0.3073104174037048,0.4129652140008287,0.28872148039078405
82544,0.25355310923952806,0.4010157290811868,0.26726094901646774
82545,0.32784910736992323,0.3383027476658159,0.3543164749090745
82546,0.3066124962447043,0.4328003083000527,0.28194038179075354
82547,0.23845764691917176,0.3723641396031823,0.2664878982858204
82548,0.2983672970916571,0.46816348262406593,0.35684594156950855
82549,0.3172855782634492,0.3688228816962151,0.3495766643875923
82550,0.2854218135069049,0.3937356286650958,0.26251301984180464
82551,0.2645046618460308,0.41220093599387847,0.29683847847129846
82552,0.3423505821835204,0.30622277138731374,0.3695763361981802
82553,0.2968824302871386,0.4168857573316679,0.257202961204733
82554,0.26572818774255913,0.44451267106882025,0.28402109970627554
82555,0.08476397432577087,0.11030546766007507,0.7750076022660686
82556,0.3177089940383418,0.3462786057979056,0.426633020323104
82557,0.2726664557725901,0.34663279347346115,0.27377401482084457
82558,0.29488186042506376,0.4148258854239571,0.40498663025285153
82559,0.3284357535853534,0.498119570546412,0.5155421853014204
82560,0.29290868445563334,0.4072956670366306,0.27203042195863647
82561,0.25868689239254977,0.45930937520328796,0.2485724901292218
82562,0.0841107693347883,0.08888482311096241,0.7902523891496323
82563,0.3017362474041688,0.4205618554700007,0.532776489524488
82564,0.28638644559255283,0.39679659130633677,0.2536010655069785
82565,0.2565153882657032,0.3392363495227089,0.29681250385098673
82566,0.2930029656692753,0.44393586980374594,0.5556218694202941
82567,0.3025254135637308,0.41061049512111586,0.2969677579758899
82568,0.2565713542829336,0.3491942421622514,0.3015768546428138
82569,0.25114638923216775,0.4204288030234466,0.5254747651916294
82570,0.28686528358531815,0.418651332355011,0.5819234285768751
82571,0.30195576107822886,0.40389004011200347,0.2730150518520259
82572,0.2506279671778229,0.3458730536894942,0.31356780489582214
82573,0.27630372575151585,0.37324775224630535,0.5875849156304787
82574,0.27591495452737025,0.3538201353622129,0.265655581334141
82575,0.25549417838854743,0.3046726931947202,0.3342034873386654
82576,0.3782794057470512,0.07779988685986627,0.5131342349112213
82577,0.26798833116471155,0.36143183548037483,0.6016516681401392
82578,0.24009427906110287,0.47188991378094014,0.23090979056614636
82579,0.2627570946351279,0.38188856318687114,0.6186811835219983
82580,0.2917527029709931,0.3882576497195539,0.3040468095105168
82581,0.251084418763696,0.37137064695510136,0.2766060907721553
82582,0.5754214008141736,0.4335904404258164,0.6580507989215243
82583,0.23482402492760396,0.3439634588473875,0.6428609693998693
82584,0.2729294280786533,0.3506832606274341,0.23967497646652083
82585,0.27013427672174606,0.4218326610467393,0.2780226486732681
82586,0.2288820879541138,0.35546922932898634,0.6477673842117504
82587,0.27176399808017304,0.3527958378066094,0.26192697592080033
82588,0.2475213547387904,0.39727399861198276,0.28572245423625103
82589,0.6707135827787626,0.4621637799378372,0.6881878817124241
82590,0.2158289320965361,0.24890859067861804,0.5875785951958681
82591,0.26111561361559055,0.2521564112131462,0.2103647489014696
82592,0.2398259367363823,0.38733106147999863,0.2783421828712639
82593,0.2153516348686176,0.22801801573101937,0.5715430104054295
82594,0.25079833498493037,0.38641162437968973,0.3078584498447995
82595,0.2774823428844204,0.3907789076305608,0.5133019123235395
82596,0.27280469410097985,0.34349980373259986,0.2801924737320879
82597,0.263773319684838,0.4037213694911264,0.28031152108255325
82598,0.2138517002902294,0.3427522346375425,0.6628453386608851
82599,0.2752706429217168,0.3491113164513759,0.28185355714397875
82600,0.2650290430350038,0.41160711639261705,0.27282959062576717
82601,0.275424968647772,0.38889908628166225,0.5235152783663048
82602,0.22425374364577177,0.34851980034208313,0.6290139111413816
82603,0.2756470427104746,0.34762216046428457,0.2934115755819371
82604,0.22718643092356514,0.48142447960538703,0.20720254167321106
82605,0.2614809108341285,0.43289141656448893,0.6216442505862372
82606,0.26781404347056725,0.25315633301045337,0.21972621246130805
82607,0.26027539829132407,0.40470038795832897,0.24833961844786825
82608,0.28488889013635454,0.3890527326340267,0.5294795209975822
82609,0.2536753734617853,0.4267410930078846,0.621286993934715
82610,0.2841425028595987,0.373711166697753,0.24675269927341706
82611,0.25366461076616403,0.2588322059824462,0.2249739476417225
82612,0.22588613868437415,0.3500741073333657,0.6421225263230047
82613,0.28317304455465114,0.36656102448527295,0.27488557055932095
82614,0.2918025059288362,0.3889210210260813,0.5267690009248451
82615,0.2548282281001186,0.4359372174153086,0.6286724724759437
82616,0.24985855906159082,0.4079035138725677,0.2037260364693133
82617,0.2311516119151866,0.3751870174401889,0.6506523753190341
82618,0.25285790707731615,0.28625424645628705,0.2786834224387867
82619,0.28647748666835515,0.4206862784167912,0.5276398013382624
82620,0.2399477477925081,0.3754202889776228,0.655669211841466
82621,0.2878151877716949,0.3807280501808161,0.26026296518863473
82622,0.25133560875034233,0.3760458073788128,0.2861909025844257
82623,0.247330594455769,0.3742814356721696,0.6476303287981342
82624,0.295458627618829,0.3937595918576664,0.2653340899561095
82625,0.2888986626753077,0.42836199498339833,0.2764325962151818
82626,0.2938822439140702,0.41879273925751154,0.5310413612282842
82627,0.2547705627098954,0.3640794072644151,0.6580464726347319
82628,0.30043792643764955,0.4268160768285395,0.27035022118605967
82629,0.3093186004567875,0.44632077474239273,0.30423929969854907
82630,0.2698442050810238,0.36257928390511435,0.6601927502722265
82631,0.29967180377587027,0.401990174944929,0.27922066043691507
82632,0.30441146834439564,0.4291364152311066,0.3350742962018616
82633,0.3265102053763353,0.4446653891483017,0.5241657085462381
82634,0.29505435811298897,0.3938467119867538,0.6438729487190017
82635,0.30591020203253566,0.40892365139043657,0.28429098881272935
82636,0.2860014809639112,0.3904787660650783,0.31527795564562344
82637,0.29156001673191323,0.3658930118143309,0.6603697900395561
82638,0.288601702909388,0.43932661675472295,0.2417711722645269
82639,0.2863120357137736,0.3787812556624377,0.32068855186438794
82640,0.33528091863368403,0.4412906702726286,0.5460052774615025
82641,0.2826379913032831,0.22653473880552,0.21868170994322322
82642,0.3340688125236675,0.41746083957288493,0.28955419870696075
82643,0.31897649970792447,0.3684632275247934,0.6678936759590237
82644,0.3388313166652165,0.419974602539874,0.36264886102219407
82645,0.3291053971777533,0.4642932723117682,0.3212960360431064
82646,0.35538896482521376,0.44776052598382554,0.5626239307945534
82647,0.33188525417772513,0.36924383625838775,0.6632400785315691
82648,0.4244215969473076,0.5546588153002423,0.3147449985167258
82649,0.3305214507052156,0.4608045477738797,0.3054657069441601
82650,0.3523267626670604,0.39974932420552284,0.6441235353618008
82651,0.46501263898750406,0.5175686408482432,0.29623915255409944
82652,0.3769875197395981,0.4901964176857866,0.5176937694000586
82653,0.37015572309214434,0.40798623330058037,0.60085762551817
82654,0.40406161304501476,0.6200752367750154,0.2888912079307056
82655,0.3234514699390873,0.4672165755225176,0.2791436496802113
82656,0.3909711842731277,0.441776191370881,0.6108492186641555
82657,0.4897318544909949,0.5150298488938921,0.3390982583552343
82658,0.3621129079333894,0.48560081368619057,0.29947572206149053
82659,0.4134646290055344,0.4604516321759785,0.5415797902649963
82660,0.39840011793195407,0.43726598847651493,0.6148652295755916
82661,0.4861334435078385,0.5218297915661654,0.3279675462920292
82662,0.3586892151522021,0.40462674497628276,0.2708220589517921
82663,0.46539112334046634,0.4628696455141167,0.32899860098700856
82664,0.4339105785229576,0.4140806885818228,0.3756899793700338
82665,0.4443920392430315,0.4762342308730779,0.5224020706960553
82666,0.40903434095492963,0.42492910434039466,0.6056598714558796
82667,0.44948009793339283,0.5290463568604911,0.2881008451874436
82668,0.42823743704031947,0.43333702192877505,0.6511789317404215
82669,0.4827102718677023,0.49939041050362754,0.30679761812900735
82670,0.5023313683927143,0.5336619015368318,0.2974209153929385
82671,0.45488904356141296,0.5046369056965472,0.5234245615401284
82672,0.46588140377805004,0.4720269199823661,0.6346865857022372
82673,0.4793598333916592,0.5970923691297575,0.38923097818730135
82674,0.5056528495529597,0.5176128197613756,0.2548005792188234
82675,0.4867211546636776,0.4750417784037545,0.6317970655134679
82676,0.5150991428790301,0.5504170207909531,0.28098734812916654
82677,0.5078081983072211,0.5010395732313553,0.535227483088359
82678,0.5016936276959664,0.47576483421860694,0.6508083244382511
82679,0.42164210248024087,0.5845486520431284,0.29743349922615236
82680,0.5104349757879992,0.5508734560055403,0.27509875187935756
82681,0.49353568568152417,0.4959663556432503,0.26952674719204556
82682,0.5392408887812519,0.5245143567436147,0.29686813719520677
82683,0.5188768263837763,0.5189521112485886,0.5184970053814614
82684,0.5171176354616024,0.44370187627629193,0.6467323538958027
82685,0.5481652706737654,0.49018582849882586,0.3221642930730774
82686,0.5225319737665866,0.5638972620750327,0.27524171051975166
82687,0.5541737550936546,0.48098942904758457,0.6608597420187867
82688,0.6256776607385296,0.5226835963356032,0.3718449919833568
82689,0.5183626187744537,0.5674265555759531,0.27136048916091093
82690,0.5869898258170723,0.5153289934255373,0.5288933260367803
82691,0.5728060431199073,0.4850604557268907,0.6552332370497929
82692,0.630991939961696,0.47973601999228177,0.3737488454644612
82693,0.5001718051934306,0.4984579775829576,0.26404335718435523
82694,0.587673789459225,0.4969765572032241,0.6549399959231507
82695,0.6557479525550581,0.5124539260242235,0.31931362496765003
82696,0.5210026287062691,0.5269876882694804,0.23947957110477108
82697,0.5654792531071031,0.545102005307082,0.4700450268437646
82698,0.596482523355,0.4830612997418192,0.6795580887316689
82699,0.6469586594863211,0.49002193676427197,0.2529465266220593
82700,0.549161873629985,0.4847362134469291,0.253525011159623
82701,0.6534924087691397,0.507474910943498,0.3193497012986262
82702,0.5947042088220802,0.45121067562635647,0.2917203290999603
82703,0.6311437959323349,0.5703098399113048,0.5120782153445078
82704,0.5963897602478981,0.5222980536648907,0.6649505503729682
82705,0.6469377685276626,0.5024581804793434,0.31415150294696176
82706,0.6460710429847081,0.5128345522867042,0.3598422331643479
82707,0.6305173390722595,0.49143126128343084,0.6643026889258178
82708,0.630009611738616,0.4816909970642209,0.3605745332519586
82709,0.759361624190919,0.19909219037706172,0.5730742455369873
82710,0.6752235827518842,0.5809792709058558,0.5317460220891417
82711,0.6485148772982318,0.4879276156184612,0.6635653274206512
82712,0.6132925397335852,0.5198939644199966,0.3080769252153671
82713,0.6703275758680187,0.4896193413768952,0.3268485843223546
82714,0.6721107392785446,0.5016669825587882,0.6447443237173835
82715,0.5749068759885589,0.526065775774817,0.406922956234235
82716,0.7231760366973254,0.5277453652248186,0.37197768731106506
82717,0.8007300727295671,0.5447409415360974,0.5802041351663134
82718,0.7008876949559997,0.5140845920552467,0.642576989230892
82719,0.6491831160756242,0.5575040060669166,0.36021062662444886
82720,0.7671964134370454,0.20745821535404002,0.5727029622525055
82721,0.6968604528626802,0.49996490827673334,0.6696666423651025
82722,0.6329976985759755,0.4581316031977058,0.34093620778587636
82723,0.7246913336075688,0.5389082935883198,0.36444617969103754
82724,0.8345216741840933,0.5241596189804248,0.6438541226116319
82725,0.7177867584794089,0.5035148988248954,0.6671430652005557
82726,0.2447997975616258,0.3325185074298596,0.5160913026324475
82727,0.1737796014454289,0.3000159607067589,0.6444975563746433
82728,0.24933725940231144,0.3411762679456582,0.2526884682622756
82729,0.2024981666668503,0.36297496881658486,0.31144023506879287
82730,0.17325224068914175,0.298621007227047,0.6377501713361666
82731,0.2504169730270336,0.3372112018969153,0.24181345284565403
82732,0.20002508047954348,0.363800100268083,0.32446381167565436
82733,0.23927343658895467,0.324354209902534,0.5086513737160434
82734,0.17644539653012223,0.2882632352578221,0.6478969024225956
82735,0.24705658755440568,0.3371824941984986,0.24773493537085217
82736,0.1995584779723265,0.3633404676691214,0.32103513644517057
82737,0.17175283858095797,0.29888872800258104,0.6335970712119987
82738,0.234170128858271,0.32130466157970544,0.2412570222309965
82739,0.2041810444124929,0.36982001867487346,0.3392152920177677
82740,0.23856074221406987,0.323788341629192,0.5050520552008507
82741,0.1762493568616698,0.3026785911397892,0.6404206732560747
82742,0.26378480744626953,0.3663111127969005,0.26812495950443466
82743,0.2082870241211467,0.3628212537032662,0.31743257321488366
82744,0.17867307059895837,0.29358467989091946,0.6418586566277886
82745,0.24487060476966022,0.3615673289408062,0.22140578768619132
82746,0.2326298624941863,0.31955641431684373,0.4820194113052566
82747,0.173632073211345,0.29877664764708584,0.6414229184299243
82748,0.23338762424084084,0.3153754388716255,0.2172954096440977
82749,0.19571109751656776,0.3618615570642196,0.29918192324944154
82750,0.17884371030574467,0.3012777585984854,0.6421843111062575
82751,0.2361050576062096,0.29934213773517926,0.25353556070856875
82752,0.19677501830160987,0.35973694671804335,0.3098428128191798
82753,0.21962456098008665,0.35720032073375224,0.443317548132391
82754,0.17268173851714338,0.2990580174720467,0.6312464441217981
82755,0.2399816672774449,0.3193777733575944,0.25819705128573023
82756,0.18972039986733677,0.36340665008762696,0.3079219034593834
82758,0.23886307199864693,0.3232540346338698,0.23226771228286563
82757,0.17525898493975714,0.312204664986381,0.6360946230575606
82759,0.21685043653167727,0.3521034837578482,0.3058790468906284
82760,0.21529018554119703,0.3871580589190012,0.4708215446243132
82761,0.17448253009018158,0.32135327557438953,0.6413377446587004
82762,0.24675711271645656,0.336459610286032,0.24626385632766593
82763,0.20529311409899847,0.3463596749630153,0.3350849006743701
82764,0.17296220303587945,0.3229270419157365,0.6299298671731937
82765,0.2541075580013209,0.3561600362562759,0.21658439877440352
82766,0.19538848854760962,0.35611070027157177,0.250438247782195
82767,0.2287426260771692,0.3525475420006627,0.5012228689007003
82768,0.17762075086688062,0.32334889037031495,0.6228892748071904
82769,0.24689727700090486,0.3391886294204306,0.23237169948679087
82770,0.23078490988164127,0.36707019935180163,0.27791857063421976
82771,0.185700091215828,0.3311261324859336,0.6426424581177415
82772,0.24201053736442696,0.33369132864673273,0.20834038044892866
82773,0.24424732007250466,0.3875942440325494,0.3028824743406409
82774,0.2404479752266765,0.3544640473186758,0.48976476592946405
82775,0.19050102384532144,0.32265828972588817,0.6348424672232231
82776,0.23113353058654293,0.3240269077601064,0.23106930971694495
82777,0.2479898152271462,0.38448618013761876,0.29985176679637754
82778,0.21094645222169356,0.372984432171846,0.5647103163992666
82779,0.25844648775983126,0.3628973376991898,0.23080814395097402
82780,0.28397927241906107,0.34506029920976855,0.2752953650313776
82781,0.25613606555539775,0.41036660001624387,0.4911707753378534
82782,0.1933731228113439,0.22828955273951657,0.5499420970451698
82783,0.24726275548589538,0.3379229121543096,0.23121582465802987
82784,0.2631396121666598,0.4080227453673091,0.2943051629365794
82785,0.2235233757917616,0.30296329587103316,0.6289055173777646
82786,0.24851965706800283,0.16129090732601853,0.20685264055421357
82787,0.272953264617166,0.43409710551751346,0.2618855339802281
82788,0.27629955662310673,0.40273234630507443,0.5192476330394872
82789,0.252533870635044,0.35586873047341994,0.5836342384094299
82790,0.2651868128236578,0.36997555595348086,0.2711634445420563
82791,0.2727092799720093,0.4087148587527303,0.2972492222232024
82792,0.24013998086545657,0.30692657413496455,0.620428834390519
82793,0.2182550022977081,0.2907225051685353,0.22351165425613845
82794,0.29750220294677565,0.3949215144632844,0.5124127589903704
82795,0.25177998345881314,0.31438645006605065,0.6313475034773375
82796,0.22600493618572595,0.33396228118711846,0.257367464668855
82797,0.2803911256487813,0.4413264947298145,0.3357618969591375
82798,0.2539785416037055,0.3173785829920458,0.6100261764010316
82799,0.2636583514372967,0.39049757218607706,0.266646119867448
82800,0.2758902796315144,0.4192702153241118,0.29518829157739895
82801,0.3099190908975326,0.37416749877090866,0.4978114734680492
82802,0.2934922717996764,0.37239924207034814,0.6353864639882423
82803,0.07569695839339284,0.7687492094907633,0.7359529270253773
82804,0.29899817232151393,0.374553247724484,0.6269661241266435
82805,0.09801550365737782,0.7571889803333657,0.7376415308390059
82806,0.282661555942117,0.4285254397717493,0.33683361621503105
82807,0.3034680444336983,0.3996996444160473,0.488459815876614
82808,0.30261001968046697,0.380286226669016,0.6462173567719385
82809,0.400088207088108,0.44262384203490956,0.3441310227108763
82810,0.25899987158121524,0.38322572308450104,0.2653513919346117
82811,0.29812977006387315,0.3500970047311447,0.6557808503201774
82812,0.40533201897783855,0.4417800076038441,0.36080090282845534
82813,0.26250375210935734,0.39181692299654547,0.27623044713771006
82814,0.33077581285478186,0.4315195323849418,0.5401702657485881
82815,0.30689780964104657,0.35954046229115527,0.6825675619815786
82816,0.41840133020800135,0.4526592970308929,0.3769617048922834
82817,0.26902562843953276,0.3842189750692419,0.2999268409693816
82818,0.30791346823309246,0.37638462698108416,0.6588036404216197
82819,0.40429531081898823,0.4410275564810321,0.34038884378396916
82820,0.30155087979811135,0.3568827138858797,0.2891991770219552
82821,0.3634634562965549,0.44935509251384576,0.5584272974095379
82822,0.32101787718013375,0.38140967752070787,0.6480754969492412
82823,0.39585087717626205,0.43544134779343535,0.3202650616210265
82824,0.3178944069610125,0.32597903125244243,0.3037636912189864
82825,0.3287147679724689,0.3986436480605154,0.6367782101698631
82826,0.383997093460408,0.4054407371531857,0.30159914515952896
82827,0.3151244289827056,0.39113075743367043,0.2902344914617181
82828,0.383287208715538,0.44614760027900957,0.5683970225277527
82829,0.3509240775404751,0.42328176377795573,0.639527058439651
82830,0.39715200777279613,0.4252962190753571,0.3245476799560395
82831,0.38359599611748785,0.44660279779641937,0.3168181940165899
82832,0.37382854395408,0.44551341799757893,0.6006013268248405
82833,0.4049871595518277,0.42234132020611076,0.33226762187023146
82834,0.42339753212352377,0.49956973907241986,0.36124960298713876
82835,0.38715665836189694,0.4519467616420471,0.5389345193848575
82836,0.38736375528395606,0.43944045051455255,0.583939681016791
82837,0.415397654455721,0.45271379008716894,0.34070976638625905
82838,0.4339564389354574,0.506659990493712,0.3262681014120831
82839,0.4076667762035293,0.44070946830647956,0.6039465266896574
82840,0.4072431111872644,0.46224051716282655,0.35319924514407264
82841,0.4105521302788958,0.47701411761665224,0.49857491099087414
82842,0.4199052073317329,0.4912558520890331,0.34875539657803556
82843,0.44895510497014235,0.5130891053394911,0.32295914264893066
82844,0.42304338279181875,0.43595798322350465,0.598317588184343
82845,0.38009741763308336,0.4060694529387501,0.37726153684646074
82846,0.45058537012792704,0.5189422440516477,0.3438292008337701
82847,0.45725837736293107,0.5442454500994728,0.48494168283700856
82848,0.4295503499562705,0.43220882657123705,0.6041062275107023
82849,0.4252361177519225,0.47599965287751234,0.26707720329336554
82850,0.45035692908107805,0.5192731217636986,0.3122411346863322
82851,0.45001161648893573,0.4653324222334987,0.610152652691476
82852,0.48392801989605516,0.5634753448595,0.2772096072515732
82853,0.45232661567129656,0.5223468739424376,0.3073111154171184
82854,0.496616082459854,0.5144398111451166,0.48028585466792656
82855,0.45294908466941547,0.43329253359134845,0.6077159392539312
82856,0.5306873780506929,0.552694383597088,0.3141621919172592
82857,0.448221791536278,0.5151496304762678,0.2995576933665146
82858,0.4682640153472188,0.45117622638825644,0.6082211684333971
82859,0.5306791757437141,0.49893744771723236,0.3276171086120721
82860,0.45505993250957144,0.5178488073565041,0.3009458209303254
82861,0.4971208642136431,0.5548012879975343,0.5214966599882994
82862,0.5472395429004999,0.4972600586177679,0.3601876094267491
82863,0.4851339856049909,0.44339991254552075,0.6463112169158625
82864,0.5774794094834059,0.5290639252843127,0.4447459832539578
82865,0.45217720679776735,0.5138270135204707,0.2969288932178796
82866,0.5200515236296441,0.5543217491023053,0.4932103322679514
82867,0.5213105550925692,0.5127090635451221,0.6721957287854867
82868,0.5791897944132258,0.5285542003301497,0.36499907407322907
82869,0.4228059237389546,0.34736702294338584,0.3166223239170011
82870,0.5170821525535123,0.4833419475767602,0.624138152127318
82871,0.5848645672939371,0.5161773316991088,0.45859359919785236
82872,0.46612842463628723,0.41542812824211917,0.308483591948956
82873,0.5187352119677076,0.5042469623247602,0.48781584132775363
82874,0.5580819957608631,0.5401794773503071,0.6518919578823812
82875,0.5616895153832611,0.5590693491913628,0.416834944013286
82876,0.4943802514006522,0.43977786051726103,0.2678046389488908
82877,0.5555785701010577,0.5356517060321195,0.6309741922459218
82878,0.5847060497811662,0.502661369099275,0.4667073810812763
82879,0.5066269754690609,0.6195666119961211,0.25374078048850063
82880,0.5291503291661412,0.5380225149751366,0.5562241020614318
82881,0.5690967877010055,0.5473974522441957,0.6418200918369288
82882,0.5652774582287817,0.4743839423540477,0.4167947568648792
82883,0.4917633982581523,0.4935102831169118,0.22392876491643693
82884,0.5492590324485616,0.5390282126926043,0.6123892077666446
82885,0.5616984427560501,0.47146658696584454,0.3711603063997983
82886,0.49598087949344205,0.5029836860725163,0.2327118664605056
82887,0.5173314392424065,0.6135335946275381,0.5222470510525163
82888,0.5812877270186363,0.5206162638643518,0.4401700730936293
82889,0.5270937706285295,0.5275903092728912,0.21770129477313915
82890,0.5289507094852506,0.6499980100150071,0.5495626681738368
82891,0.5887974601986949,0.5186235370285066,0.4459436042153311
82892,0.5572685625549636,0.5101564506389584,0.24772880294382188
82893,0.5022419133983719,0.5730347677689231,0.5106919277200506
82894,0.568276330420069,0.49433751177751595,0.33590025363870296
82895,0.5567215457177261,0.5321797591670783,0.26540231452709984
82896,0.5927711380552806,0.5238552829967306,0.5089260591282404
82897,0.6089061181645019,0.5062682249566361,0.412937196207212
82898,0.5523519366121186,0.5328480812623145,0.27984867124100515
82899,0.5295578161515144,0.5368908471894069,0.5223966966366804
82900,0.6302602579259047,0.4699997439084208,0.42715707560993965
82901,0.5861775708431144,0.5219639785684655,0.41624602822368106
82902,0.5544592044398363,0.5249718921334706,0.28346134199117956
82903,0.5173655626521025,0.5514568239417494,0.5087652936350553
82904,0.5743650705618327,0.49760630440310294,0.4414894384692678
82905,0.5239782987916277,0.47373652358891594,0.28836789939307944
82906,0.64520989138517,0.47605060474464245,0.45673461404266047
82907,0.4918080804387105,0.491909424959574,0.21275665316155407
82908,0.5102650838053298,0.5487605694020706,0.539852858254317
82909,0.5643777875080729,0.47874881897151855,0.3203666364130783
82910,0.4920259173980841,0.48170756845420515,0.24031374172669476
82911,0.5491732480998837,0.5855549686091847,0.47131053332875017
82912,0.6230436779162619,0.6768716474978961,0.5557039674720016
82913,0.5656505045881669,0.4902106855838022,0.3089184239080342
82914,0.4957428766412201,0.49939474244374793,0.22879034097663153
82915,0.26198274700806334,0.610699543135459,0.46242256580375163
82916,0.5611857305949611,0.49287981392701297,0.3204917184900056
82917,0.5392927763032995,0.526194083715525,0.2531779174796622
82918,0.5364874060501287,0.6241209250426651,0.47753795277337463
82919,0.5205294779484532,0.6113993921282381,0.5041892820773801
82920,0.5151912262369346,0.5874080763273409,0.3344993563465427
82921,0.5374541906749009,0.5270968119039411,0.2626946700197417
82922,0.5451900990711513,0.6097026468201407,0.4975091741784356
82923,0.5392660848181589,0.5202155594032181,0.36164661584834445
82924,0.533625571296983,0.5254399135688557,0.27442835434379304
82925,0.5395732408220355,0.6462715788581329,0.48112824692471146
82926,0.527508055105874,0.6243653702351715,0.4947040841803476
82927,0.5500313634863412,0.5240947774005279,0.3651727930774544
82928,0.5336424290770718,0.5340195272601019,0.2667260817094295
82929,0.5306516685595368,0.6335999663965216,0.5251545692703241
82930,0.5065450430325001,0.5806334033057696,0.43074518971832254
82931,0.5282069279137505,0.5235681028711322,0.2679813518153995
82932,0.5275601692109873,0.6456294203060043,0.466646948262646
82933,0.5478875704684311,0.6217126413795594,0.5302340862525714
82934,0.5016758182670017,0.5746911503968515,0.4120944575094926
82935,0.535064555030695,0.5278611930523226,0.27209770437928044
82936,0.5373720769718874,0.6664955507343525,0.5063732457287298
82937,0.5388450481654562,0.5607473227589385,0.36275220181803414
82938,0.5321817386856645,0.5232803726578992,0.28733627750669194
82939,0.5265011652784711,0.6453461939352777,0.4857333764204459
82940,0.5476116829276223,0.6232596253292096,0.5108485359220212
82941,0.5657671042337814,0.5376799479008563,0.4157548932754057
82942,0.5327208704322154,0.6389739787791747,0.5127172214233802
82943,0.5149336919244484,0.5802394030376793,0.33912154594585864
82944,0.5286265597514457,0.5251648697516895,0.2516887664718722
82945,0.5330047790135501,0.6604896251817605,0.5118715168532699
82946,0.5346087605357125,0.6376759094840595,0.505133004082629
82947,0.7327392922019154,0.5595630528431758,0.5823912759345261
82948,0.5283465937154541,0.5255747194197441,0.27023892017039286
82949,0.5112753270621051,0.6711499109693907,0.5267924913101629
82950,0.5223554202417852,0.5602157318213108,0.3407695950456986
82951,0.5275839151162737,0.5226150416641746,0.27999712435012325
82952,0.5402188666094702,0.6102931658955965,0.46266825157479374
82953,0.5094264092459101,0.6862443156554635,0.5126176661284834
82954,0.522845111563398,0.5697224838397468,0.33289069166611485
82955,0.5334858148620528,0.5362649162224913,0.26941597349539265
82956,0.5257268856263263,0.6653168504558874,0.5288690920709201
82957,0.5328632099140945,0.5707386332222667,0.29289022844923607
82958,0.5258948743112438,0.5195918287868396,0.26177832424187825
82959,0.5392151942616004,0.6007446759779055,0.48995057656728275
82960,0.5074524628940562,0.68417110412262,0.5323752602236156
82961,0.5375029966672549,0.570618645357028,0.29272288057829476
82962,0.5258410381748311,0.518013455461555,0.26810898044444015
82963,0.5039360749806868,0.6890487999371971,0.5336213998153825
82964,0.5454081172969777,0.5610336433726084,0.3041976190517232
82965,0.5333570250475033,0.5253738686722587,0.2603795351695514
82966,0.5503922196767912,0.6246967980348566,0.4814960826994056
82967,0.5036156412091596,0.6809284750401411,0.5323026090247086
82968,0.5415648153364017,0.5715826051752408,0.30073349699879065
82969,0.5363193267319849,0.5268811775512829,0.278889189870013
82970,0.5062020415876282,0.6854453133665961,0.5277970179243132
82971,0.541805129335894,0.5729235813058338,0.29094322405977874
82972,0.5359550717955492,0.5170159059171711,0.27838882617885485
82973,0.5451650389840839,0.6231159836956947,0.44653686319128616
82974,0.5122982589705602,0.6793307455062235,0.5382760957140931
82975,0.5367766619918143,0.5645720820804496,0.2768124486316817
82976,0.5343671323544392,0.5224808202813974,0.2677582227291076
82977,0.5056335446757612,0.6759879317133415,0.5391637449866193
82978,0.5444203057637077,0.5550781195995119,0.3038703253161493
82979,0.5363801869434347,0.526792028974044,0.26945895884089044
82980,0.5469472507457338,0.6261443536446015,0.4609086189198053
82981,0.5039930832800196,0.6720478602714836,0.5427852019225072
82982,0.542639770716744,0.5846842486449912,0.27947119532481846
82983,0.4144044049288739,0.5152306308804233,0.3083271780919
82984,0.5020347711596996,0.6830458311056395,0.5628869555118803
82985,0.5496621237224599,0.5630710992092202,0.2993155058039334
82986,0.5308884931798171,0.5242527900734899,0.24597410284726118
82987,0.524912274188485,0.6385159620626389,0.46706811904170176
82988,0.5022713691969142,0.699983785737222,0.573108382643708
82989,0.5519279996961747,0.5797785671220176,0.3116781850672601
82990,0.5333353183898082,0.5187581365965322,0.251245003096506
82991,0.5007454228825824,0.6959766036039755,0.5796777815396194
82992,0.5584101333566245,0.5598901487027406,0.32969478249474854
82993,0.5321166640291926,0.5142464553416488,0.2739655346045823
82994,0.5380737594097788,0.6321762020769616,0.45871566470371544
82995,0.4944483622702047,0.7014937762934637,0.5610724837918877
82996,0.5337498294502184,0.5178101637001923,0.25764316827940836
82997,0.5023298729444806,0.6985986650739738,0.5854067654270063
82998,0.5538221888088987,0.5605470908600416,0.32560305733955736
82999,0.5328712762712338,0.5286816487589289,0.2549893451668093
83000,0.539708964078396,0.6142269800906138,0.45937256741427945
83001,0.49795092861656576,0.7016389994289272,0.5683547060350653
83002,0.5354284927508388,0.5231275858174634,0.25386543162670444
83003,0.4959311218522121,0.7039878736275254,0.5657981409337269
83004,0.5369624147890836,0.560760868666934,0.3086664620637206
83005,0.5311283540131779,0.5174965449876685,0.2346486994286226
83006,0.5349680759613157,0.6311547581009612,0.4737733903821845
83007,0.4978743888569689,0.7088854413578927,0.5654549785133953
83008,0.5413692288340807,0.5525827158073187,0.300456316789376
83009,0.40717463778480684,0.5057337116784509,0.3155682393496536
83010,0.4970220739969935,0.7088117983758464,0.5647597983044539
83011,0.5240405638180848,0.5616337889816647,0.3070887869473764
83012,0.4053562180492564,0.5149172872117169,0.31287110795156975
83013,0.525484985545374,0.6329412364544089,0.4874630123603704
83014,0.4953327159756715,0.7084865590620476,0.5696134188978224
83015,0.5200517048960966,0.5713385725484602,0.3067351404638854
83016,0.5183804735200316,0.47558430233311455,0.28782563905762254
83017,0.49733870117301693,0.7088749896928405,0.5614801349247174
83018,0.514086452525145,0.5534189177724577,0.3017287985668364
83019,0.524915129135113,0.4898147600089917,0.2885924469860027
83020,0.5328423642720491,0.6217680627087182,0.4810065870082351
83021,0.49974514928069835,0.7135002640442132,0.5659052503309525
83022,0.5730079286314551,0.5587331768858316,0.29961089528685864
83023,0.5193996894662091,0.48501913039336153,0.2750656974005573
83024,0.4981938709796202,0.7097902667554147,0.561975528561554
83025,0.5572410553707864,0.5902058907965082,0.315627459625013
83026,0.5290981697444148,0.5073358075329661,0.24831177853886627
83027,0.5309938996219855,0.6064785144343661,0.48157496983513437
83028,0.49794363264184993,0.7093972979016386,0.5635413739874503
83029,0.5711240717065276,0.5541888341776597,0.317425200782801
83030,0.40958688641897045,0.5230491295686168,0.3192314086190381
83031,0.5004011525725425,0.6959170566175591,0.5644387405057016
83032,0.5711898714288098,0.555659355946138,0.3164698349822401
83033,0.5017565271550075,0.51818817704641,0.33744873899386724
83034,0.535036141514255,0.5935361213347548,0.4809169517537567
83035,0.502128032749546,0.7104707939200378,0.5556547897588544
83036,0.7509884735806652,0.5730003185308232,0.5573407572414689
83037,0.4104704697420139,0.5150620634009777,0.3264274642419722
83038,0.5065426412520035,0.6921219332673477,0.558971361772788
83039,0.5332484011258017,0.5522647651546747,0.27327898274212514
83040,0.4169796574205096,0.5059245577070872,0.28003242171710796
83041,0.5358149981443273,0.6288555980723158,0.47333641851660213
83042,0.5040345932976577,0.6969084520565343,0.5542716792512603
83043,0.5489708641055913,0.5872550144430879,0.2749076392693402
83044,0.525464864969139,0.4839810806468997,0.27492442686755236
83045,0.5028053801661799,0.6822378211317599,0.5515320412404641
83046,0.7465988345320489,0.5348849526308148,0.5112901044673204
83047,0.5349574265572273,0.5001400768077908,0.2521613520430366
83048,0.5391044404590813,0.6107850817625978,0.468002174499899
83049,0.508688700100571,0.6813760400916246,0.5439450354726787
83050,0.49867014858374303,0.5712598412557964,0.21833257352921545
83051,0.508009449386185,0.6893256315391747,0.5572556510684763
83052,0.5052732322846689,0.5045549770195088,0.24907936490312688
83053,0.5414116905005948,0.596152269362684,0.4477687733554001
83054,0.5112076240420709,0.6841342482511199,0.5660036733554779
83055,0.5234151945567248,0.44816697198464267,0.26773420581694274
83056,0.5340206415303552,0.49529947752805414,0.28078690933975353
83057,0.4929978228001415,0.509595911339574,0.21716331847558015
83058,0.5318536917231295,0.49153357758341654,0.19430324018939266
83059,0.5280500417990527,0.6297046583359074,0.47797573581773056
83060,0.5142216319821477,0.6926485734162665,0.5535818224030205
83061,0.5092326354081147,0.47135426594700935,0.2600945019468798
83062,0.5404096495507981,0.4897022327072936,0.22055191217989323
83063,0.5183729056456369,0.6837434109869269,0.5614650605191753
83064,0.5066363560079813,0.4630932905179499,0.1998171265053239
83065,0.526177287444345,0.4595862411857427,0.25307598779689694
83066,0.5377020272321748,0.6229650534010248,0.474691729251644
83067,0.5125659895210033,0.6716691249352459,0.5509996713711993
83068,0.49316395350392006,0.49103915194158343,0.21300251637795295
83069,0.5252809248363955,0.4385438420510684,0.2900757053292384
83070,0.5141536570624345,0.6931708816250647,0.5584256750519907
83071,0.5078444515977348,0.46032858444827396,0.24472470797817647
83072,0.5303435155901711,0.46837619463616675,0.25213310865709254
83073,0.5350720322718635,0.6198092006428616,0.4738713064199764
83074,0.515366510896568,0.6930307468002186,0.5685801799349997
83075,0.5354150337167356,0.5178564398224305,0.20986289118378124
83076,0.5251867569142864,0.4675665343993842,0.2488335946342958
83077,0.5051637020307046,0.4621042673318979,0.22653127991538596
83078,0.5292594515705873,0.45788121018265326,0.2807404038691808
83079,0.5398464093660558,0.6165249711830361,0.5065332000431412
83080,0.5086934583449508,0.7045851312765015,0.5749541523447139
83081,0.5035975145639027,0.4565445659921805,0.2462006731060066
83082,0.5319238418402732,0.47226878663908645,0.27450657216461416
83083,0.5125512163051191,0.7040653672230119,0.580401150210942
83084,0.5037014708744505,0.4482394804109431,0.23635963600786075
83085,0.5220172676745193,0.47151815768156313,0.29703935295243555
83086,0.5434105609896768,0.606724747411684,0.46094586554515793
83087,0.5153675984952835,0.7100364309717783,0.5652765867814431
83088,0.5061237797967318,0.4429986923772298,0.2693390842042605
83089,0.530432517418382,0.4693322813251132,0.2771123928094849
83090,0.5173757135734464,0.7051647861211789,0.5763184874436117
83091,0.5098435939864957,0.4519257551705111,0.28289488254520045
83092,0.5250695681527011,0.4786272496043311,0.2808200916214595
83093,0.5288160738276056,0.6322228907649255,0.4533842598127198
83094,0.5196033423256694,0.7023993580614829,0.5572654190128745
83095,0.49892229021926526,0.4840581960571376,0.19546489044202586
83096,0.5275950630031067,0.4730909613695501,0.2781876976762398
83097,0.5221077196343508,0.7134804608893773,0.5669272679874077
83098,0.5151363025018064,0.44253630934009647,0.2518981731172448
83099,0.5208625550550471,0.45837109760150313,0.2725911052545905
83100,0.53911971215771,0.6077695701121435,0.5036887002763044
83101,0.5172026041112439,0.6975374772663929,0.5631105704604585
83102,0.5080444791281438,0.455953324926705,0.2421271508869919
83103,0.5262076495751501,0.47076113395529073,0.3000853081227082
83104,0.5171996585313897,0.6975081163389104,0.5678712096869076
83105,0.503119333662028,0.44911549496861697,0.2535123090295047
83106,0.5217105195201609,0.46968041803669114,0.30706595353236754
83107,0.5393428964774346,0.6091663801376213,0.49424864109810895
83108,0.5208596547918061,0.6804890925422182,0.5582600931848376
83109,0.5033424726651393,0.45697542213177117,0.2481329537557459
83110,0.5252400492513413,0.47736641436596494,0.27445315299253314
83111,0.5270649492625711,0.6846958189648187,0.5658900069298327
83112,0.5050800022462313,0.45148272834201086,0.238814339024665
83113,0.5245095001308786,0.47648826821870793,0.2889035858005589
83114,0.5391556482319317,0.5991598735033947,0.4965916802868653
83115,0.5251113953866312,0.6892801117874338,0.5615790649359762
83116,0.5072691118772835,0.46081713102851507,0.266498003165152
83117,0.5277081732695093,0.48240549214026407,0.2867372272635293
83118,0.5208269361971175,0.6877048670855695,0.5752075105149894
83119,0.5077684556374956,0.4576543677944455,0.2339912897313251
83120,0.5217570596818577,0.4708105730814264,0.3049226882410477
83121,0.5393486970039167,0.6147473629926918,0.5089573571092536
83122,0.5208315131750448,0.6959143749403417,0.5759305073960408
83123,0.503519071506554,0.45824065807121206,0.2592497257962252
83124,0.5342213488099613,0.4781799252161877,0.29552074812787543
83125,0.5193701430344406,0.6839848306974444,0.5918153819301748
83126,0.5057055074574307,0.46216838692177475,0.2347498137077248
83127,0.525044009582889,0.4771245477092444,0.28531749752666524
83128,0.5419074542483686,0.6120181719559075,0.49699010426114576
83129,0.521307609512715,0.6877037669103009,0.5757529944410933
83130,0.5058056118558615,0.46174701979387633,0.2298722253165313
83131,0.5286289615319422,0.4737139356154312,0.29603434470088846
83132,0.509789803166696,0.4516053635039898,0.2441192728708391
83133,0.5294187847823946,0.4668272853797961,0.28148477129727056
83134,0.5413794250720376,0.6130132804864142,0.48919930672606116
83135,0.5249349778116692,0.6963897194173589,0.5725700979292194
83136,0.5055464461453022,0.4528746907202111,0.23824101307711443
83137,0.5223989695070147,0.4718084320501047,0.27912474277183097
83138,0.523805144012812,0.7017858040663398,0.5824272719926029
83139,0.5010544821842111,0.45303449117798456,0.2490500821943792
83140,0.5274092648892243,0.47228460165857344,0.28682414908276127
83141,0.5374672871760989,0.6120205098283534,0.4817404503049407
83142,0.5239555498518305,0.6946966184398392,0.5490564757195773
83143,0.505536159274119,0.4551954760689811,0.25850825452985043
83144,0.5241427527807202,0.4744349286016548,0.30885642154297493
83145,0.5220125094301394,0.6973234244156834,0.5715131995855012
83146,0.5053980795538752,0.46019577266505984,0.2425109525189011
83147,0.5257309188048959,0.47809149862896894,0.2865152156604957
83148,0.5379444711124846,0.621744202657579,0.4790695934943192
83149,0.5151545197802896,0.6927381001787538,0.5681853048678533
83150,0.510342076731058,0.4628707113089082,0.2189445529903041
83151,0.528910332382941,0.4743850769097935,0.2879767084295298
83152,0.5179656452433294,0.706513601000561,0.5630808948369924
83153,0.49345846617273015,0.49750501951743153,0.21651040406065278
83154,0.529136190382841,0.47724199141917434,0.30218011181964194
83155,0.5394986043601906,0.6276440300576993,0.4900021202185194
83156,0.5139911516877073,0.6975829282571796,0.5623234904562958
83157,0.5056486351079374,0.4521838837929214,0.2400980632329402
83158,0.5224762343324219,0.47178759748095445,0.2811599015920161
83159,0.5175095335320549,0.6970371725629678,0.5622628886420877
83160,0.4928258009366542,0.48838020021960793,0.2255747184711119
83161,0.527256638536162,0.47236316104885157,0.28277429575064333
83162,0.535799635812472,0.61697927480804,0.4904654384946847
83163,0.5195017424790049,0.7015059469823732,0.568856386307397
83164,0.5034178795094078,0.45706508641616733,0.21970852707408867
83165,0.5291647851657336,0.4673867932648662,0.29972609957226204
83166,0.5194307313462114,0.7004542481864846,0.5804624280074613
83167,0.5072518915642895,0.4480160073094957,0.26019587394423815
83168,0.5359758268043683,0.627979377231779,0.489989952536916
83169,0.5136942825550138,0.6972512941746317,0.5811422634179362
83170,0.5077833648032193,0.44845676502650433,0.24989863222753106
83171,0.5228369092564193,0.46187395251549845,0.2661774644996905
83172,0.5238679075220137,0.6926419036037,0.5689086397400605
83173,0.5061495196329964,0.4610519496874206,0.21776143184950825
83174,0.5253565582637295,0.4664909411718793,0.27999605545309353
83175,0.5372823953944794,0.6111888460861975,0.47931495817376346
83176,0.5172897932749291,0.7046636562863023,0.5879095561354808
83177,0.5013438740757362,0.4544976211438765,0.2600047441706074
83178,0.5269183953356698,0.48438016922560767,0.26547581070389603
83179,0.5208314678584317,0.6946931803921244,0.5739225357394383
83180,0.5075596366841371,0.46747363835013644,0.23166787937893316
83181,0.5280459633038699,0.5052608769762655,0.2472352598085625
83182,0.5404313108918799,0.6287774168672864,0.4901805288500294
83183,0.5119335961846063,0.7004749452337263,0.5725260238825227
83184,0.5070346890374998,0.44741307688179055,0.24835796291784118
83185,0.5306250677076225,0.5447344092454397,0.2898449439801629
83186,0.5032246947875832,0.45855812739717605,0.23325181578143575
83187,0.3951845870132347,0.5264388383323255,0.3323107199674663
83188,0.540582215213643,0.612781349787589,0.4968749844735313
83189,0.5138526641179452,0.6968594942570786,0.5658864918218138
83190,0.5053323251482061,0.46247327299310326,0.23526533049299087
83191,0.4158492798222945,0.5279695603162861,0.3062184385971298
83192,0.5137210193567676,0.7050830981074806,0.5696539102382692
83193,0.5096523578790363,0.4541756479754065,0.25453939655329466
83194,0.40321360326328787,0.5338350072392607,0.3380878380203074
83195,0.5385501729637411,0.606486284422201,0.4946605847186154
83196,0.5204900071784064,0.7016370053612528,0.5746401923602305
83197,0.5053382163079145,0.4515465041271162,0.23319510931529652
83198,0.535691782273194,0.5440298157468145,0.3055553569857516
83199,0.5170641618580949,0.693645813536356,0.5761409068904331
83200,0.5008630194936861,0.4540510875067075,0.2561120503885327
83201,0.5422274801703777,0.5432165799404088,0.30614854625103083
83202,0.5385172731025999,0.60559252953832,0.48715674167467793
83203,0.5116651405683528,0.7004504663339985,0.5754837506865023
83204,0.5033517625708335,0.4484663227991508,0.25038071535016915
83205,0.40718623883777116,0.5259195212250389,0.3051815303178236
83206,0.5217594161457412,0.6968850045711207,0.5674487545414604
83207,0.5125865179467567,0.4703205481406679,0.2571065460589167
83208,0.4114521182158966,0.5344568469293959,0.3152707564340081
83209,0.5349586501057821,0.6159456601431301,0.4865154879546205
83210,0.5177310864537064,0.6960148346945618,0.5882953392405399
83211,0.5448007840476481,0.5658015279431818,0.259561664171109
83212,0.5388710599013997,0.5538971502095552,0.292815154276232
83213,0.5159363673068291,0.7005657784543454,0.5732516570945881
83214,0.5527142429341891,0.5574542918969637,0.2970619434363013
83215,0.5360412186771323,0.5582080494779073,0.29631931983133025
83216,0.5339000993393974,0.6162819699705698,0.47077917743295244
83217,0.5138603679421794,0.6966787904692004,0.5773607507702903
83218,0.6865119057689519,0.5564559516016052,0.43586651620652384
83219,0.5336099823820621,0.5597505639655288,0.2871332060830431
83220,0.5094143097102012,0.7130989063540136,0.5762630230949695
83221,0.5791929212595326,0.5594691941405678,0.2887095070540951
83222,0.5379833980831735,0.547895694118992,0.3124074854833644
83223,0.5413895306767683,0.6003039870218512,0.5052622688001074
83224,0.5136044650277662,0.706294184795417,0.57573754824528
83225,0.6677477010818427,0.5436169749772484,0.43578184942203346
83226,0.5122287432860004,0.693686107455571,0.5670117995754358
83227,0.5653390888226547,0.5593600705061073,0.32219660925244703
83228,0.4078933592692395,0.5345367815387597,0.308555816434029
83229,0.5317088145109143,0.6288227303361644,0.46491400000939614
83230,0.5140447159244411,0.6901430617637923,0.5530978359676871
83231,0.556018322514988,0.5438881681809741,0.30988600386398246
83232,0.5215643734427778,0.5909945789422318,0.3022260659421421
83233,0.5138914098221816,0.681996538943151,0.5505965493198554
83234,0.5589085254679607,0.5523884661114451,0.32369318339099296
83235,0.5375417876881045,0.5617782557466312,0.31085485128676443
83236,0.5211023705717948,0.6809397518366448,0.5602958815135501
83237,0.5530847515632383,0.5255269305565116,0.32102960606488623
83238,0.5403329738413618,0.5678502605762974,0.3015110350901404
83239,0.5214140129203726,0.6731362774169639,0.5641212654131994
83240,0.5331274510853257,0.5531839615916436,0.29148595124551935
83241,0.5326818981449133,0.6202405381091323,0.48735509178437125
83242,0.5231568898618152,0.6684823985086058,0.5536999334123625
83243,0.5808577176765315,0.5627737768428637,0.2797448234584316
83244,0.5332086131394631,0.5520005855682867,0.29449440840951735
83245,0.5183942950870399,0.6677855749978155,0.5593513652290856
83246,0.5769860021995155,0.5576913796673608,0.2794153190494553
83247,0.5346901491729157,0.6300544453103883,0.47891844384951243
83248,0.7583751721560432,0.5602873807356826,0.5100386922135254
83249,0.5289975215466264,0.5693823921598209,0.30924752589629084
83250,0.518612585212545,0.6683784319457171,0.5541758418590756
83251,0.6874719835349791,0.5617409873094051,0.4668603389787658
83252,0.5325352082681725,0.5601142406527766,0.30167867870334286
83253,0.5323942282846875,0.630857779539376,0.48476763429140646
83254,0.5185230395849765,0.6777400983505978,0.5765708316404201
83255,0.6770520174589391,0.5499891901333513,0.4406533835466514
83256,0.5390870841962478,0.555886954704843,0.3173078122295543
83257,0.5187651662489944,0.6697857623972014,0.5549169381665122
83258,0.7657550732394498,0.5461491658799875,0.5232609738207936
83259,0.39988677474269163,0.5345527684606326,0.30969404178713095
83260,0.5564612924084514,0.6231804127098658,0.46725332129544034
83261,0.5189113576429906,0.6682902804023153,0.5639512558619073
83262,0.5246848754237383,0.5475829005379199,0.24836799069294035
83263,0.5392754653570793,0.5642700839692012,0.3322539290035382
83264,0.5224467785338796,0.6771990184012779,0.5617588424316666
83265,0.946284224511768,0.8878025445996763,0.9162619476071121
83266,0.40747599326220135,0.5437485834437622,0.33770086772131397
83267,0.5272400979723652,0.6550504274144389,0.4777553824838044
83268,0.5190514312942126,0.6859770418261324,0.5604909362094759
83269,0.5638004991732565,0.551401746417362,0.3300926192093961
83270,0.4025668445605247,0.5358351258776921,0.30705215504343814
83271,0.5188712977569729,0.6843769744197689,0.5555132728619837
83272,0.6693034657276219,0.5511581263563072,0.43097524339841586
83273,0.4031037104764184,0.5535837377798944,0.302826169238999
83274,0.5296682980543548,0.6479685304490932,0.48441835423115753
83275,0.5213025793686563,0.6731094606447904,0.5581793132986372
83276,0.5562701016176052,0.5526845507806244,0.3210887333926778
83277,0.3995642110903467,0.5448056455940857,0.30505890923899837
83278,0.5235165225037104,0.6780611432461849,0.5638078800136805
83279,0.5616608299671422,0.5614369263695282,0.3292654281048366
83280,0.513061979851843,0.5979168129717127,0.33336103170853887
83281,0.5281854025225079,0.6439645800806983,0.48263543398554476
83282,0.5247451012026041,0.6800924105969106,0.567933028269276
83283,0.560278310733405,0.5625017585076865,0.32593580118251614
83284,0.516613352190558,0.6063621708997048,0.30286502132234105
83285,0.5353415301702192,0.669495522409137,0.5737444144004107
83286,0.5550459639467994,0.5617257223775525,0.32639396086866834
83287,0.40090191219368637,0.5444491888070385,0.3065885030010066
83288,0.5262090090735444,0.6497661480771362,0.48739357207744205
83289,0.5318525588078008,0.6682204192727551,0.5873827969193999
83290,0.7592843140488987,0.559675133198671,0.515014682504797
83291,0.3973077609721653,0.539729643187332,0.3047297945760734
83292,0.5198288377926642,0.7088701764260399,0.5628695151682488
83293,0.7597785370318257,0.5595561079867923,0.5100474799835722
83294,0.5296865153328377,0.5993863033258766,0.31149661621844477
83295,0.527913593476882,0.6553622583421509,0.4813162883041574
83296,0.5208346853379647,0.7088219749970815,0.569218712826254
83297,0.675557248974449,0.5489564693608472,0.45514504163763747
83298,0.3964328784388453,0.545367353829693,0.29579289226907085
83299,0.5139544452310622,0.7096554952850033,0.5706414865959637
83300,0.5594633820792718,0.5620778472244792,0.32479598515853797
83301,0.5387895353143572,0.5681778377625422,0.30128003714725593
83302,0.5260847056036958,0.6486553148605569,0.48435359512573495
83303,0.513996499048058,0.6915477792990136,0.573074042742294
83304,0.7621799549954484,0.549383131082226,0.5294596809167456
83305,0.5391570530469392,0.5556095042542766,0.32372042547813834
83306,0.5202790583442303,0.6877981069395888,0.5742266263821769
83307,0.5516955254707563,0.5537359745326959,0.32661703925628693
83308,0.39974692767453535,0.5348330381103248,0.30939224103447194
83309,0.526202846014157,0.6388815640566069,0.50205867032995
83310,0.5188838051422002,0.68374746788323,0.5803169566140696
83311,0.6867334133739902,0.5550674616515967,0.45522835645750526
83312,0.397495915549931,0.5352249067888322,0.3005195190230379
83313,0.5190229271445463,0.6839366292684861,0.57091404266388
83314,0.5646958648157168,0.5509052923273772,0.33070814757761907
83315,0.40020380976823333,0.5360289286273628,0.300405812460943
83316,0.5245298472901794,0.6453921950136988,0.48738290845648125
83317,0.5191574268523518,0.6840214802860818,0.5873267917849087
83318,0.5604202423657657,0.5522237836259171,0.3272696368045059
83319,0.5271870322183758,0.5934448067874556,0.3127524223572632
83320,0.5205149766322477,0.6713610758600199,0.5814880959683976
83321,0.5602648516993017,0.5516194435986488,0.32411959303296123
83322,0.5383080916163362,0.5634864841340952,0.29316140720319317
83323,0.5277605139576882,0.6625906849010919,0.4832138551497668
83324,0.5172790532376144,0.6727276310656095,0.5730430489533208
83325,0.6864507736578233,0.555374410551554,0.4408050570777494
83326,0.5429070934176687,0.5645591550210428,0.2934599357789765
83327,0.5166835023077018,0.6716598422064166,0.5730762734839212
83328,0.6846600876895158,0.5489449862814805,0.4322728083445149
83329,0.5346625513555122,0.5557686171025072,0.32466962716499814
83330,0.521040875927761,0.6360840933922111,0.486635272020183
83331,0.5166229593125441,0.6635227396365133,0.5564809922392837
83332,0.6844573411623183,0.5530488463164609,0.4575087827846773
83333,0.522675038314276,0.5857880682442328,0.3149118816498281
83334,0.5207142790968464,0.6555651719182651,0.5471542783951355
83335,0.6814767315661272,0.5486869264200244,0.4414690745021399
83336,0.5260565186703214,0.5915544993930277,0.30122433409236005
83337,0.5275223298390136,0.6718404772333404,0.47034543338290646
83338,0.5254879764418414,0.6512038708704174,0.5330788902114483
83339,0.688915680196458,0.5561930784733488,0.41992685330605883
83340,0.40834267348854275,0.5366340937860824,0.30316968021271
83341,0.519256715551746,0.6533682594286513,0.5147527393591681
83342,0.564045707366968,0.5519431701714532,0.3301487679901285
83343,0.4081320418706586,0.5456309833284467,0.29780007809623643
83344,0.538173048109173,0.6592497964149301,0.482384898041419
83345,0.5271447971349273,0.6446670419897405,0.5009342413533329
83346,0.7642056982361236,0.5591708403598971,0.5139756807927705
83347,0.5277332333565767,0.585666361355137,0.3037026457913865
83348,0.5306421067541639,0.6228927856380646,0.49950178413701374
83349,0.6812540457291473,0.5484038375712063,0.4477952718620031
83350,0.40485714618872315,0.5460041490273868,0.2964891984110495
83351,0.5325534708632687,0.6561052892142248,0.4829596351020444
83352,0.532936758777224,0.6103259648707934,0.4946258899264879
83353,0.7633728695197993,0.5454735895040734,0.5271557473046979
83354,0.5350007492393911,0.5576551426444492,0.31572279003046416
83355,0.530905033743614,0.6052316720501979,0.4858035433843588
83356,0.5641789835262186,0.5515224218921436,0.3274204019843731
83357,0.5438116130159838,0.5582200826449084,0.306187869409546
83358,0.5276573280295638,0.6621886396013493,0.4829251769037259
83359,0.53659371882456,0.6010968008248323,0.48883973483512266
83360,0.6616610001876704,0.545205284260428,0.407836749122651
83361,0.5391308147279299,0.5567990000025655,0.30987802727270913
83362,0.534565845703067,0.6051768695696278,0.4984904301015194
83363,0.7589075517272358,0.5551669587524566,0.5025104293085921
83364,0.40836850395803376,0.5516899235767977,0.32498976816274056
83365,0.529977538622436,0.6661118646094059,0.49272859347380316
83366,0.532757440939021,0.6012684281667439,0.5027570107561967
83367,0.5774385338983519,0.557569947822082,0.2775641219498453
83368,0.5273093870738593,0.5939915251350274,0.31422382460449205
83369,0.5314704038091741,0.6072845991015253,0.5004416699426459
83370,0.7599278099555156,0.5590406758734232,0.5108343571930416
83371,0.536862401023879,0.5505654756912686,0.320369420615223
83372,0.5280991196910855,0.6718558796871017,0.4960404167119997
83373,0.5688097975899771,0.5587419095270265,0.2646742599252709
83374,0.40587341655504644,0.5362665664853943,0.3076820078993265
83375,0.5308411373190838,0.6062247865130304,0.4980757318530943
83376,0.5384266398763158,0.5550705558945398,0.3139646149623344
83377,0.5533705634423252,0.6256031361733729,0.4654814702601751
83378,0.5310571162973187,0.6159638817960174,0.4868048083838571
83379,0.7673304599787195,0.5531490310268635,0.5231155362265174
83380,0.41435800071701645,0.5458999761816351,0.30682433210497206
83381,0.5294608839160037,0.6119526427664677,0.49697597623083956
83382,0.6863242496739307,0.5546271165003137,0.4575938720581123
83383,0.4045206250195304,0.5352935989821693,0.3245101671626518
83384,0.5339966237253899,0.6678635499199822,0.49344461083749036
83385,0.5351775746638714,0.606931167796467,0.4984796819827697
83386,0.7617190850397939,0.56140859685636,0.5132410908150802
83387,0.41192640188904117,0.5367121030887261,0.30259178293477923
83388,0.5288258622160443,0.6016749429285153,0.5004586539982174
83389,0.6833620386226753,0.5564567079721024,0.44611346167060306
83390,0.4098782722414738,0.5455175965148201,0.2944417472750223
83391,0.5327250848772376,0.6615265403724764,0.4772150022241508
83392,0.5327435287387864,0.6103700406424942,0.5077954956121481
83393,0.7599273567893842,0.5598785968624196,0.5083983704364814
83394,0.5375021809682183,0.561446346620266,0.3148217140592795
83395,0.5345755887748925,0.597218201676111,0.49556613062283356
83396,0.7570260059495785,0.5620323962336927,0.5066805303878892
83397,0.40969310856017543,0.5367953038434189,0.303081992632266
83398,0.5310359534389814,0.6648371052777955,0.4799602677876887
83399,0.5262470750285837,0.6056443752978558,0.5034750391672601
83400,0.6748254763054314,0.5505491105841471,0.44093261493989183
83401,0.5352089790767788,0.5570094772836519,0.314051947652065
83402,0.528504159579349,0.5848443929075361,0.48558410262655294
83403,0.5728641843345685,0.5578545494118946,0.2747106097016542
83404,0.41069827635627887,0.545060198646873,0.3057381996387348
83405,0.5292814754445744,0.662126273415807,0.47813122864888746
83406,0.5342676623885925,0.5900831524930978,0.494306606581303
83407,0.6729802291349009,0.5504175708785877,0.4408723680163972
83408,0.4079966358305902,0.544870349652074,0.30299880033419213
83409,0.5153149859074255,0.6315201538120662,0.5152125594268725
83410,0.4078549760979083,0.5450799330407545,0.30005283773487385
83411,0.5399927820265046,0.6467346151243321,0.48923550557883133
83412,0.513471642034647,0.6199355832768494,0.5124352523017789
83413,0.5387610311646909,0.5553482813889232,0.3010954728518237
83414,0.5182700369338045,0.6144459149690779,0.5056349716474429
83415,0.5555839627780216,0.5531871933564955,0.3199773762240054
83416,0.4010662302329394,0.5449582261516586,0.31576173506137395
83417,0.5394907192695039,0.6713999257991945,0.5165618877184593
83418,0.5235131237577247,0.6417813510209885,0.519180203803935
83419,0.5585434548324885,0.5521577731097971,0.32646628252619864
83420,0.39702027237839227,0.5427154501055323,0.3308335338465864
83421,0.5179755695816075,0.636099152041201,0.5173475819588839
83422,0.567116587656538,0.5612083649574631,0.33568111707293713
83423,0.4016355881604559,0.544446232086004,0.30878765512991313
83424,0.5498483750024736,0.6270008400912566,0.4641134848567964
83425,0.5171963957352433,0.6452550169098871,0.5058220328525376
83426,0.6761751863112536,0.5428218233018213,0.44042637178695887
83427,0.4860159375299612,0.5549563439494618,0.21972687576895103
83428,0.679685819014754,0.55769825576279,0.4466256027692021
83429,0.5192083174089103,0.582849087535905,0.28500904151690704
83430,0.5466232369617682,0.6457625415135129,0.47929655455533837
83431,0.5141836113437215,0.6426331617227519,0.51623890337012
83432,0.5580685820433731,0.567783149884909,0.3240614374297422
83433,0.5253199877569239,0.5920660808929565,0.29183907595516384
83434,0.5135334992115859,0.6463764393134276,0.5047384163079651
83435,0.5324949217990892,0.5532372513312194,0.3447576287392257
83436,0.399458714014952,0.5346496870257065,0.3095853522812527
83437,0.5267490924689712,0.6590849764074934,0.49688392433959827
83438,0.5070080428689723,0.6054893881068827,0.4893643985060385
83439,0.5692503203863307,0.5828706097145983,0.3099917528468066
83440,0.5298758028259322,0.6443290818993977,0.45169185359859015
83441,0.5679014713961581,0.5753843295770642,0.319750317990529
83442,0.5312872340588539,0.6259254187661373,0.47945355144713786
83443,0.541382687868184,0.6161254012776481,0.5052805372220703
83444,0.568773725565916,0.5744159002968225,0.3073384356647186
83445,0.5420443557366708,0.6301372334993554,0.5177997465269127
83446,0.5663069157295293,0.5545151736667273,0.31684900613531686
83447,0.3862361419991428,0.5350003678925932,0.3178229910236647
83448,0.5501007432210616,0.6457756748557826,0.4971547735521785
83449,0.5478620118986188,0.6000551411282702,0.5056238179393064
83450,0.5450532882160756,0.5551923315445901,0.29117498037031864
83451,0.5358431397610884,0.5459015576835838,0.29373659421454457
83452,0.5384731800380127,0.572587959087937,0.2882155298114452
83453,0.3829526361607104,0.5358880030515423,0.3499088420953653
83454,0.5407519259298599,0.6362991088962806,0.4646315745997348
83455,0.5574332431271217,0.5463148110188758,0.2705040443937187
83456,0.5331434931663779,0.614900218594082,0.5081209472959237
83457,0.5436209207078821,0.6038717866571749,0.31728217137550874
83458,0.3893930785370695,0.4933675697562798,0.3831824997102571
83459,0.5242017096944179,0.6119910113789623,0.46491834319574626
83460,0.5455675864586245,0.5938007822478227,0.3353537515142426
83461,0.5355492162082491,0.5504263035197825,0.29759770377934613
83462,0.5365402905376655,0.5806875181767971,0.48174165017354326
83463,0.5477208053320682,0.6012957262655976,0.31030809989382685
83464,0.5397320755510984,0.5451722790023682,0.2933716398144523
83465,0.4953476251413953,0.6062376448114829,0.4677697717812739
83466,0.5070450212252962,0.5845157155460227,0.46033998259953934
83467,0.5451433776430019,0.6065096631466601,0.32267470196700376
83468,0.5380910703559989,0.5534111477846227,0.2881632541981121
83469,0.5041605281655793,0.5465702579640688,0.4541704610398778
83470,0.5488873909041837,0.6010569194713432,0.32544596750019006
83471,0.5341082385435587,0.5605912353926967,0.2929815494346033
83472,0.5086224925287703,0.6097512608148249,0.4772017698704071
83473,0.5027353659988755,0.48570557100005374,0.46666513218682004
83474,0.5455070434634668,0.5971064651253872,0.31366200303090186
83475,0.5361015804058374,0.569717120485312,0.32709943713318873
83476,0.5391778986889845,0.47882342460692484,0.48006355788485544
83477,0.5204179084468975,0.5304736967496744,0.28137345866315777
83478,0.4090435402273975,0.5529397226820002,0.33564043561246515
83479,0.5478231755611561,0.6423403775793786,0.5283128600260665
83480,0.5670365585177293,0.44497883595843957,0.5236537026441015
83481,0.5222232316812498,0.55146500649531,0.27286109727671065
83482,0.4075296481321614,0.5365429167606919,0.33363744510051907
83483,0.6488508546680668,0.5524720794318637,0.4637492486879099
83484,0.5088583655001747,0.5607210560743991,0.25177886857663445
83485,0.5008545906036417,0.5988268642017609,0.4325627709569473
83486,0.5676467013970735,0.4733984603571417,0.49167488914650576
83487,0.5243502575522976,0.5631620699517479,0.275002342674792
83488,0.5056654928880263,0.5472996741671932,0.2321365421402472
83489,0.5291793317985521,0.5116469818451354,0.49777562950599247
83490,0.529034092053432,0.5543040775370524,0.3533381172601504
83491,0.46556595483396834,0.5470509657955207,0.25575161028281307
83492,0.5074700004233421,0.6140549401829763,0.4295519288428572
83493,0.5235507818632459,0.517000572224364,0.5297022402695979
83494,0.6684531447986247,0.5608666917755886,0.44701588115663143
83495,0.5038812871953982,0.5688511450269647,0.22462643358526183
83496,0.5247986201227248,0.512789685764029,0.5407554805350386
83497,0.5387527835410991,0.5568944402071222,0.34085693196031863
83498,0.47381548172357063,0.5455222722597118,0.23900940217036967
83499,0.5254611490068614,0.5830918137045541,0.48792053408821634
83500,0.5182560794169567,0.5130285269387606,0.583756456011313
83501,0.5427593159422126,0.570858277282734,0.3471128863082588
83502,0.5162203665213903,0.5667167362448018,0.31793023984224195
83503,0.5132190019163801,0.5208421435991993,0.5799171468760509
83504,0.5345989268306607,0.5540009792505354,0.3439682884192096
83505,0.511106522678151,0.5659127831672255,0.3317286949725472
83506,0.5183713195641769,0.5657238280648325,0.5008626717261239
83507,0.520736484237286,0.5349984082053959,0.5847200011978406
83508,0.5481413888186395,0.567415897628038,0.35882784565823156
83509,0.5145664914081585,0.5847906906022344,0.311135857133572
83510,0.5073435670726759,0.49989827891202476,0.6113102386004625
83511,0.5414445903617359,0.5505244941625108,0.3651219592076446
83512,0.5263026331962958,0.5339611492099084,0.3307439999894547
83513,0.5249797959420667,0.5587357210411403,0.5533028783022622
83514,0.51118020749112,0.5067929054183575,0.6169157205195749
83515,0.53920422764122,0.5522255026497742,0.35018697501734997
83516,0.514459453567917,0.5751748837102922,0.309967049918218
83517,0.5125794485551066,0.5235479215310476,0.6206069895286621
83518,0.7498239272561412,0.5639096390468051,0.528379342886383
83519,0.3985149955462691,0.5348796580373345,0.3583644090851617
83520,0.5147605824622459,0.535158827511758,0.5350794260626264
83521,0.510017564464348,0.5194680590691148,0.6315351899660702
83522,0.5122708877362224,0.5841263222618699,0.2609855385245192
83523,0.5117816042641279,0.5666116007456902,0.33142217079348796
83524,0.5037456545722641,0.5079762814417145,0.6324482730730592
83525,0.5426548158323071,0.49853468042746973,0.2514895439225084
83526,0.513314030854139,0.559540430489214,0.34288449020439105
83527,0.5179529112750364,0.530370314654897,0.5219184391514353
83528,0.5118649868323093,0.5760288947625929,0.24472943351702142
83529,0.39611665911234006,0.5348856058598807,0.3398308457353273
83530,0.494079303772776,0.520903134565656,0.6356856199601082
83531,0.5074290342050618,0.5720061726536765,0.2511628754705724
83532,0.5064540472733109,0.5776718690044342,0.23476939607030528
83533,0.5204614123955138,0.5461231742392654,0.5170634158947709
83534,0.4920408265638079,0.5340949580269598,0.6439904682438213
83535,0.5406237705478942,0.5517225850300861,0.35467306402806437
83536,0.5136486487255798,0.5634897846599012,0.329048834922517
83537,0.4862404360314668,0.5451553638076123,0.6542661767552465
83538,0.748579533059261,0.5591669209855024,0.5229471659323301
83539,0.4959640217133533,0.5851165487646219,0.30469054746556823
83540,0.511678599602456,0.5179507454712413,0.5013832626036141
83541,0.48435304441071425,0.5520529126545024,0.6503516307887365
83542,0.5428022307748581,0.5602833926003337,0.352811011603135
83543,0.5290417052444398,0.5545013527149147,0.3094967521246884
83544,0.4803764209742744,0.5589651075846568,0.6415784619597545
83545,0.5662893782002433,0.5545749269360067,0.33375005530380286
83546,0.5360211434175104,0.5699984215493186,0.2577967229425321
83547,0.5064080055943586,0.5243994915694709,0.5094977711680228
83548,0.47892656125340816,0.5481863466727822,0.6558538564097978
83549,0.5472776994887655,0.5622947192743148,0.28747892561771177
83550,0.5322711483633938,0.5573267403267529,0.32121190581957565
83551,0.47454072880029574,0.5398427549571416,0.6564566974350156
83552,0.5679583437456514,0.5426395380119945,0.24282437171753554
83553,0.5376304723000234,0.5628744428799465,0.31672422402554024
83554,0.4797895255174719,0.4924739867747845,0.5133690880657249
83555,0.4743189492955786,0.5398391106265641,0.6463287924559563
83556,0.5636365436669086,0.5300295353654284,0.24020056961311473
83557,0.4786293295878095,0.5200532147901358,0.6270956761366042
83558,0.5142379459628788,0.5151279707756661,0.21622448889230939
83559,0.531271282611028,0.5530432766791632,0.3212845950424877
83560,0.3956861059708776,0.4956278798457504,0.5540712166968442
83561,0.4594772600088178,0.5373013500865272,0.6228933645001739
83562,0.44262940425825875,0.4406587571026896,0.2881908332201908
83563,0.538286974074612,0.573408070989772,0.2895927465982627
83564,0.4456192131269177,0.5517750496382106,0.6220294929054474
83565,0.43594674458465554,0.4488517623284319,0.28997418229208227
83566,0.4275825666638039,1.0,0.26395911500125413
83567,0.4454777346606883,0.5317890938052711,0.6301074477263724
83568,0.44032346839852643,0.5060423108413113,0.3158430134845289
83569,0.513209712010686,0.547430801307027,0.24215587802277744
83570,0.4500381267076237,0.5189377058286645,0.614705596352778
83571,0.4272368462221433,0.5263793601068634,0.3163074260070607
83572,0.44478289503138146,0.48777070312076787,0.4743472993644786
83573,0.42702925081733967,0.5256785828412015,0.30198670483060003
83574,0.5090387709370932,0.5651894866890331,0.2634392148931882
83575,0.4368234850991145,0.4717322792932269,0.6128840268185166
83576,0.4250216795385343,0.5309571893997751,0.3101268394619411
83577,0.4655295202770021,0.49817588576797667,0.24451843620077257
83578,0.34118485762705464,0.4173274089410822,0.5352501622949032
83579,0.42214538878579627,0.508132093764139,0.6251331642904367
83580,0.4280345092466694,0.5439154662798278,0.3318334511063515
83581,0.43789458856733965,0.5193133469219591,0.269022463331593
83582,0.3153557476344891,0.4901617621648239,0.6782994772662586
83583,0.4176421409880329,0.5319553234122707,0.2976052663314538
83584,0.4655244448163302,0.43742788614339434,0.30538594103142663
83585,0.2134595756367114,0.44594124865518076,0.6161554094149397
83586,0.39743804623494866,0.471153690243341,0.6233114257605976
83587,0.4168821813856409,0.5125626370929582,0.2773226085211863
83588,0.3926787142563196,0.4098828323223259,0.34472814746067415
83589,0.3105457743406738,0.4592011798417103,0.6524144922090166
83590,0.4448080457516753,0.47572433401652925,0.29330892978041084
83591,0.3712645752991168,0.4315504060534187,0.38790884128418657
83592,0.3093562132456954,0.41811080249332544,0.526087712152401
83593,0.30660028341746254,0.4597616847606175,0.6336238063124107
83594,0.4291926659287404,0.49402623093743825,0.27698960828024927
83595,0.3656380192947886,0.41489292735439126,0.3378914778335429
83596,0.3067136202669308,0.4598153870659192,0.639105820062364
83597,0.47235012372100976,0.47502259409750724,0.43273455496180646
83598,0.36313674617410746,0.42499676511941753,0.36118560436181646
83599,0.24543074076640237,0.4073524635848754,0.5958878373646045
83600,0.3054520284153631,0.4470118567134996,0.6214352706546986
83601,0.13832353211934906,0.4976030382577742,0.5731123709393446
83602,0.36228347966525604,0.4267338731076839,0.35377283303476886
83603,0.30199278475116587,0.45812046392311057,0.6211921198173239
83604,0.406181161674894,0.4727423089508149,0.3268600422225312
83605,0.33975851722840905,0.45393880086834937,0.2721583897670829
83606,0.2934788354238798,0.4233171069084616,0.5035938092593556
83607,0.28799128813036484,0.4448683714853703,0.6175729105226212
83608,0.368017957183782,0.4780742396294416,0.3099901727381539
83609,0.3713973076590098,0.4354095458520755,0.35323126135629157
83610,0.28512743678793423,0.45750635984033305,0.6183276785723038
83611,0.27397182347245297,0.4183030581215245,0.3042924128962148
83612,0.36646314418687875,0.43368821850281897,0.35003353548246363
83613,0.23115625686803368,0.44337381776336704,0.5549789933426896
83614,0.27864208564795134,0.4440602239895821,0.6094857623422625
83615,0.2472873850651381,0.4320226562874928,0.33471196968300454
83616,0.3447743185791155,0.3799273632485687,0.37327113721484406
83617,0.26670007048630984,0.43707820231034483,0.610109051832397
83618,0.2723811650345544,0.4118313802450388,0.2394136142431907
83619,0.3629008505443965,0.42238505217304023,0.33910109748094175
83620,0.20938558945693583,0.45136225915009215,0.5544886357740723
83621,0.24527192869564607,0.4532306318001011,0.637414613716837
83622,0.29375812171067417,0.40566864533618485,0.20974350848271617
83623,0.3744286265453069,0.4386400386261222,0.37209153118206695
83624,0.2541078978759194,0.4404517866302721,0.6407723530535288
83625,0.2862008060868165,0.4484846132129923,0.22236253080071156
83626,0.31426839816045254,0.47705822776883033,0.3603145673545902
83627,0.2521681429086812,0.4145814402314507,0.6276323722926613
83628,0.298398678846258,0.3834779726453194,0.2642916211941816
83629,0.29781060515751384,0.5331450942043768,0.321265883007133
83630,0.25046562041124154,0.39468879301348475,0.6423223128951095
83631,0.29197964856960845,0.3707787182800829,0.28586537590886246
83632,0.32459566910431054,0.44223926201755714,0.24717219699625234
83633,0.18920485541792645,0.4104998931261379,0.5485039784769936
83634,0.19366178963705866,0.3820248473982769,0.663234096088114
83635,0.3061239151801135,0.41479043915201974,0.24064049467641963
83636,0.2189424779773793,0.45278732992778375,0.26793277773333196
83637,0.1852810031774904,0.3708587560308782,0.6644706705301759
83638,0.29368652146190977,0.4370369457377699,0.28633565469038946
83639,0.18805974992044033,0.41566693503637364,0.27070092054510675
83640,0.1686536354081742,0.43505099185592244,0.5674954311200557
83641,0.17773315872577944,0.3885561066416562,0.6522398183797765
83642,0.2924870360286532,0.3811944557337755,0.2196614575807749
83643,0.21828173909946189,0.37349329761408034,0.24120656437634735
83644,0.30095861432265153,0.3963874980087794,0.2420481940405873
83645,0.22122865579378181,0.3945094988251696,0.2237026446084175
83646,0.14524558813102842,0.40371579985382877,0.5661723309421474
83647,0.24663478051927962,0.43443688777314493,0.2649948228838467
83648,0.21766423227048193,0.38139424068646943,0.22082077991932356
83649,0.156581640870888,0.43063024696308966,0.30456271287316716
83650,0.2145460867534048,0.36565124829904194,0.4425996380182321
83651,0.17513103348255066,0.4164441401027306,0.5954228967308921
83652,0.21310991264970744,0.4483171115283382,0.1955853673894574
83653,0.23424909305667097,0.4120685711568674,0.2371253338465391
83654,0.16520645729222605,0.40614306154031915,0.5884999252870551
83655,0.19770310253875875,0.35362076297524464,0.22619272684943945
83656,0.2421140405088434,0.41787285521099976,0.2507132331615426
83657,0.17056241647032983,0.4166225747791171,0.4079201737896444
83658,0.15882863114607593,0.398005752687553,0.5807162931644703
83659,0.1811484452752289,0.3696581210079941,0.2347628686161118
83660,0.2308805732519841,0.39236787014280616,0.2512634975500542
83661,0.15891563904330863,0.371054243423929,0.5655413690527795
83662,0.17461605549080458,0.35855903719055243,0.24980603743799598
83663,0.2025461796184743,0.35616746243933944,0.21079751277716416
83664,0.16732424990334602,0.3905741718891578,0.4525960644377435
83665,0.15641434326432088,0.3720106051566925,0.5788545364818021
83666,0.18661172552240632,0.3717087101868756,0.2643733738611768
83667,0.20443343528938748,0.35759944369293734,0.23321366080485226
83668,0.15752469091952703,0.3663889501971584,0.5798365359854283
83669,0.18406175970090402,0.36924091391783037,0.24910495717094375
83670,0.1904073317476503,0.41203398439685873,0.1636387137503218
83671,0.16895471898588987,0.37587435193928687,0.4663490428580559
83672,0.16482153798019758,0.33386182143289855,0.5633882301948252
83673,0.2020141399218802,0.287739311166598,0.22829856384516045
83674,0.18279540960495644,0.3119873116098655,0.21872553894633218
83675,0.15925006431914357,0.3247323607706602,0.5832032996859757
83676,0.18110061359005747,0.36772236262277946,0.2348737719640595
83677,0.2151219022982941,0.23875766885014066,0.0672604258695321
83678,0.21089336380939763,0.24863184502783325,0.5112901889651092
83679,0.15913763380193818,0.2898395113740008,0.6186024991809629
83680,0.18551979907044241,0.36064692918713714,0.2522553917447621
83681,0.1806045326259916,0.35711729188144514,0.2293578365767472
83682,0.1587088140209284,0.2829380087722389,0.6083404117131106
83683,0.1612400074354366,0.3382245320803093,0.2284020694116889
83684,0.1783808237608054,0.3472582087332196,0.16408119487174133
83685,0.1994731241314735,0.2668962844188919,0.5002243247300051
83686,0.16201298423495356,0.26443983370730484,0.6227743916133849
83687,0.1887037216514952,0.36463506453604483,0.2315310267600104
83688,0.13109954284345757,0.41514923381151286,0.09650511061216857
83689,0.15367418361746146,0.2503650508319437,0.6257928554280349
83690,0.23646996963353578,0.3013472415427969,0.22523784691116475
83691,0.16818616055615426,0.3776229086264429,0.2164783582742077
83692,0.18964472112338956,0.3070103249772915,0.489489776325227
83693,0.1404796739143405,0.23516301806216616,0.6523717363278269
83694,0.24211485620787998,0.29394608746667567,0.2254078437877885
83695,0.1614542757115254,0.3638397753387092,0.22075160157954082
83696,0.14146561613731845,0.23501743393169244,0.6589553984505065
83697,0.1760675466097439,0.36037559846150286,0.21814523348141743
83698,0.18273110533090792,0.313737862364696,0.49781159176495365
83699,0.13925135578597236,0.2381624224590776,0.6687584939289859
83700,0.2473094769140448,0.29676703999696213,0.24744955887591308
83701,0.1757450509323187,0.3610855209340855,0.22405241898073158
83702,0.24733358535223637,0.29230985179835484,0.256668109212919
83703,0.10884810015438265,0.46562080567579733,0.14196769257460135
83704,0.20609934196340837,0.3170898901254529,0.5066561105268934
83705,0.15272145847191662,0.25307749857635814,0.6646332780751594
83706,0.25275136771981926,0.2935344500138095,0.2413059126516613
83707,0.17747639479571667,0.3402950619359354,0.20178230848162104
83708,0.17701108381197425,0.28476368086963283,0.6339035953910579
83709,0.24939669214044724,0.2825453493427572,0.24987798096792083
83710,0.15272152644683634,0.31692166645077874,0.30124759422120295
83711,0.23997024749093315,0.3109909653821814,0.5204570498921927
83712,0.1634108771296992,0.2717148801932554,0.6620043490673961
83713,0.2630480272914998,0.35790102923845984,0.3888660829356614
83714,0.19573176189216052,0.2918793738440128,0.6219590893477254
83715,0.28744309306118565,0.3627914114491037,0.3266668549277404
83716,0.20307565892642587,0.3023821970463156,0.26945680203482847
83717,0.19882006641948363,0.303154795128735,0.6255346639842336
83718,0.23487104091373884,0.25991209676959437,0.22817436899501678
83719,0.26541572969494476,0.3581664809025022,0.46708910829246764
83720,0.24875034128720236,0.2955166564236481,0.19805827967977233
83721,0.2617741546377706,0.3462791902660171,0.2666074901189131
83722,0.3822510443560454,0.3836957385875607,0.5265238559396521
83723,0.2417758199666578,0.29600705954965517,0.22881268641690947
83724,0.28165971891707947,0.35865616203848927,0.28075056420018635
83725,0.22536533750783938,0.292899580122836,0.6104360244763731
83726,0.23252137452232433,0.17295374501745767,0.17808628934483223
83727,0.2979842131024609,0.3601230394763901,0.26023918962327947
83728,0.29658791761832853,0.3276745732438397,0.4908779398005981
83729,0.24804541871147145,0.28732770809420904,0.6213157569820608
83730,0.26296960689245746,0.3089024201565311,0.2758456935853977
83731,0.3021679334609598,0.37444326457809474,0.29590823175093645
83732,0.2623291471989211,0.28379188230263086,0.6298629787234906
83733,0.270412158193533,0.3040627491496773,0.2850590536457196
83734,0.32985797017220314,0.3578409321644091,0.4515645154306989
83735,0.2741863749773739,0.2787038811093533,0.6296367274438983
83736,0.27131828653161455,0.29187827366874414,0.28669947682011027
83737,0.28738719501887494,0.34307039157304936,0.27533580897384596
83738,0.2846098077743193,0.2738645882877481,0.6377620348257299
83739,0.36797780666453817,0.46964407787234796,0.2936246895677982
83740,0.2914292783029985,0.3889073032157001,0.2679231951559581
83741,0.34851880766473525,0.3266911540755625,0.4975396271815597
83742,0.3250717201253676,0.33587596730600555,0.5995956003420876
83743,0.08994383314520472,0.7621493955759554,0.7748693638834074
83744,0.30430696823449016,0.372060009902351,0.2442666560267051
83745,0.32242316801197485,0.15487841544093925,0.600412998152912
83746,0.3720012421623537,0.31845221653235356,0.31634722024074907
83747,0.2997254133292173,0.3595636691132287,0.2794576138895843
83748,0.35523203339390286,0.35072066658656875,0.4201804311705854
83749,0.43138975128370566,0.32011691923575103,0.201745949083052
83750,0.3753228139558255,0.3721066298293606,0.6501875360826683
83751,0.42759774772920656,0.3031560328259122,0.30181979846060575
83752,0.3270220791800811,0.319222236078987,0.2943967669895395
83753,0.4068868319747418,0.3977339406352386,0.4465604380743927
83754,0.3593712981549095,0.3004488796749783,0.6621553297166252
83755,0.42143423517575834,0.29041177441609195,0.33124825744434816
83756,0.3234625951676137,0.29858858643709857,0.30824721994669674
83757,0.42117579453100934,0.4164674500662354,0.6561831611927478
83758,0.4272429186483044,0.3108024572259913,0.27837093852505324
83759,0.3912350629114538,0.2739208003678814,0.2673375911515673
83760,0.4366786985201257,0.3817617679871575,0.530340874558199
83761,0.44428060569131517,0.4235538164936102,0.6698988422890343
83762,0.436581811601228,0.3024660854105513,0.29565105850549167
83763,0.4063720805660614,0.3009682311627421,0.2796288655583734
83764,0.4382453844696721,0.3773475553849825,0.6836909093864978
83765,0.4286587002760877,0.317675595934108,0.29881446982724225
83766,0.46567711648600574,0.39464691759232123,0.25921313402873664
83767,0.4734544895832812,0.39806615918589805,0.5299557843350089
83768,0.4328794896241369,0.32249343533797425,0.2487229194303781
83769,0.43303642105544776,0.29657605644641744,0.30282063674627
83770,0.41520610113196965,0.28634442644784047,0.3124860430777164
83771,0.48985837847488745,0.3151208858188383,0.2605757569911865
83772,0.5613591572734556,0.366910123850211,0.49994139233361023
83773,0.509539972678444,0.4014717517300481,0.7027002079625781
83774,0.46087373675940263,0.40143407072709636,0.43357689651991804
83775,0.5039203954325397,0.3548500369355912,0.6694644560557926
83776,0.5398377992095588,0.29544486998736774,0.3135388644031196
83777,0.47285295686043377,0.38345713807616916,0.31983748590957123
83778,0.5324244997822665,0.32967998647575164,0.5812049607773093
83779,0.5296653071578874,0.3483867135150519,0.6859292558147914
83780,0.517258479495248,0.32500382901820307,0.3987414409232188
83781,0.45686267269697484,0.3624112665133031,0.24792219303330604
83782,0.5329916825123522,0.32319273424311895,0.6750058210526781
83783,0.5362582399374695,0.3804905842251704,0.30316156631252966
83784,0.48613425920687514,0.3380835377435346,0.2996446014548559
83785,0.54909040933106,0.3403274827258838,0.529495930468189
83786,0.5411719656170734,0.28155491655714227,0.6382646276741818
83787,0.519050932811468,0.38086677540609926,0.3627271820227371
83788,0.4929196516424713,0.40969820916005323,0.43402365322945646
83789,0.5666285277329983,0.28226160726487326,0.6270507909111339
83790,0.5676312484319921,0.3556584938556736,0.38307729996306095
83791,0.5416504184186272,0.34048999924135176,0.30218641957958425
83792,0.654942268490006,0.3783367504734202,0.5371132540426362
83793,0.583417018720341,0.337838783126734,0.6461401933911035
83794,0.6143908331696956,0.2055756091864927,0.25076864469906673
83795,0.5749405462321234,0.34627980911460565,0.33049437239655977
83796,0.6391915732602289,0.31839260078498277,0.5545689593722125
83797,0.6095181190249851,0.4350952739104862,0.39483428851323876
83798,0.6283391054283612,0.19381679839310118,0.3031460525184853
83799,0.6135487145476771,0.33393498308826475,0.4627757158627327
83800,0.6013604942268349,0.31772125320775757,0.2324984461701597
83801,0.7231277745043292,0.2151426301813651,0.35294663900411855
83802,0.7286460238032478,0.3496937561147021,0.4895152777579208
83803,0.5965443805319388,0.38102148755325516,0.2719449465039006
83804,0.5884594888978816,0.38134112284927923,0.5003480632920886
83805,0.6157245010944656,0.3223951071733374,0.36766558769750046
83806,0.7976332260206668,0.3517900369477103,0.4292743705058372
83807,0.5927890381174715,0.3117200377805344,0.39907089780218885
83808,0.5202026545344728,0.29155908531892294,0.43406622321551064
83809,0.824651353308853,0.32568174326656313,0.37199475586442543
83810,0.6272474735343828,0.4657010497094555,0.4426002295027545
83811,0.5965020094986511,0.38646591115310275,0.3844004508396427
83812,0.6809424033805697,0.3679441854613239,0.41834659255737394
83813,0.9073113027770341,0.3414097801464322,0.5071461301043552
83814,0.5615132790747517,0.3182187730925338,0.4256728043494595
83815,0.6067514038428243,0.3060628677881088,0.4033644670506449
83816,0.8114643095177472,0.318878568829438,0.3518030290294182
83817,0.5731479116494509,0.42463422298791553,0.44813622044026524
83818,0.6251434231861981,0.32008305446576246,0.32837290330988994
83819,0.7404084492270075,0.3328780240793728,0.27034938148928234
83820,0.8619172888597527,0.47057596070538366,0.347839863035168
83821,0.5437822478506678,0.3308259909204512,0.44492403699475436
83822,0.6261079419803132,0.33068038959973883,0.28991212500346014
83823,0.8621806690153343,0.3901938894314486,0.27057484403482623
83824,0.607610470878158,0.3096971936467096,0.4151600034921246
83825,0.6183176989649054,0.3465693271126501,0.3594883479746032
83826,0.9049809412628181,0.38921834339243777,0.28176563666650406
83827,0.6391741263641693,0.36338880661998835,0.43100496972055535
83828,0.6065020265207038,0.3458225487685671,0.3317815018657281
83829,0.9020311922801769,0.4164781423946277,0.2491038629245773
83830,0.611539285287733,0.32770654708758534,0.3673134431622074
83831,0.6175433286795343,0.38536078509572963,0.35260799721549363
83832,0.7616402341329268,0.3711809698626882,0.31813816777630854
83833,0.8976966582331412,0.3557138464238783,0.278572884543776
83834,0.5913612929038186,0.37962192708960574,0.4287876294425853
83835,0.6223302584755669,0.36767814932917,0.3716075616462914
83836,0.9072153221903992,0.38787647336943887,0.2744316176748064
83837,0.6293451342401144,0.32131862005342665,0.38181478469980284
83838,0.6147316141005237,0.37067650512152855,0.3647792699749309
83839,0.7605814567834763,0.35514230537180724,0.34664100840607664
83840,0.8997143351166771,0.39378864336085456,0.2502193161235673
83841,0.6097679495132372,0.3790782686044999,0.3676187759224429
83842,0.6437409080535578,0.27293346182520956,0.342667854773177
83843,0.6033119635385703,0.3912599592667842,0.4047126461723025
83844,0.6492391274094678,0.2606487328729194,0.32136888158692795
83845,0.6038677717987574,0.3888356886818055,0.3897317881324072
83846,0.9039694744574881,0.37336361445428656,0.36398836222093045
83847,0.62469922974418,0.3061364763896779,0.42926276050964063
83848,0.6091340154119932,0.3915899774669063,0.37629190781913135
83849,0.9017416191221992,0.39505281350550403,0.35571562309700416
83850,0.6119705634950058,0.3235656936591961,0.38699662005464436
83851,0.628963387091006,0.32472514087045956,0.4518213042112042
83852,0.6093146021153643,0.38872852473454217,0.3663961605151093
83853,0.9059653087334896,0.3802826167189157,0.34903112131303615
83854,0.6213116316453602,0.30249070183218757,0.43876005849004546
83855,0.6047013708975051,0.3889591489752359,0.3734068406638376
83856,0.901254374897696,0.3923478950855845,0.3514778139394515
83857,0.6217658400588828,0.34043688140416156,0.39644294051899825
83858,0.6048625167738382,0.3885429389189094,0.368273887279882
83859,0.9076312380658169,0.40630509672910714,0.32064055289539617
83860,0.6160364606593354,0.358077022900969,0.3524492343199058
83861,0.6044529452242605,0.388694281779305,0.37865823459851194
83862,0.9067437575140432,0.4084566269888885,0.342523329755021
83863,0.6526608489179834,0.25446406321964654,0.3096271110885333
83864,0.6077601969679793,0.3927968697366309,0.3840751005532138
83865,0.7575422528064926,0.31113013755366753,0.3154191599006752
83866,0.6367550349214212,0.3643811303318463,0.39985545132246303
83867,0.609192972325691,0.3881044503133924,0.35791993381592385
83868,0.9014661847475219,0.41392480749844396,0.3367878986863399
83869,0.6198179054429724,0.31189493126777484,0.4307867964295831
83870,0.6056360260435596,0.3870736204671312,0.3897519155057262
83871,0.6298777403943728,0.3251879364733187,0.44258338064364533
83872,0.6048615651249621,0.38981872966483416,0.36940917422237446
83873,0.9046648125695392,0.3885404635245549,0.3447371549249722
83874,0.6461426885500856,0.24891783902697023,0.29875592342174945
83875,0.6260118707604522,0.34339831256406556,0.4059613122479579
83876,0.6051149303090393,0.3902153772296647,0.36535630537541475
83877,0.6323966643358728,0.32605649046745183,0.43728988146075587
83878,0.605107498384484,0.39267866965620385,0.3646304862682136
83879,0.6070356749570645,0.3862042757220236,0.3708095560780223
83880,0.8990331357879261,0.3845525688389872,0.3455467535898801
83881,0.6499684076647625,0.2607328275200179,0.3134019272864079
83882,0.6053179487359156,0.38872047970289,0.36104865034554695
83883,0.6168976575754866,0.3151970385757162,0.44317033608454753
83884,0.6101307996346654,0.38551247176089676,0.3892270912890114
83885,0.8893968299029512,0.4125350110903039,0.3198729580813567
83886,0.6216414006391949,0.39246234769400273,0.3451583088044702
83887,0.6157245917276919,0.371603609068241,0.3676944436924141
83888,0.8944245268646074,0.377228323890241,0.28473640306364645
83889,0.6253889485962016,0.3948475620569439,0.38405868263282805
83890,0.5985144296550625,0.3027865114575497,0.34517107642037487
83891,0.8910349348348094,0.3739692953201634,0.30423774705167783
83892,0.6220767120250371,0.41392370732317524,0.4037626713306742
83893,0.6038258086149879,0.29295837073875525,0.339851965957666
83894,0.8897737734910667,0.3746055748106999,0.2915055737445496
83895,0.6181732749188218,0.40554164385360847,0.4115921604033019
83896,0.6032619793142746,0.3018626048952118,0.3697894480715965
83897,0.8871827508180576,0.35136382217253437,0.3020557500863652
83898,0.6154263630966041,0.39848154411077313,0.4116524157765754
83899,0.6115548742026539,0.30409847046543176,0.3407108437330677
83900,0.8796583803719542,0.3892499390509347,0.31081814967215027
83901,0.5975418445038082,0.3332915524584819,0.38727263208212725
83902,0.6086750940707039,0.3113159296521632,0.3421728118021644
83903,0.8842881974702234,0.37815075209206167,0.3186752399475262
83904,0.5941385215402282,0.33980744362857707,0.4197685889474256
83905,0.6537716950559341,0.2469562952838963,0.33121462732436097
83906,0.8839971741806252,0.36816487374412243,0.2802495641350555
83907,0.5898787145882638,0.3294069367262601,0.42351106361659396
83908,0.6499790117522377,0.2172271185107123,0.34717941141746966
83909,0.9049867417893003,0.3525867357446089,0.25781436291218995
83910,0.6109966641619703,0.3567036259804275,0.43892584315189187
83911,0.67889164536944,0.267118966769365,0.3746236679726307
83912,0.7627551134494471,0.2855043394887838,0.35203337845177274
83913,0.9003556558258632,0.3531079781586157,0.2764294428633218
83914,0.6172779545929746,0.3674109442607932,0.41724092208989527
83915,0.6762926922891309,0.22861996631512582,0.3330122501852445
83916,0.8866528183439747,0.3626705984524135,0.2898073783756571
83917,0.5892017750211481,0.33999289192230125,0.41999336996549075
83918,0.664176978549316,0.3130694027475511,0.37633082750070446
83919,0.7652246875992355,0.282949835656377,0.3337731527744021
83920,0.8931973529807211,0.34869720360415524,0.2830145166271876
83921,0.6005136173604365,0.31564126872091647,0.3740682893554451
83922,0.6479418487250507,0.3848951015327904,0.3747386525637829
83923,0.8973987468183454,0.3740313864618886,0.2839040681561869
83924,0.669222439623324,0.3101847775735907,0.3877376656634075
83925,0.7594189043899305,0.3047514932483382,0.38755948517592764
83926,0.8876447990056539,0.3505002533475873,0.2701045272292942
83927,0.6293543788291955,0.33293210456992306,0.35953341064543026
83928,0.8876446177392013,0.3947822391503669,0.31657988912740925
83929,0.6153553972804238,0.3123362390724178,0.40872266619050474
83930,0.6533621688229695,0.3399764580542256,0.3642918951782621
83931,0.8889239963614272,0.38742822070841254,0.3081202768059687
83932,0.6416729297294341,0.363283292935628,0.3531176118302042
83933,0.8942135327138181,0.38699726142739055,0.2820720240647675
83934,0.6117673184850637,0.305787652068557,0.41770599792007
83935,0.6503109559435031,0.39683705712793726,0.40758694830928877
83936,0.7974049209236572,0.3572416460672814,0.36673792872192396
83937,0.8934921828658232,0.3673399485754873,0.27711501567366387
83938,0.6145882776531554,0.30533785228605914,0.3923001237757411
83939,0.6489129384280713,0.37655264437289554,0.36547261658185287
83940,0.9011287572460663,0.37946473954809534,0.3117415626338339
83941,0.6180200594497887,0.30967481195608765,0.36872530826736843
83942,0.6251116109237724,0.33182106507048076,0.36056275426018414
83943,0.8040335631943953,0.3277591492176183,0.3855316987878251
83944,0.8979348423518156,0.3943906798961539,0.3356252344602398
83945,0.6363628196346768,0.34553110546380256,0.40941646908548684
83946,0.6254469085444103,0.36744659681559333,0.31952139235591764
83947,0.8971600189003132,0.367710226314347,0.3106561505112471
83948,0.6378446275678082,0.35024590657766297,0.41371700940152817
83949,0.6366032242673954,0.3510711067901154,0.3325497895616366
83950,0.8043839512472094,0.34081908916859094,0.3105105312467246
83951,0.896835733216669,0.3529591794535289,0.30838060181893995
83952,0.6329890884194787,0.3441340891554619,0.34750218452133674
83953,0.6145653474469055,0.30423527038399467,0.39537147475647144
83954,0.6659616374080757,0.26554447843799794,0.3793806230954832
83955,0.803219948722043,0.32527189359850855,0.2826565142826782
83956,0.8992744920695205,0.3561440837148803,0.3100140813875267
83957,0.6118332541571854,0.30937497981489953,0.405820893822343
83958,0.6675720085726911,0.3151112592852375,0.42846280304244766
83959,0.6078520537428183,0.3090088964942515,0.40719119446513796
83960,0.6572326154348175,0.28555230025440226,0.4135454788900357
83961,0.8047058804669704,0.3229513489130786,0.3209173211780898
83962,0.8924298708205476,0.3561192266299039,0.3379117066042086
83963,0.6175027703107722,0.3187131643538898,0.3966452535749916
83964,0.638770128758008,0.30942053394711766,0.39121319491784334
83965,0.8958955947604242,0.369463493126872,0.2954378811462889
83966,0.6258802713158876,0.327167976913097,0.39257753846651994
83967,0.6362570959762165,0.3306145509860048,0.32245420921172585
83968,0.7897455976036167,0.3679540526582647,0.3288415956454301
83969,0.8934634521330911,0.35782858957311375,0.2974440551124322
83970,0.6309355660949473,0.44347929706725026,0.3587974180044441
83971,0.6428765389744866,0.31779125185922635,0.3789641081445965
83972,0.8980935411310392,0.3560889030490614,0.3066982297172437
83973,0.6549405011420933,0.45369215532530566,0.3341216723545508
83974,0.6340049056196705,0.3541114067645917,0.33226100146847015
83975,0.8032839357797996,0.32303509975540573,0.34428328772649675
83976,0.900405685366772,0.3558329060162341,0.29220388037168077
83977,0.6561289293217432,0.45649289213503047,0.32916222673034823
83978,0.6811483673873001,0.252241296611219,0.40238070999300934
83979,0.8901607773672996,0.3587109645190596,0.28826590739319485
83980,0.6292006648774178,0.38579535432685197,0.3345480650969614
83981,0.6804491320465185,0.2544404094513702,0.3945904278944371
83982,0.811307604669502,0.3389945516269428,0.31191320721734145
83983,0.8873203320555569,0.36880211588801914,0.3042055956429966
83984,0.656452036773446,0.43122454789103115,0.3348815398457942
83985,0.6778674445958167,0.23737383745478535,0.35150791205186216
83986,0.9012322603904827,0.3582472750237948,0.30232817729515343
83987,0.6610720654832765,0.39962768607738125,0.33696285135828336
83988,0.6456824530270151,0.2996022260447868,0.36853087040530175
83989,0.7995008142814762,0.35521416056904187,0.29253767832455624
83990,0.9083023771064505,0.35297839814025334,0.3046337079154115
83991,0.6609181702650461,0.4001545325091628,0.3440348050786416
83992,0.6708316778726108,0.23083767899341284,0.36150525104749376
83993,0.9063595632678251,0.3431596432917197,0.294888121632066
83994,0.6897950037578661,0.42499759025086903,0.4050509753191084
83995,0.6574932312769973,0.29495941765006967,0.3778232696973725
83996,0.8052166893303074,0.32348610285460366,0.30289432515553594
83997,0.9096254409437452,0.3473162773591188,0.3033855931878288
83998,0.688980482953251,0.3589109213741393,0.35720631618944176
83999,0.9020974451685905,0.34181100031472317,0.3067497099951387
84000,0.6851564405532605,0.4193355382306887,0.38185306219818027
84001,0.6955630835450368,0.2886100311307914,0.39523614309774907
84002,0.7922954727918927,0.3413484453752042,0.2990873997978745
84003,0.899477238596718,0.352556790349015,0.2932513339750433
84004,0.6697006205251986,0.3874665205599529,0.36340225175791735
84005,0.6881592099732781,0.3637316143576087,0.36343518899603544
84006,0.892694157308392,0.3583704258929309,0.2804654945378432
84007,0.6676971277415762,0.4038265393707153,0.3464089014297127
84008,0.733742012900909,0.36007143438019434,0.3039927182509444
84009,0.8109472469617965,0.331042725448378,0.28058094386683446
84010,0.9009485783922135,0.32917999119662095,0.2785203121319593
84011,0.6516627505135301,0.4184727945371931,0.3020115661925428
84012,0.7296979130275008,0.39779451903596946,0.3600645890958713
84013,0.8955948737156135,0.3187958494014253,0.24791229622977967
84014,0.6233419065473497,0.39893161893708823,0.33811547724706065
84015,0.7292571183314681,0.29127173329093875,0.38027519273692156
84016,0.7911011081359213,0.3577860953033617,0.3036245782842102
84017,0.8850833227644135,0.31925180328933234,0.24104627207078025
84018,0.6602547803652598,0.4644536572376532,0.3184707848725839
84019,0.7242331373320896,0.3004970811039367,0.39649901325172066
84020,0.9046453264258882,0.3947796949950581,0.27468377538235417
84021,0.6498307357940369,0.4313609352438684,0.3177721402542971
84022,0.728958436534249,0.3184776237049642,0.4065298894197716
84023,0.8038829307723111,0.37297442745299664,0.34203566344098046
84024,0.8997671742876007,0.33442693333574336,0.26565296401512944
84025,0.6422041763852983,0.4119763970976396,0.3450500671368732
84026,0.7414497796803983,0.37807380858420947,0.3968427333574591
84027,0.9120473420165082,0.4288829279731109,0.35704522960465884
84028,0.6449686710534149,0.4070499497664699,0.3312041580483147
84029,0.7209142392187933,0.30953299248786137,0.33675140409130855
84030,0.8167005535330832,0.3523138922779802,0.31366217625136916
84031,0.6281674007811661,0.3859976490543776,0.3497830079881168
84032,0.7323564574540914,0.3183971046274888,0.40555646644172005
84033,0.9333292017799494,0.31284826751854955,0.32464122323325517
84034,0.6118958817165476,0.44048871126272665,0.287498749855213
84035,0.7208085608769461,0.3227225124571964,0.34639856735012875
84036,0.8113383293332124,0.33721659963182715,0.2808725309492586
84037,0.884353815926053,0.3298342172962275,0.2936900993061954
84038,0.6124631550798597,0.5242816696742922,0.35336448902007
84039,0.72283933426168,0.33662171423577414,0.37513797221462586
84040,0.8887807958638984,0.3305571012086942,0.3328940124292191
84041,0.649574560979945,0.3609898056857118,0.35504062096005506
84042,0.7225292779945622,0.3386894248922742,0.37531170811840897
84043,0.8188469295979424,0.3920837842601508,0.298205680157685
84044,0.8917627196418706,0.32234023593181277,0.3353355549154003
84045,0.6221866954451329,0.4192245236699851,0.3057484048591907
84046,0.7269156542470324,0.3391787278430126,0.37630666958285436
84047,0.65389898942225,0.3482120263106743,0.38192675271989085
84048,0.7254654773098741,0.32565688618158667,0.3505009772507279
84049,0.7897972585425986,0.33115208974617866,0.32193419714408966
84050,0.8930703758306971,0.3327614398813714,0.3393793951736147
84051,0.6198735089272976,0.4208132798993676,0.31439143019368954
84052,0.7248279178795788,0.33688035856534165,0.35228594234283234
84053,0.9045015821290017,0.3401040096244364,0.3422525861646768
84054,0.6166974940952382,0.5243891774263271,0.355496199238756
84055,0.7252999810386793,0.330954264480682,0.3782374947581797
84056,0.8254782908654689,0.41358169033652925,0.3056309761694942
84057,0.9152501389669346,0.3717770929559185,0.36859533376846315
84058,0.630353519515751,0.3818627778290118,0.3298917848647087
84059,0.7321560673907773,0.3369335795439633,0.37525257656572797
84060,0.9123339242780184,0.38998695333950834,0.37698069154545205
84061,0.642469233255566,0.4062517038480998,0.3489648074482976
84062,0.7288096620933038,0.3337745981623798,0.38251360676344637
84063,0.7760096789941346,0.3036105771142563,0.3118914405869176
84064,0.8916181596459475,0.37756714349251247,0.4061428810967732
84065,0.6353232565291985,0.38201233290459585,0.3284026676560344
84066,0.7215077509011146,0.3381721018526621,0.38706922900465696
84067,0.895904839349505,0.3869163641646665,0.39035397070150707
84068,0.6252128029209186,0.5224541754116095,0.36448183775795867
84069,0.7221302652158467,0.3321823351243284,0.3636563366091774
84070,0.8018378826544373,0.36563938703442667,0.2912958882564736
84071,0.8602376739102564,0.3402319393798957,0.44697576160645575
84072,0.6260181697696788,0.41283202403236613,0.30600738846976294
84073,0.7232707937354054,0.3404825386778112,0.3311287353219313
84074,0.8921670344643238,0.35834938504091773,0.3951218091395715
84075,0.6303976125803382,0.3952719890473082,0.38484687800780437
84076,0.7437283896224062,0.3706729983128597,0.3449377188767351
84077,0.7970739283812678,0.35273890373645606,0.31189134341446034
84078,0.8931984405794365,0.37065364210422663,0.37936237157307806
84079,0.6370048200930601,0.38738067250851993,0.3300308724501483
84080,0.7338252142026378,0.3369454751890557,0.35352166335722623
84081,0.8913278614221596,0.35306950640468965,0.4036351050187529
84082,0.6298083153430392,0.39269255936897063,0.3349985904078854
84083,0.736521915217494,0.35731986165278795,0.36830070687808286
84084,0.8251864518768341,0.4283518183621633,0.3386887736203852
84085,0.9009409652012057,0.3430709416606837,0.36160938612254956
84086,0.6458281459382668,0.3671356597802871,0.3471004228843942
84087,0.7331822167787655,0.33740149783791706,0.36298478198201595
84088,0.9109326439664404,0.36270408503715346,0.36779306106185394
84089,0.6524569694754573,0.3582601333222473,0.30645378606369855
84090,0.736959311167541,0.3541303504074991,0.3464415851744641
84091,0.8347711874560534,0.4117560870000896,0.36732272946920885
84092,0.9012924408527353,0.35475428730674025,0.3397183707285058
84093,0.6196129837183442,0.39398502464631113,0.42862226726968344
84094,0.7264140446561633,0.33115057700518424,0.3344316144691715
84095,0.9069160512772093,0.3676683165127063,0.34692340001662236
84096,0.6552974601038132,0.4708635533967078,0.3119089147296647
84097,0.7223552622000968,0.3322186065277172,0.3367837794191304
84098,0.8264244111146483,0.41385240221357494,0.3579457056415422
84099,0.9135635452590144,0.3672197888078628,0.34076685731733786
84100,0.6512462455221416,0.44407782679388075,0.3120462405362054
84101,0.7260366932185295,0.34899927047635787,0.34043618367020745
84102,0.9009177630952769,0.3668467606308313,0.3850941861363937
84103,0.6204104654764178,0.47592243432584314,0.31806167615289543
84104,0.7278156421840333,0.3312964533697137,0.3547616261606236
84105,0.7996467337757936,0.34700840018627854,0.32244758036018567
84106,0.9021385020200972,0.36680942343265105,0.3823855250150127
84107,0.7163698439362969,0.29433369296601686,0.33768701430882175
84108,0.722659699207185,0.33362256769244125,0.3569860642528623
84109,0.9021825497680712,0.3699574374420251,0.37031146696171946
84110,0.6548679945610661,0.4143985360930353,0.4061967906860994
84111,0.7246357301232434,0.32794576644756546,0.35634001105839463
84112,0.818796356257676,0.36236732826351076,0.34032038790028163
84113,0.8993895962669013,0.36711836640028284,0.39349986563161604
84114,0.6728136452649908,0.42316057259601697,0.3809117483799154
84115,0.7244231952076073,0.3290341492125686,0.3651588931911783
84116,0.9024346007703672,0.3762243451966307,0.3686924217279237
84117,0.6729488700386066,0.42066671592529525,0.37777982093431367
84118,0.7253341044483753,0.3199006660345043,0.35311900604372126
84119,0.8287228697332123,0.38381565769184506,0.3441136499654759
84120,0.900091731870924,0.3668374091410476,0.3906741159241389
84121,0.6715845680833525,0.42196550721043047,0.39343633174413273
84122,0.7239964486616486,0.33124453884922356,0.3510665801003719
84123,0.9023804021010493,0.35315091937457077,0.39021920517797043
84124,0.6735435599528696,0.421405655520589,0.36630963477926287
84125,0.7215511642165046,0.3225573142645111,0.36096795495713546
84126,0.8140374774451782,0.3741235949015935,0.31512638773676155
84127,0.9082494473023005,0.342149441731746,0.3529805648663669
84128,0.6685774029518603,0.4344239950942153,0.3948398315681914
84129,0.7221474855288407,0.3319596871543325,0.3603735130121356
84130,0.9093563508949078,0.36212645864062765,0.35590166187885297
84131,0.6808637790567681,0.452855093848238,0.3546246974936908
84132,0.7237968289807581,0.33808797282508635,0.36600163188889767
84133,0.8102985849612815,0.3701853112445471,0.34763219281935764
84134,0.8998262671511379,0.3534696607781891,0.3663018947817985
84135,0.6966525855581975,0.4915869017034695,0.36483017144297175
84136,0.7151821861390705,0.3375270209599762,0.36448117022542625
84137,0.9022592254775075,0.3394676269924684,0.3483761029031649
84138,0.689528542072591,0.4921889726192461,0.3485278271329363
84139,0.7072142566835325,0.37260191498312234,0.3497905113917722
84140,0.8254935172474845,0.37123161230552393,0.288371095521945
84141,0.8984983997528501,0.3543196493146636,0.37155896696788776
84142,0.6591769247216765,0.4411116511281306,0.33045601885017234
84143,0.7040087407363176,0.3646480259759288,0.37085283584550327
84144,0.8993208056481516,0.3555522238008162,0.3582611105382161
84145,0.7306203326880069,0.4521375732902061,0.38157230139496046
84146,0.819387556792727,0.38035182461941014,0.3415346549260707
84147,0.8992068796827126,0.3555678325374403,0.35918273637166426
84148,0.6821375837355775,0.47168665640005447,0.38653243990103214
84149,0.6878791533040602,0.38773864203656155,0.36084522191873997
84150,0.9025175301724171,0.3544160177921032,0.34500942370040627
84151,0.6780139078894918,0.4804545032036739,0.38835716120281993
84152,0.7687102602156682,0.44779731309437154,0.35795783107425116
84153,0.8238957441013227,0.3495448198877067,0.3738415141895616
84154,0.6715238891383553,0.47978384323599155,0.37182083406550664
84155,0.7231893144649759,0.5252647106573209,0.4016959906103353
84156,0.71020605948317,0.48346159163722735,0.35584364569698557
84157,0.7335429370193762,0.5162787541066889,0.4441915256626714
84158,0.8572076238891273,0.4132159164401756,0.3165383288899326
84159,0.7146515739157905,0.4554880195490143,0.34029137558445854
84160,0.7325514548404416,0.5341686353894831,0.4116197827304974
84161,0.8996130978029178,0.3610526875784114,0.3424127052497766
84162,0.7134692634789147,0.4753338405571077,0.3632820621029681
84163,0.7380350822469197,0.5556964181005012,0.42294699017692927
84164,0.8170096128347117,0.3331632445177739,0.3008372940826908
84165,0.9062266949580926,0.36783282709584886,0.35140349813410293
84166,0.7181677805627071,0.47010683909472983,0.34056427386842
84167,0.9155319176674518,0.36686842033143313,0.3570228545901548
84168,0.6945299553986247,0.42585400793656975,0.3505690740188125
84169,0.75119421100433,0.5956322990263316,0.4584875544727671
84170,0.8013267112581951,0.43722806681022314,0.3648851457044383
84171,0.9033592409449173,0.38583141944737787,0.36731926505986345
84172,0.6787962085821627,0.471887300864677,0.37923502495540795
84173,0.704611179791428,0.5599512084301513,0.3311313927773926
84174,0.9027068629821245,0.3766930886220359,0.34372867803919027
84175,0.6970808275523898,0.4411502260234882,0.38899209448826666
84176,0.7007909439869413,0.5382609779646196,0.3190119509616744
84177,0.8490736543630373,0.44142606059162853,0.40009338019648305
84178,0.901848113163083,0.3857047617695729,0.356015336754277
84179,0.7116203909793329,0.4179026287042079,0.3969053039701489
84180,0.9060208669012015,0.37459336974131313,0.33986322106314915
84181,0.6705111081512439,0.44489707918378696,0.34677258836297126
84182,0.6889026743284862,0.5280293135855654,0.34289620582282376
84183,0.8304823325550649,0.3720372844069576,0.318699651358743
84184,0.9077221431917798,0.3681962975002337,0.36854274234464396
84185,0.6691241025728057,0.42308445421961627,0.35837228427908835
84186,0.7051434687293944,0.5616302821729958,0.34117276357082654
84187,0.9118896402027739,0.3712897840728545,0.36118770835676034
84188,0.6836196635683878,0.5344796068052664,0.45194282893121823
84189,0.689946179979308,0.5264637985587335,0.3390556841442907
84190,0.8333921122849149,0.39551168973396844,0.328160032255172
84191,0.9117785238673496,0.3920198021921826,0.3658164042858225
84192,0.6636305055114362,0.5425478108989696,0.3615730013746438
84193,0.7077058059862844,0.5561429517376704,0.32628447708357433
84194,0.9035929840355038,0.39119085450772123,0.34568035304392974
84195,0.6795917417258712,0.5611519809749441,0.33853814786186964
84196,0.7188559133332688,0.5746493437366422,0.34512932606287317
84197,0.8088918666561264,0.3577291268527311,0.32933570914076465
84198,0.907388794185507,0.3893886298957407,0.3431250934334301
84199,0.7054286914925102,0.5458592696966945,0.3519878425933277
84200,0.6835695887108658,0.5242723181845087,0.3633932020447248
84201,0.9039050342335999,0.3768240782399612,0.3544761250314458
84202,0.7007519263830261,0.5304435106907404,0.3401239389908388
84203,0.7126961167420983,0.5832165460756389,0.3748617066937763
84204,0.8274842760628142,0.40781374644674007,0.34857180823206524
84205,0.901864064610909,0.38467544466430614,0.3611172203012495
84206,0.6934967366189863,0.5211961937528463,0.36679100178313995
84207,0.7011356674631127,0.5602136002317278,0.382448366020627
84208,0.9052461340829253,0.37895742122733256,0.3374382992920471
84209,0.6942555179894366,0.5281128581450295,0.354434932359351
84210,0.6917612916020989,0.5399481655000704,0.33538663382879796
84211,0.8108258890718022,0.362099641868454,0.3321138612437473
84212,0.9079501763891105,0.361684978933599,0.32902992009246895
84213,0.6980729441639084,0.5212931810788746,0.3528754580667386
84214,0.8967880601396434,0.371092921460718,0.3572816206189206
84215,0.7252570662060339,0.5457063453343503,0.37864450370781366
84216,0.697263408186739,0.5548624164858994,0.36769868548141754
84217,0.8210102540761168,0.37588346276573054,0.3456822626939592
84218,0.8924595078855425,0.3791227913224036,0.3567264363466495
84219,0.7048750131131409,0.5138204468493358,0.38418199870596703
84220,0.6770029395669062,0.5146854596543231,0.3246947399078629
84221,0.8838760881903097,0.3552599209841229,0.3091529179469349
84222,0.7158777055175743,0.5523798709921587,0.40358652723990707
84223,0.681254317628826,0.5109891801759057,0.34245440913349445
84224,0.8137608648385593,0.4302136931019917,0.3950562557549332
84225,0.9145959483396162,0.41342635934078475,0.34040418435754627
84226,0.6975906394502377,0.4940721632549049,0.3636761344411196
84227,0.8775550550895798,0.3433862793970645,0.3210609293952361
84228,0.6956947283062144,0.5702460297457224,0.34983968065514043
84229,0.6874454279996778,0.4946285768970319,0.35944636947307146
84230,0.7921424839059252,0.37752702147568334,0.42033754635928944
84231,0.8899705382253293,0.37946298614376095,0.37810422484550676
84232,0.7041880585745208,0.5883851007268689,0.3339155019744936
84233,0.8951343662928642,0.4021226429233715,0.36668813417491775
84234,0.6853698818011594,0.5033843905336501,0.34923375546062735
84235,0.8046012897238386,0.38131970381201746,0.3618285142385365
84236,0.9072832064768861,0.4190293457012287,0.3761412144623847
84237,0.6893090283985309,0.5070323998221549,0.35254963459269173
84238,0.910699263408759,0.4263805105635799,0.42107543175074724
84239,0.6878420389978969,0.5357187823430309,0.3460963863574196
84240,0.7063256885330438,0.5675149134022177,0.37187478590372736
84241,0.8046278452591398,0.3504662166752129,0.3873629686682537
84242,0.8532643534799601,0.34432943902660407,0.5197290507420376
84243,0.6869479422206045,0.5330703510470619,0.4042980070723297
84244,0.6839953836079484,0.5195674186480661,0.34418436194012736
84245,0.8663829691852214,0.37558211788354795,0.48480643567607506
84246,0.6951734059886284,0.563099566244297,0.3480424887329803
84247,0.690627424624672,0.5004253660071464,0.3424752631877981
84248,0.7978814704274588,0.46513961651766533,0.4191361060978573
84249,0.8515399657166793,0.43913002918640354,0.3757341463642984
84250,0.7034573281876056,0.5232724307676786,0.391797547826847
84251,0.687654473536102,0.5111953598973488,0.34356293140134886
84252,0.8323229121144418,0.3770187405015605,0.44390350649938404
84253,0.6791363097637937,0.49785260614137516,0.35046798086415754
84254,0.6665527019932872,0.44063699426065633,0.33469277601025305
84255,0.7794094219452763,0.4146691104481724,0.4141089946442935
84256,0.8877521087455742,0.3176118545294797,0.4030621255121368
84257,0.6999113485258543,0.510495098338844,0.24855981968577437
84258,0.7180822681137082,0.5163747443988798,0.33161851408069465
84259,0.7471982826906918,0.559363508553822,0.30127499896659204
84260,0.7405458491980541,0.5809608429701059,0.4051799696436623
84261,0.8325918208968266,0.4367825989678456,0.506422491040108
84262,0.9139361384522682,0.33683831124179237,0.5325071612721082
84263,0.7901505468586539,0.589062808692366,0.33118922306412435
84264,0.7416212577445278,0.587809571539449,0.3918764856612491
84265,0.9050042340019732,0.4010294125110908,0.2593396578491872
84266,0.8404569722737582,0.5907105274400536,0.3565979152097135
84267,0.7416989304194532,0.5738549484317124,0.39164310276827263
84268,0.8245705991042339,0.5072817270424159,0.3485201885328186
84269,0.8263906955544706,0.38719539611718146,0.4170750360307022
84270,0.8316966365208189,0.5783466890098511,0.3731271107336426
84271,0.743560219671036,0.5788376422234925,0.37618958099675825
84272,0.8899752511530962,0.3806346728048883,0.46528149779293465
84273,0.8572270193995521,0.47132872125249003,0.27030661029286834
84274,0.7426238424936823,0.5745088651070246,0.38444805689391603
84275,0.857570609960395,0.4566198936176069,0.38864672667564437
84276,0.9191628659788442,0.40685759099683944,0.5377487957121632
84277,0.8593324292461311,0.47120770197293693,0.314776761235578
84278,0.7480130753949855,0.5768323665134891,0.35684944822774844
84279,0.9452983162762498,0.37775046019665365,0.4230893013530158
84280,0.860371267285799,0.47912903266827345,0.28922488230556476
84281,0.7429498048920128,0.5744748284346503,0.37684007032514377
84282,0.7761241487589313,0.4844428104549673,0.37541290267041066
84283,0.8355497268698335,0.3648215786245606,0.411561301810791
84284,0.851869417494222,0.4811956431495049,0.2941049496506405
84285,0.7262751945534961,0.5128733334649245,0.3148088281464704
84286,0.8530510934985136,0.36667956837047155,0.4326422326776406
84287,0.8506629986191547,0.4849224524916277,0.32170648405274915
84288,0.7231334390809718,0.5132700154102322,0.2998772069681744
84289,0.8719469429468004,0.5129491767975081,0.42712430736739937
84290,0.8384147337858993,0.3728417875721683,0.4553480053266054
84291,0.8523976279370055,0.4856496339637376,0.30906104772593973
84292,0.7534075650234133,0.5911517664837422,0.37611238381680767
84293,0.8219763136350787,0.41905798463869104,0.4079800066739734
84294,0.8183099277322092,0.6365159809461161,0.39554061398053775
84295,0.7286088641804713,0.6257252556281947,0.386932697477332
84296,0.8651847073005198,0.47377454839663913,0.4825909543494612
84297,0.8165333352305889,0.4092106596136493,0.37472362885691424
84298,0.8666695514467316,0.4863837946727081,0.27323800880707994
84299,0.689483316092675,0.5258026619832206,0.3821897436381023
84300,0.823996981415082,0.40420386510739,0.41941609797119794
84301,0.8624717829381586,0.47786035868111787,0.27884367672034877
84302,0.7354257063455881,0.5863431754282281,0.44394291626813287
84303,0.8186705573395936,0.5965805813469658,0.2846233312911908
84304,0.90601334434342,0.3426781103288163,0.4221125407123022
84305,0.8600758936013393,0.4831838317623668,0.30902238998751225
84306,0.697708462644407,0.5882594057024241,0.42005388728190995
84307,0.9036756415378749,0.3421320452103102,0.3983150228314716
84308,0.820561710239237,0.6457117959292458,0.38181105834731177
84309,0.8435152998614879,0.3578083738525521,0.36167571688684597
84310,0.9202636971452904,0.3415856362870327,0.42813892301754586
84311,0.8688288880629496,0.48296850683400294,0.2605635850846937
84312,0.7412459908710987,0.7125112752386383,0.4229209479583864
84313,0.9177028553366341,0.5371625561002897,0.3037575186555063
84314,0.7975523811828213,0.5802973685221471,0.3728532280504403
84315,0.7797747644804274,0.6839978952787598,0.43821214102762085
84316,0.8502154517477639,0.5501265745200258,0.4648534319943036
84317,0.8591791684604847,0.4219376246434653,0.4438820778601158
84318,0.7978455796698504,0.5805858207253999,0.37214342972401704
84319,0.829842643243952,0.30845973713280234,0.4253318388716395
84320,0.8052543021192153,0.6481603047506121,0.38481060310702425
84321,0.75440960597321,0.6777267587254653,0.3696212467729872
84322,0.8468589408455597,0.4766508878756074,0.44802958423065764
84323,0.7940635457702424,0.6627803963739821,0.37342319943577107
84324,0.831722195090631,0.42484305000609884,0.34022529408863944
84325,0.9734692075695432,0.31634644668765305,0.44639784742896715
84326,0.8493238927008075,0.5755433736643404,0.4865303764650269
84327,0.8482470793393265,0.42710951420097854,0.3704577833330004
84328,0.8769815280336543,0.26673565882966693,0.3772254731901528
84329,0.8741882119995792,0.5249707231972475,0.3708380233831069
84330,0.8305684341200348,0.5212082269198474,0.2686193724388087
84331,0.897333218995742,0.28940934284395314,0.5350170497948512
84332,0.8569073560104482,0.595001898597387,0.36711211873034433
84333,0.8583182434440123,0.6042111907275578,0.494674915543615
84334,0.8397876458976503,0.4936973472930619,0.3472825156195008
84335,0.9203383789237486,0.3634744140080812,0.49817986692815014
84336,0.8457746955595234,0.598711070754734,0.4071211204487928
84337,0.8660539705738103,0.41706202603799414,0.19583304730831788
84338,0.8660684718900157,0.584949803450465,0.3355102245197509
84339,0.8297366023691995,0.6550482270639015,0.38681309085712634
84340,0.8362138871520431,0.47764826551760575,0.41915983307698396
84341,0.8800186474464335,0.4041528100988285,0.40069955043458394
84342,0.8670677032097975,0.5924067226605166,0.4220880532530753
84343,0.8219392446455285,0.5831186992376822,0.3183265682713574
84344,0.8485375588295669,0.2711436829459558,0.4654906974187244
84345,0.8463697026900783,0.5212919090012202,0.3465985060182536
84346,0.8252414662451886,0.609556736075134,0.2936497896359947
84347,0.8171314238908375,0.4390490287822482,0.5095447012399847
84348,0.8498678733249645,0.2817590334499566,0.47040838423564635
84349,0.8646768893336501,0.5104345199381132,0.32913353128123357
84350,0.7981106818567313,0.6233745248838308,0.33867517792614915
84351,0.8901525297437077,0.31439260417145976,0.4844771815917984
84352,0.8658265718090635,0.513569263083309,0.3230668266311208
84353,0.805944292870916,0.6332006027739965,0.21701636414599285
84354,0.810907187075779,0.4237549422849128,0.3596124498771791
84355,0.8709788894568603,0.2987724876093512,0.5228789762166778
84356,0.854972245996057,0.5256600517640199,0.32819117814016513
84357,0.8260654129053371,0.5604212583136882,0.33300273150932347
84358,0.8585439201774596,0.3217120014729284,0.4955755436765184
84359,0.8306400343687992,0.5713030231350914,0.2959474007009869
84360,0.7863920775978799,0.5003756518371936,0.29191178841496784
84361,0.8652183322274711,0.3820706421938351,0.4427475767470602
84362,0.8438208244672915,0.546622653811239,0.3036553291420402
84363,0.8303447513175659,0.5664188637908111,0.2891285527137597
84364,0.8468003917813802,0.4170802476908814,0.44880765677052226
84365,0.8504249957669328,0.5767972984268006,0.30994207659670486
84366,0.8317582671146923,0.5663989231140665,0.32206673615088843
84367,0.8492162204279821,0.40379016482589497,0.46520882969446986
84368,0.8505641177692788,0.552291719448757,0.32269438572693093
84369,0.8245569134870651,0.5646375425089352,0.3138996995360024
84370,0.8570085933242075,0.40738244336094653,0.4220353097332361
84371,1.0,0.0,0.9672464262758651
84372,0.8158979056811113,0.5592909657470443,0.3068077747632346
84373,0.8457649071710848,0.5624695096201238,0.2733092895409695
84374,0.8165794675427674,0.5245669244931705,0.23010307327584037
84375,0.8231733972878387,0.4593435493975708,0.4632443068009262
84376,0.8655840372955274,0.5567959745205767,0.36304222357891874
84377,0.8239551088645388,0.5475952775096924,0.2651792430049266
84378,0.7943536627275777,0.4738520419921256,0.3667582504401574
84379,0.8413369302677502,0.4460573171460248,0.4485557857613317
84380,0.8326402190396623,0.5631439170598149,0.31071781277270605
84381,0.8312844366076789,0.569819505546252,0.2861094488283587
84382,0.8096483821959196,0.426826803537409,0.411274651511684
84383,0.83209197865387,0.5459135220896305,0.30812515655327843
84384,0.828551119769404,0.5816822829025323,0.284865369926419
84385,0.9121783976617149,0.6178295040078546,0.3614230346988818
84386,0.8403645263829485,0.5193436017418473,0.49091623419853325
84387,0.8355977624797641,0.5498601258221462,0.28902584142644705
84388,0.8390465380063254,0.6140577593821023,0.33218908962521615
84389,0.8573273503810486,0.5068970782641092,0.48596719870192473
84390,0.8330640200057666,0.5492320632656476,0.2936267175147321
84391,0.8403728646397666,0.5938182475302128,0.24643956102993073
84392,0.8069557596762461,0.4791143178240551,0.4215793765638217
84393,0.8023829508773097,0.41288139439754734,0.5481812645215788
84394,0.7426343559479311,0.7419755504354143,0.24047687315796934
84395,0.8412233668352163,0.4771293265955677,0.591217137584674
84396,0.8382057335660882,0.6057163680169989,0.33925408072776797
84397,0.7337639008250567,0.6015848660783935,0.34494131003276385
84398,0.8449242839973,0.5484473632552728,0.5371547086578766
84399,0.8424630481043298,0.4950190703564533,0.5847773582969544
84400,0.8434840313984199,0.6040647986558713,0.3513043822277085
84401,0.899949709605337,0.5959875868771557,0.3195217134475155
84402,0.831998173264666,0.47396164695326626,0.6036838737626017
84403,0.8349268953388094,0.5787280372623518,0.31863640476374194
84404,0.8347793444464189,0.5451409240072111,0.2914177213934172
84405,0.8289809931616693,0.490973485230235,0.427395291776442
84406,0.8364120113847001,0.49730657540334633,0.6298779517316859
84407,0.8276731557063902,0.5831182866719563,0.29187135199808373
84408,0.8505623051047531,0.5910623772431634,0.2844210383034223
84409,0.8370487097993458,0.5078484204472093,0.6368616939853088
84410,0.8326354154786693,0.5656092723149828,0.3257994048516535
84411,0.8251895334065278,0.5712826698926211,0.3689811591224168
84412,0.8550907036228104,0.5419106031355502,0.5527797186919892
84413,0.8457568408139454,0.5309599054574696,0.6618534360163983
84414,0.8421605143949935,0.5661384566192103,0.2873907310505343
84415,0.8215684641168004,0.5772878390747161,0.36095942913023416
84416,0.8452574517371204,0.5270540425903717,0.6588013420817612
84417,0.841639010810955,0.5663910843652772,0.3106782086590427
84418,0.8262247461171445,0.5813088421597753,0.2973502372174026
84419,0.8594760829097913,0.5357287526814033,0.5126614528826978
84420,0.8440163203363862,0.5397634048158891,0.6534513138780893
84421,0.8393513375463189,0.5729189743218963,0.29920787040797187
84422,0.8422525071196719,0.5896454202580781,0.2550402994459683
84423,0.8441661370594338,0.5414265947782922,0.6516538769123412
84424,0.8387710129984219,0.568920318546982,0.31423561204604533
84425,0.8330310295113992,0.5904422909573624,0.2960626092112797
84426,0.8713694280289184,0.5250191309090687,0.5189299551522916
84427,0.8410301367967786,0.5411952141671013,0.6587235365177305
84428,0.8331492152384736,0.5801970462898357,0.3304264446240529
84429,0.8836573902152863,0.5797616519272618,0.37819200959840804
84430,0.8207851211420272,0.48638984563668575,0.6281822501037886
84431,0.8437953565307056,0.5740261632078982,0.33434874326269554
84432,0.903440176415989,0.5997534868217934,0.3299488546713403
84433,0.8572839370656585,0.5472225243764781,0.5008269629605294
84434,0.8260974970674416,0.5539823450319223,0.6545194673272907
84435,0.8223297832175865,0.48813547998328444,0.3411077382973689
84436,0.8359625612155575,0.49081550693775033,0.42433787448110327
84437,0.8643052931058854,0.6112813295697196,0.6279743855430637
84438,0.8200008718349912,0.535699460514875,0.3579968183540554
84439,0.8076577140138163,0.5812680669138803,0.4109541513983387
84440,0.8459613093724423,0.5311289198831181,0.5649682036510277
84441,0.8697634978923909,0.5740148176504402,0.641130927870558
84442,0.8206109240811092,0.5368087466099828,0.364610409593568
84443,0.8228022542262056,0.6336293273240039,0.4874787796477814
84444,0.8723541580324947,0.5470479403135321,0.7028790728821482
84445,0.8267152531377938,0.5497246667421919,0.3498136384365976
84446,0.84467159856242,0.6191107956301227,0.36969252910771383
84447,0.8182217416030348,0.5120802789986034,0.522229205119498
84448,0.8619305213107902,0.5675771420658515,0.7190467108170994
84449,0.8223563387528878,0.5499079834463331,0.3810736630430297
84450,0.8325502202459623,0.6219332952818807,0.3637187382262893
84451,0.8576276182597278,0.5892331983371005,0.700750945369712
84452,0.8348768657979005,0.5860794771685203,0.34361586926610255
84453,0.8198247714763212,0.497434402017374,0.5538722751026285
84454,0.8676264570498389,0.5695304344944105,0.71021926060852
84455,0.8253410721608748,0.5533969142670846,0.37299912193277673
84456,0.8354388824340881,0.5144816865662803,0.35209632085473364
84457,0.8678812270489233,0.5658691887222047,0.7076679005709786
84458,0.8375941405551233,0.5689744334180094,0.3462153761437663
84459,0.8468713575975606,0.544663241657748,0.4130728067086377
84460,0.8294336154937321,0.4740400000606815,0.5161021014498706
84461,0.8676840091485293,0.5630676611615056,0.7080540892654246
84462,0.8319730678609852,0.5346855114828923,0.32811913532533826
84463,0.8223954923066426,0.4859249528247208,0.33371506476941415
84464,0.8596571680959069,0.5595025432033993,0.7114789536456283
84465,0.823113216825586,0.5181252607732332,0.3880125961191923
84466,0.8152189721830173,0.4931838061059358,0.5280709428564099
84467,0.8501459360632041,0.5652159596564353,0.6973176988088481
84468,0.8392563539251732,0.5205100625704485,0.3551326897508542
84469,0.8101404299814158,0.46999565263164045,0.3154502719865528
84470,0.8395873464675625,0.5550262050790218,0.6917229650084855
84471,0.8103155333745966,0.5299907198067307,0.42394832277465866
84472,0.8097061155610625,0.47107698739882875,0.32005222859031357
84473,0.7779099858496327,0.4865808635677076,0.5310047398865695
84474,0.8291361572450676,0.47000166921514097,0.42493620332439314
84475,0.8048156373040004,0.4791702204798941,0.35911018657010396
84476,0.8190484978931981,0.5546093074131524,0.4591774282205648
84477,0.8077319426261429,0.4860112134418795,0.351577081941866
84478,0.7756219500520913,0.4890177174073216,0.5400834865193749
84479,0.8103343850856637,0.562988517303116,0.7298622588023291
84480,0.8046882976210713,0.5431176329271833,0.46565070243180917
84481,0.7957274811715916,0.46508247616464904,0.35129146251578375
84482,0.7983103468542351,0.5667525607019878,0.6834826730355016
84483,0.7437747938342636,0.5489319904611194,0.42607511522202995
84484,0.8094787167963158,0.4900943764296182,0.3334206744728428
84485,0.7563000338070431,0.5368788827833602,0.5533881027721594
84486,0.7766122993156974,0.5667827467609217,0.6919993065773451
84487,0.7138396814747376,0.5710980467303485,0.31386991829030014
84488,0.8057874067562182,0.4817900815993549,0.3452151504670717
84489,0.7702782150303826,0.5676533292032067,0.7090194596041928
84490,0.6900400760017381,0.5796285307197535,0.3088140649138378
84491,0.790310695769498,0.47315346507700107,0.39901915980603764
84492,0.5578280867774283,0.7845258603653164,0.5902826934366477
84493,0.7396842444323847,0.5575016681944706,0.6653766558228964
84494,0.687751451088226,0.58512789432208,0.35340620557845615
84495,0.7910970296407385,0.5608523207361417,0.3099951285334736
84496,0.7288375771269993,0.5587487856224559,0.6663771772418522
84497,0.6884507770622338,0.5884838414572315,0.3326762236031865
84498,0.7698210610370058,0.5946968062431954,0.4068657258818046
84499,0.5356964045677345,0.7667710943577051,0.5591032121226072
84500,0.7179940366679206,0.554879056636838,0.6563245428931562
84501,0.6866372968375158,0.5668236595287252,0.31301134893182797
84502,0.674012088416145,0.5782274575151096,0.4792988866943123
84503,0.7070168575166861,0.5946906177573094,0.6898669879745789
84504,0.6736665945575502,0.5431250591102469,0.3689129102583121
84505,0.6811548476629793,0.5001447525526828,0.3081108510776155
84506,0.6489229987161889,0.5231410629645046,0.4995948162026065
84507,0.7070439115347319,0.4440524196212701,0.6224440390578523
84508,0.6682868328283934,0.5126408182979879,0.36705641778789316
84509,0.6162419714999345,0.47294089058680877,0.3977732568080798
84510,0.6946909200085053,0.45942238383166606,0.621431282359062
84511,0.6608611619657134,0.5053183611340532,0.3423924300053271
84512,0.617273015082142,0.49096506201333434,0.35742905236101524
84513,0.5489556830401887,0.5230934116231806,0.45775803436241164
84514,0.6835844072433633,0.47751621010488887,0.6029925466528347
84515,0.7222230283229484,0.5052069340076238,0.3860722226937199
84516,0.6059303574459171,0.5860173172658407,0.3282516658823582
84517,0.5407683758604305,0.4984895732414545,0.6130048924557772
84518,0.6859427291078879,0.5591875492717898,0.21817798482439993
84519,0.6244410609991098,0.521666243636383,0.3354379451111151
84520,0.6053808028783436,0.4774954442966929,0.4767875110104844
84521,0.5153318436875144,0.5124732134719022,0.6102036893559791
84522,0.5841535043171253,0.4447747190656252,0.3107601123658357
84523,0.6145745014027603,0.5385281830329965,0.30947141123779354
84524,0.49729945698603584,0.5111052830472269,0.6109440251833154
84525,0.5276140959806264,0.48484812190003856,0.27816116589863243
84526,0.5007246225571503,0.5259229248922763,0.45741553102483345
84527,0.4822233448594911,0.5260674260377199,0.6426820706811837
84528,0.5299744117761291,0.5317178918371023,0.2178259121122274
84529,0.6055675073244888,0.4702877491654708,0.36472678839823724
84530,0.48025497245105375,0.5018491647071837,0.6308527182245811
84531,0.5546788993803489,0.5537066136052134,0.23491884308466549
84532,0.5904200215322454,0.437210326484016,0.4214771342392375
84533,0.4868550199388991,0.48866425172178607,0.4644057796082027
84534,0.49054157173461677,0.48707948362775255,0.6364492433780689
84535,0.4948013333699681,0.5368081621418714,0.2721941526640733
84536,0.5201793164787045,0.4769102885756721,0.6444994153259994
84537,0.50603260277109,0.5464991591373314,0.27873943866361267
84538,0.48380629947315557,0.47876473713243706,0.4643785206214995
84539,0.5015797470471405,0.5384552276604931,0.2859938305037897
84540,0.5534618764178064,0.5675913755833899,0.25989996902480056
84541,0.4786003722720118,0.46249341995271076,0.6694925093217116
84542,0.4909864449258321,0.5089179627107369,0.289351934237196
84543,0.5009489397922033,0.5241022035835914,0.29968050667780954
84544,0.4449057936862227,0.44439739332895056,0.47793162797191824
84545,0.398286191966515,0.41343560768913695,0.6560249137336724
84546,0.4790622391931555,0.5204660899401791,0.30353747796339914
84547,0.48744608452411076,0.513466671739506,0.3212950474189762
84548,0.5063882928676418,0.4423758212727801,0.5974327611379662
84549,0.5433989146200993,0.4816935412195297,0.2610280419685646
84550,0.46419793691643657,0.46561977426148293,0.28422094965172207
84551,0.3871966276146883,0.47143650404834203,0.5099179955718427
84552,0.5025440845748029,0.5464864383607875,0.28288124460207
84553,0.4073449829336077,0.44400621225998615,0.6238143228010895
84554,0.4767672246371902,0.4803304240616547,0.2966410747368409
84555,0.4356184257224415,0.5189031878296101,0.30790939567417963
84556,0.35546276292971557,0.4545392559017,0.5105786330846767
84557,0.3200088574719132,0.4744692059373691,0.6762557123462727
84558,0.41083363707973414,0.38204327533402704,0.36927980810754935
84559,0.43859889936879315,0.4134343012310054,0.278665017236028
84560,0.3174903413799315,0.4735225738796379,0.6604005472347203
84561,0.3847818865668018,0.508131371774119,0.32987164059183194
84562,0.44433802184016613,0.39515066034346086,0.31413497940433993
84563,0.40034356620316336,0.4978724780571653,0.49021630521385495
84564,0.30911410923998406,0.46539839836914143,0.6491799844476749
84565,0.3613447686823254,0.49201964876930326,0.42109097934390716
84566,0.43104584350657077,0.45151153918185905,0.3053127596088942
84567,0.31367744686677385,0.4723757099230097,0.6334147587826411
84568,0.3427284774205118,0.49615304163415186,0.30906520924204367
84569,0.4258258228387397,0.5216485720711302,0.3242662135962823
84570,0.28579395353402726,0.47459538228849407,0.5598928608595528
84571,0.35782430227377326,0.4998060017113657,0.295835965016969
84572,0.43971051588916726,0.5478450172956791,0.29942292573053325
84573,0.3733276594290211,0.4460620272713937,0.5732979618829122
84574,0.3576401808745772,0.5263515119203753,0.3399520155646279
84575,0.40777979583670554,0.5103410394207538,0.3166144782973006
84576,0.3661491453744176,0.4373054228838011,0.4983818842418823
84577,0.2793782766867503,0.41489437133443136,0.634993143680412
84578,0.35190239524329187,0.5272902364683631,0.2999837586799931
84579,0.3671324705629867,0.6572805514449755,0.34076141988462133
84580,0.27679432340539145,0.5057160744936753,0.6128639501438711
84581,0.3324976175711134,0.5200217566535472,0.29801657621854344
84582,0.35797169455801775,0.6515958770708333,0.35214388466011254
84583,0.2525918305832527,0.4591823737207115,0.5428400071883959
84584,0.25301893966211636,0.5119520054383726,0.619258303420271
84585,0.33122453795811424,0.5032738916801037,0.3234126422820243
84586,0.31464350642573574,0.45840846918016054,0.32842538911147295
84587,0.22596637174794212,0.5117905890981732,0.6134363381659647
84588,0.39559220994844724,0.4407731065696764,0.3330031413235997
84589,0.22263827436217795,0.5503094786584413,0.6222053497037321
84590,0.349526762432547,0.5113273121686341,0.32575414361102245
84591,0.32575788162325775,0.5345515995244096,0.3383545130421154
84592,0.27605577590270913,0.5939470367976009,0.5683897219187907
84593,0.32840174346719037,0.551303418252725,0.3101706600152711
84594,0.3280871102221452,0.5337460305644074,0.35236218469776814
84595,0.19547764898396658,0.574402354388827,0.6154303507878388
84596,0.3566744385319073,0.5192177004345395,0.34820684538219415
84597,0.3494915967407487,0.4857133066074114,0.32801332719406195
84598,0.20666992343947974,0.4736537353999488,0.56473803167403
84599,0.35621189186156654,0.5150909430017802,0.3833787627245643
84600,0.30835002582579624,0.4844224915929741,0.34973007012336305
84601,0.2442587851756296,0.5280585713716164,0.4374521003159102
84602,0.21453854153731666,0.5131606167319545,0.4666609072973744
84603,0.3520090025757085,0.5120164688330209,0.39305103872624925
84604,0.3146545636793424,0.48989624173982704,0.31301238402974213
84605,0.19665268610443296,0.4840939173728922,0.5174730104767457
84606,0.35439297364327155,0.505886051572684,0.34359466032108554
84607,0.31163335039777607,0.5330347672532161,0.3236170466582933
84608,0.249699089899944,0.3875180912756716,0.3740667345961291
84609,0.1877024057675088,0.5098993190503852,0.4778793914388125
84610,0.30051319733207843,0.42263933018201016,0.3691901390539553
84611,0.30964793894279724,0.5473221589992465,0.34696007205701046
84612,0.17877958729814875,0.5336047268033384,0.5097632463212283
84613,0.3070428001447945,0.47697152020546874,0.3527559866429951
84614,0.33468638732756717,0.480711669172724,0.36625941774331217
84615,0.20221865379699028,0.32412898339675217,0.45828393170104564
84616,0.17782716803974263,0.5516618691074467,0.4960091694296599
84617,0.31493344211661845,0.5576926861254924,0.33761947522614394
84618,0.2119321791907591,0.6595429243630748,0.5053126463818571
84619,0.2902309031267639,0.5988354593210473,0.29086475835677217
84620,0.312052732994099,0.5236155479295933,0.39418935913936365
84621,0.10652430954907226,0.6250936175020729,0.5820669734206798
84622,0.2936851619635155,0.6086967428198102,0.34086498882449145
84623,0.3615893197851464,0.5403978621411369,0.32278233102563114
84624,0.0942798852987806,0.5811917422546167,0.6139279125027424
84625,0.2923047046356763,0.5905376624009646,0.3365191154446985
84626,0.37656929271691025,0.5800865474362892,0.310910252262065
84627,0.2912355724401228,0.596803298077916,0.3989001108712388
84628,0.20940040798943332,0.5992468561105734,0.5185145302228819
84629,0.28578942187271306,0.5986954620181097,0.2986264897086932
84630,0.3456247981162586,0.5350040122231706,0.2682404347108738
84631,0.07323219913375086,0.5869463465192734,0.6645325567107756
84632,0.2872145160644972,0.5850072188472984,0.3496822950735119
84633,0.357460976327907,0.5035208466474417,0.22813119907466134
84634,0.3079523952037814,0.6364986531856347,0.40196276702949
84635,0.2063202604524758,0.5939546692635274,0.45714768993353844
84636,0.29466816993579253,0.5873390403292322,0.3335235758801805
84637,0.3443593543525739,0.5310439313436139,0.2840290847473278
84638,0.22585554997050328,0.6234248579023723,0.4741390292143669
84639,0.28015282823857396,0.5974413309727867,0.33735935300786607
84640,0.36273972732637005,0.5368947321833243,0.2840309289115708
84641,0.28702169387557785,0.5768080938966242,0.3057644974630891
84642,0.242528053086509,0.6230066537783713,0.4872343951426885
84643,0.2975950566871037,0.5847492277467967,0.3626305926002312
84644,0.36477224540071,0.5289163298959259,0.295097593763225
84645,0.24170662149838995,0.612088583173102,0.46752817570321514
84646,0.29228447076790837,0.5896341434615743,0.3214228883487114
84647,0.366650165849316,0.5435881641374001,0.27549547045060774
84648,0.3175142458933639,0.6184617609825652,0.38864256938442987
84649,0.24520336465996218,0.6108322517772418,0.479011019627045
84650,0.2925659775687467,0.5871430028485471,0.31704103158551006
84651,0.35836522402654314,0.528552412545338,0.2983003092314882
84652,0.2279804459607333,0.6167110383253489,0.47797401206283674
84653,0.29352931813092,0.586170447911048,0.3258853010789725
84654,0.34084536821970113,0.5396924435110604,0.31687729599504477
84655,0.3053435404435011,0.6958587473283199,0.32125756419981455
84656,0.22687361034304568,0.6760097289358519,0.4703748386134481
84657,0.2971256445498719,0.584599053822624,0.3613720402832731
84658,0.32642192861393454,0.5150397504713101,0.25031165741973566
84659,0.23477920679720649,0.6401090158516647,0.48532753354029884
84660,0.31189668523674446,0.5668213216562793,0.3174479644871341
84661,0.3874500834319916,0.4711459546359832,0.24546365592932984
84662,0.32217363208170824,0.5632271178145076,0.28826739455427974
84663,0.22462799089540528,0.6704269582959698,0.48921240388334264
84664,0.3154239717955744,0.5712582597538476,0.34830291936818775
84665,0.40133658914694476,0.451769358379975,0.35915018782337516
84666,0.22799614816718702,0.6500624390291783,0.48775332986351616
84667,0.32718236404076456,0.40164592322726855,0.392336339528069
84668,0.3435728618731873,0.46009761640280866,0.3556471545386483
84669,0.30106927749194434,0.5836096524513235,0.37933599981315846
84670,0.21749545054483443,0.6720795590714119,0.4633360545001275
84671,0.35512415719631824,0.43089786459719226,0.40548695856056055
84672,0.374384986646851,0.43734674821733033,0.3625125914380148
84673,0.2085324135813108,0.6687003707337099,0.4620070225774374
84674,0.3663934472358663,0.445817478937456,0.3975583873806541
84675,0.39717176581612607,0.4814783881935516,0.35371639696155416
84676,0.290273047576986,0.6174717407626761,0.3682107082831121
84677,0.20418779658785108,0.6546085007612074,0.45581183058950425
84678,0.3706093423896962,0.4553531449371715,0.4012100945249725
84679,0.3761011267865399,0.4541106344931239,0.37122686530812476
84680,0.3972707826158415,0.4560109809868784,0.4278836720967988
84681,0.35333279147881363,0.39595038462234833,0.3824310101747843
84682,0.25929479209954354,0.654382208460634,0.3652524575928412
84683,0.17572395604890104,0.6627898853856743,0.4029541457876855
84684,0.4061872794176682,0.5682036918813558,0.43218080715194696
84685,0.3339657172287694,0.4406960255399156,0.4327925542441161
84686,0.15537215179528038,0.6491521815162673,0.3581213258460181
84687,0.4021292220274121,0.5159741086987002,0.48151311745365033
84688,0.31061531268354026,0.499829002250576,0.3735199663036337
84689,0.24038942616249698,0.6699181272342125,0.3773433476056859
84690,0.165096859063342,0.6640908426408696,0.36983938626484386
84691,0.3530399102080767,0.509388597062385,0.38838224859634807
84692,0.17119688304177821,0.669275006028724,0.39129819124371046
84693,0.3976941757324274,0.6082412702585832,0.4643451608944368
84694,0.3470065243092659,0.5336533064175454,0.410428237160147
84695,0.23332456617365374,0.5974442876938214,0.3929373047023729
84696,0.1764614612694811,0.6748954576715581,0.3901940924351056
84697,0.3945846403718473,0.6457820008635774,0.5071449978339837
84698,0.3916911293061152,0.5785123341487394,0.38590195119928217
84699,0.18062825587297146,0.6751392840154756,0.4056442427448424
84700,0.4030149805478863,0.696485022100007,0.4769379339743065
84701,0.38446081836269047,0.5350331668677902,0.4157539806992855
84702,0.2902431159540057,0.6860890534206732,0.40484001813930937
84703,0.15347789470763676,0.5861639843813445,0.40648984591760595
84704,0.3764521492719381,0.6251809439140231,0.4331960480857313
84705,0.16180500363893824,0.6073749509954646,0.3957536329063863
84706,0.38894109063759086,0.6119020347041091,0.4492040527978688
84707,0.406214016219422,0.5778479658083747,0.4374023480177985
84708,0.29161435135107056,0.623861902527849,0.3477692651325316
84709,0.1390492210330523,0.565817136679806,0.4311324261853511
84710,0.4187185011833825,0.6265796104852668,0.41248024061455174
84711,0.4084460859997329,0.5794690740667514,0.39438876547141843
84712,0.14641436022972792,0.6083177324397554,0.3707306942916302
84713,0.44255417868044306,0.6226420144377633,0.4249143690957381
84714,0.2908287425456402,0.6863541956604213,0.3835098018956099
84715,0.4411630492902089,0.6392012337331083,0.4124639494408494
84716,0.42617988153721853,0.5732737808460405,0.3822059925629102
84717,0.14731646671839313,0.6014485818669877,0.38556668932221383
84718,0.41511501473955426,0.6522374855353275,0.39496892729009203
84719,0.2614904273228883,0.7235355127573336,0.18922461043392896
84720,0.14379039237896468,0.5819113944022317,0.3792403229667728
84721,0.41548321222133316,0.6187701538625625,0.39856146063283504
84722,0.15043596040471124,0.5641622667928722,0.38700825540017764
84723,0.41714633192364586,0.6065645343881848,0.3887838412377128
84724,0.40390196261691536,0.5577368306581475,0.44323244195939826
84725,0.20530516831809423,0.5413606530231266,0.421949764171741
84726,0.15593216317133635,0.5539693492115613,0.3867278579374502
84727,0.42878735414079805,0.5890494003062793,0.3958794247647404
84728,0.40452230173421666,0.5569547435640358,0.44439570611979967
84729,0.1574963227197001,0.5670336554831314,0.40638762049257954
84730,0.40075322838596733,0.6398265458514352,0.3792878698725939
84731,0.3290915529524384,0.5459751319046757,0.4568026516622929
84732,0.3070085861018723,0.5646334856126319,0.3025828641931595
84733,0.1536414876810795,0.5726541758869197,0.3758575638347841
84734,0.4087409612014481,0.6514527855249528,0.3804386875086885
84735,0.4291505214785183,0.5732039197164803,0.37496415181305387
84736,0.1774810397485637,0.6030159190591083,0.35030070059144736
84737,0.4596531337844219,0.5672899963207302,0.3913978141368384
84738,0.26362463587711904,0.6409155130845499,0.361963136115832
84739,0.1679251935102226,0.6042886843230443,0.388334389048708
84740,0.46291466106548046,0.6343896859565598,0.40973808456964583
84741,0.4353497888397355,0.4640292990082431,0.34160951574215775
84742,0.1635081492398086,0.6067779683903056,0.40350960890265997
84743,0.43650237157839006,0.696875653081337,0.38488394718780033
84744,0.44379272703422795,0.5661233292092661,0.3793543442831314
84745,0.28296164255434353,0.6485537549310683,0.3574714449017127
84746,0.17387950191910057,0.6298797237255337,0.3741373324987656
84747,0.4449040716549233,0.6969964660780272,0.42176691095653424
84748,0.4252163143919793,0.5366183131470725,0.4088535194664147
84749,0.1772022066279008,0.6525164487268881,0.39062307080985686
84750,0.42759280821837403,0.5576047408649535,0.4050998234908788
84751,0.267829587068875,0.6362416247384929,0.38014245516031886
84752,0.18123370848285558,0.6515737360435514,0.35296178100789166
84753,0.4462724974219733,0.6974022932302558,0.4489093583092574
84754,0.4413131379129353,0.6180592343561426,0.41776889807413653
84755,0.17178852541380735,0.6381434839732417,0.3799783266551351
84756,0.42229951058709236,0.6247192141059555,0.4359476847825532
84757,0.25063995342199896,0.6231776622716941,0.44482914597780554
84758,0.17552571852471122,0.6288584172714418,0.38719545180173454
84759,0.45725529583323743,0.6424723986116183,0.44719641913242203
84760,0.44258744107448933,0.6002024958533169,0.4384490390286161
84761,0.15810211520418282,0.6057398155024124,0.383384770517356
84762,0.46045637075236456,0.6492152353113527,0.41912875479022194
84763,0.28709721401137905,0.6526586463803631,0.37622387864927787
84764,0.14924223018132377,0.5693455362883206,0.3978049181295853
84765,0.4424602373413996,0.6721433692369945,0.4417546601291066
84766,0.44173517153112707,0.5860469532371404,0.39827538491869263
84767,0.14554661506297767,0.5626292413169429,0.3952771921236028
84768,0.4467925961910044,0.6832759052586989,0.4425588762848607
84769,0.4248851405831374,0.6504801618264993,0.3700722452715291
84770,0.28825310486279293,0.6475103074496945,0.3563135801500228
84771,0.18234172233248494,0.5986170745302174,0.41350147244157004
84772,0.511151204858709,0.6722059417053997,0.4397952409020132
84773,0.43196296112333926,0.6046128234615745,0.4116528720646355
84774,0.18046153605322193,0.6354461292582944,0.3582837390460869
84775,0.41292445497688124,0.6932726478374162,0.42013657681813976
84776,0.4323985444088605,0.5758037026372881,0.42284956422631303
84777,0.3208217015618419,0.5823965029347583,0.314646419171291
84778,0.15658747538483006,0.6151561468659549,0.407202145378581
84779,0.433244832159288,0.598324015343027,0.41520232843459093
84780,0.4384903207637048,0.5714405450436745,0.3780509996882708
84781,0.15533631768343828,0.5879224082654414,0.3274915998213108
84782,0.41548729071651597,0.5757680157020107,0.46464487455170966
84783,0.4423802082025908,0.5615933575405413,0.3685905173944951
84784,0.30747142733019844,0.4752557281130326,0.26258874676022803
84785,0.1615672840155484,0.5881249092758299,0.3520445068105725
84786,0.4378061305384864,0.5341769898454295,0.3946402815898955
84787,0.4591661614595976,0.5306208108113811,0.39391425123822216
84788,0.16919990452129485,0.5400422304855412,0.30135272637016797
84789,0.41803064031249954,0.4969590919208341,0.40146735649309573
84790,0.4808131824917373,0.5822729394998964,0.41427352028908515
84791,0.309346674098629,0.5512766014805515,0.2578439350258646
84792,0.1735416212515135,0.6353909829729526,0.3525147623552075
84793,0.461261828234351,0.6741320735570135,0.43369744106558067
84794,0.4833424839376469,0.5877097306338177,0.42731660743540656
84795,0.17695282930578016,0.6049667360933129,0.3633037357858242
84796,0.47013808388370765,0.6654620735913511,0.39823811294400335
84797,0.4490008294328027,0.5517108269069022,0.3564624145554134
84798,0.286981860572626,0.6390730633143088,0.36707867450549275
84799,0.17870665020929663,0.6035662129763033,0.3631572166198498
84800,0.5081971054812061,0.6659469070800605,0.41455744975938913
84801,0.4422404064510475,0.5843732428487308,0.36721619465694794
84802,0.1559601801674114,0.5851963114716001,0.3910459146451331
84803,0.4268437246031362,0.6993533853082773,0.3930466955398991
84804,0.5164469949037135,0.5392564302998978,0.4636072924025368
84805,0.3019192358880364,0.6243880613500876,0.3491652108542615
84806,0.19334792677443693,0.6700828097197408,0.35673287507816465
84807,0.4748999082760595,0.6649581245573485,0.3811503954851412
84808,0.44965316207898226,0.5768021116936008,0.3847290965398392
84809,0.17182548111182464,0.5972905382000256,0.3643796376822689
84810,0.48871105246335744,0.6442650654509523,0.3857130817415048
84811,0.44613845088029924,0.5743601351628921,0.41763873768009563
84812,0.30851234993407095,0.6522746164506447,0.3559287434201994
84813,0.18564707077845177,0.6200698734205807,0.3938776129969497
84814,0.46901790252344966,0.5669830474207729,0.3893415266445357
84815,0.4639799640072234,0.6363398153812212,0.4116848713772967
84816,0.15666562388419344,0.6006151991009745,0.4160082514456811
84817,0.48031306834910187,0.6045515574513008,0.4191179052741255
84818,0.2982550251825977,0.6603228111066491,0.342282680052198
84819,0.12823359560766914,0.6604686530907015,0.4680432573248683
84820,0.4444034590295432,0.5154797174373443,0.37221214332596075
84821,0.45980938546653566,0.6000868399281986,0.4070822599156719
84822,0.18704973324673066,0.6858067209423524,0.35305831128194537
84823,0.42518196439921774,0.5121297868856932,0.3931375898114324
84824,0.44974633303560224,0.5765751317834845,0.4039496226886432
84825,0.3044127825261768,0.6623703060425875,0.3557735463313037
84826,0.1921170142699664,0.6948090426001057,0.3729959363661347
84827,0.4200688456217888,0.5022698098450618,0.3625199680949869
84828,0.4479937583389472,0.5887717435728501,0.3924738512297453
84829,0.16797244740857642,0.6288102158424834,0.3558448878144826
84830,0.43646149599333595,0.5718982179554388,0.33808391732290183
84831,0.4468838638498724,0.5818015831582282,0.4267398931265206
84832,0.27853491185787044,0.6301573116980084,0.37656486102665554
84833,0.46025462119065613,0.6594341445333857,0.3559543884991344
84834,0.46515611138471186,0.6043749105597258,0.4244106946755881
84835,0.18825597085534534,0.6206167292900611,0.3970885881240791
84836,0.4617765796430313,0.6645126910954481,0.3610834042861267
84837,0.4483351737023593,0.5885730244149476,0.4270306669177265
84838,0.29925112965607276,0.6810313414277611,0.3435449756212049
84839,0.18106420169139784,0.6257501470936483,0.39526998446220857
84840,0.450067219973261,0.6563914723059863,0.3797202619580172
84841,0.4564044764214958,0.6259681193187523,0.40531813197831323
84842,0.1901618516542599,0.6308731132321832,0.3857612961798583
84843,0.44734536823811105,0.651514189057135,0.3769503990881269
84844,0.4406934785448311,0.6020465271255067,0.3912375640801657
84845,0.30550962583066665,0.6905450383025804,0.2402866982093533
84846,0.4425534536146328,0.6429986261948112,0.37654735308479287
84847,0.44702008558897743,0.5623372135440668,0.41531227695752393
84848,0.17937581797725852,0.6152858987867031,0.3886961916812738
84849,0.427774981003205,0.7079949182388633,0.3866058600298182
84850,0.4611532496292627,0.5693686399689626,0.4199118633983057
84851,0.3018087993018092,0.6353352178390221,0.3423064408304402
84852,0.13820233283750066,0.5558681829643213,0.440769196216135
84853,0.416695567572722,0.4946732371368442,0.35362460701345844
84854,0.4523784125601179,0.5709320577866888,0.4281854475001211
84855,0.49868786737948156,0.66299169878652,0.4305582975088058
84856,0.4492429107802075,0.5679736864892507,0.41417214829172677
84857,0.2905080142161275,0.6863009746817997,0.33857421574306695
84858,0.48440669928067437,0.6525310948101521,0.3824040638299001
84859,0.4379108119148445,0.5943365676036623,0.42867656554883865
84860,0.22624719879958335,0.6863146581117037,0.33307413636584404
84861,0.49749101030978726,0.6048433789413139,0.3984280893228155
84862,0.30554846216812936,0.6583420142963736,0.3459158906305235
84863,0.20128461042521317,0.6652902399665767,0.3542451080765589
84864,0.45241321571901094,0.6017116612781069,0.41376013707298914
84865,0.43046270932865904,0.6030189445410972,0.4251455212470873
84866,0.2171453117333925,0.6771399527415415,0.35515960229662286
84867,0.49120777126441784,0.652956793878171,0.40580592926392656
84868,0.4414260215962722,0.5841725983841081,0.41391484407470913
84869,0.2920144064118884,0.6604441741909737,0.35342946781974377
84870,0.22251569292362874,0.7019505553128221,0.33046985958799624
84871,0.4352605151118458,0.6935925925577345,0.3894562915414367
84872,0.440510943227095,0.5668020685890777,0.3857806799726349
84873,0.1891341615014248,0.6203500055483644,0.3591849586635127
84874,0.42978848875833187,0.7014265968411209,0.4021877761915853
84875,0.43402926273277664,0.5523477596265046,0.38219539654018053
84876,0.28212330786952244,0.6558682702047821,0.36263545122309365
84877,0.17174490817365812,0.548335832987412,0.3911822771768802
84878,0.4570145286676138,0.7273939649464476,0.40436853737673506
84879,0.42906219939950446,0.5403704265203746,0.38865554824480686
84880,0.14235563441942803,0.568977871465724,0.4141926559050959
84881,0.4294864988483534,0.6756020452378575,0.42476913429615526
84882,0.2408701447947077,0.6148125483773603,0.4139807861491765
84883,0.22937583511260284,0.7397600037271874,0.3980589184830565
84884,0.4493915039547001,0.6387644641514485,0.39933508858900285
84885,0.4316783727928073,0.5346154784509465,0.4061418502237485
84886,0.43486036941780154,0.6801749925030146,0.4482290835102801
84887,0.4844245993428654,0.4844727902310384,0.36400688413626003
84888,0.30006626223496513,0.6324424444919783,0.344829789850957
84889,0.17490778118790642,0.6160922584976797,0.36575456035411735
84890,0.4038573710695837,0.7475119074311496,0.37450348676746037
84891,0.4242726412399097,0.5045723735409446,0.3822866203530906
84892,0.1813165925682924,0.6119380654441579,0.37521357238636593
84893,0.4156365183235927,0.6571980382998257,0.40920293472312597
84894,0.4045141447438511,0.5476444415920108,0.4242408034212005
84895,0.28898193195195626,0.6499247108377323,0.36860485666927356
84896,0.18123916913473928,0.6116923825544743,0.37306868896238843
84897,0.42218748791940525,0.6448416260526866,0.40317443152338056
84898,0.4362189161631866,0.47770684985066203,0.38336574161529285
84899,0.1854205330293548,0.6195673683666183,0.37424106198443463
84900,0.4290970478750107,0.6894566211571,0.4297149250776695
84901,0.425610523609702,0.5104759484130739,0.39472261623541194
84902,0.30583237074946423,0.7023862934801675,0.33940512475033857
84903,0.1785912061373173,0.6205700406020972,0.36282254622730387
84904,0.423546578464148,0.6680305015170018,0.3971822623728676
84905,0.4108062205287832,0.5319826215111245,0.40832722498817287
84906,0.16602197506233007,0.5781272728047069,0.40591827752406473
84907,0.4285993355128717,0.7391274029477055,0.42155303015323875
84908,0.41098381633568687,0.5488945845019849,0.4095050227682672
84909,0.2918735397199364,0.6314209317550236,0.35814191795717604
84910,0.17927131786735295,0.6132037483298017,0.3618534410862657
84911,0.45898625450542374,0.6746357475471989,0.4337373240219474
84912,0.4044351125705314,0.5482404615438097,0.3999428558353142
84913,0.19331853895081433,0.6393396495340969,0.3473951342725634
84914,0.45683983312395127,0.585311623591947,0.4142074683674922
84915,0.41301576795236256,0.5407468239841663,0.4278579509698538
84916,0.3062497594148089,0.6579170715988522,0.3579837634456684
84917,0.17191719060767083,0.6063165823870096,0.36556007179337735
84918,0.5140947001487367,0.7289682469949518,0.5088381476286558
84919,0.40155193369259573,0.5644872310628539,0.3826304165068391
84920,0.15524412103400087,0.551433857783016,0.3966966873791027
84921,0.4577810591789114,0.7063550382399648,0.45595050836066753
84922,0.4253044552045407,0.5141200039467068,0.3983944676526071
84923,0.299710005680749,0.6599475138181261,0.3337039026114988
84924,0.16348653321533985,0.5604682908064236,0.38651237167616537
84925,0.4864342098692622,0.7297719937896653,0.46118812070597026
84926,0.4616726686490967,0.5608174589323158,0.3819745531190787
84927,0.18838745700837695,0.6380289282233922,0.3251411628511352
84928,0.494441111612102,0.7136040243242391,0.45834534469402727
84929,0.4495894922375177,0.6290173238368094,0.3949769714795965
84930,0.3110820737989032,0.6680813158622233,0.3597188156938622
84931,0.1461880603928499,0.5523146856074903,0.3739800905633782
84932,0.4719384222906144,0.8155334751811654,0.36994162013964915
84933,0.4475705464888137,0.6722860482171493,0.3121628897337992
84934,0.12901929504632575,0.5473365987996477,0.36508104537825314
84935,0.4864509770161247,0.7382868002814919,0.37369872137607824
84936,0.4504844047138466,0.6586326668501638,0.35877707093687394
84937,0.30344339219614896,0.6555723918184657,0.3390971641088679
84938,0.1708968417461648,0.5636979928294958,0.39790616338026036
84939,0.5062137332738187,0.7215954224319986,0.4101948035684971
84940,0.4496318632708055,0.6377419200001794,0.3325334096652559
84941,0.17974610002324204,0.5464140330759185,0.3493177716121431
84942,0.49727924577657456,0.721462713790216,0.4483135475000771
84943,0.4639642844590762,0.5882698573674764,0.3882227590197756
84944,0.3042804353574955,0.6574417958827891,0.3466510636429572
84945,0.14746539976748443,0.6630347431439064,0.4302227229899184
84946,0.42302312626574434,0.677383710324505,0.44323475719881444
84947,0.4568144558205917,0.6123454053373808,0.32369186100059644
84948,0.14547822096459306,0.6614612862268537,0.4370560760788348
84949,0.48912719492184076,0.7420595763215585,0.44222029364468807
84950,0.46666003382505644,0.5880471406365262,0.35945803016794137
84951,0.2995636783369134,0.671094558401186,0.32933892428163275
84952,0.4582765057103932,0.6100627479377655,0.3881556255264846
84953,0.20952375981040594,0.6846986381639446,0.3741376620401423
84954,0.45870832771702363,0.6331438062257517,0.39467647199288675
84955,0.29292703768395584,0.6736523283789217,0.3095568131530475
84956,0.21291915236668604,0.6809123849768366,0.37238638621647735
84957,0.4670778983148391,0.7264755248799759,0.3844539801889188
84958,0.46620573477830757,0.6505586180753459,0.41131696800437145
84959,0.1608130682938722,0.6392903479298699,0.40671041049600437
84960,0.46616440602712206,0.6827627422568213,0.41804988702138635
84961,0.4673259614551787,0.6731601374681031,0.4183717559989121
84962,0.29092393009154505,0.6596406336791231,0.36976042308110507
84963,0.20352730695130591,0.6434904733008584,0.3821893633980522
84964,0.493869351904089,0.7142479019002248,0.449374366541201
84965,0.46863719765644346,0.6139381840825894,0.44473455915289684
84966,0.19647225800920795,0.6226123097055094,0.3699142766551571
84967,0.5071998680924025,0.8004671937253978,0.42630851501456424
84968,0.4546192284467653,0.6057002091927406,0.49193935032624425
84969,0.20796040463192547,0.6524967830939608,0.4612590988486568
84970,0.2018686735936943,0.6073247554988317,0.33790197245892584
84971,0.47718626735891456,0.7762408529827322,0.40618124309293946
84972,0.4648058139651238,0.6212308333728386,0.4600727498923245
84973,0.19353995592262635,0.6430357571101286,0.42684120597542674
84974,0.4866969555922597,0.7420909313167154,0.4199728708019006
84975,0.4658435190894633,0.6228204491141498,0.4255769838568326
84976,0.6159301025682911,0.6517994782564904,0.5820145847915539
84977,0.1900916562205029,0.7284973719799636,0.3926801187822598
84978,0.4686803390721547,0.6636956734365564,0.41479497304402235
84979,0.45728053718675754,0.6007821506979943,0.44607765150766193
84980,0.2108318011904442,0.6803847134136037,0.372865606976516
84981,0.4714300605243871,0.686379362169692,0.41393796266975563
84982,0.4766250664217636,0.6416960186767128,0.4093447135631423
84983,0.6117392675015288,0.6863188525299155,0.5767441873041532
84984,0.1916928281126504,0.6420946259287407,0.38204592840137314
84985,0.48645310689694243,0.7232540741714185,0.37675371358487514
84986,0.4782253772982614,0.6572998732731314,0.3966080153994178
84987,0.15642116341459877,0.6594496845090557,0.3736676430893162
84988,0.48494206974833454,0.7121949748488974,0.416349064827481
84989,0.470488517253135,0.6792307670786836,0.4272612613836689
84990,0.20575414266279893,0.6958793756146073,0.3625710808075001
84991,0.46423627477115476,0.6554437400729863,0.3933965079362182
84992,0.4292457316827297,0.6667899851406288,0.3676722038743723
84993,0.1796614259315862,0.6354842915879261,0.3686809046792949
84994,0.4950582332498703,0.5963800744042517,0.42984153656457613
84995,0.4668247143972146,0.7028733960803686,0.3951283492684334
84996,0.2787745687664721,0.6227168263560324,0.3523750621607984
84997,0.4754703538022915,0.6259334637977894,0.43183659695903276
84998,0.470475148852258,0.6373136767768519,0.4087311582182904
84999,0.18483282187351574,0.633152126301221,0.3552651738340902
85000,0.4897813855491592,0.6915767964217245,0.39311682870469655
85001,0.43607847997905946,0.581040124350404,0.4846977039213024
85002,0.2812859248335774,0.6136256655453345,0.33079926576829294
85003,0.18025396330672483,0.6476418471552542,0.3468234898310122
85004,0.4899508696823104,0.6844090170244688,0.3794651377839535
85005,0.4967577875091491,0.7203061545390328,0.5415962504342764
85006,0.1773585489432408,0.6309680721100597,0.3413327474594641
85007,0.4778426331836639,0.6589185748981079,0.3536879803551428
85008,0.4753513976927936,0.7317622108506788,0.4668286861070392
85009,0.2804668270510351,0.5850989459603232,0.3599054375104545
85010,0.1897369404311336,0.6636033962358973,0.3493226809336789
85011,0.4691300158243631,0.6323219065391051,0.49696806723779735
85012,0.4374203955274214,0.6151355185796675,0.5161355625742798
85013,0.20088140585978198,0.6488642794006486,0.3580255391525068
85014,0.4758516931018817,0.6658955426472047,0.41012865869933635
85015,0.4683144527376459,0.6883939206085248,0.4804204258465487
85016,0.26421581375386344,0.6033676313403095,0.3762188003321642
85017,0.17673227334961789,0.6783930523725502,0.37318472977590206
85018,0.47637809088013955,0.685655171799094,0.44738481540258146
85019,0.4803229020541537,0.716150517505471,0.5109692832623771
85020,0.17560425221528636,0.6922806335498525,0.382231882685433
85021,0.4760781402177524,0.6694895402061134,0.43172541476838155
85022,0.49822826628899497,0.7563643989695018,0.4575440183626539
85023,0.268553519963819,0.6045402806547969,0.37241367900229605
85024,0.18081310233797784,0.6920793702366412,0.38400603206055667
85025,0.47480651073637375,0.6616383456841544,0.43496825401170996
85026,0.5001825452307452,0.7535953953401826,0.48112936229552505
85027,0.178955778290045,0.6843532518905383,0.3813834995354142
85028,0.4726013590242693,0.6664464554129884,0.43658807662516375
85029,0.4938370864755318,0.7624806170927776,0.47942230416479803
85030,0.2665727308033807,0.5832822127869872,0.3727816584232314
85031,0.47234912675552065,0.6828780543771682,0.4142237595411946
85032,0.4792825232496388,0.7462077871720567,0.5081487977671493
85033,0.47506526859741477,0.747171128141681,0.4911788364269157
85034,0.2642543781916473,0.6186357949578769,0.34345179145959215
85035,0.16246234377087,0.6819407738092206,0.35653203228369845
85036,0.44917217154709266,0.6580610570371385,0.4052851524913007
85037,0.49421792729237746,0.7479028134562969,0.48620872718175234
85038,0.18365397815754542,0.6523609802092349,0.35588929985233503
85039,0.4831452660372527,0.6958125399670361,0.3913080690352343
85040,0.455886416900056,0.6309491628476295,0.43459227265016465
85041,0.28340028471125184,0.6540569003858808,0.36015751131433843
85042,0.1919366541496611,0.676284772753018,0.3211866578802486
85043,0.4812983874686491,0.6520323716086757,0.39567276852239697
85044,0.46461779533719755,0.6294583565976352,0.4401332489572213
85045,0.18303812538494513,0.6790631966330751,0.32816150674158845
85046,0.47168686977106294,0.6695449615352725,0.4292130420106445
85047,0.47579908051402375,0.6995899229910403,0.3813364680661055
85048,0.29753440040041307,0.6635354604130572,0.36904516619751804
85049,0.17426655111194664,0.6982085154193237,0.33733729063518103
85050,0.4867862746367627,0.6641976284028844,0.3936868000900273
85051,0.46230225235547906,0.6708190332573399,0.4231231004685808
85052,0.1831642188610129,0.6793541929916368,0.327991530989412
85053,0.4434939092871694,0.7074083185378024,0.4477868558822274
85054,0.2991349378599766,0.6688316353954523,0.3697626960716268
85055,0.1858554365656789,0.6730619468253748,0.3167297332813773
85056,0.4697576962329933,0.6310833842304066,0.4019731433579685
85057,0.45584422713322076,0.689735859392478,0.41082096598345474
85058,0.1808408814218339,0.6747564230219806,0.3305142758507381
85059,0.48626903081435957,0.6596259188349047,0.37236091013312017
85060,0.2986645060989491,0.6690219657169313,0.36874762413342027
85061,0.1885919935417935,0.6725868086312204,0.34452337551902346
85062,0.48958303473343645,0.6610939652090285,0.3856260743682616
85063,0.45136839588640826,0.7114912064817239,0.405868601273963
85064,0.1852427559559986,0.6658244438204673,0.31646067119703253
85065,0.4933541926458903,0.6907916150846698,0.39323910545503193
85066,0.4523903761459874,0.6978224226609768,0.39348394624818495
85067,0.2994145187047564,0.6771035781967214,0.3651238604078952
85068,0.191674996025379,0.6754045637771323,0.33113086466621194
85069,0.47536793825659046,0.6544641027571951,0.3771744196260919
85070,0.18392626302760928,0.6654791950689697,0.31540329544080686
85071,0.4754457015647422,0.655861875436033,0.3625299895327519
85072,0.45976574556807986,0.6904551677353215,0.38609322884404357
85073,0.304418107228221,0.6773804785596532,0.3561430720617761
85074,0.1861194511538444,0.6672654671395545,0.32379553133781325
85075,0.488491085623166,0.6839355290932174,0.3692550925042924
85076,0.18453257665314324,0.6696311190109999,0.33395203459352996
85077,0.4839874299758843,0.6747316690784357,0.3566150344617472
85078,0.4542173607214217,0.6846507805397577,0.38815069930539103
85079,0.3020731311062667,0.6708626277023607,0.35397390397326517
85080,0.18720623417021667,0.6747824146627027,0.3341810785250458
85081,0.47739458782952854,0.6605885034340317,0.36113347767583626
85082,0.44933911794990794,0.699447381532794,0.3749621830145722
85083,0.18890175525092595,0.6705518281889631,0.32403835263381126
85084,0.4841486211688305,0.6822440096176462,0.37713909110054755
85085,0.45430572811704867,0.6763232101264669,0.3756293437567102
85086,0.2965132358398705,0.6736805203701812,0.3690564889012323
85087,0.18378732229171585,0.668568762267196,0.3260221325734481
85088,0.45667637610034795,0.6794144275875962,0.39170754078209735
85089,0.4824931146575257,0.678140424626483,0.3861711527049787
85090,0.4518087374163094,0.6938491396781963,0.3644622004718154
85091,0.2962823476959118,0.6918918591142883,0.3475638763570218
85092,0.18458874659513277,0.6727346446829472,0.3442288753753265
85093,0.48852171965365,0.6741130267726748,0.3731840199944752
85094,0.4517596595242766,0.6879248333783481,0.3986807715107795
85095,0.18970782450718984,0.6685103154560481,0.3326292386076617
85096,0.4958034649529911,0.695612033024322,0.3860360491902864
85097,0.4484116228287299,0.6896050760574155,0.40436149871091864
85098,0.2990167521329022,0.6768076998104049,0.34948616725566695
85099,0.18252355524271735,0.6707742011151419,0.31596069355514744
85100,0.48848537572991013,0.670903265426347,0.379493233298767
85101,0.4569973989878461,0.6817927314746309,0.379272863065283
85102,0.48843738543659265,0.6811455533728392,0.3791233949264756
85103,0.44765542450522877,0.6790403679962502,0.3844069825187256
85104,0.3035153776361251,0.6316005353676329,0.3764613089863432
85105,0.18845296217267377,0.6640407846661456,0.33298265060978843
85106,0.48395915240928367,0.6736655992431,0.3630517887286236
85107,0.4423694228486631,0.6735359160833062,0.3944927146513386
85108,0.20190608245784306,0.6345885426363705,0.36622480744897357
85109,0.485934820792437,0.6665026331126446,0.3690732448127737
85110,0.46038984596427196,0.6072165945177311,0.4058648580219142
85111,0.2944907553953415,0.6566504260598481,0.34775653131574247
85112,0.19744262264641835,0.6221240381690853,0.3386955249937193
85113,0.49958432062065716,0.6944061034079574,0.3812700781533569
85114,0.4525081087069304,0.6169017124515994,0.38246784276097134
85115,0.1947951807900475,0.6286311623175083,0.3384774066263099
85116,0.4977894202073275,0.6998195158174196,0.38606393346062756
85117,0.4442199720629311,0.6241846664472934,0.40290153746430857
85118,0.3153692519852055,0.6240953459676687,0.3699058691251602
85119,0.20201407194696056,0.6162532966526304,0.3821718892553051
85120,0.49997866578821926,0.6933499351500398,0.39586463765168073
85121,0.45832939019792995,0.5943269410700616,0.39035868567812837
85122,0.2065032036197302,0.7122065266892184,0.3730988884721458
85123,0.47518553888869375,0.644844789056584,0.38354375310719496
85124,0.4683414161224654,0.5856229044320248,0.36161639943902935
85125,0.19895633347520172,0.6898834891613418,0.3845238260612339
85126,0.4680801205310884,0.6488543778232307,0.37821632806205707
85127,0.44534844636339405,0.6410394203241832,0.3958826272309402
85128,0.2060151210378839,0.6900871591079533,0.3626070008175668
85129,0.4808315357200599,0.7393900697930991,0.34841746457083755
85130,0.4453536577739054,0.6546190899481682,0.3910547869129689
85131,0.22960819604648866,0.6343111609467587,0.4576904192317238
85132,0.207057810989669,0.7074743978148766,0.35793726431242984
85133,0.4788434959015188,0.738830080581349,0.3841351700313517
85134,0.45578966593099773,0.6614223675267248,0.38776983397164655
85135,0.19921334664663679,0.610061922806314,0.37109447417245656
85136,0.4822078465777966,0.7087968772487652,0.4071503651335354
85137,0.4485155338226646,0.6327208575959046,0.40198586872497877
85138,0.20885835332133487,0.6959977819778973,0.3639822699303498
85139,0.42197894086572557,0.560111696497468,0.4506229734684041
85140,0.21815942956059153,0.6920196857283162,0.3730675904911326
85141,0.4825017701306358,0.6883763178042261,0.45873787072264166
85142,0.4639743900638069,0.5914781059728098,0.39364433995109877
85143,0.2880032743745409,0.5675678593370223,0.3760218697853246
85144,0.42226158058189245,0.6602132749064628,0.43669341156882213
85145,0.4754589793323928,0.6042497656229153,0.37633817035856093
85146,0.46997272356235237,0.6717747417610377,0.40739763101323023
85147,0.4859106670376323,0.5684246895884487,0.38015325397774186
85148,0.297446146296319,0.6422956829590891,0.3737486933684412
85149,0.5036058528207209,0.6688003491612498,0.4603244857050528
85150,0.44428985028039614,0.6384807564540417,0.3901275419765581
85151,0.20902505048277786,0.6462134070908023,0.3453421337442495
85152,0.49177780894113154,0.6684124686180912,0.4563152177171719
85153,0.4401965818817287,0.6463353202627612,0.3858198784969114
85154,0.6466259902292454,0.6468656047422573,0.590253220607875
85155,0.17761939136848637,0.6794635229089603,0.3199598006839116
85156,0.4788261849552986,0.5802943430401581,0.3849734472458165
85157,0.43295548558437613,0.663247145731713,0.37707559101217974
85158,0.2010788730015483,0.6432672752432281,0.33080410326670817
85159,0.47895347932161453,0.5907289553758037,0.3855663090821637
85160,0.4421548940020486,0.6569901739350025,0.40282323336332326
85161,0.26987588139361013,0.6088897548185065,0.3511311026119855
85162,0.20069760167687783,0.6454704449796825,0.34889255338899844
85163,0.4796467781860745,0.5784167564222743,0.4307165280683234
85164,0.45005956146564,0.6154915628009889,0.39962992672385544
85165,0.1837855776021099,0.6562089119723423,0.34913926158328645
85166,0.48242767746814863,0.5911682691127722,0.4375383894579477
85167,0.43609864587190766,0.6180076636404239,0.36060353289311337
85168,0.27389528371285604,0.5426510898523155,0.344354793980364
85169,0.1837388108573473,0.6544606647094806,0.3392067830904242
85170,0.48179877351096345,0.573355262576876,0.40444863283084526
85171,0.45142082720781357,0.6011276744933092,0.374687514501933
85172,0.4880353817614097,0.5774959784833565,0.408144921008594
85173,0.4579677636250565,0.5852945708752827,0.3860698145067359
85174,0.2917140705582896,0.6604705783974216,0.3684701418444103
85175,0.4810107176084234,0.5807067712439987,0.42517659953384934
85176,0.48194704946916417,0.5774591913728107,0.43809281325011856
85177,0.44695224661910377,0.6091955347822409,0.4105740972433678
85178,0.28965347884210807,0.5275843270698677,0.3355308293055772
85179,0.19093669776406896,0.6784176000332321,0.33033823738220713
85180,0.48141145241843847,0.5783810007260426,0.4311473822939885
85181,0.19276116726747386,0.6844795657635718,0.3460033711913847
85182,0.47837655351970326,0.578466264309364,0.4070903801531863
85183,0.4497843536740284,0.6046298761782387,0.38585233409763275
85184,0.21791061869613518,0.6327135001737954,0.4498265311092299
85185,0.21333946395357847,0.6555276971981763,0.3591630737361843
85186,0.479406690769648,0.5767258557952916,0.38939620516374096
85187,0.44771696446587567,0.608336022853597,0.39664925877018603
85188,0.20381037717529762,0.6353737239734254,0.3360291127667946
85189,0.4813805011716625,0.5706495877864592,0.39590040556572736
85190,0.4494658232002531,0.6042800204428037,0.39954064636009046
85191,0.2946568634408136,0.6657987959845166,0.3613895059762413
85192,0.1762537978897577,0.6536646191416478,0.33087478989202296
85193,0.4816848928621375,0.5805383756669388,0.4242151498924867
85194,0.4511514199426842,0.5998665298306486,0.3986557263661459
85195,0.1711179641599913,0.6673036294691864,0.3024927620883973
85196,0.4777144778016981,0.5782425161640995,0.4026951009162163
85197,0.47027004586117727,0.5580779537523877,0.3703044536452397
85198,0.29118230276137436,0.6623122717971655,0.36969644135534047
85199,0.18309103253078848,0.6497288108789558,0.31637109086611687
85200,0.4795744528714998,0.577172939520095,0.3819350504027621
85201,0.45972867657852967,0.5522652464813547,0.3984871955261598
85202,0.19407174637784808,0.6371521572952211,0.33883779392091135
85203,0.48223331451438245,0.5876736998937689,0.40752598315458843
85204,0.46270316843194653,0.5471088625190343,0.37093359883214594
85205,0.29585186252936907,0.628800451786974,0.38590178220370436
85206,0.18184165350646259,0.637217480201798,0.32651832471438985
85207,0.4503127906998777,0.519306505207007,0.36328520542071563
85208,0.1871513330933951,0.6143836175444898,0.3263509937430063
85209,0.48622706763059,0.6235277242899923,0.42558274660603646
85210,0.42248508211790897,0.5397805262935077,0.38644153717972
85211,0.2879878214094595,0.5274282397036262,0.35206979699879404
85212,0.1943660324635925,0.6275206729057003,0.3281840085027759
85213,0.49051809772900923,0.5953812527822132,0.4409597049310172
85214,0.41813908296774843,0.48275170354512176,0.3776056709913649
85215,0.1945360377377948,0.6149811502372831,0.3309322610631518
85216,0.5054911598772689,0.5382261161607937,0.40559846184280957
85217,0.4063362804416792,0.4793538809888067,0.37236982464985047
85218,0.3094934319502895,0.6962589360822965,0.3935488152007331
85219,0.19923158658342643,0.6167326292649964,0.34788092896057954
85220,0.5181503557584963,0.6490658865186314,0.3896182569032243
85221,0.3960880190128343,0.4637069820350016,0.34983758510997537
85222,0.20712444906929434,0.6331837563401951,0.3350496946706197
85223,0.49676508348386494,0.6008290456688211,0.3987343684582868
85224,0.4034161685240327,0.518653379282669,0.334762402188317
85225,0.30456003886058186,0.7257987795678389,0.3584132995058265
85226,0.2063929709582622,0.6349672092116541,0.31629452319469376
85227,0.5101986949670766,0.6299313632022066,0.4115565868341697
85228,0.40408834984676856,0.5133870121739593,0.3278199666788039
85229,0.19748714621883035,0.6803549399203954,0.3191523060139476
85230,0.4687908662916081,0.5676462468249145,0.3799268675016873
85231,0.4096677312568159,0.507536245714726,0.3954964469862731
85232,0.28354760902057663,0.5721587532112494,0.34500509741361396
85233,0.18743055140526974,0.6960571914424052,0.40725972217194606
85234,0.4351018163326223,0.6446880140807993,0.4645996006364103
85235,0.41049575641214714,0.5059133840520148,0.36644448480058844
85236,0.19720715752453233,0.6712923149057284,0.40542699892954825
85237,0.47181244210607964,0.5241597908828106,0.4214361021129416
85238,0.40198797014424836,0.5177373802300747,0.345016437016886
85239,0.30052695092416704,0.661333734656643,0.36765681682701135
85240,0.2164130632399369,0.6588819940704248,0.4042499024811018
85241,0.46365699250536013,0.49696483346051745,0.4782845414370904
85242,0.399221345595314,0.5349983050639645,0.3179322551145075
85243,0.16967614813795778,0.6528668545499576,0.35027034898566994
85244,0.44314202578612155,0.4971675751342458,0.42593300684063684
85245,0.281944012689626,0.5985493449902404,0.37413048817786365
85246,0.22782333326296986,0.6469708777632776,0.3507585772100067
85247,0.42937515592986336,0.48265942634446257,0.455433432591196
85248,0.4011115015294683,0.5219232377030476,0.2974455612855196
85249,0.20491528683692672,0.5961826617044808,0.35054023492345665
85250,0.4379082288678954,0.4691659141962048,0.4679419613755199
85251,0.3996393913515493,0.5219656975923227,0.264758668991505
85252,0.2762443383299932,0.5565473349098587,0.39120070614464203
85253,0.2085359256188293,0.6292135676003574,0.3386440658402715
85254,0.4331074775048545,0.4012633716580677,0.430198979111234
85255,0.3823463451934831,0.5523223868343711,0.2805097629294545
85256,0.21256568278417823,0.619643968069699,0.3432003387144567
85257,0.4706849194544926,0.3172772981063745,0.43041277541674056
85258,0.4086081382083289,0.510414648022323,0.24705778910250945
85259,0.278823170834067,0.6063917381100503,0.38980773474508185
85260,0.20911085748976227,0.6301471350767733,0.3644432560675412
85261,0.3684728453465017,0.5540879618577141,0.3894471150815608
85262,0.35567883254117677,0.6510048079077435,0.292581401705429
85263,0.2342122279918799,0.6453028057731198,0.474934474499632
85264,0.4084135486714968,0.5263201569252184,0.3507238401689848
85265,0.29702406736151404,0.6462213146005459,0.4184188719660097
85266,0.1986920016707442,0.5493676598675103,0.4319546910688169
85267,0.3784300834857485,0.5683139844520394,0.3035374674011755
85268,0.4052673068542717,0.5334454076722449,0.28361679468588674
85269,0.38566619495565546,0.5467397537163974,0.38312672271979586
85270,0.4117340328662532,0.5213314465499378,0.34120531211911564
85271,0.2983232266853765,0.6386626291781428,0.38607590679731646
85272,0.19372940202386657,0.5504324920056688,0.43511080178160544
85273,0.420640016213831,0.5185453902039543,0.3544122024541335
85274,0.2594403490609558,0.5620187815647428,0.42092982516089306
85275,0.41701595602763625,0.5305555910462355,0.25223544815413396
85276,0.25009527039033824,0.6185404922752289,0.4873671073699546
85277,0.4140948471445007,0.5762696956245217,0.3499513444831884
85278,0.41454484111300105,0.516711844977294,0.30678179169314407
85279,0.23264971117074257,0.6007485265913458,0.4789606082461798
85280,0.7571519861341134,0.5581282180099749,0.5914152680001161
85281,0.4132873957315359,0.5197830873812015,0.2941066628433107
85282,0.25849989338841917,0.5899967199735534,0.48373549379983954
85283,0.46670104535995,0.46898624182264104,0.2644762192887294
85284,0.40885583881576315,0.5383860541404758,0.3197525994308296
85285,0.25111586849321654,0.5687261376120627,0.48053904384262414
85286,0.4695056452306973,0.47196575711352373,0.42434439771040733
85287,0.4110691475182333,0.47108657955195243,0.40668945504435405
85288,0.31662212038874327,0.6157591116741372,0.3417681138670572
85289,0.257745756970816,0.5884907175526606,0.48502033337892836
85290,0.4720585113154408,0.4856861804109436,0.3932633647702287
85291,0.41063166093496006,0.501788655067407,0.34458221977922215
85292,0.2708793498167208,0.5984878039361494,0.49758963297303815
85293,0.455287557857384,0.46637796692397826,0.2976773154836148
85294,0.3980141110212102,0.4698500856914053,0.314659199461864
85295,0.34092673419859765,0.5874184592314389,0.3325591012179748
85296,0.2808621918423928,0.6214638642469326,0.4991914237583379
85297,0.44082911116796514,0.48953287447687366,0.3172826994866894
85298,0.42164599970897104,0.5095255688833337,0.28013474642703634
85299,0.28962241430379926,0.6081336593651172,0.4961847896341357
85300,0.386680018224869,0.5274033482381726,0.3345846019408871
85301,0.4183994269102495,0.5225325628995019,0.29737302415862765
85302,0.31264891835659564,0.6550524214821133,0.3454208180852848
85303,0.2837073500819023,0.6206494595043038,0.505935834474645
85304,0.39830060264949413,0.530427179964096,0.3292194275085526
85305,0.40317793908874505,0.4914980969310022,0.3333813280774357
85306,0.3015743538037189,0.6317125469621738,0.4978001676638927
85307,0.37149224596354247,0.5354005566465699,0.3214854462867328
85308,0.4067761234888358,0.582439341009282,0.24028896908743033
85309,0.3092407011987964,0.6411918633598475,0.49260936709364755
85310,0.40254903513155993,0.5298669500890061,0.3423930257147389
85311,0.3976845232938282,0.5699896201471693,0.2559616591113814
85312,0.30398590003037884,0.6436383093525851,0.49690989895990995
85313,0.4766104291557188,0.5090761472860844,0.4471595780964561
85314,0.41725327913066107,0.5009901341052199,0.311905940407495
85315,0.34262098641413885,0.5884079293636938,0.3526051327404495
85316,0.3130512619063772,0.6423417527984643,0.4996041954571758
85317,0.48943788562154256,0.5181459578204749,0.441998301053657
85318,0.34649875165900934,0.608211015438695,0.3304601845911657
85319,0.3078088548316541,0.629054729795944,0.5087174171878575
85320,0.39776514154860787,0.5415743620690647,0.33671105639710286
85321,0.3317731408768117,0.47724281655062584,0.28230595460903835
85322,0.3061429934742463,0.6733712335977781,0.3430697220323557
85323,0.3128606828898084,0.6256861994061571,0.4900391471496209
85324,0.3811682945182428,0.5356908997760658,0.3611928542721051
85325,0.3623236075261933,0.4737010429365015,0.3324519833709703
85326,0.323816200699961,0.6184317124455397,0.4956177925709747
85327,0.365752670326038,0.5267752856816739,0.3466987457452406
85328,0.387767345040599,0.5140794693641519,0.3392566198863248
85329,0.33010714356956455,0.5965737052515366,0.38669904419143103
85330,0.3297412345767492,0.6048064543088594,0.491490633268003
85331,0.40891488636268725,0.5303667047047967,0.40929887351265726
85332,0.3635007518691708,0.4679232662302486,0.3163032602660673
85333,0.3312784647277532,0.5776253865993333,0.4665687540087864
85334,0.36459632630849265,0.5488900462790015,0.3332394478400726
85335,0.3624687113214741,0.48052422681132545,0.3103293595375172
85336,0.34282563623908824,0.5943915076061411,0.3674092214059398
85337,0.33775606672688885,0.5622324906106809,0.47138691932992716
85338,0.36043607995560134,0.47964927804844304,0.3411121406321712
85339,0.3490569651041035,0.5319750234256753,0.3046055405774775
85340,0.06602958797010912,0.10483248247883856,0.8415654290207926
85341,0.3416856062022742,0.5478741031793445,0.46347490126686863
85342,0.35424354211143566,0.5263929747758131,0.36061203337067793
85343,0.37181961317688045,0.5078797754423664,0.2901200370941913
85344,0.344478083879006,0.5197166642993559,0.4937646715623334
85345,0.3657004202710852,0.4804362471703094,0.32802030248653674
85346,0.36466248856368,0.47954510520269145,0.39863010663654763
85347,0.062244959694398805,0.11837222777373813,0.8513583171663714
85348,0.3433631819041791,0.5106541080456432,0.35322448463362077
85349,0.37631429613476003,0.5001788579860112,0.3144078058651808
85350,0.33266313650061474,0.49601266614596573,0.5276337343970186
85351,0.36441388162398275,0.4527588972731842,0.34487744660390374
85352,0.3803940601827111,0.5137396527280432,0.32329533400167704
85353,0.0641497868820578,0.09948015558214512,0.850113698534805
85354,0.3487216901417722,0.478797054780954,0.524230450752103
85355,0.3640769979218849,0.46633392553275455,0.3314390914757177
85356,0.37209473033526563,0.5041014641454793,0.3115525875538204
85357,0.34309270969864086,0.4877894404808123,0.5505365558897274
85358,0.39019513727307037,0.5201290237422421,0.36497167144028475
85359,0.3250943331153255,0.5291925082688378,0.44513169876078584
85360,0.33194894667749625,0.49285065928239336,0.57524583871204
85361,0.3735428680248326,0.46370185934390695,0.3653464191341119
85362,0.3879588077311241,0.5166970613721213,0.3564969826008575
85363,0.32978380953479614,0.4834857267321837,0.5866634841419451
85364,0.34330003320376573,0.524751960221169,0.33949612886899744
85365,0.3492220535257799,0.4882140049930852,0.3716880626897884
85366,0.34325342506714906,0.5110648172256264,0.4630917713923813
85367,0.3341308056504458,0.47768756240298327,0.6121045854144718
85368,0.3730964540687704,0.468685275125707,0.3628751630004597
85369,0.3755987468132473,0.5400592832022055,0.36226218224057244
85370,0.3343144059085908,0.478869700729163,0.619494288845146
85371,0.3455075413797537,0.4962506134282916,0.31265752711542494
85372,0.3505193095518904,0.477217856324218,0.45879078323805866
85373,0.3328983070645153,0.4834772691348058,0.6183321738546739
85374,0.37481844005155457,0.4561257430195909,0.3530105700312098
85375,0.3281101763782345,0.495630148957242,0.3230760199905545
85376,0.3392675117250152,0.5031804111627444,0.6297990307968415
85377,0.3662780711388067,0.5252540527094056,0.32006909012409107
85378,0.3759367634306738,0.5446598723709877,0.32022751080363376
85379,0.33670358838666514,0.4582515223019902,0.5047033666251242
85380,0.34324429376960097,0.5225853713123978,0.5989592981924605
85381,0.38632632205929546,0.523364983012155,0.3073420479451946
85382,0.34473804263029534,0.5221479485016722,0.6076054499451491
85383,0.38492857644354245,0.5003794336896796,0.3532893028874956
85384,0.34160156654320234,0.4512702569932501,0.511766452302536
85385,0.3533713559165975,0.5144772514847284,0.5970936208123867
85386,0.3948872647144098,0.512902213065727,0.3405581942525077
85387,0.3856795180399191,0.5201213225153616,0.322136936913917
85388,0.36186910455468535,0.5048255857551232,0.599204409378538
85389,0.3427705538958142,0.5146398367611505,0.33024427584093635
85390,0.38011427541317216,0.5448853395401095,0.3515519522994434
85391,0.34850718395346436,0.45822284898405063,0.5181288654147271
85392,0.3671052805951014,0.5031790359436584,0.5976425860473938
85393,0.3719884175608345,0.4474974121922291,0.32515498246451185
85394,0.3727290722860279,0.5004794464976966,0.5946416639737222
85395,0.37862141022643414,0.4477122214134357,0.3487292867612616
85396,0.35553705951696185,0.49665802208246856,0.3259970113808044
85397,0.34885861428838083,0.45791143062206435,0.5225670948778015
85398,0.37571792950581084,0.48597803628143377,0.6120877534549203
85399,0.37461229477837144,0.44284157359667364,0.3219647768938971
85400,0.41376462498453465,0.5133346850877435,0.3326053172836205
85401,0.3687475093387556,0.4833036477252197,0.5918512089926737
85402,0.37287408544808254,0.4500805205816212,0.3261813940059905
85403,0.38899338600915667,0.5242930839927046,0.3655314101433782
85404,0.378050556850684,0.5017216131369728,0.5118889571969014
85405,0.36701818206464243,0.4878217925098065,0.5949481205545502
85406,0.37467469575466805,0.4489881840617463,0.3475333473058877
85407,0.3827851006419243,0.5142447019373145,0.3313947090120914
85408,0.3693101604075271,0.48296166511905103,0.6000555049075809
85409,0.35454140820961827,0.5039192476166066,0.33826841824499243
85410,0.3774463957642743,0.4993910637326934,0.3762525825481714
85411,0.350240340481388,0.4505025753190625,0.5319675245929969
85412,0.35029911612863324,0.5007394316658729,0.5990895261847324
85413,0.37646597083894645,0.45220526844970604,0.3490901937172649
85414,0.370371928653445,0.48238668601926527,0.36875051395780106
85415,0.3508929450272465,0.4891095132813007,0.6036124562314128
85416,0.3790963736487758,0.43548408272652755,0.3711935562797354
85417,0.3702346193156246,0.4666032965711916,0.3434003154065866
85418,0.36784960596595934,0.47956776193713047,0.5112212218697989
85419,0.34371112285988364,0.48584384927913393,0.6052616502762926
85420,0.36182748124551434,0.4595412715216361,0.40443171637350495
85421,0.37900388244135297,0.45056109089116453,0.3646745349655737
85422,0.32541497081161197,0.4850182708814329,0.6228974541931571
85423,0.36723710662273157,0.47415923155542294,0.33731368195295885
85424,0.37464678072097257,0.4406106244346855,0.37305872667307566
85425,0.36176820711552454,0.4534065567016559,0.5420136695115044
85426,0.3170031877886546,0.48372893422751273,0.6274839265770997
85427,0.3600104889832778,0.47469622022796254,0.3249128033517096
85428,0.3108585722628867,0.48343181814401914,0.6436840454621088
85429,0.38762776987212155,0.46088565131946657,0.33932115507260674
85430,0.37423616688929257,0.4464183809170095,0.3243005999714803
85431,0.3344497666320461,0.475392871836367,0.5476726216314407
85432,0.35903686154992126,0.38783050667149505,0.6607643947137778
85433,0.36547927519895207,0.4753832109222891,0.3501720189087124
85434,0.3675827817477791,0.43139926947588597,0.3933055883153483
85435,0.32909678702125633,0.4015252477524869,0.6524359546474003
85436,0.3669923515951515,0.42500240351766944,0.3080929797952605
85437,0.3386903140234251,0.4241129805739087,0.2967272286824162
85438,0.3643075688495515,0.3995518083643205,0.5406718953222464
85439,0.3107335663855344,0.5185254495272098,0.6481200779826715
85440,0.41574274046479764,0.38078357465140644,0.3340294810419578
85441,0.31913275139003827,0.48656903668356943,0.6445484578426843
85442,0.4082341402000676,0.4393532960049881,0.2589355313303775
85443,0.37295130495687645,0.46315359387486355,0.36860987583793503
85444,0.38160587173474225,0.36969906815627473,0.49633891360111226
85445,0.3359683036801291,0.4842892328635571,0.6513201106461366
85446,0.345545924551085,0.5925432131547853,0.21187436104884472
85447,0.3721018903601422,0.4367011859979644,0.38086689695356063
85448,0.35321653170779777,0.4637514359919511,0.652938953085239
85449,0.4858881446809007,0.3765244180011588,0.40857082366382885
85450,0.3109620980656097,0.47077636450666627,0.312002369284202
85451,0.3930593738067127,0.4101613485676837,0.510518234065162
85452,0.4947797173454993,0.3970192392763327,0.430523078830387
85453,0.307742148777109,0.48609946812671256,0.26194186548742904
85454,0.3659821536549892,0.4444860261990323,0.652388196497107
85455,0.40754931554226526,0.37664825647983785,0.34133710332048256
85456,0.3615715556727947,0.33438839282086297,0.2574774945209099
85457,0.4058703350253528,0.42549418186276233,0.5294356159464633
85458,0.39341510921987766,0.38058447730825545,0.654812843650395
85459,0.47038877538760937,0.37524302323745934,0.40773289289029857
85460,0.3633066608150835,0.35078915249704307,0.2842708202467383
85461,0.39881136619621804,0.3740881486296562,0.6625965771703266
85462,0.40599214608147866,0.3918551540871315,0.35793240568956736
85463,0.43417182879772154,0.2430721952588316,0.3449306971104764
85464,0.4353686405508027,0.42318759565105346,0.5236713626819842
85465,0.3807645234951472,0.5058237197676186,0.6644831424038194
85466,0.42266553287144054,0.3223196076455253,0.3313325059647834
85467,0.4631225283699629,0.412968823950929,0.24392790227850994
85468,0.3986655826517401,0.46675292040772987,0.6809341521236677
85469,0.42372743706719795,0.30932966634602144,0.2922811662743096
85470,0.49707926356277876,0.41539811408557104,0.26519379510851093
85471,0.5004708495235549,0.41867591439617025,0.5427637732832389
85472,0.46438128793320926,0.4284347096925617,0.6934336396445779
85473,0.42479201494313046,0.3053084225976223,0.2765384608543544
85474,0.49447441932276137,0.3452221624961708,0.24764320245876398
85475,0.4107237442928647,0.3970612522194048,0.32230229063703997
85476,0.5025554137280885,0.4091729098497432,0.2693917820424826
85477,0.4729705987881505,0.38832658257623115,0.5710710733547951
85478,0.45100550044836685,0.32382365037922073,0.6661690760873185
85479,0.46031575330178476,0.3909445183889719,0.39508471461023886
85480,0.5094163489577924,0.40246538190003767,0.2910683642289359
85481,0.45580076850121753,0.3104798995894098,0.6471381798763919
85482,0.5045729999783981,0.41672389404526566,0.3360052759405423
85483,0.4873484272227896,0.3603696850194338,0.3002458475843079
85484,0.4705080487133992,0.4018662333248185,0.5513878204143481
85485,0.4998148915483239,0.3795626207665293,0.6913302192856199
85486,0.49487642299794443,0.4075302450321962,0.2378359856006304
85487,0.5227150528836804,0.41461905247344816,0.6764235587541687
85488,0.5337323825541587,0.33723378987040004,0.37265723542905765
85489,0.49939022956656987,0.402776593979161,0.3014258592064718
85490,0.5292311740039867,0.36196803340194,0.5557785959191692
85491,0.54338060670839,0.44681423773086576,0.6735369790884533
85492,0.5680657894354111,0.34927060120199216,0.31681619141899264
85493,0.5076659494585684,0.3046761656229119,0.2826254983130354
85494,0.5710128194212639,0.35089298153802323,0.3433671162253229
85495,0.504375464861712,0.3758149768552561,0.24727938666637736
85496,0.5290931396003561,0.36631214421121483,0.6115129656956215
85497,0.4711341883571827,0.3590041956086358,0.6161134309134079
85498,0.5347578975095629,0.32070761021359223,0.3075240244958414
85499,0.49805728670761007,0.25156761116154797,0.2855272791309761
85500,0.5021702225163812,0.3116339146852843,0.6230973421626087
85501,0.5320645499240793,0.3298240406749924,0.3359279815881346
85502,0.5121532458085057,0.4207826125137536,0.2775805132006164
85503,0.529968294033355,0.3679796661137383,0.6075385276963303
85504,0.48692453562345905,0.3742080333534635,0.6123404356428843
85505,0.5231723881435096,0.3661928095750419,0.31319726096699335
85506,0.5322803476358616,0.25873845042126975,0.3063554623240752
85507,0.4872568876642427,0.3736526167451738,0.6211898890756966
85508,0.5249067455616816,0.36346162447058306,0.3327725172834312
85509,0.5550199068942426,0.24649181503765705,0.3466773593548668
85510,0.5469709060177939,0.34044973970261405,0.6001311135290999
85511,0.48775935827076156,0.37404630758896984,0.6161078540593397
85512,0.5358776710203026,0.3281746372839247,0.33836345290818237
85513,0.5315213849989588,0.2489476640908942,0.3350821418215621
85514,0.4948623748478703,0.3549720188685043,0.6197534942624142
85515,0.5332648963729855,0.32598023456914255,0.35988307094572936
85516,0.5392581997274722,0.2377096143848294,0.28738180914024747
85517,0.5508868051926235,0.3529368665238613,0.6177553919475568
85518,0.4917435948982093,0.36940453060856704,0.6307056920718733
85519,0.5336847094771333,0.33428085068835106,0.3579766233825053
85520,0.5193416842013873,0.24041018367439,0.3004716679251767
85521,0.49525540583365124,0.36172695749619393,0.6309326531328925
85522,0.5359460084729208,0.3310790312322439,0.36915883262316324
85523,0.5269686061430312,0.24453064947983172,0.3351152015814741
85524,0.55082444953294,0.3430523762030249,0.5970367031017753
85525,0.4965506452704769,0.36769915580070606,0.6519953155777791
85526,0.5356629155906225,0.3288310981145458,0.34347052461939404
85527,0.5309564680995303,0.2521807869714425,0.32536953925011863
85528,0.4956701434771271,0.3632926788058888,0.6465057308259392
85529,0.5358104211663999,0.3412033941421262,0.3725158452788702
85530,0.5231980826631613,0.24799678604423542,0.2971872790065953
85531,0.5654620781107224,0.36478338191445164,0.5819639537164376
85532,0.5011576681123355,0.36676840752341616,0.6638112497855024
85533,0.5337709469919426,0.351659287993125,0.34879396981867417
85534,0.5268111309123626,0.2405330766899475,0.3166032823402697
85535,0.5033305090792699,0.3523548394262608,0.657304717244542
85536,0.5318089642259581,0.33865335977174826,0.3602862605953045
85537,0.5558035217686949,0.3063420716430095,0.33715780888175184
85538,0.5687940727252168,0.3412873512673161,0.5743037559638962
85539,0.5039403800589354,0.3520650463843992,0.6615100032031422
85540,0.5417838758443303,0.2804765728914656,0.30272974881207093
85541,0.5076749221479704,0.3520290844053047,0.6693631939055598
85542,0.5318093720754765,0.33811482397773723,0.3532623142937169
85543,0.5361426372573441,0.28247129379498526,0.3023883249337461
85544,0.5624723145586766,0.34736485697332575,0.5709233036215449
85545,0.5083676318964596,0.3526108364590881,0.6941182407303474
85546,0.5253304558945597,0.3554286603659543,0.35072132213487517
85547,0.5557089913136803,0.2910082069336165,0.35473792453083364
85548,0.5179347393131666,0.33780498711769963,0.6682338640571857
85549,0.5602966639617276,0.3951947017346846,0.3272860378253338
85550,0.53540846280783,0.2550312723315972,0.38140507182092365
85551,0.5626189138021911,0.3334138094352122,0.5643001303327695
85552,0.5225594809507638,0.3521885754387839,0.673461945051899
85553,0.5748220432887571,0.3903144273843216,0.36036894168175543
85554,0.5353657292416371,0.27136285848775993,0.29586231987733086
85555,0.5325218398672955,0.34043323707358414,0.6635068549507237
85556,0.5500906829329442,0.3353930247435391,0.3524034027191997
85557,0.5278724913087622,0.31309639142211043,0.2677983845281777
85558,0.578725661661425,0.3382741087283535,0.5551474481346657
85559,0.5433734466835135,0.3413465888294382,0.6466518782016424
85560,0.5493363879071951,0.38517152056904225,0.3350782929472771
85561,0.6167050166530199,0.12944856890554782,0.20489924601946974
85562,0.5435498189418622,0.34083923612819833,0.6138962427314579
85563,0.5693643823016092,0.37227488788451196,0.3511410226524039
85564,0.5337126245108288,0.2950791992324455,0.3914352466573266
85565,0.585479695000727,0.3336244929991614,0.4738849950617802
85566,0.5779718651184205,0.28584140568672084,0.5861038045873038
85567,0.6025509163374629,0.24336547791912344,0.3569756879243838
85568,0.538970031384502,0.3191963819601734,0.35257178146316576
85569,0.5727973423301841,0.32916857687820855,0.5647412763891242
85570,0.6122173577701773,0.3084004308097259,0.3100930530210444
85571,0.6856111474495277,0.12933396158498245,0.20105388684252146
85572,0.5828121778847344,0.3645931547344042,0.48015067510522424
85573,0.5797965838631977,0.3328537170820307,0.5671818091267278
85574,0.5821553135772405,0.2120709752117318,0.24586655406153327
85575,0.6053351690489096,0.16422748140094615,0.2222877544824134
85576,0.5925900075525518,0.3488468962016478,0.563303631008566
85577,0.5697617183656386,0.5244825204217777,0.40734407631461744
85578,0.5888589095261154,0.33872507744707436,0.32150469910793655
85579,0.6383166907269088,0.356948586880091,0.41970663516859485
85580,0.5937260044107963,0.3659687176250059,0.5588595204993834
85581,0.5904129521405953,0.28843166521535923,0.2950259375257824
85582,0.6060044501084043,0.21530585149661458,0.254126783287811
85583,0.6078587152849501,0.35257123014941616,0.5449622029560504
85584,0.6046119159031628,0.2009140806219696,0.31300509187055897
85585,0.49238967385177523,0.2629086647771415,0.24699015918470857
85586,0.6306642102154529,0.3914003347549703,0.4065469241740164
85587,0.6426424333509948,0.31178659838428857,0.5630676117845754
85588,0.6023728220478148,0.27300349485715547,0.33117384869143174
85589,0.5190293621036124,0.24161566634455167,0.3083110305644388
85590,0.6313082499214274,0.3608890708876747,0.5558505880353226
85591,0.5997253348748308,0.3713331722350125,0.30645595131953945
85592,0.5137554146661424,0.295823983508854,0.3382910298533054
85593,0.6329737260876236,0.4158343679600735,0.42504581385617046
85594,0.6375056139848927,0.30978156333762524,0.5600464440406803
85595,0.583760246748279,0.39486568056839966,0.3002571998622483
85596,0.5383267167443376,0.2796586613401681,0.22508248927647012
85597,0.6579498867876297,0.33475289463956226,0.5402838645760021
85598,0.6287527101565086,0.2597415696029515,0.3064669275823192
85599,0.5400466634795305,0.3349954489058256,0.1404076098979088
85600,0.6372769916715911,0.295224387987432,0.40991257250375024
85601,0.6738904586264718,0.29056896195760235,0.4754459227163619
85602,0.5559379761598872,0.3769370524878622,0.40459836291279827
85603,0.5258665061114168,0.29565380014698256,0.24099298776509198
85604,0.6990208317610004,0.31982698867198084,0.4724526392428079
85605,0.5191685747391848,0.3941626341912461,0.303024781291838
85606,0.542671039179812,0.251529414451439,0.14764546235212844
85607,0.6803889515842658,0.3803471144940411,0.3768660533952344
85608,0.7308005115418595,0.37858920631710147,0.40731369935950335
85609,0.5079579243970425,0.35413165686563064,0.33365354615419635
85610,0.5451859752593555,0.31773644937865597,0.3105667434007987
85611,0.5523518912955053,0.4122872309915144,0.41782182748911134
85612,0.5445968139718959,0.32211359982646803,0.357621386228138
85613,0.682406039351831,0.3851618596549643,0.31820656873643327
85614,0.8202347961920303,0.40536712855161655,0.37864773997312906
85615,0.5541245865683955,0.36061959670780624,0.3378646117615582
85616,0.5345794860036228,0.320974333955289,0.4385352267733069
85617,0.7870252413167004,0.3745886939964213,0.32563278788658623
85618,0.5408220307303906,0.4152315406737998,0.37639106597442024
85619,0.542657353562643,0.32096429485596245,0.49457987243064616
85620,0.7333134990070379,0.43944959572147335,0.34772954272196377
85621,0.7962641205044196,0.4560574290115023,0.33537145802590923
85622,0.5386475583653832,0.398100814706861,0.3749390306204101
85623,0.5536998339534153,0.3582981581299705,0.4798464154669079
85624,0.8115921023668077,0.44547683716989595,0.3460635843157638
85625,0.5484099803847323,0.4357065244136606,0.3951692546480459
85626,0.75161275524331,0.4737074720857277,0.37667364348010157
85627,0.7835318742428072,0.44604555902284093,0.3448403098256767
85628,0.5320296108153467,0.40243000438905463,0.3873794879859861
85629,0.5246651626970216,0.37720817693063363,0.473396023256901
85630,0.8158739785093723,0.46111091220572553,0.3447654616842579
85631,0.5395723798063858,0.43274148330365625,0.35883367600566646
85632,0.5339666241274899,0.39913491069845103,0.36919645103878707
85633,0.7384063159417793,0.4165344576161925,0.33683134744939874
85634,0.8116929771476619,0.45346524417614376,0.36567961081535194
85635,0.5483523376528157,0.4162268554871694,0.3739133711092528
85636,0.5363901565983259,0.43490906924626477,0.40333104817513
85637,0.8007875341950312,0.45132918513107784,0.3820763898542761
85638,0.5395198125351411,0.4324417543038996,0.35186618267685144
85639,0.5481097578226664,0.33034672706903934,0.3819725420717026
85640,0.7374549389654754,0.43075044111119126,0.35630758080700997
85641,0.8163079303968206,0.45300292989996477,0.3467896400167738
85642,0.5384641620319974,0.42085917783635723,0.37096485456426465
85643,0.5556653060986116,0.3280846635752343,0.35440084595130367
85644,0.8100607633755121,0.45247876514540053,0.38799507972755076
85645,0.5352918178456024,0.4259727924851084,0.3966108207260097
85646,0.5553554764145594,0.3589120903103623,0.4292071440649784
85647,0.7417986269683657,0.4299520576709125,0.3593771319848365
85648,0.8169502480714956,0.4410122571687022,0.33709169358681723
85649,0.5375731014677857,0.41778814171531253,0.35302402207920464
85650,0.5698702969707269,0.3770102485237055,0.4089996076936656
85651,0.8026147906701443,0.4587652010110249,0.38187340926575036
85652,0.5370847243279538,0.4186145796249422,0.3606325747831626
85653,0.5585565513336865,0.3526856827578344,0.35503939574211585
85654,0.7460241292441816,0.4217026684626512,0.36081064542351693
85655,0.8077258701999819,0.45976787324650376,0.3780677471500332
85656,0.5376774203112387,0.42578761923520136,0.3852830978430655
85657,0.556364178906488,0.34740322558582043,0.3629823146465797
85658,0.8046871193891296,0.4524363740170799,0.38833025710683017
85659,0.5398954872580886,0.4133743760593404,0.3479835008265405
85660,0.5569674336606347,0.3575313359677116,0.38272196986112583
85661,0.74106010212399,0.43368722146898175,0.3610161102470367
85662,0.5376280252029138,0.4308872066492771,0.3978404072009286
85663,0.5475889339878249,0.33010596058758757,0.3863018961337631
85664,0.820511318165423,0.4474693921033553,0.346449054779004
85665,0.5375508510107329,0.42764945959455264,0.3598981876001658
85666,0.5524933244451217,0.3380333078664246,0.3642505250608105
85667,0.7450420276041674,0.4258973617182506,0.37048256653448847
85668,0.7996762802075622,0.4598069294685414,0.3914741578891209
85669,0.5380423096802582,0.43124431666539004,0.3763103283371143
85670,0.5549038057313728,0.3437717189263456,0.36226979549135346
85671,0.8157945838031475,0.44435252680627535,0.3460701920428567
85672,0.5378081134235402,0.42086381920077187,0.3894521764991167
85673,0.5508401743977003,0.33318095046350404,0.35212018303032255
85674,0.7442243346366325,0.4263664833289044,0.3692840752458894
85675,0.8252405599129258,0.43864718976536854,0.3200591193849994
85676,0.5400841403185989,0.4169965999899858,0.3898033408600584
85677,0.5565529226002246,0.3481695664213993,0.37951247344530237
85678,0.8183742773228709,0.4410545795360687,0.3248561349095754
85679,0.5360512336486366,0.42532647389524525,0.3827198236172875
85680,0.5593086258453918,0.3512186677980249,0.39803742224555716
85681,0.7508750007813576,0.42332931197784834,0.36668189823809605
85682,0.5338434535729698,0.4206651344233465,0.37061707856465836
85683,0.5508276670124731,0.3586628662315327,0.3812697148128646
85684,0.8082527211443712,0.4539507652743961,0.38838345691472953
85685,0.5336612354715258,0.42071220129655906,0.3792532257791398
85686,0.5519923492868365,0.34949500257632243,0.37113139970621134
85687,0.7616513820197597,0.3925708180993976,0.3628593619139331
85688,0.8213164131145044,0.4396659520641516,0.3411105858728552
85689,0.538330342073389,0.4231783473027013,0.3914007800092292
85690,0.5650335642168512,0.3727068441993713,0.3422864528784729
85691,0.8221653745451073,0.4319549611279928,0.33404284014238483
85692,0.5377560899516531,0.43073624197413,0.3931229970432871
85693,0.5695720683396391,0.3745663466862766,0.3625635182553924
85694,0.7444072324872738,0.42479790843960646,0.3458072011246453
85695,0.8007832744333959,0.4539848707077247,0.3811426216885612
85696,0.5355423280830515,0.4252095458924726,0.38505372014528344
85697,0.5627678241929758,0.3702960163809565,0.35717538999869974
85698,0.8163759053165335,0.43335541548404805,0.33165716336934326
85699,0.5400953788386581,0.42568396209660686,0.3876836800260713
85700,0.5566125592631195,0.347706942720926,0.39310211763964686
85701,0.7388533190138123,0.43391227607237787,0.3599894959108647
85702,0.8208530960617403,0.43903455460136975,0.34615617699285417
85703,0.5380381405518492,0.4314312433196315,0.3758887519686717
85704,0.5655867441134762,0.37352124894199984,0.3563604003748592
85705,0.5355543823021474,0.42608456341630924,0.3907993923459807
85706,0.5586947216871566,0.35129719280782584,0.35440124309091153
85707,0.7380227561281452,0.4298798586689064,0.34370762963997215
85708,0.8222346183299883,0.4402298262698192,0.33830805615777126
85709,0.5376509100925505,0.42534507373338115,0.37243286000037923
85710,0.8279290133041901,0.4332318864296633,0.3337341992937134
85711,0.5357287153129048,0.4229751586827699,0.33667007919436964
85712,0.55702462322642,0.34503441071047786,0.34370358219588326
85713,0.744720279650859,0.4320522578783153,0.35788854288734284
85714,0.8165336071302678,0.4356114280138754,0.33106671394486953
85715,0.5359082597341736,0.42650060157025005,0.3648500030740296
85716,0.5502090952430843,0.34272098278381696,0.3598288149154686
85717,0.5384014891560219,0.4312902833633339,0.39472299647546205
85718,0.5481698929683059,0.3293550565862472,0.373573639299151
85719,0.7439297766512093,0.4395619855012628,0.3433474789391796
85720,0.5376940515082617,0.43080214934881844,0.39677990925140266
85721,0.5541733925607495,0.35353065174464565,0.3698700758617769
85722,0.5399718457512329,0.425827397447259,0.37978622938182127
85723,0.5568852746410082,0.3452273883286969,0.39257383746336555
85724,0.7370664849576221,0.4298115446608178,0.35323787753316344
85725,0.8194933257678003,0.42625117120855754,0.3101789745977001
85726,0.5354595346308411,0.4259365210817196,0.3955124593172721
85727,0.5648459987550564,0.3680309274051627,0.33970168241519555
85728,0.8040102704552402,0.4536339147970208,0.3855648979690889
85729,0.5376142942691317,0.4308899914679259,0.39260727323843825
85730,0.5537676729232889,0.3339448159047284,0.3408960797859218
85731,0.7408535490012886,0.42936246686834,0.35566403719687306
85732,0.8160379340157202,0.4405532090378521,0.35305772824720183
85733,0.5358237442506636,0.4236734949345544,0.3482251983019459
85734,0.5579972083776744,0.3576491578628901,0.3959893986370101
85735,0.8194375863336356,0.43590036154380835,0.3455615576024976
85736,0.5390873107793135,0.4216087753795661,0.3744164202457649
85737,0.565544554346641,0.3738404029113439,0.3494737545304757
85738,0.7447520012800584,0.431081318823242,0.3584549315664237
85739,0.8222220203115348,0.43897191337201025,0.33598338678832457
85740,0.5356115718679326,0.42271146042306196,0.35332361743957297
85741,0.5542582252605514,0.3525049445894792,0.3616701400327777
85742,0.8109178817964805,0.45397596616414393,0.3743832717631745
85743,0.5646935083518334,0.37710396970440485,0.3614216658347014
85744,0.7486698037526399,0.42099711231066594,0.35828986513578304
85745,0.8213443281481999,0.4350499260611309,0.3271598150282562
85746,0.5359146493766266,0.42559512294366225,0.38613898439673966
85747,0.5569702432906496,0.34621328289132863,0.34473768726104237
85748,0.8180218953390784,0.44229870586254216,0.3527025502412868
85749,0.535366318357608,0.42176933220783674,0.39064896093237966
85750,0.5564495100890344,0.35179735998934236,0.39353915710346044
85751,0.7628355957543874,0.3301670203149985,0.33423512331083427
85752,0.817811807520552,0.4524005839403711,0.33437996519569874
85753,0.5376932811258383,0.43145513775124783,0.39599833005329815
85754,0.5631493447590185,0.3694430711234475,0.35682942225177616
85755,0.8248372420559617,0.434720664231506,0.3387385977416174
85756,0.5350203713328816,0.43172499011636484,0.39665595099506795
85757,0.55908476177647,0.3497085053393976,0.39144606237430746
85758,0.7606274984624286,0.40301519449055256,0.3650702888097246
85759,0.8148362280684197,0.44489707918378696,0.3440500273553142
85760,0.5331804715227019,0.418662402868652,0.3570382923361891
85761,0.5571641077616712,0.3366877935128483,0.3485246331165154
85762,0.8220946806286057,0.43824541950944323,0.3320329884099791
85763,0.5377350177265421,0.4258740173742686,0.3783809720037532
85764,0.5632027277292999,0.35986078519672227,0.34966274228515754
85765,0.7421480633723039,0.42200057529711915,0.36615638113951215
85766,0.8030325192100877,0.4529131624741371,0.3666829460106786
85767,0.5356906493578655,0.4255662433428598,0.3949978593330157
85768,0.5521195077033131,0.35735768017764835,0.35966515959790274
85769,0.8205018016766632,0.43785478852811316,0.34723414908512723
85770,0.5353984025197125,0.4212325498181601,0.38614492459130023
85771,0.5669476473227445,0.37715261807956607,0.3454107628484042
85772,0.7386085186696191,0.4328406022192675,0.35913238413925125
85773,0.805556020129515,0.4686809088051096,0.3907808873302089
85774,0.5359567938268486,0.4259898452017727,0.38048465430585693
85775,0.5650104527441489,0.37397208013881217,0.35223858978192574
85776,0.8072263904899304,0.4527291925409303,0.3688736694851411
85777,0.5354222390582252,0.422456254141209,0.40226932500766477
85778,0.5574015668145355,0.3455125056256667,0.3421964880826177
85779,0.7416725561506047,0.4324217448662007,0.34299461194779135
85780,0.8201810506888438,0.4331870199069882,0.34778012309840683
85781,0.5353132526036186,0.42182004341162677,0.3865219452756492
85782,0.5585122316860336,0.35565677483181635,0.3924283829695315
85783,0.8032874704756248,0.45414398355595526,0.38203085399583114
85784,0.5356979906491945,0.422099144125096,0.3477053763543348
85785,0.5567309715732597,0.36618294237810106,0.34826773448888454
85786,0.7387441512927532,0.4289699793412439,0.3447756267682641
85787,0.821363179859267,0.4365384975801107,0.32970270838734855
85788,0.5374537375087695,0.42563586380908,0.3817848724825278
85789,0.5611261845652924,0.3644998804999077,0.35494809588119586
85790,0.819992533578173,0.43637292120217674,0.33656284305046075
85791,0.5374091006448246,0.4273253548364996,0.3559739074883732
85792,0.5654591778474812,0.38520081273557044,0.3518464355435825
85793,0.7417384918227261,0.4293140247760415,0.3463238966540667
85794,0.8207843054429906,0.4302401660693939,0.3466595134218485
85795,0.5399751085473792,0.41332015804688155,0.3493820575299478
85796,0.555097262352876,0.3493189401528591,0.3430295391088383
85797,0.8082043230015354,0.45193888851278075,0.3794508914567429
85798,0.5351799764443679,0.42242397087316913,0.3970901259838373
85799,0.5620180155119276,0.3644037526858082,0.34505010938576763
85800,0.7367824857430607,0.4292054168487381,0.35758009215869646
85801,0.53572431960143,0.4231770064640926,0.34164340780529057
85802,0.5528838630171797,0.3368529573250565,0.3291031543261195
85803,0.8025408339574965,0.4515345741015466,0.3697620031897577
85804,0.5375106098582627,0.4303008476115562,0.39057692656733173
85805,0.5622318192927318,0.3643401831835657,0.3382846882942475
85806,0.7388897535707785,0.43356754302803735,0.35593575673667915
85807,0.5547232190280018,0.3513266224962627,0.35511535925434823
85808,0.5355130082343487,0.42587845245582046,0.3957897979600409
85809,0.7355394510445747,0.4315585886069794,0.3576908434106241
85810,0.8217324196231482,0.4378263902539908,0.3418013383976576
85811,0.5374872718024946,0.42297264890793834,0.350830197535889
85812,0.5545695957094503,0.3509508782615367,0.36438625385914075
85813,0.8203957608019108,0.43916392833686924,0.35083360279678216
85814,0.5333623270912409,0.42776411848583373,0.3873594620100138
85815,0.5545084635983217,0.35113147890798335,0.3567166346031357
85816,0.7416939002753946,0.4290710923245296,0.35973993169131147
85817,0.8056292517763525,0.4518340968184405,0.38161572480868267
85818,0.5352752319651924,0.4221322869050645,0.3641294312795199
85819,0.5547185967334612,0.35143430215068316,0.34400510410583884
85820,0.8004565416526418,0.45264956735586076,0.37582845434650375
85821,0.5352789479274701,0.42320341067054057,0.358048057813252
85822,0.5549265999877833,0.349199330472869,0.34339406679509654
85823,0.745011574840136,0.42727680960276976,0.3671081557840443
85824,0.8055471380733391,0.45138512216739407,0.3881990573899856
85825,0.5358196657554808,0.4253560067251136,0.38264891307283205
85826,0.5542892218239405,0.3507132060230281,0.3508049580463408
85827,0.8189475324791177,0.4379772861681835,0.35973917121121124
85828,0.535124826126174,0.42213208062220164,0.3871879652976369
85829,0.5549264187213306,0.3584343048194677,0.3326707270220177
85830,0.7555940916075166,0.40299350040947357,0.3543256260196137
85831,0.8093204711832238,0.4532067029880077,0.3873940047061213
85832,0.5379121603673143,0.42651098447434804,0.3801185591856144
85833,0.5564389060015592,0.35804618361296925,0.36292430691449123
85834,0.8106014812035228,0.4529173568923489,0.3780089366889501
85835,0.5373515938627474,0.427495985144574,0.3643198554966133
85836,0.5542458085085504,0.35224244964647133,0.35782738338772796
85837,0.7477286683309061,0.4117044475234167,0.3621428037643968
85838,0.5352659873761114,0.42281553012738216,0.364703576855623
85839,0.552450047079571,0.35634682538860885,0.3478683894887049
85840,0.5605707841546237,0.3773297119173439,0.36738983761316324
85841,0.7446912770184481,0.4225242587250033,0.3515798872684579
85842,0.8077356585884206,0.4598759998471272,0.37299688274137055
85843,0.5353340982456639,0.42474056180372727,0.39758661809192974
85844,0.5547647290456399,0.34974842107336385,0.33776051471050733
85845,0.8095035503003176,0.45435525158801593,0.3813208190755989
85846,0.5338452209208824,0.4209382529337925,0.3840915015740417
85847,0.5612677536647481,0.3751905586293349,0.36973037566736777
85848,0.738966474596828,0.4255753197888263,0.35732477363971826
85849,0.8012041751362591,0.45221338224231244,0.3834525546436216
85850,0.5355406513683654,0.4232795290469412,0.3479882665018351
85851,0.5570221761293104,0.36534632784723625,0.3470010027859597
85852,0.8131678516389825,0.43775281603289884,0.3665402376949841
85853,0.5353800492913899,0.4217165925558952,0.3936365746042977
85854,0.5573897391785054,0.35502094228748277,0.3478854157931708
85855,0.737010337673939,0.4296165729749242,0.3544102674547674
85856,0.5375681619569531,0.4280041629772654,0.3570009443134898
85857,0.5564999927960748,0.3556004252297745,0.3495648346971445
85858,0.8073143047194259,0.45287905704080855,0.3703302423704158
85859,0.5527583813153896,0.3573164236050735,0.3488690292045652
85860,0.7414677250592027,0.4296232427874904,0.3256287615669446
85861,0.820894152913247,0.43084622512051934,0.34624952170026585
85862,0.53293453826318,0.43001837761132666,0.4057667898881023
85863,0.5586952201699011,0.3688378372037735,0.34556153225316094
85864,0.8178544957701318,0.43306785717320095,0.3341570769281052
85865,0.5328419111059178,0.4179114988673115,0.4029631363524258
85866,0.5612285547943803,0.36575538676431646,0.3499489109468677
85867,0.7352051050728128,0.442751771790369,0.353818977277294
85868,0.5378170407963292,0.41686485400156326,0.35341364138388043
85869,0.5524930072288297,0.36092503286676914,0.336162302406568
85870,0.8161793218487233,0.43656277019697565,0.3316530483270232
85871,0.5377846847345458,0.42160447781992283,0.3888589597720561
85872,0.557788117524637,0.3537683239831543,0.3258140567682509
85873,0.7614194515936988,0.39476786811091996,0.35866925175822156
85874,0.827191349475464,0.431948394456858,0.33550968373390183
85875,0.5399608791308526,0.41345692358496733,0.3486672907335364
85876,0.5637573577575453,0.3693736913205673,0.34845548857584824
85877,0.8186341227826274,0.43567846994430964,0.34533826374551724
85878,0.5375166369678106,0.4276146665516811,0.3895375953139284
85879,0.5556317264882733,0.3476411041071919,0.32550098823544044
85880,0.740525683305206,0.42818919870526384,0.3357110546395488
85881,0.8024285393901306,0.4533531294401715,0.36778273543204887
85882,0.5374521514273095,0.42695215475708237,0.39308602926063796
85883,0.555190705209175,0.34910633128218965,0.33550743186782733
85884,0.8213848412003488,0.4360523576332697,0.3553719959388335
85885,0.5374446741861411,0.41765048228482093,0.3558017685928005
85886,0.5579062579350983,0.3534437378984212,0.3192908190144225
85887,0.7445782573852718,0.42479302641185174,0.3521232925489546
85888,0.8231800135133575,0.43987811398861804,0.3343379528950514
85889,0.5373635121320036,0.4277357889726656,0.370681288434453
85890,0.5607404948708405,0.37358254933275076,0.35307406166979866
85891,0.8191976801836617,0.441485126251365,0.34654046448704956
85892,0.5359136070945244,0.4261832697661947,0.3755284026980752
85893,0.5551710377990714,0.34937649307160107,0.33012752524599587
85894,0.7589718106846712,0.39081246297625505,0.34767465295828615
85895,0.5356587464622135,0.43323625275026084,0.3386993654182254
85896,0.5655010503980245,0.36425419761022415,0.35479616885673104
85897,0.823974323108511,0.4361691481141339,0.3404185785558875
85898,0.5375772705961946,0.43640259155395356,0.400964518601056
85899,0.5524462858006802,0.3564260380079526,0.35754141752071117
85900,0.7449721493867025,0.4248088414313388,0.3715422955541353
85901,0.824883918167498,0.4359599085302248,0.33610718449886035
85902,0.5358834262301717,0.4261336243571962,0.3822452164365234
85903,0.5543277409451113,0.3526289205900668,0.3491347325018007
85904,0.8163390175934359,0.4423525800702295,0.35754817734382416
85905,0.5376770124617204,0.418125311054681,0.3572430642778398
85906,0.5637364214822738,0.36996641074656017,0.3519166278568322
85907,0.7513012488445715,0.41439918932210107,0.3562808203572614
85908,0.8197208151657733,0.43857567837290534,0.33399092892576643
85909,0.5355755904770978,0.42328496116233033,0.3869766870262399
85910,0.810157740927636,0.45205440691599047,0.3835570192600542
85911,0.7423255685459813,0.4285028517982646,0.37451296741937634
85912,0.8164093489770323,0.43154858388813,0.3405010652974239
85913,0.5334217824876832,0.41691082069950713,0.3877159581814359
85914,0.5631719124323633,0.3803722466228347,0.34110328526389316
85915,0.8216846559128965,0.4351988622881263,0.34549896164047117
85916,0.5340195992482529,0.4221961314511242,0.3899889318036259
85917,0.5608168533639849,0.3653425803752274,0.3683281517599216
85918,0.7495144147883811,0.4113121662791836,0.35205850809419525
85919,0.8234868976175553,0.43254847130496,0.35695280592314627
85920,0.5334298488448225,0.43055529752291194,0.39461483085587507
85921,0.5551989528327669,0.3495276296491338,0.33779910062581425
85922,0.5355735512295065,0.42284382526007314,0.39843941202652977
85923,0.561176440689267,0.36514406750018785,0.349492766532981
85924,0.7394213174429346,0.4343209568042094,0.3536313161378981
85925,0.8177874271826816,0.44191625743477275,0.3327784955019968
85926,0.5374600365179962,0.41811678469634883,0.35754771260598517
85927,0.5540931821554881,0.35188919024379867,0.3603973836375034
85928,0.8175134429396248,0.44198281803852696,0.3529166338392757
85929,0.5377120875202922,0.42593136401014775,0.37512381038520415
85930,0.5597859457316168,0.35989757230726827,0.3269923868844154
85931,0.7414373176117842,0.4333099301127842,0.3395525987413277
85932,0.8200847982025302,0.4454351680315952,0.3334914033470521
85933,0.5617467502656595,0.3645593587253698,0.3394908604318587
85934,0.8208867209886916,0.44376262657940846,0.32673575019993023
85935,0.5354763017777037,0.42266676580277246,0.3490913428871941
85936,0.5610951880019033,0.37369060717241986,0.342881655303573
85937,0.7413388899280396,0.4299329765060966,0.3306698024810105
85938,0.8161250325461792,0.43294271223639036,0.3440120371494191
85939,0.5362232101955107,0.4217241562608673,0.34110328526389316
85940,0.5609920927070051,0.3715031493140212,0.3550308952645512
85941,0.8060332040659006,0.4520472557767441,0.3872434211965002
85942,0.5353597474487023,0.42367593594843184,0.35258719385986337
85943,0.5547328261499879,0.34895007201356226,0.3391685351662729
85944,0.7408585791453473,0.4238245283706558,0.3468821397462964
85945,0.8055513072017482,0.4449492687480942,0.37562219524376816
85946,0.5399068164113741,0.4222010822398332,0.381575757354527
85947,0.5638803470456127,0.3694905505623857,0.3532439106752918
85948,0.8176122331562745,0.4289959709819661,0.35135943253718505
85949,0.5403463422422387,0.4226384706700816,0.3540437751949169
85950,0.555363316188633,0.349275517610224,0.3400675155922925
85951,0.738972864239281,0.42858316459287704,0.3450725350989451
85952,0.8213184976787089,0.4370869005710627,0.329041259695741
85953,0.5354229188074223,0.4230530992244594,0.3513563990665631
85954,0.5569695635414524,0.35531076970982145,0.34706926009984324
85955,0.8197516304627099,0.4410803992744051,0.34007157993593917
85956,0.5331678735042484,0.4268470192579707,0.39676474189829286
85957,0.7357139653217847,0.4245734383043218,0.3496732031114249
85958,0.8038354389617384,0.45327855818524226,0.3628438903687832
85959,0.5352155953022975,0.42263902075771587,0.39500946087943334
85960,0.5662402549915974,0.37289827469611875,0.3465830598224404
85961,0.8052817639867794,0.4519986761625372,0.3803435936970463
85962,0.5359429722598403,0.42669402613467206,0.3730980434942567
85963,0.5554478769887561,0.34791570097815505,0.32959880990610163
85964,0.7439700178036794,0.4186788023562505,0.34457342355939635
85965,0.820789834069794,0.42948647724940464,0.3456605045133142
85966,0.5351492517806575,0.4231802382289444,0.3547137919623202
85967,0.5486227872000473,0.34556084457653363,0.3490700240950515
85968,0.8174986697237405,0.43779139092825636,0.33687494830847764
85969,0.537532407149184,0.41839495713693514,0.3583564071445517
85970,0.5614735817216393,0.36372105955112494,0.34443472466378583
85971,0.7431457539272389,0.4242570347731494,0.37187697439646017
85972,0.8188191051974731,0.4366735440943393,0.3432024469342901
85973,0.5374583598033099,0.42835982901333824,0.352857629033278
85974,0.5620882562622979,0.3648969406304641,0.3369554197777485
85975,0.8215553222989892,0.43964663023599565,0.33952929002625615
85976,0.5396721669885246,0.42272521261392026,0.3588079717782793
85977,0.5375873308843122,0.36817425961438327,0.38307215404771616
85978,0.7548508991519871,0.42660614963508753,0.3712212715544987
85979,0.8176635315623513,0.4365050453758479,0.3469602326028094
85980,0.5372033179045466,0.429001128053538,0.36537203041393135
85981,0.5519266401977805,0.3977272708226724,0.3310624341318611
85982,0.8100142685304283,0.4530636458226042,0.381969322705945
85983,0.5360769281682881,0.42616105997795856,0.37276188594062587
85984,0.5570189133331642,0.3582992926857163,0.36256498006714055
85985,0.7641541279303681,0.2788084321403535,0.31668198358086286
85986,0.5377566337510108,0.4212501182419816,0.3934368978793184
85987,0.821801572774803,0.43768993414019924,0.3397306017834509
85988,0.5376263031716143,0.4293408415482152,0.38542480063507184
85989,0.5576992063296523,0.41718840867198187,0.38991154872853984
85990,0.7485327663144985,0.4081256117549292,0.3660317131017506
85991,0.8254607986527961,0.4296846807001499,0.33204757695323484
85992,0.5404904490720304,0.4290927520251315,0.338165994250162
85993,0.8200870640331873,0.43922866677533473,0.35033039311447123
85994,0.5372349942171328,0.428558616932195,0.35625939171799315
85995,0.5509670155978849,0.464164208000563,0.3531664938010901
85996,0.7435469872199986,0.4073214867749671,0.37043904172341957
85997,0.8255914011318713,0.4322524210162579,0.3464192608586334
85998,0.5353796414418717,0.42407956275012304,0.35511953344512054
85999,0.5381771266043558,0.43598383734231827,0.3526332874037152
86000,0.8225214724911774,0.4321557087340469,0.33510609271982933
86001,0.5377357427923525,0.4283428450576282,0.39273270175630004
86002,0.5519299483105399,0.45804321099096407,0.37552067115038973
86003,0.7413092075464317,0.42192370055022127,0.3684966065518977
86004,0.8237924222233589,0.43692379958748323,0.34520144492571003
86005,0.5412296536656033,0.42155314776754427,0.3856462862393695
86006,0.8226827996339631,0.44010750053213454,0.3345770689630056
86007,0.5565320316415661,0.40095549448522744,0.39995939205260445
86008,0.5504424304841526,0.4949974794168057,0.2612173180719511
86009,0.7291941735558138,0.450868074171599,0.4000882173815805
86010,0.5464800364642394,0.4127990875352604,0.39316900608935
86011,0.5019092441412962,0.3384219791605574,0.33306698785290206
86012,0.8266964014267267,0.42728867086738515,0.32928711446236103
86013,0.5374185265003582,0.42924883939137315,0.36696417155173733
86014,0.743937661741896,0.4343013255517592,0.3757401372575323
86015,0.8433602264113158,0.4275715878138175,0.2749315167601533
86016,0.5373521829787182,0.4284359130092618,0.35963491783925094
86017,0.5656427101307064,0.5838933601487303,0.3251363507020566
86018,0.8312689383259844,0.42490459106018974,0.338722391065704
86019,0.5348493917514967,0.4236997272386167,0.36610806530381196
86020,0.5478782805627369,0.5449770666531345,0.32319554633786074
86021,0.7472791275285371,0.420780102738922,0.35715391911053707
86022,0.8161417996930417,0.43933455864494364,0.3652944698934885
86023,0.5378019503641529,0.4375088177865954,0.3902093865348988
86024,0.599606061549041,0.5121013886115708,0.27737405605618803
86025,0.8175166151025448,0.4531014643474644,0.36156495718513937
86026,0.5358420974789861,0.44206498737890537,0.3611177441875407
86027,0.5971238893807992,0.5524689851889205,0.24376718959644297
86028,0.7318982611786121,0.4048679927844145,0.3776787615787742
86029,0.8016816309723236,0.4661741938359354,0.3506585909763865
86030,0.5379809509860639,0.43052927150171266,0.37174558878448005
86031,0.6297837084221031,0.48636928611135255,0.29000032273930476
86032,0.8060132647561181,0.45729058796576627,0.3467863784021218
86033,0.5359069908690056,0.4309208307559255,0.3468059903389284
86034,0.6176418469965052,0.46007564727791256,0.2607860149517824
86035,0.7424736632377295,0.4159445230088485,0.36254124463823506
86036,0.814263879244436,0.46564552523886504,0.3315410296082618
86037,0.5460285017308921,0.4444465917917461,0.38677406132842757
86038,0.8139788377477724,0.46334230831391665,0.31329025078369166
86039,0.547821544163083,0.46869307949401917,0.4025700526384046
86040,0.5980459918250133,0.4732468424529289,0.3606933793920641
86041,0.7487416759010832,0.43625664642846984,0.3441955705718266
86042,0.8116315278202413,0.44224153112904874,0.3649665086253822
86043,0.5476593106880345,0.4907238142052026,0.39877296704826204
86044,0.6102910844953489,0.5010346568231235,0.24065327496699265
86045,0.8045369401331769,0.375147170467177,0.3643265054726007
86046,0.554093136838875,0.506776265267419,0.37316860759777754
86047,0.5806572822966043,0.5282358371117799,0.34936382290710044
86048,0.7491921230357149,0.4411641157362551,0.36106168835437613
86049,0.804354132915762,0.38690732209917716,0.32093699226334865
86050,0.5545066056171829,0.5099464890650292,0.35882530227478526
86051,0.6060626366396786,0.5331075507233337,0.2717141238939282
86052,0.814761365023509,0.4122246929035862,0.31008658049041365
86053,0.5585162648646033,0.5369309004452817,0.29383474473370064
86054,0.6436476464637114,0.48805561413487464,0.3198720074812314
86055,0.7451700017196805,0.44878331079843464,0.3759011731436419
86056,0.8305065316264828,0.413579730649332,0.3274368959527688
86057,0.5966990914492057,0.5003321605336042,0.28726056220671453
86058,0.6306662947796573,0.3957166661387114,0.23906717330864918
86059,0.7626431814149863,0.2882340118522483,0.3582172561857705
86060,0.6060362170542168,0.49189168463336674,0.2818342208812085
86061,0.6451063429241404,0.46995071734801086,0.3715394226293123
86062,0.6821306502937668,0.38283285737215644,0.3185653970468293
86063,0.2509652813877456,0.4380890227189072,0.6001640676667757
86064,0.604460784998334,0.5086651974427612,0.29303055181483845
86065,0.6102521575246598,0.48880074221605474,0.2687978576464398
86066,0.5968091201859146,0.45340249980535274,0.32492060672251566
86067,0.7472929944121586,0.485202515858457,0.3771963130031991
86068,0.6139092988384482,0.5065762740318621,0.2794181312414925
86069,0.6043542456408371,0.4948687589103721,0.2903637794160885
86070,0.6265087674235544,0.5244579383806185,0.2770040463118185
86071,0.5970641167680649,0.5109589941169718,0.29272224895732263
86072,0.7257654279722613,0.4103723415559272,0.3592091081315839
86073,0.2501528678056418,0.4218305638376334,0.6129077199985278
86074,0.6216638323627002,0.5232295926931549,0.2649624132287981
86075,0.6030419218408569,0.5563816210100161,0.29922652540731903
86076,0.7713969915756331,0.4022029900984612,0.39966754513947933
86077,0.6109449579063753,0.49770676415732285,0.2557229887692637
86078,0.6675076136654162,0.47387452682417897,0.3548990787138476
86079,0.7348863026993586,0.40884027873335804,0.3331315864125257
86080,0.2662591171821312,0.4114411274489574,0.570294200683533
86081,0.6220008066980243,0.538196686472357,0.27146145134399313
86082,0.6650952743980263,0.5048535714635196,0.3099053411829751
86083,0.7115664188930806,0.330229180217678,0.3613504848973215
86084,0.6288483282102383,0.5401834654856561,0.2690295278748573
86085,0.6728719224294915,0.48252730217079143,0.3039789260993492
86086,0.7191081456020175,0.4051420051872662,0.36898233364168265
86087,0.7326617101602162,0.3766750732520115,0.3944529246425397
86088,0.6275242674074544,0.5199042785631403,0.27457756773496966
86089,0.672074168771739,0.4782160934781451,0.2901402447404098
86090,0.7201419081810135,0.3102732385412867,0.4033435284985524
86091,0.6309403696559402,0.5315436859594045,0.2720353093635583
86092,0.6439909198082624,0.5214318031627262,0.2974329542154139
86093,0.6751032218273789,0.42161609842119824,0.48075101499589024
86094,0.6838119419579496,0.26572253492913583,0.38291332355389723
86095,0.6655953885406617,0.45408309573093014,0.22818744502785102
86096,0.6273633481141869,0.5124754825833938,0.29011416344163954
86097,0.6413561666035713,0.5276844086388391,0.3065964964918377
86098,0.6379793538586794,0.5092281777560229,0.2761044065389898
86099,0.7045778720807686,0.2824247082484527,0.35998614979842375
86100,0.6923574769645955,0.3463214438724292,0.41839206926736666
86101,0.6577885143282308,0.4233063458191149,0.2716291147613649
86102,0.6421713218407703,0.5125598866547867,0.25972598913365197
86103,0.6289252758193535,0.2303646208181258,0.4320587416460838
86104,0.6472677187879498,0.5307554103794067,0.30721463161684864
86105,0.6410334216847737,0.5101828892258834,0.2418968521633107
86106,0.6707284919444864,0.4036190188106635,0.3827428999634395
86107,0.6942239323100765,0.37125701947813466,0.4194010573647715
86108,0.6599474430949305,0.37563210709731787,0.2370496449521207
86109,0.6393920086401561,0.5152535626586795,0.22606903898602926
86110,0.6814835290580984,0.36417030924598853,0.45444360859231653
86111,0.6616884167386212,0.36272509150868953,0.22156442805998522
86112,0.6435791730612539,0.5148881325670973,0.2098167807403717
86113,0.6518809046891958,0.3116262822193579,0.4185849101212229
86114,0.6464297692943404,0.35878357608679146,0.27054073201338663
86115,0.6397467017712188,0.5292976781484267,0.21932429450345603
86116,0.6480920732976165,0.3022529608327247,0.4179664370050563
86117,0.6315418117455615,0.3941030528243525,0.31446806546334377
86118,0.6396795425505424,0.5167605964938865,0.22654876250791195
86119,0.6675609966356975,0.37720848635492793,0.3841713773339008
86120,0.648401087282632,0.3425324058666725,0.450366945167999
86121,0.6481142784380561,0.36086655167514425,0.23082639124848967
86122,0.6348884889427139,0.3211049110074886,0.49254646693958104
86123,0.6307976676411561,0.361507610052004,0.18797765121360965
86124,0.638498954144966,0.5160212443328672,0.2831267708835356
86125,0.6788587455082987,0.41837776689836226,0.4134188420537924
86126,0.6396062655870917,0.3342776533039765,0.4873203631931282
86127,0.6360848022130504,0.3532841437235106,0.23951955757092924
86128,0.6489650978497978,0.48112911692622795,0.2921822130261589
86129,0.5854244993659201,0.33312154099899616,0.42900490705699507
86130,0.6911654234558943,0.5081480463055348,0.31451987105772605
86131,0.6502674066782737,0.42097349292286684,0.41946005372099027
86132,0.6287419248025808,0.31786699205037844,0.5486648115684098
86133,0.6422137835072843,0.3397258587563102,0.2540203878969018
86134,0.5796077495362347,0.18361724537970112,0.44900223827883007
86135,0.6413424809864025,0.45476792045519643,0.26729844596652
86136,0.6494358015105042,0.391117211525675,0.3257400916287263
86137,0.6725091629412894,0.3662414923306803,0.39279355706387487
86138,0.5293550243077039,0.4205458685481279,0.43023264303033676
86139,0.6419439230760235,0.4770828098099895,0.281094351904156
86140,0.5633200524407246,0.2960020399999918,0.3726209351789408
86141,0.552220654383846,0.3624478817214632,0.38062398270999487
86142,0.6319422293392845,0.49120483146094895,0.26424784605841306
86143,0.6831856663643265,0.39486217375973076,0.39283102338347875
86144,0.6184931195743782,0.20780241550098474,0.405619172250872
86145,0.6203686382424877,0.35090281435448695,0.32459748717771403
86146,0.6303364804692096,0.26684839241422786,0.43636583054076594
86147,0.5946065515207591,0.45716630254088436,0.26731166353315067
86148,0.5877403142473175,0.5548502457969898,0.30946023640520987
86149,0.6199697160969984,0.4093235651005959,0.37987967548657964
86150,0.6450477032267348,0.30875812529395036,0.46597089835311445
86151,0.6288283435838427,0.48726448497527375,0.2551399307888751
86152,0.5653893449466294,0.5481640681235918,0.2565250248820639
86153,0.6353834369914512,0.30263403404140826,0.513989234238112
86154,0.496564693420551,0.47915777474716736,0.29554447510700205
86155,0.5891638450159482,0.43112721676023164,0.26259785984676226
86156,0.6137671406230217,0.39873042438483125,0.33275369540095096
86157,0.3017224938120802,0.12444153373594846,0.6893561143428135
86158,0.6104336958769068,0.4923922643806089,0.3343145343328543
86159,0.6264077566928609,0.2504493861423822,0.45344609529464597
86160,0.5795901213737226,0.4768888351579331,0.28458482142389385
86161,0.6186279364984758,0.5580195757021942,0.16914328840991488
86162,0.5422361356434878,0.40872706382211704,0.4550423261254354
86163,0.6169569770220895,0.31663819941671195,0.4620275893392587
86164,0.6022460714808566,0.4853925023751644,0.3034951361213751
86165,0.6005484205193296,0.5665858841487851,0.23267011187811446
86166,0.6093508100892647,0.346343825563051,0.4978184529854134
86167,0.6106179079093291,0.5437947908050462,0.21688960901284512
86168,0.6145977035086889,0.4379754640028948,0.2408141925561977
86169,0.5850451086806949,0.372518336043181,0.47583503503430424
86170,0.5400953788386581,0.4593208239021775,0.24290374682799526
86171,0.610142763220535,0.5338099782518986,0.22712006895830755
86172,0.5912334547381449,0.3655923201612141,0.4751822389162814
86173,0.6002846778308428,0.5919190012117269,0.23216843583067226
86174,0.6139087550390906,0.5350169736630546,0.24022171095990064
86175,0.5572379738410927,0.43497542356715607,0.3820017952062241
86176,0.5960076505658846,0.14099901681719748,0.5823245902795163
86177,0.5955372188048572,0.5031513940400334,0.10766042420661562
86178,0.609853416645623,0.5320203025140762,0.2881311693314396
86179,0.6117517295701429,0.2510303474451912,0.48545377323693417
86180,0.5699579846171567,0.5259019528012175,0.22882505266831682
86181,0.6112436397035944,0.5620953812678237,0.26352880367388276
86182,0.6184790261076911,0.47740612381706815,0.25193753007487557
86183,0.6057247106554785,0.31381831268121696,0.37286989946419274
86184,0.5562207518258935,0.4900580362652751,0.19307400860518723
86185,0.6231424228162984,0.5822389028275221,0.11204048539180256
86186,0.6232624212078985,0.32236155182764314,0.37834834740745404
86187,0.5897626134253939,0.5046596311919406,0.22087715261919655
86188,0.21981541189633433,0.5677871380202579,0.5486030605842724
86189,0.47763540031176527,0.49234571321455367,0.33573417745948475
86190,0.6176935532521002,0.43660409553050483,0.4190485663885439
86191,0.6508247103866943,0.6376181502824547,0.11302581410831192
86192,0.604549786826545,0.376525174371656,0.3831277451430417
86193,0.5878714605257506,0.4439016612289859,0.2632556128163272
86194,0.20202281805329694,0.5658059974052108,0.5686137424567557
86195,0.5839396552197081,0.4784534906728365,0.23708437354336376
86196,0.6163413961491682,0.4459510470911673,0.3332822037212623
86197,0.6694172557432215,0.6132657019496184,0.15720465496291175
86198,0.5963816485741458,0.6408013699004259,0.13399915394053918
86199,0.6034396204377913,0.39210234971780955,0.3554467342331266
86200,0.5798463868210406,0.44341314902922185,0.22624662376409732
86201,0.5435730663644042,0.4874539557848241,0.20298945234380475
86202,0.5799691042094294,0.45617294741471204,0.2808497181305858
86203,0.6141480720730936,0.44054901461964036,0.3452154293097751
86204,0.5869513066959015,0.4506974438635246,0.26917466286142705
86205,0.5380250440506512,0.5026160900108739,0.2656897675552015
86206,0.6049666543508385,0.45982078480083105,0.38776510209546744
86207,0.5724827090851389,0.42794403152273747,0.23519074006982832
86208,0.6006074227496405,0.6058311300497115,0.2933565020355686
86209,0.617589460991713,0.5215511721793763,0.316619848131786
86210,0.6110472375022367,0.4386324061601959,0.38998191003736726
86211,0.6799506946185693,0.49701970470204215,0.2512783121248953
86212,0.22273987420884236,0.551619237315786,0.5652668188370448
86213,0.6008327822667959,0.43771809175098164,0.41845518911568436
86214,0.5868799330302028,0.5790692291175463,0.2606408044453138
86215,0.6102836978874067,0.4756185796688289,0.3676105796369184
86216,0.6030014994219343,0.4821350553070355,0.4331388599821953
86217,0.6175836604652307,0.5383331769666257,0.30565265196479496
86218,0.6192420219231635,0.5519308619606351,0.2823756246203303
86219,0.5505700420667606,0.38879979546366533,0.49423451306780275
86220,0.5835454913185988,0.4593647965324469,0.16165789968307584
86221,0.6220593557622038,0.5134330820133346,0.2685755165020295
86222,0.6165995648942383,0.5313425601681019,0.4503077460170869
86223,0.5807817217162923,0.45746022124000346,0.49188459575902893
86224,0.5877539545478733,0.4815456707873258,0.1876721325582385
86225,0.6032223725943886,0.5608973591612026,0.26365670903318206
86226,0.5783083409710001,0.4540418047778781,0.5323390782704033
86227,0.575754613870607,0.48258602402575634,0.19906077834698868
86228,0.20324555090909532,0.520655251325435,0.5873398720426324
86229,0.6152717881291767,0.49318538760788444,0.46472268011574036
86230,0.5783768596900708,0.4649878610915439,0.5608839861243815
86231,0.5833509017817669,0.5112144066816875,0.2064935080517774
86232,0.5510624070685489,0.39542697623828127,0.612944223043338
86233,0.5964130529870533,0.5227218618066665,0.19425500040170252
86234,0.5826218934261509,0.5642799855466193,0.2792418905063794
86235,0.5649974921927902,0.3870981337473362,0.5293071286086428
86236,0.5839890503280329,0.4695842558421144,0.5914306465976982
86237,0.6063382975974217,0.5522569264058854,0.23083690277343039
86238,0.2186853515144114,0.5397093587058159,0.5525971020705913
86239,0.5878795268828899,0.4715680437539016,0.5937825580542904
86240,0.5980847828458629,0.5591335719226711,0.25805490171166495
86241,0.6183143002189198,0.486764730359483,0.4932706298901194
86242,0.5955601943277201,0.4984728643295617,0.6104566757359833
86243,0.5889862492090445,0.5161591100462217,0.23726475097335542
86244,0.3296642189927143,0.5119903052899131,0.4558770121838714
86245,0.5036118799302688,0.47637862887709015,0.5998466939716202
86246,0.6066077954957774,0.5680220254401176,0.24234267305983698
86247,0.6422846586902385,0.539790290349017,0.2680676626099954
86248,0.4894290488819798,0.4771015127895568,0.48369848376829583
86249,0.60922872713346,0.5735051614572314,0.2561165720764619
86250,0.5850768756265076,0.44229946223303934,0.35483812200892617
86251,0.5974764526310442,0.5381903604645621,0.23436248851801797
86252,0.5675857505523975,0.5589704709390916,0.3769295027849288
86253,0.5938624980495801,0.5368992016453532,0.43468870152687167
86254,0.5176949237964189,0.502030899909376,0.6186725309484137
86255,0.6027140108281611,0.5532743134855826,0.2545577325734887
86256,0.5842141379455095,0.502499849617644,0.37543254840633283
86257,0.5766840576061502,0.49305195697608184,0.6235096237742708
86258,0.5893482383148232,0.5199349115682771,0.2357219269700482
86259,0.6215306015200626,0.5823463074381257,0.3737322585484977
86260,0.6054525843935606,0.4858950761900811,0.5049422756734956
86261,0.6011148328669919,0.563606953326014,0.2556981274073209
86262,0.6090938195761363,0.560617433316282,0.44137700571134075
86263,0.0,0.9279040019034407,1.0
86264,0.595387538031649,0.5362177118273701,0.24966911722084206
86265,0.5670882194567112,0.536426917030802,0.34131193565405493
86266,0.4926889447649653,0.5116562645739647,0.5019966827520037
86267,0.5033469590098404,0.49338341915624406,0.6417132528326278
86268,0.5725664088696123,0.4962377207493618,0.2685730914154877
86269,0.5698475933475428,0.5273413602378787,0.3956622992463507
86270,0.4855918193475649,0.5099903585538672,0.6481910561253579
86271,0.6036987861483507,0.5117052567538974,0.227211723709941
86272,0.5755052365484864,0.5209641942930667,0.41565087649725435
86273,0.5824191468989536,0.5193037547688354,0.44956717359594167
86274,0.4365952706353312,0.5419127347251332,0.6423370493094958
86275,0.5906471937139264,0.4991266091024882,0.21899827245960526
86276,0.5805530540863776,0.5045934143929578,0.44374889244523186
86277,0.4394563803226667,0.5586823625406101,0.6331710333603017
86278,0.5766651605784698,0.5015606093624992,0.18819062789056376
86279,0.5818074632547623,0.5055377429587203,0.4209598556750726
86280,0.5620160215809495,0.5345489522276694,0.47292609725364276
86281,0.6923108461696723,0.5995623313688629,0.5861642374059342
86282,0.5727099265834331,0.49932687538186227,0.17292092260904973
86283,0.5813766835302342,0.5053684878697319,0.42332880188590954
86284,0.568893723957516,0.48356088245522433,0.19943266156577177
86285,0.5820114786471278,0.5059665362696822,0.4044685827588075
86286,0.557913191376909,0.536817066685452,0.4746150728575425
86287,0.5358211158871014,0.5836155658933925,0.6109931352982314
86288,0.5739656499335989,0.4989781885826501,0.15729194117885842
86289,0.5814871201164612,0.5127374274387674,0.40971373230688124
86290,0.5468768287289111,0.6165319160394195,0.5852469632086149
86291,0.5707915383992913,0.49143531817973407,0.18573333924141874
86292,0.5841409062986719,0.5168534925431345,0.3698106570166136
86293,0.5380467053917329,0.5098338586218998,0.40520863129366147
86294,0.5424222509736621,0.6161244386242881,0.5646608682931951
86295,0.5668215311883702,0.4662344628123719,0.14035233989418108
86296,0.5799408719594419,0.5280767930245036,0.39462344118056525
86297,0.41089445197457086,0.606514820218232,0.6172752079127244
86298,0.585170816965551,0.46392663890348584,0.1745512482976653
86299,0.5557786429480798,0.5694922034038244,0.3783317942906061
86300,0.5494915519905933,0.5461725446044466,0.4726818817441276
86301,0.40333858648233356,0.5868427237611561,0.637186706280582
86302,0.5825248252408007,0.49983893820847103,0.1797796841830921
86303,0.5707996953896569,0.48544421061279175,0.37145099569321527
86304,0.5564000696640965,0.6093177229980169,0.5763713492603554
86305,0.5843156924755608,0.48697778617635523,0.24097912801526558
86306,0.5665699786688188,0.5099150653089181,0.39201418325806103
86307,0.5547317385512724,0.5292010690076471,0.47156875857166697
86308,0.564054317523465,0.5719141017358801,0.571075196846894
86309,0.5878227451666228,0.5028217196446827,0.24389253361651586
86310,0.5827740212964687,0.508462077583784,0.3329325180716266
86311,0.5709591645513037,0.5762418474380336,0.5862334579946114
86312,0.579679304468386,0.49193242549878446,0.23680622794671086
86313,0.5761451071260519,0.5711955497635338,0.35174798716972056
86314,0.5545824656275827,0.4911980585069511,0.5048933176545995
86315,0.5802020769175925,0.5860214429230982,0.5994160932393218
86316,0.5568471633693558,0.5207127354832227,0.23779089335557724
86317,0.603384288853145,0.5569551561297617,0.3415286809323946
86318,0.5821532290130361,0.5728218838544367,0.6212668834609537
86319,0.5637016636399937,0.5154094781225356,0.2401813822776974
86320,0.603363533844326,0.6385255885962399,0.3101981809451199
86321,0.5596186367958964,0.4594659095157326,0.5085010352500102
86322,0.5894253218737777,0.5878698061354084,0.6031846608257063
86323,0.5654522444056705,0.5345035012368828,0.19931904583879992
86324,0.5565331192402815,0.6513479938306124,0.36400068199855384
86325,0.5850819964037925,0.5081790918763973,0.6280915670767278
86326,0.5682511796997751,0.5039791727882716,0.12713721524963367
86327,0.5671261041452977,0.5055270162498509,0.4167103435737556
86328,0.5924347981525403,0.49410269311861044,0.49671954234104776
86329,0.573147005317188,0.5416998508106466,0.2265978683979385
86330,0.5856053126523568,0.534804777358111,0.3505430993985008
86331,0.5795473424909164,0.4705305440950741,0.6457922314963616
86332,0.5958131063456659,0.5335183630447482,0.18168541351511042
86333,0.5954674765372315,0.5274029012919697,0.34709662048389317
86334,0.58039775405314,0.4729911548443959,0.471060419873569
86335,0.5770300046308765,0.4481239276272562,0.6252643048588291
86336,0.560166650598623,0.505738146760003,0.22061310125373426
86337,0.5308853663335104,0.5406947719417676,0.26997155517132726
86338,0.5443282677224162,0.473187192325081,0.2539069306032842
86339,0.5968288782292446,0.6018773064169952,0.2947125817004896
86340,0.5396823632264816,0.4475278389145031,0.4955802755526975
86341,0.5592232946628454,0.4511688689661472,0.6473256973695467
86342,0.5546219363976294,0.40291703822830144,0.2332081895730202
86343,0.47936155542295844,0.46256194024366226,0.3279037884854052
86344,0.5591319363707509,0.492756216111674,0.6446447853220445
86345,0.5598787541553316,0.5022313037106586,0.2108071708744369
86346,0.5477692941081301,0.48535619659129847,0.43455950440762436
86347,0.538122338819067,0.4939298624599987,0.6383232353405716
86348,0.556828085075223,0.5101844019668779,0.210975815786438
86349,0.19566983674030194,0.5008303680279232,0.516822766191948
86350,0.528702963561203,0.48067295675545796,0.6328248966178003
86351,0.5553682556994655,0.5764729530054072,0.22525692228701175
86352,0.3798447775148165,0.4810872415050643,0.3154231228469752
86353,0.7497332033966309,0.5221904427714246,0.6427861381580082
86354,0.49865011864073416,0.4742932466553371,0.6191583256364297
86355,0.9397950667762812,0.8735107865330484,0.9047749125929523
86356,0.5196278132967661,0.5305783165416288,0.2391600659528902
86357,0.5024757471221848,0.47631385605814747,0.6165767153904578
86358,0.9491357270771174,0.8862739198248217,0.923561407399228
86359,0.5493586836808608,0.507680850001601,0.24207836820100795
86360,0.7421112662824326,0.49514713763382123,0.6491127918059316
86361,0.5126381788857387,0.4512883411242288,0.6239918695551526
86362,0.6977010307198517,0.5130694740870412,0.4555775182208497
86363,0.5401018137977243,0.5207255937816752,0.27048331338932025
86364,0.5070136621290019,0.44813448243373993,0.6152951881246942
86365,0.5048969231291375,0.4822535991922341,0.23122016784437996
86366,0.5394222005504332,0.519049167335571,0.25778978356161764
86367,0.7347380267411578,0.49048885802438846,0.637966620872245
86368,0.510525835597349,0.45808666791407626,0.2125237899299794
86369,0.5422372232422032,0.4934213064420587,0.2570711858467015
86370,0.5071805632152041,0.43885085971198,0.6402912226434606
86371,0.5288192913071387,0.511951145926444,0.24354905010458633
86372,0.38876757332587003,0.46968334037724846,0.30707314218175924
86373,0.740344462169251,0.49936043072755654,0.6511798781156575
86374,0.5066006012002122,0.4386944973019211,0.6442120890445812
86375,0.5251621953099634,0.5578717396504674,0.2852033800940717
86376,0.4503675784851664,0.5563687627115635,0.26766987342535414
86377,0.49020817741173073,0.47197614001762167,0.5801904465245096
86378,0.4966740424080627,0.5026766340311277,0.24654333276449425
86379,0.4801569979334407,0.42599544921954746,0.21600252165061498
86380,0.5289462231405496,0.4697062377750274,0.44882979519121735
86381,0.4719011267179985,0.45301953567042613,0.5902614675920729
86382,0.5052759059648443,0.4744532190154963,0.1831463380365141
86383,0.44923316770838184,0.40545259841780096,0.2850147313867679
86384,0.45755157584996,0.5099432573001775,0.5759866477269943
86385,0.9438083060361397,0.8874494570993895,0.9146584499664763
86386,0.5037342801023654,0.4333882144592451,0.24255394076901035
86387,0.4901715615883121,0.5107063663709047,0.48059455888993974
86388,0.4458993604293618,0.485398278295325,0.5970352497398059
86389,0.5083426624426183,0.4758706229467844,0.23439297532025763
86390,0.4327044315475693,0.42832579234096396,0.3558020051866095
86391,0.4342964948004753,0.46872488143537905,0.6125826739041389
86392,0.501436365283159,0.4861030093158587,0.24628838392334254
86393,0.4410367972059952,0.5730501702226845,0.30102467004204914
86394,0.4996487155279322,0.41069981560074054,0.49589166680439806
86395,0.43035988593343977,0.46798181618282775,0.6059617313569909
86396,0.5140978269950437,0.4463915297643587,0.28918041006303774
86397,0.42767297330702225,0.45248179062738936,0.5990598505612664
86398,0.5203170789826564,0.4800190400801456,0.22457120160553912
86399,0.47179232152984446,0.4747406054239577,0.491193032055453
86400,0.4312799038134494,0.4233088899744238,0.6429420534781098
86401,0.5060210017181256,0.4388710066715874,0.2832257389187994
86402,0.4248199752934392,0.4621861960089362,0.5909151424871004
86403,0.5313303301579521,0.507129112104366,0.2715460301979719
86404,0.4482065651542622,0.5592271555814617,0.2558755231215863
86405,0.5093476036556561,0.4486755623830599,0.5186207946422183
86406,0.42606513987274286,0.4598497331625878,0.6035272486610734
86407,0.5242897145571398,0.46063989966882873,0.2681220622864973
86408,0.4386262252865178,0.450023620891945,0.6656760483885714
86409,0.5367802873208657,0.4792492611968522,0.3115020452013824
86410,0.4487256669578042,0.3838102943374103,0.31154822746791255
86411,0.4975723536303772,0.42270059619228384,0.5178505127984914
86412,0.43614595641602794,0.4732356687978565,0.5962100105341703
86413,0.5323138819295867,0.44079057185206644,0.2256751821172395
86414,0.4564719075418511,0.35158533558678445,0.3187766964426735
86415,0.4491105409532196,0.4689163119321266,0.6061890642082812
86416,0.5297984926839118,0.4378668560755914,0.2307218379093787
86417,0.45768525985872904,0.5294218260514,0.2855384180519995
86418,0.514590237313445,0.43295395465241704,0.4867204119922912
86419,0.44849926515854655,0.4871351456202515,0.5987702597391054
86420,0.5482765229590291,0.4787015458154431,0.26754019466871004
86421,0.43613304118128243,0.47022878664716583,0.3170253234465512
86422,0.47179359039501245,0.4474272072578975,0.6330173825809431
86423,0.5438147851789037,0.47559846708969866,0.2579984402891136
86424,0.451793012551549,0.43797900519204075,0.3110619131184946
86425,0.5129730233402452,0.49016110893575804,0.47520104812409336
86426,0.468134862999764,0.5837289527070192,0.6299966880246658
86427,0.5449176102763283,0.4722901369153939,0.2776670642857995
86428,0.4670754512177295,0.3871607749766957,0.2892457606529827
86429,0.4725159825251096,0.5044942954773467,0.6371662916147808
86430,0.5504708893172058,0.47875947691943377,0.24081043029214638
86431,0.479832938832862,0.5260032376868888,0.3293600529537503
86432,0.5053215851108914,0.5435198845097887,0.521209181610861
86433,0.4807710833581284,0.5102585950365583,0.6231912361056482
86434,0.5234771876835032,0.44295327576692023,0.25026887830165395
86435,0.575614857435677,0.4066223597722082,0.3752841280401079
86436,0.4811865913840277,0.50116310228574,0.643198926756404
86437,0.5435097590558448,0.4757046340031247,0.25842206889760433
86438,0.6387147518567484,0.12721244548174926,0.5743211287092966
86439,0.9904889492337499,0.9297996726523035,0.9939646947282472
86440,0.49143149938350006,0.5035105325042979,0.6421528779287821
86441,0.5323524463673707,0.45041064192317476,0.2293420523897783
86442,0.5236718678535612,0.4963158675739141,0.67577789424953
86443,0.5210020849069115,0.5159457791855323,0.23227407074148132
86444,0.5613971779118818,0.4010729725756345,0.47345696306226476
86445,0.5884548666033411,0.48251698802764775,0.48616108732836344
86446,0.5142401211603096,0.4660120211252389,0.6682009099195098
86447,0.46989690886856567,0.41454059622460154,0.21479834366082212
86448,0.6092150868329044,0.397902886299933,0.3801546819903745
86449,0.5104550510476211,0.49367455303671437,0.22842185456896277
86450,0.588480968972511,0.2679285926256704,0.4082175637577221
86451,0.6080722471660753,0.39209983994297787,0.42049530373118915
86452,0.5291672322628432,0.43558213584734723,0.5550853591593727
86453,0.4978571685439749,0.4989023452500665,0.2654410013116423
86454,0.5937461703036445,0.39519697084617617,0.27594292994409997
86455,0.5407335727015373,0.41767784914462897,0.5571185280566289
86456,0.7523808718360674,0.5197949142653396,0.5148186307349621
86457,0.587393687473394,0.38675460401969575,0.303296783899237
86458,0.6137876237321619,0.3639069204105749,0.4662305938575583
86459,0.5604931567963114,0.3781232133298679,0.601114127006193
86460,0.5103124396660631,0.4299350049542482,0.22187355054605346
86461,0.5657760769231834,0.36466562878022746,0.6359624009174702
86462,0.557366673022416,0.47200866394900165,0.3369049619230994
86463,0.6014541636661994,0.4331026158355953,0.3970875403514966
86464,0.6057200430443249,0.4041774265204648,0.4868021044546119
86465,0.6179274322925262,0.3603326228650706,0.6264783690899247
86466,0.5882700654549479,0.4691107335303858,0.37884908130454986
86467,0.6070392549695026,0.44425155134489824,0.41638362442314625
86468,0.6031255309921041,0.34162462374811603,0.6324801794381525
86469,0.6013882279940778,0.47354615888695983,0.40608079212148024
86470,0.5980188471737413,0.42335169366847025,0.38871865119356674
86471,0.6076975240920038,0.3666162395315691,0.4991737975195708
86472,0.6165123757305531,0.48510140287517145,0.40865169649759703
86473,0.5937835565094868,0.424939796668787,0.3934995191906815
86474,0.6153224067860563,0.34546935812684876,0.6293827946886583
86475,0.5875802559696998,0.43318581659028804,0.34084710909235755
86476,0.5952537180730405,0.3410824092430503,0.3936527052322011
86477,0.6962571981085334,0.3616728426251665,0.5156049840581401
86478,0.6093867461634863,0.3230242011441505,0.6348358087974568
86479,0.5804543998195674,0.40179269348420377,0.3213618767202271
86480,0.6211531594492026,0.3607271388403182,0.3850044748339052
86481,0.5890133485437035,0.29353018683464344,0.6519427917521912
86482,0.6876898204943528,0.3625323889342876,0.5334935039620845
86483,0.6195342687613165,0.3453399843913493,0.6307572019239944
86484,0.5474716999096265,0.344715084838748,0.3209913032171722
86485,0.5704934004014299,0.34257943835940796,0.3794888647630802
86486,0.6191928987145175,0.33959545360649634,0.6461788257801943
86487,0.6031736572352608,0.46156005875915773,0.34307455108099205
86488,0.569987757631991,0.3651183852837599,0.41301808594053796
86489,0.6327510402506435,0.36141433581750754,0.48983733263058216
86490,0.6070832120842504,0.33668432108465657,0.6335782789037446
86491,0.6031969499744159,0.4638496953956337,0.3340014362258177
86492,0.590496787874908,0.3941213088577169,0.37051951741757994
86493,0.5995865300887768,0.4619318836194891,0.3215087845760305
86494,0.588115082638002,0.396152473067011,0.3808715950306242
86495,0.5723556866185019,0.3821827569298074,0.5258264280895256
86496,0.5836397951905474,0.3471237810675797,0.6211372638527619
86497,0.6231299154310712,0.32214096668627595,0.3369251864688756
86498,0.5724854733985406,0.3562036650817739,0.3897410237407354
86499,0.550726837548232,0.33910762901627517,0.5966031618464227
86500,0.6121459387878654,0.36369028902407946,0.3662965038228658
86501,0.5706699992428445,0.359383068466782,0.38329781384278605
86502,0.6386904621521043,0.35792671145488775,0.47828106012818716
86503,0.5390206500413816,0.3296091626928314,0.5798289311844261
86504,0.5906911508286742,0.4094351297489339,0.3689438533486119
86505,0.5137211099899939,0.34318230002615874,0.5796246831290667
86506,0.6362251477639513,0.4858556074023178,0.35767506767343415
86507,0.612759344463356,0.44568807082147943,0.33839635212229546
86508,0.5543288285438267,0.38540238547307604,0.48655932540750835
86509,0.5105237963497575,0.36311902301582555,0.5865093939740842
86510,0.5598123653170786,0.4242580661874638,0.3991431265121513
86511,0.5132331860162935,0.3546371186406275,0.5679383009313042
86512,0.7630584628578199,0.6936136334097477,0.40947707934947386
86513,0.5772298055782197,0.4262830419108717,0.42893882978606546
86514,0.48755375679693613,0.40289403768909093,0.513144205650313
86515,0.4727552542424996,0.4334319464261745,0.4919901503969385
86516,0.5982598862390437,0.3619757690092978,0.41047256470021043
86517,0.6039010795094167,0.40942141193855275,0.3938205431903181
86518,0.44933236577454977,0.44095009726602274,0.49344221110028524
86519,0.5959002955093511,0.34755446530478457,0.33652351777950085
86520,0.5913016109243106,0.40860033738335777,0.4308116556790812
86521,0.5316450087196103,0.3850102417507515,0.5147076175398888
86522,0.4464473289154753,0.4314576819065566,0.5097894406357911
86523,0.5898049391420686,0.3867006266705768,0.40928782965164634
86524,0.4448112632312084,0.4512798835268509,0.4831066274556367
86525,0.5699921080268527,0.35363045826979983,0.2996408075041337
86526,0.5848195225804739,0.4071887781331845,0.4188683326047934
86527,0.5727785359357301,0.41797713119818275,0.4979131581072266
86528,0.4386048358451147,0.45232907254790794,0.4969205287817552
86529,0.6147403148902469,0.35411374463703765,0.3542316053298907
86530,0.5888933501521034,0.397093844911739,0.43422815477818266
86531,0.44048855682020277,0.4496583283222713,0.511985656466533
86532,0.6071895248586816,0.35936505309675765,0.3502796606420081
86533,0.5888617191561303,0.40688784581672766,0.3720282085390559
86534,0.5468579317012308,0.4139184127296948,0.48566253347422156
86535,0.4378833500472804,0.4512721479194931,0.5120233424803879
86536,0.5856160073730584,0.3961490693997736,0.4077367797885886
86537,0.4411612366256832,0.42637415017530794,0.508475178926603
86538,0.5899606017082114,0.3535532397181304,0.3264635532476167
86539,0.5897259069687488,0.39603447926944685,0.41187160304101456
86540,0.5554492364871504,0.39815606413363425,0.494809267027986
86541,0.44077781276188843,0.4251712460409322,0.4933376197371693
86542,0.6118090097691544,0.3530175918841995,0.36532801551568683
86543,0.5871453071167626,0.3993499605829979,0.41374593299467294
86544,0.444415196032347,0.40023869591721556,0.497206097509164
86545,0.6136323690155373,0.36252599416553843,0.3595649367704735
86546,0.5910370978534005,0.4003611935572859,0.42956595547581666
86547,0.5461574728118944,0.3964402720411981,0.4873786835670356
86548,0.44775566485349894,0.38477212256604,0.49393588098222796
86549,0.6282885774047079,0.3858858781231767,0.33841388963838426
86550,0.5887131259816376,0.3958364821015643,0.43464785529571137
86551,0.43741862817950883,0.3911700199385709,0.5152531352651083
86552,0.5895681145217883,0.3533009213963577,0.3319182573121936
86553,0.540506581786309,0.40586227618346976,0.49417134252081174
86554,0.44495256043098524,0.3811806004014857,0.5172311271062046
86555,0.5895398369551876,0.35415565443867836,0.34051863238773883
86556,0.5868712775570927,0.4010173105831355,0.43195186884266723
86557,0.4444929140238857,0.3830355990458849,0.5009440599964045
86558,0.6109275563269286,0.34742543537405657,0.36347532544576894
86559,0.5874246840367832,0.39156353887998124,0.43097110300675917
86560,0.5432877076514487,0.3975880986511864,0.48777335583948844
86561,0.44524426346978063,0.4010782327886378,0.5131315647810918
86562,0.6032079165947962,0.3624882444016324,0.3655595817062017
86563,0.5870402178908862,0.4081195264104744,0.428382817435463
86564,0.4481849038131803,0.3713991483706552,0.5141130065993111
86565,0.5904145382220553,0.3433917802734079,0.32313915251354053
86566,0.5919651820905494,0.40141354558224035,0.42433645491824956
86567,0.5861861356829983,0.39600927837969896,0.505161750230417
86568,0.440621334496709,0.40035868378245426,0.49393114910604885
86569,0.6092948893886474,0.3640737344856861,0.36335492454634744
86570,0.5884378728734128,0.3903591563850882,0.39725486287310124
86571,0.44138791032461966,0.39936983249878805,0.512024424052086
86572,0.5910885322093167,0.3442014405101904,0.3209602671793046
86573,0.5875314499773459,0.4085083008460386,0.43614666017588455
86574,0.5859424682541335,0.38733326183053596,0.5024766132934693
86575,0.44103507517469576,0.4083820213534822,0.4950069918540414
86576,0.6244707886973309,0.3842717834821378,0.33711763863290284
86577,0.44182643918999515,0.4080003636766872,0.5176166229187814
86578,0.6215255260593906,0.38206627587323755,0.3483285306480071
86579,0.5906334174635313,0.4041906973846431,0.40395534318895265
86580,0.5852883229434283,0.37992110600172807,0.5054129959559697
86581,0.4417917719809415,0.4342146523688748,0.5069562466731108
86582,0.5935258409305479,0.35144970460444447,0.33115810675335733
86583,0.5905117423572449,0.39727331100243984,0.44450803748038004
86584,0.444709346168252,0.4142904782533662,0.48955068233147514
86585,0.5688260209374818,0.34059991362678677,0.2975204136518278
86586,0.5903258082935231,0.401085830874087,0.43212302756388854
86587,0.5858663816606681,0.38724569475524573,0.5013590962359852
86588,0.44885522715477727,0.41599045532631523,0.49353624023978715
86589,0.6303564650956053,0.3795760291526161,0.3321197338400767
86590,0.5871045221649347,0.3894800132039941,0.42808776805613813
86591,0.44090016761737194,0.41609803183930427,0.4865577030499612
86592,0.5904417735065536,0.3420585053696954,0.3135923346039435
86593,0.5905264702565161,0.40941522345266645,0.4576801780997076
86594,0.536349643546177,0.3850463412517545,0.5029561382455481
86595,0.4453958928573537,0.4266752887746276,0.49759493943418187
86596,0.6327227173674297,0.3854428169141994,0.3539870011305466
86597,0.5878474427207853,0.3995400502411366,0.42332924127441185
86598,0.44495083839968586,0.4152467368446982,0.48952719194615746
86599,0.6260058436509042,0.39184979073269677,0.341936471486576
86600,0.5887295305955951,0.40478767998980203,0.43460082382640264
86601,0.5888980630798701,0.38742952716654405,0.5287793385195372
86602,0.44150863378203004,0.42452038922808594,0.497560193943381
86603,0.6087700323752364,0.3399918948884641,0.35080055571153845
86604,0.5902808088966731,0.39975764428099214,0.45864049547069885
86605,0.4452699579894321,0.42520462948424076,0.4940503247875312
86606,0.6137469294135603,0.3750448885476683,0.37191906274511755
86607,0.5871734034169106,0.40197260652110745,0.4296838974895808
86608,0.5241882053437016,0.384909885137963,0.5350869463658396
86609,0.44588893760833914,0.41690105664399774,0.5088128996893286
86610,0.6146647720961391,0.3540245272988444,0.3561693086252335
86611,0.590244736872612,0.3942403340695955,0.4403402347409414
86612,0.44527725396414786,0.4273061017692979,0.49595074765840574
86613,0.5901208412522817,0.34459571582209797,0.33088647593622955
86614,0.5877936972175988,0.39947015473109937,0.40623402041189427
86615,0.5246478970674144,0.382900208726885,0.5332887489199916
86616,0.4466755886958717,0.41478301296895626,0.5064047465044363
86617,0.6292269031964269,0.38599036039322265,0.35079519010194254
86618,0.5767519418926369,0.38253099678281666,0.3937297841152471
86619,0.4410861016810937,0.4244167664699686,0.48710296728181396
86620,0.6327291070098827,0.3841408970056439,0.34572539036542016
86621,0.5903475602678313,0.4013607371693445,0.4427759173054615
86622,0.5397115924419582,0.38380451841724983,0.4992285520867861
86623,0.4417919079307809,0.4228296605034891,0.5022642534503743
86624,0.6056787596097525,0.3553783961083672,0.35901217758474424
86625,0.591650820745183,0.39887141872160603,0.4299270483269556
86626,0.44153967566203234,0.42408399783167483,0.4954407359040873
86627,0.6098864977732167,0.3649042636720961,0.3599327218464944
86628,0.5887117664832433,0.39974605806019403,0.3891924302959995
86629,0.5314684551948089,0.3727781149284944,0.5203636122372132
86630,0.6317678056953009,0.38454136080343765,0.3418113006869704
86631,0.5930391858220156,0.4051625990930765,0.43533984148823185
86632,0.43778206741690795,0.4161087585481737,0.50481527549676
86633,0.5896375848897351,0.4041912818527546,0.43610527315887515
86634,0.51933393506054,0.39393778587071293,0.5101425737952144
86635,0.4371128316740265,0.42540211094496605,0.49248731848734223
86636,0.6264575143340908,0.38829911257499167,0.3350742962018616
86637,0.5938524377614626,0.3985396814976267,0.42786166887256594
86638,0.4418293394532362,0.4074366613734054,0.5073808649619542
86639,0.6272120359429058,0.3797289878954377,0.32093950184767933
86640,0.5831603001068915,0.38745507186106337,0.4271570080117085
86641,0.5235525038945452,0.3952988058194819,0.5127373149975836
86642,0.6307751452844245,0.39095142886487816,0.3436660102540433
86643,0.5611123629982842,0.3827068873038944,0.36883027142075564
86644,0.6156778702995426,0.35515124429586514,0.35089876749159155
86645,0.5890211430011639,0.3950799053214949,0.4264171791711058
86646,0.5838701395351483,0.3875960661978381,0.5366243160368724
86647,0.4459385139831165,0.40706786199506284,0.5090939224356941
86648,0.5852723261789892,0.3545225285103007,0.3318827133172875
86649,0.4408509084588865,0.4090371757259717,0.49568883831189237
86650,0.6244677978008635,0.3864303617397341,0.33310630044919365
86651,0.5937395993947389,0.4006977784285429,0.41471175117172243
86652,0.5149946880857376,0.3843927683812137,0.5053371845397573
86653,0.4441408492563852,0.39978535494557166,0.4828620908545238
86654,0.6338639256361855,0.3995570341968467,0.37137652779184666
86655,0.5874779763738383,0.40887875048728406,0.41950791326863035
86656,0.4449719106247969,0.40884158519148955,0.49201960632615344
86657,0.6307029559196893,0.3820050098629638,0.34735411904582525
86658,0.5814228158424127,0.40045481159655383,0.4430052443045702
86659,0.5180959305061128,0.39501812360406396,0.5126384525845559
86660,0.44500861708144196,0.40885471853375915,0.49664128048895695
86661,0.6144466632370865,0.3635111667381501,0.35776330871439554
86662,0.587037589527324,0.39264270767710935,0.445443275907622
86663,0.4456625811256947,0.408226759118692,0.5139908058969858
86664,0.6360066763719936,0.3848491004543693,0.3110133522392066
86665,0.588225111374711,0.3925239575090479,0.4239491846521055
86666,0.519276201695397,0.39364465792256814,0.5261537049255418
86667,0.4445956467858786,0.4085846942662565,0.49052117323625144
86668,0.6308150239039895,0.37544854972983666,0.3070927942550156
86669,0.5785990017276931,0.37076025596385564,0.3642381207853982
86670,0.43709520351151415,0.4069680554699088,0.49543025817826214
86671,0.615893713327938,0.35479306848496067,0.34634123560035157
86672,0.5901778948682275,0.40523964574236016,0.42461550041635443
86673,0.5111379270910584,0.39245213669229045,0.5128159317403878
86674,0.4449768954522425,0.39967564684299955,0.5012571074047677
86675,0.5889769593033505,0.35165887542739926,0.3298095473916496
86676,0.5759531006361691,0.387608546311042,0.39533183684369255
86677,0.43760959238728936,0.4342125551597688,0.49882488924959306
86678,0.6301309696286105,0.3865627265767453,0.3272924807817384
86679,0.5284279370360441,0.3785018799051513,0.5211397751270483
86680,0.44165020288148576,0.4247031902250699,0.49592568561421424
86681,0.6291098050680679,0.3858306630768807,0.3313995422856172
86682,0.5883523151078006,0.4000951918056092,0.4335652865237214
86683,0.4417029514191831,0.4341926488635015,0.49889204809222076
86684,0.6292949687493662,0.39357562192445944,0.32476338168668606
86685,0.5937509285480244,0.3958300529523381,0.4330142088439915
86686,0.527115613236064,0.37921816276600595,0.5441335838388582
86687,0.43779131200598886,0.4317752199934748,0.4929104496151008
86688,0.6302990489467543,0.3815231330952889,0.35901527020381846
86689,0.5900166583586681,0.3959285530193607,0.405803250684018
86690,0.44175950655238444,0.4239579590024585,0.5050819843176836
86691,0.6266369228055202,0.38934087541298523,0.34188153947400396
86692,0.5877585315258006,0.4003681727941465,0.41840134712458926
86693,0.531344378308026,0.3744370760922085,0.5159728874310654
86694,0.4412212811380964,0.42550728082455486,0.4921398973784493
86695,0.6316808431146813,0.3821353118713462,0.32969985658697276
86696,0.4377865084449959,0.43381993011076436,0.49887068705118365
86697,0.6295467025353703,0.3925557250699306,0.3579490095050887
86698,0.5187920390005876,0.3939869843335084,0.5285503833106997
86699,0.44483016025888855,0.4189485515799361,0.4803803231959308
86700,0.6367946416413073,0.3845728877009803,0.3246547006305867
86701,0.5887495152219906,0.3924611443773026,0.4438201747799585
86702,0.441501292490701,0.4254457053899869,0.5013493282915868
86703,0.6305321122881438,0.3898282874374806,0.3508438101296828
86704,0.5228919689413869,0.3719439414115069,0.5476654731184987
86705,0.44525291894289065,0.4351259412961001,0.49153947298999445
86706,0.5924488916192274,0.399289622845607,0.4058881371627596
86707,0.6100213146973142,0.3563969177438102,0.36568064168837666
86708,0.592657438672907,0.40454498820163015,0.4451955114909726
86709,0.5142750602690421,0.3938876247545572,0.5225901965732902
86710,0.44119499750247404,0.4079520934867746,0.4989778471470826
86711,0.6292917965864463,0.3847185577826469,0.32501406972683183
86712,0.5908349404421739,0.4116916923663956,0.44859872753765706
86713,0.4379971853794931,0.42417410906227393,0.5016670568774558
86714,0.6048950994186872,0.3541875939019468,0.36536246526422644
86715,0.5036225293343572,0.39253434041314594,0.5073607544881931
86716,0.44122753483071,0.4067575781888224,0.4986401432839146
86717,0.606804243013748,0.3574504387049876,0.36100798155974334
86718,0.5918584614665999,0.40098750270945016,0.4272353712611461
86719,0.43714133582369274,0.40769575264917574,0.5017563203416631
86720,0.6315083227684495,0.38119156777369523,0.3245673299168511
86721,0.5790908229301236,0.38634286342539814,0.41172819339367217
86722,0.5131206195492487,0.3936439703130252,0.5198825325258184
86723,0.44123170395911915,0.4173388232594946,0.4958656245858552
86724,0.6341076836982766,0.3830574650293497,0.3250560482283636
86725,0.589713173000456,0.40573809390001936,0.4238070931702702
86726,0.6407396340817739,0.39652787349696555,0.3168764172180401
86727,0.588935041436194,0.39842175646101674,0.4624572943949946
86728,0.587043661953485,0.3875844112160857,0.547716966071062
86729,0.6327117507470493,0.3849581209473986,0.3490240657476619
86730,0.5887669168014371,0.4021759670434247,0.41908657349399675
86731,0.6269235050670304,0.3899093909830675,0.32661857711604514
86732,0.590673885199067,0.3996740309605737,0.44527929949845835
86733,0.5082172713740544,0.3750744901384908,0.5074264430692936
86734,0.44891472786783276,0.3827141759650493,0.511220816280412
86735,0.6285077738624759,0.38523687785609634,0.3410297595128709
86736,0.5555753979381377,0.3916893026653804,0.37495218692614385
86737,0.44803540430642474,0.38417029231360345,0.49752093627065225
86738,0.634654655218901,0.3897572917521746,0.3591835897993323
86739,0.583051041752606,0.3781691800278118,0.5424717489247572
86740,0.44086182976265376,0.39231908424573636,0.5054069290147257
86741,0.6272829111258598,0.38492528759172434,0.3314891183916434
86742,0.5891967448770893,0.4048328903172487,0.43002712750814365
86743,0.4380139978429689,0.3912742271647997,0.5198097461304492
86744,0.6147665985258693,0.35635163865540925,0.36953787280466716
86745,0.5894386449580415,0.4047968251967228,0.4212574568876226
86746,0.6174431789644904,0.3820389433939066,0.5285082020144747
86747,0.4401794522019609,0.38299362048329,0.5023362793656433
86748,0.6321629212452862,0.38074314321028313,0.320254030434684
86749,0.5888136835461997,0.4097645291004674,0.4729497904336538
86750,0.44055091247988626,0.39232936400840296,0.5004348087221863
86751,0.6094611107256525,0.3634923262366742,0.3611025092361998
86752,0.5900994064942655,0.392211920298473,0.39758340717595103
86753,0.5024038296571284,0.4044072256297071,0.5183392987082349
86754,0.4410962072858244,0.4155836655207266,0.48971579101101026
86755,0.6118374686022076,0.346581566562514,0.3546646057993942
86756,0.5898047125590029,0.40548034346285755,0.4201214686134822
86757,0.4408059090620364,0.44711554823257116,0.5271033079768989
86758,0.6139038608448713,0.3642449148813948,0.36360682935465355
86759,0.5928053520982027,0.3992099288995831,0.40659195304572787
86760,0.5328409141404286,0.3611470619881765,0.5229508669354845
86761,0.630621204749581,0.38983911728778153,0.33995346470170773
86762,0.5909271597499179,0.40045838716617704,0.44172838131675474
86763,0.44105274865382127,0.38227788771006965,0.5121034294847193
86764,0.6206488308615449,0.3972053407991227,0.3419966296873923
86765,0.5235462955185446,0.3842171529039532,0.5453232958071892
86766,0.44113141829423574,0.3994465353433002,0.5055004004688208
86767,0.6338946502998959,0.38518602913039773,0.3329220825946959
86768,0.6363760974023275,0.3902247630999255,0.3427497162310755
86769,0.5353974961874496,0.38493625496393385,0.5063907367710346
86770,0.44556002963015434,0.4074599713369102,0.5057438385986779
86771,0.6287589638491222,0.3773378257099503,0.3327803122044584
86772,0.5919797740399811,0.40136644432855073,0.42154610133454795
86773,0.43847604603056506,0.4073237902669359,0.5148838630280026
86774,0.6352237412467386,0.38295549253413536,0.3133620274304834
86775,0.5923365064186352,0.39770024776763585,0.42631608601645077
86776,0.5263977980838941,0.3793742501322477,0.5290446953758382
86777,0.44513038282095463,0.4048936750008424,0.5046683845405144
86778,0.5927499751969432,0.4002153859537107,0.4031809547526846
86779,0.44140558380374506,0.3996715899466963,0.5072470035647589
86780,0.5989157535810483,0.338676635354776,0.3547833589919319
86781,0.5915116081096108,0.40204817480987387,0.43673302413226434
86782,0.5085619042169995,0.3844643829151083,0.5091122753554459
86783,0.4492705085976109,0.38357121249933873,0.515796456047816
86784,0.615621224533115,0.35506701212685804,0.35636260576714984
86785,0.5890798280151829,0.3987479584281756,0.41594944098459796
86786,0.4375234001890932,0.4153131255460667,0.49581284726690045
86787,0.6297920919955343,0.38476404315391066,0.3135133164966419
86788,0.5877032452577673,0.3983692574724151,0.42878791673506766
86789,0.5194863801471498,0.3838077845625787,0.5326224500553004
86790,0.437890238172478,0.42322537979543673,0.5010631511800978
86791,0.6306151776400332,0.3913092608710112,0.34189429441524033
86792,0.5914108239619829,0.4012756111079316,0.4357114458643115
86793,0.6336631730399663,0.3850306293736989,0.3324821702060593
86794,0.5896381740057058,0.40479716900149426,0.42474128382492965
86795,0.5309396556360545,0.37023897916937165,0.511921860635904
86796,0.4411881093772764,0.4080343315881072,0.4961666226095195
86797,0.6159315980165248,0.35700665550599014,0.36171257482236957
86798,0.5958244808155645,0.4026567436358309,0.43505013236916623
86799,0.43538282465071604,0.41493298061026607,0.5035807121020741
86800,0.6333144163852252,0.38540348564834465,0.3408181981738811
86801,0.5889423827275232,0.39540342561143643,0.4412369590759971
86802,0.5836545684064316,0.38599242322185146,0.5363872997389728
86803,0.4450480425348755,0.40022339660488576,0.49770073066590037
86804,0.6332834651384492,0.39380339258555014,0.33505430402500486
86805,0.5915411092247662,0.399907852585642,0.4271047038803717
86806,0.44548738709928754,0.4167489574131049,0.5009745129995286
86807,0.6233476164406055,0.3859769520071358,0.3038564845783254
86808,0.578151364223076,0.3766816743036235,0.40470981549637397
86809,0.5266636253365853,0.3782673362900629,0.5360310570609175
86810,0.4449464880048242,0.4094431404001089,0.500363577086133
86811,0.6365252343761779,0.39321902761550365,0.3549676148704346
86812,0.5893502775624145,0.4054555895193126,0.43674399194526514
86813,0.43758253836924366,0.4000010924396612,0.5120827275264357
86814,0.6282830940945178,0.3841679544411577,0.33610334407435427
86815,0.5897260882352015,0.4045903360509854,0.4187370061412655
86816,0.5085353939983114,0.38422451032606236,0.5161483217404057
86817,0.44188716345160545,0.4081493686646369,0.5117353571162162
86818,0.6102947098244002,0.3549279774772806,0.35669003469918603
86819,0.5892128322747546,0.40522108028470144,0.4347511622924358
86820,0.44410400684990065,0.38445448133769033,0.4970806689913022
86821,0.632012288823202,0.3894252451039009,0.317443697348794
86822,0.5875457247104856,0.4085789527265731,0.42262353264097197
86823,0.5902968509777253,0.3803836609412471,0.5439705538049304
86824,0.4448624256874458,0.39138414155023465,0.5060720787094876
86825,0.629263609653072,0.37694561322667147,0.337858409623852
86826,0.5897707250991463,0.3958443896113079,0.4193041553004466
86827,0.6367073618443957,0.3975532024668834,0.33034580838409366
86828,0.5084781137992999,0.39332089696928657,0.5388781762592105
86829,0.4448878936240316,0.3895673739964214,0.5004371239616024
86830,0.6312613472268254,0.38075490133346696,0.341443017073995
86831,0.5905176335169533,0.3965182469633647,0.4388030171659286
86832,0.4408107579396427,0.38293813039317676,0.5065328958511011
86833,0.6311326027288888,0.3723951851740449,0.3035116068528788
86834,0.5930834601530554,0.40209166611346325,0.4047599226851991
86835,0.50638321740697,0.3929696660147655,0.515498770337477
86836,0.4418173305507535,0.3979376449623272,0.5138499987815419
86837,0.634909289268146,0.38937580597776533,0.3459988336601201
86838,0.5878749952215756,0.41099022749119074,0.4179728250378981
86839,0.44867029005654463,0.3926226982394105,0.5017531432247999
86840,0.6344925123770787,0.3845218326924189,0.32561883730163677
86841,0.5897153028812737,0.40798839927064046,0.44123295388080264
86842,0.5151687945134293,0.39356771441471594,0.5280719906289923
86843,0.44546572575820564,0.3996429510092339,0.5082619234069454
86844,0.6280007715946428,0.3950391988365543,0.3548958339987534
86845,0.4413626236544864,0.4162907344137063,0.49954198818497836
86846,0.6305091367652808,0.3817374266093384,0.3114745707453175
86847,0.5934374282183078,0.4048925748255737,0.4278288837304679
86848,0.5106126169115159,0.3933526301496921,0.5075029473673751
86849,0.4529854285931555,0.39192357123665156,0.51253790021575
86850,0.6147114935242886,0.35544990750083033,0.36319947396408503
86851,0.5911482141888248,0.4004749585561612,0.43029343073968046
86852,0.43737453511492164,0.39873025248244554,0.5014078514601877
86853,0.631184943417068,0.38122247582264923,0.32984133968472795
86854,0.5074170253025793,0.39336617605768753,0.5130281901861361
86855,0.4450503989987589,0.41592478861496684,0.48958725297451655
86856,0.6352392848450463,0.3937026921679902,0.37516177524176253
86857,0.6318459768529707,0.38043708820273153,0.3289411889643319
86858,0.5289859658102751,0.3693684998685183,0.522145907199188
86859,0.4450229371311949,0.40921688248001264,0.502158360821309
86860,0.6282462970046464,0.3844777913011952,0.3378232712183327
86861,0.44129279075363453,0.4161774851219881,0.49997463376376844
86862,0.6292612078725754,0.3850268131407357,0.32764407608140356
86863,0.5289461325073233,0.36728992498124013,0.5287389992751104
86864,0.43728634898574725,0.4162496497435171,0.48971668668757273
86865,0.609033457847431,0.36412238286084725,0.36553787422423
86866,0.6047431074982089,0.3541103065893231,0.35074048623340054
86867,0.5189947402111719,0.3738650537134574,0.5476835218462105
86868,0.44487624725445407,0.41763638628919114,0.4997439041013638
86869,0.44432855066801946,0.4179492830116947,0.4953184000052997
86870,0.44573209681025455,0.40842162766315415,0.5209544545764053
86871,0.528642964365403,0.3545728615288421,0.5237724896357547
86872,0.5307181480310162,0.35030885723131683,0.5328564075332416
86873,0.4413828801805609,0.4163244272813091,0.5038433819286877
86874,0.5425076727894349,0.3876115374125537,0.4968153966327902
86875,0.4450276500589616,0.41785889673727855,0.504284629382389
86876,0.5191915955786609,0.38953650032794457,0.4645087655133293
86877,0.6299956542217684,0.39553881593043644,0.38769373526295187
86878,0.4454956800394925,0.4088895115766307,0.514233382149396
86879,0.6131564992609329,0.3753342690238042,0.36972702110514793
86880,0.5201183203174155,0.38458966537382744,0.46833550137760127
86881,0.4444655427895478,0.40976944550869926,0.49785324917488755
86882,0.6189642764012161,0.37709341489792103,0.36782793329933816
86883,0.5304074120147013,0.38208814185670226,0.5034010360037304
86884,0.4447911426549733,0.42723400590872324,0.499106334484903
86885,0.6249448911040228,0.35622618429430436,0.3533107737756583
86886,0.5286610003774336,0.3546485329590399,0.5244620253923967
86887,0.444681612401009,0.41756504679911366,0.4937012644215334
86888,0.5279723691241273,0.36088968973626334,0.5161216204391094
86889,0.6314104388840627,0.3563884945269095,0.3782871541087236
86890,0.4490384422217105,0.41748837833507874,0.5054526085194119
86891,0.5302178979385413,0.35534105891018686,0.5049987539956047
86892,0.4448355076192394,0.40947518300480873,0.5097512476352026
86893,0.5495997680627764,0.38320743267065943,0.5065452325282823
86894,0.6230326659792684,0.39364668637071976,0.38135373096438036
86895,0.4454494570940877,0.4256744387044375,0.5105203127107691
86896,0.6323809394711125,0.3696099195790358,0.3355392326106846
86897,0.5448328228931395,0.3896188415707087,0.5123759686530779
86898,0.4411906471076124,0.4175189769597384,0.5097988029908026
86899,0.6306178513202085,0.3612492751467308,0.3623230121988106
86900,0.5295011250684738,0.3800827286247903,0.5265581958410661
86901,0.6066829304403668,0.4126823658153505,0.40341920471830245
86902,0.6493295793692992,0.3715140135447992,0.3791957503831214
86903,0.5408366679964355,0.4069219512500563,0.5211959492571174
86904,0.44470671780468973,0.41748930660796163,0.49770113625528717
86905,0.6451643935055754,0.36353849921748094,0.41329564427755794
86906,0.5286812569035082,0.354839619651016,0.5180492177988982
86907,0.6115928495244669,0.4132275026609737,0.4487643601034834
86908,0.4372561681213946,0.4347851620066315,0.5012765756953331
86909,0.6445759119673129,0.35603674786523126,0.3768839162278105
86910,0.5231159236435348,0.3490709881516839,0.5123293934718293
86911,0.4450815768286006,0.41793738736660224,0.5116120917417506
86912,0.525401376394127,0.36327497286015875,0.5204701470494741
86913,0.607530033889831,0.4089203852451076,0.41006471077268736
86914,0.44166561052995407,0.4254117374785668,0.5124797150383047
86915,0.6242092665228882,0.3520898690888984,0.3529410621500503
86916,0.4417769081318309,0.4169420725532326,0.5188559857878775
86917,0.6299554130692983,0.35611262557829193,0.35049057557291274
86918,0.5131261934926652,0.372236691174403,0.5634100644234802
86919,0.6010463141479211,0.40398190474693696,0.4315268280648793
86920,0.4383223773954004,0.4152411672074006,0.5218230073486375
86921,0.5117104571814949,0.36003550678157703,0.5495887441914953
86922,0.44550864059085116,0.41753998343127446,0.5136980379579615
86923,0.6236171143389612,0.34973707551590577,0.37669012899871845
86924,0.5125012320808234,0.37635949485229064,0.5826430793454855
86925,0.44138840880736424,0.4079029981654104,0.5081229245441843
86926,0.5069977106811758,0.3664036650413769,0.5154752799521594
86927,0.44642099996323975,0.40690902419064945,0.5242834139661934
86928,0.6227921253967105,0.34614957586717754,0.38283282251040024
86929,0.5211168718880002,0.3768963116224445,0.5369377521350647
86930,0.6343999758530428,0.39519342965703014,0.3978911819222862
86931,0.44156478106571295,0.39797443207287325,0.4962906315645276
86932,0.5251428904327649,0.3690008006654444,0.4787995723600702
86933,0.4454405750379119,0.3998792136481796,0.5049511310417736
86934,0.635827539800243,0.3607842104323801,0.36739572710905044
86935,0.5293755527334572,0.3807875627867554,0.48420154980436564
86936,0.6439540774017778,0.4057205254761978,0.4036167267496644
86937,0.44347990645370866,0.366615276878209,0.5126383004885358
86938,0.5943966902852984,0.34318047786087,0.344009865556244
86939,0.5849397928717529,0.38629902831703733,0.5107304587117947
86940,0.44483355900487426,0.36683428051762745,0.5139630399235491
86941,0.6004834364960839,0.3375308028124622,0.3433031471742266
86942,0.5644240557700909,0.12511148890384924,0.6480908079485921
86943,0.653477499603416,0.38502990738367887,0.4165617626617317
86944,0.4486513477122513,0.36759092605865124,0.5197947731222539
86945,0.5976742596474092,0.327157834672339,0.3303872629993342
86946,0.568318112337386,0.12864640361278304,0.6148181474076095
86947,0.45235838261710914,0.35788524859945,0.5103795562939987
86948,0.6441905848057662,0.32852683089180584,0.39369394860296936
86949,0.5135002821341528,0.32734042938646013,0.5019237104614989
86950,0.6687803760621235,0.3707093040967256,0.4102417927889114
86951,0.4561465342594912,0.3694980798868806,0.5287394217640549
86952,0.6475304191943341,0.3357753012689228,0.40707226382724354
86953,0.5342831153536739,0.3815492966383968,0.5206170211061619
86954,0.46438051755078585,0.36815026204133555,0.5268070418294136
86955,0.5158126076363382,0.34458925229239457,0.5178406603563042
86956,0.653370960245919,0.37530174509242437,0.3934931649569553
86957,0.47672245182340595,0.3666375554273994,0.5531667523643242
86958,0.6226466590685246,0.3458659025502479,0.34111509805478313
86959,0.504082900807267,0.39081610730683247,0.5015838096558192
86960,0.488218596828343,0.3595168429033561,0.569539398834735
86961,0.6661452603245273,0.3547203193953202,0.4404523464072706
86962,0.5384722283891367,0.3533456160166472,0.4589506530546813
86963,0.6544667612683066,0.3715539980397197,0.39947952065959114
86964,0.5201645885794334,0.3249105204032295,0.568562198805519
86965,0.6605097769474101,0.34171346290106064,0.39330576576070503
86966,0.5374081943125617,0.33549771329644795,0.503712275159411
86967,0.5167989690379878,0.3324870149127941,0.571951303721455
86968,0.658322026814752,0.3598804852101268,0.40077161014896856
86969,0.5203116409890794,0.3611946101880691,0.518576213608788
86970,0.6458111522083386,0.3764813736437723,0.4001606319866785
86971,0.6579527870508707,0.36011324104040354,0.4269144486588562
86972,0.5390372812384048,0.3500227085200327,0.5367781696109245
86973,0.5156926545613513,0.3611451710619335,0.5849804233832692
86974,0.5459356479905642,0.3498877651472357,0.4972429892438033
86975,0.6491643549977834,0.4022512602883739,0.42418858378765256
86976,0.655999006591865,0.3499259274768674,0.38034457387139764
86977,0.5669246717998815,0.37245304751708125,0.5191263787123976
86978,0.5001233617339818,0.35968771387477055,0.5719914232716307
86979,0.6607866161370948,0.340794575888386,0.3846941989530183
86980,0.5183133142993551,0.3573645562730775,0.46302686019093864
86981,0.6459167852335725,0.410122739291849,0.40779650282579194
86982,0.5038626167507836,0.3595016123519806,0.5696813213209925
86983,0.652616076104199,0.3413598253131394,0.38020980834786106
86984,0.5251785546073077,0.3603617431292131,0.4820422426078208
86985,0.49923248243622254,0.35229371093789563,0.5692000895135776
86986,0.6526578127049029,0.3509932350093803,0.39852603070994397
86987,0.5176299397731732,0.3652752977814531,0.5013016715386402
86988,0.6425423742691773,0.4148971561530802,0.43353180849975426
86989,0.49485911205172417,0.3612278217289918,0.5443125839548906
86990,0.6549597153860656,0.35931052566000443,0.39154810190419825
86991,0.5428341336705101,0.3803331904007971,0.5249720371467151
86992,0.4991384957805659,0.3607014222434132,0.5609998494925383
86993,0.660614730223447,0.3406097808237275,0.38446976437588765
86994,0.5379502716389667,0.37838646464337294,0.43300489718765334
86995,0.6349990614787804,0.38438324498904436,0.3730749671481046
86996,0.49195472499883797,0.36788384772393307,0.5580417846974031
86997,0.623726463326473,0.3371220533196763,0.34133970585238105
86998,0.5293485440320246,0.3719268886948426,0.41992337199715557
86999,0.47296792510797514,0.40414851253918527,0.5716759085278312
87000,0.6222248067167854,0.3482517013813005,0.3717521711622363
87001,0.5220331738057321,0.36059370820851544,0.5119872619245223
87002,0.6460947888899945,0.41075774670473114,0.4263468939102883
87003,0.48263060526179863,0.39646664186716896,0.5593754977975989
87004,0.6653030963858956,0.33170327755577944,0.3686269528410742
87005,0.5395866545395256,0.3852381499337507,0.5271851356356818
87006,0.47929852001407797,0.37170327807148656,0.5740459701094818
87007,0.6829595364647478,0.35758833879881924,0.38460923642626677
87008,0.65103262300779,0.38084466875929457,0.3861673334049199
87009,0.511460672009856,0.36226707479215375,0.5809955414572685
87010,0.6617787780652264,0.3268775650226468,0.40364193244009705
87011,0.5411375249910855,0.336084828704666,0.48268579466773665
87012,0.6892097396991367,0.368688385269621,0.3979795581597098
87013,0.5298058339752408,0.3400743736531367,0.4903988542370217
87014,0.6124849070541678,0.40272784246256826,0.33069385055173506
87015,0.5071368326835219,0.3550172635764281,0.5637459600339654
87016,0.6765232179001847,0.37700192844823627,0.45914885106835457
87017,0.5467491265130767,0.3481125292098145,0.5208449792410902
87018,0.5203479849128193,0.36729968903674953,0.5691444223702421
87019,0.5675443311679857,0.30399897336457193,0.5476162109075627
87020,0.6181841055893627,0.40317808919126913,0.38744000530240524
87021,0.5174087040678138,0.35480162922376995,0.5549373528323135
87022,0.5687852813022671,0.3397475184569119,0.5813679063134483
87023,0.657400921336027,0.35340155305296334,0.627585459120257
87024,0.5584371873746704,0.33762875279185045,0.4902072301513257
87025,0.5467892770323206,0.3456282646922164,0.5657106012244135
87026,0.6605473897363179,0.33466800924148943,0.35465333379435326
87027,0.5696300736044609,0.3378305661926961,0.49573161109263986
87028,0.6054721158538249,0.3551116379861933,0.5793173815703495
87029,0.6697985044095854,0.34863734719344447,0.40204095283357083
87030,0.5600736155918424,0.3375519468059069,0.5043218253090684
87031,0.6489949161812453,0.3924745871438666,0.4256830116823601
87032,0.5853016913443051,0.3338796649005372,0.5586798106019241
87033,0.6628750775703585,0.3389579707992597,0.39951678418450154
87034,0.5606436079519429,0.3387428521537587,0.49416529247912555
87035,0.5355464972114606,0.32676490019904014,0.5541665302027375
87036,0.6702917304270235,0.3449035929949382,0.39461406192599596
87037,0.5556451855223765,0.3789497200004519,0.5042010948682701
87038,0.6210213787381855,0.396381034479076,0.39322929526173916
87039,0.62995500521978,0.3128306303337738,0.5317947435142285
87040,0.679913942845311,0.35458822960212627,0.3789621139967782
87041,0.5641903579961175,0.36207691637306055,0.4931569296653587
87042,0.5340542211406935,0.32714951459686975,0.5398998052258368
87043,0.6801708427252133,0.35043403654860455,0.3611310272399578
87044,0.5944224754381762,0.3665234810042298,0.48681354545523065
87045,0.6607181880512504,0.40291985742742736,0.27602611696106205
87046,0.5911886819243606,0.3288979681425943,0.5724770151649534
87047,0.6754244712979428,0.34525575222234217,0.3972693880430153
87048,0.5560117516060824,0.3692641207399038,0.4895064561887583
87049,0.5366686725026969,0.3363396911817475,0.5497905925096496
87050,0.6791467325848164,0.3479419676626944,0.3860071847455939
87051,0.5462276229290383,0.3691013635610958,0.50781803962223
87052,0.6469573906211531,0.34375476935111277,0.3423215025613139
87053,0.6341030614037361,0.3243181791624853,0.5329840498931728
87054,0.672266855010819,0.3383110677412851,0.3929189602324
87055,0.5742472926842767,0.323731716983333,0.48758409769188205
87056,0.6350896493884512,0.3224849777405964,0.5268255637447432
87057,0.6748580589502805,0.32778177157158017,0.38946570459512153
87058,0.5337885751544549,0.3036349184920755,0.4277402455498986
87059,0.6523636172523847,0.3236400242507853,0.3260061582664542
87060,0.634832704191936,0.3241154718692339,0.5360400645252155
87061,0.6711401933748817,0.3297885256421008,0.3911931435925344
87062,0.5670823282970027,0.3380218591675351,0.4814019014638836
87063,0.635531441049973,0.3432040284877149,0.540537104449373
87064,0.5581285812391731,0.3701790196172295,0.4980090630976423
87065,0.6466586181907077,0.3770929679517182,0.3391765540064407
87066,0.6240140878700855,0.32957031275365667,0.5207596364742886
87067,0.6761411535347841,0.3437394356583058,0.38322178273232255
87068,0.5411645790091313,0.3814029733276645,0.4694786043655681
87069,0.6374244972473685,0.3247983369063029,0.5514385528868112
87070,0.6728873300779598,0.3538437891304892,0.3569169366117529
87071,0.5425301951461664,0.2914971316991063,0.5130005256100462
87072,0.6120337801703389,0.35642851340230713,0.3614371373798513
87073,0.5407599922869992,0.3369358830359321,0.5602908454453309
87074,0.6468912736825789,0.357497711861063,0.36725192877187907
87075,0.5307808209069917,0.35779912550419984,0.49305434934961884
87076,0.6432315493218413,0.313748485932134,0.5422403601795991
87077,0.6515853950548965,0.35004096455339706,0.3529506695486496
87078,0.54312950735497,0.3761085861300809,0.4974445164703597
87079,0.5940370576434031,0.2541837591894771,0.34743800845065764
87080,0.6350467345558058,0.32394855465269123,0.5271603946830882
87081,0.6486377759530729,0.34986204855033065,0.37048170465704156
87082,0.5332176311454784,0.3641357912469341,0.4797453223122529
87083,0.6423379510272935,0.324674292144761,0.5441086231920135
87084,0.6592545067633757,0.3557773815456437,0.3777376311883096
87085,0.5276128724320714,0.3711368940909874,0.490875455565604
87086,0.6522558090297198,0.3473914330821594,0.33045255444082694
87087,0.5708638183972529,0.3340336550576731,0.5455969672459193
87088,0.6536188421198059,0.34334189420106936,0.33976824554841145
87089,0.5063978999896279,0.37021505035727825,0.5095634935482389
87090,0.6451283667981275,0.34090789394105836,0.5151540700573871
87091,0.6137521408240717,0.35393451920967683,0.33040853954258237
87092,0.5629200426965199,0.35821832666203807,0.5257103788262332
87093,0.6390282521864651,0.3056655326137353,0.38120560634041667
87094,0.5721831209556569,0.33410547587443057,0.5497375785968859
87095,0.6167039290543044,0.3538745252770575,0.3451623393490013
87096,0.5619905989609768,0.3475755749177521,0.5159783290886715
87097,0.5750517078841608,0.338844343322293,0.5634676243172874
87098,0.6165895046061207,0.31939052851461547,0.33804122059016434
87099,0.5668455489933355,0.35261671552068,0.49610422944218646
87100,0.6361434872270694,0.3168801692148638,0.3713271979826795
87101,0.5706024774892627,0.35000362735521684,0.5674157328055534
87102,0.6272201476166582,0.42853338166197,0.36860471302303244
87103,0.6099954842278233,0.13400313980567044,0.6127892202993568
87104,0.6707338846214502,0.2761328402674394,0.3532201498970496
87105,0.6184059757273062,0.12708778187161876,0.6170942474479894
87106,0.6782752487974819,0.3342239509986748,0.40007319367471184
87107,0.5646417114630121,0.3626949398302327,0.5246704476385284
87108,0.6624123949501783,0.3194455372780487,0.4559348593701609
87109,0.5898333073418954,0.3455711931001545,0.4914514600930632
87110,0.5812861862537894,0.36393480297754016,0.5016627812893368
87111,0.638595614480798,0.33592609404168405,0.38324897412079456
87112,0.6053556068414366,0.39534081876255395,0.46733083956698873
87113,0.6957685490690227,0.21460753243506858,0.42922311414708286
87114,0.6059759006421248,0.351276461380107,0.49815882697871094
87115,0.6315686844971546,0.3334433766455576,0.36571071445145065
87116,0.6644425792189416,0.34980453001206574,0.4783489287522418
87117,0.6436507733100183,0.325430972066262,0.3686379882523062
87118,0.5974392476916546,0.3826842305694554,0.3778651299019998
87119,0.73082013363535,0.269724938176059,0.3436263005181438
87120,0.6023724141982965,0.3611584419261117,0.44464754332987466
87121,0.6452067192222499,0.3184859781609106,0.4033894361472686
87122,0.6726747951623234,0.3784679807546856,0.43765940719122826
87123,0.6999445202866745,0.3626315078498988,0.4425656868066471
87124,0.6463572627133132,0.3166540831971533,0.3928319275098201
87125,0.6106930881705318,0.38265462897863284,0.38274989638036144
87126,0.7175801147234813,0.2959412553163982,0.36522706600727295
87127,0.6944219659095072,0.39254757689684705,0.42779320876398896
87128,0.6527293223204409,0.33378718141701513,0.461614885238652
87129,0.6017546128113311,0.3779144550726389,0.45090289774351355
87130,0.6154859997594991,0.39340323821205064,0.39993875769255194
87131,0.6141957904667322,0.3879333042981608,0.4026471230716717
87132,0.7020155801404915,0.3250329836628226,0.34309122671963393
87133,0.6933143825677025,0.39687831370051224,0.48492909266646056
87134,0.6650000188772017,0.27854497454398564,0.35533261996920024
87135,0.6157353770816197,0.38812463165347694,0.3945502829949248
87136,0.6181230641114603,0.3950071218513773,0.46037924027226806
87137,0.6481217103626113,0.315867354738627,0.37034423520425974
87138,0.6118662899681659,0.3867394422292744,0.38406088802511873
87139,0.6979995312506183,0.3161435331115388,0.34023213840954136
87140,0.6728400195338395,0.37673437957508793,0.4457265293956147
87141,0.6429050884407661,0.3258428501824681,0.38758099831298476
87142,0.616891086666581,0.36400105415699996,0.3523042699132475
87143,0.6739007908142681,0.3693067181510874,0.4044467485301525
87144,0.6386646769992266,0.3340561742702035,0.38039869470519616
87145,0.6138413692353484,0.3775592016022918,0.33451501378682824
87146,0.7410901470385031,0.32790564443073633,0.4058285408722396
87147,0.6643661300925708,0.3571274341222032,0.3939043227480249
87148,0.6632619454967522,0.28348971228899683,0.3840324883182652
87149,0.6092424580672421,0.37890220618103654,0.41909507397156137
87150,0.6271528071295291,0.36755094156373075,0.464520291011737
87151,0.646179485639957,0.3187841600391958,0.3772382408060575
87152,0.7287679708092131,0.33350316429531407,0.4210435760843272
87153,0.6183946012574074,0.3659253638433251,0.46074173578670297
87154,0.6467449463387432,0.31784567615454806,0.3821898619350068
87155,0.6085722706754846,0.37149819852531213,0.4173131001011844
87156,0.6197661538707643,0.3665331762987849,0.47542013399118577
87157,0.6465453719744657,0.31793702508232435,0.380078726927921
87158,0.6049993729455271,0.380074408549321,0.4264169425772968
87159,0.7348990819842647,0.32619518131225783,0.39337018687497194
87160,0.6469584782198685,0.3168186281607729,0.3708331140615711
87161,0.6054097148775283,0.3797869877603825,0.4097572148690556
87162,0.6195767757444437,0.36801652198523854,0.4856746673567094
87163,0.6459348212456031,0.3187206249174304,0.3815339900974675
87164,0.6049573191285313,0.37940048243630986,0.4252723693278029
87165,0.6933421163349457,0.31529110356118695,0.36590659722570773
87166,0.6462571583148824,0.3178335054656385,0.3833160484656334
87167,0.6060517606525246,0.3874401507339821,0.4163953189171318
87168,0.6260914920497427,0.36167930615486993,0.4457244338504497
87169,0.628743601517267,0.3390449877869156,0.39113650472462624
87170,0.6574821740233907,0.3340571369235636,0.4162563031548128
87171,0.6354502336792225,0.3287490319155989,0.38508369151101074
87172,0.6022495155434553,0.37793790255805226,0.4017563642805133
87173,0.6531637273740205,0.3338443561505085,0.41314043028910447
87174,0.6425550176042438,0.33540492038863157,0.38608281026667063
87175,0.6052565900417213,0.3881338800018292,0.4184203760266524
87176,0.6898042030303339,0.34005446735686934,0.4482674286068887
87177,0.67650296137411,0.380372556047129,0.48670400252168444
87178,0.645384088446088,0.31846507483080605,0.3853015268108273
87179,0.605851823755342,0.37667548581773724,0.42203287619691543
87180,0.6827492673797687,0.3462843129571117,0.50115839708776
87181,0.6424004426368165,0.33518148166766126,0.3847367942884091
87182,0.7001503030269524,0.3257895260624151,0.3820544795776111
87183,0.6802158874386762,0.37005497485568767,0.49525690251452914
87184,0.6601915183733136,0.2901205030137131,0.3570578113254279
87185,0.6064094446800546,0.3844600509749879,0.424609315178206
87186,0.6453227750685068,0.3190397788867745,0.38812147152020615
87187,0.6014415656477459,0.38375408225727703,0.41648546115834373
87188,0.7313376946740452,0.33267988938958176,0.42846376631724126
87189,0.6348095474026204,0.3679110426813554,0.4871297361813415
87190,0.6380838086519719,0.3340909329325979,0.38476771202937227
87191,0.6058490594419402,0.37646022965032766,0.4279253126071749
87192,0.6638431763769118,0.32558417147242347,0.428392534681188
87193,0.645898749221542,0.31877645881231514,0.37805925512224753
87194,0.6031224947790235,0.38337637833535376,0.4093572530350169
87195,0.6673674040643547,0.32111759740355533,0.41998882398444726
87196,0.6460201071115365,0.31913986045574577,0.3810310761574177
87197,0.6026808390673413,0.37631933845498444,0.4025645518323464
87198,0.6444524241965008,0.3667652101390417,0.4658328289660313
87199,0.645802723318294,0.3181853896492253,0.38694267666620263
87200,0.6027862908261227,0.38476431819772783,0.4182683138057253
87201,0.7343817022120221,0.32863096935708036,0.413817646268123
87202,0.6812617495533815,0.3464310144530927,0.45381491124369155
87203,0.6381313457791578,0.3354978164378794,0.37802733185759635
87204,0.6026342989056443,0.37533588490623004,0.402260917477668
87205,0.6732774608004994,0.31868225630493574,0.42452182616756595
87206,0.6464256454825444,0.3189683018747884,0.37572755553676324
87207,0.6060686184326134,0.3769448568561743,0.42258988562142696
87208,0.6597199990135706,0.321570628950905,0.31853693396663413
87209,0.6852668771394878,0.3627846041146288,0.4462724020115476
87210,0.642308404595525,0.3266716603450209,0.37701119524724946
87211,0.6034026420814675,0.38390002738276074,0.40566645721354755
87212,0.6776062396376661,0.3483107326605598,0.4614651889558145
87213,0.6429574291289452,0.334986819406062,0.377617940070315
87214,0.6026647063530626,0.3760292703693056,0.4142493623712351
87215,0.7332928799480584,0.31010470544231816,0.33160932917103986
87216,0.6565147096494214,0.3236728232259823,0.44755982722297716
87217,0.6059378346870855,0.37949190012504047,0.42049770346839427
87218,0.6412736450510397,0.35232898530744716,0.4806179309783529
87219,0.6633975781198862,0.29809897406206587,0.3485778244746358
87220,0.6060903704069216,0.3754464869012079,0.42461495963050533
87221,0.6678468991480107,0.32483302680774295,0.31253878237266614
87222,0.6469628739313432,0.31690516382174877,0.36701111852325713
87223,0.6149249800888007,0.3503700888611134,0.38287791898034285
87224,0.5758453830467305,0.3814994449465355,0.5313981784913041
87225,0.6457422256397495,0.31758606917162047,0.38493360653834424
87226,0.6066106051257921,0.3848543262868955,0.421016080503815
87227,0.6842895790604665,0.3229735930817919,0.35758937001591906
87228,0.6277081169069716,0.36691101774261675,0.5213163586063179
87229,0.6054682639417077,0.3674677751895151,0.4218224936020809
87230,0.6416180513109192,0.32598422270449146,0.39468286847550743
87231,0.6041535836778442,0.3780147773049502,0.3973146281591991
87232,0.6919315008010604,0.32629251244305746,0.37795019382609807
87233,0.6902368407360009,0.35327200741507814,0.5087032046597624
87234,0.6432256581621328,0.32575143249373756,0.370429223080348
87235,0.5995446575382335,0.3833729746681163,0.3945368900953821
87236,0.6948612198406929,0.36497687523982797,0.47911684465787907
87237,0.6465629095037517,0.3176200027025633,0.3758893265536363
87238,0.6185837981172755,0.3472334891701518,0.3591817815466496
87239,0.695119977701734,0.3293682930699482,0.35299951772042
87240,0.6942519832936114,0.374661511847016,0.4819296746534315
87241,0.6458509401946771,0.31802232304612293,0.3906136070574987
87242,0.6040174525719654,0.39257515003951793,0.40314676694729057
87243,0.6796704113662857,0.35330979155946124,0.43960387030968406
87244,0.6485689853343233,0.32517865374448923,0.3784836621666186
87245,0.603376947561816,0.3835663992325384,0.4037628994747043
87246,0.6935715090306707,0.3245743480976983,0.356488938411353
87247,0.6377326049001211,0.36958207139254773,0.535545684861846
87248,0.6470458939666196,0.315288043698721,0.3754825119489168
87249,0.6029190231860156,0.39481899188043573,0.3984789823410775
87250,0.6908562735210393,0.36658760059410656,0.4793716899892394
87251,0.6213882167215703,0.3622745353556944,0.3545326371526706
87252,0.692853150079143,0.3234322630273934,0.36437236242264354
87253,0.6903847088446833,0.36479452118904687,0.47467439030535913
87254,0.6432388452965572,0.32391527435081413,0.37293023088547633
87255,0.6005283452597077,0.3913569122123352,0.39213145773929275
87256,0.6129693416486562,0.3786559388232414,0.5181886222510461
87257,0.6476748885570309,0.32393586825662446,0.3733977740510873
87258,0.6189421618940026,0.35400297073967407,0.3501003225348201
87259,0.6136880178164758,0.3762467268872525,0.5030167062606405
87260,0.6481874647682805,0.3160407698653502,0.38931587311582183
87261,0.6029632975170556,0.3835063021584875,0.4147095964781051
87262,0.6100842594729685,0.3793451642485824,0.5320179021747466
87263,0.6431688311292527,0.33168120528945183,0.3899454576912304
87264,0.6154166200247786,0.363355938883837,0.34015729026812264
87265,0.6965099741766396,0.3125385681804206,0.32007591332054575
87266,0.6027150984268765,0.37896990134053643,0.550233006032838
87267,0.6460483846781371,0.31746869422264484,0.3874030206201982
87268,0.6031885664009845,0.37422986495645105,0.3986266422272022
87269,0.614877533594841,0.36414153278661754,0.5468686589690532
87270,0.6464577296446491,0.317032818533391,0.38117331973527313
87271,0.6196181044956293,0.35002594028488443,0.37552970396402446
87272,0.6947975953158416,0.31733268505505624,0.3463382190292874
87273,0.6113272488548415,0.3702999357553511,0.5345644120392044
87274,0.643111188397336,0.3331332303612258,0.38826884411384854
87275,0.6160960520056171,0.36005094361581547,0.3644506749734077
87276,0.6154223752346477,0.35446727908352754,0.5260139286831226
87277,0.6433967736933571,0.32553827353543385,0.37134105562006114
87278,0.6189929165007217,0.35602413023011875,0.3483563811192327
87279,0.6612634828571884,0.3236526762663748,0.31522808505060723
87280,0.6180557236243314,0.3581607737432961,0.5225835550470816
87281,0.6423096734606929,0.31779334906833223,0.37386600164878847
87282,0.6122377502460912,0.36517342842767025,0.38082256096371825
87283,0.7815245295470676,0.1357365175121666,0.4825279696976057
87284,0.6455728321398245,0.3174104193138828,0.3907537043915157
87285,0.6063586447567224,0.38031940382946167,0.3601545369921687
87286,0.6940578469229111,0.32537482874708296,0.33281177495616
87287,0.7813158918601617,0.12085662981324477,0.44853178838928054
87288,0.6427365106398777,0.3348461688740587,0.38669167598423787
87289,0.6238950411273614,0.3525839509259601,0.36471627687329655
87290,0.6464631223216128,0.317416848463109,0.38305172248235714
87291,0.6031255763087171,0.38349643496154673,0.4098971009586003
87292,0.6598389551230684,0.32401673113887125,0.30720789291818285
87293,0.7767818740820749,0.14930124881883183,0.46707685611307537
87294,0.642110280362868,0.3258992341649872,0.38864386220060027
87295,0.6199517254015809,0.34926788514429763,0.3594901308779493
87296,0.7876467133493302,0.09635410210254794,0.48343949804527886
87297,0.609459388694353,0.3707178648355349,0.3733899749051707
87298,0.6659623171572728,0.3325172353522051,0.3060057407628792
87299,0.6380369059573698,0.32746866856621376,0.4864719208946572
87300,0.6471056665793539,0.3168881454855616,0.37345219062714696
87301,0.6221584178785323,0.35580096655296567,0.3684283830371297
87302,0.7772534387584309,0.17010444578376455,0.48087559853586287
87303,0.6426649103911133,0.31665721182057355,0.3681673947165155
87304,0.61455243221216,0.36224369606769463,0.3702100358159088
87305,0.6697430368750996,0.3248753835555865,0.30902911178662024
87306,0.6212992148933594,0.3632213049353342,0.5329739270580611
87307,0.6474507072718173,0.3166111076007211,0.37104766239739895
87308,0.6133666777126856,0.36376396638660285,0.36953705317611474
87309,0.7759614621177515,0.13240754186133588,0.44571674455165866
87310,0.6468655791629273,0.31907986652312637,0.3811225112148
87311,0.6180307088538769,0.34641750292557444,0.37425959234954315
87312,0.6586286843358842,0.3245237056548626,0.30520854848582835
87313,0.7775208974091952,0.13446715591546812,0.42891128350687996
87314,0.650050566684389,0.3093504665346946,0.3737858301466682
87315,0.6241874239153538,0.3516456045632209,0.37015670081154717
87316,0.6269567674610766,0.3549241612443174,0.5192571643900765
87317,0.6473692733180011,0.317199116901345,0.3698719263633541
87318,0.661247712675815,0.3337756639571713,0.3286338282571625
87319,0.6104741636124427,0.34816100568259006,0.5028903989657741
87320,0.6468362139976113,0.32534447078576323,0.38518170894614934
87321,0.6179914193502829,0.3533058034241124,0.36738961791891206
87322,0.6185219409403365,0.3635492259263504,0.5301728422551676
87323,0.6204055259655853,0.35006035514250733,0.368722156499842
87324,0.656428426817999,0.3247919077570766,0.31884678313368703
87325,0.6471051680966093,0.3165910637825452,0.3728996257863322
87326,0.6183494205941048,0.35383106835394534,0.3640997979049483
87327,0.7752259734864563,0.1195266038646226,0.4244964768308922
87328,0.6455936324652567,0.31824706822522475,0.38321770148911805
87329,0.6160112646224284,0.3479354697525139,0.36815429755923407
87330,0.693796868547826,0.32064600039854707,0.35584820857758687
87331,0.6471737774489064,0.3254071463955999,0.3744552385299913
87332,0.6176782815534714,0.3629679551992471,0.37258193099957876
87333,0.6846269159286958,0.33302125314716197,0.5015435549091812
87334,0.613290228586315,0.36108971535229734,0.380850631129195
87335,0.6882630756505996,0.32581307668925985,0.3682354154365901
87336,0.6006253681284448,0.3403305425883498,0.4810240442514244
87337,0.643371215123545,0.3333834170934153,0.37561388066133916
87338,0.6177922528355235,0.35376818646124575,0.3754159530405904
87339,0.6006549598768265,0.34102513136812546,0.47976578767672756
87340,0.6448639443604437,0.3199515147602028,0.37978601813734897
87341,0.6184423649676591,0.3540460494775377,0.3664477971139138
87342,0.6905480752350605,0.320145455031782,0.3350216498544796
87343,0.6452463712587493,0.3179825792145425,0.391005828894073
87344,0.6167038837376912,0.36496051013270664,0.368386320037809
87345,0.6175533436510388,0.3540370417925255,0.38461666378191217
87346,0.659070204097727,0.3332776283652379,0.32372872316100954
87347,0.5939802306105231,0.34564064166398895,0.4737454385136123
87348,0.6383388505507352,0.3202333659118437,0.3739317916272358
87349,0.6194220195105636,0.3547058452144419,0.3781731074430283
87350,0.7019844476272632,0.33863699466462693,0.5114412710116849
87351,0.6457058817160095,0.31720561481152554,0.38130236475850043
87352,0.6179477341352138,0.3619808229394382,0.3784626560162949
87353,0.6951564575753133,0.3334502183605096,0.37928696574625254
87354,0.7050570046315194,0.34824069962861387,0.5217454890770892
87355,0.6422920906147938,0.3162219549799083,0.3725276918688758
87356,0.6176180557746056,0.3613331978914436,0.3807500365114946
87357,0.6002359624717154,0.34720983540187556,0.4754085070954314
87358,0.6435043100163432,0.3249133052218783,0.362473883000914
87359,0.6187728137106909,0.36458975106716673,0.38428720690294205
87360,0.6610515823741362,0.32600440404457603,0.3282705300137329
87361,0.7008680728625092,0.33465666368403124,0.5377140333218045
87362,0.6462655418883136,0.3183569482301826,0.37840338926715167
87363,0.6193782436622685,0.3582812085547377,0.3878857057895823
87364,0.7043144012919607,0.34190561538782827,0.5405412617405876
87365,0.6494948490574283,0.3167534771565817,0.3713671231879407
87366,0.6172297377165915,0.3531031305113382,0.3923384942216863
87367,0.6585270844892197,0.32502964875653956,0.3135264728023756
87368,0.7026472484110785,0.3483147551763858,0.5064028706535224
87369,0.6462850733485779,0.3167058601957348,0.3768051473889862
87370,0.6164258663160649,0.36529238487859456,0.3731728240374443
87371,0.6013917173732897,0.3496987069034111,0.4871864341977018
87372,0.6429874740434584,0.3337262248310357,0.38223119825334284
87373,0.6219449313140202,0.3541759045397172,0.39254145791065426
87374,0.6954090976935802,0.3188618942980223,0.30630854492678145
87375,0.6908092348765978,0.3412631474114055,0.5096114375936679
87376,0.6453536809986696,0.3172440865654516,0.3900987282305389
87377,0.619991014905175,0.35615515422852123,0.38500965454836555
87378,0.6930784642796853,0.33413246454899,0.49901583735297766
87379,0.6364453865038217,0.3378772205001829,0.3755736005653646
87380,0.6157758448171555,0.3571531850995854,0.3839978104256955
87381,0.6593595959892521,0.3257541141709549,0.3297057334081916
87382,0.6922859673490575,0.33513915930029486,0.5128103886854352
87383,0.6419534848813966,0.3261029728725529,0.3826573628517233
87384,0.6168041240859614,0.36274331316157676,0.39335679397542933
87385,0.6841625112772162,0.3329190056081305,0.49085248906657764
87386,0.6429843925137646,0.3229344680988,0.375365710655303
87387,0.6215194536332296,0.35478529849712576,0.3907804732910432
87388,0.658520785479993,0.3244069839349528,0.3201195733280769
87389,0.68965588175552,0.34144354177498926,0.519992430350078
87390,0.646770368958716,0.316408469068424,0.37367174123207847
87391,0.6194913539286709,0.36783715903596914,0.38767455426486874
87392,0.6926320050070099,0.34286197712059174,0.5035227804179957
87393,0.6465729697918693,0.31616481462689205,0.3758597861266325
87394,0.620907951255491,0.35454576971285123,0.3983728531182033
87395,0.6926087122678549,0.3122202049620509,0.32887129661823283
87396,0.7140986206022314,0.3398650309277962,0.5521644395922434
87397,0.642846992542718,0.32453071927220034,0.3772156798964179
87398,0.6172169131150722,0.35434175596146833,0.38673517544597
87399,0.6918443116373751,0.3502003180649677,0.5018172263479113
87400,0.6475960376501638,0.3144482317834816,0.36527637891688236
87401,0.6219556260347217,0.35439308601384695,0.3825347227608956
87402,0.6597353613454258,0.3332305958725025,0.31825741950580083
87403,0.6889326286097731,0.34065564438024,0.4906006180573871
87404,0.6465924106189072,0.3157324801267842,0.371501060633146
87405,0.6189562100440767,0.3510490689042649,0.3803521871221787
87406,0.6897667715078786,0.3455436887184379,0.5345333844511158
87407,0.647598348797434,0.3329071099630381,0.3804951066823454
87408,0.619537894090368,0.35899305633404055,0.39239233621278136
87409,0.689309708147728,0.32247758593801007,0.32785687531300095
87410,0.6883616392841833,0.3517589913768477,0.49884354636138495
87411,0.6459908778960598,0.3169924214727447,0.3872604306014083
87412,0.7109780279880443,0.3524139738469515,0.5544680183135775
87413,0.6423895213330492,0.3246224120047481,0.378164505568117
87414,0.6168045319354798,0.35370403249089166,0.3868192845450536
87415,0.6599464008128283,0.322464830780989,0.30395721228004335
87416,0.6830250642873512,0.35408118632518065,0.5055063829122758
87417,0.6464953424335569,0.31717570379640864,0.3747386356642251
87418,0.6131505174679981,0.3370237595355166,0.5071500508017607
87419,0.6472081727582811,0.33338709580446996,0.3831558068587396
87420,0.6195046316963216,0.33974734655452626,0.3772776252254697
87421,0.617951631363944,0.3366839085189308,0.5003120165353385
87422,0.643800635349679,0.32386050625072094,0.3640468853895312
87423,0.6174431336478773,0.34638611354994037,0.5074205620231853
87424,0.6424607137322953,0.32514482335497785,0.3821123521132373
87425,0.6226769305661035,0.3495014661060259,0.38084996359666257
87426,0.6607583385704942,0.3261188222725171,0.32681011670395216
87427,0.6914216889032127,0.3373595880362764,0.5562855319539711
87428,0.6384591661586273,0.3243629081632519,0.3738448941011181
87429,0.6223460286569403,0.34050120727690125,0.37633964062008807
87430,0.6329998284567933,0.33515270520829027,0.5177125786078706
87431,0.6439718415141296,0.32072009032679616,0.39253595710459604
87432,0.6200790197678969,0.3366220580405456,0.38893279394000785
87433,0.6849685578751736,0.3174717540851108,0.36854226915702604
87434,0.6357659998395963,0.3423310050315527,0.5210645720949162
87435,0.6430922460530428,0.32622608936121184,0.3725204166092504
87436,0.5991713392791694,0.3834009259960358,0.3998885406566012
87437,0.6368923442592415,0.14390837874446424,0.6281801883577391
87438,0.6465363086518373,0.31607559728869883,0.38187894387092414
87439,0.6029413189596816,0.41659204491541174,0.4052042205090802
87440,0.6545747054408109,0.3183451557265216,0.3367002702543481
87441,0.6329938466638585,0.1488837151141352,0.6432743663823451
87442,0.6454925311013369,0.31842897532980297,0.3906259606342377
87443,0.5988557997018614,0.42236483645247846,0.4509398908754995
87444,0.6253888579629755,0.14808082783135035,0.6361368719520168
87445,0.6007391581440444,0.397073319766883,0.3957520865968492
87446,0.6557634508367527,0.3110640238961162,0.3257350175365021
87447,0.6279211503053522,0.1436394030815144,0.6357055614382916
87448,0.5880592978872242,0.3921008369768151,0.4337486467256617
87449,0.6270807083980201,0.15260289199033167,0.6414255547609384
87450,0.6427323868280818,0.31544729406886013,0.37184353862138747
87451,0.6161996004666468,0.3492229842411453,0.3586789436546098
87452,0.6565824126694556,0.327836917856922,0.33684867794590473
87453,0.6389779960624905,0.32263731763482917,0.37737915776862696
87454,0.6389011844032148,0.3183219489044482,0.3719182938152384
87455,0.596037468897332,0.3905993383984285,0.402500477159014
87456,0.6542229578896024,0.31922089524037833,0.336464103159227
87457,0.6425224802760079,0.32567232301582516,0.3835862047963446
87458,0.6060692981818105,0.3746953766170046,0.4237077744691824
87459,0.6432240267640598,0.32422493930846596,0.38029718751137553
87460,0.5945696184810484,0.3869455188092861,0.3771525431485424
87461,0.6538091718950024,0.3151725252955112,0.31336313435151814
87462,0.6387295250726327,0.3230906586064732,0.37841210098918854
87463,0.589702025113623,0.3868784424983747,0.38283817967021727
87464,0.641036050048336,0.3131597890219672,0.3932530391404236
87465,0.6072171226760852,0.3679386845849806,0.3874609100553822
87466,0.6547729203066941,0.31775333019293456,0.3252206710456125
87467,0.6455274702100694,0.3188218410421475,0.39095929596171886
87468,0.618692150139298,0.34228108457873707,0.38822352794965476
87469,0.6461843798341764,0.31693703452406286,0.38377119580561087
87470,0.6142392944153486,0.3556095360562181,0.4220195762449406
87471,0.6654807828260255,0.32207151812244145,0.34295599645825825
87472,0.644360612738275,0.3181674086596781,0.4048368748215618
87473,0.6048475622915013,0.37387935599195,0.3863109796460712
87474,0.5974922228124177,0.3661612482970221,0.5061914233865477
87475,0.6453199201218789,0.3179224821404917,0.394542492298787
87476,0.5856351763004175,0.36984350054076404,0.3689035479033006
87477,0.6584472819334766,0.31777983754081396,0.32776818220886883
87478,0.6057580636827512,0.38300634125983396,0.49976090505649307
87479,0.66990486250063,0.28071097898464537,0.38540946428638423
87480,0.5892654901792257,0.3711080832511393,0.3794262941503904
87481,0.6062811080316364,0.3751154716672485,0.4950533473410388
87482,0.6495826726536975,0.32766071791155,0.3971905009072866
87483,0.5968529866674361,0.3832538806952834,0.38633192664794264
87484,0.7107474117437647,0.3194984832128531,0.3209648849834687
87485,0.6118562296800484,0.36807775361503514,0.5070348465163572
87486,0.6640664513298626,0.28806241889081385,0.4198892517899927
87487,0.6007944444120777,0.38172914091434623,0.4144753094587873
87488,0.5981358546688741,0.3752280333494238,0.4808644448277264
87489,0.6750824215019466,0.268555692528809,0.4096364759784785
87490,0.6016957918474728,0.3602189953881039,0.4308480235274291
87491,0.7257635246745093,0.33544872111651525,0.4472754752637286
87492,0.6021031428830065,0.3673689313177211,0.4841807464487354
87493,0.666686929801414,0.2742351754509022,0.40380201350119194
87494,0.616719110119707,0.35465472144492616,0.46247025635581385
87495,0.6130114860988783,0.37789090444579404,0.469158476042494
87496,0.6936707070968385,0.3701114963601152,0.4623856571695546
87497,0.5995248088616774,0.35794871496026104,0.3918396446252832
87498,0.6407130785464727,0.3060549258978881,0.2675203783528765
87499,0.6217079254272874,0.441498328354589,0.46771290476933575
87500,0.5920101814873994,0.3626982403560387,0.4222209344759192
87501,0.5982466084713932,0.4405504929801576,0.4203839525449602
87502,0.6950808241479791,0.3481649938179389,0.3342888934788088
87503,0.5949395379941268,0.4106335988017578,0.4151346119065564
87504,0.6476339676553637,0.3161513374798509,0.3248694559859974
87505,0.6511721528596542,0.43203400184495083,0.43249187731204963
87506,0.7302622408109585,0.3569633361047865,0.4004123424500702
87507,0.6203006180061614,0.37101614985525155,0.44822044783625326
87508,0.5879515349811726,0.427139115791801,0.4637309633663892
87509,0.7487133077012562,0.4580943347604798,0.43071020763371276
87510,0.6052915291504538,0.40868883273153095,0.3866450247549792
87511,0.7044947160956531,0.30998482071851086,0.25878678247899817
87512,0.6099658924794417,0.362618821453832,0.3866707458819242
87513,0.7311287397708474,0.45155238318870816,0.4364298291660883
87514,0.5756153559184215,0.35986040701147365,0.404840820868304
87515,0.6223576297099047,0.3885259205827223,0.44038292302390003
87516,0.7063264135988541,0.36127065980351547,0.3978812787814256
87517,0.5874622061924648,0.4030676934791541,0.39846475291342465
87518,0.7397439717285058,0.4325954350367411,0.3871794479205145
87519,0.5908662995384681,0.410966229918143,0.42385922830602923
87520,0.7300921222452232,0.41375799342333275,0.3879316218880774
87521,0.7150894683485819,0.4038676240409044,0.37754395380634315
87522,0.5951909545638389,0.4019691684733929,0.4267104371973057
87523,0.7268783586744165,0.4077157620868747,0.38708159103117484
87524,0.5945396641997615,0.44920498735062736,0.3897751777470138
87525,0.7308407526943298,0.44739887774472936,0.4035526943252265
87526,0.612443804886048,0.38708950424757255,0.32361193454206405
87527,0.6780493001643557,0.41028718111403717,0.3483044994768404
87528,0.5870729818021878,0.4470672436621815,0.4129550590397881
87529,0.7319498314843679,0.46485958753131307,0.38446632531587893
87530,0.5904386013436337,0.4218843692843665,0.37162604976250546
87531,0.7409745896749909,0.43461865735581456,0.3754434739704392
87532,0.5971042219706956,0.4040816768916139,0.3387542509570135
87533,0.7153422897333013,0.4680619570750546,0.37497527172207473
87534,0.5863766014080343,0.3933609502251614,0.37287920267075203
87535,0.7398883504579764,0.43186911307655984,0.360807764048915
87536,0.6115255090373378,0.4242737093045651,0.3932785659224541
87537,0.5833656749976511,0.4342790126220916,0.3763083848879693
87538,0.7299329702998685,0.4391585649824345,0.39092817542606234
87539,0.5955417051495582,0.3775888719540686,0.3268574988390849
87540,0.6913751034249025,0.4204716410979703,0.3485923158454343
87541,0.5957767171053129,0.43350270144814046,0.38962503362589507
87542,0.7103074327467687,0.5025096824341079,0.40769335637486637
87543,0.5922048616574576,0.38500192167528224,0.35845766084500563
87544,0.6045537746885015,0.36730154558251543,0.3838926191282782
87545,0.6729976760309606,0.4090353879411602,0.35602324574731925
87546,0.5987493962942041,0.39552695466582116,0.4321883274551601
87547,0.6773319834949305,0.5438052424700985,0.33087273237086295
87548,0.6109810299304362,0.3169025852859628,0.38485612206591147
87549,0.5881684202916703,0.3967218481490219,0.4123303246374631
87550,0.6831012868306561,0.5437146155323422,0.3759618425560811
87551,0.609830758339052,0.3307036995632437,0.371343007518985
87552,0.7358152932687704,0.4513720575860787,0.42695025882179727
87553,0.5890412182607858,0.38665906067370764,0.39451984689135844
87554,0.5896167392476896,0.3844094085321523,0.36443970716040686
87555,0.5944735472611874,0.38051141879432065,0.38958537036377955
87556,0.6087167400381813,0.3848401271498343,0.3775169652125645
87557,0.6736012480013992,0.473349468177209,0.37740143983556323
87558,0.5892571972390208,0.3818572081917142,0.4212066399173706
87559,0.6929842963575762,0.5529001851332825,0.32683658986121844
87560,0.6179374925806438,0.32612270726643455,0.37951052999615736
87561,0.5917577226355851,0.36130449019302685,0.38861389928465184
87562,0.686948078170444,0.5392590432161609,0.33253542071263203
87563,0.6063787200163444,0.3105906047258192,0.3973229258420703
87564,0.6372375209015444,0.5332103827304766,0.4024796991527204
87565,0.6005698552773459,0.3627418348010595,0.3920131608348152
87566,0.6700912950470962,0.5574846154778063,0.3550859540238067
87567,0.603439484487952,0.41159872755619353,0.4605354935835252
87568,0.6175853824965302,0.37356023640308317,0.39193916612106444
87569,0.677564729620028,0.5643236487525943,0.35703130436904607
87570,0.6087923281489023,0.42318391693999896,0.3594489382058544
87571,0.6236688205945563,0.5227254717567668,0.323535556990666
87572,0.6247961166630775,0.3900753799267272,0.3867183265868609
87573,0.6135678834750362,0.4079411604950422,0.3353928148420569
87574,0.6194336658801411,0.39706496531093655,0.38907911031128883
87575,0.6722756464337685,0.5736281060435047,0.3648766114277581
87576,0.6137307513826686,0.4260350211487422,0.33903433155303253
87577,0.6297458237335163,0.5300556989085362,0.37669231749145127
87578,0.6187937046693492,0.3573499445702906,0.3916869233216027
87579,0.6786215583551134,0.5631047233158687,0.3405606784875017
87580,0.6271725198562459,0.3913274825238985,0.34193104250363837
87581,0.6085536002308701,0.37831013998410945,0.4209124862146082
87582,0.6708140950267115,0.574186995079986,0.3964387747780049
87583,0.6246406353633872,0.3818023713306667,0.32320060353052715
87584,0.634864289871296,0.5331473976963457,0.37757950202613866
87585,0.6006614401525059,0.36260957310547975,0.43199705826017765
87586,0.6312482507256273,0.5006234663164602,0.35804596226808694
87587,0.6346096558220509,0.44168893371988505,0.32095376084955834
87588,0.6045534121555963,0.3642596297256132,0.437218463929567
87589,0.5844137576264001,0.5402425311453923,0.31203793440355526
87590,0.6390075878108722,0.4387845053910887,0.33091147038218993
87591,0.6201562845933041,0.5286619143650474,0.3827460770803026
87592,0.6107867122932832,0.3772830576098571,0.3957976985033042
87593,0.6212613755213857,0.5492535166833865,0.3512829873875558
87594,0.6231906396926815,0.43836379149225607,0.37256246270901333
87595,0.609588903574713,0.3849335389062394,0.38826291236906685
87596,0.5928843389549092,0.5193705904164067,0.30646656846671627
87597,0.6302214669050551,0.43631148328951724,0.36621798847740833
87598,0.664201857369931,0.5256719474091124,0.40600558063956915
87599,0.6027492218365725,0.3882662104583632,0.4191403478868607
87600,0.5770647171565432,0.5706070247557528,0.32170163810455504
87601,0.6193602076502379,0.4616685635450297,0.29892669556558643
87602,0.6055462538329252,0.39956858603716766,0.38803371211664156
87603,0.6460981876359801,0.5422779929143298,0.38054422524704024
87604,0.6208714713819117,0.5203385383699682,0.3836641709061742
87605,0.5753687882263157,0.44951145492390465,0.41178625182443396
87606,0.6280539279818584,0.5472265812727812,0.2764259251147471
87607,0.6160447989161535,0.4496797817400103,0.3999934869104306
87608,0.6274183171659283,0.5585701446632062,0.29225783432234614
87609,0.6138901752277024,0.48615433936823726,0.3527805586000109
87610,0.6349391982328197,0.5553640964084103,0.33423595561405506
87611,0.6196323339121559,0.4755367197527448,0.3947888540521405
87612,0.631406405705493,0.5710832631251759,0.2809344097363017
87613,0.6204484407982308,0.49630146215399007,0.3656430148229739
87614,0.634509823323299,0.4917539564419209,0.39618113256983156
87615,0.6229940562248715,0.5393082760594335,0.19895453082721004
87616,0.5901782120845195,0.31404047932453294,0.24896524218942154
87617,0.6650795948498791,0.5179155054821669,0.4250682733684634
87618,0.6173227274067589,0.4663983889274028,0.40677093626220245
87619,0.5835832400573461,0.5619386750529932,0.26010231904857656
87620,0.6192238046446804,0.5050511904461537,0.3438623366416922
87621,0.6181377013775052,0.5292464512374794,0.38418597855182485
87622,0.5846068063983852,0.5780710951050507,0.28020444759688795
87623,0.6257286872449275,0.34312450644407677,0.2385921077273803
87624,0.6506221904425626,0.4893966934068993,0.3306176673452515
87625,0.6114621564121653,0.5381343202868146,0.3819016399770261
87626,0.5850324200290151,0.5736430959315402,0.21545634906753144
87627,0.6196223189406513,0.3671510278535713,0.25975213486198623
87628,0.6184671078384347,0.48873480046088913,0.47991164775994843
87629,0.5839199424929914,0.5516728708601334,0.3107859475647957
87630,0.6526538248429463,0.35629680179436174,0.2946229379962323
87631,0.6320871518681127,0.5257163326051074,0.3144965581177651
87632,0.6103992552509189,0.5918900528499702,0.4837977348711525
87633,0.5878177150225641,0.5625342824390663,0.2238916788368832
87634,0.6190922958333422,0.4840529014636571,0.2551996010149604
87635,0.6123409361742156,0.5770246221416881,0.50894862003788
87636,0.6321380424246712,0.48154408928537706,0.41940296701480095
87637,0.6209385399693619,0.5212297147180635,0.3740721509043984
87638,0.5823392537099842,0.5534609994764841,0.28185038108333804
87639,0.6154531905315843,0.4915729088492713,0.4288510872820587
87640,0.59438762696267,0.5202128089650464,0.25872699712467545
87641,0.6251883772664351,0.459597380460338,0.3648279069022289
87642,0.6177414529121913,0.512193631431753,0.3441995123936794
87643,0.6253801571732521,0.5809307944330804,0.5689827612004945
87644,0.5675270655383786,0.551915046941148,0.27356481015530637
87645,0.6036914901736349,0.4934829850180581,0.4697790785029412
87646,0.6337967664155091,0.519830601200617,0.588237914543195
87647,0.6004697961955282,0.5927474331890311,0.2851643558464848
87648,0.6177647909679594,0.5383658384199141,0.46612373795369944
87649,0.6296942081111475,0.49008382162313424,0.33256341483009877
87650,0.623160776044621,0.6015228436976225,0.6168852675164508
87651,0.6035142568996363,0.5326683057473194,0.2801616943562541
87652,0.6116928632896713,0.5319774644395526,0.48489671311374927
87653,0.6209374070540333,0.6005925079860583,0.5807927467638783
87654,0.5959288902922437,0.5537414754090392,0.2605339031238934
87655,0.6114655098415378,0.5353619473707352,0.3310915858690359
87656,0.6298553086708675,0.5851185428322964,0.6024491244727803
87657,0.5899722480777889,0.6059072484261122,0.29307088894682054
87658,0.635429025504272,0.5501630178258003,0.5115184174929621
87659,0.5956505556543255,0.5507395096665804,0.328405147666139
87660,0.6105311265951621,0.5440151009025962,0.48727015460695633
87661,0.61818002709418,0.5304802290403321,0.3413741133520263
87662,0.6230422731012546,0.5614451089230887,0.6221893289229543
87663,0.586317825760789,0.5293321273865267,0.23649818703234066
87664,0.6106426507801047,0.5351742643459965,0.4804288418263244
87665,0.6120656830659909,0.5381137607614814,0.6369614351753412
87666,0.5711368963080468,0.5466757372679519,0.23442515630316496
87667,0.6140745232099641,0.5330587648262638,0.4901395643219646
87668,0.6164164404605315,0.526843909114057,0.3324955926798281
87669,0.6121008487577891,0.4504445754541176,0.6007669086919936
87670,0.6001190002931956,0.5621010196660755,0.26924245781397194
87671,0.5945191810906213,0.5389877812514808,0.48952874670547347
87672,0.6076716936225129,0.4428409891285621,0.614329986781504
87673,0.6434263201251258,0.49730485637948885,0.2985538596342334
87674,0.6553117348369529,0.5130220290285801,0.2956943192609702
87675,0.6010517974581113,0.436958661391309,0.5978044500118347
87676,0.6123151510213378,0.5535245345982495,0.23849701180329336
87677,0.5783739141102167,0.5519630420872436,0.4743316841730876
87678,0.5927649749958931,0.43789845173408826,0.5993858768300067
87679,0.6114019759499126,0.5547937242925622,0.2668113832835591
87680,0.5755524111427672,0.549947589756005,0.4629925202895246
87681,0.6184388755884472,0.4833884643623383,0.4015880277854417
87682,0.581328783870143,0.43978057657495556,0.6111766982948651
87683,0.5905756840983883,0.48638675139374254,0.2736437300566206
87684,0.5702126186664019,0.5312410346190904,0.4788641286707994
87685,0.5815246422721428,0.44334033117862715,0.5908895565566179
87686,0.5626687620766473,0.49006027099628957,0.2749575804992268
87687,0.5665158706327272,0.5249166083262201,0.45949983798393956
87688,0.5507545259988619,0.5504963021712512,0.3656710342897773
87689,0.5800698883570572,0.46021065941166395,0.6153393635687376
87690,0.6087075407657137,0.5515441503536997,0.2054963116208153
87691,0.5629161907844028,0.5098884892000843,0.4593458323138675
87692,0.5719433054389093,0.4805275960980857,0.6069887850816653
87693,0.5908791694566005,0.5920788016695004,0.31738001559018003
87694,0.5446583992491558,0.5543837027221219,0.5063656747268431
87695,0.5218899279915902,0.6012396173268958,0.36600537514094655
87696,0.5736050203262145,0.5131362065931809,0.6027142785343879
87697,0.6024712950481724,0.5481034897228609,0.24341225663411578
87698,0.5688944490233263,0.524668690705522,0.5974513506515269
87699,0.5967473536422021,0.5362687324554545,0.3454005639652825
87700,0.5221391240472583,0.6059150184139471,0.5289834682779921
87701,0.49948036431010945,0.6317901780795689,0.33838733198332904
87702,0.5586756887096369,0.6357388446407134,0.6051334502309544
87703,0.5428946313490547,0.5200887298230272,0.24921668437233338
87704,0.5214250248573661,0.6290665566800822,0.5335385412835748
87705,0.5403449374272313,0.6512013954760628,0.6405137560203407
87706,0.5551515516554203,0.5977485549165614,0.34714472507512106
87707,0.516043223880618,0.6570466954394301,0.5418520928395458
87708,0.5281121255590573,0.7069828257526465,0.6493385022996749
87709,0.48542528079426805,0.6552202669715389,0.39329745962805496
87710,0.5229714089642249,0.5682520308322228,0.5413120674706056
87711,0.5402024166788996,0.6527142739923848,0.6469722600180833
87712,0.5176446223558312,0.6617251907694247,0.38592267005712355
87713,0.5159798712554454,0.5490051521164855,0.5326415127564792
87714,0.496731911723045,0.6803789374934434,0.30829018284746934
87715,0.5328393733755817,0.6470861211226702,0.6778356182042442
87716,0.5171851118985711,0.6084489283405436,0.32610137882477974
87717,0.4889952782609843,0.6528026318186494,0.7310302210397941
87718,0.5032430933325188,0.6035356143516436,0.3239326712492183
87719,0.5120002116059251,0.6818566104011679,0.5225131683889175
87720,0.5137886317435755,0.6563768949836765,0.29932489562072634
87721,0.5065071130273002,0.6725234797923181,0.6882944503238007
87722,0.5306369406602658,0.6510743252325323,0.3423242022656696
87723,0.5982374091989252,0.9275949214139003,0.6767464079060457
87724,0.48731090506710806,0.6785748563356968,0.6876417218040088
87725,0.5295514718256746,0.6301636377058032,0.3380838032508868
87726,0.4834896722971322,0.6463205366575885,0.5776144469317214
87727,0.5588479371561897,0.6785667425430904,0.38967911221079915
87728,0.46475669075647785,0.6693692085361034,0.6848182450870535
87729,0.5434406512208031,0.6721536146191839,0.36008953284315826
87730,0.5043162813649485,0.6679132640899349,0.5841628227777512
87731,0.4554312568376574,0.6254688460296417,0.6673785774378127
87732,0.5407003556241042,0.6570251732607368,0.3761696141692382
87733,0.5667657011209791,0.6808800673283198,0.5431681459018589
87734,0.4873861759615369,0.7043788484136269,0.2981590754022103
87735,0.43818071766271843,0.6295790320724168,0.6397475976687127
87736,0.5307964098219126,0.6412752703974031,0.28098436535721794
87737,0.43076991064914893,0.6595638276931794,0.5583417856471582
87738,0.4232885909855304,0.6254931186465066,0.61645003630532
87739,0.5280649056481633,0.6013959797369547,0.3502964588024439
87740,0.4104207574173971,0.71203703093689,0.36115583579078253
87741,0.494125254818502,0.6471892625541075,0.29416835256655105
87742,0.3969637625618041,0.6747558729343462,0.5563612926715101
87743,0.5279778977509305,0.5743109023196193,0.3641183705189513
87744,0.3940400706317195,0.6561030888636876,0.37242011773381123
87745,0.37585347149571857,0.6932496129177285,0.6195309946846497
87746,0.5396312914034705,0.6071048579670074,0.37813787186505177
87747,0.38963212367139377,0.6238972456583548,0.399759419585364
87748,0.5318404592720919,0.6816010259340664,0.42850588001523526
87749,0.29719663302435895,0.6910805486146028,0.4811424763523643
87750,0.5639983515062346,0.6401574235634859,0.34785429525751427
87751,0.361189763207073,0.6340395551773073,0.39471477484060086
87752,0.28602350483789823,0.6507078293461583,0.48404568518293756
87753,0.5391873698611312,0.5962416586032628,0.39101710089911396
87754,0.33558453994173565,0.635922230105809,0.406626445043162
87755,0.2697989791011081,0.6566736672623986,0.46299022194966616
87756,0.5309855160485543,0.6160355994713433,0.4233664372010912
87757,0.6581007911093926,0.634857535489559,0.5958517061100655
87758,0.5965781414087297,0.6457394378328709,0.5770917436095082
87759,0.5659940498323967,0.7088533299922385,0.39513114614524636
87760,0.3146952353396374,0.5213864553133708,0.30600313823098063
87761,0.5042023100828963,0.6119634382362915,0.40432352540458133
87762,0.24459725495918744,0.7091051326068539,0.3527445118432608
87763,0.5214501755776598,0.6279842592595337,0.3653116144948588
87764,0.3310565719315033,0.6474980679998307,0.3629572864015038
87765,0.24375919217404524,0.6896543776616425,0.3712229953093925
87766,0.5206478449419801,0.6383182743190509,0.38039454586376054
87767,0.33590687701101507,0.6577616030811989,0.3712056141142132
87768,0.4928317374129758,0.6572718875647348,0.4207317285445665
87769,0.22557687545798635,0.6523079655134763,0.36088687932867386
87770,0.5019075221099968,0.6075098599877845,0.4044016774095466
87771,0.23026685036020153,0.6475613968387331,0.3415252798963908
87772,0.50666273027683,0.6165563949391474,0.3742647213653301
87773,0.4965769289060993,0.6670051381666069,0.4086064563814133
87774,0.22556747226075938,0.6809455277568053,0.3892282658082773
87775,0.527238783790584,0.667674113490909,0.4597583505193386
87776,0.23563904421496346,0.6356781287180739,0.3338654792834574
87777,0.506140139094076,0.6163545127773474,0.378767557837807
87778,0.26448490380270084,0.6570502710090532,0.4319018799507466
87779,0.49684982555044055,0.6664014169879274,0.415512198726091
87780,0.22546233771826985,0.637794865934984,0.3420205256620968
87781,0.5059057615709054,0.6023311974762735,0.36786616854882115
87782,0.33095814424775877,0.6829588484984608,0.3412912970691131
87783,0.5070364110687992,0.6151807632875912,0.37691649012543627
87784,0.3342458645312134,0.678118008555384,0.3553110138845753
87785,0.49452195644994745,0.6513817554591697,0.43489409875216034
87786,0.5043448761478412,0.610870276584965,0.37717676021484475
87787,0.26677169339338075,0.6563911972621691,0.42789305135136807
87788,0.5074728553699701,0.618369002455226,0.3626951320114026
87789,0.3280977143096204,0.6897255452493342,0.33427760034932064
87790,0.4989701898793564,0.6524361359322756,0.4198318608917633
87791,0.22578712188465883,0.6350609303923533,0.3721205308232217
87792,0.5095556975432043,0.617787353542874,0.34290653145262884
87793,0.3326521698802343,0.6894841942997709,0.33687112900841876
87794,0.22472077666081358,0.6331064690275714,0.3607333045973253
87795,0.5055638024081356,0.621757404760803,0.3635952109086781
87796,0.33533316868863683,0.6780542671507558,0.36647423647206456
87797,0.49868664383092665,0.6529350654166148,0.41644975239274923
87798,0.22704354764232829,0.6378201699661632,0.36131327207108443
87799,0.5316089366955492,0.6685928973621522,0.3503398822161661
87800,0.33084356119142916,0.6941459119569183,0.33379857393419643
87801,0.23215009551085164,0.6339262371246348,0.38106723276129345
87802,0.5365234327575766,0.6722481609313348,0.32475052957299244
87803,0.33558535564077224,0.6655362666610316,0.346473221146633
87804,0.4987896938092118,0.6612061143254779,0.428046364139571
87805,0.22843109702012426,0.6272711394025766,0.370148090486857
87806,0.5324158896257695,0.6626589645287033,0.32190209643408174
87807,0.3324148920938227,0.6904940864354504,0.3329177774323508
87808,0.2280068655461951,0.6297450897770308,0.3694308732545672
87809,0.527618174475809,0.6629001779563579,0.3200793692801123
87810,0.3268095669227516,0.6819140257980012,0.32450950807989826
87811,0.5012036191580616,0.6578692139746651,0.4223086600803682
87812,0.21682725708405512,0.6344972968500258,0.3562880026693189
87813,0.5374759426492091,0.6659687730635252,0.3008447848116779
87814,0.3289120538477828,0.6797642145620773,0.3504794218647763
87815,0.22423815473085093,0.6214136687502997,0.3464913290227969
87816,0.5175016937579813,0.6257532413365914,0.32121054540517413
87817,0.32587618064186497,0.6833826222597593,0.3332608046562202
87818,0.5010240747367929,0.6597272724815304,0.4037493291298049
87819,0.22986625150002593,0.6318337725245898,0.37144772562878436
87820,0.507217586888141,0.6085595647159987,0.3314504606532159
87821,0.32623182542180373,0.6745262113470125,0.3405924327565751
87822,0.2229242221911042,0.6350405083889288,0.3498103261232722
87823,0.5277102125171007,0.6369475934562039,0.373204240315362
87824,0.32436550602616215,0.6694073021047809,0.3454803805766893
87825,0.49931060827727936,0.6525379709055813,0.433391187279446
87826,0.22291298367104498,0.6334018660872077,0.3533468965804184
87827,0.532282069667161,0.6500629891168126,0.32895298063077466
87828,0.32760804564631424,0.6632820075355387,0.34978905802980287
87829,0.22829836466023123,0.6342299542597404,0.35555289725511635
87830,0.5417666102147232,0.6864480543630292,0.4263562224661842
87831,0.499402691635184,0.6455031064329709,0.4226723892625212
87832,0.22544387119841447,0.6405133302628989,0.35205850809419525
87833,0.5435485047600811,0.6922415773278149,0.3916106640671091
87834,0.3311197659485299,0.6739775676927205,0.3479402971070695
87835,0.22581134361438324,0.6371926574972988,0.35604762335942053
87836,0.5479859981521755,0.678133342248191,0.4354076087149397
87837,0.3305246681847486,0.657397445067271,0.3599113101067839
87838,0.5109039121007929,0.6324058636642952,0.3972263026204488
87839,0.22235028728566034,0.6425974747874745,0.34751246790224743
87840,0.5278343800371097,0.6397760065500308,0.3588120530214838
87841,0.33430597701854636,0.6582603262826754,0.3531406966261351
87842,0.22874903837792873,0.6354481920869232,0.3570763416905365
87843,0.5476219697988055,0.6794542401801309,0.44304950424640255
87844,0.3395281275671949,0.6589752339244441,0.35826301173846664
87845,0.4956966536958153,0.6491902750849448,0.41039775035790726
87846,0.22770875020664028,0.6376949562683983,0.3666666632867551
87847,0.5449192869910146,0.6784750841910198,0.39263789523714016
87848,0.33310510942858895,0.6609647633759147,0.33331819555444964
87849,0.2199735895345066,0.6305116368954726,0.34920135900835825
87850,0.5043214927754599,0.5867666053847554,0.34378095259630104
87851,0.33831339309361624,0.6616794647348208,0.3472034679379731
87852,0.505589134394882,0.6470857773178988,0.39739134370175283
87853,0.22595708184224803,0.6384569651638567,0.3556429296492027
87854,0.5178180490343258,0.6235576353051091,0.4404040305715704
87855,0.33702535899828007,0.6589662950003864,0.35073817099398436
87856,0.22666807684413998,0.633706683397582,0.376151599240642
87857,0.5226423197195874,0.6466901267869054,0.33899739756949887
87858,0.3393734166499281,0.659647234730735,0.35903132478371186
87859,0.5013687982129643,0.6545404274164588,0.3986108749397911
87860,0.22648454456091474,0.6376641513608757,0.3584966903737043
87861,0.5231189145400021,0.6428245922194994,0.3516351488224067
87862,0.3402043420685005,0.6686474247989054,0.3762797654868646
87863,0.24367730505409757,0.603103795558693,0.3705307640732842
87864,0.5031498770592858,0.6035555550283882,0.33425299881807874
87865,0.34196394084019244,0.6716746258115892,0.3656541685311104
87866,0.49890248685932226,0.6579573655180668,0.402811910659609
87867,0.22526695514070796,0.6238129447283934,0.3661417292229147
87868,0.5288344270559282,0.636826849220468,0.40268970150750477
87869,0.33941544780861727,0.6784796911749574,0.373974429211521
87870,0.22531358593563117,0.6405279763461629,0.36469936041595624
87871,0.5081260037151863,0.6149917394242439,0.3480190321467782
87872,0.3382026846077102,0.6694498651354873,0.3379067170097733
87873,0.5089489534098456,0.6439324687150443,0.40831141545186733
87874,0.22652079785142837,0.6301791089205189,0.3599880594484532
87875,0.5275146713313927,0.645955278468392,0.38811284429595816
87876,0.3342353510769645,0.6713451233186243,0.3581756917234044
87877,0.222758114145632,0.6385943495505313,0.36354731756192243
87878,0.5324438499760781,0.646552054790688,0.3771107082932518
87879,0.3368933970208105,0.6653525373911647,0.35380846575235325
87880,0.5011515956861745,0.6547961494054688,0.3826206485624408
87881,0.2288598828136742,0.6348186855503843,0.35923730504374396
87882,0.5474130148956077,0.6957670889762493,0.3350810855992007
87883,0.3369371955274123,0.6557900202387984,0.3550323655260783
87884,0.2279490188895193,0.6376936498102668,0.37754255114304724
87885,0.5115625890728124,0.6009564597171233,0.3324326460519777
87886,0.33423770754084786,0.6613843427190016,0.34750247181381905
87887,0.5174802589999651,0.6298777296578592,0.37882597960906117
87888,0.2295188543436791,0.6373673103211992,0.37470841925491
87889,0.5410429492194582,0.6857085990605783,0.29970284155586385
87890,0.33164129219087496,0.6664738910337507,0.35856205786320705
87891,0.2215639080978066,0.6235887152564489,0.3560807380428953
87892,0.5564719418125398,0.7064990236782513,0.32897153634521986
87893,0.33405560273093665,0.6614335755622742,0.354241449322299
87894,0.5064710863198523,0.639906721124139,0.398278393039978
87895,0.21976724033656433,0.6390692127008686,0.3443300995015543
87896,0.5255675070979058,0.6556402588803515,0.3665924488787532
87897,0.3304547219923639,0.6602540501523576,0.3636600038132162
87898,0.22596374338437988,0.6284756250389008,0.35190898080693567
87899,0.5066204498767685,0.6106409588024028,0.3466233737175306
87900,0.5101810214879513,0.622313130793387,0.39460738660067185
87901,0.22734048474994148,0.6287188325342301,0.36253564243483016
87902,0.5093269845966765,0.6166070717624601,0.3258877346152932
87903,0.32722872293600874,0.6562560819869863,0.35247818326238733
87904,0.22911966029851094,0.6344316988996317,0.3584979662903169
87905,0.506021772100549,0.5963689351296565,0.3345079920205696
87906,0.32985667864872853,0.6586600337099718,0.35444745493166785
87907,0.5133893017485678,0.628697104072674,0.3739129148211927
87908,0.22973206900851237,0.6341657315284321,0.364141784856259
87909,0.5386159273694101,0.6763307050704847,0.4116365808909332
87910,0.32615553490357907,0.6668747673972703,0.36562547308199567
87911,0.22229427595181678,0.642278905286242,0.3431710433310407
87912,0.5420905333654624,0.6758757138359378,0.39902411982624686
87913,0.32990915528674697,0.6502534569602001,0.3559116495175024
87914,0.5022536504011758,0.6413621154826732,0.39358626462077917
87915,0.2287942190412314,0.6349934758961934,0.3580619745990859
87916,0.5068238761531632,0.6112291400054124,0.3317999435081582
87917,0.3312739330664391,0.647258711117942,0.3511937154735697
87918,0.2271963099452301,0.6283852731449618,0.3618229204849105
87919,0.5229419531656825,0.6434406903699513,0.3938657579571652
87920,0.3321709980818922,0.6549914305156569,0.355816420509398
87921,0.5107512857477307,0.6335420696730081,0.38405656173832636
87922,0.23942660674137467,0.6097593746074313,0.36504203274911223
87923,0.3329756851814553,0.6552556101020448,0.35315978467665043
87924,0.2278021704046325,0.6383003964709351,0.363297381552098
87925,0.5439530008489869,0.6667025899677242,0.4365961208146682
87926,0.3344013231725972,0.6585288378091836,0.3587763611554471
87927,0.5090386803038668,0.6376281893817812,0.3926095293294022
87928,0.22941435423377352,0.6341085224144615,0.3641492798101355
87929,0.5455467861331923,0.6814338680541837,0.3324352147847606
87930,0.33426992765279184,0.6609219253013912,0.34874536669049166
87931,0.22365445409527498,0.6257126723735593,0.3510376903063427
87932,0.5261343272950864,0.6494732264118543,0.3499148583379359
87933,0.33691188619897244,0.6516942739964243,0.38097350781383166
87934,0.5090896161770385,0.637261831017316,0.3984638572368622
87935,0.23251827033432404,0.632635800295446,0.3829106618735465
87936,0.514827605733083,0.5942568736576384,0.34285386398079964
87937,0.33608843802156857,0.6649383214025126,0.3538347699140417
87938,0.22923585209460712,0.6375226413169438,0.37488531537599845
87939,0.5253467245586777,0.650568794696581,0.38366036850567314
87940,0.3395239131221728,0.6691225629930597,0.3619674286035088
87941,0.49493882397424105,0.6604021612479016,0.39405709475037887
87942,0.24665852642456604,0.596262905738139,0.3597328254272639
87943,0.5271423047212046,0.6351404868164686,0.3874597439858952
87944,0.338403935686674,0.6717640838131225,0.35715135037775414
87945,0.22715878778954848,0.6299702819023355,0.3600238273624999
87946,0.52575838067246,0.6491745975873663,0.31776788579062537
87947,0.3403961672919308,0.6655437616050492,0.340488238533067
87948,0.5054448462986378,0.6399691560706358,0.38025471892266804
87949,0.2264175666066908,0.6415720426761252,0.36878176124014095
87950,0.5414357536221733,0.6754890709899566,0.41910257737521683
87951,0.33805005825464784,0.6752239287502085,0.3709716819856088
87952,0.2395399209325364,0.6094878375989341,0.3428925639681216
87953,0.3349684605860697,0.667091983251877,0.3622377961786923
87954,0.5059609118890993,0.6399710813773559,0.392865346385335
87955,0.22512713073085822,0.633404272720608,0.36308535125037966
87956,0.54937150828238,0.6887228730138554,0.4213432221433689
87957,0.33359065428009926,0.6695541755031476,0.34704643724705797
87958,0.22209687678497006,0.6391940138329075,0.35986012134626066
87959,0.5247920945304324,0.6442645841242722,0.32771022517545373
87960,0.33866126607440106,0.6690865322530112,0.35545929905433793
87961,0.508886869649841,0.6371987772222307,0.39877849320365694
87962,0.22530923554076945,0.6350159607282467,0.36700647114486695
87963,0.5148485420083545,0.6184874775794702,0.3617142056296956
87964,0.33410434074837086,0.6576618309365221,0.3498891625603276
87965,0.22673883873556125,0.6383628314174318,0.35925131477714567
87966,0.33693202943351414,0.6551128623609356,0.3595220794919371
87967,0.496613544729518,0.6535567332043644,0.40416257401626066
87968,0.2264143038105446,0.6336092491253509,0.3433321172411553
87969,0.3340883666422383,0.6623445206847283,0.3510864793296608
87970,0.227545655715942,0.6292128799908145,0.36309340388966305
87971,0.5431654434291915,0.6928276957021957,0.401369195411716
87972,0.33535038900163083,0.6599522583239722,0.3649463052040532
87973,0.497488336629612,0.6551409168302865,0.3880755723212688
87974,0.21998131601704732,0.6331450439229289,0.3608119466894662
87975,0.5101536049370003,0.6191923461219124,0.3708189099832549
87976,0.32835919116745,0.660896002421623,0.35593742979289966
87977,0.2271846635756526,0.628758920170582,0.3604835629324153
87978,0.5098005432040107,0.6174498747792112,0.3739271442488456
87979,0.3281665502449832,0.6537883200984181,0.3616163064914615
87980,0.5065860092507805,0.6404213281060568,0.3988242318567953
87981,0.24347170358027215,0.6098515142861819,0.3605904948842842
87982,0.530621397061958,0.6456985250650674,0.4064152766188906
87983,0.3325059105113184,0.6541209855952805,0.3533145592766016
87984,0.22391828741698788,0.6251567400581125,0.3567387223251574
87985,0.5372096622303864,0.6829811270476512,0.41882187572044927
87986,0.33054535521864803,0.6574008831149857,0.3616612170662685
87987,0.49873214171052127,0.6494385708908913,0.40744841418436667
87988,0.22467645701316072,0.6489781475409553,0.3474307078416956
87989,0.33234347311151086,0.6629617877714031,0.3561996179821164
87990,0.22546149936092671,0.6293277107844814,0.34985686750540523
87991,0.5134227907256799,0.6175772200665591,0.3376945895355978
87992,0.3258468834514687,0.6639661102697849,0.36350980054364523
87993,0.5109388058929124,0.631472708753605,0.3876233317052299
87994,0.22804633631624183,0.6356051733455707,0.35348900496181157
87995,0.5141227058156586,0.6088216814737579,0.38149660827565257
87996,0.33423630272584043,0.6610021005740951,0.3525500486318574
87997,0.23069339298140093,0.6337856897340631,0.36928014609870496
87998,0.514927483548448,0.6113020953779157,0.3459256754744796
87999,0.32974347774909973,0.6693815855078759,0.35247777767300054
88000,0.5149256255673091,0.6334321209070961,0.3862596979379802
88001,0.22532113115171928,0.6389559634091504,0.35223298757852084
88002,0.5275828275175584,0.6448750438764723,0.351078223895684
88003,0.33691489975374644,0.6541953849478239,0.3604371820960812
88004,0.2467226720904686,0.6079706959034462,0.3797172284873953
88005,0.5085983840905788,0.6178255158725058,0.33291263996678494
88006,0.33734907822426025,0.6633570257366708,0.3619108573338318
88007,0.5047689490136243,0.6366543279861505,0.40202381668197934
88008,0.2237757440103496,0.6421733572214043,0.3544165202911469
88009,0.5206785696056905,0.6460640582980811,0.35845569204652394
88010,0.33264938290852614,0.6644968760759611,0.3592461012635698
88011,0.23131278044982626,0.6327095120384465,0.37548453989585073
88012,0.5145363105438059,0.6216595579228462,0.3637261824814925
88013,0.33625635873156634,0.6662482863427203,0.35803826451951704
88014,0.5043964464535968,0.636773559480892,0.40337110857685343
88015,0.23017576396778602,0.6342644722587948,0.37083661227003206
88016,0.3324000055864055,0.664472328415279,0.3648716683071067
88017,0.22604619696199182,0.6407304773565514,0.3673173216107185
88018,0.5094525569316931,0.6140670421109317,0.3499447452058743
88019,0.3380773161974528,0.6717411864153434,0.3785614001324182
88020,0.5102316401448309,0.6229266847885302,0.394008905661362
88021,0.22614152045773608,0.6451297344511681,0.35981265048844957
88022,0.5313291066093971,0.6598992436282135,0.3553673485604433
88023,0.34003161779750957,0.6795123431865072,0.3735025175102233
88024,0.22926505865177713,0.6335248794344354,0.364665890841768
88025,0.5280084864648015,0.6569280827932772,0.37654497024714556
88026,0.3430925284321883,0.6607125481955735,0.350970844105534
88027,0.5106434775250657,0.6390888095728415,0.4027503117714918
88028,0.22515871641021823,0.6334020036091164,0.3632516259994018
88029,0.5222526874797921,0.641382124920372,0.40781521908603613
88030,0.3311653771196573,0.6465899420765027,0.3548324015086167
88031,0.22749435730986525,0.6408904840971879,0.3755653366816089
88032,0.5245235482809526,0.6529952312516198,0.33748111009679965
88033,0.33416252727964524,0.6688251031047947,0.36082349753721055
88034,0.5168516269424589,0.6274814104008,0.39251307510335853
88035,0.22587866144320573,0.6276614953400894,0.35185229124035416
88036,0.5288575385286306,0.6562125563029197,0.36502764277566047
88037,0.33814069148093195,0.6576990306127936,0.36534292937542984
88038,0.22646949944535158,0.6367654456882856,0.35621919611980746
88039,0.5112448742980736,0.6108340395620533,0.3398956217403077
88040,0.3393324730899543,0.6690656289229063,0.3602766869958207
88041,0.5045953863852903,0.637238933619537,0.3960015663186135
88042,0.23030351150023343,0.6351659283695564,0.36760447044678
88043,0.33454939520603877,0.6775820169166816,0.35948103891586225
88044,0.2251680969491386,0.6346673426899887,0.36487403424519627
88045,0.5434197602621447,0.6839065807314606,0.3887123223091772
88046,0.3344707029073177,0.6595627275179108,0.35103296687994245
88047,0.5011771089393735,0.6550133652600758,0.38649458489159927
88048,0.22633468252125402,0.6305317150941258,0.3565405158617052
88049,0.5292831521592606,0.6561976351758385,0.36248082026938366
88050,0.33164518941960525,0.6653626452514456,0.3493609161831619
88051,0.22598841828023572,0.6287504625732041,0.3502016860823996
88052,0.5438787269200471,0.6720290197700077,0.43574825310116183
88053,0.33211695802072033,0.6639841944007636,0.35785023158984985
88054,0.5073859381059637,0.6413477444432263,0.40465269499106904
88055,0.2250667916604596,0.6326395133869779,0.36305105359786005
88056,0.5232815558645689,0.6584190953261344,0.2941309855318492
88057,0.2455409054529506,0.5963111759280516,0.3586483977039179
88058,0.507539516107902,0.6023307161495933,0.3105384788904075
88059,0.332891509572544,0.6624550195382748,0.3621919983771017
88060,0.5037660017315648,0.661438251307166,0.37469768803571807
88061,0.2223537313482591,0.6341426966087444,0.34458933449304857
88062,0.5519715489614043,0.706002157022541,0.3660009390070286
88063,0.32777535458203455,0.6631200067272279,0.355142263350338
88064,0.22477155392583925,0.63474923698655,0.3607276685948048
88065,0.5278340628208178,0.6483784144976249,0.40173404841446153
88066,0.3254583161520823,0.6597330484016909,0.36002429210033887
88067,0.5067288925320174,0.6406855076924447,0.39378517241587935
88068,0.22827983016545614,0.6356676770530216,0.35405061106603997
88069,0.5124502962076518,0.6106842782036064,0.36341347306428495
88070,0.32990423843422106,0.6596424214639347,0.358584204733681
88071,0.22348254552332064,0.6309272281032104,0.3394487340591964
88072,0.5227737378976993,0.6156785238357075,0.3626902649387612
88073,0.325862766924375,0.6587926735908002,0.3574123724974839
88074,0.5112407958028908,0.6511979574283483,0.3959303684816758
88075,0.24128481446326383,0.6107892074198553,0.3447232719382539
88076,0.5328726810862412,0.643122877239216,0.40826382629715174
88077,0.33030408957027985,0.6679429000612346,0.36225195800811405
88078,0.22512615642367567,0.6366904274871535,0.3371664065317737
88079,0.5242806512345114,0.6528278670888743,0.3386474415269386
88080,0.3266970457723199,0.6689239813570659,0.3533227555621261
88081,0.519182079089901,0.6145130944214207,0.39119962457294394
88082,0.22686425246243183,0.6343219564165824,0.3459343702969587
88083,0.5336782745180672,0.6555169704893068,0.38066327418183915
88084,0.3316027504113977,0.6652379128803607,0.34478455818455217
88085,0.5287952735021735,0.6530572536323909,0.33036622304989494
88086,0.2721052548354391,0.6372042093376198,0.40859432249892547
88087,0.5014716669247967,0.6550128151724415,0.3903050549315056
88088,0.22720738985714328,0.6480594324306664,0.319868855713705
88089,0.5242988685129945,0.6533730726954518,0.32791772217079684
88090,0.33221688115269854,0.6639170837093751,0.34883320214206626
88091,0.5395120180776807,0.6480623891517011,0.38863457589359873
88092,0.33466515649431006,0.6700518672903095,0.35813787051308715
88093,0.49977687090989786,0.6623564850907749,0.3746550842505484
88094,0.22312368326384888,0.6313487327530175,0.32212592262713224
88095,0.5238875749321174,0.6515733922387801,0.3229268222446716
88096,0.3368787144381525,0.654130062041247,0.35756656406269155
88097,0.23055053235847064,0.6338157382710884,0.331492101163592
88098,0.5183506551885841,0.6177006459795124,0.36771008423314183
88099,0.3340634198467036,0.668509834129368,0.35377100788252835
88100,0.49700662103191207,0.6543340757926299,0.4040204233859731
88101,0.2241904136789058,0.6437712930381849,0.32082480454900947
88102,0.5539752230114794,0.6962929727546708,0.347688654241909
88103,0.3411937623415371,0.6668328919761067,0.3546324628404919
88104,0.22395098335336985,0.6342468006935418,0.31755538230128916
88105,0.33964468189619634,0.6660150491857636,0.3635981429819533
88106,0.5049398832783961,0.6376365094572505,0.3834541263024954
88107,0.2254892104698631,0.633861464305692,0.31956550442661946
88108,0.52470581169901,0.6432234745153446,0.33449712560491546
88109,0.32858264738685333,0.6513599582366592,0.3526622447959755
88110,0.22629256072933845,0.6418329904976615,0.3343316704844458
88111,0.5430555506423221,0.6899193823794819,0.37772816743595145
88112,0.509278314554162,0.6463669503017354,0.3959924067582954
88113,0.23305561207465572,0.631299087344019,0.34556401648815493
88114,0.5286603659448497,0.6519511649216577,0.3336020827758592
88115,0.33903555864064766,0.6595869313738214,0.36099684475116467
88116,0.23029816413988266,0.6357325186329186,0.3430400379591107
88117,0.547565052132699,0.6822248253113988,0.4141241281982878
88118,0.33888184468886984,0.6691878858996367,0.3610241628863201
88119,0.5089673972713944,0.6440023298446045,0.4166050931278861
88120,0.22818758819940554,0.6285408104235692,0.32666583250449455
88121,0.5254859371942501,0.6401164420347282,0.40613381448402286
88122,0.3375329503820841,0.6649229189487512,0.36555687777695645
88123,0.22821323740244392,0.6371099380692861,0.32874291490264856
88124,0.5215727570162091,0.615852007723385,0.3493962362589273
88125,0.3360250174214763,0.67524125651069,0.34692596874940534
88126,0.5095635373172779,0.6385645072963687,0.384563447074455
88127,0.22441058444385636,0.6388560537425648,0.3379848183160652
88128,0.3383094052316597,0.656686250517034,0.36175331120640436
88129,0.2260907431927104,0.6495081569766344,0.3199384396428745
88130,0.5207584174780467,0.6265957005485709,0.34988440533481185
88131,0.3362656486372605,0.6658296696529935,0.3476683494232333
88132,0.5146795563579479,0.6236212391878287,0.3835087710225851
88133,0.2220924810734953,0.6424622219903832,0.3346834897032515
88134,0.5176610722864018,0.6175556978878658,0.36246046475203464
88135,0.33442099058270086,0.6601985600622444,0.352308891942301
88136,0.2257936927935644,0.631601016694313,0.3273619168397773
88137,0.5348182592382682,0.6635814614914782,0.35124059484685843
88138,0.33378664863193863,0.6608515140841966,0.3458497204120261
88139,0.5004184635187627,0.6516704827062396,0.39933026376525593
88140,0.22580595093741934,0.6332731455807742,0.3286293625490184
88141,0.5380267207653373,0.6512674059921828,0.3633070311995918
88142,0.3280247998790749,0.6632260361187454,0.35454597090376094
88143,0.23198663848724832,0.6318231833376289,0.34200044053767226
88144,0.3295016909596804,0.6690254725256002,0.35181212099150516
88145,0.5071580408584724,0.6502978077757181,0.39927943834522506
88146,0.22033664358069402,0.6334297142736958,0.2901953658167845
88147,0.5162489613042829,0.6142721560375832,0.38126607295816245
88148,0.3288184976999511,0.6608864446489767,0.33711506990011986
88149,0.2330551362502178,0.6319509411907025,0.3457613441746024
88150,0.325421677670357,0.6597086382629175,0.35246353134578984
88151,0.5048053835705906,0.6463476284735793,0.38843802558680923
88152,0.2284904844416469,0.6365364717104949,0.3318299148738855
88153,0.5164314966220189,0.6154545694075801,0.3702225499384467
88154,0.3320359545747289,0.6632631670340629,0.34481434365514385
88155,0.22593838873932692,0.641222874550233,0.3262517003912552
88156,0.532233852790778,0.6421805083606508,0.4102883933194966
88157,0.3320515434896498,0.6550180410049677,0.3689200165223596
88158,0.5050717093060262,0.6456304517203189,0.4014122808342825
88159,0.2279238455109189,0.6393623406490132,0.34000563363658237
88160,0.5315567772738228,0.6466305110395346,0.3754508252780746
88161,0.3311109971838869,0.6572827517955129,0.3672924708109993
88162,0.22335318925110675,0.6400136444080624,0.3294097376536309
88163,0.5192811412062295,0.6203088177367437,0.3529596094147166
88164,0.32959846458704517,0.6598185182678752,0.3492662026115698
88165,0.5146816862387655,0.6162772254647237,0.3758730776288285
88166,0.22353141949059432,0.6467971188317829,0.3261675405934983
88167,0.5327678637600436,0.6368212108222161,0.40124610748260703
88168,0.33578597228715207,0.6563900283259462,0.35414987906845447
88169,0.22410372299796508,0.6357315559795584,0.3279699756034604
88170,0.528282742607537,0.6405052164702925,0.34112694041989927
88171,0.33449333855558205,0.6598070351885086,0.3513937048403679
88172,0.507336542997639,0.6322255036811886,0.37729886796960227
88173,0.22536952929455498,0.6352721640439368,0.3355938815556638
88174,0.5245247265128944,0.6428097398533724,0.33925281326093426
88175,0.33710423256345384,0.6645648118988011,0.36106374165064675
88176,0.2253719310750515,0.6353078509792142,0.33474352960716336
88177,0.5435859362825365,0.6772873762275425,0.4156464150139998
88178,0.3346792499609973,0.6612178724486618,0.356888182014186
88179,0.5089960826875133,0.636652058874659,0.38394265026909336
88180,0.22593700658262608,0.634933241300234,0.3395849529447023
88181,0.5463362015341265,0.6739101131965606,0.42459408867664394
88182,0.221990609327152,0.6500426358743423,0.33028356308789125
88183,0.508896748671506,0.6457628853182843,0.39174019072773314
88184,0.22513444936388066,0.6341038466695698,0.3340626337494376
88185,0.5209681880802811,0.6062828895194067,0.37150495598121486
88186,0.3299087247789221,0.6682675205264449,0.366102311004387
88187,0.2405708512232111,0.6159176056737792,0.32983703452238283
88188,0.5323954518332424,0.6447338088763576,0.40273010835016276
88189,0.33709408164211,0.6743488768458947,0.35767956295580433
88190,0.5112426084674165,0.6418414480950394,0.39879851072985034
88191,0.22020932655607148,0.6422218336941801,0.3174216307512195
88192,0.5241899273750011,0.6471906377731933,0.3383643190105187
88193,0.3337208942262695,0.6723988161821874,0.3701812389694474
88194,0.21687626700116824,0.6463700445446784,0.3305905942536839
88195,0.5285625726936891,0.6531152878778128,0.3179701988466187
88196,0.31963193654210437,0.5673893558996814,0.34315890522366344
88197,0.49935016968055235,0.6606273533732064,0.3860229858321205
88198,0.2387423711995431,0.6167236903409385,0.3168977613595194
88199,0.5331160312988139,0.6613752662730351,0.37425852767740286
88200,0.23340584151932398,0.6200191278363135,0.31641268067781964
88201,0.5230876913935473,0.6173910841632919,0.37457356078380555
88202,0.508793381476929,0.6369971013432938,0.39401338404417435
88203,0.5346197724727061,0.6528083389778556,0.3883197455818895
88204,0.5332750019777162,0.6534671376809226,0.335816093840946
88205,0.5073296548724413,0.6505599932944317,0.3966962310910425
88206,0.5251711679993655,0.6519798382395972,0.33068402345888454
88207,0.5305299028200242,0.6543208049284517,0.3250718915637847
88208,0.5036451423243149,0.6501915721013377,0.3982986218106436
88209,0.5336219006513184,0.6561459269382113,0.3069788658862248
88210,0.491568989987773,0.6494359579746285,0.32540041051729784
88211,0.6550648046119419,0.6447514116806562,0.6093223098193901
88212,0.514651505374413,0.6210929676594841,0.40486530832753087
88213,0.5332099273212442,0.634214758088842,0.3006557210089861
88214,0.27054862917401024,0.7028716770565112,0.36243666172489797
88215,0.5217206251248916,0.6351417932746002,0.39880094426617096
88216,0.490226077473922,0.6520248766646581,0.40488697356060804
88217,0.5286303663469496,0.6185686155055341,0.40091505359542656
88218,0.3115060333731535,0.6130550183856692,0.35552450599804175
88219,0.4844672875924453,0.6531042173641719,0.4176189651974901
88220,0.5220655751841288,0.6202854390122846,0.41758741372311015
88221,0.31855174709294426,0.6013495660928078,0.35884347774918035
88222,0.2657021080316959,0.6559767062296998,0.4387317179316442
88223,0.5070420303288288,0.64791352168566,0.4318213028592396
88224,0.5271970471898801,0.6307222516984675,0.3877151132035468
88225,0.3460464238849321,0.6687323445774555,0.3196016821549424
88226,0.4898137416109425,0.6604533193978944,0.4471425771413269
88227,0.5240184946274847,0.6245464865887753,0.38074372452666283
88228,0.33194192260245925,0.6388516530414902,0.3263586830417974
88229,0.23944532250260242,0.7527956366808182,0.4493798250983647
88230,0.48629273140303264,0.6648388243016528,0.4286995151483073
88231,0.5280091662139986,0.6330372955075542,0.36264490652567294
88232,0.3245450504474309,0.6634307374796713,0.3671145776160017
88233,0.5071238721321634,0.6990562004638295,0.4416876533824989
88234,0.5262071057757925,0.6094029178203842,0.3571905404522518
88235,0.3570872728776312,0.6323476231360101,0.44211683455194356
88236,0.25635512606332633,0.7558803906122439,0.47560261541612137
88237,0.5119224936143865,0.69768964525824,0.4196465910397936
88238,0.5214517163425068,0.6205187449301957,0.35916378351761113
88239,0.5591058793181942,0.7250826342288927,0.4122157878845921
88240,0.5185381300171528,0.6250883229085924,0.35679477815832206
88241,0.34495173311956656,0.6638591182249074,0.3806660541590944
88242,0.28029559822827793,0.7724248950633704,0.4531886474313872
88243,0.5550207679098924,0.7132756220065428,0.4296236336665284
88244,0.5092789943033591,0.6645072589800591,0.38213983924397055
88245,0.35293595389752885,0.6474844533308809,0.41212071942228656
88246,0.5551259930856082,0.6923335107237026,0.42214938174826805
88247,0.499719817293952,0.6555277659591305,0.35363896318779464
88248,0.36099528696177396,0.6356307524205671,0.4025828033547515
88249,0.2941706841567192,0.7623353251963596,0.4479674614562491
88250,0.4983541105236905,0.6686807738617367,0.37829808812260884
88251,0.5046171383595985,0.6708629715071323,0.24625984690758204
88252,0.3560344093461957,0.666643318025125,0.4059944438309905
88253,0.5170502043412472,0.6313693610393051,0.32871666988941234
88254,0.4953072933556989,0.6838420829563352,0.2972749116634765
88255,0.3314258116953846,0.6839292718463769,0.4014206883642793
88256,0.2993091575792012,0.9208743632633565,0.41513333598994384
88257,0.5082630864699409,0.5736792641934976,0.4315083906473386
88258,0.5141273734268123,0.7020836077593763,0.33764831432149983
88259,0.30207036679286503,0.6610038883589066,0.3853218823281763
88260,0.4965558113643751,0.5686848122785335,0.38738983896512785
88261,0.49345484084367874,0.6591275394381998,0.27664692881759234
88262,0.38229019790980007,0.6485314076209234,0.41798642918191303
88263,0.3851149183567826,0.7709250123674096,0.505214121959985
88264,0.48601194966800476,0.5457051763981273,0.3780684738310179
88265,0.500539776092144,0.6598848725887665,0.29626449555343903
88266,0.45970946233455756,0.5501365448583982,0.34065490197191817
88267,0.5014422111262544,0.6677166765216155,0.3179314735099601
88268,0.41645869763582866,0.6683859956506891,0.4207680625937989
88269,0.3493451107887672,0.71192006855364,0.4953599560178869
88270,0.45065846582492514,0.5508195474173757,0.3797439635878072
88271,0.5080625604567873,0.6754865955956021,0.31770446175026756
88272,0.42747176754467164,0.6056924392049055,0.4069571862885235
88273,0.5039169060533277,0.6873456598603508,0.32151542610223904
88274,0.3654528556134903,0.6881256153648793,0.46342173525808483
88275,0.4468945132539609,0.5877733345165373,0.355892181226937
88276,0.5006869191350161,0.6754903774480882,0.35037750908156884
88277,0.45841349783192153,0.5614171232146922,0.3354615453435584
88278,0.5029438677359421,0.6770682350662154,0.2979028274075541
88279,0.3590017864913493,0.6506119078149217,0.455756366240862
88280,0.4587230556162948,0.569309505548272,0.3402381208529964
88281,0.532910928307733,0.6249105758417489,0.25932630297364956
88282,0.46818049682919805,0.552691083071282,0.3433075157099134
88283,0.5275765285083316,0.6338610517399664,0.28622968706953655
88284,0.3532716820259916,0.6988007535186366,0.4110362832491617
88285,0.531200135528395,0.6175897345602401,0.289392215389393
88286,0.44177341875261894,0.6353603843482929,0.47066955000161725
88287,0.43960393121505725,0.6084463841852348,0.37051230975618565
88288,0.5167885915335781,0.6328874653881529,0.24859135426059653
88289,0.43906919517998116,0.6204286680800738,0.44735525807601983
88290,0.3730901097429305,0.6639529081665612,0.4531884615362516
88291,0.43562386371601863,0.6299133478321821,0.3675870047538118
88292,0.5287710291141424,0.5732877393197616,0.21106567496005707
88293,0.4395781007455663,0.6212416288426623,0.360355920572484
88294,0.5061609847361214,0.6506113577272874,0.3137443376764183
88295,0.3871607821736929,0.6926503612010779,0.4749500051932341
88296,0.4339677680887429,0.6261769463369357,0.3297039800790717
88297,0.5204431498004176,0.5966710707628133,0.20563553862760653
88298,0.40731489270248145,0.6330861845460554,0.3578418916580842
88299,0.5060793695158525,0.5863186277675462,0.26599452784291716
88300,0.4210652673115559,0.6336069800138592,0.39234445131580464
88301,0.3977304743395542,0.6753932182196742,0.48535371095530394
88302,0.44861368960673026,0.5124577766376638,0.32631742277147135
88303,0.5131453624200243,0.5689246504871023,0.3602589002112546
88304,0.42114316656954703,0.6192262452723781,0.4016667459255927
88305,0.43737657436251304,0.5050903498096225,0.3212494101631845
88306,0.5150117724488922,0.6656434649887721,0.3501473709036866
88307,0.4398071762249992,0.6644361601533216,0.3913212422405258
88308,0.38789631612160136,0.6913599931328435,0.5040632789745538
88309,0.43791747345697635,0.4931407961290265,0.26895929436893556
88310,0.4608532083336493,0.6662803977083744,0.3040252541245652
88311,0.4093035669536065,0.6732949089385144,0.4446500613639843
88312,0.445939918798124,0.4599499866339449,0.2676240576679834
88313,0.46141468117047907,0.6667419899945333,0.3439671857230643
88314,0.3947764202786644,0.6779400552056776,0.44439619620697535
88315,0.3873061125520394,0.6799280719161537,0.47924536579481514
88316,0.42436771549428165,0.5203203510975583,0.2984530917960657
88317,0.6334835833020845,0.6254048295811963,0.404701036176106
88318,0.41570417602701376,0.5980106029133664,0.41624362848647595
88319,0.4393133157749773,0.4938783261247571,0.29683392404047604
88320,0.6546176655900695,0.5685095406060444,0.5157484106050403
88321,0.3678757536517423,0.6459352690306931,0.3875288547274468
88322,0.3880306798795674,0.6328194608043586,0.47933807676880996
88323,0.63668896329946,0.5630163654896041,0.43284516256749306
88324,0.41754543533558774,0.6253575908055979,0.378240190237646
88325,0.43467910296523343,0.5062638586360386,0.33417934209548367
88326,0.619359935750559,0.6270728328103997,0.5893623097206967
88327,0.4303153397027212,0.5654645305061992,0.3921609812667388
88328,0.3926264642013668,0.6326536781435618,0.4586022010727636
88329,0.43210167527616705,0.5123479653936602,0.3228209211658275
88330,0.4001959246775466,0.6606706040134556,0.4087284627388241
88331,0.43208499876253076,0.5022319225592473,0.3218722771643745
88332,0.509006505508536,0.5637517638957519,0.3873703537750046
88333,0.4306230395059556,0.5901331417068678,0.40154540710071424
88334,0.4169663343362457,0.5992273279995547,0.450801618693723
88335,0.43443724820089435,0.5082562072866352,0.32650723437959506
88336,0.5272569104358408,0.5162207198612667,0.37839415365882356
88337,0.3936460426804495,0.6992980327400727,0.31877395448942325
88338,0.44778965231335555,0.533924980947951,0.3453784255445874
88339,0.5123008420175094,0.5238596836978053,0.33145575021480184
88340,0.43080122442883007,0.6012541258882512,0.41264181728651034
88341,0.4138552582108188,0.6126291817957419,0.4486103544334114
88342,0.43089607210013636,0.5178497700098642,0.3371025811269186
88343,0.525862382299621,0.5431501568585633,0.29000299075698965
88344,0.4231221430654597,0.6092820360627396,0.38493440081756003
88345,0.4378891052571494,0.512712570353791,0.35863484425857634
88346,0.4363866782650384,0.5784341529437099,0.41388819347208616
88347,0.41664250181873275,0.6063494501231608,0.4575428353936091
88348,0.43236201921866796,0.5034123418615697,0.3355207698438072
88349,0.5298463017107766,0.5522814053056132,0.27437688198756577
88350,0.4316372253080743,0.588062405568379,0.43498993614434495
88351,0.4348543876248668,0.5079406976478686,0.35000789040352864
88352,0.529534070246228,0.5450438335397515,0.286610739354639
88353,0.42994102447816795,0.5956173778992503,0.44045192391832605
88354,0.43008853005394526,0.5084955297880468,0.3380098254366939
88355,0.5283245698414671,0.538071679057455,0.3075981565184991
88356,0.42303558833435845,0.6310288567936534,0.3807981242031647
88357,0.4357010832248126,0.5085122386999397,0.35138361580437183
88358,0.5163732647741315,0.5450608174954616,0.29594219141230044
88359,0.43056843298711944,0.5083101502552769,0.3401624953319196
88360,0.5453709576742012,0.5245332316255676,0.2997028732425347
88361,0.4496414703927915,0.5730830379588359,0.43813274690515863
88362,0.4323108114458175,0.5138875231602472,0.3336425022931855
88363,0.5460480331911564,0.5481273497740001,0.26542013458267033
88364,0.4308756343076093,0.6395606472411899,0.3938687660784505
88365,0.42682106629656513,0.718539273057558,0.4349301962075838
88366,0.4415456574549671,0.4898756478340168,0.36840419132016405
88367,0.5365816646054642,0.5427686710841539,0.2947065717952532
88368,0.45343786965876554,0.5778987801535962,0.4264591407730797
88369,0.4521736267853291,0.4865639139924747,0.24304438917275079
88370,0.5414836985988775,0.5677589460289985,0.271243778174309
88371,0.450753177546392,0.5936757748329209,0.397009574241667
88372,0.4190156422157548,0.6294731402028079,0.45205936828168647
88373,0.4492805235691153,0.4900374767399418,0.25436731680617425
88374,0.5506152680466764,0.550348328597616,0.2871516804683665
88375,0.43879303573949363,0.5647136608853358,0.37385553237274216
88376,0.42933092691543673,0.5109816508514107,0.29432075700352317
88377,0.5231743367578748,0.5309633435051843,0.34145063454966545
88378,0.5272030289828149,0.5618215063868806,0.5394994040032957
88379,0.434179668571795,0.5055870789434245,0.27173214317944155
88380,0.530463468665158,0.5221601879515362,0.29469290216545185
88381,0.4777183297138153,0.5522230272554196,0.44186442275690396
88382,0.4344787129019193,0.4954390622652659,0.28218831309053605
88383,0.5152064073023372,0.5630431135008235,0.35620881134155014
88384,0.4885090763185834,0.5208926485201265,0.4363707652116384
88385,0.4212049784298728,0.48488305246481866,0.3006928958112181
88386,0.5041929295439759,0.5718015400537049,0.2760610546843326
88387,0.4719785274932451,0.5291620127856095,0.43725337841594564
88388,0.45629331476945834,0.4648533990454269,0.2503605541777346
88389,0.5057171085103951,0.5703777757341448,0.2633255970537717
88390,0.45567098172117876,0.5850961267611974,0.4702036291935534
88391,0.5876411161811496,0.5324116554854263,0.4057704232930255
88392,0.46735935979906434,0.5295928001642458,0.3048979832000144
88393,0.4964337284085705,0.5913535111236335,0.22960244077609124
88394,0.5014045983373465,0.5208449971788025,0.4104890248694906
88395,0.4347347517661718,0.5085296352213755,0.34118502419999774
88396,0.4894787612065966,0.5519483272430251,0.4937828723860651
88397,0.5113256285026928,0.6041413295979977,0.5911755984716445
88398,0.43960152943456066,0.4984325360298698,0.2671483208574038
88399,0.5019884575810685,0.5871388084303353,0.25408700595368044
88400,0.4443084300917843,0.49050216326904394,0.3017059968384983
88401,0.5080468809086403,0.5958814199637297,0.2938029080792831
88402,0.46729079576338045,0.5842954054484727,0.4982700598680354
88403,0.48123675687477596,0.5196299911164713,0.531114265920558
88404,0.4429794750947811,0.48052412366989394,0.27618790355721495
88405,0.4688780101386802,0.5639920834310007,0.5241813237376292
88406,0.4357091042653387,0.4918591607019869,0.29744948409536986
88407,0.5223379280291124,0.5620563938067403,0.29355330583572486
88408,0.4619970902825805,0.5828885563236682,0.5380229741376266
88409,0.47382209794908936,0.5459826268486936,0.553982730612295
88410,0.431302108953889,0.4883368120574497,0.2837730194791401
88411,0.5125828019844791,0.5721950589951152,0.23719381930445277
88412,0.46963525074428364,0.5716700003481453,0.48381926490776744
88413,0.4364764957922859,0.4973447721134552,0.29851390062985667
88414,0.5064924304446422,0.6061394541687546,0.24394365477880797
88415,0.48978288099739287,0.5407521185776466,0.5451362177025368
88416,0.49563574816775235,0.5388656617966592,0.601069444575416
88417,0.4365395312011665,0.6148133735088117,0.3484518298215883
88418,0.5312480351884861,0.5623479402529363,0.29226046642847076
88419,0.4941214482229981,0.5462045184481923,0.5598582843643297
88420,0.4552408364292346,0.560382064569742,0.2757563618628203
88421,0.5310828108169702,0.5466610911846879,0.25990898177021043
88422,0.4768669211861027,0.5235169447211392,0.49593036679172
88423,0.4882399862697461,0.5014078569025406,0.6330644985480407
88424,0.47805806836254106,0.5361682383207574,0.30660644610648213
88425,0.5277069950375675,0.5564632402627602,0.2915757787324676
88426,0.48560908497717215,0.5483955862566913,0.5459921127059899
88427,0.5337082741159671,0.5492556482729695,0.2573237867055438
88428,0.47900296506316564,0.5379183421293849,0.49762267160850293
88429,0.4677149592623899,0.5602123625345505,0.6101109445828687
88430,0.48404022383019474,0.5255643708961232,0.3005494587020944
88431,0.5295216534942271,0.5337989421187348,0.2978759127493407
88432,0.47378575402534945,0.5316394699687327,0.5235925769436021
88433,0.48256815896888894,0.5227691005822648,0.30245789618824725
88434,0.5136009303319412,0.5638854351908947,0.321715821058424
88435,0.47136412485226536,0.5156084723242552,0.48446585888808413
88436,0.471589257786355,0.5043693224429218,0.6056029537452682
88437,0.4800914247942242,0.5279515105657847,0.30610758172296604
88438,0.508614063638726,0.56142558081207,0.3704152724953985
88439,0.46462935107354875,0.5311815220131512,0.508937280434608
88440,0.4824515140066613,0.5221481891650124,0.2856136136905751
88441,0.5099222636269102,0.6018273172032254,0.3036283194238143
88442,0.4698960931695292,0.4821438567091848,0.502450993563871
88443,0.43109623558038473,0.5089257326985718,0.6256761470819888
88444,0.47908335673487956,0.5345898306149957,0.27910069628544004
88445,0.4975994982816493,0.5287600018663442,0.3179170201631666
88446,0.44826185142229547,0.5172533718728167,0.4766418875210725
88447,0.4802775401243985,0.5184160852294091,0.3170195311231213
88448,0.947738797160401,0.888464093740915,0.9300483364531609
88449,0.43340529828642393,0.4887264116244655,0.5074710410022817
88450,0.42301401762650287,0.47824160379218716,0.5819054812465101
88451,0.47814022738216755,0.5223340156439852,0.31773346984120127
88452,0.4576894289871381,0.513535776498569,0.25670826361843263
88453,0.42432824472423497,0.4637502670557281,0.47917494533753535
88454,0.48265049925496806,0.5217134480315042,0.29213709120687953
88455,0.42022940238215106,0.42480134648732104,0.3047066611939139
88456,0.41910110934814065,0.44848320361342936,0.4731154567985958
88457,0.4176588175016691,0.49501742009355043,0.5947650983437657
88458,0.48255773614786623,0.5312589468476835,0.2924421831484167
88459,0.3948135345848277,0.4101131127582482,0.3201485687443422
88460,0.4042982110822294,0.42317078359772925,0.48943498795889606
88461,0.4849389882186408,0.5271653665753697,0.3194874200198854
88462,0.39358935159740877,0.40873366487372903,0.2896677119803635
88463,0.4076959601023928,0.40302062660594157,0.48919874904065436
88464,0.4278804327619865,0.4548039511952452,0.5798211235887306
88465,0.47870781796177153,0.5121735876135769,0.3278194850414071
88466,0.39081271207697005,0.4001832058271023,0.29328425431360367
88467,0.45100042498769494,0.47015263389028805,0.31310038425200515
88468,0.40192194383890045,0.41520166403916015,0.53023310607822
88469,0.4212331653632471,0.38852182930594187,0.6632378815890574
88470,0.4236670753384927,0.4186522262474168,0.2891496845545444
88471,0.37348463617694505,0.37912915171067557,0.30545617981846024
88472,0.40896106399147897,0.39340653873785664,0.5768388248277352
88473,0.31639105097833203,0.3995252322554868,0.34303735937920216
88474,0.3832980847026922,0.34073616345771535,0.31678510045756225
88475,0.4084023554680508,0.39047309328634927,0.5925327005598113
88476,0.39425944835594007,0.4221519525379919,0.6892207150858601
88477,0.38511034137885525,0.3008644708827162,0.2799252742958774
88478,0.40925761590788046,0.37912781087206693,0.5258260225001388
88479,0.37040455661490734,0.3446363191656071,0.253767443765792
88480,0.3743074046051518,0.3644091504207201,0.30874235797772187
88481,0.37873084984717215,0.35536687864852334,0.5094230244239507
88482,0.36549481879725976,0.43073414476502414,0.5999630981256261
88483,0.37461347301031317,0.3502978554786302,0.26780582191793556
88484,0.4290529548104235,0.4831672259919054,0.30237184786490817
88485,0.3716906420958782,0.35361203033404964,0.2665551801783532
88486,0.4321287292942128,0.43220941103934857,0.2525456120754506
88487,0.3310868887456953,0.35015142902646645,0.5294502678630607
88488,0.2655248067827777,0.3923861261761706,0.6711572171606357
88489,0.37014792863468393,0.37563042245393763,0.2729084141901125
88490,0.40209582368352653,0.37978722842372253,0.3237938498318139
88491,0.2846952749067052,0.32917957863089525,0.5177977523790944
88492,0.3691838176900871,0.35010467157754815,0.25967070011792176
88493,0.3178208807561895,0.33873903592079563,0.09187463177976038
88494,0.27375163004919584,0.3647772621895197,0.5260750205845064
88495,0.2482434976275153,0.39959729373558434,0.6630535750118812
88496,0.36493484140866367,0.31163728397204454,0.3606786936763511
88497,0.260054729043629,0.3622046742261342,0.5329781857466223
88498,0.37827677738348897,0.3682155849479125,0.35681279308691816
88499,0.24560348769569978,0.3421354832580248,0.5314952833503225
88500,0.3506575931968933,0.3475681143542115,0.579178805196533
88501,0.32134535768500466,0.3452636253516085,0.25785806199994843
88502,0.2543055009675253,0.3797781863582332,0.28843886380487527
88503,0.28956674284455425,0.30339893089694703,0.45312365173215563
88504,0.28133207980406255,0.40662345994747684,0.2765467630261707
88505,0.20664626816741954,0.3138462983896137,0.5217601747928021
88506,0.31845771512067456,0.29085930508709823,0.5654261140687027
88507,0.34625968386637856,0.34256585807093537,0.3023702762060344
88508,0.2187050642411282,0.38124289782607385,0.3264626153221598
88509,0.258256090009715,0.35183311568557396,0.4721214417093862
88510,0.3289341683549961,0.37909219269774397,0.3089614290577013
88511,0.2832285120891369,0.4249838036795336,0.2845452162540082
88512,0.26930917448796243,0.3468135316418164,0.4686815874214293
88513,0.24982500210955916,0.36975050135008475,0.3294088462019579
88514,0.31311087591096554,0.36090172290326433,0.2570258992567338
88515,0.25907625273266616,0.3613162139357336,0.47351568902555896
88516,0.25867667349628626,0.33271451053006745,0.30853302104302516
88517,0.30608109098069425,0.31743892072943664,0.2548596114866024
88518,0.2545561471548139,0.3331078919495693,0.47755028945055583
88519,0.29399510493910047,0.33782905345170167,0.5684044921322926
88520,0.3033905983418385,0.37346111748747196,0.2806407445363814
88521,0.24278336688495117,0.26950435303469183,0.2765659833685368
88522,0.2660144301294708,0.32215007751271957,0.4951551840762362
88523,0.28392285323569927,0.3261226385054803,0.281050283138571
88524,0.23215671173637037,0.4196904822767415,0.16984944488163603
88525,0.26087203681995214,0.3692462085113108,0.5123928006126293
88526,0.2744758575021252,0.4155769613276833,0.6007524764696472
88527,0.30701542891045674,0.2333145173279474,0.28558129856742787
88528,0.25953342938434953,0.3351239975098736,0.16559841182011856
88529,0.24119452111157835,0.3440207367223123,0.5467774689552588
88530,0.28635037356849175,0.3286058372282868,0.263768045432298
88531,0.23052150706775318,0.3566637790074156,0.2270039985705678
88532,0.2556718648286773,0.4218093854637116,0.4908732755226501
88533,0.26952494954143824,0.45031650817674973,0.5990545103010072
88534,0.2504687019409352,0.430344201393237,0.24053019760010735
88535,0.2522017678356326,0.3760524428109019,0.2014549386980371
88536,0.634038575863235,0.44475849148041247,0.6677340427362102
88537,0.23184697268554455,0.38553069341378393,0.32101489077494716
88538,0.23190744770578262,0.3611096560290419,0.25056858984648206
88539,0.2361549058806658,0.40422459653510884,0.4879078763194372
88540,0.2763223282212106,0.40706163912869947,0.5868630679193565
88541,0.2534263586725698,0.4571099873193196,0.257587922568795
88542,0.23292016071797422,0.3436753504489061,0.2130167711549425
88543,0.24281141786848615,0.41923934165563487,0.4954665415288212
88544,0.21205197365760006,0.3812692676520446,0.2521620512622398
88545,0.2449143126430357,0.40639424530634605,0.22775352353244832
88546,0.19512807663018886,0.18860939380269637,0.39615702535065483
88547,0.2772871415733111,0.4277838528797154,0.5506217972591825
88548,0.24728600290843722,0.44639142662292725,0.26209387912212745
88549,0.25157923086259387,0.4035303859405817,0.23113809091711976
88550,0.2578477646669987,0.4844324275508691,0.4668028128840741
88551,0.24625817680576273,0.38679211312026174,0.2568189081919018
88552,0.301254531806469,0.44920543429683024,0.516633947432844
88553,0.2444089870898889,0.4710693893133796,0.260618678699287
88554,0.2538869114119323,0.4114733419560429,0.22825588823687018
88555,0.15657972624398275,0.5998183284016901,0.5395112167941856
88556,0.24884910884554545,0.4563645841943225,0.229672861233371
88557,0.246015778242066,0.4121375383940218,0.253241104926211
88558,0.12198815061766022,0.2809650163302754,0.4467574362194635
88559,0.3387833943468188,0.4847632021214886,0.5547384281376555
88560,0.25351044364825487,0.46182073153687686,0.28598521278554295
88561,0.2520537637771107,0.34177307864843137,0.2021898582171041
88562,0.13335502998360965,0.29044041335355436,0.4042519557773724
88563,0.25330500078257545,0.4571723191243849,0.2688151522313855
88564,0.24096981868531359,0.4819594742102521,0.20738374295664458
88565,0.3202662331762534,0.42145004071658415,0.46241594117710083
88566,0.25807561659787687,0.4597979561640063,0.3013809127201045
88567,0.2539761171649024,0.5079174908257953,0.14207725240770536
88568,0.2197293556479776,0.42827934431634,0.4423536480551499
88569,0.2487477582402533,0.49370941484054,0.1791396725805317
88570,0.22285867171019424,0.4213956508017396,0.4257902731756057
88571,0.3011430982547527,0.36344481241725873,0.4979721206643297
88572,0.2302935191870356,0.3251161500370383,0.25273335560019067
88573,0.24070997322555715,0.42696855424468094,0.23243541504452037
88574,0.2283420272169936,0.4256744730849147,0.4537909476707559
88575,0.2767321490121606,0.4376203824349334,0.22590510482575998
88576,0.2412289390792598,0.4269080446049044,0.18548008246849002
88577,0.06913865883540456,0.7688917509490096,0.7958089975476377
88578,0.47502996695577715,0.45430928489007205,0.3730316197823925
88579,0.2686040253291658,0.41171599936373765,0.2690402342728237
88580,0.23858065886554575,0.4333423165222555,0.19581046104934158
88581,0.2219705114092235,0.3951462596423862,0.5293565260160411
88582,0.25789965218904637,0.37258898792371553,0.20265291455012382
88583,0.21948383023797405,0.4251289236735658,0.41328884220555046
88584,0.3836596206423394,0.44854556979897175,0.4191692461306688
88585,0.22491627252990828,0.33458838405641983,0.30851086361032753
88586,0.21523086609459405,0.4757398052312448,0.21375719992984657
88587,0.24876404956267784,0.45490929297721977,0.44317001499294967
88588,0.24043934241187298,0.42746170780885967,0.23499001557226654
88589,0.22316609961374986,0.347742560895249,0.1381448098095038
88590,0.33710196673279674,0.4631338251005047,0.4167800204504929
88591,0.16053301162465441,0.2509789486318583,0.16937931608368434
88592,0.22273923977625842,0.4244842553466057,0.14868234316965334
88593,0.0668025647696261,0.7580533742897643,0.7955273157185185
88594,0.20401090318845114,0.4032906164929672,0.17294439609480966
88595,0.24411730670940013,0.4520445397190497,0.2199211277358821
88596,0.17975751980975385,0.25702774663945116,0.084683920641975
88597,0.3665034759725752,0.46365609892882587,0.4465858550092976
88598,0.22539869053511186,0.32838301735590514,0.22344497705090755
88599,0.21758277565835912,0.43400094332293676,0.16704453232890476
88600,0.0672198061559781,0.7507455288286167,0.7755984784043761
88601,0.1946376829010724,0.38184266524988153,0.21454174077545243
88602,0.2625078079462336,0.48415477081744007,0.16260835616210095
88603,0.26865999134639623,0.5101168443292864,0.4325928014711268
88604,0.14400001570220647,0.7829889842759469,0.7276173891447313
88605,0.24314250104410184,0.3814973133569524,0.19328756831688482
88606,0.18133485516338865,0.4243717624253848,0.17877373800608812
88607,0.23428278595854207,0.6005632158195303,0.37437775405755847
88608,0.2218340857453594,0.49174639273694876,0.1966769182764087
88609,0.07719971393094914,0.7769417333898255,0.7619560061924036
88610,0.43311522664570185,0.62802489698352,0.4033953678920502
88611,0.17370605258229938,0.3087404193482203,0.23601680735379527
88612,0.20225021681804362,0.48253022451134875,0.06408025018646127
88613,0.21974906837469438,0.6326939720627766,0.40198660385574225
88614,0.2275607914647315,0.537961248964863,0.06852196095843882
88615,0.2610183868220943,0.5430041773526024,0.36066145612741296
88616,0.43073737332091294,0.6193183849511288,0.4319060034428455
88617,0.20527292554784363,0.34312502215123397,0.19547006170670733
88618,0.2425285968858667,0.5378394733148126,0.15535363794921436
88619,0.3013614110385645,0.549128853073256,0.37115356347624306
88620,0.20420959387877238,0.3431014715243891,0.17003550901282147
88621,0.19499697566836902,0.4417982292567314,0.1200195609001421
88622,0.25580758808503773,0.572546908798225,0.4523410332112475
88623,0.3674059563232988,0.4763619199651973,0.4472632906825674
88624,0.19977250833619634,0.3660394382664947,0.2608792635429592
88625,0.19194827786093205,0.42327836011071834,0.22896798912804128
88626,0.2298014714015394,0.6040790321734094,0.38299089252411894
88627,0.2019613007509566,0.38270444629001704,0.2217772864400348
88628,0.18713642392767132,0.3631787762851049,0.3573231935310656
88629,0.21910917513882228,0.5273554218530314,0.42725543103623387
88630,0.3596423594764186,0.4667181273648584,0.42895403938806975
88631,0.18341595264701688,0.3672456773071536,0.23706048179354872
88632,0.20177194528294262,0.44828324675834963,0.1620232850218915
88633,0.1801329679496356,0.2531205773142218,0.24739124906422924
88634,0.17863493666899935,0.36018588698861254,0.21750719490222814
88635,0.19634779593121338,0.44881102146301416,0.18790249888015081
88636,0.18859192556687382,0.3283278710705634,0.3072406062371604
88637,0.37013514934977787,0.5271336677754414,0.38667580729948003
88638,0.1989353292250104,0.37588975439304817,0.2041933599406731
88639,0.18357929637908735,0.3881611093397286,0.27552381193320363
88640,0.2379108793233065,0.4481715102076259,0.39322417469573107
88641,0.22346158658974244,0.37748621184931136,0.22860769055611815
88642,0.19196814919579483,0.3707857318974206,0.22669550136813754
88643,0.3913537471212727,0.5664043552294555,0.4544795539517199
88644,0.19103571456378432,0.39562373570898646,0.18696601833541182
88645,0.16952053088842803,0.37767172890398987,0.17727868482774264
88646,0.2846547391962497,0.527836748533072,0.39406361797968287
88647,0.18468828453589922,0.4128204721920451,0.1771840388543817
88648,0.17903832250088317,0.36675018587052893,0.15417170822724213
88649,0.20335288330732224,0.37387526471516974,0.35044507351358334
88650,0.3532522411989537,0.5167568490218777,0.2749197008005963
88651,0.1855511581667367,0.4421051437762116,0.24279639872451603
88652,0.17680917564211993,0.3552613649641631,0.1699769942939995
88653,0.28207191883021937,0.5511540006990494,0.33645199040118634
88654,0.18457152628213877,0.43911397350357645,0.18401227137728998
88655,0.1682599586606561,0.41392212582122656,0.19757638878960398
88656,0.3222806699219497,0.6071300932372324,0.3367258773092781
88657,0.3730899737930911,0.4457220387328994,0.3505476031306498
88658,0.2028642795844248,0.41320391765365166,0.1996760405471766
88659,0.19232279701024438,0.3987268488152081,0.17670151423079655
88660,0.33022643955366093,0.6171110207964626,0.2554580839761334
88661,0.19728000398015813,0.3527824294205226,0.20767725025132178
88662,0.17892380741947322,0.44088938134338335,0.19423422239540888
88663,0.29663325688977715,0.6042874466258671,0.28718774729334146
88664,0.370012341328163,0.4736972267035384,0.36466322071163837
88665,0.20283471049434962,0.3702847739649298,0.25219078473535955
88666,0.18624153410964903,0.45642244653735886,0.21941090051220197
88667,0.15578769380863955,0.3032112822526855,0.19230440274377164
88668,0.1364815250866582,0.357810711724998,0.16415376157285944
88669,0.24138403518773832,0.41683831227320667,0.40116547969242666
88670,0.3655769778168863,0.5193394760845897,0.34513254542863075
88671,0.20212362485923138,0.3712361849089843,0.19339731404512445
88672,0.16825873511210124,0.4138811099119917,0.22038654155721246
88673,0.20363577226486138,0.3747462597231804,0.2326109296267601
88674,0.15947979688946715,0.39626850717737794,0.18440971517721907
88675,0.18535767888692678,0.2600545350864093,0.3260208439821672
88676,0.38708940850799417,0.4107399719980468,0.3486729436356147
88677,0.19445140896275204,0.424972354980644,0.2236213492857047
88678,0.13805609612689132,0.39881183735471243,0.12622147891207272
88679,0.21891721396555264,0.38043591926650866,0.34710491816676436
88680,0.21574283053156623,0.3553656409513461,0.25636355700100855
88681,0.1902389352132145,0.4557076076565442,0.18493583221010423
88682,0.2835184477800197,0.5404131270729896,0.39156151170329867
88683,0.4152561759894916,0.5872194650297192,0.3539665273162931
88684,0.20928369505228606,0.4274162224375958,0.21253714903040646
88685,0.19071625509943954,0.4664924195323965,0.1769142543139417
88686,0.22815507352947612,0.36546593752722634,0.36418130447213337
88687,0.2437731270325864,0.38062353353029305,0.1811913211442231
88688,0.20869215464263646,0.48156918703369356,0.1388993328155985
88689,0.24336588928858555,0.5268365516919478,0.291710873797381
88690,0.39963970856784126,0.5184831271598433,0.3474817107070832
88691,0.24546565721682828,0.399362062510953,0.21230418862637457
88692,0.22096557019618573,0.48113076718913084,0.17481930908321153
88693,0.2459766700049244,0.29031499337292666,0.289552539381631
88694,0.23212138743642619,0.39072396762808187,0.19946804923976832
88695,0.21418677132780156,0.46744066747255364,0.18773584389107856
88696,0.31842608412470136,0.5110582505544916,0.3394635549713716
88697,0.4714076288008817,0.6370038399168143,0.24990931274804962
88698,0.2392977942685185,0.3776483157990535,0.1938577255973512
88699,0.2113786820778423,0.4703742504459696,0.14176930866579243
88700,0.3178726096700911,0.5636779833917971,0.31497318902057364
88701,0.22922515737390556,0.42685963689308315,0.09180840241281071
88702,0.21391004542964978,0.4592761636623652,0.12323465106959161
88703,0.28385809579551924,0.4581855461663475,0.3431316208876236
88704,0.46166251772775285,0.547117045072595,0.39655029495981164
88705,0.21527427940998417,0.37768909104494847,0.17660813572426926
88706,0.21267813595969012,0.46822261704475665,0.08379471661013257
88707,0.30065361085789905,0.4853182749250068,0.3893742610879604
88708,0.14186707601314374,0.4368434524123936,0.3025506219493552
88709,0.1762860180017017,0.3499126909931663,0.2806869722204731
88710,0.30846370254986305,0.4532160544777913,0.40010814196020605
88711,0.41934115144795403,0.4162347973773901,0.329630099437336
88712,0.1857063449084416,0.3961402679976243,0.21603522651981358
88713,0.23403533459248,0.47083391742540825,0.24944489177573897
88714,0.3266878918164652,0.5620857547342228,0.3805342545079486
88715,0.18747323965484955,0.4266734322288617,0.24994959284402424
88716,0.195834947820285,0.41960332776717696,0.12293792863404626
88717,0.3283047205984532,0.5196395832695951,0.2530878090375658
88718,0.41894096043729684,0.4739296731095207,0.3364639003645336
88719,0.19103922660130282,0.4265077870899735,0.24237125443693666
88720,0.19182114210276208,0.40352859815577014,0.16697459350902183
88721,0.3421568536623382,0.6090832481438828,0.35259798422750754
88722,0.2433643258654321,0.3740109988389412,0.21003682988225775
88723,0.19044120591597397,0.4068269236112254,0.18940499631369945
88724,0.31358201007949665,0.40593475022929304,0.3552009386149589
88725,0.44229261118938723,0.45266593246298203,0.32987708224943796
88726,0.25640760270134483,0.3596370370514577,0.22418137105639105
88727,0.2141909177979041,0.43378493078503,0.23616365606114642
88728,0.3220160435595068,0.5083942105218983,0.3640076868652547
88729,0.2563183516317616,0.3750434101871511,0.19568184696483776
88730,0.15827642555663368,0.3286361264286522,0.22561414936430793
88731,0.33686337476460393,0.6501448834133738,0.3316272891760732
88732,0.4337242366097176,0.4667291978784993,0.19540168609591926
88733,0.23471129985241312,0.3504139583499514,0.2379512532593755
88734,0.1827468755122813,0.44881397818404867,0.24062214809400198
88735,0.32766645876065426,0.5120629168576447,0.34352791974251295
88736,0.24804535073655176,0.33929971274208853,0.20777745195430375
88737,0.19336496582097834,0.4513595087119205,0.2282215314358983
88738,0.3249135878038085,0.5204818705791889,0.3012793273658291
88739,0.4947546119418186,0.5552945103226673,0.21096109627160942
88740,0.24297122690473155,0.3418467560109547,0.2014833806537851
88741,0.18967372375580047,0.3877820989596738,0.2531120408909812
88742,0.33766423261035655,0.46932698673163264,0.3212136042251328
88743,0.24702414085939606,0.3320159336149429,0.18071102726226523
88744,0.21270539390249507,0.31114554000742883,0.24863429603692191
88745,0.32558336734604776,0.5298871314290906,0.34599972933668255
88746,0.48667307373713387,0.5923854067646863,0.2773774256695765
88747,0.203199350621997,0.3279410563221964,0.25060857842508494
88748,0.2234561939127785,0.4223291495172012,0.21367773398426376
88749,0.34758272504536686,0.4842152460767395,0.31419628677508543
88750,0.2351113095966179,0.3107452137315436,0.17006701823830694
88751,0.2064809984792906,0.3541565483310841,0.2892815465228095
88752,0.3349221696657452,0.5248904791635893,0.33699989518894263
88753,0.46601060144211787,0.5829206676893225,0.2247430067348456
88754,0.2185156407981945,0.2701736721637654,0.26978201659668394
88755,0.21156586234842542,0.308993459660013,0.2873357705199585
88756,0.3394236047989829,0.5016231474504275,0.33961908582653355
88757,0.20756404287507865,0.26706701786839776,0.25742491894042613
88758,0.22707980093284194,0.3829650159263048,0.24780665498163645
88759,0.320275183207349,0.5036654509343167,0.30472796519894346
88760,0.4559535308041193,0.5076799904896724,0.25228689040802393
88761,0.21441215350326354,0.27712203535587704,0.2398357989957134
88762,0.2451065230576776,0.35582953672947376,0.3037990852303171
88763,0.3351878836269035,0.5277895097574739,0.30841478117455506
88764,0.21810727013886505,0.3280335741861957,0.32332873175274474
88765,0.3615424397488509,0.5502316412581832,0.3131404953524019
88766,0.45799848828876677,0.61397985322089,0.33188611435329124
88767,0.1829782847972911,0.25464995845957356,0.2661587223619985
88768,0.23432549686642845,0.3192979075091848,0.3433835806194925
88769,0.3761598118005588,0.48665670690029106,0.30402565760150724
88770,0.23524012206947414,0.3187550397750533,0.20732370305273273
88771,0.3186376220748484,0.40452298469625686,0.3526454466355397
88772,0.31817586844523765,0.5020343035766135,0.32438136718301236
88773,0.44430022778480566,0.627959299033126,0.27270938176077375
88774,0.23919370200813123,0.33804929478829737,0.22134866718088642
88775,0.2648740149014449,0.3680003975414572,0.27650514760107564
88776,0.31582914763367737,0.4689308204934821,0.29816753363088044
88777,0.2382140021486136,0.31036142446516557,0.2076153725205011
88778,0.27219622793632176,0.38140056669426425,0.2791974568159685
88779,0.37556684391759526,0.5326826767867664,0.33118682332691923
88780,0.48580530591207705,0.5591783353039148,0.34150403715225824
88781,0.25006178141322627,0.35857859968204847,0.2564857503097774
88782,0.28951177379281295,0.3770804878385143,0.3386970755281458
88783,0.3304234535292959,0.5406671300381425,0.30775609556064504
88784,0.2427550893183506,0.3084134953910413,0.20297690864704068
88785,0.26043237503924815,0.37501631837116023,0.29843754842779524
88786,0.3487895744282589,0.5630490269428926,0.27950873346754285
88787,0.47347098483046485,0.5422013244502947,0.32796928694648075
88788,0.2517805272581708,0.31214295202990433,0.21482271704803393
88789,0.2651355823925008,0.40513935789052596,0.30245848133543546
88790,0.3536056201482352,0.49357089589811975,0.3568060924122574
88791,0.22351030194887014,0.36494541710323963,0.20287691818853099
88792,0.24923640727976382,0.38264675584936647,0.29212155417594327
88793,0.33228170656779815,0.459327081149018,0.3562137375626437
88794,0.4809990259222328,0.6103485872247553,0.37959744442183285
88795,0.1835431790384132,0.319176956990586,0.2768952857749865
88796,0.2511349467873494,0.4375358408416319,0.2932168483149434
88797,0.3617979801303589,0.3943715299703837,0.24640124550754833
88798,0.19608643236491666,0.309660269014255,0.2544136490562797
88799,0.2762568683735269,0.3950444590495576,0.2984361267524968
88800,0.35760564961536295,0.45790510461426953,0.2894153688397774
88801,0.4224293426837444,0.5067923897112003,0.2729330827254605
88802,0.20187871122350526,0.31706964002441407,0.24308869770081182
88803,0.25269041687514315,0.4275263774863708,0.24288238578695817
88804,0.3441811694296994,0.4728291884165622,0.31124992492371456
88805,0.17887361927041845,0.3482392900290509,0.29172524475883027
88806,0.25064008937183835,0.365724134910591,0.2931723433295232
88807,0.3600669081666397,0.4483978025081994,0.30521750313900836
88808,0.4427031343878409,0.501284121565293,0.32072036950680294
88809,0.19840118230590525,0.3103250155398682,0.2528011101522302
88810,0.24653238763188517,0.4065626065029288,0.25712233235833026
88811,0.3508796446012893,0.4558296927308888,0.3171521081539251
88812,0.18080680332875113,0.3467146190090681,0.27550658283404433
88813,0.20902271667720104,0.40179403432281247,0.24679593890444831
88814,0.3499822850278507,0.5156721449679291,0.32315560845793123
88815,0.4508405026599167,0.4810194088236557,0.30439623532945165
88816,0.22205851627194534,0.3608137088817712,0.3169573745495972
88817,0.35853171726322697,0.4772915680672185,0.2923305531194843
88818,0.20576125737106224,0.32750060802948217,0.26046578523136155
88819,0.24175443052525475,0.3133922698084268,0.26303317661190434
88820,0.34924854108616143,0.47951842595242633,0.3233223817439079
88821,0.4462594462373884,0.4686669847118655,0.28979721540409564
88822,0.19767738536080065,0.4146415716859786,0.2508100972018625
88823,0.24384830729378904,0.2906982325516704,0.3026900686503976
88824,0.40345627372666354,0.3532670222458919,0.29997074602050056
88825,0.1641529253407467,0.41832959984988105,0.2508610409187979
88826,0.2663632774174382,0.29687141912557663,0.28514520547885014
88827,0.3579809618054053,0.44854680749614895,0.31235537147205256
88828,0.41570009753183096,0.5368450180133716,0.295406908481763
88829,0.20822308238000328,0.4199187342645122,0.2062516035567891
88830,0.2191559192252783,0.3810002060379019,0.2803154507578488
88831,0.3801825222325641,0.39336438827287595,0.3124468149792137
88832,0.21779311271825788,0.4266590268089377,0.2392303554385971
88833,0.2239209384388567,0.33083269511349456,0.29979773257281267
88834,0.359118748669869,0.40972316938646103,0.3122552373673017
88835,0.40894719710785743,0.5541501217603937,0.2632879680759242
88836,0.20816133849459725,0.4398197359384245,0.2408856903602861
88837,0.045666800102378155,0.3391670041003059,0.476743791854501
88838,0.3906772607202885,0.36015353495961844,0.26752222515767543
88839,0.20701061373708154,0.43221845310483786,0.2147929569267789
88840,0.400152330095704,0.34121879659588755,0.2601025947226129
88841,0.4007948290368317,0.5461121724865787,0.29953402342339547
88842,0.22963615639679724,0.3759579652597053,0.21811129494450068
88843,0.22438192168604404,0.3220491020513425,0.27231690326216557
88844,0.35172049435813973,0.4281459824454916,0.27861280763659246
88845,0.20206353503020505,0.3041413429204325,0.234557053126768
88846,0.21216739507127289,0.31755877107276664,0.241570318907837
88847,0.3416201010379773,0.39879148411224213,0.28942369926554185
88848,0.37806383461833454,0.5614170544537378,0.23644982472285658
88849,0.1906682421478156,0.315325071472607,0.24066395337506646
88850,0.2050994308944294,0.30120683167413365,0.172152803908719
88851,0.3314057137774561,0.35491116542395634,0.25002365093111667
88852,0.21173815611159152,0.2925035857870712,0.2234401860262762
88853,0.22697072384500905,0.3255944168546129,0.34963403838626395
88854,0.31475036299952464,0.38801537049710777,0.2983724576685512
88855,0.42026411490781784,0.5175077874036953,0.2577395285016619
88856,0.2153567556459027,0.2987233579075099,0.2414822025011143
88857,0.28240515454495935,0.36031746107464935,0.34533741876762813
88858,0.2293534940223238,0.23586052918249917,0.2034287605732506
88859,0.21981382581487435,0.28114953635111667,0.20214294504469985
88860,0.40359177039995814,0.34373806043921995,0.282260850217428
88861,0.3806606125012126,0.5339660656181403,0.26493687430021046
88862,0.027044779121290403,0.5194235363512112,0.6935995933020023
88863,0.21087544108890002,0.28400315033469153,0.2132629808122759
88864,0.37917749038630005,0.33127149314330584,0.29259330533144207
88865,0.26504213953620187,0.3223251085218687,0.3313367519786763
88866,0.2428103755863839,0.3282922872767175,0.2323590374931223
88867,0.4009484070387701,0.5502285470152402,0.27229542867722467
88868,0.2674835494109224,0.21442437044307455,0.3118799488876255
88869,0.22864703068174602,0.2898645059808858,0.2937209726858193
88870,0.3657485918308552,0.3492532046805565,0.29765952024926984
88871,0.29299514855350833,0.14788154139557497,0.049985376812650806
88872,0.21244742908218403,0.28978061761665014,0.24480928392754375
88873,0.37392692632121133,0.3442924112527181,0.22313818670381327
88874,0.4241509661336233,0.4979590137181412,0.24964756183489045
88875,0.26655877328653294,0.29141802222119395,0.17586501146989886
88876,0.20126612124705123,0.3366969387197691,0.2819659893737947
88877,0.22684655632499987,0.37228375804761554,0.4098791958771298
88878,0.2319885871016134,0.23058192262392552,0.3018771513348302
88879,0.2038598855751553,0.3036887926997629,0.2465144493077992
88880,0.2459700311210991,0.37124869940266536,0.40170384045492524
88881,0.4154386659906146,0.5062284811250557,0.23648410547581838
88882,0.298339993832239,0.40485338108162755,0.09925123805315336
88883,0.2023893388203897,0.30901621953588354,0.25896561043078564
88884,0.2727815826282774,0.3623434338318945,0.3739374529790929
88885,0.09082128739632066,0.43069220058290636,0.7012422831126809
88886,0.20230371307985784,0.3275528663547438,0.2615650729471102
88887,0.3849548147625518,0.325263986088765,0.2679116606796603
88888,0.4034940677820239,0.5709394152087981,0.33483309726341065
88889,0.2874962041317881,0.27694050643654744,0.1483889330474334
88890,0.2026321225752981,0.3164987522014088,0.227456526479089
88891,0.2669907085846962,0.19305171244493807,0.15211786272103905
88892,0.22293824768287165,0.16900502688559757,0.2830365969556528
88893,0.33832585516223024,0.44599911099821704,0.28165575468557985
88894,0.41145959545706506,0.5015202810628073,0.31092566043387315
88895,0.29101864181301196,0.3335013421300253,0.5068688083611441
88896,0.21902212192497644,0.1981826720444093,0.2997741893763769
88897,0.23150471896478933,0.27004753019311767,0.1342394572024276
88898,0.21604590804026017,0.18580991188038745,0.28547947239445404
88899,0.4002841561233342,0.5159817067841495,0.2802484086277921
88900,0.26978839767193946,0.3315919879512586,0.20077069250298102
88901,0.19026456175794632,0.2343855207617534,0.29912485344281
88902,0.2997163500065889,0.39238382268420174,0.36514341319624954
88903,0.2460581492753538,0.26729386025660545,0.18171017136726175
88904,0.27424109478774295,0.39260647065419774,0.3792654357096376
88905,0.23876496153119442,0.28026386087936483,0.1517429713809707
88906,0.3546561272157874,0.3612320505276808,0.2748258982207909
88907,0.23627669427848502,0.27700668885505303,0.2147261571997541
88908,0.23667221767798868,0.17859819423333934,0.2309075936236346
88909,0.3785952625406512,0.3275845651546721,0.26673201715098943
88910,0.23964410382614992,0.2710073643540729,0.24387323009663878
88911,0.26464922184195383,0.32996795735232454,0.31641141743587536
88912,0.24386262734354192,0.29290009582999316,0.17854457155277836
88913,0.23286612065680232,0.18698030927362186,0.25167853590207967
88914,0.27686438288930904,0.3627256072158466,0.32882399053111017
88915,0.3953210806520185,0.5179677294269512,0.27837594607526867
88916,0.25287179661924414,0.3068708433815112,0.2197100776085152
88917,0.20867325761495628,0.2109994045000529,0.28865858657405163
88918,0.3453314410210837,0.39239059563819956,0.25933193158261353
88919,0.2466783297845091,0.28955078412693075,0.1959120442911722
88920,0.35373291451455124,0.37381826188406203,0.2886477983188523
88921,0.3992191703978833,0.4994074288398147,0.31445306710581183
88922,0.23398988202949855,0.28555477564875664,0.14494676352006028
88923,0.20924202642650191,0.17916708798867018,0.2865972820255323
88924,0.25509602662548153,0.3671193290536429,0.35770562207390494
88925,0.23279445243311822,0.2949032055699364,0.1768683213158888
88926,0.3378808460211754,0.38429760322047435,0.2965854794166259
88927,0.22525696282751015,0.2568427452919299,0.11237891593595514
88928,0.23581330925080113,0.1883603931969682,0.2712151624699826
88929,0.10071325828348958,0.39855174904510476,0.5306017868308033
88930,0.2376247049113146,0.24025994098926307,0.32624038613731976
88931,0.2153839229554813,0.2475199288262238,0.3295566666338815
88932,0.3166974819163985,0.34986263301844206,0.2560829335066958
88933,0.2351984987603032,0.2513841569354982,0.3071824633086096
88934,0.21439042418726192,0.16515492915243007,0.2635932427439298
88935,0.08258495897029598,0.38162153002088006,0.5411670016666006
88936,0.23823736286268832,0.28052979387008725,0.17009372798938222
88937,0.21466300361531127,0.17021360379870235,0.2940197082811855
88938,0.3205435255320695,0.325168683406117,0.23950533659305526
88939,0.3804904486188642,0.47952733049600704,0.341614817978412
88940,0.19063067467552086,0.22827415028575526,0.3116840956875945
88941,0.27526749341710344,0.3370232094478823,0.2957087113468667
88942,0.222344124226273,0.245177002450172,0.16527352627152866
88943,0.2590610943255701,0.16664087056490823,0.19609752538761416
88944,0.2906391604945605,0.43456550513814723,0.3146685913911016
88945,0.36291179450647043,0.4657542019271228,0.3463282482901957
88946,0.2819557496924298,0.31398076043573075,0.4706840498221947
88947,0.2586997396523755,0.1725403025895414,0.21016650863890185
88948,0.3222071890337399,0.32457176956191236,0.2266529609563095
88949,0.27044573780387127,0.3147851948399871,0.3088015676908576
88950,0.24611157756224822,0.15913320577058945,0.12467785640466031
88951,0.3324187213476332,0.32715838475997333,0.24318884025534152
88952,0.35995101092852894,0.5884966309947298,0.2670136572593251
88953,0.2447462559831985,0.2895981604244377,0.16532145341739987
88954,0.27580200286911377,0.20042986598184878,0.2746434500668597
88955,0.34637383641488345,0.30206544971037175,0.21820516353820363
88956,0.2366556771141919,0.2853289990553405,0.16217045482084053
88957,0.258573850101067,0.16785830045087802,0.17944163387898965
88958,0.34122027256022514,0.3280200626586774,0.20613498393342145
88959,0.3699774928526567,0.4475903770024312,0.3619177354538493
88960,0.22381455768950576,0.27325921684616555,0.11532569182649172
88961,0.25635582847083005,0.16126562048507784,0.1315218562149797
88962,0.31719845707468364,0.41072866082106585,0.24218827869993598
88963,0.24037598978670038,0.28722521989183747,0.1317699079241114
88964,0.24205571802772957,0.24136073510651584,0.2967231284272092
88965,0.3203031435576576,0.38844949278202723,0.2913159163448906
88966,0.37488859016869847,0.46222717753769405,0.3527256434869966
88967,0.24416788004966666,0.3039200701695224,0.17546069799973119
88968,0.26824974004762137,0.16593670682224743,0.22114935802128893
88969,0.35563650682450215,0.3176551395502063,0.24148450295341745
88970,0.23842295705181155,0.28145851369922553,0.17390925944684435
88971,0.2201719176919227,0.19243023374981283,0.2844307323122553
88972,0.35527379265291326,0.3590529815057056,0.2849733200766442
88973,0.3823062853074656,0.48310338144584575,0.4004331627052582
88974,0.2356512797005118,0.26339941170791986,0.15276597766155614
88975,0.2270022642077559,0.1958852998005756,0.30907714032983813
88976,0.352296151294883,0.37063462970036504,0.27416612364162624
88977,0.2633385067817402,0.30251971895489865,0.30390313792002877
88978,0.21472318407756383,0.18647610238604076,0.26878141754538454
88979,0.34880224042163216,0.371228793106398,0.2780379063333898
88980,0.384650196489011,0.4496774782480415,0.4127665022238297
88981,0.2392025160893873,0.2789290044737036,0.17612823898191926
88982,0.2122574844981992,0.17655076805835526,0.2736621048269725
88983,0.28227996740115446,0.39177439434631617,0.31922339400375976
88984,0.2341805743376002,0.280939918581959,0.15419877286903083
88985,0.20548290007483727,0.17964893037586793,0.2525733611493295
88986,0.23602990000331353,0.37135190959505693,0.31942956860870636
88987,0.38511165556063637,0.4434508300321736,0.42140113692788955
88988,0.28385154754492026,0.3133170797049091,0.42606624295419415
88989,0.22050504011512986,0.21984220074384997,0.363246327988037
88990,0.18161706437173067,0.6020853083037271,0.06516942668554415
88991,0.2812632665270064,0.32702261625572476,0.37880202448590444
88992,0.2390197995051987,0.24473746524010204,0.2825510874476743
88993,0.23192437346079114,0.3637461572994413,0.409519412741719
88994,0.3806043745843032,0.4458465992015984,0.40227706500512916
88995,0.2445099751622759,0.28413922826323446,0.20060685974005846
88996,0.2500107095902152,0.29976866193464957,0.2740665350427181
88997,0.24529973043780873,0.28557138141921806,0.21038528186417535
88998,0.2544250008763808,0.3034620878334638,0.21186015274563905
88999,0.3806921528639594,0.4321710768073311,0.3865536488460492
89000,0.2524048995540418,0.30763068630690965,0.18679706500648116
89001,0.24990897379371135,0.3864722371608977,0.23033891082958477
89002,0.23474157134999202,0.27858860336948355,0.17238399830896267
89003,0.22301771036401621,0.42292757610240017,0.30362213841055535
89004,0.257310898751105,0.49897578194924985,0.28390017492056274
89005,0.3733577043435342,0.45309128772622936,0.40040009872045673
89006,0.2351732120901699,0.2685612621661066,0.17860344961209262
89007,0.26833067551869305,0.4226211085291229,0.2066945029422637
89008,0.35466505458857633,0.35389305635423907,0.25361662154991726
89009,0.24428151145712035,0.251959170415761,0.029044492581144832
89010,0.23972164055123596,0.4089164314902359,0.23455738689303424
89011,0.2558058887120449,0.43011282078204605,0.3915579036477121
89012,0.3599008001211676,0.3982930359545829,0.3927693399975725
89013,0.2364259898604814,0.2855785325584644,0.1293567693696732
89014,0.24249109738849167,0.40168996461849227,0.22713235916170488
89015,0.338422424864836,0.32702856407827097,0.2137650751237732
89016,0.22100581134865588,0.24586022848225098,0.102398560995895
89017,0.24847671957705075,0.3957630797828582,0.21222150753992364
89018,0.20674591939971892,0.35900839002684753,0.4940142104325499
89019,0.13897694103509076,0.7760385582552065,0.7281063947487261
89020,0.08401592166348201,0.40984735166991154,0.6802280548003988
89021,0.21504787761072655,0.41003238739791,0.18126382869688898
89022,0.32348015535520624,0.33118365102419844,0.4041654722904204
89023,0.09428047441475146,0.42899868703966065,0.6855912308600256
89024,0.2255709616399713,0.426018209095418,0.1996068368580572
89025,0.3007223788183421,0.3206291195842685,0.40157553056246154
89026,0.40697651355214987,0.46461998998608434,0.3475639439552529
89027,0.21722889822633298,0.2717284261012508,0.18016288165581057
89028,0.2644006375605632,0.334432743636381,0.1448435663704614
89029,0.30492506417944093,0.28913117040336683,0.35959990195552555
89030,0.26082198462073675,0.29150655194984426,0.2642527500988371
89031,0.24393359315972235,0.3385876242994456,0.24514065890632217
89032,0.23362213771385093,0.4698107888060278,0.351828919151941
89033,0.3849179723560673,0.4796839679498831,0.42454447157499453
89034,0.21670787046673243,0.3028184509208181,0.25233323322035306
89035,0.2888480893350413,0.3437491309528609,0.38211538558385927
89036,0.27682670212548144,0.3493680010937461,0.2652966056807255
89037,0.25040926920279943,0.27604152572014024,0.2668998355689927
89038,0.2845181096076264,0.3957163223339399,0.42225689673488037
89039,0.3865705332875179,0.4823145901586906,0.4020814441740177
89040,0.2857243698745477,0.32663535456115494,0.3264551583922883
89041,0.23749765978637088,0.2832081705616502,0.2784050048648757
89042,0.31238229806317447,0.38673868585877724,0.31223456498324426
89043,0.28508418208069014,0.38148194528366824,0.2760127541638567
89044,0.06434873814290464,0.809211180477878,0.8223128444108752
89045,0.3594657606350041,0.3930071407348544,0.4526218869620351
89046,0.300436476306029,0.3897604891365492,0.34039763155401603
89047,0.24309528113320789,0.30291361608155754,0.2634525275198314
89048,0.3087508512690375,0.39419993700894923,0.40542763266296505
89049,0.2303613128402961,0.2923409317496946,0.258480871965131
89050,0.17646916509371519,0.24121907035043677,0.37876168524147763
89051,0.3837005868606197,0.4677886322817457,0.45308992021482175
89052,0.2988844955974472,0.36612270778214173,0.30447072013037807
89053,0.2326358896037343,0.2996375691752927,0.2515220143103427
89054,0.26824742890035114,0.3961749578990644,0.4262044982364128
89055,0.3019689255543466,0.34031923141136877,0.24212314780424216
89056,0.26329581853216044,0.38877284116958305,0.251076890520575
89057,0.26237595926029683,0.41088000368146144,0.4338388227659892
89058,0.2693776932070332,0.2922414346488348,0.361768334913273
89059,0.2978178784739231,0.316098047740275,0.27802027111673255
89060,0.2845325429489122,0.378003431747492,0.27825192391748105
89061,0.3019282312357451,0.4537035696437181,0.2566564696424963
89062,0.06492032224904176,0.7825548276105503,0.8070951644179947
89063,0.3529619656334724,0.4596092073444761,0.4552258046242801
89064,0.32702629362510327,0.34222996080922136,0.25916586068450714
89065,0.3323250065916554,0.49667029591280976,0.31176029579363584
89066,0.23464858165982455,0.3970971110570678,0.4877438830107157
89067,0.32381234878784393,0.32517459684818606,0.2978173008580615
89068,0.30962958571447474,0.442292311093793,0.28634026510099697
89069,0.2739462422443343,0.4920030429988419,0.4241693182917805
89070,0.3364361297359008,0.48453849132286386,0.5131816888694747
89071,0.2918124076088078,0.38884091451433156,0.250683965239908
89072,0.3321786339312066,0.5788884565687139,0.2965373114520563
89073,0.28959538294406,0.40721054097521775,0.33715768213506847
89074,0.33284952373046794,0.5518900867147404,0.29337568514609647
89075,0.29022360715204804,0.4898737569077738,0.4680944967840649
89076,0.2986849438914762,0.35815840149037304,0.5473013383469589
89077,0.28636115892241953,0.3473367337430206,0.2918905456708352
89078,0.3101449488974325,0.417068592709129,0.31443345094411573
89079,0.2767817933618577,0.48012953893369215,0.4346038150481301
89080,0.3050383103956829,0.3602358418219053,0.3195967136849543
89081,0.29179788363429576,0.4480030114891346,0.45732721393586206
89082,0.37672790086290736,0.5832067132591752,0.6027092086670531
89083,0.2951256864620745,0.37619085861189067,0.3176355918274144
89084,0.3365997906842633,0.4880400397787277,0.3277097139638308
89085,0.27747346082824453,0.4503435312317862,0.4998196310197872
89086,0.28333344270686733,0.39798264900691105,0.31605906588099947
89087,0.30782231386575726,0.4175257499137361,0.30230415246132086
89088,0.2809468885923552,0.4900166077903144,0.472081829145944
89089,0.2988129180069893,0.380229602023157,0.595200667546052
89090,0.2811220373021492,0.40446845725950376,0.31425837152548897
89091,0.32431457015299053,0.4464872106322553,0.3033949154063906
89092,0.28310409532775554,0.4290554148269512,0.5233078869931979
89093,0.2856548541899878,0.41425317543566303,0.29417928024310214
89094,0.3022081519551234,0.40923238807520546,0.30446120145445704
89095,0.28928131615667907,0.472628165766691,0.5214208992707604
89096,0.3328681035418562,0.5463033967004635,0.6495925702513772
89097,0.2679755971964186,0.466134003058152,0.3143688861836077
89098,0.3068290416806036,0.42304364459324423,0.5149216335396465
89099,0.2911119713777779,0.43265491326220323,0.32793569485049856
89100,0.3113901361350428,0.44621522667755525,0.5373371900828122
89101,0.2694844138309827,0.40216331502783503,0.6725419331262191
89102,0.29674668437247165,0.4164157074481311,0.30718333997316954
89103,0.30815527768081835,0.41072714808007144,0.30823419672498065
89104,0.3187194412198763,0.46244040525695196,0.5294762086842568
89105,0.2876638302838005,0.42455789832865193,0.30813010812370867
89106,0.3051362622549894,0.40640019312889225,0.2975441828798489
89107,0.27431876746266837,0.4134882785801242,0.5583435094020521
89108,0.2627197084292857,0.4200247636560297,0.692958795870005
89109,0.29659729815724895,0.4119513681102775,0.28560519665457706
89110,0.32425699539599356,0.4829065532141862,0.5391547375223213
89111,0.28906789756708673,0.4345549847121406,0.3608063191367246
89112,0.3018926576944286,0.4190911961796138,0.2888645837336416
89113,0.3427365890942642,0.49638067477333403,0.631615699459346
89114,0.2622195489700371,0.4201007445105218,0.6791388783013159
89115,0.2859077208913204,0.4346164226248001,0.38433555653775786
89116,0.32496937255458636,0.4704080464550038,0.3239520634917738
89117,0.3237961027820325,0.48823418633316984,0.5478937185459094
89118,0.29532743602378286,0.48088969128338477,0.3255545302593849
89119,0.29999448071974816,0.41857583282719896,0.27009475822867357
89120,0.32192348437716417,0.49066770526650083,0.5197967165713988
89121,0.2659983427318054,0.4194745728802662,0.6769824271300363
89122,0.32106024821342155,0.5328633118136901,0.3079495511359156
89123,0.3109011698792402,0.43313135791448915,0.29192280058930786
89124,0.3269464004361339,0.48331770934037244,0.5253681289820217
89125,0.27866467597960265,0.379540617261156,0.41142504067639063
89126,0.3289177184244256,0.466016078021542,0.33855117742091995
89127,0.33545119580756527,0.4689056883646886,0.5478843730904556
89128,0.28452950673583166,0.41586235366847013,0.6694213959825628
89129,0.33916602516988353,0.5052530382274762,0.34419654652128856
89130,0.32791150834621985,0.4658573433585601,0.3603712062224983
89131,0.33915317791005783,0.5034448657929496,0.37095003365208945
89132,0.31065288015583503,0.447376152249336,0.27073442682302207
89133,0.34095997393433736,0.43087565480895607,0.530136981393553
89134,0.3091172134279843,0.39896544932659966,0.6466290975977516
89135,0.34368572289821764,0.5169079168384563,0.3694067322362749
89136,0.29641378853233025,0.44219209200291315,0.2887976456414874
89137,0.3489251617347799,0.45684567021102307,0.5153934015947031
89138,0.35052583514418284,0.3149277706787106,0.4660320409531716
89139,0.30812883543704994,0.4184520631094743,0.3200226163401892
89140,0.36303254062218737,0.47175961177255776,0.5472456374045078
89141,0.3296934028915778,0.3973587808686242,0.6240691681324498
89142,0.32219617709674636,0.46091260561354885,0.35672641099731284
89143,0.40708790178725296,0.5561591793228832,0.35289675995932346
89144,0.3682587243494056,0.4612345100210645,0.5036077682940839
89145,0.3383976366774472,0.4955089233948261,0.38753665387336345
89146,0.4461776044340539,0.5200335147767312,0.3383356108867357
89147,0.36932629312180565,0.48613539572532993,0.5127975619210782
89148,0.3373457474531943,0.503592392420382,0.3698934395004112
89149,0.47642141356230333,0.5473909887144923,0.3512500079005433
89150,0.38732093108453686,0.48644048807952145,0.5054032280115713
89151,0.3448531015110629,0.5126518544311516,0.368304112138976
89152,0.4574008074780365,0.48389908320890707,0.25608908494572863
89153,0.4010545838633619,0.5202215759867185,0.496103181669604
89154,0.37851600378426575,0.4361422282005287,0.6087241330721203
89155,0.38049942130826636,0.47714173794781733,0.35749019496107237
89156,0.4652526357707043,0.4841194620674115,0.30945454125423716
89157,0.4670430045227198,0.45762277213594865,0.494580430116053
89158,0.3718805187049433,0.3677468759029843,0.35701953382705054
89159,0.4626057830303043,0.47362255230717776,0.32279981784304657
89160,0.4409732179977569,0.5089076141871158,0.5117266538439582
89161,0.4046266205776696,0.4536263854725259,0.6216396877056359
89162,0.4141640002961554,0.4852705548227283,0.33562736802940984
89163,0.4676480266247791,0.4893066853177317,0.33871113596022084
89164,0.45828570498286103,0.493818160289752,0.44208938967010475
89165,0.4323859917070202,0.5246350665988734,0.29092327518803884
89166,0.45521681862426927,0.4764669523228776,0.28212635191814883
89167,0.4679699558445401,0.5436589191593661,0.5080383422574828
89168,0.4593336969783836,0.5266555384797753,0.643077790726219
89169,0.4479430037322281,0.44941515520741937,0.283094820157103
89170,0.507075609939167,0.5359356200123893,0.2725214122044483
89171,0.46175940464665055,0.565520639444901,0.3513489294620232
89172,0.49768718592807915,0.494297664804504,0.5112321558836841
89173,0.47902326690585323,0.462357135741305,0.6608320605431389
89174,0.5259333481158014,0.5844713647305045,0.27320921800089015
89175,0.4619889786088281,0.546543166148078,0.28129330722926243
89176,0.5143693641409907,0.49321392340391546,0.5264455264893302
89177,0.5333011949801123,0.552177094937953,0.2590222714793633
89178,0.489420166825804,0.5560039170880928,0.33876585250343116
89179,0.5130435813069073,0.5081042799581281,0.5322970321706404
89180,0.5340401276740063,0.4912614217263308,0.6600780360739988
89181,0.5430586774886289,0.5651757344981748,0.2546246358103049
89182,0.5280769145506459,0.5289770458185652,0.3294504951621129
89183,0.563970391155926,0.5160662827579281,0.5014411097899036
89184,0.5340137534051576,0.5997176623646074,0.25076570206356785
89185,0.603120092998527,0.6426819820002989,0.4496515868870653
89186,0.5827994892330546,0.5043954516055524,0.6538672457942324
89187,0.6516512854104051,0.5073490783971445,0.38792570704285356
89188,0.6032584899350628,0.5392538173836348,0.5287900528391714
89189,0.6314016474611132,0.527993110943131,0.3165705985955183
89190,0.622123569403026,0.5565142608908444,0.4935767315802341
89191,0.5891228787976678,0.5018099709632374,0.6451478851572299
89192,0.6648617578905054,0.48002660378511774,0.3534075152941843
89193,0.6232522702865547,0.5559512461971056,0.5066611465951125
89194,0.6101904362975603,0.4040635583801581,0.24497474327290292
89195,0.6653277486234449,0.4820805966312366,0.31686723230838526
89196,0.6431148137263875,0.5477482018720367,0.5235136053100844
89197,0.6068496502601164,0.5755216452027843,0.661102926655277
89198,0.5987329463636334,0.4634261966781522,0.2966151254658659
89199,0.6770312171335068,0.49632078398214585,0.35154055354771907
89200,0.6700506913617209,0.5413001433833501,0.5179463332911183
89201,0.6842598513622454,0.4558253951712456,0.25158885628626204
89202,0.6654945137598076,0.5521628614204148,0.49563134601631625
89203,0.6707896240556149,0.6134882811586602,0.655721972260863
89204,0.7166590545613694,0.4607170494595438,0.3493558970145005
89205,0.6511562920450548,0.4986360340740955,0.29331492278608945
89206,0.791194822891899,0.5394962685084665,0.5482400242839887
89207,0.7385921140556617,0.499651598988504,0.3758493844488174
89208,0.639949992097774,0.4958316529337933,0.31019745003924587
89209,0.8116335217512195,0.5543611491291143,0.607515949887133
89210,0.6804894638322151,0.5284582100379587,0.6490183232779274
89211,0.7394045049794589,0.5783245479825693,0.4252731298079031
89212,0.6258779601686174,0.4863511675998968,0.3426358216614002
89213,0.8341290510478307,0.5551352599525281,0.5818293318391421
89214,0.7426398392581212,0.5337153975592706,0.3913687299978946
