,data_1,data_2,data_3
80216,2.6994605,1.4160705,0.97850543
80217,3.0436277,1.3133429,0.3074233
80218,2.7228854,1.3866241,0.96575576
80219,3.26692,1.3264829,0.4933048
80220,3.1382499,1.430109,0.58877444
80221,3.0692127,0.6736502,1.1610854
80222,2.6848357,1.4144078,1.0044899
80223,3.2665422,1.324846,0.4926887
80224,3.2871966,1.4934181,0.026874952
80225,3.266306,1.3219624,0.48602188
80226,3.147054,1.4313929,0.5209067
80227,2.7799516,1.3956888,0.6618533
80228,2.7010095,1.3861552,0.9379879
80229,3.1608212,1.3085316,0.32043335
80230,3.2941375,1.3839641,0.35716677
80231,2.7219489,1.3852153,0.9521196
80232,3.2617996,1.3276163,0.5728575
80233,3.2216597,1.4817418,0.59006757
80234,2.8002949,1.4127725,0.70286983
80235,2.7022142,1.4103367,0.9476329
80236,3.1634877,1.3163651,0.3894634
80237,3.1609623,1.4663497,0.55222243
80238,2.7013159,1.4179416,0.9529059
80239,3.2953017,1.316376,0.4107465
80240,3.160756,1.452165,0.51618284
80241,2.7824957,1.3844653,0.6738808
80242,2.703194,1.3875542,0.9539032
80243,3.1555798,1.3464625,0.39872274
80244,3.1342928,1.4559733,0.62082523
80245,2.7043695,1.4405558,0.9006736
80246,3.2802987,1.295572,0.4239104
80247,3.17963,1.4776231,0.21515815
80248,2.805207,1.4278768,0.54386246
80249,2.7004051,1.4109885,1.0168974
80250,3.2601256,1.2978699,0.41214997
80251,2.6983075,1.4125574,0.9265165
80252,3.1489215,1.3812553,0.4762376
80253,3.1305964,1.467559,0.23184423
80254,2.957758,1.6351674,0.7564933
80255,2.7094202,1.44786,0.94011444
80256,3.242991,1.3241347,0.511048
80257,3.100486,1.4479593,0.1890954
80258,2.6822982,1.3927748,0.9389482
80259,3.0265698,1.3059669,0.29646075
80260,3.1524673,1.3890072,0.23719779
80261,2.833565,1.4560782,0.60889935
80262,2.7177222,1.408435,0.9375939
80263,3.0251951,1.3016188,0.29041794
80264,3.1161983,1.4414433,0.25879237
80265,2.6998713,1.4132015,0.9832905
80266,3.030316,1.2796221,0.3762399
80267,3.0181136,1.3650707,0.26262325
80268,2.8240867,1.4469733,0.61973137
80269,2.7019746,1.4141757,0.94546396
80270,3.0198874,1.3102595,0.48748222
80271,3.1100903,1.4417385,0.3477869
80272,2.7408433,1.4093727,0.93485636
80273,3.0050292,1.3225336,0.4636957
80274,3.1369915,1.4432096,0.24402188
80275,3.076326,1.6162257,0.83241194
80276,2.7017097,1.4153885,0.93816733
80277,3.0008879,1.3083029,0.44071743
80278,3.070886,1.4606996,0.41983765
80279,2.7010648,1.385992,0.95021254
80280,3.0085063,1.2737068,0.30701113
80281,3.1301486,1.4102724,0.272924
80282,2.7721345,1.5229663,0.6436645
80283,2.7197063,1.4133567,0.9263754
80284,3.0011382,1.3077102,0.3605126
80285,2.7009232,1.4142652,0.98053783
80286,3.0025198,1.3037485,0.32518205
80287,3.0711331,1.4859338,0.2678789
80288,3.0788214,0.6912408,1.16304
80289,2.7000093,1.4160818,0.9401165
80290,3.0285141,1.2719604,0.35330844
80291,3.0505126,1.4291451,0.2342527
80292,2.7006066,1.4172419,0.9427175
80293,3.010493,1.2331564,0.22608103
80294,3.0783393,1.4703513,0.33889335
80295,3.0831215,0.6921732,1.1367159
80296,3.0103853,1.2776108,0.30071607
80297,3.1248317,1.5865998,0.41786733
80298,2.6996176,1.426676,0.95277846
80299,3.0023682,1.3051338,0.3579558
80300,3.0652962,1.4893737,0.33476803
80301,3.053633,0.64480853,1.1445689
80302,2.6992168,1.4134786,0.95726156
80303,3.0003064,1.2982873,0.32213384
80304,3.0834622,1.4696633,0.2207203
80305,2.699439,1.4138588,0.94193834
80306,3.0508578,1.3080889,0.3581879
80307,3.083771,1.4716387,0.23179083
80308,3.0700908,0.6715074,1.141195
80309,2.6508036,1.3453912,0.8572458
80310,3.0262702,1.3037813,0.33677125
80311,3.0286012,1.4141215,0.29855123
80312,2.7007825,1.4137441,0.9478253
80313,3.0047975,1.3118237,0.37436837
80314,3.0853183,1.5063015,0.18646029
80315,3.0671864,0.70406675,1.1610928
80316,2.6804411,1.4186374,0.94626105
80317,3.0021462,1.3068845,0.38840806
80318,3.0957174,1.4865211,0.21977687
80319,2.7031004,1.3903152,0.96304405
80320,3.003002,1.3040577,0.34633762
80321,3.1236703,1.2984085,0.35884514
80322,2.9584074,1.5572783,0.8473545
80323,2.7210627,1.4170775,0.91530925
80324,3.0356035,1.3085529,0.3755684
80325,3.0718443,1.4469482,0.2530994
80326,2.6996326,1.4151134,0.96343595
80327,3.0171297,1.2433488,0.2705475
80328,3.066649,1.4499778,0.3427193
80329,3.0237947,1.5326446,0.85012376
80330,2.720359,1.4120967,0.931845
80331,3.0002582,1.3044889,0.3498789
80332,3.0672457,1.4876188,0.3377466
80333,2.701999,1.415367,0.9240228
80334,3.0148678,1.2406018,0.25421792
80335,3.057555,1.5026261,0.30497527
80336,3.0336373,1.5624986,0.9124684
80337,2.719359,1.4421213,0.9328463
80338,3.0298672,1.2719865,0.314309
80339,3.0184536,1.4317651,0.274556
80340,2.6985002,1.4120343,0.9268395
80341,3.0030832,1.3021123,0.31507045
80342,3.0611138,1.5018393,0.2813969
80343,2.982652,1.5583241,0.87471163
80344,2.703417,1.3896806,0.94667697
80345,3.0005107,1.3059311,0.35896617
80346,3.0727262,1.4554482,0.26316392
80347,2.7032485,1.3891275,0.9449166
80348,3.0261192,1.3150064,0.31941396
80349,3.071955,1.4859337,0.28233862
80350,2.9658825,1.5584346,0.85921335
80351,2.719235,1.4114546,0.93982494
80352,3.030966,1.2712015,0.31630328
80353,3.0594223,1.4603971,0.254883
80354,2.6821377,1.388766,0.92976743
80355,3.004939,1.3092315,0.35164043
80356,3.074139,1.4346416,0.3045385
80357,2.7694368,1.4994999,0.6137665
80358,2.7034812,1.3584784,0.9374477
80359,3.0161784,1.2476622,0.30267847
80360,3.0179424,1.4001588,0.269072
80361,2.721569,1.4195967,0.94699657
80362,3.0312583,1.2718353,0.29681182
80363,3.008612,1.4105738,0.2527733
80364,2.7619839,1.5065862,0.61238813
80365,2.7023005,1.4175555,0.9250563
80366,3.0040972,1.3075882,0.40010732
80367,3.0706418,1.5152065,0.30687362
80368,2.7219958,1.4163827,0.94102216
80369,3.0075428,1.2767751,0.40787292
80370,3.0081613,1.3783345,0.2557302
80371,3.0296102,0.6556187,1.2332393
80372,2.701741,1.4196258,0.96840197
80373,3.0029266,1.3052816,0.33984217
80374,2.6800666,1.3678803,0.79169816
80375,2.9974382,1.3180482,0.36634493
80376,3.0531335,1.4519148,0.22350831
80377,3.0617888,0.6661083,1.1740018
80378,2.6853118,1.3657696,0.9302927
80379,2.9989657,1.2993193,0.301555
80380,3.143775,1.5815649,0.34371468
80381,2.687097,1.3821762,1.0476774
80382,3.011387,1.2392834,0.272421
80383,3.0095286,1.3874942,0.27123278
80384,2.9408271,1.5535607,0.91163486
80385,2.7216141,1.3831403,0.989571
80386,3.0065348,1.2701102,0.29299423
80387,2.6801574,1.4200162,0.9687471
80388,3.0194051,1.3332092,0.37669784
80389,3.010023,1.5791492,0.29523748
80390,3.1737006,1.3352398,0.90850013
80391,2.5201573,1.1550663,0.90521586
80392,3.0247264,1.33357,0.41199946
80393,3.1491888,1.4552231,0.17821549
80394,2.662546,1.3613241,0.9493854
80395,3.0376062,1.3740234,0.42568654
80396,3.1306238,1.5520413,0.21965879
80397,2.9834244,1.5966469,0.8289917
80398,2.7066014,1.4368804,0.93995136
80399,2.9721239,1.1742905,0.3199239
80400,2.6831977,1.3289522,0.9800232
80401,3.0053778,1.268918,0.36927882
80402,3.0696619,1.2235947,0.41599083
80403,3.0118523,1.6899235,0.70755523
80404,2.6992197,1.3564467,0.9684342
80405,3.012433,1.2348355,0.26455918
80406,3.4476159,1.3088635,0.35508925
80407,2.7022512,1.3303568,0.9955289
80408,3.0042,1.3076434,0.31868908
80409,3.391355,1.4816079,0.37404433
80410,2.7223482,1.3591243,0.97303873
80411,3.04244,1.2971206,0.37666222
80412,3.4144633,1.4906956,0.3117246
80413,2.7374406,1.3389274,1.0454458
80414,3.0840487,1.3630694,0.38631767
80415,3.469146,1.4546442,0.5126646
80416,3.1854203,1.3695586,0.64069355
80417,2.8424923,1.4122525,0.9980242
80418,3.1101165,1.3194221,0.34451383
80419,3.4259436,1.4610145,0.5102866
80420,2.8687186,1.4223169,1.0036751
80421,3.141787,1.2939783,0.34711343
80422,3.1666453,1.4332036,0.3437419
80423,2.941557,1.407819,1.0247426
80424,3.4102933,1.2681252,0.49086097
80425,3.2275803,1.4594799,0.40229228
80426,3.0129235,1.4621087,1.1437911
80427,3.528266,1.3448179,0.5102206
80428,3.149458,1.4386092,0.34938228
80429,2.9712365,1.3806491,0.8356456
80430,2.9970164,1.4360819,1.1494838
80431,3.5595272,1.3256755,0.4642233
80432,3.0052757,1.4136297,1.0913675
80433,3.513154,1.3298445,0.470379
80434,3.2352433,1.4726477,0.42793462
80435,2.9335723,1.4093548,0.83931804
80436,3.0100722,1.3564076,1.0896438
80437,3.1836994,1.4462619,0.4443889
80438,3.5064175,1.3285948,0.5397047
80439,3.218416,1.4396445,0.4280672
80440,2.9070783,1.4021715,0.86152285
80441,3.5086868,1.3304332,0.5174844
80442,3.3001502,1.4727954,0.40094814
80443,3.5209818,1.3020502,0.470334
80444,3.3037257,1.3161849,0.36908627
80445,2.9729116,1.4222858,0.7844679
80446,2.9740846,1.3000169,1.0576894
80447,3.55861,1.3172421,0.45477206
80448,3.2191966,1.3278774,0.38956568
80449,2.95389,1.31245,1.0682572
80450,2.8868804,1.3517499,0.77222335
80451,2.9242625,1.2909243,1.0896122
80452,2.9250832,1.3100721,1.0369211
80453,3.529973,1.3809853,0.72498804
80454,2.8102083,1.2899623,0.65373296
80455,2.9536307,1.3034343,1.1086178
80456,3.549925,1.3614165,0.6588638
80457,3.298448,1.331482,0.40882537
80458,2.949135,1.3236839,1.0598081
80459,3.5212293,1.2563437,0.40838316
80460,3.507387,1.226718,0.21655154
80461,2.782071,1.235058,0.8253979
80462,2.9775608,1.3026468,1.0649531
80463,3.5568466,1.3484584,0.4222699
80464,3.5571985,1.3249259,-0.021351092
80465,3.0191133,1.3630302,1.0680217
80466,3.5230002,1.3353765,0.45095325
80467,3.2879536,1.4488403,0.39018434
80468,3.1813862,1.543786,0.68000454
80469,2.9147131,1.2040862,1.0547442
80470,3.5192976,1.3304853,0.45212063
80471,3.4333994,1.4023609,0.5262987
80472,2.9462469,1.1792653,1.0542796
80473,3.515449,1.3227372,0.4312338
80474,3.328508,1.2632953,0.49996755
80475,3.0416718,1.5484375,0.81617355
80476,2.969011,1.1779461,0.9896493
80477,3.5964792,1.431877,0.47597408
80478,3.418753,1.3965926,0.49444228
80479,2.9693146,1.1822804,1.0135833
80480,3.6175063,1.4415996,0.3832007
80481,3.3564348,1.2820113,0.3587757
80482,3.0615077,1.4904981,0.765565
80483,2.9865582,1.1768516,1.0503374
80484,3.625468,1.3985294,0.4678336
80485,3.4436517,1.3857337,0.5385507
80486,3.0081372,1.2491896,1.1097983
80487,3.4322522,1.4381245,0.53115875
80488,2.9104462,1.4726793,0.8874556
80489,2.963196,1.1747547,1.0511271
80490,3.5497677,1.2948177,0.37401074
80491,3.4704883,1.4226933,0.4316856
80492,2.9448204,1.2421716,1.0334389
80493,3.5209496,1.3086087,0.4839062
80494,3.446261,1.443321,0.5347561
80495,3.4356906,1.3768264,0.65487427
80496,2.9269307,1.2814481,1.0400367
80497,3.5176046,1.3306862,0.43960866
80498,3.2191558,1.3159666,0.3500007
80499,2.9234622,1.3386459,1.0683081
80500,3.5047069,1.401621,0.7738863
80501,3.3305128,1.3500813,0.48202628
80502,3.1269143,1.2953548,0.9895881
80503,2.8874252,1.3200117,1.0327096
80504,3.387158,1.2962594,0.40964532
80505,3.3543172,1.1457541,0.35361683
80506,2.9876246,1.2477326,1.0332447
80507,3.364715,1.3047959,0.40707138
80508,3.3858795,1.1687359,0.37575567
80509,3.0264087,1.3347368,0.96595305
80510,2.9394782,1.2807885,1.0432256
80511,3.3641775,1.2649293,0.35060674
80512,2.9571333,1.1671449,0.97649366
80513,3.239742,1.3791733,0.30084226
80514,2.889654,1.3684669,0.76115245
80515,2.9770894,1.1941876,0.97269535
80516,3.3662443,1.3022403,0.404651
80517,3.3605983,1.4763918,0.5200133
80518,2.9795027,1.2863605,1.0413396
80519,3.3699758,1.3074436,0.40390483
80520,3.3351104,1.5753654,0.36140552
80521,3.110363,1.573868,0.83698845
80522,2.9719234,1.2221447,0.99212414
80523,3.4045773,1.2811687,0.36202466
80524,3.2622073,1.3209188,0.30234146
80525,2.965657,1.2454289,1.0246702
80526,3.3648708,1.3003029,0.40637994
80527,3.363173,1.4269646,0.49581864
80528,3.0006154,1.2032888,0.98885274
80529,3.0583446,1.3313869,1.1058753
80530,3.3652582,1.2757502,0.42420724
80531,3.5099645,1.5540746,0.3005185
80532,3.0171645,1.3288438,1.077126
80533,3.1626158,1.2018437,0.3718488
80534,3.595839,1.5757279,0.13012527
80535,3.0438952,1.4403365,0.81258196
80536,3.4456196,1.2895514,1.0082214
80537,3.519575,1.2740809,0.48154166
80538,3.6073368,1.2508452,0.41959813
80539,3.741043,1.5257758,0.60955817
80540,3.211381,1.3029624,0.59334457
80541,3.1546066,1.4853721,1.0945504
80542,3.6513853,1.3046424,0.39434814
80543,3.4782333,1.5470675,0.5690443
80544,3.1710813,1.4807522,1.1101266
80545,3.6395388,1.3075829,0.4556502
80546,3.6009862,1.5406681,0.12946664
80547,3.089571,1.3529698,0.7836971
80548,3.188324,1.4872495,1.1430664
80549,3.7161944,1.4292529,0.38884613
80550,3.5375633,1.5141488,0.46790943
80551,2.9601963,1.5035769,1.0412543
80552,3.5957534,1.3129293,0.492531
80553,3.5448773,1.4611356,0.18204331
80554,2.9664435,1.4844029,0.7510238
80555,2.9247181,1.4999869,0.98500854
80556,3.6237085,1.2803576,0.46121162
80557,3.8623283,1.5044242,0.6372348
80558,3.2275102,1.4313364,1.0441765
80559,3.6473858,1.2498499,0.45604816
80560,3.7235868,0.6671063,1.0519844
80561,3.0759397,1.4010952,0.7485137
80562,3.2477336,1.4637258,0.74502724
80563,3.6698484,1.244063,0.23533012
80564,3.6067443,1.5430516,0.29031113
80565,3.5276291,1.4157664,0.32823196
80566,3.1866636,1.2594987,0.9492082
80567,3.354803,1.409733,1.0041053
80568,3.657387,1.2829331,0.26525918
80569,3.5691757,1.4687179,0.7036125
80570,3.4668334,1.4147235,0.919518
80571,3.7222648,1.3472279,0.3885581
80572,3.1119554,1.4234684,0.5423064
80573,3.4745505,1.4930992,0.80451703
80574,3.9064105,1.397854,0.29560488
80575,3.455147,1.5515307,0.59089166
80576,3.6789777,1.1751201,0.29469183
80577,3.885445,1.3273418,0.3160281
80578,3.2807233,1.4037839,0.41292572
80579,3.4637403,1.4449232,0.56083524
80580,3.7219715,1.474932,0.16160344
80581,3.864199,1.4233935,0.32165354
80582,3.5207083,1.4110436,0.7206387
80583,3.8089428,1.4684635,0.19904889
80584,3.919144,1.4101024,0.35208306
80585,3.3101993,1.4044256,0.52099496
80586,3.4522839,1.5087738,0.6369445
80587,3.799761,1.3638091,0.20151973
80588,3.8827183,1.3878243,0.3568985
80589,3.4078715,1.5365676,0.59402007
80590,3.7324543,1.4067708,0.32093257
80591,3.9044824,1.3661814,0.37392673
80592,3.5034556,1.4766254,0.66797227
80593,3.4053624,1.4343854,0.52375084
80594,3.7555332,1.4295142,0.54943895
80595,3.8510587,1.3232541,0.42351493
80596,3.4507353,1.4883512,0.6815517
80597,3.7966585,1.4265343,0.3924008
80598,3.8531055,1.2662939,0.353048
80599,3.1455052,1.4710168,0.48924422
80600,3.431045,1.3838778,0.65182316
80601,3.7637703,1.4321493,0.28701147
80602,3.851756,1.3201089,0.37443072
80603,3.369878,1.3446968,0.67644805
80604,3.7553613,1.4416955,0.31677833
80605,3.9078996,1.3313302,0.33341938
80606,3.128763,1.4506996,0.5168449
80607,3.8471649,1.4996254,0.17224005
80608,3.8496258,1.3268789,0.3776824
80609,3.3233294,1.3486086,0.7257904
80610,3.8456001,1.2729992,0.3394155
80611,3.205494,1.4758701,0.5378805
80612,3.8948677,1.5223455,0.0749746
80613,3.8384545,1.3155257,0.37683448
80614,3.3327503,1.4080814,0.7392433
80615,3.787631,1.4723008,0.19809002
80616,3.873262,1.2970945,0.38738126
80617,3.188402,1.4748011,0.5215607
80618,3.3611696,1.3951533,0.7054264
80619,3.8797715,1.5351174,0.101948716
80620,3.8253555,1.2967008,0.3835174
80621,3.8860688,1.5334017,0.07043669
80622,3.8421376,1.3072575,0.37814164
80623,3.176193,1.4192711,0.51611036
80624,3.4322245,1.4763196,0.5208863
80625,3.8780246,1.5546776,0.13442282
80626,3.841962,1.2850853,0.36027962
80627,3.3775187,1.4230701,0.77228504
80628,3.8480754,1.2927728,0.38311446
80629,3.2195408,1.487649,0.54459316
80630,3.4294555,1.4424622,0.46920848
80631,3.91697,1.5247251,0.087665826
80632,3.8405993,1.2795429,0.37775916
80633,3.4149542,1.4646899,0.5796943
80634,3.8898427,1.5324394,0.047031548
80635,3.819767,1.2974615,0.41799253
80636,3.2290695,1.4800355,0.54365164
80637,3.362333,1.3612736,0.65701365
80638,3.8756626,1.5356473,0.13980308
80639,3.8297372,1.2916355,0.36763114
80640,3.913543,1.5255486,0.058676526
80641,3.871005,1.2724502,0.34161448
80642,3.178404,1.4513243,0.44941902
80643,3.362805,1.3941706,0.73569566
80644,3.8785336,1.5434707,0.022403786
80645,3.83477,1.3145416,0.40007436
80646,3.3603897,1.3874098,0.7098469
80647,3.916631,1.5156624,0.11428867
80648,3.8394027,1.2786286,0.3880264
80649,3.2013695,1.4851522,0.4442206
80650,3.3623455,1.3944473,0.7518445
80651,3.7373586,1.4206592,0.42980102
80652,3.8334146,1.2799064,0.42800912
80653,3.361442,1.3935759,0.74823827
80654,3.8970478,1.5267228,-0.001996741
80655,3.8232656,1.2936131,0.39979303
80656,3.2010558,1.458209,0.5196467
80657,3.5103538,1.5485169,0.6659388
80658,3.8727949,1.4668499,0.18754965
80659,3.837917,1.3465197,0.41180354
80660,3.4943175,1.5317593,0.75458944
80661,3.8043873,1.4122802,0.16281992
80662,3.8415668,1.271869,0.3702871
80663,3.1848538,1.4323668,0.4834066
80664,3.3834336,1.3726693,0.7557797
80665,3.9143326,1.524032,0.073529914
80666,3.8399525,1.275365,0.38279334
80667,3.4062972,1.3916459,0.72035825
80668,3.8852286,1.4987452,0.05487852
80669,3.8231966,1.2959353,0.406873
80670,3.1993139,1.4631917,0.5964917
80671,3.3643868,1.3745489,0.6929074
80672,3.8569055,1.5510907,0.13064918
80673,3.8403177,1.2789812,0.36736256
80674,3.3698516,1.3946788,0.66343343
80675,3.9004283,1.5132692,0.048370034
80676,3.8636117,1.3095634,0.3755241
80677,3.1597633,1.4478765,0.37334025
80678,3.3609173,1.3949797,0.75703984
80679,3.922701,1.5024905,-0.0062390864
80680,3.8403194,1.3079594,0.37189722
80681,3.3946528,1.3940088,0.76020443
80682,3.8863928,1.5267402,0.066778705
80683,3.852864,1.3259971,0.36557198
80684,3.227476,1.4649885,0.53884417
80685,3.3861196,1.3980806,0.7435199
80686,3.911694,1.484678,0.049173206
80687,3.8602107,1.2842512,0.39584455
80688,3.3811069,1.4539847,0.71560645
80689,3.8250723,1.4431885,0.17117658
80690,3.8261168,1.2937535,0.3864343
80691,3.2061996,1.463074,0.5000576
80692,3.3429508,1.3982435,0.7457178
80693,3.84466,1.4903224,0.20718682
80694,3.8555207,1.2621473,0.36439896
80695,3.3626444,1.3970344,0.74548584
80696,3.8237731,1.4154621,0.1928888
80697,3.8363535,1.3148177,0.3970148
80698,3.2036474,1.4572853,0.4623939
80699,3.4635718,1.4918921,0.5335776
80700,3.8214273,1.4440513,0.16045196
80701,3.8500626,1.2939833,0.41690737
80702,3.4433737,1.4812369,0.5030235
80703,3.8912368,1.4234643,-0.012003131
80704,3.8230665,1.295311,0.40183654
80705,3.1851883,1.4288361,0.49645662
80706,3.383544,1.4512608,0.56870806
80707,3.8825638,1.5083504,0.08470656
80708,3.870937,1.2993367,0.40978038
80709,3.339452,1.366697,0.7667733
80710,3.8656356,1.4681928,0.15790877
80711,3.8283515,1.3188013,0.4522435
80712,3.183653,1.4606767,0.48585126
80713,3.3620129,1.3941284,0.7299392
80714,3.8394606,1.469451,0.1823393
80715,3.8397152,1.2745799,0.37939045
80716,3.4921122,1.5807489,0.64727867
80717,3.8327355,1.4910712,0.3544125
80718,3.8408616,1.2750565,0.37482226
80719,3.180029,1.4928473,0.5539526
80720,3.3452609,1.3960006,0.7054012
80721,3.8834748,1.5359371,0.08753889
80722,3.837519,1.2836547,0.3918821
80723,3.502371,1.5308411,0.67659587
80724,3.7811577,1.4764897,0.39653447
80725,3.8228967,1.2959559,0.40582192
80726,3.229841,1.4729898,0.53656495
80727,3.4484255,1.512785,0.57727724
80728,3.862872,1.5378075,0.03463691
80729,3.8650372,1.3087093,0.37687424
80730,3.5005336,1.535204,0.603372
80731,3.8075454,1.4714904,0.21656513
80732,3.8689194,1.2777574,0.3617028
80733,3.2123363,1.4435143,0.5598656
80734,3.4857638,1.518889,0.6509735
80735,3.8321762,1.4719974,0.20770338
80736,3.8378222,1.3068761,0.37696338
80737,3.3430235,1.4168645,0.6433916
80738,3.7969859,1.4431043,0.3007033
80739,3.86627,1.2810694,0.3638654
80740,3.1865046,1.4404436,0.5468392
80741,3.3617947,1.3890421,0.70073855
80742,3.8869345,1.5400053,0.043809485
80743,3.8580313,1.259091,0.3410925
80744,3.3583162,1.3976742,0.77854276
80745,3.9139824,1.5033207,0.02429149
80746,3.8353708,1.2812768,0.390274
80747,3.165557,1.4202424,0.35679543
80748,3.339328,1.4319891,0.71335137
80749,3.908426,1.5127141,-0.009073056
80750,3.8411574,1.2803229,0.3669603
80751,3.4866393,1.555422,0.56949276
80752,3.835528,1.471779,0.20229402
80753,3.8228006,1.2957141,0.4151085
80754,3.2058172,1.5113949,0.5187678
80755,3.3620405,1.4215294,0.7220381
80756,3.8183608,1.4728644,0.3228463
80757,3.8516386,1.2930082,0.37800908
80758,3.337617,1.3826274,0.6797438
80759,3.8311832,1.4682404,0.20076837
80760,3.858142,1.2894657,0.34040144
80761,3.1609201,1.4253155,0.48723516
80762,3.3745809,1.4004116,0.77167153
80763,3.8377876,1.4439999,0.19956249
80764,3.382868,1.4240829,0.72800225
80765,3.8017795,1.4667741,0.33600536
80766,3.8569918,1.2589569,0.34500036
80767,3.1962023,1.4296312,0.5827283
80768,3.3414872,1.388747,0.6752014
80769,3.886044,1.5377254,0.046346415
80770,3.8588755,1.317263,0.40462664
80771,3.3858101,1.3918148,0.6910164
80772,3.834297,1.4762354,0.22252229
80773,3.853069,1.2856691,0.43202907
80774,3.263356,1.4873778,0.5938896
80775,3.3248558,1.4077119,0.749542
80776,3.8119612,1.4770362,0.22692026
80777,3.8629518,1.2833061,0.38305187
80778,3.3497105,1.3891267,0.5919243
80779,3.8074229,1.4362947,0.21038796
80780,3.8563497,1.292647,0.34866378
80781,3.2206385,1.4880065,0.5451146
80782,3.3581774,1.4192243,0.6961298
80783,3.804396,1.4146522,0.16947627
80784,3.8531663,1.2927912,0.36181515
80785,3.809731,1.4731426,0.21861136
80786,3.8497899,1.2540705,0.375699
80787,3.1606436,1.4287044,0.48662218
80788,3.3432982,1.3893069,0.65565777
80789,3.8956256,1.5372547,0.09588545
80790,3.8604782,1.2786144,0.41421
80791,3.4522963,1.4927436,0.5738038
80792,3.8156254,1.4684685,0.15938783
80793,3.8672168,1.2812119,0.3523457
80794,3.2348151,1.4598353,0.4886845
80795,3.331352,1.410516,0.7025364
80796,3.901792,1.4936229,0.024280244
80797,3.8478477,1.299175,0.40069467
80798,3.3840845,1.4220287,0.6724331
80799,3.8532126,1.2938275,0.36028224
80800,3.1875932,1.4356531,0.5286331
80801,3.4477754,1.5281886,0.5949869
80802,3.889567,1.5003474,0.0310505
80803,3.8735762,1.2992488,0.39618972
80804,3.4565523,1.4957039,0.54060656
80805,3.8096454,1.4721678,0.19729164
80806,3.8497121,1.2949401,0.3858569
80807,3.1620579,1.4285696,0.4729292
80808,3.3962033,1.4394163,0.5698337
80809,3.7974255,1.436591,0.14641707
80810,3.8643374,1.3098104,0.37819988
80811,3.868532,1.4877435,0.059038628
80812,3.8512783,1.2940688,0.3656422
80813,3.2196784,1.4620879,0.5767276
80814,3.3395476,1.3862218,0.6800958
80815,3.8294802,1.4704943,0.22700568
80816,3.8499682,1.3262309,0.3679447
80817,3.3538568,1.3954331,0.57058907
80818,3.9011323,1.5269265,0.030541992
80819,3.8269596,1.2959037,0.38278204
80820,3.2093282,1.4846039,0.6233482
80821,3.468571,1.5480475,0.6736692
80822,3.8044033,1.4802595,0.21471334
80823,3.847498,1.2971902,0.4011435
80824,3.5029092,1.5596132,0.72535425
80825,3.8306973,1.4579431,0.38420597
80826,3.8468187,1.2979456,0.40622097
80827,3.1995656,1.4878243,0.44962496
80828,3.5418375,1.5286388,0.7526323
80829,3.8613586,1.4675809,0.17872688
80830,3.8573232,1.2931886,0.3502512
80831,3.402643,1.3464282,0.67736447
80832,3.8226635,1.4511559,0.23481259
80833,3.8359847,1.2852533,0.3998658
80834,3.1542826,1.4482018,0.42665434
80835,3.3635893,1.3467841,0.64037704
80836,3.851193,1.2633905,0.3854733
80837,3.4196203,1.4680134,0.70677465
80838,3.8549602,1.4670504,0.21432741
80839,3.851343,1.2714388,0.37351072
80840,3.2648273,1.4850274,0.5848589
80841,3.3933184,1.4340652,0.5312374
80842,3.751398,1.3834972,0.3528088
80843,3.843744,1.2771964,0.3992798
80844,3.3927054,1.4391289,0.52303034
80845,3.9711015,1.5241967,0.09273831
80846,3.8413653,1.24277,0.37151715
80847,3.1552064,1.4247754,0.5499055
80848,3.361717,1.345567,0.6630459
80849,3.8410687,1.4116268,0.21101645
80850,3.3838046,1.3761545,0.662107
80851,3.8132448,1.4425211,0.21824229
80852,3.170429,1.4823029,0.5256017
80853,3.3671372,1.3891747,0.5043382
80854,3.8980715,1.5000082,-0.035870064
80855,3.8519552,1.2364063,0.36432394
80856,3.3850086,1.3722681,0.62428737
80857,3.9035442,1.4789622,-0.1309179
80858,3.2377944,1.4848849,0.4814981
80859,3.3642938,1.3967755,0.58890855
80860,3.8636613,1.4676894,0.1764498
80861,3.8501537,1.2702531,0.37124652
80862,3.8476737,1.4715337,0.25815877
80863,3.864066,1.2575277,0.35618797
80864,3.2484093,1.4584769,0.47060716
80865,3.8391209,1.4432516,0.20792626
80866,3.8623877,1.2788668,0.39004707
80867,3.8773818,1.489204,0.054620206
80868,3.8475857,1.2712591,0.39071977
80869,3.2462914,1.4608672,0.48608685
80870,3.477688,1.4329513,0.36457357
80871,3.901523,1.4863865,0.042695552
80872,3.8564515,1.3145415,0.37104103
80873,3.4578297,1.4717184,0.5156077
80874,3.8794127,1.4810442,0.013990747
80875,3.8418865,1.243936,0.36766687
80876,3.2510383,1.4317405,0.47608113
80877,3.4076698,1.3935125,0.5943741
80878,3.8963473,1.4448291,-0.066446565
80879,3.4147336,1.3643026,0.5523231
80880,3.8272183,1.4679875,0.23772003
80881,3.8644946,1.2450458,0.37539616
80882,3.277184,1.4382666,0.51867604
80883,3.4136617,1.3629849,0.5546782
80884,3.869582,1.4691578,-0.0061697643
80885,3.8735402,1.2113988,0.3314754
80886,3.4297729,1.3943084,0.5979078
80887,3.8888595,1.5023571,0.040904038
80888,3.8390846,1.2453876,0.39092728
80889,3.261817,1.4591202,0.52956057
80890,3.4047117,1.3867807,0.59025425
80891,3.850346,1.5168574,0.14306238
80892,3.840823,1.2444348,0.37675607
80893,3.4402013,1.3996738,0.53843343
80894,3.8896577,1.5158086,0.05629312
80895,3.8659818,1.2467189,0.37835568
80896,3.3736353,1.4722303,0.53372675
80897,3.4265428,1.3903807,0.61057043
80898,3.8619485,1.4924562,0.13111787
80899,3.4083872,1.3875098,0.54132164
80900,3.8605285,1.4915099,0.12842909
80901,3.8637376,1.2484086,0.39441258
80902,3.2012217,1.5776381,0.45417133
80903,3.4027143,1.3795435,0.5400859
80904,3.8882267,1.4790435,0.04166661
80905,3.848359,1.2711763,0.38703924
80906,3.4069023,1.369493,0.6156315
80907,3.8688657,1.5161339,0.09972372
80908,3.8599422,1.2539823,0.39539438
80909,3.2653067,1.4627054,0.5095777
80910,3.4090579,1.3645442,0.5733932
80911,3.8706806,1.4843495,0.07720479
80912,3.86506,1.2526737,0.36582693
80913,3.4056985,1.3680351,0.6292025
80914,3.8840277,1.4737607,0.057951048
80915,3.1351535,1.4320316,0.44492477
80916,3.4155052,1.3973947,0.52692133
80917,3.403297,1.3952719,0.63117737
80918,3.881614,1.4186878,0.019812196
80919,3.8335745,1.2839209,0.3981015
80920,3.270145,1.4745458,0.5326288
80921,3.3836806,1.3715434,0.6389992
80922,3.8613074,1.4995424,0.0609104
80923,3.8500814,1.2398351,0.3824103
80924,3.399442,1.3969799,0.65240943
80925,3.8947496,1.4988375,-0.009678462
80926,3.849042,1.2708397,0.38114312
80927,3.1733503,1.4475639,0.48817694
80928,3.3793383,1.370612,0.6679058
80929,3.8650627,1.512791,0.08303486
80930,3.8468919,1.2629242,0.39454395
80931,3.3988032,1.4009395,0.66805184
80932,3.9153993,1.5330552,0.018922396
80933,3.8338435,1.2851669,0.4089822
80934,3.2651145,1.4606421,0.52572995
80935,3.392568,1.4048518,0.72276706
80936,3.8724666,1.4783741,0.12280343
80937,3.870736,1.2479215,0.3478959
80938,3.3585198,1.3713682,0.6699058
80939,3.8541954,1.2623814,0.3670923
80940,3.2711043,1.4769918,0.4918027
80941,3.3854237,1.303596,0.7085466
80942,3.880268,1.5059992,0.08312467
80943,3.8548677,1.263632,0.36612073
80944,3.3650727,1.3998823,0.7200781
80945,3.8764093,1.4837612,0.10887057
80946,3.8639417,1.2538433,0.37475535
80947,3.1528468,1.4830633,0.48834485
80948,3.354595,1.3473086,0.70052016
80949,3.8488696,1.473787,0.25758326
80950,3.861913,1.2508209,0.35139695
80951,3.3713834,1.3718759,0.6905428
80952,3.8602915,1.4952507,0.13134986
80953,3.2538486,1.4864503,0.54059464
80954,3.3587906,1.3427273,0.644228
80955,3.88262,1.486327,-0.0029338498
80956,3.8424788,1.2839191,0.3669636
80957,3.3476002,1.4023108,0.6931962
80958,3.8680398,1.5004332,0.024864214
80959,3.148741,1.4761766,0.49285954
80960,3.3480663,1.370984,0.69899064
80961,3.8291342,1.4655423,0.23877974
80962,3.8635354,1.2550691,0.38632506
80963,3.3573585,1.3466116,0.70406747
80964,3.8815792,1.4811139,0.07842753
80965,3.8391547,1.2831895,0.37889865
80966,3.3477304,1.4565916,0.52566236
80967,3.368155,1.3613081,0.6626189
80968,3.9043152,1.4845096,0.02348145
80969,3.836951,1.2505401,0.38846582
80970,3.3422847,1.3995975,0.7286072
80971,3.8080761,1.4671427,0.2214349
80972,3.840309,1.2776717,0.3775167
80973,3.1845288,1.4755652,0.5249415
80974,3.3556323,1.3412982,0.68577355
80975,3.8556626,1.4684943,0.22629121
80976,3.8463593,1.2764096,0.4246216
80977,3.3460193,1.3695469,0.7123225
80978,3.8663187,1.4639788,0.016585518
80979,3.846916,1.2694416,0.39564958
80980,3.4129586,1.5340524,0.44505158
80981,3.3560033,1.4239019,0.75237095
80982,3.8678799,1.485098,0.051258184
80983,3.851608,1.2716177,0.38118342
80984,3.898487,1.4862678,0.027570667
80985,3.8614712,1.2496017,0.40618232
80986,3.453116,1.4990612,0.5207894
80987,3.3827543,1.3946822,0.7390599
80988,3.865219,1.4161824,-0.05259119
80989,3.8658085,1.2531637,0.37428328
80990,3.3666353,1.4033738,0.7577607
80991,3.8179688,1.4391133,0.18292248
80992,3.862881,1.2255963,0.38749158
80993,3.3333786,1.4316094,0.4924398
80994,3.3427572,1.3789378,0.815054
80995,3.8294907,1.4742968,0.10637889
80996,3.8856869,1.2800746,0.3408829
80997,3.302925,1.34765,0.7787678
80998,3.8168766,1.4565754,0.1049641
80999,3.2007613,1.2453483,0.83639705
81000,3.8203824,1.4825312,0.14931959
81001,3.850308,1.2670788,0.28924748
81002,3.1852908,1.2469866,0.75953645
81003,3.8602376,1.4764563,0.08322731
81004,3.864692,1.2582611,0.2750567
81005,3.2502227,1.4959272,0.62147844
81006,3.2542343,1.3483622,0.8344744
81007,3.8172374,1.4723688,0.17276193
81008,3.858806,1.2579793,0.29841897
81009,3.2820933,1.3562737,0.71786946
81010,3.8032713,1.5075467,0.27274552
81011,3.8367867,1.2527956,0.28613138
81012,3.215005,1.4611802,0.53815335
81013,4.044028,1.4789603,0.36321157
81014,3.8542628,1.2381647,0.2823313
81015,3.2440324,1.2910637,0.7537839
81016,3.8421197,1.5333798,0.5072234
81017,3.7981598,1.322625,0.3142454
81018,2.9669862,1.4898043,0.7099804
81019,3.2588184,1.31785,0.72697395
81020,3.9434536,1.9392482,0.46603107
81021,3.8579094,1.2612633,0.33170724
81022,3.1858768,1.2776921,0.8169627
81023,3.8450239,2.0110545,0.49238008
81024,3.8450491,1.3000191,0.38644743
81025,3.2755587,1.5222987,0.49472684
81026,3.123518,1.27493,0.77943397
81027,3.7589166,2.0366302,0.3779925
81028,3.8834465,1.3269235,0.37551978
81029,3.1148217,1.2509706,0.68811196
81030,3.7718177,2.0474005,0.3928903
81031,3.916513,1.350361,0.36165434
81032,3.1659014,1.3066896,0.4522769
81033,3.0773995,1.2893342,0.66085374
81034,3.8748329,1.9766741,0.30783868
81035,3.8984256,1.4113557,0.34087342
81036,3.8228388,1.8291689,0.27479506
81037,3.8502436,1.529498,0.24505477
81038,3.458246,1.4292903,0.5525053
81039,3.1077137,1.3994712,0.43889815
81040,3.9139807,1.96633,0.31696725
81041,3.7265987,1.5689617,0.36275175
81042,3.8411233,1.9006519,0.580315
81043,3.6858118,1.6764017,0.317663
81044,3.2897608,1.5815985,0.62214077
81045,3.7874744,1.9318031,0.30441535
81046,3.6809773,1.7578043,0.57774144
81047,3.1591544,1.4361657,0.34642008
81048,3.7794905,2.0666533,0.41042554
81049,3.5030112,1.8578519,0.30949804
81050,3.2563858,1.5977857,0.22489914
81051,3.2648947,1.5310541,0.39942792
81052,3.7395678,2.062583,0.28937522
81053,3.5200725,1.9233562,0.23833017
81054,3.2981467,1.5242014,0.4061396
81055,3.5886369,1.9460046,0.15054558
81056,3.4592354,1.892057,0.43638963
81057,3.2792835,1.5601282,0.030209273
81058,3.312618,1.5464919,0.44563496
81059,3.6225889,2.0236022,0.38922802
81060,3.5444164,2.024004,0.21941563
81061,3.57425,2.0591123,0.2823477
81062,3.4753745,1.9627584,0.41369304
81063,3.3640296,1.5768627,-0.013203556
81064,3.4409752,1.5646094,0.4200509
81065,3.5908563,2.0248454,0.19563897
81066,3.4255526,1.9637203,0.18625732
81067,3.40219,1.4609786,0.35425872
81068,3.605612,1.9931461,0.2624588
81069,3.40381,1.9588358,0.19518451
81070,3.7545538,1.5236396,0.49377266
81071,3.5219915,1.5273501,0.38814715
81072,3.5979927,2.0324683,0.14361015
81073,3.3687391,1.8752404,0.2685055
81074,3.5203786,1.5847173,0.38586128
81075,3.5868042,1.9614518,0.21006036
81076,3.3947773,1.9642732,0.30581656
81077,3.5099254,1.4679216,0.35120907
81078,3.5618694,1.6152285,0.35390842
81079,3.5798995,2.0181653,0.25667006
81080,3.555407,1.5300965,0.4208442
81081,3.2961006,2.0006678,0.0381944
81082,3.3509052,1.9270959,0.29914117
81083,3.4489284,1.6889284,0.036127564
81084,3.5501063,1.5041671,0.5784414
81085,3.4030004,2.1402652,0.060556997
81086,3.3316545,1.9406325,0.35301054
81087,3.4945514,1.5271282,0.6013394
81088,3.6148458,1.9308372,-0.18680182
81089,3.2974014,1.9122825,0.14641139
81090,3.3606935,1.6921346,0.120681524
81091,3.5810597,1.5996566,0.50101066
81092,3.3303776,1.9650906,0.067212835
81093,3.2757556,1.9315952,0.44209298
81094,3.5030386,1.5605896,0.5328076
81095,3.3225453,2.0783985,0.33586586
81096,3.2672312,1.9037457,0.2531769
81097,3.4840596,1.2692404,-0.10577029
81098,3.5242386,1.6859415,0.43293712
81099,3.3146036,2.0845134,0.09849251
81100,3.3189554,1.962508,0.39356315
81101,3.5468771,1.7544916,0.42805326
81102,3.213195,1.9905053,-0.026876265
81103,3.3065171,1.9293592,0.32774776
81104,3.4090357,1.3764074,-0.10528193
81105,3.488809,1.7936957,0.61507004
81106,3.1039195,2.1703253,0.15922719
81107,3.3060315,1.9025512,0.28195092
81108,3.4657726,1.8289322,0.6367372
81109,3.3365695,2.131419,0.13351688
81110,3.4284163,2.1941485,0.19618909
81111,3.4284625,1.7631367,0.57011026
81112,3.256705,1.9977361,0.0130556915
81113,3.301443,1.9298368,0.45999828
81114,3.3741865,1.941804,0.66803724
81115,3.2307258,2.0911906,0.09359588
81116,3.3065445,1.8985579,0.43393856
81117,3.461248,1.8838063,0.63372093
81118,3.235867,2.138227,0.14626065
81119,3.4111955,2.0036542,0.6820845
81120,2.635317,2.0884042,0.050843965
81121,3.5728383,1.8996265,0.4009746
81122,3.082407,1.5221245,0.050758526
81123,3.4552972,1.9523207,0.8057154
81124,2.9049633,2.023632,-0.35567993
81125,3.5721414,1.8899504,0.39487782
81126,3.355253,2.1277053,0.79771763
81127,3.2814894,1.9887111,0.16879584
81128,3.532087,1.9070957,0.43536448
81129,3.3712769,1.6426713,0.29427105
81130,3.5432694,2.0674953,-0.16315329
81131,3.460996,1.7441007,0.11369658
81132,3.387317,2.0674052,0.8982636
81133,3.500222,1.9681607,0.10775008
81134,3.4701226,1.7781163,0.19543885
81135,1.274397,1.5575914,1.3230108
81136,3.3783984,2.0966349,0.95481527
81137,3.4632583,1.9619118,0.22250116
81138,3.2974982,1.9313402,0.15955094
81139,3.397361,2.069942,0.91171336
81140,3.4935832,1.954583,0.07910707
81141,3.3331642,1.9910833,0.24588291
81142,2.990793,2.5100217,0.27274844
81143,3.3702986,2.0472558,0.94450694
81144,3.4092982,1.9055636,0.13872632
81145,3.2871575,1.9463948,0.25211284
81146,3.3995838,2.0186882,1.05292
81147,3.3640456,1.8225465,0.20658435
81148,3.4300845,1.9448469,0.2159799
81149,3.3410609,1.8189433,0.64269197
81150,3.3090477,2.1379104,1.2013294
81151,3.3774557,1.7932429,0.12728798
81152,3.3627496,2.0583596,0.41082272
81153,3.3558838,1.7709215,0.20285417
81154,3.2629666,1.8799073,0.3959281
81155,3.3214176,1.8802645,0.7543771
81156,3.3937685,2.0587444,1.1433345
81157,3.3423696,1.7734255,0.21870326
81158,3.2523785,1.8203903,0.31872666
81159,3.4395232,2.0258756,1.1315606
81160,3.3602114,1.7697065,0.15882994
81161,3.2499902,1.8830708,0.323772
81162,3.4086888,2.0261705,0.63973486
81163,3.3807387,2.1641002,1.1403309
81164,3.3552363,1.7811395,0.30743825
81165,3.2488527,1.8760732,0.28087118
81166,3.3591907,2.1710246,1.2149762
81167,3.3340688,1.9542091,0.02978391
81168,3.2602057,1.821066,0.22331245
81169,3.2091315,1.8945554,0.6843835
81170,3.3601224,2.1702912,1.1828163
81171,3.285567,1.98541,0.059176885
81172,3.3173566,1.9239317,0.24006484
81173,3.4389482,2.0694718,1.161533
81174,3.3792582,2.0492353,-0.34590834
81175,3.2984035,1.8990625,0.26359573
81176,3.1071749,1.9594433,0.77319914
81177,3.4691586,2.009763,1.0858871
81178,3.0717227,2.0302882,0.2711784
81179,3.2573025,1.8587643,0.3319145
81180,3.5094972,1.9841682,1.1012492
81181,3.2799084,1.8515362,0.28776294
81182,3.4098806,2.0006948,0.83234084
81183,3.41731,2.0709767,1.1638134
81184,3.182208,1.9577785,0.036864363
81185,3.2739174,1.8763144,0.28683817
81186,3.3333857,2.1803396,1.203827
81187,3.236115,1.9322022,-0.055192646
81188,3.2712293,1.9324582,0.15910769
81189,3.4733758,1.800893,0.8680037
81190,3.3212461,2.194123,1.2094811
81191,3.2947567,1.932595,0.039944634
81192,3.270685,1.8754741,0.31420645
81193,3.2978692,1.9350426,0.023056097
81194,3.2738712,1.893657,0.2508021
81195,3.4963143,1.8828511,0.8729609
81196,3.5374563,1.9566854,1.2096319
81197,3.3313923,1.9946697,-0.11630176
81198,3.2732904,1.8757573,0.2897631
81199,3.433863,2.0860658,1.2520692
81200,3.3900354,1.9883981,-0.013777949
81201,3.2935543,1.8741517,0.27660275
81202,3.4928164,1.8269918,0.86148703
81203,3.4560483,1.9934406,0.020979712
81204,3.4538832,2.1674871,1.2042239
81205,3.0992715,1.9939493,-0.16912593
81206,3.3543406,1.797421,0.14536823
81207,3.5170991,1.8308703,0.80105317
81208,3.398508,2.2425334,1.202794
81209,3.4071872,1.9686686,0.034690525
81210,3.2690592,1.8683479,0.27139446
81211,3.396789,2.1998396,1.1704694
81212,3.3495011,2.087152,0.34346226
81213,3.284442,1.8927742,0.3008871
81214,3.4514143,1.9478853,0.8550679
81215,3.4014666,2.1875045,1.2683457
81216,3.1385436,2.0927444,0.2987921
81217,3.371689,1.8289161,0.2503251
81218,3.3009458,2.1394465,1.3268561
81219,3.1965368,2.2249966,0.44436687
81220,3.3339248,1.9141653,0.1602178
81221,3.3760092,1.8896335,0.8276772
81222,3.2768304,2.128799,1.2581242
81223,3.1478636,2.3409066,0.5190334
81224,3.2269003,2.1376472,1.2353826
81225,2.869523,2.017325,0.7197921
81226,3.4062316,1.8084505,0.3587382
81227,3.2083738,2.1729255,0.9747159
81228,3.1637125,2.1726458,1.2601554
81229,2.9213994,2.2546654,0.45034283
81230,3.5036952,1.9820514,0.0648716
81231,3.123284,2.1951754,1.0815005
81232,3.3703938,2.0513628,0.2913901
81233,3.0947464,2.1562622,0.944722
81234,3.013446,2.2553144,1.188091
81235,2.9251506,2.2202,0.57294196
81236,3.2232223,1.9561799,0.36490774
81237,3.0083883,2.1459968,0.81596583
81238,2.8913727,2.3792894,1.227951
81239,3.3164887,2.0957873,0.02321913
81240,2.6819518,2.5679908,0.39603722
81241,2.9445155,2.313375,0.10733629
81242,2.8950965,2.4504817,0.5418467
81243,2.8317425,2.224649,0.8646148
81244,2.7501197,2.4912453,1.3127329
81245,2.9820304,2.3801413,0.35182244
81246,2.7841187,2.4923701,0.42315403
81247,2.6263304,2.523258,1.387343
81248,2.9229383,2.5157113,0.510828
81249,2.7986257,2.4953666,0.3851017
81250,2.654052,2.233752,0.8481464
81251,2.570954,2.5167258,1.3962953
81252,2.492224,2.0264893,0.41272438
81253,2.7585177,2.1481316,0.100161254
81254,2.4203951,2.620959,1.45185
81255,2.8424199,2.3216095,0.27638704
81256,2.3181543,2.4646013,0.84799534
81257,2.461863,2.4105346,1.2589614
81258,2.3964925,2.5542486,0.18308587
81259,2.8085701,2.2105656,0.19475247
81260,2.3342447,2.5128622,1.2215146
81261,2.6542041,2.2229812,0.52019185
81262,2.8540988,2.2672565,0.21583903
81263,2.3578584,2.625067,0.72873586
81264,2.2275543,2.5946507,1.1727389
81265,2.4297361,2.3847494,0.26373994
81266,2.7773943,2.1280873,-0.11347481
81267,2.0604038,2.534818,1.0067813
81268,2.7452116,2.1626244,0.45043918
81269,2.939033,2.5675526,0.2754726
81270,2.6773732,2.518673,0.1649488
81271,1.8258255,2.6151514,0.6193104
81272,2.6623306,2.1210995,0.40447912
81273,2.9516375,2.673263,0.3589075
81274,1.5589284,2.730197,0.78326195
81275,2.6734388,2.3054242,0.4074023
81276,2.7958436,2.5031576,0.38225168
81277,2.087045,2.7822864,0.5041442
81278,1.3139731,2.5231972,0.6195492
81279,2.9228263,2.0737157,0.340986
81280,2.774626,2.5630505,0.5340524
81281,3.1102848,3.5676398,1.4416038
81282,2.7947102,2.2712545,0.45709538
81283,2.6656222,2.6725528,0.4452213
81284,1.7187656,2.5976026,0.3484717
81285,2.6836941,2.3638837,0.47512388
81286,2.6012323,2.422601,0.46542683
81287,1.346895,2.384388,0.34286016
81288,2.760891,2.3219085,0.37550056
81289,2.55086,2.5745935,0.4481749
81290,1.6708397,2.4428234,0.20964128
81291,1.2194557,2.3597438,0.21680912
81292,2.6604621,2.59156,0.2070268
81293,2.5213256,2.7214255,0.30738026
81294,1.3452916,2.2993934,0.2324651
81295,2.9037237,2.5361934,0.2611515
81296,2.5310264,2.716075,0.37424728
81297,1.8668286,2.3923593,0.0848765
81298,1.2519819,2.3444145,0.2317314
81299,2.6014943,2.5909686,0.16052945
81300,2.5227895,2.762402,0.34256625
81301,2.6625307,2.3533142,0.28828773
81302,2.5447407,2.7404063,0.35697788
81303,1.7017704,1.8902701,0.038235176
81304,1.463046,2.3692055,0.042014237
81305,2.7292378,2.356125,0.33097404
81306,2.5253723,2.6577578,0.21707404
81307,1.4718313,2.4273844,0.06533927
81308,2.7913058,2.4452622,0.2002467
81309,2.5010588,2.6946445,0.39071545
81310,1.7696894,2.2072537,0.32527664
81311,1.4191186,2.3222654,-0.008171518
81312,2.803762,2.3237524,0.38672605
81313,1.4105308,2.298543,-0.023110142
81314,2.7657754,2.362866,0.106425576
81315,2.456141,2.605564,0.3573029
81316,1.754944,2.2794425,0.2392035
81317,1.4631802,2.2946692,0.009968522
81318,2.7388086,2.3689952,-0.24941504
81319,2.5442066,2.6870162,0.36704153
81320,1.4456177,2.2895107,0.028091157
81321,2.7551823,2.3695526,0.2440185
81322,2.582372,2.6819863,0.27339762
81323,1.8691529,2.2396178,0.15255302
81324,1.427904,2.313842,0.023084396
81325,2.7803376,2.344813,0.21558858
81326,2.4288344,2.5094807,0.29932627
81327,1.4363121,2.303828,0.08314069
81328,2.7425451,2.3972275,0.16076542
81329,2.5211465,2.6175103,0.3387498
81330,1.8249395,2.2383466,0.16834828
81331,2.7923446,2.408308,0.054068834
81332,2.514749,2.6260798,0.2960143
81333,2.7657247,2.3967745,0.18003961
81334,2.6028986,2.7499201,0.40866944
81335,1.7963762,2.2100732,0.16553101
81336,1.4684837,2.3196604,0.0070750266
81337,2.7926455,2.3687453,0.1127991
81338,2.5906763,2.7437427,0.3642749
81339,1.4631602,2.2891743,-0.003020489
81340,2.7398233,2.3277566,0.17895882
81341,2.60583,2.7177162,0.35877538
81342,1.7775538,2.2363567,0.1608736
81343,1.4443123,2.289405,0.015886923
81344,2.7473824,2.3349135,0.21663347
81345,2.594412,2.7069364,0.25906718
81346,1.4715132,2.29068,0.03404133
81347,2.7493932,2.336489,0.21874683
81348,2.577441,2.7120137,0.4204794
81349,1.7891492,2.2323287,0.22049697
81350,1.4693159,2.2893775,0.028129496
81351,2.7725646,2.3445044,0.105432115
81352,2.397858,2.488892,0.30728236
81353,1.4516522,2.282258,0.04528658
81354,2.7698405,2.3638635,0.18760847
81355,2.5768554,2.7153778,0.39710316
81356,1.784669,2.2339,0.2121549
81357,1.420751,2.2837038,0.021845538
81358,2.7336671,2.3098953,0.18480846
81359,2.5846736,2.731664,0.3947072
81360,1.4532728,2.2839217,0.045165867
81361,2.6130645,2.7389781,0.3634028
81362,1.7322613,2.2842147,0.2682708
81363,1.438994,2.2854028,0.0002913326
81364,2.7462015,2.3350666,0.16881643
81365,2.3624349,2.4179223,0.3799264
81366,1.4487691,2.2381303,-0.042126026
81367,2.7488766,2.3372254,0.20736389
81368,2.379913,2.4505308,0.35018197
81369,1.737733,2.2814505,0.30252513
81370,2.7942348,2.406175,0.20910703
81371,1.4498043,2.2860484,0.048926406
81372,2.801893,2.37906,0.24500726
81373,2.4226139,2.4816618,0.35701132
81374,1.7712439,2.2562323,0.23812537
81375,2.801796,2.4242203,0.18499206
81376,2.399881,2.492328,0.28163162
81377,2.8022177,2.4111338,0.24650434
81378,2.3642073,2.3901231,0.32576427
81379,1.7799213,2.236855,0.1855646
81380,1.4598444,2.3369489,0.059417177
81381,2.7990623,2.3534565,0.1740572
81382,2.3401446,2.3627448,0.31616524
81383,1.4778568,2.2695334,0.0831144
81384,2.782088,2.3847048,0.22193083
81385,2.4019895,2.4985745,0.2949157
81386,1.7829983,2.2356024,0.20052394
81387,1.4221481,2.2832818,0.03773421
81388,2.760234,2.3403597,0.30718204
81389,2.3584418,2.4509656,0.36758223
81390,1.4731027,2.2835197,0.051278826
81391,2.7878463,2.3793032,0.18146616
81392,2.3232486,2.3595097,0.38344094
81393,1.7874587,2.2322035,0.21939354
81394,1.5009407,2.2843878,0.07491
81395,2.772724,2.3337104,0.20945492
81396,2.3846848,2.4538438,0.39979303
81397,1.4506096,2.3177671,0.027648734
81398,2.8028607,2.375769,0.23094973
81399,2.355248,2.4544265,0.29676655
81400,1.8095582,2.2524402,0.19402085
81401,1.4696001,2.290508,0.040700417
81402,2.8002968,2.3318942,0.26463792
81403,2.3647888,2.4207847,0.38627258
81404,1.503112,2.281927,0.082327336
81405,2.804042,2.3578608,0.095334195
81406,2.5531228,2.7023306,0.30786216
81407,1.8013513,2.2351468,0.1734745
81408,1.4702549,2.3175669,0.010453356
81409,2.8050065,2.3469994,0.20026033
81410,2.388044,2.4177673,0.40849724
81411,1.4983823,2.2917488,0.060050264
81412,2.8048995,2.3838305,0.18933296
81413,2.3660822,2.3997262,0.33939955
81414,1.7601187,2.2319946,0.2026166
81415,1.448632,2.2830749,0.047816984
81416,2.8047636,2.3388078,0.21224773
81417,2.404187,2.4893332,0.3499792
81418,1.4529442,2.3079374,0.041126028
81419,2.801812,2.3732853,0.27768457
81420,2.36642,2.4337234,0.33366936
81421,1.7543257,2.251961,0.2866845
81422,1.4487383,2.3341906,0.12381607
81423,2.7583342,2.343153,0.2473993
81424,2.7979305,2.3252993,0.28572807
81425,2.3628302,2.4251285,0.36800024
81426,1.7527759,2.224951,0.28275073
81427,1.452039,2.2806761,0.061483733
81428,2.808389,2.3505528,0.23130408
81429,2.3827958,2.452483,0.36984056
81430,1.449378,2.2815855,0.03529594
81431,2.8066618,2.3508525,0.14660959
81432,2.3784285,2.485543,0.3450361
81433,1.7343105,2.280232,0.29698092
81434,1.4655393,2.2579367,0.04006669
81435,2.805741,2.3470314,0.2365939
81436,2.3454738,2.364075,0.33830252
81437,1.4212912,2.2828846,0.015514565
81438,2.8049357,2.3456595,0.18331885
81439,2.3252306,2.3638325,0.38592815
81440,1.786364,2.2037547,0.26200578
81441,1.4893708,2.336844,0.07286942
81442,2.778553,2.3724036,0.26777115
81443,2.324139,2.353112,0.4122317
81444,1.4776736,2.2877393,0.07057791
81445,2.759498,2.3399398,0.2864409
81446,2.4233785,2.489792,0.30751768
81447,1.7854844,2.2314773,0.20911533
81448,1.4455211,2.28211,0.035334267
81449,2.650609,2.2441084,0.19775288
81450,2.370782,2.4263854,0.30253807
81451,2.7769842,2.3681169,0.29777864
81452,2.340867,2.3957653,0.31542477
81453,1.7819002,2.231595,0.18755877
81454,1.497741,2.28933,0.052674644
81455,2.7499025,2.3247085,0.300115
81456,2.4017005,2.487919,0.3461833
81457,1.4741441,2.3153713,0.036332536
81458,2.7558296,2.3288412,0.3520061
81459,2.3690147,2.394407,0.38631943
81460,1.8053534,2.2338061,0.18572773
81461,2.779472,2.3385308,0.2521746
81462,2.385809,2.4540558,0.38778305
81463,1.4793966,2.2891583,0.08760224
81464,2.7603912,2.3408847,0.3030901
81465,2.3445733,2.395876,0.3685171
81466,1.7808828,2.2316403,0.19570675
81467,1.4520221,2.3113763,0.037123967
81468,2.7827232,2.3827357,0.21532252
81469,2.3080869,2.2954388,0.36071342
81470,1.452915,2.3090458,0.035481006
81471,2.7952926,2.3272574,0.2627734
81472,2.384782,2.4498503,0.4126413
81473,1.7807251,2.2341623,0.19612612
81474,1.4951794,2.2922351,0.039736476
81475,2.8041158,2.3785417,0.22365099
81476,2.322454,2.372471,0.3704923
81477,1.4654533,2.2876296,0.0068065566
81478,2.8045304,2.3427413,0.24272925
81479,2.3449957,2.3933196,0.37690115
81480,1.7863618,2.2893343,0.18551694
81481,2.7759051,2.3663063,0.2769125
81482,2.3269043,2.366071,0.3813633
81483,1.4953196,2.2894151,0.03592627
81484,2.8040318,2.377425,0.24735373
81485,2.3638835,2.4221313,0.35488543
81486,1.7671452,2.258625,0.2294194
81487,1.4644649,2.3445382,0.0704432
81488,2.7783213,2.3017094,0.21802464
81489,2.5530515,2.6634989,0.28470185
81490,1.492793,2.3359563,0.10357023
81491,2.3660545,2.419329,0.40543494
81492,1.7529556,2.282073,0.25297686
81493,1.4745637,2.285556,0.04024753
81494,2.7996476,2.3279035,0.29624474
81495,2.3230689,2.3617423,0.35670444
81496,1.4547303,2.282667,0.07556958
81497,2.806631,2.380014,0.2534271
81498,2.405109,2.459611,0.31796443
81499,1.7564874,2.2844532,0.28530237
81500,1.4586546,2.3114374,0.07806298
81501,2.804488,2.346364,0.1722201
81502,2.3620799,2.4215639,0.36235356
81503,1.4639478,2.2865353,0.007703641
81504,2.7805088,2.348086,0.15580355
81505,2.404616,2.4542089,0.35594624
81506,1.7347305,2.2486196,0.30094263
81507,1.46295,2.3363402,0.063300885
81508,2.7564435,2.339538,0.25450185
81509,2.326018,2.3612423,0.39473587
81510,2.805476,2.3466637,0.23443784
81511,2.368475,2.3904247,0.41468966
81512,1.7286869,2.2350974,0.30921394
81513,1.4297181,2.3382335,0.021797156
81514,2.66403,2.2666507,0.14038074
81515,2.33922,2.3987715,0.34471244
81516,1.4862648,2.3071866,0.09175959
81517,2.7996938,2.3358965,0.20513803
81518,2.385421,2.4559755,0.38304454
81519,1.7320714,2.2843406,0.27153352
81520,1.4675937,2.2950644,0.0533463
81521,2.779082,2.3811967,0.1797652
81522,2.339657,2.4235034,0.36012882
81523,2.6829448,2.2729979,0.12991229
81524,2.3018663,2.3631237,0.36250636
81525,1.7545458,2.2866511,0.271421
81526,1.4842008,2.306532,0.09135764
81527,2.7811792,2.341805,0.25235862
81528,2.385787,2.4523895,0.4051499
81529,2.6400568,2.2273335,0.25140485
81530,2.3044794,2.331228,0.37238312
81531,1.7439909,2.257032,0.22045009
81532,2.7567866,2.3345675,0.3009315
81533,2.343367,2.42087,0.40453163
81534,1.470634,2.283028,0.029490773
81535,2.8049023,2.3475437,0.22238545
81536,2.4256446,2.4927454,0.28993487
81537,1.7539228,2.2529378,0.29057643
81538,2.8029394,2.413051,0.23080868
81539,2.285389,2.3292878,0.4189286
81540,1.4854643,2.3069582,0.08095275
81541,2.646122,2.227167,0.15705189
81542,2.3672085,2.397469,0.34168857
81543,1.7790614,2.2306278,0.21391334
81544,1.3858132,2.365736,0.098677136
81545,2.805536,2.343899,0.21750015
81546,2.300002,2.358675,0.36334667
81547,1.4185567,2.2812994,0.0030476153
81548,2.8057966,2.3510785,0.13364494
81549,2.3833826,2.4552615,0.3819653
81550,1.7502774,2.2238135,0.26524487
81551,1.4401706,2.3353388,0.08302694
81552,2.7802417,2.3795185,0.24425852
81553,2.3445754,2.3913434,0.38273904
81554,1.4335254,2.3152897,0.06431389
81555,2.779963,2.3252494,0.27755728
81556,2.3423731,2.3905313,0.37666506
81557,1.7688984,2.2596867,0.21835752
81558,1.3108377,2.0293648,0.0046876213
81559,2.7830083,2.3141963,0.18465313
81560,2.3793893,2.4610898,0.28317404
81561,1.356888,2.3774326,0.1465135
81562,2.8058882,2.3880138,0.18609676
81563,2.3879898,2.4237719,0.3771329
81564,1.7683659,2.228469,0.24109021
81565,1.2935203,2.4238703,0.25327814
81566,2.7545972,2.3367975,0.2441155
81567,2.3578894,2.446465,0.3719893
81568,1.2803051,2.4408743,0.17546284
81569,2.8065195,2.351318,0.17470285
81570,2.3435962,2.394656,0.35563827
81571,1.7638905,2.257247,0.20739721
81572,1.2912319,2.4181864,0.22110184
81573,2.7763352,2.3717268,0.23286107
81574,2.3447595,2.3938696,0.37222287
81575,1.2994037,2.385448,0.123841375
81576,2.7566144,2.3403754,0.26862663
81577,2.3826418,2.4562159,0.3448951
81578,1.7878261,2.2600296,0.22276013
81579,1.2695093,2.413319,0.19365092
81580,2.807831,2.3541203,0.14599708
81581,2.3374867,2.4236891,0.33095735
81582,1.2469153,2.4190834,0.19872832
81583,2.3624012,2.4216213,0.34951943
81584,1.7638994,2.2596898,0.21756378
81585,1.2741696,2.4526012,0.20941666
81586,2.7984028,2.4096062,0.2224453
81587,2.3435476,2.395589,0.35078225
81588,1.2546214,2.4003022,0.17197436
81589,2.7814994,2.3434608,0.20798144
81590,2.3276534,2.3560202,0.45261392
81591,1.8146557,2.2601748,0.20958987
81592,1.2603818,2.4297369,0.20117328
81593,2.8002968,2.3678184,0.22366907
81594,2.5589612,2.685231,0.38941994
81595,1.2577204,2.468671,0.19387099
81596,2.6559563,2.2221332,0.07648269
81597,2.3634777,2.4251175,0.34227926
81598,1.7470256,2.2854514,0.2275186
81599,1.258375,2.4609795,0.19998533
81600,2.80319,2.3388777,0.24270976
81601,2.3671706,2.4226916,0.3991318
81602,1.3113408,2.4096155,0.18184452
81603,2.7564492,2.33684,0.29411688
81604,2.3843396,2.4512,0.3598594
81605,1.7296795,2.2832117,0.27352762
81606,1.260395,2.4721029,0.19438688
81607,2.8010738,2.3303928,0.23986802
81608,2.3454351,2.3930514,0.3986996
81609,1.256346,2.445613,0.24785233
81610,2.6396658,2.2343426,0.15925075
81611,2.323126,2.3513587,0.35968226
81612,1.7332325,2.283274,0.29808822
81613,1.2742981,2.4060974,0.20340857
81614,2.8191257,2.3436997,0.19890167
81615,2.332684,2.3295531,0.3980849
81616,1.2742249,2.4047868,0.20828968
81617,2.3447363,2.362986,0.35140452
81618,1.714998,2.2739685,0.321935
81619,1.2703505,2.4235258,0.23235488
81620,2.7784033,2.3366816,0.2185651
81621,2.3268695,2.3656275,0.38055444
81622,1.3481582,2.3988082,0.1916414
81623,2.7759018,2.3782232,0.24057038
81624,2.3476868,2.35924,0.3810331
81625,1.7332593,2.2768078,0.28565875
81626,1.3073809,2.3889005,0.10712817
81627,2.8049004,2.3442705,0.18507321
81628,2.341318,2.3937962,0.3264843
81629,1.3312359,2.3509102,0.20319393
81630,2.801059,2.3791692,0.25327063
81631,2.3210676,2.3895276,0.3818853
81632,1.7364877,2.3018334,0.2873498
81633,1.2697262,2.4149067,0.17835449
81634,2.7570345,2.335884,0.3132159
81635,2.3591485,2.4538426,0.34991762
81636,2.779703,2.3394368,0.23435786
81637,2.34214,2.3901446,0.34615538
81638,1.7697277,2.2842572,0.23230372
81639,1.369999,2.3712902,0.15870926
81640,2.6426945,2.2048984,0.23579498
81641,2.4013782,2.4857788,0.32985145
81642,1.3715957,2.3697484,0.1742206
81643,2.2861714,2.3305247,0.41632384
81644,1.7636099,2.257175,0.21561204
81645,1.348877,2.3690147,0.20306969
81646,2.6594644,2.2398853,0.38813898
81647,2.3181112,2.395193,0.331766
81648,1.3441503,2.3466852,0.19687276
81649,2.7554533,2.3372397,0.22748823
81650,1.7880753,2.2920055,0.18601932
81651,1.275991,2.4191482,0.21523795
81652,2.640329,2.2145364,0.30312294
81653,2.3076017,2.3572986,0.48624042
81654,1.3458718,2.3616357,0.17001757
81655,2.7347236,2.241086,0.21482357
81656,2.3370123,2.4212875,0.33265865
81657,1.7881731,2.2308521,0.23957531
81658,1.3460052,2.3734136,0.19999443
81659,2.7941165,2.3754318,0.207824
81660,2.3464115,2.3914201,0.38092136
81661,1.2754878,2.4397984,0.16492024
81662,2.7999482,2.4059982,0.2630668
81663,2.3470192,2.3659232,0.36398277
81664,1.7853419,2.2932193,0.17994179
81665,1.3684524,2.3610215,0.2704975
81666,2.780025,2.3752253,0.24200346
81667,2.38359,2.4544291,0.34134197
81668,2.7561574,2.345365,0.3038661
81669,2.3044586,2.3327072,0.35985065
81670,1.7928232,2.2871933,0.21946615
81671,1.302873,2.406399,0.22042015
81672,2.801909,2.3765843,0.21806921
81673,2.3254097,2.3572974,0.38498852
81674,1.317065,2.390927,0.22906886
81675,2.7762797,2.3658607,0.30469435
81676,2.3639443,2.4225137,0.36534318
81677,1.7672511,2.2847965,0.2087228
81678,1.3600214,2.3593042,0.22655492
81679,2.639872,2.2038033,0.1360855
81680,2.384607,2.4611173,0.34217182
81681,1.345344,2.4033697,0.17167729
81682,2.7562265,2.339293,0.25170124
81683,2.386664,2.4213138,0.36894885
81684,1.7329607,2.3048167,0.25896746
81685,2.638427,2.2245986,0.2362746
81686,2.3611581,2.422766,0.3304428
81687,1.3087807,2.3764367,0.2011797
81688,2.755626,2.3317566,0.3053136
81689,2.3663776,2.4215915,0.40268213
81690,1.7576267,2.2504232,0.31102115
81691,1.306397,2.4092624,0.25114614
81692,2.7590978,2.310897,0.22268148
81693,2.3883498,2.4234288,0.3983413
81694,1.2953472,2.3896976,0.24748698
81695,2.7590814,2.3402739,0.22525409
81696,2.2811127,2.3294675,0.35588753
81697,1.7578709,2.2484982,0.31409624
81698,1.2924962,2.4151614,0.18919556
81699,2.8038683,2.3403502,0.21292311
81700,2.3657632,2.4183857,0.4122599
81701,1.2956812,2.440613,0.18597916
81702,2.6385777,2.2303514,0.11846786
81703,2.3871093,2.4205635,0.36956033
81704,1.7601504,2.279351,0.3069524
81705,2.391268,2.4165328,0.4142183
81706,2.7178547,2.229639,0.20201752
81707,2.2968109,2.3000162,0.41231167
81708,1.735092,2.2817845,0.30325332
81709,1.2810904,2.369817,0.20001422
81710,2.8093705,2.3554695,0.21061826
81711,2.3834717,2.45638,0.3636134
81712,1.3709961,2.3630288,0.19431745
81713,2.8385706,2.4188223,0.33329755
81714,2.5295856,2.7194717,0.42610323
81715,1.5077074,2.1799054,0.5059068
81716,2.713047,2.033752,0.41305268
81717,2.5890243,2.674903,0.31953546
81718,2.715481,2.2585506,0.3650497
81719,2.603307,2.5283494,0.46178085
81720,1.438884,2.1518533,0.5176604
81721,1.3112308,2.3897119,0.19462624
81722,2.7225683,2.2754645,0.39898136
81723,2.6981847,2.5388327,0.53398323
81724,1.3414255,2.3860865,0.20651513
81725,2.7317727,2.3261614,0.20084727
81726,2.6124313,2.3520436,0.55634713
81727,1.4381313,2.1513362,0.5049939
81728,1.2953613,2.4437945,0.18783776
81729,2.6867974,2.2800853,0.4650213
81730,2.603941,2.2212784,0.61355287
81731,1.2777102,2.4150195,0.20809813
81732,2.7442865,2.301103,0.37115017
81733,2.6563964,2.1890767,0.6807213
81734,1.5444864,2.200839,0.49624696
81735,1.276762,2.4338427,0.17865615
81736,2.767807,2.3486075,0.21670426
81737,2.6708353,2.1913905,0.6323247
81738,1.2824404,2.4465313,0.18350029
81739,2.7705624,2.2987611,0.28681526
81740,3.726024,2.564622,-0.5695929
81741,1.277252,2.4259396,0.10359018
81742,2.7827058,2.2886333,0.27793574
81743,2.7213092,2.259878,0.4930216
81744,1.296264,2.4065993,0.13696603
81745,2.7591567,2.3219495,0.3140181
81746,2.6755915,2.2036548,0.39196274
81747,1.3134627,2.3631358,0.091698796
81748,2.7380986,2.2864022,0.25037992
81749,2.7489808,2.2010336,0.5503722
81750,1.3224672,2.4015927,0.12204648
81751,2.7363567,2.3001196,0.19957915
81752,2.7218142,2.1712358,0.37913227
81753,1.65145,2.2591035,0.29770982
81754,1.3317512,2.4044204,0.17439407
81755,2.7815907,2.2851636,0.3096677
81756,2.674131,2.1501298,0.32814038
81757,1.3117974,2.4028482,0.15808322
81758,2.7651281,2.295609,0.22221945
81759,1.6624957,2.249992,0.34634697
81760,1.3169125,2.4299314,0.16539432
81761,2.281552,2.048884,0.27894878
81762,2.7845147,2.2805698,0.36723438
81763,2.574168,1.8712407,0.38056472
81764,1.7887182,2.244248,0.45149186
81765,1.3114051,2.3866835,0.20136245
81766,2.796171,2.2290213,0.35270882
81767,2.3221083,2.0275826,0.12076615
81768,1.302418,2.3914306,0.21410759
81769,2.7519455,2.1929228,0.42762217
81770,2.2692688,2.067203,0.17108034
81771,1.6164554,1.9963148,0.31569234
81772,1.2930074,2.4257128,0.16689561
81773,2.76198,2.176073,0.4239606
81774,1.3342601,2.415213,0.19022733
81775,2.7545638,2.1537807,0.46645075
81776,2.2982297,2.032935,0.17663798
81777,1.6648157,2.045857,0.28679323
81778,1.3733895,2.376464,0.14834914
81779,2.2762332,2.091922,0.21602629
81780,1.308135,2.4312568,0.12597318
81781,2.6935406,2.0548496,0.56621987
81782,2.3252945,2.0331922,0.30233452
81783,1.6291696,2.1048203,0.32262656
81784,1.4812245,2.2939792,0.08588724
81785,2.543785,2.1984687,0.6039645
81786,2.316354,2.1002648,0.16777168
81787,1.3708099,2.4501636,0.024109457
81788,2.3791282,1.9852661,0.041482784
81789,1.7437216,2.3618236,0.40568957
81790,1.4446692,2.3761616,0.09791309
81791,2.5789866,1.8062376,0.48043638
81792,2.3400757,1.9881022,0.0889626
81793,1.070406,2.2074697,0.4805558
81794,2.5548484,1.6559825,0.4028386
81795,2.3661528,1.9853228,0.17092736
81796,1.5706984,2.0926554,0.31501824
81797,2.4977639,1.7331326,0.38467056
81798,2.2642527,2.0820372,0.13224854
81799,2.443185,1.7899361,0.25019845
81800,2.3131847,1.7260069,0.2559401
81801,1.5671854,2.077766,0.3677717
81802,1.394317,2.120533,0.17164914
81803,2.4970076,1.7382693,0.26197514
81804,2.3105474,1.933054,0.20256387
81805,2.4640582,1.7585866,0.179648
81806,2.28665,1.9757692,0.16709071
81807,1.5023966,1.9903846,0.41723517
81808,1.395021,2.4329853,0.4234708
81809,2.4856122,1.7238743,0.2361346
81810,2.4141219,1.7720364,0.26703304
81811,2.4618497,1.75755,0.22304213
81812,2.244936,2.2107704,0.15280119
81813,1.6889671,2.244967,0.38150916
81814,1.30673,2.4268053,0.47264433
81815,2.4731314,1.7407452,0.21528965
81816,2.2810779,1.8225547,0.24466525
81817,1.2617819,2.2639232,0.4022789
81818,2.486328,1.7285925,0.1992661
81819,2.264408,1.9424795,0.36747643
81820,1.6640426,2.1904066,0.2713071
81821,1.2844127,2.3047092,0.4750258
81822,2.5092044,1.72798,0.20123209
81823,2.3371074,2.1145515,0.030431794
81824,3.350082,2.244283,1.1583358
81825,2.4654124,1.829512,0.24392377
81826,2.372701,2.104277,0.23480599
81827,1.770044,2.2966564,0.38658726
81828,1.4797947,2.2868636,0.49837968
81829,2.497754,1.8101317,0.30628377
81830,2.3185682,2.1681058,0.11066989
81831,1.4666786,2.2623894,0.5780465
81832,2.4038432,1.7647544,0.12966292
81833,1.8003091,2.3527973,0.38506433
81834,2.4659452,1.8251517,0.2867921
81835,2.294356,2.147125,0.060480237
81836,1.472462,2.346797,0.6965455
81837,2.486281,1.7941375,0.26616427
81838,2.4252472,1.9023755,0.110654384
81839,1.7252649,2.4015207,0.19516702
81840,1.4743015,2.4200733,0.65590155
81841,2.4851837,1.7936511,0.22029848
81842,2.297687,2.2305012,0.1819128
81843,1.5106279,2.4120119,0.62726617
81844,2.486394,1.7939341,0.2402281
81845,2.3973665,1.929554,0.09575435
81846,1.732327,2.3830395,0.3736901
81847,1.5065597,2.5325265,0.61917704
81848,2.4980066,1.7738233,0.23839815
81849,1.5127062,2.5194542,0.6291663
81850,2.486479,1.7875224,0.25554717
81851,2.326243,1.9590828,0.071881145
81852,1.8305511,2.2544894,0.3021627
81853,1.5495703,2.529861,0.59810215
81854,2.46499,1.935118,0.23373702
81855,2.384034,2.0779479,0.032106124
81856,1.584853,2.5524242,0.6193114
81857,2.5295868,1.8175501,0.24373846
81858,2.2792797,2.126423,0.17114924
81859,1.6050174,2.5203881,0.59814435
81860,2.5192585,1.8066524,0.24355862
81861,1.564229,2.5790863,0.5665968
81862,2.5454233,1.782113,0.28328288
81863,2.0359294,1.9964497,0.32615525
81864,1.6792564,2.4453974,0.34742683
81865,1.5314848,2.5832248,0.5833146
81866,2.492526,1.7061584,0.20441942
81867,2.0333154,2.2128415,0.2076131
81868,1.5394057,2.639441,0.5847851
81869,2.486426,1.651354,0.28517264
81870,2.2036827,1.8475002,0.104217395
81871,0.44098604,0.45444837,1.9972358
81872,1.4825944,2.712997,0.5586989
81873,2.3652263,1.7658774,0.14832523
81874,2.0710816,1.791649,0.36748546
81875,2.1211958,1.9182323,0.12312552
81876,1.6042436,3.0053718,0.4167623
81877,2.3502893,1.6509554,0.17788234
81878,2.112428,1.8236831,0.33534294
81879,1.868548,2.4077098,0.710441
81880,2.3001597,1.7430787,0.06554312
81881,2.1063974,1.8132014,0.2503029
81882,0.47925997,0.46865085,1.9835734
81883,1.9181052,2.4698083,0.72477937
81884,2.4580033,1.611802,0.20056479
81885,2.2778835,1.979976,0.37241828
81886,1.8271115,2.4155314,0.73357475
81887,2.3102717,1.7628726,0.07099576
81888,2.2137985,1.6326946,0.18277644
81889,1.7778074,2.375383,0.13173184
81890,1.7315675,2.3185577,0.73452
81891,2.378861,1.7353462,0.11417697
81892,2.2573023,1.5811591,0.23188111
81893,1.7673794,2.4585211,0.49578416
81894,2.3825467,1.7066807,0.13652493
81895,2.2829726,1.5950234,0.34497026
81896,1.8312579,2.2388237,0.36349174
81897,1.7918204,2.3750513,0.6226329
81898,2.336557,1.7294827,0.15372278
81899,2.2210844,1.6959883,0.25377727
81900,1.9136181,2.2488754,0.5751259
81901,5.090413,3.2541056,2.3799896
81902,2.161654,1.6906282,0.10399573
81903,1.844765,2.2316022,0.27659565
81904,1.7221134,2.4039073,0.4932524
81905,5.0962152,3.2541897,2.3900995
81906,2.025267,2.1158338,0.12503971
81907,1.7519838,2.3910944,0.4718596
81908,2.5225148,1.7278758,0.45545307
81909,2.0413277,1.8618813,0.21899652
81910,2.0345669,2.0159183,0.5190238
81911,1.8729299,2.292504,0.5050027
81912,2.349635,1.7191955,0.30465722
81913,2.0443869,1.7929631,0.15700337
81914,1.9226773,2.2578998,0.51477283
81915,2.379799,1.5505022,0.08994192
81916,2.0704758,1.7976431,0.16557598
81917,1.9726156,2.1381426,0.39797485
81918,1.9770184,2.166911,0.5333843
81919,2.3836558,1.6152854,0.16591929
81920,2.0870078,1.8104993,0.22462466
81921,1.9756267,2.2077734,0.5108584
81922,2.4403,1.583082,0.29504928
81923,2.063147,1.8069811,0.2276381
81924,2.0241377,2.0696788,0.38347587
81925,2.013992,2.1633146,0.6021773
81926,2.395613,1.6495243,0.20022698
81927,2.1469216,2.1008434,0.60346943
81928,2.2737124,1.8028362,0.31690997
81929,1.9424562,2.0074854,0.2699078
81930,1.9832282,2.0961576,0.5258563
81931,2.4570618,1.6395783,0.8352713
81932,2.3136907,1.6607374,0.036303755
81933,2.1028988,1.7969422,0.2185914
81934,2.20506,1.9488486,0.6792028
81935,2.34844,1.7264439,0.21446066
81936,2.1277652,1.7502308,0.14371243
81937,1.8969185,2.1662197,0.541355
81938,2.4459198,1.6552365,0.7858786
81939,2.378044,1.6840217,0.35507834
81940,1.9872807,1.817668,0.22124578
81941,2.1743479,1.9472299,0.865513
81942,2.3026078,1.7555262,0.24446118
81943,2.1500008,1.9153081,0.21766177
81944,2.0479102,2.1473413,0.55862993
81945,2.1717837,2.018479,0.9025363
81946,2.3382456,1.6581179,0.37687382
81947,2.0685315,1.7410088,0.12674594
81948,2.0177162,2.1810446,0.9205352
81949,2.5942795,1.7495627,0.65685135
81950,2.1274347,1.6794922,0.2283354
81951,2.0297375,2.0759506,0.7105621
81952,2.0324879,2.0991652,0.9810132
81953,2.2574768,1.7521995,0.24498643
81954,2.1239,1.698282,0.2893801
81955,2.0150752,2.1053307,1.008747
81956,2.299785,1.6587604,0.13023418
81957,2.0995142,1.7031629,0.23445745
81958,1.9346266,2.2079675,0.93845713
81959,2.3048983,1.6950268,0.1648329
81960,2.2392585,1.8999789,0.1409306
81961,1.9621094,2.1640127,0.95463926
81962,2.30596,1.6937327,0.18053888
81963,2.2307954,1.9325596,0.28986213
81964,2.1691399,1.8688685,0.6465031
81965,2.0944166,2.1545331,0.3083062
81966,1.9733096,1.9017557,1.1498672
81967,2.0475204,2.1074414,0.33821872
81968,2.2397425,1.7398071,0.9005708
81969,1.979884,2.2388513,1.1020826
81970,2.5347285,1.7466081,0.5178887
81971,2.139741,1.816408,0.24763675
81972,2.0307956,1.7639525,1.1760784
81973,2.33594,1.661841,0.33840278
81974,1.8620449,1.6339444,0.23248674
81975,2.2451158,1.6280019,0.9123962
81976,2.0215898,1.7530562,1.0010294
81977,2.5063796,1.7741668,0.08061329
81978,1.9038302,1.9974991,0.20770435
81979,1.9803442,1.6492598,1.0313767
81980,2.2800596,1.710325,0.24852116
81981,2.054478,1.775007,0.33686924
81982,2.0577288,1.7549217,0.9422882
81983,2.06956,1.7164676,0.8959195
81984,2.3337057,1.6702718,0.49638993
81985,2.1023152,1.7011054,0.2717873
81986,1.895516,1.647186,1.198424
81987,2.4548311,1.7479129,0.42929414
81988,2.0569606,1.680653,0.2908547
81989,2.0264041,1.6511141,1.0233023
81990,1.8210815,1.6465273,1.225128
81991,2.4622946,1.6360391,0.28924513
81992,2.0866156,1.6916935,0.25934306
81993,1.8046193,1.6139505,1.2464055
81994,2.1427157,1.566416,0.4976932
81995,2.03423,1.6588026,0.29819393
81996,1.8383566,1.7777048,0.8979833
81997,1.8577299,1.4794204,1.3232231
81998,5.1160975,3.2401214,2.3910172
81999,2.1889644,1.663012,0.06608405
82000,1.8025869,1.622823,1.2231774
82001,1.7920415,1.6598986,0.13078347
82002,2.1566327,1.5933772,0.03479244
82003,1.8562992,1.5835305,0.96722925
82004,1.8104733,1.5459887,1.2242643
82005,1.8162578,1.7516032,0.1310053
82006,2.1615045,1.5952944,0.077221625
82007,1.8790537,1.389212,1.3074216
82008,1.8084233,1.6741723,0.07853127
82009,2.0799365,1.6686761,0.34685048
82010,1.8370249,1.5868918,0.8632852
82011,1.9898424,1.4539602,1.226031
82012,1.7192688,1.8528692,0.041404083
82013,1.3307223,1.4879985,0.19115561
82014,1.8087322,1.676438,-0.056392126
82015,1.8109081,1.6561699,0.011118768
82016,1.9003567,1.4918644,0.9502205
82017,1.9666122,1.4227829,1.1316804
82018,2.1396832,1.5343249,0.098376326
82019,1.6575384,1.2157001,0.029070782
82020,1.9366965,1.4289908,1.1411637
82021,2.0779574,1.6138442,0.084448546
82022,1.8792865,1.2503961,-0.22518897
82023,1.9796355,1.3436389,0.67682225
82024,1.8719957,1.3418068,0.94060224
82025,2.0765033,1.5403436,0.24954703
82026,1.7038354,1.2309768,-0.09096414
82027,3.6630318,1.5539004,1.58886
82028,2.0842915,1.476927,0.2218479
82029,1.9873717,1.3904926,-0.23868024
82030,1.9204708,1.3559722,0.6551263
82031,3.860625,1.9599622,1.2945442
82032,2.1648073,1.1676233,-0.1097586
82033,3.623205,1.4462049,1.4642708
82034,1.8719707,1.8153052,0.092794485
82035,1.6817827,1.2157168,0.0138195595
82036,2.1008673,1.0505394,0.5357477
82037,1.8911587,1.2287325,0.5802907
82038,1.5658317,1.4101871,0.14971903
82039,1.987729,1.3708582,-0.10853891
82040,3.391488,1.4269052,1.3314492
82041,1.3949665,1.361985,0.32461837
82042,1.7198771,1.2316538,-0.1620599
82043,1.7965906,1.4985018,0.3190675
82044,3.384605,1.4702381,1.3825483
82045,1.7402749,1.6350582,0.185721
82046,1.6326838,1.1980386,-0.067324616
82047,2.0857508,1.1100838,0.6250942
82048,1.9030082,1.4848008,-0.24558459
82049,1.8080274,1.2273211,-0.24686371
82050,2.0806866,1.116934,0.60504454
82051,1.7807522,1.4274613,-0.12814566
82052,1.7328984,1.2651364,-0.13832058
82053,2.0449784,1.1931407,0.84919894
82054,1.2428038,2.3446546,0.22704925
82055,1.9342995,0.7987827,0.43234074
82056,2.1080885,1.0992014,0.55790275
82057,1.3891352,1.4033912,0.32473302
82058,1.7452426,1.3543627,-0.023519227
82059,2.1610718,1.115272,0.577273
82060,1.7186539,1.575316,-0.0027483602
82061,1.59925,0.96917367,-0.5149966
82062,1.9828864,1.7975312,-0.3413989
82063,2.0873718,1.1858027,0.5261872
82064,1.7072165,1.6022986,-0.12259382
82065,1.7350258,0.9833452,-0.2487891
82066,1.6464169,1.6592327,0.108034804
82067,1.9442542,1.453033,0.1997272
82068,2.1209302,1.1579343,0.61425644
82069,1.6239974,1.6855334,-0.07911039
82070,1.7638773,0.9970472,-0.08205961
82071,2.1512082,1.0413648,0.5987312
82072,1.6333821,1.6416805,-0.025692448
82073,1.6833503,1.2971015,0.046555534
82074,1.9113681,1.3846065,0.11108826
82075,2.2592084,1.0071307,0.8110611
82076,1.6855868,1.6140139,0.0032734352
82077,1.5808804,1.3935091,-0.054736983
82078,2.1352692,1.162989,0.577746
82079,1.7379615,1.6243463,-0.019734088
82080,1.7893513,1.0798548,-0.10428124
82081,1.8972893,1.4835232,0.19478151
82082,2.1303728,1.1623703,0.5451678
82083,1.7104825,1.6930789,-0.14509296
82084,1.5891519,1.3657917,-0.10882169
82085,3.7477279,1.4783796,1.1650062
82086,1.5056182,1.9024072,-0.03354877
82087,1.5753531,1.5706472,0.0346296
82088,3.2139015,1.8058091,0.8255152
82089,3.7182693,1.5530124,1.2597048
82090,1.6633826,1.7690027,-0.25931138
82091,1.7491387,1.4217106,0.32872537
82092,2.260818,0.94966614,0.45514983
82093,1.6253783,1.4577682,0.09578347
82094,3.7845283,1.5764502,0.9842241
82095,2.0283787,1.2724508,0.09354606
82096,1.7929134,1.5159847,-0.12014076
82097,1.6012627,1.6274624,0.11965331
82098,2.1442018,1.2429657,0.2644002
82099,1.9008312,1.5900874,-0.045974307
82100,1.7938273,1.5503492,-0.19652678
82101,3.725647,1.5305245,1.100896
82102,1.9217087,1.5864688,0.09484161
82103,1.9089477,1.638576,0.015519863
82104,1.6446271,1.5868851,0.027929924
82105,2.0300405,1.3964883,0.19918498
82106,1.9106134,1.6371015,0.02886393
82107,1.8563814,1.4507632,-0.07551788
82108,2.2592125,0.78847843,0.18182793
82109,2.1412153,1.2163098,0.3526135
82110,1.9302076,1.583757,-0.097634755
82111,1.7360157,1.3985337,-0.28452247
82112,2.0414443,1.4073257,0.34623367
82113,1.9665856,1.5516845,-0.09784168
82114,1.729896,1.3088046,-0.20911866
82115,2.4103673,0.909289,-0.003529822
82116,1.9674854,1.1239475,0.35844913
82117,1.5799524,1.763159,-0.15723504
82118,1.5437806,1.297736,-0.11801375
82119,2.5294483,1.6930125,0.41269132
82120,1.4691262,1.5936757,-0.02395514
82121,1.6148566,1.3254386,-0.14447844
82122,1.5099396,2.0341592,-0.46992353
82123,2.4775908,1.6492401,0.31822994
82124,1.4750493,1.5704254,0.13577692
82125,1.5961974,1.3188998,-0.24801967
82126,2.286704,1.0222908,0.29854086
82127,1.9294431,1.5519024,-0.027301164
82128,1.5128325,1.3108236,-0.16096923
82129,1.601158,1.9978026,-0.2553483
82130,1.9632936,1.4997159,-0.12405925
82131,1.4841024,1.3726914,-0.20945588
82132,2.772866,0.7775338,0.09622433
82133,1.9969095,1.455124,-0.038023405
82134,1.4641303,1.328038,-0.15746039
82135,2.0626924,1.1731752,-0.27457723
82136,2.5692973,1.2101214,-0.10825638
82137,1.4817626,1.353725,-0.10264335
82138,2.3080573,1.1042298,0.25938377
82139,1.9266037,1.356616,-0.13845567
82140,1.5514148,1.370123,-0.059164852
82141,2.183406,1.1351237,0.013518021
82142,1.6021461,1.7032517,-0.21393275
82143,1.5473338,1.6830814,-0.14552793
82144,1.7213138,1.5141176,-0.19192022
82145,1.6150078,1.5819911,-0.27104604
82146,2.3891652,0.82327914,-0.15771607
82147,2.0211866,0.80841464,0.7439395
82148,1.8574618,1.3682846,-0.150706
82149,1.6313765,1.613501,-0.2113739
82150,2.425677,1.0356694,0.31411886
82151,1.5671892,1.6711595,-0.14078516
82152,1.6437832,1.5517614,-0.2071666
82153,1.7483284,1.6028974,0.18629654
82154,2.779587,0.947501,-0.32562217
82155,1.4979229,1.8079135,-0.06251575
82156,2.809867,1.1493267,-0.1930172
82157,1.4755732,1.8019973,-0.25442138
82158,1.4480408,1.6080418,0.06788106
82159,2.3218534,0.9282689,0.1540831
82160,2.9407606,1.4573365,0.15508664
82161,1.447487,1.7983198,-0.097358346
82162,1.5967157,1.5528635,-0.08119049
82163,2.7405868,1.2381878,-0.02327436
82164,1.4325784,1.7425934,0.089085594
82165,1.611168,1.4059515,0.007598718
82166,2.3881032,0.8666342,0.15239702
82167,2.8740516,1.3011835,0.6024709
82168,1.5615551,1.7364271,-0.17881499
82169,1.5037322,1.3406742,-0.20899734
82170,1.6940147,1.847468,-0.13246977
82171,1.726917,1.2629551,-0.07131922
82172,2.0906727,1.2450416,0.3040702
82173,2.5630789,1.1952282,0.1552025
82174,1.4692738,1.6805912,0.16219692
82175,2.8241024,1.0378321,0.41327876
82176,1.5668764,2.0054448,0.106770694
82177,1.2503208,1.8114346,0.15232593
82178,2.384736,0.33626705,0.067166865
82179,2.438816,1.0946609,0.15074521
82180,1.7543116,1.9319795,-0.09640248
82181,1.1613265,2.1124406,-0.05225805
82182,2.2878897,1.1460841,0.07283307
82183,1.4207815,1.7649219,-0.030699147
82184,1.3363599,1.4925107,0.014912251
82185,1.8136911,1.2658187,0.03913452
82186,2.2983425,1.1345991,-0.020421537
82187,1.3039615,2.1467216,0.049520023
82188,1.4310392,1.2855746,-0.14389484
82189,1.2933842,1.8472108,-0.022760848
82190,1.6106329,1.2345115,-0.32840905
82191,1.9518524,1.5821407,-0.019694846
82192,2.1399057,1.1126633,0.18066381
82193,1.5830486,1.523701,-0.17715053
82194,1.5690751,1.2321198,-0.40524876
82195,1.4123772,1.8218895,-0.03147205
82196,1.5314316,1.1842494,-0.5888086
82197,1.8557291,1.4709631,-0.0020826955
82198,1.3775755,1.9279587,0.24610525
82199,1.3881924,1.2807065,-0.38230854
82200,2.101462,0.972311,0.28655487
82201,1.3910453,1.8457279,-0.033203576
82202,1.4253554,1.2339165,-0.44134477
82203,1.8988065,1.5452735,-0.04287868
82204,2.1225464,1.0834783,0.19003336
82205,1.413001,1.8091654,-0.054413762
82206,1.3572788,1.2333612,-0.20544069
82207,1.6122062,1.7284199,-0.06420778
82208,1.3642552,1.2574295,-0.22129321
82209,1.7648065,1.5403678,-0.0056838943
82210,2.2541573,1.0355731,0.7184123
82211,1.6435938,1.6565735,-0.08857725
82212,1.3386085,1.4252406,-0.06590058
82213,2.4937773,1.7028987,0.5980617
82214,1.5997459,1.682801,-0.07835579
82215,1.4863628,1.256807,-0.35755217
82216,1.6180397,1.398369,-0.092317335
82217,2.4774861,1.0767391,0.07935395
82218,1.5906823,1.6462721,-0.08103012
82219,1.5346051,1.2438589,-0.3153406
82220,1.5993315,1.6231403,-0.18067901
82221,1.3318256,1.3160784,-0.32492888
82222,1.425793,1.9089618,0.052027054
82223,2.537975,1.6283642,0.47601366
82224,1.5914241,1.6533915,-0.10011535
82225,1.2929115,1.2311109,-0.26564625
82226,2.5002081,1.5996805,0.49171844
82227,1.559332,1.6539372,-0.12310557
82228,1.3260126,1.2190462,-0.24441662
82229,1.8551656,0.8240474,0.13232051
82230,2.4935176,1.5789677,0.40363774
82231,1.5814096,1.6102306,-0.14540969
82232,1.4068904,1.226166,-0.13746688
82233,2.1588085,0.68867034,0.00011794944
82234,1.5909914,1.6465408,-0.12313862
82235,1.3706721,1.2095355,-0.304931
82236,1.9657562,0.97237825,0.21061797
82237,2.2305908,1.3780463,0.3961675
82238,1.5639142,1.7662084,-0.059337463
82239,1.3783345,1.1969589,-0.30837372
82240,2.3612309,1.5011678,0.24269006
82241,1.6437694,1.7821479,-0.10329999
82242,1.3528948,1.247062,-0.1804892
82243,2.0876908,0.8038909,-0.25152624
82244,2.3668056,1.504473,0.10525838
82245,1.4259648,1.6178805,-0.064300016
82246,1.6419771,0.860226,0.12581736
82247,2.0610356,1.0578958,0.15719649
82248,1.365824,1.924207,-0.37901756
82249,1.2316469,1.36957,-0.25552368
82250,0.50284845,2.7452984,1.9266913
82251,1.0762582,1.5879328,0.08543595
82252,1.4839059,1.5379685,0.20092511
82253,2.3549843,1.54331,0.24436542
82254,1.4385363,1.5330207,-0.17318276
82255,1.5021713,1.1343129,-0.43057066
82256,1.133887,2.2636933,-0.9649261
82257,0.5093406,2.7506607,1.8594708
82258,1.3829023,1.5261929,-0.06237631
82259,1.6432283,1.1682507,-0.41719615
82260,1.4016308,2.200329,-0.12573537
82261,1.7661116,0.6403077,-0.19753665
82262,1.6336944,0.41235602,0.29441336
82263,2.3644357,1.549516,0.3065337
82264,1.2717901,1.5106908,-0.33971766
82265,0.6428388,1.6218479,0.2741291
82266,2.3848095,1.4610041,0.27240852
82267,0.6263092,2.384122,-0.24003395
82268,1.171998,2.0096524,-0.019200364
82269,1.7708536,1.3578941,0.36493307
82270,1.3499612,1.5241503,-0.31161645
82271,0.8756597,1.7666119,0.15525919
82272,2.362778,1.4857116,0.2487204
82273,0.9628256,1.4883131,0.21929647
82274,0.7244674,1.4343213,-0.27920464
82275,1.6482297,0.5722424,0.020000001
82276,2.2117045,1.1377884,0.28900042
82277,0.96363413,1.4408627,0.22038311
82278,0.7695211,1.4505172,-0.10190408
82279,2.4154835,1.2007388,0.3294846
82280,0.94873375,1.4695824,0.17635503
82281,0.7688454,1.3941487,-0.161091
82282,1.6554372,0.8166996,-0.2000433
82283,2.4681246,1.4258834,0.13665994
82284,4.7352586,0.41419235,2.0917327
82285,0.79001105,1.4200267,-0.054178525
82286,1.9376098,0.5067267,0.9106159
82287,1.144689,1.4702783,0.112176485
82288,0.7677437,1.4116263,-0.12144569
82289,1.9647462,1.7215849,0.20052032
82290,2.2959428,1.4657418,0.3519079
82291,1.1609792,1.5972278,0.13453361
82292,0.78411865,1.4558516,-0.07427568
82293,2.343414,1.3438835,0.21019164
82294,1.409031,1.6672547,0.16564411
82295,0.7564118,1.4180298,-0.055119645
82296,2.1616192,1.3977635,0.16956359
82297,2.477576,1.3709035,-0.05039349
82298,1.5863227,1.2445289,0.032093436
82299,0.8054705,1.4646087,0.084912844
82300,2.5364091,1.4808955,0.19812718
82301,1.6948347,1.5151767,0.11929828
82302,0.78304034,1.4577739,-0.0071834475
82303,2.0140922,1.6674651,0.095587865
82304,2.4624646,1.4015357,0.08662453
82305,1.4310219,1.4933262,0.22694217
82306,0.7584899,1.4104496,-0.011145302
82307,2.4279363,1.2524364,0.0320976
82308,1.4920037,1.1762502,0.14624214
82309,0.84243804,1.5682294,-0.06889398
82310,1.9911529,1.7829518,0.062473204
82311,2.4712687,1.2676778,0.008837424
82312,1.5992818,1.255119,0.0779227
82313,0.88040227,1.6292274,-0.16347551
82314,2.4937189,1.2826275,0.055494584
82315,1.1659774,1.2134953,0.24093542
82316,0.8263986,1.564761,-0.1665079
82317,1.9218752,1.5982575,0.023958916
82318,1.1659334,1.2447675,0.28006023
82319,0.83739674,1.5927898,-0.10092604
82320,1.2095953,1.2250341,0.30179137
82321,1.0664963,1.8207536,-0.0866084
82322,1.9409349,1.563537,-0.05780515
82323,2.2568138,0.79612607,-0.2738149
82324,1.1848922,1.1967179,0.22752249
82325,0.97274655,1.0409938,-0.14123467
82326,2.3788583,0.944672,-0.036273934
82327,1.1827992,1.2190521,0.19738519
82328,1.0197678,1.837967,-0.28824744
82329,1.9494923,1.5611956,-0.024424415
82330,2.4160395,1.013534,0.046518076
82331,1.1999131,1.2270372,0.27749103
82332,1.050459,1.8167496,-0.15852636
82333,2.4567487,1.1090713,0.060861565
82334,1.1361768,1.1528131,0.10676095
82335,1.11792,1.7687113,-0.13654438
82336,2.0398314,1.5001146,0.06268903
82337,2.5146995,1.3675818,0.14347267
82338,1.19666,1.2435514,0.17068496
82339,1.0503321,1.8217084,-0.15775579
82340,2.5373676,1.2772981,0.19866465
82341,1.1981709,1.2430643,0.35519385
82342,1.1156641,1.763851,-0.1618293
82343,2.0514731,1.4520316,0.005572317
82344,2.4708815,1.2528408,0.0063195736
82345,1.1681395,1.1659696,0.22137302
82346,2.4107363,1.201752,-0.2366743
82347,1.1630539,1.2058995,0.28944305
82348,1.1104834,1.7390908,-0.13277131
82349,1.9705639,1.5374485,0.03202108
82350,1.1628245,1.1610545,0.19575578
82351,1.139844,1.758212,-0.08272992
82352,2.4281495,1.2760503,0.04565042
82353,1.1484758,1.2211584,0.17026243
82354,1.0398242,1.8483738,-0.19992514
82355,2.0167754,1.5108297,-0.0002434372
82356,2.427043,1.2689756,0.19309399
82357,1.1354649,1.1738467,-0.0045692734
82358,1.0932323,1.7554693,-0.14667319
82359,2.4080637,1.2492269,0.06111991
82360,1.1561904,1.1725831,-0.011563794
82361,0.9787385,1.7551402,-0.17995618
82362,2.0199275,1.5045344,0.046872653
82363,1.141248,1.2081261,0.055560794
82364,1.1288769,1.7619599,-0.0859151
82365,2.3817596,0.97540426,0.50552434
82366,1.1851516,1.235876,0.007837594
82367,1.0530536,1.7870916,-0.1501625
82368,1.9973264,1.5379587,0.03961602
82369,2.501827,1.2277496,0.22896332
82370,1.2095242,1.2052019,-0.14193337
82371,1.0704328,1.8235472,-0.07014026
82372,2.4618666,1.2636744,0.10135321
82373,1.230377,1.1848018,-0.10383081
82374,1.0770869,1.7860016,-0.22364672
82375,1.9848397,1.5280507,0.049893092
82376,2.5127778,1.271142,0.14498809
82377,1.1838758,1.246456,-0.045776755
82378,1.1105361,1.7655315,-0.17686628
82379,2.4783194,1.2592129,0.121365204
82380,1.2355227,1.2856853,0.06587662
82381,1.1341633,1.7833585,-0.035448022
82382,1.9954877,1.493989,0.032131273
82383,2.547952,1.3075254,0.1298711
82384,1.6858361,1.8599318,-0.0047390573
82385,2.492607,1.3449216,0.21355793
82386,1.2256298,1.2994756,-0.06720054
82387,0.95805615,1.7465576,-0.14741397
82388,1.9835635,1.5391048,0.16000816
82389,2.4889853,1.3794721,0.11456007
82390,1.23467,1.3043928,-0.008285394
82391,0.9942275,1.7623289,-0.13285257
82392,2.4987795,1.406623,0.020496009
82393,1.3417135,1.4134688,-0.059407674
82394,1.9755503,1.5033294,0.074727274
82395,2.5344596,1.0590066,-0.037362855
82396,1.201307,1.3257746,-0.037019502
82397,2.4988618,1.2902824,-0.07874395
82398,1.1664082,1.1826539,-0.15828267
82399,1.0070343,1.7424977,-0.09009648
82400,2.0434217,1.5770059,0.053573433
82401,2.4836414,1.2758496,-0.058064144
82402,1.6022122,1.1850188,-0.23280327
82403,1.0459983,1.8258942,-0.12901372
82404,2.4408221,1.3524473,-0.099685766
82405,1.1954336,1.1925845,-0.02914309
82406,0.97518206,1.7750996,-0.1458639
82407,2.1540442,1.5219802,-0.15757221
82408,2.2979658,1.2351601,-0.14163329
82409,1.5691528,0.882558,-0.22580454
82410,2.0683928,1.2015136,0.42652765
82411,1.5914205,1.229167,-0.21438916
82412,1.1033165,1.763086,-0.09083863
82413,1.9089583,1.388521,0.11967437
82414,1.6063907,1.2450352,-0.10433216
82415,2.3451436,1.347948,-0.14608447
82416,0.99170065,1.7119992,-0.14598952
82417,1.8625644,1.2817941,0.23409197
82418,1.2895195,1.2012653,0.0659562
82419,0.81942475,1.4355048,0.038890466
82420,2.3404262,1.1030972,0.04423192
82421,1.6033105,1.4807091,0.06997742
82422,0.8223587,1.5054059,-0.11985115
82423,1.9949319,1.4485526,-0.039012358
82424,2.513404,1.4933023,0.2819823
82425,1.5398974,1.5186734,0.03328132
82426,0.9924287,1.6610234,-0.049430843
82427,2.0574853,1.0456072,0.3617937
82428,1.4002651,1.1123875,-0.13606575
82429,1.0762346,1.4412814,0.052767396
82430,1.90548,1.4407264,0.11515812
82431,1.1166033,1.149533,-0.19338304
82432,2.2704844,1.4851931,0.26837847
82433,1.0215538,1.292642,0.0667013
82434,1.1252072,1.0924346,-0.31900132
82435,1.693713,1.2759647,0.09741656
82436,0.7819474,1.4249206,0.1875839
82437,1.068716,1.2869942,-0.22580586
82438,2.3742003,1.4371569,0.24172975
82439,1.0389088,1.4661626,0.092781894
82440,1.0663198,1.0372618,-0.28555372
82441,1.7237943,1.221907,0.06913348
82442,2.224181,1.2973663,0.34197614
82443,1.0790188,2.0400987,-0.05540268
82444,0.8278943,1.3347441,0.19179383
82445,2.3644125,1.4760585,0.10591195
82446,0.80819064,1.6815168,-0.09454048
82447,1.716693,1.2431296,0.122884884
82448,0.45343328,2.688113,1.9196998
82449,1.0831016,1.4667184,-0.08764494
82450,0.5259082,2.6943147,1.904451
82451,0.86445594,1.7542726,0.11879908
82452,1.0709287,1.4646518,-0.18433079
82453,1.8174736,1.1047765,0.044896036
82454,0.5108674,2.6614735,1.8141973
82455,1.1109247,1.8432584,0.015222989
82456,0.41941437,2.7031586,1.8451978
82457,1.1274915,1.7572153,-0.0110327685
82458,1.2598941,1.5675869,-0.19666132
82459,1.6129746,1.2343225,0.05526423
82460,0.49181613,2.6872709,1.7692031
82461,1.031134,1.5646334,0.1006477
82462,1.2238553,1.5668536,-0.26501355
82463,2.1249433,1.1328948,0.094428204
82464,1.4256551,1.7785603,0.1917104
82465,1.2517184,1.5742185,-0.24693172
82466,1.461699,1.5338763,0.010590492
82467,2.3962345,1.3461612,-0.018800342
82468,1.259449,2.0594158,-0.15696622
82469,1.1810569,1.5701376,-0.300081
82470,1.9285383,1.0583726,0.09243535
82471,1.5238551,1.764698,0.016180418
82472,1.1441063,1.5005105,-0.27031064
82473,1.6091812,1.168067,0.08125001
82474,1.7713059,1.0459706,0.032609172
82475,1.5054163,1.6788036,-0.008492313
82476,1.0305704,1.2619002,0.082693264
82477,0.51260906,2.8087363,1.801515
82478,1.5616527,1.7187601,0.12232281
82479,1.0686892,1.285387,0.06504763
82480,1.6413524,1.3189602,0.053394567
82481,1.5704473,1.7049971,0.09087173
82482,1.0370612,1.2605284,-0.018038936
82483,1.8272059,0.8618113,0.1642043
82484,1.5945222,1.7258842,0.026010843
82485,1.0517876,1.2472212,-0.08346265
82486,1.5046353,1.3175387,0.03222869
82487,2.101779,1.6328065,0.45596817
82488,1.6003119,1.6486073,-0.05432697
82489,1.2774117,1.0724547,-0.11357897
82490,2.451592,1.7046648,0.5821201
82491,1.6187569,1.6523231,-0.07857842
82492,1.4241141,1.3454946,-0.18375917
82493,0.5625937,2.7271147,1.6589992
82494,0.9459723,1.7393432,0.012448518
82495,1.8547492,0.905843,0.1823347
82496,1.5848716,1.6466757,-0.13953602
82497,1.1211354,1.578254,0.20499124
82498,0.48150548,2.852511,1.7839743
82499,2.0274427,1.4927214,0.68809044
82500,1.6057854,1.651928,-0.018058255
82501,1.5239011,1.058841,-0.0836457
82502,1.857529,0.9265486,0.257511
82503,1.6610277,1.6036112,0.09025028
82504,1.4711565,1.0632854,-0.03045232
82505,0.40496314,2.8802912,1.9439853
82506,0.5091945,2.8057551,1.7928702
82507,1.5845705,1.6947317,-0.074056186
82508,1.3711392,1.1089904,-0.09616845
82509,1.6308726,0.97860247,0.38138524
82510,1.5930816,1.704224,0.020232612
82511,1.4858122,1.0605524,-0.17362677
82512,1.7138484,1.9815527,0.20099227
82513,1.8046582,1.1203127,0.4028008
82514,1.672299,1.9210305,0.06816387
82515,1.4086869,1.2595344,-0.2092824
82516,1.5068191,0.90747225,0.38020477
82517,1.6416315,1.8719914,-0.014629291
82518,1.3029523,1.4733639,-0.0295506
82519,1.518231,1.0559525,0.29986942
82520,1.4488394,1.681187,-0.07074813
82521,1.3346232,1.5955343,0.10378431
82522,1.821752,1.9030294,0.084787734
82523,1.4706601,1.4762182,-0.14443481
82524,3.9458492,2.2298348,1.3739945
82525,1.7677715,1.9651523,-0.07387647
82526,1.4232607,1.5706862,-0.05652996
82527,1.4687507,0.9978931,0.29420188
82528,1.7630742,1.9805619,0.007184399
82529,2.3730328,1.7823168,1.6544688
82530,1.7275971,1.9620206,-0.022732845
82531,1.0178449,1.5442579,0.39254254
82532,1.5807732,1.0979965,0.28087336
82533,1.6146705,1.4520992,-0.08754312
82534,1.1945982,1.5165454,0.06199609
82535,1.7669892,1.223338,0.2759452
82536,1.8080368,1.7035925,0.04743961
82537,1.2459828,1.547795,0.09713959
82538,0.4729973,2.7812734,1.8289162
82539,1.6739228,1.5513055,0.018252669
82540,1.5011208,1.5374651,-0.068164736
82541,0.41967702,0.34819758,1.9007056
82542,1.8794703,1.3718673,0.5745981
82543,1.7034152,1.5679098,0.053392906
82544,1.4205886,1.5264767,-0.022298267
82545,1.8114728,1.3090286,0.28474608
82546,1.6997433,1.6366851,0.02947601
82547,1.3411688,1.4271315,-0.025024813
82548,1.6563638,1.7593018,0.2936675
82549,1.7558962,1.4148527,0.2680288
82550,1.5882554,1.501234,-0.039044186
82551,1.4782066,1.5652598,0.08202151
82552,1.8877676,1.197796,0.33856753
82553,1.6485517,1.5815037,-0.057772733
82554,1.4846438,1.677296,0.03681469
82555,0.53255963,0.5184813,1.7685213
82556,1.7581239,1.3366838,0.5398061
82557,1.5211473,1.3379118,0.00067327917
82558,1.6380264,1.5743614,0.46345943
82559,1.8145592,1.8631701,0.85338825
82560,1.6276451,1.5482515,-0.005476363
82561,1.4475983,1.7286015,-0.088212356
82562,0.529123,0.44420835,1.8222896
82563,1.6740885,1.5942501,0.91417354
82564,1.5933305,1.5118475,-0.0704766
82565,1.4361737,1.3122658,0.0819299
82566,1.6281412,1.6752961,0.99474907
82567,1.6782404,1.5597452,0.08247748
82568,1.4364681,1.3467933,0.09873374
82569,1.4079264,1.5937887,0.8884204
82570,1.5958498,1.5876256,1.0875145
82571,1.6752434,1.536443,-0.002003579
82572,1.4051989,1.3352776,0.14102575
82573,1.5402836,1.4301953,1.1074826
82574,1.5382382,1.3628329,-0.02796039
82575,1.4308009,1.1924213,0.21380769
82576,2.0767953,0.40577295,0.8448954
82577,1.4965348,1.3892254,1.1570959
82578,1.3497794,1.7722226,-0.1505086
82579,1.4690124,1.4601561,1.2171589
82580,1.6215633,1.48224,0.107445255
82581,1.4076004,1.4236867,0.010661995
82582,3.1139936,1.6394248,1.3560153
82583,1.3220516,1.3286563,1.3024409
82584,1.5225308,1.3519562,-0.11959384
82585,1.507825,1.5986564,0.015658187
82586,1.2907901,1.3685509,1.3197458
82587,1.5163993,1.3592813,-0.04111116
82588,1.3888545,1.5135028,0.042815357
82589,3.6153424,1.7384987,1.4623086
82590,1.2221152,0.9990674,1.1074603
82591,1.4603763,1.0103288,-0.22297084
82592,1.3483676,1.4790272,0.016785182
82593,1.219604,0.9266324,1.0509028
82594,1.4060953,1.4758391,0.12088889
82595,1.5464845,1.490982,0.8454868
82596,1.5218745,1.3270487,0.023311147
82597,1.4743589,1.5358582,0.023731027
82598,1.2117126,1.3244566,1.3729256
82599,1.5348483,1.3465058,0.02916978
82600,1.4809655,1.5632008,-0.0026576996
82601,1.5356603,1.484464,0.8815093
82602,1.2664396,1.3444548,1.2536024
82603,1.5368286,1.3413423,0.069934845
82604,1.2818689,1.8052824,-0.23412393
82605,1.4622982,1.637001,1.2276096
82606,1.4956179,1.0137959,-0.18995301
82607,1.4559557,1.5392528,-0.08903369
82608,1.5854516,1.4849968,0.90254515
82609,1.4212319,1.6156757,1.2263496
82610,1.5815247,1.4318022,-0.09463075
82611,1.4211752,1.0334761,-0.17144428
82612,1.2750279,1.3498441,1.2998364
82613,1.5764242,1.4070101,0.00459373
82614,1.6218253,1.4845401,0.89298517
82615,1.4272972,1.6475619,1.2523981
82616,1.401151,1.5503591,-0.24638554
82617,1.3027304,1.4369195,1.3299211
82618,1.416931,1.128558,0.017988732
82619,1.5938095,1.5946815,0.8960565
82620,1.3490084,1.4377283,1.3476155
82621,1.6008474,1.4561322,-0.046980117
82622,1.408922,1.4398972,0.044467572
82623,1.3878509,1.4337795,1.3192624
82624,1.6410608,1.5013171,-0.029094288
82625,1.6065477,1.6212959,0.010050081
82626,1.6327672,1.5881159,0.90805376
82627,1.4269938,1.3984054,1.3560001
82628,1.6672578,1.6159357,-0.011402422
82629,1.7139806,1.6835654,0.10812417
82630,1.5062989,1.393204,1.36357
82631,1.6632271,1.5298555,0.019883567
82632,1.6881633,1.6239811,0.21687903
82633,1.8044286,1.6778256,0.88380337
82634,1.6389339,1.5016192,1.3060101
82635,1.6960484,1.5538963,0.037766587
82636,1.5913051,1.4899414,0.14705744
82637,1.6205496,1.4046938,1.3641944
82638,1.6049854,1.6593142,-0.112200566
82639,1.592939,1.449382,0.16614059
82640,1.8505728,1.6661242,0.9608314
82641,1.5736092,0.92148936,-0.19363697
82642,1.8441957,1.5834978,0.0563299
82643,1.7647924,1.4136057,1.3907311
82644,1.8692521,1.5922139,0.31413436
82645,1.8180823,1.7458824,0.16828318
82646,1.9563648,1.6885575,1.0194453
82647,1.8327076,1.4163123,1.3743179
82648,2.3195574,2.0592117,0.1451777
82649,1.8255324,1.7337857,0.1124497
82650,1.940254,1.5220857,1.306894
82651,2.533114,1.930607,0.07990769
82652,2.0699985,1.8356978,0.8609769
82653,2.0340552,1.550646,1.1542953
82654,2.21244,2.2860336,0.053991534
82655,1.788336,1.7560185,0.019611951
82656,2.143569,1.6678077,1.1895356
82657,2.663166,1.9218041,0.23107152
82658,1.9917406,1.8197632,0.091323055
82659,2.261911,1.7325621,0.94522274
82660,2.182654,1.6521692,1.2037001
82661,2.6442342,1.9453819,0.19181356
82662,1.973728,1.5389974,-0.0097382525
82663,2.5351052,1.7409462,0.19545008
82664,2.3694806,1.5717776,0.3601303
82665,2.4246254,1.7872859,0.877583
82666,2.2386024,1.6093929,1.1712328
82667,2.4513946,1.9704043,0.05120393
82668,2.3396332,1.6385461,1.3317783
82669,2.6262243,1.8675766,0.11714734
82670,2.7294543,1.986408,0.084075764
82671,2.479852,1.885768,0.88118935
82672,2.5376847,1.7726977,1.2736099
82673,2.608597,2.206344,0.40788934
82674,2.7469292,1.9307601,-0.06624592
82675,2.6473262,1.7831513,1.2634186
82676,2.7966278,2.044504,0.026114665
82677,2.7582688,1.8732948,0.9228182
82678,2.726099,1.7856584,1.3304712
82679,2.304934,2.1628504,0.08412015
82680,2.7720888,2.0460865,0.0053456193
82681,2.6831787,1.8557042,-0.01430681
82682,2.9236417,1.9546902,0.08212612
82683,2.8165028,1.935404,0.8638099
82684,2.8072474,1.6744847,1.3160952
82685,2.9705944,1.835661,0.17134552
82686,2.8357332,2.0912447,0.0058498336
82687,3.002206,1.8037739,1.3659225
82688,3.3784006,1.9483423,0.34656906
82689,2.8137975,2.103482,-0.007839212
82690,3.1748571,1.9228413,0.90047765
82691,3.1002338,1.8178896,1.3460778
82692,3.40636,1.7994279,0.35328394
82693,2.7180924,1.8643435,-0.033646695
82694,3.1784556,1.8592069,1.3450435
82695,3.5366056,1.9128724,0.16129123
82696,2.827687,1.9632661,-0.12028303
82697,3.0616863,2.026075,0.69292
82698,3.2247999,1.8109578,1.4318714
82699,3.4903636,1.8350928,-0.072785154
82700,2.9758377,1.8167653,-0.07074484
82701,3.5247388,1.8956084,0.16141847
82702,3.2154438,1.7005204,0.06396983
82703,3.4071589,2.1134794,0.84117085
82704,3.2243118,1.9470055,1.3803507
82705,3.4902537,1.8782136,0.14308445
82706,3.4856937,1.9141922,0.3042354
82707,3.403863,1.8399794,1.3780657
82708,3.4011917,1.8062065,0.30681822
82709,4.081735,0.8263363,1.0563035
82710,3.6390703,2.150474,0.9105391
82711,3.4985511,1.827831,1.375465
82712,3.3132403,1.9386697,0.12165945
82713,3.6133115,1.8336968,0.18786699
82714,3.622693,1.8754703,1.3090835
82715,3.1112866,1.9600695,0.47028884
82716,3.8913565,1.9658933,0.34703708
82717,4.2993817,2.024823,1.0814506
82718,3.7740936,1.9185265,1.3014393
82719,3.5020669,2.069077,0.30553472
82720,4.1229553,0.8553443,1.054994
82721,3.7529056,1.8695686,1.3969843
82722,3.4169126,1.7245177,0.23755395
82723,3.8993287,2.004599,0.3204735
82724,4.477165,1.9534602,1.3059437
82725,3.8630025,1.8818777,1.3880837
82726,1.3745359,1.2889726,0.855325
82727,1.0008863,1.1762748,1.3082131
82728,1.3984083,1.3189921,-0.073695324
82729,1.1519797,1.394576,0.13352183
82730,0.9981118,1.171438,1.2844151
82731,1.4040889,1.3052438,-0.11205144
82732,1.1389683,1.397437,0.1794559
82733,1.3454608,1.2606641,0.8290844
82734,1.0149115,1.1355239,1.3202026
82735,1.3864093,1.3051443,-0.09116641
82736,1.1365135,1.3958433,0.16736299
82737,0.99022317,1.1723663,1.2697672
82738,1.3186114,1.2500902,-0.11401397
82739,1.1608336,1.4183102,0.2314843
82740,1.3417112,1.258702,0.8163896
82741,1.0138801,1.185507,1.293834
82742,1.4744194,1.4061435,-0.019250907
82743,1.1824359,1.394043,0.15465677
82744,1.0266317,1.1539752,1.2989057
82745,1.3749084,1.3896952,-0.18402916
82746,1.3105078,1.2440284,0.7351536
82747,1.0001101,1.1719776,1.2973689
82748,1.3144945,1.2295315,-0.19852644
82749,1.1162717,1.3907154,0.09028683
82750,1.0275295,1.1806499,1.3000543
82751,1.3287914,1.1739384,-0.070707634
82752,1.1218692,1.3833486,0.12788773
82753,1.2420846,1.3745532,0.59865236
82754,0.9951103,1.1729532,1.2614765
82755,1.3491869,1.243409,-0.054266583
82756,1.0847536,1.3960727,0.12111269
82758,1.3433018,1.2568494,-0.14571922
82757,1.0086696,1.2185373,1.278576
82759,1.2274895,1.3568807,0.113907546
82760,1.2192807,1.4784273,0.6956588
82761,1.0045846,1.2502588,1.2970685
82762,1.3848337,1.3026378,-0.096354894
82763,1.1666844,1.3369648,0.21691643
82764,0.99658585,1.2557156,1.256833
82765,1.4235057,1.3709462,-0.20103417
82766,1.1145744,1.3707751,-0.08163184
82767,1.2900563,1.3584204,0.8028841
82768,1.0210953,1.2571783,1.2320008
82769,1.3855711,1.3121003,-0.14535245
82770,1.3008012,1.4087756,0.015291104
82771,1.0636021,1.2841448,1.3016702
82772,1.3598611,1.2930392,-0.23011078
82773,1.3716292,1.4799397,0.10333865
82774,1.3516402,1.3650656,0.76247144
82775,1.0888606,1.2547837,1.2741597
82776,1.3026353,1.2595292,-0.14994597
82777,1.3913192,1.469163,0.09264936
82778,1.1964276,1.4292823,1.026804
82779,1.4463335,1.3943068,-0.1508671
82780,1.580666,1.3324594,0.0060390728
82781,1.434178,1.5588995,0.7674304
82782,1.1039712,0.9275739,0.97471654
82783,1.387494,1.3077116,-0.14942922
82784,1.4710249,1.5507725,0.07308652
82785,1.262597,1.1864942,1.2532201
82786,1.3941067,0.6952659,-0.23535803
82787,1.5226562,1.6411816,-0.041257326
82788,1.5402616,1.5324289,0.86645734
82789,1.4152262,1.3699361,1.0935485
82790,1.4817955,1.4188495,-0.008534187
82791,1.5213726,1.5531723,0.0834702
82792,1.3500198,1.2002363,1.2233229
82793,1.2348791,1.1440511,-0.17660178
82794,1.6518124,1.505346,0.8423508
82795,1.4112599,1.2261024,1.261833
82796,1.2756529,1.2939787,-0.05719253
82797,1.5617881,1.6662484,0.21930419
82798,1.4228269,1.2364771,1.1866328
82799,1.473754,1.4900066,-0.024466766
82800,1.5381083,1.5897715,0.07620131
82801,1.7171398,1.4333844,0.7908521
82802,1.6307155,1.4272532,1.2760783
82803,0.4848565,2.801539,1.6307757
82804,1.659683,1.434722,1.2463799
82805,0.60227823,2.7614555,1.6367314
82806,1.5737332,1.6218626,0.22308414
82807,1.6831998,1.5219134,0.7578689
82808,1.6786855,1.4546002,1.3142788
82809,2.1915352,1.6707468,0.24882205
82810,1.449245,1.4647925,-0.029033264
82811,1.6551142,1.3499235,1.3480092
82812,2.2191238,1.6678209,0.30761662
82813,1.4676795,1.4945812,0.009337102
82814,1.8268707,1.6322442,0.94025135
82815,1.7012444,1.3826673,1.4424858
82816,2.2878838,1.7055433,0.36461568
82817,1.5019922,1.4682364,0.09291415
82818,1.7065879,1.441072,1.3586706
82819,2.2136695,1.6652119,0.2356234
82820,1.6731132,1.373452,0.05507774
82821,1.998846,1.6940864,1.0046438
82822,1.7755325,1.4584956,1.3208325
82823,2.169242,1.6458426,0.16464694
82824,1.7590994,1.2662979,0.1064467
82825,1.8160272,1.5182519,1.280987
82826,2.106877,1.5418198,0.09881236
82827,1.744526,1.492202,0.058729287
82828,2.1031423,1.6829649,1.039807
82829,1.9328742,1.603681,1.2906822
82830,2.1760874,1.6106658,0.17975171
82831,2.1047668,1.6845433,0.15248986
82832,2.0533786,1.680766,1.1533914
82833,2.2173095,1.6004201,0.2069799
82834,2.3141696,1.8681984,0.30919918
82835,2.1235,1.7030727,0.9358929
82836,2.1245897,1.6597089,1.0946258
82837,2.272081,1.7057322,0.2367553
82838,2.369722,1.8927828,0.18581963
82839,2.2314074,1.664109,1.1651899
82840,2.2291784,1.7387648,0.28080562
82841,2.2465878,1.7899901,0.79354477
82842,2.295796,1.8393712,0.2651322
82843,2.4486325,1.9150748,0.17414895
82844,2.3123064,1.6476339,1.1453366
82845,2.0863602,1.5439998,0.36567318
82846,2.4572096,1.9353697,0.24775752
82847,2.4923174,2.023105,0.74546045
82848,2.3465407,1.6346343,1.1657531
82849,2.3238428,1.7864726,-0.022946337
82850,2.4560077,1.936517,0.1363466
82851,2.454191,1.7494855,1.1870788
82852,2.632631,2.0897818,0.012790594
82853,2.4663706,1.9471748,0.11895844
82854,2.6993852,1.9197582,0.7290394
82855,2.4696455,1.6383919,1.1784846
82856,2.8786402,2.0524004,0.14312215
82857,2.4447744,1.9222194,0.09161217
82858,2.55022,1.700401,1.1802665
82859,2.878597,1.866006,0.19057757
82860,2.480751,1.9315784,0.096508086
82861,2.702041,2.0597057,0.87438965
82862,2.965724,1.8601899,0.30545354
82863,2.6389759,1.6734377,1.3146099
82864,3.1248212,1.9704652,0.60369045
82865,2.4655845,1.9176334,0.082340404
82866,2.822683,2.058043,0.77462393
82867,2.829307,1.9137571,1.4059044
82868,3.1338198,1.9686978,0.32242355
82869,2.311057,1.3404577,0.15179902
82870,2.8070607,1.8119309,1.2364056
82871,3.1636758,1.9257828,0.6525309
82872,2.5389843,1.5764496,0.12309376
82873,2.8157578,1.884416,0.7555976
82874,3.022768,2.0090067,1.3342931
82875,3.0417478,2.0745046,0.50524837
82876,2.687622,1.6608788,-0.020380676
82877,3.009597,1.9933074,1.2605163
82878,3.1628418,1.8789182,0.6811482
82879,2.7520542,2.28427,-0.069983825
82880,2.8705535,2.0015278,0.99687314
82881,3.0807188,2.034034,1.2987697
82882,3.0606246,1.7808703,0.5051066
82883,2.6738544,1.8471881,-0.17513064
82884,2.9763489,2.005015,1.1949672
82885,3.0417948,1.7707548,0.34415418
82886,2.6960433,1.8800358,-0.14415269
82887,2.8083723,2.2633514,0.8770363
82888,3.1448574,1.9411741,0.58755124
82889,2.8597336,1.9653556,-0.19709489
82890,2.8695033,2.3897865,0.9733783
82891,3.1843674,1.9342647,0.60791445
82892,3.0184884,1.9049063,-0.091188036
82893,2.7289836,2.1229277,0.8362814
82894,3.0764022,1.8500564,0.21979217
82895,3.0156105,1.9812689,-0.02885366
82896,3.2052736,1.952405,0.8300532
82897,3.2901626,1.8914244,0.49150103
82898,2.9926212,1.9835862,0.022098558
82899,2.8726974,1.9976039,0.8775641
82900,3.4025104,1.7656687,0.54165447
82901,3.1705837,1.9458472,0.50317127
82902,3.003708,1.9562767,0.034840427
82903,2.8085518,2.0481093,0.8294862
82904,3.108436,1.8613905,0.59220463
82905,2.8433425,1.7786255,0.052145828
82906,3.481163,1.7866492,0.6459743
82907,2.6740894,1.8416374,-0.21453461
82908,2.771195,2.0387604,0.93913186
82909,3.0558913,1.7960049,0.16500519
82910,2.6752355,1.8062639,-0.117340915
82911,2.9758976,2.1663396,0.69738346
82912,3.3645427,2.482967,0.9950386
82913,3.0625873,1.8357472,0.12462741
82914,2.694791,1.8675916,-0.15798388
82915,1.4649384,2.2535248,0.66603565
82916,3.0390973,1.845002,0.16544636
82917,2.9239147,1.9605144,-0.07196904
82918,2.9091551,2.3000615,0.71934754
82919,2.8251977,2.2559514,0.8133466
82920,2.7971122,2.172765,0.21485122
82921,2.9142416,1.9636445,-0.038403507
82922,2.9549415,2.2500682,0.7897859
82923,2.9237742,1.9397848,0.31059945
82924,2.8940985,1.9578995,0.002981131
82925,2.9253902,2.3768656,0.7320105
82926,2.8619132,2.300909,0.7798924
82927,2.9804122,1.9532354,0.32303625
82928,2.8941872,1.987648,-0.024184741
82929,2.8784523,2.3329287,0.8872911
82930,2.7516232,2.1492748,0.5543097
82931,2.86559,1.9514092,-0.01975741
82932,2.8621874,2.374639,0.680935
82933,2.9691334,2.291711,0.9052065
82934,2.7260053,2.128671,0.4885287
82935,2.9016693,1.9662949,-0.0052390583
82936,2.9138095,2.4469893,0.82104945
82937,2.921559,2.0803227,0.31449884
82938,2.8865023,1.9504116,0.048507303
82939,2.8566158,2.373657,0.74825275
82940,2.967682,2.297075,0.8368338
82941,3.0632007,2.00034,0.50143903
82942,2.8893387,2.3515623,0.8434246
82943,2.7957573,2.1479087,0.23115365
82944,2.8677979,1.9569458,-0.07722127
82945,2.8908324,2.4261646,0.8404418
82946,2.8992712,2.3470614,0.8166751
82947,3.9416704,2.0762165,1.0891646
82948,2.866325,1.9583669,-0.01179498
82949,2.77651,2.4631276,0.893068
82950,2.8348043,2.0784795,0.23696631
82951,2.8623123,1.9481046,0.022622151
82952,2.928787,2.2521157,0.6669022
82953,2.7667825,2.5154653,0.8430735
82954,2.8373806,2.1114428,0.20917746
82955,2.8933632,1.9954336,-0.014697508
82956,2.8525422,2.4429023,0.9003922
82957,2.8900876,2.1149662,0.06809606
82958,2.853426,1.9376221,-0.041635454
82959,2.9235065,2.2190077,0.7631268
82960,2.7563972,2.5082767,0.9127584
82961,2.9144983,2.11455,0.06750582
82962,2.8531427,1.9321493,-0.019307265
82963,2.737897,2.5251894,0.91715354
82964,2.9560885,2.0813155,0.10797716
82965,2.8926857,1.9576705,-0.046568975
82966,2.9823108,2.3020582,0.73330784
82967,2.736211,2.4970334,0.91250217
82968,2.9358683,2.1178925,0.09575922
82969,2.9082708,1.9628968,0.018714473
82970,2.7498186,2.5126948,0.896611
82971,2.9371326,2.1225421,0.061228983
82972,2.9063544,1.9286904,0.016949693
82973,2.9548097,2.296577,0.61000687
82974,2.7818918,2.4914935,0.9335706
82975,2.910677,2.0935845,0.011389818
82976,2.898,1.9476392,-0.020544386
82977,2.7468276,2.4799027,0.93670136
82978,2.9508915,2.0606656,0.106822796
82979,2.908591,1.9625877,-0.014545899
82980,2.9641862,2.3070774,0.66069597
82981,2.7381968,2.4662411,0.9494742
82982,2.9415238,2.1633205,0.020767203
82983,2.2668552,1.9225003,0.12254209
82984,2.7278938,2.504375,1.020373
82985,2.9784696,2.08838,0.09075797
82986,2.8796983,1.9537833,-0.09737685
82987,2.8482563,2.3499742,0.6824205
82988,2.7291386,2.5631049,1.0564239
82989,2.9903908,2.1463108,0.13436107
82990,2.8925714,1.9347314,-0.07878642
82991,2.7211103,2.5492105,1.0795941
82992,3.0244944,2.0773506,0.19790551
82993,2.88616,1.9190878,0.0013487684
82994,2.9175012,2.327992,0.65296143
82995,2.6879804,2.5683405,1.0139734
82996,2.8947523,1.9314444,-0.056220125
82997,2.7294464,2.5583022,1.0998002
82998,3.0003564,2.0796285,0.18347402
82999,2.89013,1.9691397,-0.065580145
83000,2.9261043,2.2657557,0.6552783
83001,2.706408,2.568844,1.0396577
83002,2.903584,1.9498818,-0.06954418
83003,2.6957815,2.5769885,1.0306407
83004,2.9116542,2.0803697,0.12373874
83005,2.8809602,1.930357,-0.13732149
83006,2.9011617,2.3244503,0.70606995
83007,2.7060053,2.59397,1.0294304
83008,2.9348392,2.0520132,0.09478161
83009,2.2288182,1.8895711,0.14808127
83010,2.7015212,2.5937147,1.0269785
83011,2.8436701,2.0833964,0.11817429
83012,2.2192512,1.9214138,0.1385685
83013,2.8512695,2.3306446,0.75435317
83014,2.6926332,2.592587,1.0440972
83015,2.822684,2.1170464,0.11692698
83016,2.8138914,1.7850324,0.05023328
83017,2.703187,2.5939338,1.0154111
83018,2.7912998,2.0549126,0.09926964
83019,2.8482714,1.8343744,0.052937806
83020,2.889978,2.2919033,0.7315814
83021,2.7158477,2.6099713,1.0310185
83022,3.101296,2.073339,0.09179981
83023,2.8192537,1.8177463,0.0052290363
83024,2.7076862,2.5971074,1.0171584
83025,3.0183437,2.182466,0.14829014
83026,2.870279,1.8951261,-0.089131884
83027,2.8802528,2.238889,0.7335861
83028,2.7063696,2.5957448,1.0226811
83029,3.0913846,2.0575821,0.15463077
83030,2.2415094,1.9496098,0.16100125
83031,2.719299,2.549004,1.0258461
83032,3.0917308,2.062681,0.1512612
83033,2.72643,1.9327551,0.22525367
83034,2.9015198,2.194013,0.73126525
83035,2.7283845,2.599467,0.9948652
83036,4.0376825,2.1228082,1.0008116
83037,2.2461581,1.9219158,0.1863817
83038,2.7516105,2.535845,1.0065627
83039,2.8921142,2.0509107,-0.0010726962
83040,2.280404,1.8902328,0.022746645
83041,2.9056175,2.3164783,0.70452875
83042,2.7384152,2.5524416,0.98998696
83043,2.9748328,2.1722343,0.004671566
83044,2.8511636,1.814147,0.004730776
83045,2.7319481,2.5015733,0.98032427
83046,4.014588,1.9906487,0.8383912
83047,2.9011056,1.870176,-0.07555446
83048,2.9229238,2.2538214,0.6857149
83049,2.7629013,2.4985852,0.95356494
83050,2.710192,2.1167734,-0.19486837
83051,2.7593277,2.5261493,1.0005114
83052,2.744932,1.885484,-0.08642461
83053,2.9350626,2.2030842,0.6143518
83054,2.7761538,2.508149,1.0313656
83055,2.84038,1.6899668,-0.020629093
83056,2.896177,1.8533919,0.025407718
83057,2.6803489,1.9029627,-0.19899233
83058,2.8847764,1.8403342,-0.2796197
83059,2.8647647,2.3194222,0.7208916
83060,2.792011,2.537671,0.98755383
83061,2.765763,1.7703654,-0.047574285
83062,2.9297907,1.8339843,-0.18704078
83063,2.8138516,2.5067937,1.015358
83064,2.7521036,1.7417216,-0.26017225
83065,2.8549118,1.7295614,-0.072328545
83066,2.9155455,2.2960536,0.7093089
83067,2.7833004,2.464928,0.9784466
83068,2.681223,1.8386198,-0.21366745
83069,2.850196,1.6566,0.05816925
83070,2.7916534,2.539482,1.0046381
83071,2.7584596,1.7321354,-0.10178346
83072,2.876831,1.7600393,-0.075654075
83073,2.9017086,2.2851112,0.7064153
83074,2.7980344,2.5389962,1.040453
83075,2.9035132,1.9316049,-0.2247409
83076,2.8497005,1.757232,-0.08729144
83077,2.7443557,1.7382923,-0.16595158
83078,2.8711276,1.7236495,0.025243694
83079,2.9268274,2.2737236,0.8216136
83080,2.7629263,2.5790594,1.0629339
83081,2.7361157,1.7190149,-0.09657774
83082,2.8851454,1.7735363,0.0032570048
83083,2.7832227,2.5772572,1.0821455
83084,2.7366626,1.6902182,-0.13128702
83085,2.8330252,1.7709336,0.082729995
83086,2.945579,2.2397428,0.66082734
83087,2.7980402,2.597961,1.0288012
83088,2.7494068,1.6720465,-0.014968696
83089,2.8772993,1.7633544,0.012447719
83090,2.8086052,2.5810692,1.0677459
83091,2.7689774,1.7029998,0.032842528
83092,2.849084,1.7955834,0.025524752
83093,2.868795,2.3281538,0.6341576
83094,2.8203251,2.5714805,1.0005459
83095,2.7115185,1.8144144,-0.27552256
83096,2.862371,1.7763871,0.016240314
83097,2.833501,2.6099026,1.0346231
83098,2.7968233,1.6704433,-0.07648269
83099,2.82695,1.7253481,-0.0034988362
83100,2.9230042,2.2433655,0.8115811
83101,2.8076944,2.5546227,1.0211617
83102,2.759512,1.7169648,-0.11094503
83103,2.8550715,1.7683088,0.09347306
83104,2.807679,2.5545208,1.0379524
83105,2.7336,1.6932557,-0.07078964
83106,2.8314114,1.7645615,0.11809376
83107,2.9241784,2.2482088,0.77828604
83108,2.8269348,2.4955099,1.0040541
83109,2.7347739,1.7205088,-0.0897626
83110,2.8499808,1.7912116,0.0030685957
83111,2.859582,2.510096,1.0309647
83112,2.7439153,1.7014637,-0.1226293
83113,2.8461373,1.7881668,0.05403519
83114,2.9231932,2.2135127,0.7865499
83115,2.849304,2.5259914,1.0157601
83116,2.7554326,1.7338294,-0.024989173
83117,2.862966,1.8086839,0.046394456
83118,2.8267627,2.5205295,1.0638275
83119,2.7580597,1.722863,-0.13964017
83120,2.8316562,1.7684802,0.110534474
83121,2.9242089,2.26756,0.8301636
83122,2.8267868,2.5489948,1.0663775
83123,2.735703,1.7248958,-0.050553806
83124,2.897233,1.7940323,0.077373885
83125,2.8190982,2.5076308,1.1224034
83126,2.7472062,1.7385147,-0.13696486
83127,2.8489494,1.790373,0.041387077
83128,2.937671,2.258097,0.78795516
83129,2.8292916,2.5205257,1.0657514
83130,2.7477329,1.7370536,-0.15416808
83131,2.8678105,1.7785472,0.07918534
83132,2.7686944,1.7018889,-0.10391883
83133,2.871966,1.7546687,0.027869074
83134,2.934893,2.2615473,0.76047707
83135,2.8483758,2.550643,1.0545254
83136,2.7463694,1.7062901,-0.12465142
83137,2.8350334,1.7719401,0.019545266
83138,2.8424315,2.569353,1.0892916
83139,2.7227364,1.7068442,-0.08652789
83140,2.8613935,1.7735912,0.04670103
83141,2.9143105,2.258105,0.7341697
83142,2.8432229,2.5447724,0.97159296
83143,2.7463152,1.7143371,-0.05316897
83144,2.8442078,1.7810471,0.12440873
83145,2.8330002,2.5538805,1.0507977
83146,2.7455888,1.7316749,-0.109591365
83147,2.8525634,1.7937257,0.045611423
83148,2.916821,2.2918205,0.7247496
83149,2.796919,2.5379815,1.0390602
83150,2.7716,1.7409499,-0.19270992
83151,2.8692908,1.7808743,0.0507661
83152,2.811709,2.585746,1.021057
83153,2.6827724,1.8610393,-0.20129515
83154,2.870479,1.7907802,0.10086142
83155,2.9249976,2.3122773,0.7633086
83156,2.7907984,2.5547802,1.0183856
83157,2.746907,1.7038949,-0.11810161
83158,2.83544,1.7718679,0.02672326
83159,2.8093092,2.552888,1.0181719
83160,2.6794438,1.8294003,-0.16932537
83161,2.8605905,1.7738636,0.03241722
83162,2.9055367,2.2752988,0.7649427
83163,2.8197906,2.5683827,1.0414271
83164,2.7351706,1.7208197,-0.19001539
83165,2.8706295,1.7566087,0.092206135
83166,2.819417,2.5647361,1.0823616
83167,2.755342,1.6894433,-0.047216747
83168,2.9064636,2.31344,0.76326567
83169,2.7892365,2.5536304,1.0847594
83170,2.7581382,1.6909716,-0.08353506
83171,2.8373375,1.7374938,-0.02611971
83172,2.8427618,2.537648,1.0416114
83173,2.7495422,1.7346436,-0.19688278
83174,2.8505938,1.7535025,0.022618381
83175,2.9133377,2.2552214,0.725615
83176,2.8081532,2.5793316,1.1086276
83177,2.724259,1.7119174,-0.04789086
83178,2.858811,1.8155308,-0.02859444
83179,2.8267865,2.5447605,1.0592954
83180,2.756961,1.7569098,-0.14783482
83181,2.8647432,1.8879316,-0.09292876
83182,2.9299047,2.3162072,0.76393783
83183,2.7799733,2.564808,1.0543699
83184,2.7541993,1.6873528,-0.08896899
83185,2.8783123,2.0248003,0.057355355
83186,2.7341542,1.7259966,-0.14224829
83187,2.1657364,1.9613631,0.2071319
83188,2.9306986,2.2607431,0.78754914
83189,2.7900698,2.5522718,1.0309523
83190,2.7452428,1.7395718,-0.13514663
83191,2.274457,1.9666706,0.11510458
83192,2.7893772,2.580786,1.04424
83193,2.7679713,1.710801,-0.06716711
83194,2.2079785,1.9870082,0.22750777
83195,2.9200077,2.238916,0.77973896
83196,2.82499,2.5688372,1.0618266
83197,2.7452738,1.7016848,-0.14244829
83198,2.9049692,2.0223572,0.11276589
83199,2.806966,2.5411289,1.0671196
83200,2.721729,1.7103691,-0.06162037
83201,2.9393547,2.0195374,0.11485807
83202,2.9198346,2.235817,0.75327295
83203,2.7785609,2.564723,1.0648018
83204,2.7348228,1.6910048,-0.081834756
83205,2.2288792,1.9595624,0.11144741
83206,2.8316686,2.5523603,1.0364624
83207,2.7834084,1.7667811,-0.05811279
83208,2.2513227,1.9891644,0.14703205
83209,2.901112,2.271715,0.75101125
83210,2.8104749,2.549343,1.1099882
83211,2.9528933,2.0978475,-0.0494536
83212,2.921696,2.0565708,0.06783127
83213,2.8010325,2.5651228,1.0569292
83214,2.9945273,2.0689046,0.08280967
83215,2.9068077,2.0715182,0.08019044
83216,2.8955429,2.272881,0.6955094
83217,2.7901103,2.5516453,1.071422
83218,3.69846,2.065443,0.5723726
83219,2.8940165,2.0768666,0.04779107
83220,2.7667189,2.6085796,1.0675503
83221,3.1338363,2.075891,0.053350676
83222,2.9170258,2.0357616,0.13693331
83223,2.934946,2.2174797,0.81713104
83224,2.788764,2.5849853,1.065697
83225,3.5997384,2.0209258,0.572074
83226,2.781526,2.5412686,1.0349213
83227,3.0609488,2.0755126,0.1714595
83228,2.2325995,1.9894415,0.1233485
83229,2.8840141,2.3163643,0.6748229
83230,2.7910802,2.5289836,0.9858468
83231,3.0119107,2.021866,0.12804006
83232,2.8306425,2.1852007,0.1010235
83233,2.7902737,2.5007367,0.9770248
83234,3.0271165,2.0513396,0.1767379
83235,2.9147024,2.0838974,0.13145718
83236,2.8282118,2.4970725,1.0112343
83237,2.9964767,1.9582012,0.16734348
83238,2.9293873,2.1049511,0.09850159
83239,2.8298514,2.470015,1.0247264
83240,2.8914778,2.054098,0.06314318
83241,2.8891337,2.2866068,0.75397253
83242,2.839021,2.4538784,0.9879704
83243,3.142595,2.0873492,0.021732287
83244,2.8919048,2.0499947,0.07375399
83245,2.8139641,2.4514623,1.007903
83246,3.1222253,2.0697267,0.020570127
83247,2.8996994,2.320635,0.7242165
83248,4.0765452,2.078728,0.83397746
83249,2.8697495,2.1102636,0.12578815
83250,2.8151126,2.453518,0.98964894
83251,3.7035112,2.0837681,0.68168765
83252,2.888362,2.0781276,0.09909287
83253,2.8876202,2.3234205,0.7448466
83254,2.8146415,2.4859781,1.068636
83255,3.64869,2.0430205,0.58925587
83256,2.9228325,2.0634701,0.15421674
83257,2.8159153,2.4583976,0.9922628
83258,4.115372,2.0297058,0.8806124
83259,2.1904755,1.989497,0.12736301
83260,3.0142412,2.2968004,0.6830737
83261,2.8166845,2.4532123,1.0241268
83262,2.84706,2.034677,-0.088933624
83263,2.9238236,2.0925374,0.2069316
83264,2.835285,2.484102,1.0163941
83265,5.0651674,3.214339,2.2667246
83266,2.2304037,2.021382,0.22614293
83267,2.8605034,2.407305,0.7201144
83268,2.8174214,2.5145385,1.0119222
83269,3.052854,2.0479183,0.19930868
83270,2.2045758,1.9939433,0.11804509
83271,2.8164737,2.5089905,0.99436605
83272,3.6079235,2.0470736,0.5551211
83273,2.2074003,2.055484,0.10314006
83274,2.8732786,2.3827496,0.7436147
83275,2.829265,2.469922,1.0037692
83276,3.0132353,2.0523663,0.16755202
83277,2.1887784,2.0250473,0.111014925
83278,2.840913,2.4870913,1.0236211
83279,3.041597,2.0827138,0.19639118
83280,2.78591,2.2092025,0.21083635
83281,2.8654768,2.3688664,0.7373263
83282,2.8473768,2.4941344,1.0381705
83283,3.0343232,2.086406,0.1846476
83284,2.8045943,2.2384856,0.103277095
83285,2.9031265,2.4573913,1.0586672
83286,3.006795,2.0837152,0.18626353
83287,2.1958163,2.0238113,0.11640979
83288,2.8550787,2.3889825,0.75410825
83289,2.8847704,2.45297,1.1067697
83290,4.0813284,2.076605,0.85152775
83291,2.1769068,2.007447,0.10985414
83292,2.8215115,2.5939171,1.0203115
83293,4.0839286,2.0761924,0.83400846
83294,2.8733745,2.2142978,0.13372068
83295,2.8640468,2.4083862,0.7326737
83296,2.8268034,2.59375,1.042705
83297,3.6408257,2.0394397,0.64036787
83298,2.172304,2.026995,0.078333735
83299,2.7906053,2.59664,1.0477232
83300,3.0300357,2.0849361,0.18062748
83301,2.921267,2.106087,0.097686864
83302,2.8544247,2.385131,0.74338627
83303,2.7908266,2.5338542,1.0563028
83304,4.096563,2.040919,0.9024752
83305,2.9232006,2.062508,0.17683399
83306,2.8238802,2.5208528,1.060368
83307,2.9891677,2.056012,0.18705033
83308,2.1897397,1.9904687,0.12629856
83309,2.8550463,2.3512418,0.80583197
83310,2.8165395,2.5068078,1.0818485
83311,3.6996255,2.0606287,0.6406617
83312,2.1778967,1.9918275,0.09500452
83313,2.8172715,2.5074637,1.0486845
83314,3.0575647,2.046197,0.20147964
83315,2.1921434,1.9946153,0.09460348
83316,2.8462443,2.3738165,0.75407064
83317,2.817979,2.507758,1.1065722
83318,3.03507,2.0507686,0.18935204
83319,2.8602242,2.1936965,0.1381499
83320,2.8251214,2.4638598,1.0859791
83321,3.0342524,2.0486732,0.17824185
83322,2.918734,2.0898204,0.0690525
83323,2.8632414,2.4334497,0.7393664
83324,2.8080966,2.4685981,1.0561935
83325,3.6981385,2.061693,0.5897908
83326,2.9429302,2.0935397,0.07010541
83327,2.8049634,2.4648957,1.0563107
83328,3.6887174,2.0393999,0.5596976
83329,2.8995543,2.0630598,0.18018182
83330,2.8278883,2.341542,0.75143373
83331,2.8046448,2.4366815,0.9977792
83332,3.6876507,2.0536294,0.64870477
83333,2.8364859,2.1671479,0.1457663
83334,2.82617,2.4090898,0.9648839
83335,3.6719692,2.038505,0.5921328
83336,2.8542764,2.1871421,0.0974904
83337,2.8619883,2.465522,0.69397956
83338,2.8512852,2.3939676,0.9152401
83339,3.7111068,2.0645316,0.5161535
83340,2.2349634,1.9967136,0.104351625
83341,2.8185015,2.4014723,0.8506039
83342,3.0541441,2.0497956,0.19950671
83343,2.2338552,2.027909,0.08541307
83344,2.9180236,2.4218657,0.7364427
83345,2.860002,2.3713021,0.8018661
83346,4.1072206,2.0748565,0.8478632
83347,2.863098,2.1667259,0.10623139
83348,2.878402,2.295803,0.79681385
83349,3.6707976,2.0375235,0.61444527
83350,2.2166255,2.029203,0.0807896
83351,2.888458,2.4109626,0.7384698
83352,2.8904746,2.2522295,0.7796166
83353,4.102839,2.0273633,0.8943492
83354,2.9013336,2.069601,0.14862637
83355,2.8797853,2.2345657,0.7485002
83356,3.0548453,2.0483367,0.18988378
83357,2.947689,2.07156,0.11499676
83358,2.8626986,2.4320557,0.73834825
83359,2.9097145,2.2202287,0.75920886
83360,3.5677152,2.026433,0.4735118
83361,2.9230626,2.0666325,0.12801193
83362,2.8990455,2.2343757,0.7932468
83363,4.079346,2.0609736,0.8074253
83364,2.2350993,2.0489175,0.18131095
83365,2.8749056,2.445659,0.77292484
83366,2.8895311,2.2208238,0.808295
83367,3.1246061,2.0693057,0.014040966
83368,2.860868,2.1955922,0.14333953
83369,2.8827598,2.241684,0.8001288
83370,4.084714,2.0744052,0.83678377
83371,2.911128,2.0450187,0.16501501
83372,2.865023,2.4655755,0.7846056
83373,3.0792089,2.0733693,-0.031421505
83374,2.2219722,1.9954393,0.12026658
83375,2.8794491,2.2380092,0.79178417
83376,2.9193578,2.0606394,0.1424253
83377,2.9979804,2.3052008,0.6768244
83378,2.8805854,2.271778,0.7520317
83379,4.1236606,2.0539768,0.8800994
83380,2.266611,2.0288417,0.11724156
83381,2.8721874,2.2578697,0.78790534
83382,3.6974728,2.0591018,0.6490049
83383,2.214855,1.9920657,0.1796194
83384,2.8960507,2.4517326,0.7754502
83385,2.9022639,2.2404585,0.7932089
83386,4.094138,2.0826156,0.8452723
83387,2.253818,1.9969841,0.102313384
83388,2.8688464,2.2222333,0.8001887
83389,3.681888,2.0654457,0.60851353
83390,2.2430425,2.027516,0.073568255
83391,2.889361,2.42976,0.7182085
83392,2.889458,2.2523823,0.8260657
83393,4.0847116,2.0773106,0.82819206
83394,2.914494,2.0827465,0.14544828
83395,2.8990967,2.2067802,0.7829328
83396,4.069447,2.0847785,0.82213324
83397,2.2420683,1.9972726,0.10404235
83398,2.880474,2.4412389,0.727891
83399,2.855279,2.2359967,0.8108275
83400,3.6369758,2.044962,0.5902407
83401,2.902429,2.0673623,0.14273332
83402,2.867154,2.1638758,0.74772626
83403,3.1005397,2.0702925,0.003976644
83404,2.2473567,2.02593,0.11341078
83405,2.8712435,2.4318395,0.72144
83406,2.8974767,2.1820405,0.7784905
83407,3.6272676,2.0445058,0.5900282
83408,2.2331429,2.0252717,0.10374893
83409,2.7977633,2.3257172,0.85222566
83410,2.2323976,2.0259984,0.09335854
83411,2.9275975,2.3784711,0.76060474
83412,2.7880652,2.2855494,0.8424301
83413,2.921117,2.0616024,0.09703591
83414,2.8133104,2.2665148,0.81844556
83415,3.0096254,2.054109,0.16363227
83416,2.1966808,2.0255764,0.14876373
83417,2.924956,2.4639945,0.85698473
83418,2.8408952,2.3612964,0.8662195
83419,3.0251958,2.0505397,0.18651861
83420,2.1753943,2.0177999,0.20192188
83421,2.8117611,2.3415942,0.8597559
83422,3.0703006,2.0819213,0.21901928
83423,2.1996763,2.023801,0.12416619
83424,2.9794495,2.3100471,0.6719995
83425,2.8076618,2.3733408,0.8191053
83426,3.6440768,2.0181687,0.5884552
83427,2.643616,2.0602434,-0.18995067
83428,3.6625469,2.0697505,0.61031985
83429,2.8182468,2.1569574,0.040299155
83430,2.9624815,2.3751006,0.7255501
83431,2.791811,2.36425,0.8558456
83432,3.0226974,2.1047184,0.17803673
83433,2.8504014,2.188916,0.06438865
83434,2.7883906,2.3772292,0.8152834
83435,2.88815,2.0542827,0.25103208
83436,2.1882234,1.989833,0.12697966
83437,2.8579202,2.4212942,0.78758067
83438,2.754059,2.2354593,0.76105934
83439,3.0815265,2.157032,0.12841304
83440,2.8743703,2.3701303,0.6281885
83441,3.07443,2.1310744,0.16283144
83442,2.8817961,2.3063183,0.72610384
83443,2.93491,2.2723382,0.8171955
83444,3.079019,2.1277165,0.1190548
83445,2.9383912,2.3209221,0.86135066
83446,3.0660408,2.0587137,0.15259853
83447,2.118657,1.9910489,0.15603377
83448,2.9807773,2.3751462,0.78853595
83449,2.968999,2.2166169,0.8184062
83450,2.9542217,2.0610616,0.062046386
83451,2.9057655,2.0288472,0.071081184
83452,2.9196026,2.1213784,0.05160842
83453,2.101382,1.9941267,0.26920038
83454,2.9315915,2.3422875,0.6738268
83455,3.0193548,2.03028,-0.010859888
83456,2.8915622,2.26809,0.8272136
83457,2.9466858,2.2298505,0.1541263
83458,2.1352663,1.8466933,0.3865564
83459,2.844518,2.2580028,0.67483824
83460,2.9569275,2.1949308,0.21786466
83461,2.9042192,2.044536,0.084699295
83462,2.9094334,2.1494625,0.73417395
83463,2.968256,2.2209184,0.12952879
83464,2.926226,2.0263186,0.06979399
83465,2.6927116,2.2380538,0.6848952
83466,2.7542536,2.1627362,0.6586904
83467,2.9546957,2.238997,0.17314573
83468,2.9175923,2.0548856,0.051424045
83469,2.7390778,2.0311658,0.6369305
83470,2.9743936,2.2200904,0.18291996
83471,2.896638,2.0797815,0.068418145
83472,2.762553,2.2502367,0.7181618
83473,2.7315798,1.8201264,0.68099916
83474,2.956609,2.2063928,0.14135799
83475,2.9071252,2.1114242,0.18875174
83476,2.9233103,1.7962636,0.72825533
83477,2.8246107,1.9753534,0.027476475
83478,2.2386508,2.053251,0.2188758
83479,2.9687946,2.3632348,0.89843035
83480,3.0698795,1.6789124,0.8819975
83481,2.8341088,2.0481377,-0.0025465759
83482,2.230686,1.9963975,0.21181126
83483,3.5003188,2.0516295,0.67071486
83484,2.763794,2.0802317,-0.07690348
83485,2.7216847,2.212358,0.5607203
83486,3.0730896,1.7774533,0.76920843
83487,2.8452995,2.0886955,0.0050055846
83488,2.7469957,2.033695,-0.14618185
83489,2.870706,1.9100745,0.7907257
83490,2.869942,2.0579817,0.28129542
83491,2.536025,2.0328326,-0.06289164
83492,2.7564895,2.2651591,0.5501011
83493,2.8410933,1.9286373,0.9033307
83494,3.6034498,2.0807366,0.61169636
83495,2.7376087,2.1084216,-0.17266996
83496,2.8476584,1.9140366,0.9423154
83497,2.9210737,2.0669634,0.23727435
83498,2.5794272,2.027532,-0.12194131
83499,2.851144,2.157799,0.75596684
83500,2.813237,1.9148648,1.0939796
83501,2.9421527,2.115381,0.25933906
83502,2.8025267,2.1010208,0.15641204
83503,2.786736,1.9419574,1.0804384
83504,2.8992195,2.0569308,0.24824809
83505,2.775622,2.0982332,0.20507911
83506,2.8138433,2.097578,0.8016137
83507,2.8262868,1.9910421,1.097378
83508,2.9704688,2.103445,0.30065766
83509,2.7938254,2.1636896,0.13244829
83510,2.7558243,1.8693376,1.1911616
83511,2.9352357,2.0448766,0.32285696
83512,2.8555713,1.9874456,0.2016061
83513,2.8486116,2.0733478,0.98657
83514,2.7760096,1.8932437,1.2109321
83515,2.9234488,2.0507746,0.27018136
83516,2.7932622,2.1303482,0.12832591
83517,2.7833712,1.9513392,1.2239512
83518,4.0315557,2.0912876,0.89866483
83519,2.1832583,1.9906304,0.29902312
83520,2.7948465,1.9915984,0.922296
83521,2.7698927,1.9371929,1.2624949
83522,2.7817478,2.161386,-0.044431604
83523,2.7791736,2.1006563,0.203998
83524,2.736895,1.8973469,1.2657154
83525,2.941603,1.8646095,-0.077923924
83526,2.787236,2.076138,0.24442554
83527,2.811642,1.9749949,0.87587726
83528,2.7796123,2.1333094,-0.101766795
83529,2.1706402,1.990651,0.23365535
83530,2.6860387,1.9421688,1.2771335
83531,2.756274,2.1193612,-0.07907608
83532,2.7511444,2.1390061,-0.13689579
83533,2.8248396,2.0296156,0.8587536
83534,2.675314,1.9879096,1.3064246
83535,2.9309173,2.0490308,0.28600377
83536,2.7889965,2.0898318,0.19562726
83537,2.644797,2.02626,1.342667
83538,4.0250087,2.074843,0.8795056
83539,2.6959546,2.1648195,0.109715715
83540,2.7786317,1.9319319,0.8034498
83541,2.6348672,2.0501761,1.3288604
83542,2.9423785,2.0787141,0.27943632
83543,2.869982,2.0586658,0.12666717
83544,2.6139455,2.0741432,1.2979175
83545,3.0659485,2.0589209,0.21220843
83546,2.906702,2.1123996,-0.05567854
83547,2.7509022,1.9542919,0.83206964
83548,2.6063175,2.0367694,1.3482667
83549,2.9659247,2.085688,0.049010422
83550,2.8869727,2.0684624,0.16798645
83551,2.583243,2.0078392,1.3503929
83552,3.0747292,2.0175366,-0.10848594
83553,2.915169,2.0876982,0.15215842
83554,2.6108577,1.8435949,0.84572375
83555,2.582076,2.0078266,1.3146719
83556,3.0519915,1.9738133,-0.11774007
83557,2.6047537,1.9392219,1.2468368
83558,2.7920969,1.9221443,-0.20230357
83559,2.8817122,2.05361,0.16824283
83560,2.168375,1.8545306,0.9892799
83561,2.5039914,1.9990273,1.2320153
83562,2.4153519,1.6639332,0.051521316
83563,2.918623,2.124222,0.056465857
83564,2.4310818,2.0492127,1.2289684
83565,2.3801932,1.6923412,0.05781118
83566,2.3361878,3.6033673,-0.033943817
83567,2.4303374,1.9799143,1.2574593
83568,2.40322,1.8906411,0.1490504
83569,2.7866871,2.0341496,-0.11084371
83570,2.4543304,1.935354,1.203137
83571,2.334369,1.9611568,0.15068838
83572,2.4266818,1.827287,0.7080941
83573,2.3332767,1.958727,0.10017928
83574,2.764743,2.0957253,-0.0357775
83575,2.384806,1.7716761,1.1967124
83576,2.3227146,1.9770298,0.12888949
83577,2.5358334,1.8633654,-0.10251098
83578,1.8816345,1.5830351,0.9228982
83579,2.307582,1.8978871,1.239915
83580,2.3385656,2.0219607,0.20544858
83581,2.3904412,1.9366565,-0.016085416
83582,1.745743,1.8355776,1.4274323
83583,2.2838895,1.9804907,0.08472597
83584,2.5358067,1.6527306,0.112168364
83585,1.2096496,1.6822494,1.2082505
83586,2.1775923,1.7696699,1.2334898
83587,2.2798913,1.9132494,0.013189149
83588,2.1525526,1.5572221,0.2509281
83589,1.7204369,1.7282263,1.3361361
83590,2.426814,1.7855179,0.069572814
83591,2.039889,1.6323513,0.40322617
83592,1.7141784,1.5857514,0.89058226
83593,1.699679,1.7301698,1.2698615
83594,2.3446589,1.8489771,0.012014659
83595,2.0102868,1.5745939,0.22681521
83596,1.7002753,1.730356,1.2891965
83597,2.5717177,1.7830848,0.5613262
83598,1.9971272,1.6096275,0.30897346
83599,1.3778554,1.5484484,1.1367669
83600,1.6936378,1.6859616,1.2268726
83601,0.8143458,1.8613791,1.056438
83602,1.992638,1.6156507,0.28282866
83603,1.6754382,1.7244791,1.226015
83604,2.2235913,1.7751782,0.1879074
83605,1.8741302,1.7099798,-0.0050250213
83606,1.6306448,1.6038035,0.8112464
83607,1.6017739,1.6785294,1.21325
83608,2.022808,1.7936659,0.12840746
83609,2.0405874,1.6457323,0.28091854
83610,1.5867066,1.7223498,1.2159121
83611,1.528015,1.586418,0.1083115
83612,2.014628,1.6397638,0.26964018
83613,1.3027549,1.6733472,0.99248165
83614,1.5525861,1.6757272,1.1847267
83615,1.3876235,1.6339887,0.2156011
83616,1.9005193,1.4533559,0.35159907
83617,1.4897571,1.6515181,1.186925
83618,1.5196463,1.5639784,-0.12051566
83619,1.9958861,1.6005718,0.23108153
83620,1.1882156,1.701046,0.99075216
83621,1.3770199,1.7075243,1.2832316
83622,1.6321142,1.54261,-0.22516195
83623,2.0565357,1.6569335,0.3474386
83624,1.4235075,1.6632155,1.2950743
83625,1.5923538,1.6910682,-0.18065473
83626,1.7400223,1.790143,0.30590132
83627,1.4133021,1.5735139,1.2487297
83628,1.656529,1.4656671,-0.03277107
83629,1.653435,1.984616,0.16817683
83630,1.4043448,1.504539,1.300541
83631,1.6227573,1.4216343,0.04331944
83632,1.7943559,1.6694133,-0.09315118
83633,1.0820413,1.5593617,0.9696443
83634,1.10549,1.4606286,1.3742968
83635,1.6971728,1.5742385,-0.11618846
83636,1.2384961,1.7059872,-0.019928731
83637,1.0613972,1.4219118,1.3786582
83638,1.6317375,1.651375,0.044978112
83639,1.0760167,1.5772777,-0.010165507
83640,0.9739177,1.644489,1.036627
83641,1.0216867,1.4832748,1.33552
83642,1.6254268,1.4577494,-0.1901814
83643,1.2350198,1.4310467,-0.114191934
83644,1.6699972,1.510429,-0.11122351
83645,1.250524,1.5039173,-0.17592816
83646,0.8507639,1.5358388,1.0319605
83647,1.3841901,1.6423597,-0.030290881
83648,1.231771,1.4584421,-0.18609248
83649,0.91040486,1.6291608,0.10926484
83650,1.2153659,1.4038556,0.5961203
83651,1.0079964,1.5799725,1.1351271
83652,1.2078099,1.6904874,-0.27509764
83653,1.3190268,1.5648009,-0.12858641
83654,0.9557815,1.544255,1.1107098
83655,1.126752,1.3621416,-0.16714565
83656,1.3604057,1.5849264,-0.08066197
83657,0.98396015,1.5805912,0.47380602
83658,0.92222667,1.5160401,1.083257
83659,1.0396551,1.4177488,-0.13691881
83660,1.3013045,1.4964916,-0.07872119
83661,0.92268443,1.4225897,1.0297351
83662,1.005287,1.3792644,-0.08386164
83663,1.1522323,1.3709719,-0.22144449
83664,0.9669236,1.4902722,0.63137764
83665,0.9095247,1.4259057,1.0766906
83666,1.0683984,1.4248589,-0.03248273
83667,1.1621615,1.3759371,-0.14238286
83668,0.9153664,1.4064134,1.0801541
83669,1.0549825,1.4163022,-0.08633435
83670,1.0883677,1.5646809,-0.3877733
83671,0.9755018,1.4393027,0.6798843
83672,0.9537564,1.2936304,1.022141
83673,1.1494331,1.1337073,-0.15971838
83674,1.04832,1.2177837,-0.19348238
83675,0.9244439,1.2619753,1.0920286
83676,1.0394034,1.4110368,-0.13652766
83677,1.2183954,0.9638706,-0.727699
83678,1.1961483,0.99810785,0.8383915
83679,0.9238524,1.1409894,1.2168814
83680,1.0626535,1.3865038,-0.07522278
83681,1.0367935,1.3742653,-0.15598233
83682,0.9215963,1.1170595,1.1806871
83683,0.93491334,1.3087574,-0.15935332
83684,1.0250942,1.3400804,-0.38621268
83685,1.1360644,1.0614371,0.79936224
83686,0.9389801,1.0529197,1.2315956
83687,1.0794047,1.4003321,-0.1483175
83688,0.7763391,1.5754826,-0.62455314
83689,0.8951082,1.0041175,1.2422417
83690,1.3307112,1.1808908,-0.17051351
83691,0.97145826,1.4453655,-0.20140818
83692,1.0843555,1.2005267,0.76150155
83693,0.8256896,0.95140666,1.3359853
83694,1.36041,1.1552284,-0.16991393
83695,0.93604064,1.3975745,-0.18633647
83696,0.8308768,0.95090187,1.3592058
83697,1.0129236,1.385563,-0.19552912
83698,1.0479817,1.2238535,0.79085255
83699,0.8192272,0.96180665,1.3937813
83700,1.3877398,1.1650096,-0.09217293
83701,1.0112269,1.3880246,-0.17469451
83702,1.3878666,1.149555,-0.059659153
83703,0.6592704,1.7504854,-0.46420687
83704,1.1709261,1.2354761,0.8220471
83705,0.8900958,1.0135225,1.3792317
83706,1.4163705,1.1538011,-0.11384153
83707,1.0203358,1.3159367,-0.25324106
83708,1.0178877,1.1233897,1.2708483
83709,1.398721,1.115698,-0.0836079
83710,0.8900961,1.2348928,0.09757244
83711,1.3491268,1.214329,0.87072295
83712,0.94633466,1.0781449,1.3699595
83713,1.470543,1.3769828,0.40660235
83714,1.1163805,1.1480623,1.2287201
83715,1.5988897,1.3939395,0.18722603
83716,1.155018,1.1844794,-0.014553506
83717,1.1326286,1.1871582,1.2413311
83718,1.322299,1.0372205,-0.16015641
83719,1.4829999,1.3779032,0.6824945
83720,1.3953204,1.1606741,-0.2663757
83721,1.463841,1.3366858,-0.024603013
83722,2.0976908,1.4664222,0.89212054
83723,1.3586262,1.1623745,-0.15790507
83724,1.5684624,1.3796011,0.02527953
83725,1.2722878,1.1515998,1.1880783
83726,1.309937,0.7357051,-0.3368168
83727,1.6543484,1.3846873,-0.047063973
83728,1.6470022,1.272177,0.7663976
83729,1.3916117,1.1322801,1.226451
83730,1.4701304,1.2070873,0.007980078
83731,1.6763597,1.4343406,0.07874054
83732,1.4667609,1.1200202,1.256597
83733,1.509287,1.1903064,0.040475547
83734,1.8220417,1.3767744,0.62773937
83735,1.5291438,1.1023782,1.255799
83736,1.5140543,1.1480585,0.04626131
83737,1.5985956,1.3255597,0.0061817183
83738,1.5839833,1.0855987,1.284457
83739,2.0225968,1.7644355,0.0706865
83740,1.6198617,1.4844925,-0.019962529
83741,1.9202197,1.2687671,0.7898933
83742,1.7968605,1.3006141,1.1498442
83743,0.5598118,2.778655,1.7680337
83744,1.6876135,1.426077,-0.10339901
83745,1.782926,0.6730315,1.1527271
83746,2.0437648,1.2401998,0.15082873
83747,1.6635091,1.3827478,0.020719301
83748,1.9555391,1.352086,0.5170479
83749,2.356218,1.2459719,-0.2533693
83750,2.0612402,1.4262387,1.3282816
83751,2.3362677,1.1871625,0.0995906
83752,1.8071216,1.2428697,0.07340961
83753,2.227304,1.5150976,0.61009
83754,1.9773165,1.1777759,1.370492
83755,2.3038404,1.1429737,0.20338461
83756,1.7883946,1.1713256,0.12226008
83757,2.3024807,1.5800533,1.3494282
83758,2.334401,1.2136754,0.016886603
83759,2.1449573,1.0857936,-0.02202795
83760,2.3840442,1.4597164,0.90558314
83761,2.4240391,1.6046243,1.3978033
83762,2.3835344,1.1847702,0.07783349
83763,2.2245958,1.1795766,0.021323305
83764,2.3922868,1.4444108,1.4464478
83765,2.3418496,1.237507,0.08899082
83766,2.53661,1.5043938,-0.050682865
83767,2.577528,1.5162495,0.90422493
83768,2.3640559,1.2542121,-0.08768179
83769,2.3648815,1.1643474,0.10312055
83770,2.271073,1.1288707,0.13721038
83771,2.6638317,1.2286489,-0.0458769
83772,3.0400097,1.4082205,0.79836434
83773,2.76738,1.5280579,1.5134935
83774,2.5113385,1.5279273,0.56429714
83775,2.7378144,1.3664039,1.3962712
83776,2.9267821,1.1604252,0.14092368
83777,2.5743632,1.4655949,0.16313888
83778,2.8877795,1.2791305,1.0849805
83779,2.873263,1.3439933,1.4543425
83780,2.8079884,1.2629166,0.44143268
83781,2.4902356,1.3926214,-0.09050595
83782,2.8907635,1.2566369,1.4158156
83783,2.9079494,1.4553088,0.10432301
83784,2.6442385,1.3082685,0.09191869
83785,2.9754617,1.3160491,0.90260303
83786,2.9338014,1.1122638,1.2862296
83787,2.8174188,1.4566132,0.3144106
83788,2.6799376,1.556582,0.56587285
83789,3.0677328,1.1147141,1.2466785
83790,3.0730083,1.3692071,0.38618535
83791,2.9363186,1.3166126,0.10088367
83792,3.5323668,1.4478407,0.9294693
83793,3.15606,1.3074199,1.3140067
83794,3.3190186,0.84881663,-0.08046653
83795,3.1114638,1.3366879,0.20072566
83796,3.4494996,1.2399931,0.99103546
83797,3.2933824,1.6446426,0.42765218
83798,3.392403,0.8080447,0.10426829
83799,3.314588,1.293884,0.6672812
83800,3.2504637,1.2376653,-0.14490542
83801,3.8911026,0.8819889,0.27991468
83802,3.920135,1.3485253,0.7615915
83803,3.2251253,1.4571496,-0.0057778344
83804,3.1825893,1.4582579,0.79979867
83805,3.3260353,1.2538712,0.33182833
83806,4.2830887,1.3557938,0.54912215
83807,3.2053678,1.216857,0.44259468
83808,2.8234782,1.1469518,0.566023
83809,4.4252357,1.2652671,0.34709728
83810,3.3866596,1.7507637,0.5961224
83811,3.2249024,1.4760274,0.3908521
83812,3.669158,1.411806,0.51057994
83813,4.860124,1.3198018,0.8237754
83814,3.0408206,1.2393904,0.53641945
83815,3.2788262,1.1972415,0.45773807
83816,4.3558564,1.2416781,0.27588117
83817,3.1020324,1.6083704,0.6156478
83818,3.3755898,1.2458545,0.19324325
83819,3.9820192,1.2902192,-0.011405383
83820,4.6212983,1.7676667,0.2619031
83821,2.9475346,1.2831041,0.60431844
83822,3.3806643,1.2825992,0.057592303
83823,4.622684,1.4889536,-0.010610178
83824,3.283346,1.209843,0.49934086
83825,3.3396785,1.3376918,0.30298725
83826,4.8478637,1.485571,0.028859684
83827,3.4494078,1.3960109,0.55522597
83828,3.2775142,1.3351024,0.20526536
83829,4.8323445,1.5800904,-0.08633821
83830,3.304016,1.2722878,0.3305863
83831,3.3356044,1.4721955,0.2787203
83832,4.0937233,1.4230291,0.1571454
83833,4.80954,1.3693991,0.017598866
83834,3.1978562,1.4522969,0.5474054
83835,3.3607893,1.4108835,0.34573165
83836,4.859619,1.4809183,0.0029926407
83837,3.3976958,1.2501386,0.38173246
83838,3.3208115,1.4212799,0.3216483
83839,4.088153,1.3674173,0.25767475
83840,4.820155,1.5014179,-0.08240401
83841,3.2946968,1.4504118,0.33166322
83842,3.4734344,1.0823702,0.24366146
83843,3.2607307,1.49265,0.4624931
83844,3.5023615,1.0397747,0.1685401
83845,3.263655,1.4842442,0.4096557
83846,4.842542,1.4305971,0.31885877
83847,3.3732529,1.1974968,0.5490812
83848,3.2913616,1.4937943,0.3622533
83849,4.830821,1.5058012,0.28968087
83850,3.3062851,1.25793,0.40000877
83851,3.3956873,1.2619503,0.62864506
83852,3.2923117,1.4838727,0.32735106
83853,4.8530426,1.4545877,0.26610467
83854,3.3554301,1.1848556,0.5825781
83855,3.2680407,1.4846723,0.3520777
83856,4.8282576,1.4964223,0.27473414
83857,3.3578198,1.3164284,0.4333259
83858,3.2688885,1.4832292,0.3339738
83859,4.8618073,1.5448169,0.1659713
83860,3.3276765,1.377593,0.27816033
83861,3.2667336,1.4837539,0.37059933
83862,4.857138,1.552277,0.24315172
83863,3.5203638,1.0183302,0.12712695
83864,3.2841337,1.497979,0.38970459
83865,4.072163,1.2148116,0.14755547
83866,3.4366806,1.3994516,0.4453618
83867,3.2916718,1.4817088,0.29745546
83868,4.829372,1.5712371,0.22292289
83869,3.3475714,1.2174634,0.5544565
83870,3.272958,1.4781345,0.40972668
83871,3.400498,1.2635549,0.59606296
83872,3.2688835,1.4876528,0.33797795
83873,4.8462005,1.4832206,0.25095987
83874,3.4860706,0.9990995,0.08878433
83875,3.380159,1.3266968,0.46689713
83876,3.2702165,1.4890281,0.3236835
83877,3.4137504,1.2665665,0.5773928
83878,3.2701774,1.4975692,0.32112354
83879,3.2803218,1.4751202,0.34291708
83880,4.816571,1.4693931,0.25381532
83881,3.5061984,1.0400662,0.1404407
83882,3.2712846,1.4838448,0.30849043
83883,3.3322074,1.228913,0.59813315
83884,3.2966058,1.4727215,0.40787563
83885,4.765873,1.5664182,0.16326399
83886,3.357165,1.4968191,0.25244528
83887,3.3260357,1.4244945,0.3319301
83888,4.7923245,1.4439974,0.03933756
83889,3.3768816,1.5050895,0.38964668
83890,3.23549,1.1858813,0.2524903
83891,4.7744913,1.4326972,0.10811869
83892,3.3594553,1.5712333,0.45914254
83893,3.2634342,1.1518036,0.23372984
83894,4.767856,1.4349034,0.06321239
83895,3.3389187,1.5421697,0.4867571
83896,3.2604678,1.1826777,0.33931917
83897,4.7542243,1.354316,0.1004228
83898,3.3244667,1.5176898,0.48696962
83899,3.3040981,1.1904303,0.2367591
83900,4.7146373,1.4856806,0.13132773
83901,3.2303731,1.291653,0.40098226
83902,3.288947,1.2154558,0.24191545
83903,4.7389956,1.4471958,0.15903965
83904,3.2124677,1.3142459,0.5155953
83905,3.5262082,0.9922981,0.203266
83906,4.7374644,1.4125712,0.023512505
83907,3.190056,1.2781837,0.528795
83908,3.5062542,0.88921654,0.2595737
83909,4.847894,1.3585563,-0.055616323
83910,3.3011613,1.372831,0.58316284
83911,3.6583686,1.0622092,0.35636944
83912,4.099589,1.1259578,0.2766936
83913,4.8235292,1.3603636,0.010038959
83914,3.3342083,1.409957,0.50668025
83915,3.644695,0.9287196,0.2096062
83916,4.751436,1.3935206,0.05722286
83917,3.1864946,1.314889,0.5163881
83918,3.5809522,1.2215357,0.36239058
83919,4.1125817,1.1171005,0.2122899
83920,4.785868,1.3450699,0.033264477
83921,3.2460082,1.2304533,0.35441062
83922,3.4955363,1.4705808,0.356775
83923,4.8079724,1.4329125,0.03640192
83924,3.6074972,1.2115337,0.40262243
83925,4.0820365,1.1926945,0.401994
83926,4.756655,1.3513217,-0.012268983
83927,3.3977444,1.2904067,0.30314618
83928,4.7566543,1.504863,0.15164936
83929,3.3240933,1.2189935,0.4766364
83930,3.5240536,1.314832,0.31992933
83931,4.7633853,1.479364,0.12181235
83932,3.4625545,1.395645,0.2805177
83933,4.7912145,1.4778697,0.02994031
83934,3.3052158,1.1962873,0.50832057
83935,3.5080006,1.5119878,0.47263074
83936,4.2818875,1.3746965,0.32855648
83937,4.7874193,1.4097109,0.01245697
83938,3.3200574,1.1947277,0.4187142
83939,3.5006454,1.4416546,0.32409373
83940,4.8275967,1.4517518,0.1345846
83941,3.3381126,1.2097654,0.33556595
83942,3.3754225,1.2865543,0.30677667
83943,4.316762,1.2724702,0.394842
83944,4.810793,1.5035053,0.21882218
83945,3.434617,1.3340919,0.47908345
83946,3.3771865,1.4100807,0.16202402
83947,4.8067164,1.4109948,0.13075636
83948,3.442413,1.3504398,0.49425143
83949,3.4358819,1.353301,0.2079751
83950,4.3186054,1.3177537,0.13024276
83951,4.8050103,1.3598477,0.122730516
83952,3.4168673,1.329248,0.26071212
83953,3.3199368,1.1909046,0.42954683
83954,3.5903416,1.0567499,0.3731472
83955,4.3124814,1.263846,0.032001805
83956,4.817841,1.3708909,0.12849179
83957,3.3055627,1.2087258,0.46640188
83958,3.598814,1.2286155,0.54625976
83959,3.284617,1.2074565,0.47123492
83960,3.5444167,1.1261241,0.49364644
83961,4.320299,1.2557999,0.16694745
83962,4.7818303,1.3708047,0.22688656
83963,3.335391,1.2411046,0.43403944
83964,3.4472823,1.2088838,0.4148806
83965,4.800064,1.417074,0.07708161
83966,3.3794665,1.2704204,0.41969264
83967,3.4340608,1.2823709,0.17236805
83968,4.2415905,1.4118402,0.19489633
83969,4.787268,1.3767316,0.08415738
83970,3.4060633,1.673713,0.30055034
83971,3.4688869,1.237908,0.37167814
83972,4.811628,1.3706995,0.1167968
83973,3.5323575,1.7091246,0.21351913
83974,3.4222116,1.3638428,0.20695655
83975,4.312818,1.2560903,0.24935909
83976,4.8237925,1.3698119,0.06567531
83977,3.53861,1.7188357,0.19602719
83978,3.6702416,1.0106231,0.45426837
83979,4.769892,1.3797911,0.051786102
83980,3.3969357,1.4737023,0.21502301
83981,3.6665628,1.0182482,0.4267921
83982,4.355032,1.3114274,0.13519
83983,4.754948,1.4147807,0.10800529
83984,3.54031,1.6312214,0.21619917
83985,3.65298,0.95907235,0.2748403
83986,4.828141,1.3781834,0.10138365
83987,3.5646167,1.5216639,0.22353995
83988,3.4836493,1.1748402,0.33488017
83989,4.2929144,1.3676665,0.066852614
83990,4.8653383,1.3599143,0.10951524
83991,3.563807,1.5234907,0.24848269
83992,3.6159637,0.9364092,0.31010085
83993,4.855117,1.3258692,0.075142615
83994,3.715733,1.6096303,0.46368638
83995,3.5457878,1.158742,0.3676544
83996,4.3229866,1.2576541,0.10338045
83997,4.872299,1.3402817,0.10511315
83998,3.7114477,1.3804845,0.29493853
83999,4.832693,1.321193,0.11697837
84000,3.6913288,1.589998,0.38186747
84001,3.74608,1.1367264,0.42906952
84002,4.255006,1.3195891,0.089953445
84003,4.8189077,1.3584524,0.069369674
84004,3.610013,1.4794968,0.31679156
84005,3.7071269,1.3971995,0.31690773
84006,4.783221,1.3786104,0.02427409
84007,3.5994723,1.5362228,0.2568561
84008,3.946946,1.3845084,0.107254475
84009,4.353136,1.2838556,0.02468128
84010,4.8266487,1.2773968,0.017413443
84011,3.5151126,1.5870066,0.10026696
84012,3.9256692,1.5153077,0.30501965
84013,4.798482,1.2413913,-0.090540856
84014,3.3661118,1.5192504,0.22760525
84015,3.92335,1.1459554,0.37630233
84016,4.248722,1.3765843,0.10595605
84017,4.743179,1.2429723,-0.114757285
84018,3.5603168,1.7464385,0.15831853
84019,3.896918,1.177943,0.43352365
84020,4.846098,1.5048542,0.0038819995
84021,3.505474,1.6316943,0.15585442
84022,3.9217787,1.2402879,0.4689025
84023,4.3159695,1.4292476,0.24143173
84024,4.820433,1.2955898,-0.027969621
84025,3.4653494,1.5644813,0.2520635
84026,3.9874978,1.446929,0.43473595
84027,4.885041,1.6231022,0.29437038
84028,3.479894,1.5473995,0.20322907
84029,3.8794568,1.2092737,0.22279418
84030,4.383405,1.3576102,0.1413586
84031,3.3914995,1.4744037,0.26875657
84032,3.9396563,1.2400087,0.46546924
84033,4.997009,1.2207689,0.18008164
84034,3.3058922,1.6633435,0.049080342
84035,3.8789008,1.2550064,0.25681967
84036,4.3551936,1.3052626,0.025709705
84037,4.739341,1.2796652,0.0709172
84038,3.3088768,1.9538834,0.28138843
84039,3.889585,1.3031999,0.35818338
84040,4.762632,1.2821717,0.20918918
84041,3.5041263,1.3876927,0.28730014
84042,3.8879538,1.3103694,0.35879615
84043,4.3946977,1.4955065,0.086843625
84044,4.7783203,1.253681,0.21780048
84045,3.360034,1.5896131,0.11344677
84046,3.9110312,1.312066,0.36230537
84047,3.5268779,1.3433876,0.38212737
84048,3.9034016,1.265181,0.27128884
84049,4.2418623,1.2842348,0.17053397
84050,4.7852,1.289815,0.23206308
84051,3.347864,1.5951219,0.14393067
84052,3.9000473,1.3040967,0.2775844
84053,4.8453417,1.3152742,0.24219681
84054,3.3311543,1.9542562,0.28890696
84055,3.902531,1.2835488,0.36911538
84056,4.4295864,1.5700474,0.1130326
84057,4.9018917,1.425096,0.33510754
84058,3.403001,1.4600667,0.19860034
84059,3.938602,1.3042812,0.3585876
84060,4.886549,1.4882361,0.36468264
84061,3.466744,1.5446317,0.26587078
84062,3.920996,1.2933279,0.3841972
84063,4.1693234,1.1887386,0.13511322
84064,4.7775598,1.4451722,0.46753752
84065,3.4291477,1.4605852,0.19334823
84066,3.8825793,1.3085756,0.40026486
84067,4.8001127,1.4775892,0.41185012
84068,3.3759549,1.9475468,0.32059926
84069,3.8858545,1.287807,0.31768772
84070,4.30521,1.4038144,0.062472828
84071,4.6124616,1.3157178,0.61155486
84072,3.380192,1.567448,0.114360206
84073,3.891855,1.3165867,0.20296305
84074,4.7804475,1.3785374,0.42866626
84075,3.403233,1.5065612,0.39242664
84076,3.999486,1.4212677,0.25166726
84077,4.280146,1.3590839,0.13511288
84078,4.785874,1.4212006,0.37308282
84079,3.4379947,1.4791992,0.1990909
84080,3.9473836,1.3043225,0.28194278
84081,4.7760324,1.3602302,0.4586926
84082,3.4001327,1.4976174,0.21661201
84083,3.9615715,1.3749677,0.3340684
84084,4.428051,1.6212606,0.22962727
84085,4.8266087,1.3255616,0.31046814
84086,3.4844158,1.4090025,0.2592951
84087,3.9440007,1.3059037,0.31531915
84088,4.8791766,1.3936367,0.33227792
84089,3.5192912,1.378228,0.11593465
84090,3.9638727,1.3639085,0.2569714
84091,4.478478,1.5637174,0.33061907
84092,4.828458,1.3660719,0.23325865
84093,3.3464932,1.5020988,0.5468222
84094,3.9083922,1.2842295,0.21461229
84095,4.8580446,1.4108495,0.25867075
84096,3.5342355,1.7686639,0.13517486
84097,3.8870382,1.2879328,0.22290836
84098,4.434564,1.570986,0.29754636
84099,4.8930182,1.4092942,0.23695666
84100,3.5129213,1.6757883,0.1356592
84101,3.9064069,1.3461173,0.23579037
84102,4.8264866,1.4080008,0.3932989
84103,3.350689,1.7862048,0.15687561
84104,3.9157662,1.2847353,0.28631613
84105,4.293682,1.3392142,0.17234467
84106,4.832909,1.4078714,0.38374546
84107,3.855548,1.1565723,0.22609407
84108,3.88864,1.2928008,0.2941617
84109,4.833141,1.4187866,0.34116033
84110,3.531976,1.5728797,0.46772766
84111,3.8990362,1.2731173,0.29188308
84112,4.3944316,1.392469,0.23538196
84113,4.8184466,1.4089426,0.42294568
84114,3.6263912,1.6032608,0.37854746
84115,3.897918,1.2768911,0.32298723
84116,4.834467,1.4405162,0.33544996
84117,3.6271026,1.5946137,0.36750117
84118,3.9027104,1.2452221,0.2805226
84119,4.4466567,1.466838,0.24876077
84120,4.8221407,1.4079684,0.41297927
84121,3.6199248,1.599117,0.4227216
84122,3.8956728,1.2845553,0.27328372
84123,4.834182,1.3605125,0.4113748
84124,3.6302314,1.5971758,0.3270459
84125,3.8828077,1.2544336,0.3082058
84126,4.3693943,1.4332322,0.14652286
84127,4.86506,1.3223665,0.28003433
84128,3.6041036,1.642315,0.42767173
84129,3.885945,1.287035,0.30610922
84130,4.8708835,1.3916339,0.29033703
84131,3.6687443,1.7062222,0.28583318
84132,3.8946226,1.3082839,0.32595956
84133,4.3497233,1.4195768,0.26117066
84134,4.820744,1.3616177,0.3270186
84135,3.751812,1.8405191,0.32182783
84136,3.8492994,1.3063389,0.3205969
84137,4.8335443,1.3130677,0.26379442
84138,3.7143312,1.8426067,0.26432955
84139,3.8073788,1.427956,0.26878303
84140,4.4296665,1.4232047,0.0521571
84141,4.813758,1.3645649,0.34556025
84142,3.554646,1.6655035,0.20059039
84143,3.790514,1.400377,0.34306973
84144,4.8180847,1.3688387,0.2986588
84145,3.9305222,1.7037343,0.38087723
84146,4.397542,1.4548277,0.23966467
84147,4.8174853,1.3688928,0.30190936
84148,3.675446,1.7715179,0.3983716
84149,3.7056534,1.4804404,0.30777293
84150,4.8349032,1.364899,0.25192016
84151,3.6537507,1.8019191,0.4048074
84152,4.13092,1.688685,0.29758912
84153,4.4212604,1.3480089,0.35361078
84154,3.6196055,1.7995937,0.34648386
84155,3.8914263,1.957292,0.45185336
84156,3.8231192,1.8123457,0.2901324
84157,3.9458985,1.9261345,0.6017349
84158,4.59652,1.5687791,0.15150277
84159,3.8465078,1.7153515,0.23527963
84160,3.9406822,1.988165,0.48685452
84161,4.8196225,1.3879107,0.24276155
84162,3.8402874,1.784164,0.31636766
84163,3.9695325,2.0628095,0.5268055
84164,4.385031,1.2912081,0.09612531
84165,4.854418,1.4114199,0.27447203
84166,3.8650072,1.7660401,0.23624215
84167,4.903374,1.4080759,0.29429147
84168,3.7406445,1.6125998,0.27152902
84169,4.038765,2.2012813,0.6521569
84170,4.3025208,1.6520377,0.32202172
84171,4.8393316,1.4738274,0.33060685
84172,3.6578665,1.7722136,0.37263367
84173,3.7936835,2.0775623,0.20297243
84174,4.8358994,1.4421415,0.24740298
84175,3.754065,1.6656373,0.4070468
84176,3.7735846,2.0023546,0.16022722
84177,4.5537257,1.6665937,0.44620097
84178,4.8313813,1.4733882,0.29073796
84179,3.8305602,1.5850296,0.43495664
84180,4.853335,1.4348611,0.23376954
84181,3.6142771,1.6786289,0.25813884
84182,3.7110384,1.9668778,0.24446686
84183,4.4559135,1.4259982,0.15912575
84184,4.8622856,1.4126801,0.33492205
84185,3.6069798,1.6029968,0.2990509
84186,3.796484,2.0833843,0.23838829
84187,4.8842115,1.4234064,0.30898088
84188,3.6832435,1.9892433,0.6290737
84189,3.7165284,1.9614496,0.23092136
84190,4.4712224,1.5073923,0.19249246
84191,4.883627,1.4952847,0.32530627
84192,3.578077,2.0172186,0.3103398
84193,3.809965,2.0643578,0.18587738
84194,4.8405614,1.4924104,0.25428653
84195,3.662052,2.0817258,0.22909601
84196,3.8686275,2.128526,0.25234306
84197,4.3423223,1.3763868,0.19663906
84198,4.860532,1.4861615,0.24527414
84199,3.7979846,2.0287006,0.276533
84200,3.68298,1.953851,0.31675965
84201,4.842203,1.4425957,0.28530917
84202,3.7733793,1.9752487,0.23468909
84203,3.8362198,2.1582315,0.357209
84204,4.4401402,1.5500479,0.26448467
84205,4.8314652,1.4698192,0.30873227
84206,3.7352085,1.943185,0.32874367
84207,3.7753983,2.0784721,0.3839671
84208,4.849259,1.4499928,0.22521685
84209,3.7392006,1.9671675,0.28516388
84210,3.726078,2.0082047,0.21798064
84211,4.3524976,1.3915409,0.20643759
84212,4.8634853,1.3901031,0.19556054
84213,3.7592847,1.9435213,0.27966362
84214,4.8047595,1.4227238,0.29520413
84215,3.9023051,2.0281703,0.3705509
84216,3.7550256,2.0599177,0.33194506
84217,4.4060793,1.4393343,0.25429326
84218,4.781986,1.4505662,0.293246
84219,3.7950716,1.9176106,0.3900816
84220,3.6484318,1.92061,0.18027039
84221,4.7368274,1.3678252,0.12545447
84222,3.8529587,2.0513098,0.45852128
84223,3.670799,1.9077936,0.24290864
84224,4.367939,1.6277164,0.42843506
84225,4.89845,1.5695088,0.23567751
84226,3.7567472,1.8491364,0.31775755
84227,4.7035713,1.326655,0.16745396
84228,3.7467725,2.1132581,0.26895645
84229,3.7033715,1.8510656,0.3028392
84230,4.254201,1.4450331,0.517602
84231,4.7688913,1.4517457,0.36864534
84232,3.7914574,2.1761527,0.21279196
84233,4.796059,1.5303148,0.32838085
84234,3.6924517,1.8814251,0.26681936
84235,4.319749,1.4581836,0.311241
84236,4.8599763,1.5889363,0.3617218
84237,3.7131763,1.8940741,0.27851444
84238,4.8779488,1.6144254,0.52020454
84239,3.7054582,1.9935399,0.25575387
84240,3.8027039,2.1037884,0.34667414
84241,4.3198886,1.3512037,0.40130088
84242,4.5757737,1.3299253,0.8681553
84243,3.7007542,1.9843569,0.46103066
84244,3.6852202,1.9375374,0.24901018
84245,4.644793,1.4382894,0.74498343
84246,3.7440298,2.0884788,0.26261777
84247,3.7201126,1.8711652,0.2429822
84248,4.2843947,1.748817,0.51336455
84249,4.5667014,1.6586325,0.3602861
84250,3.787613,1.950384,0.4169416
84251,3.7044713,1.9085085,0.2468184
84252,4.465597,1.4432707,0.60071903
84253,3.6596558,1.8622445,0.27117246
84254,3.5934513,1.6638577,0.2155334
84255,4.18721,1.5738178,0.49563396
84256,4.75722,1.237286,0.4566717
84257,3.768957,1.9060805,-0.088257045
84258,3.8645573,1.9264673,0.2046905
84259,4.0177417,2.0755246,0.097669095
84260,3.982742,2.1504102,0.46414134
84261,4.467012,1.6504931,0.82122314
84262,4.8949785,1.3039509,0.9132236
84263,4.243721,2.1785026,0.2031764
84264,3.9884,2.1741571,0.41722003
84265,4.847986,1.5265242,-0.050236616
84266,4.508392,2.1842158,0.2927927
84267,3.9888086,2.1257715,0.4163969
84268,4.424811,1.8949386,0.2643026
84269,4.4343867,1.4785568,0.5060952
84270,4.462302,2.141346,0.3510911
84271,3.9986012,2.1430483,0.3618924
84272,4.768916,1.4558084,0.6761191
84273,4.596622,1.7702768,-0.011556237
84274,3.9936748,2.128039,0.39102
84275,4.5984297,1.7192761,0.40582868
84276,4.9224772,1.5467325,0.93171084
84277,4.607699,1.7698572,0.14528973
84278,4.0220284,2.1360953,0.29367986
84279,5.0599804,1.4458078,0.52730745
84280,4.6131644,1.7973232,0.0551684
84281,3.9953897,2.1279209,0.36418667
84282,4.1699257,1.815748,0.35915306
84283,4.482574,1.4009788,0.48664826
84284,4.5684347,1.8044889,0.07238037
84285,3.9076617,1.9143267,0.14540283
84286,4.5746517,1.4074211,0.5610006
84287,4.5620875,1.8174111,0.16973083
84288,3.8911324,1.9157021,0.09273909
84289,4.674066,1.9145896,0.5415389
84290,4.4976473,1.4287877,0.6410837
84291,4.5712137,1.8199325,0.12513044
84292,4.05041,2.1857457,0.36162013
84293,4.411162,1.5890356,0.47401705
84294,4.3918724,2.3430395,0.4301434
84295,3.9199395,2.3056242,0.3997833
84296,4.638489,1.7787573,0.73716944
84297,4.3825254,1.5548915,0.356722
84298,4.646301,1.822478,-0.001217211
84299,3.7140932,1.9591572,0.38305494
84300,4.421793,1.5375311,0.5143521
84301,4.6242156,1.7929243,0.018553948
84302,3.955804,2.1690726,0.60085803
84303,4.3937697,2.2045693,0.038938757
84304,4.8532953,1.3241996,0.5238624
84305,4.6116104,1.8113827,0.1249941
84306,3.7573671,2.1757169,0.51660156
84307,4.8409963,1.3223062,0.4399287
84308,4.4037194,2.3749247,0.38171932
84309,4.5244823,1.3766615,0.3107021
84310,4.928269,1.3204116,0.54511744
84311,4.6576614,1.810636,-0.04591983
84312,3.9864256,2.606542,0.52671367
84313,4.914796,1.998546,0.10642493
84314,4.2826633,2.1481097,0.3501251
84315,4.189132,2.5076761,0.5806456
84316,4.559733,2.0434968,0.6746093
84317,4.6068926,1.5990204,0.60064346
84318,4.284206,2.1491098,0.34762165
84319,4.452548,1.2055523,0.53521687
84320,4.3231845,2.3834145,0.3922987
84321,4.0556817,2.4859319,0.33872592
84322,4.5420737,1.7887306,0.6152717
84323,4.264308,2.4341075,0.3521354
84324,4.4624367,1.6090945,0.23504657
84325,5.2081923,1.2328984,0.60951656
84326,4.5550423,2.131626,0.75106376
84327,4.549377,1.6169531,0.34167638
84328,4.700554,1.0608802,0.365546
84329,4.685858,1.9562726,0.3430175
84330,4.4563665,1.9432267,-0.017507115
84331,4.8076277,1.1394979,0.922076
84332,4.59494,2.1990955,0.32987624
84333,4.602363,2.2310274,0.7797895
84334,4.5048704,1.8478367,0.25993735
84335,4.928662,1.3963077,0.79215145
84336,4.5363693,2.2119565,0.47098777
84337,4.643062,1.5821149,-0.27422407
84338,4.6431384,2.1642413,0.21841654
84339,4.45199,2.4072974,0.39936146
84340,4.4860682,1.7921889,0.51344824
84341,4.7165327,1.5373541,0.44833893
84342,4.6483955,2.190097,0.52377605
84343,4.410967,2.1578922,0.15780988
84344,4.550905,1.0761644,0.67685694
84345,4.5394998,1.9435169,0.25752485
84346,4.4283404,2.2495623,0.070775025
84347,4.385672,1.6583517,0.83223516
84348,4.5579042,1.1129715,0.6942016
84349,4.635817,1.9058704,0.19592598
84350,4.2856007,2.2974734,0.22957931
84351,4.769849,1.2261237,0.74382216
84352,4.6418657,1.9167397,0.17452875
84353,4.3268147,2.331544,-0.19951063
84354,4.3529253,1.6053216,0.30342495
84355,4.668973,1.1719632,0.87926507
84356,4.584759,1.9586627,0.1926023
84357,4.4326754,2.0791922,0.20957263
84358,4.6035504,1.2515026,0.782966
84359,4.4567432,2.116923,0.078878686
84360,4.223947,1.8709928,0.064645104
84361,4.6386657,1.4607874,0.5966421
84362,4.5260897,2.0313475,0.106064506
84363,4.4551897,2.099988,0.054828648
84364,4.5417657,1.5821781,0.61801594
84365,4.5608354,2.1359737,0.12823783
84366,4.4626265,2.0999188,0.17100143
84367,4.554476,1.5360967,0.6758628
84368,4.5615673,2.0510042,0.17321515
84369,4.424739,2.0938115,0.14219634
84370,4.595473,1.5485524,0.52359
84371,5.3477755,0.1360132,2.4465466
84372,4.3791823,2.075273,0.117183164
84373,4.536318,2.0862942,-0.00096580427
84374,4.382768,1.9548725,-0.15335388
84375,4.41746,1.72872,0.6689339
84376,4.6405897,2.066622,0.31552175
84377,4.4215727,2.03472,-0.029640432
84378,4.2658343,1.779026,0.32862815
84379,4.5130215,1.6826519,0.6171276
84380,4.4672666,2.0886326,0.13097385
84381,4.4601336,2.1117792,0.044180285
84382,4.3463025,1.6159729,0.48563725
84383,4.464382,2.0288887,0.12182956
84384,4.445753,2.1529117,0.039792426
84385,4.8857307,2.2782469,0.30981088
84386,4.5079055,1.9367614,0.76653266
84387,4.4828267,2.042573,0.054466385
84388,4.5009713,2.265169,0.20670292
84389,4.59715,1.8936049,0.74907744
84390,4.4694963,2.0403953,0.07069365
84391,4.5079494,2.1949914,-0.095735185
84392,4.332136,1.7972722,0.52198195
84393,4.308078,1.5676192,0.9685061
84394,3.99373,2.7087052,-0.11676555
84395,4.512424,1.7903895,1.1202934
84396,4.4965477,2.2362463,0.2316211
84397,3.947061,2.221921,0.25167993
84398,4.531895,2.0376744,0.9296155
84399,4.518946,1.8524196,1.0975803
84400,4.5243177,2.2305198,0.27412245
84401,4.8213935,2.2025132,0.16202515
84402,4.4638886,1.7794061,1.1642635
84403,4.479297,2.1426682,0.15890267
84404,4.478521,2.0262098,0.06290253
84405,4.4480147,1.8383921,0.54249465
84406,4.4871106,1.8603512,1.2566499
84407,4.441134,2.1578908,0.064502485
84408,4.561558,2.1854358,0.03822527
84409,4.4904604,1.8969035,1.2812815
84410,4.4672413,2.0971808,0.18416654
84411,4.428067,2.1168525,0.33646834
84412,4.5853825,2.0150092,0.9847248
84413,4.5362754,1.9770392,1.3694272
84414,4.5173545,2.0990157,0.04869936
84415,4.409016,2.1376746,0.30817574
84416,4.533648,1.9634962,1.3586625
84417,4.514611,2.0998917,0.13083416
84418,4.4335136,2.1516168,0.08382648
84419,4.6084547,1.9935745,0.8432279
84420,4.527118,2.007564,1.339793
84421,4.502575,2.1225262,0.090378344
84422,4.5178385,2.1805227,-0.06540043
84423,4.5279064,2.013331,1.3334534
84424,4.4995217,2.1086614,0.1433811
84425,4.4693227,2.1832857,0.079285026
84426,4.6710277,1.9564404,0.8653369
84427,4.5114074,2.0125287,1.3583881
84428,4.4699445,2.1477618,0.20048608
84429,4.735677,2.1462522,0.36895496
84430,4.404895,1.822499,1.2506691
84431,4.5259557,2.1263652,0.21432
84432,4.8397574,2.215571,0.19880162
84433,4.5969214,2.0334275,0.80148774
84434,4.432844,2.0568662,1.3435603
84435,4.4130216,1.8285518,0.23815894
84436,4.484746,1.8378444,0.53171116
84437,4.633862,2.255542,1.249936
84438,4.4007688,1.9934729,0.29772663
84439,4.3358293,2.1514754,0.48450685
84440,4.537351,1.9776253,1.0277135
84441,4.6625786,2.1263258,1.296339
84442,4.4039783,1.9973192,0.32105273
84443,4.4155073,2.3330305,0.7544088
84444,4.6762085,2.0328221,1.5141244
84445,4.4360943,2.0421033,0.2688646
84446,4.5305657,2.2826896,0.33897734
84447,4.3914084,1.9115769,0.87697333
84448,4.621368,2.1040041,1.5711476
84449,4.4131613,2.042739,0.37911853
84450,4.466793,2.2924762,0.3179078
84451,4.5987296,2.1790934,1.5066185
84452,4.479034,2.1681583,0.2470051
84453,4.3998423,1.8607944,0.98857826
84454,4.6513352,2.110777,1.5400132
84455,4.4288645,2.0548363,0.35063967
84456,4.481991,1.9199034,0.2769156
84457,4.6526756,2.098082,1.5310146
84458,4.49333,2.108849,0.25617355
84459,4.542139,2.0245535,0.49197933
84460,4.450396,1.7796777,0.8553631
84461,4.651638,2.0883682,1.5323766
84462,4.4637566,1.9899572,0.19234821
84463,4.4133673,1.8208871,0.21208502
84464,4.6094074,2.0760067,1.5444561
84465,4.4171433,1.932537,0.4035921
84466,4.3756104,1.8460561,0.8975771
84467,4.559367,2.095817,1.4945095
84468,4.502075,1.9408059,0.28762487
84469,4.3488913,1.7656546,0.1476652
84470,4.5038166,2.0604856,1.4747769
84471,4.3498125,1.9736787,0.5303372
84472,4.3466063,1.7694039,0.16389628
84473,4.1793213,1.8231614,0.9079246
84474,4.448831,1.7656754,0.53382146
84475,4.3208766,1.797466,0.30165347
84476,4.395758,2.05904,0.6545901
84477,4.33622,1.8211862,0.27508426
84478,4.1672835,1.8316108,0.9399453
84479,4.3499117,2.0880938,1.6092939
84480,4.3202066,2.0191944,0.6774213
84481,4.273062,1.7486188,0.27407688
84482,4.286651,2.101145,1.4457134
84483,3.99973,2.0393548,0.5378384
84484,4.34541,1.835344,0.21104671
84485,4.0656276,1.9975624,0.9868706
84486,4.172494,2.1012497,1.4757515
84487,3.8422363,2.1162124,0.1420913
84488,4.3259892,1.80655,0.25264576
84489,4.139169,2.1042683,1.5357815
84490,3.7170224,2.1457906,0.12425934
84491,4.2445636,1.7766038,0.4424122
84492,3.0214322,2.8562422,1.1169976
84493,3.978209,2.069069,1.3818536
84494,3.7049816,2.1648588,0.28153557
84495,4.2487006,2.0806868,0.12842494
84496,3.9211428,2.073393,1.3853824
84497,3.7086608,2.176495,0.20842104
84498,4.136764,2.1980376,0.470087
84499,2.9049935,2.79468,1.0070277
84500,3.864093,2.0599754,1.3499268
84501,3.6991198,2.1013916,0.13906313
84502,3.6326964,2.1409326,0.72555834
84503,3.8063402,2.1980162,1.4682308
84504,3.6308787,2.01922,0.33622763
84505,3.6702757,1.8701922,0.12177911
84506,3.5006983,1.9499285,0.79714197
84507,3.8064826,1.6757002,1.2304305
84508,3.6025748,1.9135205,0.3296798
84509,3.3287578,1.7758667,0.4380179
84510,3.7414913,1.7289933,1.2268585
84511,3.563507,1.8881309,0.24269004
84512,3.3341823,1.8383629,0.29572412
84513,2.974753,1.9497633,0.6495839
84514,3.683058,1.791731,1.1618252
84515,3.8863425,1.8877445,0.39674842
84516,3.2745066,2.1679428,0.19281565
84517,2.931678,1.8644531,1.1971387
84518,3.6954656,2.0749145,-0.1954136
84519,3.3718946,1.9448148,0.21816161
84520,3.2716153,1.791659,0.71670073
84521,2.797852,1.9129393,1.1872588
84522,3.1599348,1.6782047,0.13112304
84523,3.319985,2.003281,0.1265778
84524,2.7029805,1.9081962,1.18987
84525,2.862471,1.8171533,0.016146736
84526,2.721001,1.9595742,0.64837587
84527,2.6236625,1.9600753,1.3018099
84528,2.8748891,1.9796674,-0.19665536
84529,3.2725976,1.7666674,0.3214632
84530,2.6133065,1.876102,1.2600878
84531,3.0048637,2.05591,-0.13636869
84532,3.192904,1.6519762,0.52162135
84533,2.6480305,1.8303852,0.67303044
84534,2.667426,1.8248903,1.2798268
84535,2.6898375,1.9973172,-0.0048988857
84536,2.8233554,1.78963,1.3082197
84537,2.748927,2.0309193,0.018186301
84538,2.6319907,1.7960601,0.6729343
84539,2.7254999,2.0030282,0.0437725
84540,2.9984608,2.1040535,-0.048260402
84541,2.6046014,1.7396417,1.3963702
84542,2.6697667,1.900612,0.055616513
84543,2.722181,1.9532611,0.09204533
84544,2.4273283,1.6768963,0.720736
84545,2.1820545,1.5695409,1.34887
84546,2.6070313,1.9406534,0.105648845
84547,2.6511402,1.916384,0.16827969
84548,2.7507985,1.6698868,1.1422158
84549,2.9455178,1.8062153,-0.044281695
84550,2.5288277,1.7504818,0.03751956
84551,2.1237104,1.7706505,0.83355176
84552,2.7305734,2.0308752,0.032794427
84553,2.2297144,1.67554,1.2352635
84554,2.5949569,1.8014889,0.08132527
84555,2.378466,1.9352343,0.121068574
84556,1.956753,1.7120618,0.8358818
84557,1.7702239,1.781166,1.420224
84558,2.2480688,1.4606925,0.33752167
84559,2.3941467,1.5695363,0.017923817
84560,1.7569735,1.7778836,1.3643029
84561,2.111006,1.8978846,0.19852929
84562,2.4243412,1.5061405,0.14302617
84563,2.1928787,1.8623134,0.764064
84564,1.7129047,1.7497143,1.324728
84565,1.9876993,1.8420196,0.5202594
84566,2.3544087,1.7015636,0.111910254
84567,1.7369132,1.7739071,1.2691242
84568,1.8897557,1.8563515,0.12514512
84569,2.3269453,1.9447535,0.17875898
84570,1.5902133,1.7816035,1.0098128
84571,1.9691775,1.8690176,0.07848565
84572,2.399995,2.0355859,0.09113684
84573,2.0507433,1.6826682,1.0570925
84574,1.9682088,1.9610603,0.23408271
84575,2.232002,1.9055463,0.15177135
84576,2.012976,1.652306,0.79286397
84577,1.5564593,1.5745989,1.2746911
84578,1.9380213,1.9643152,0.0931149
84579,2.0181494,2.4150376,0.23693748
84580,1.5428647,1.8895099,1.1966416
84581,1.8359294,1.9391128,0.086176656
84582,1.969953,2.3953269,0.27708337
84583,1.4155312,1.7281611,0.9496675
84584,1.4177783,1.9111321,1.2191944
84585,1.8292315,1.881042,0.17574844
84586,1.7419958,1.7254777,0.19342837
84587,1.27545,1.9105724,1.1986604
84588,2.167881,1.6643296,0.20957407
84589,1.2579403,2.044131,1.2295886
84590,1.9255227,1.9089661,0.1840069
84591,1.8004705,1.9894929,0.22844833
84592,1.538979,2.195438,1.0397812
84593,1.8143803,2.0475774,0.12904404
84594,1.812725,1.9866997,0.2778533
84595,1.1150435,2.1276696,1.2056932
84596,1.9631279,1.9363248,0.26319745
84597,1.9253377,1.8201532,0.19197503
84598,1.173928,1.7783384,1.0269017
84599,1.9606943,1.9220159,0.3872486
84600,1.7088847,1.8156775,0.26856986
84601,1.3716896,1.9669793,0.57796496
84602,1.2153262,1.9153228,0.68098426
84603,1.9385822,1.9113556,0.42136267
84604,1.742054,1.834657,0.13906679
84605,1.1212256,1.8145382,0.86019826
84606,1.9511247,1.8900993,0.2469303
84607,1.7261589,1.9842335,0.17646937
84608,1.400312,1.4796757,0.35440513
84609,1.0741366,1.9040147,0.7205518
84610,1.6676538,1.6014534,0.3372054
84611,1.7157133,2.033773,0.2588001
84612,1.0271921,1.9862098,0.83300596
84613,1.7020072,1.7898424,0.27924225
84614,1.8474449,1.8028108,0.32686877
84615,1.1505091,1.2598832,0.6514387
84616,1.0221813,2.0488203,0.7844954
84617,1.7435212,2.0697312,0.22585586
84618,1.2016137,2.422882,0.8173087
84619,1.6135569,2.2123878,0.060952235
84620,1.7283653,1.9515737,0.42537752
84621,0.64704454,2.3034341,1.0880208
84622,1.6317303,2.2465804,0.23730277
84623,1.9889859,2.009764,0.17352533
84624,0.5826245,2.1512108,1.2003942
84625,1.6244675,2.1836164,0.2219749
84626,2.0677981,2.1473787,0.13165258
84627,1.6188426,2.2053416,0.4419923
84628,1.1882936,2.2138143,0.8638717
84629,1.5901895,2.2119024,0.08832782
84630,1.9049938,1.9910616,-0.018843627
84631,0.47188896,2.171164,1.3788764
84632,1.5976871,2.1644404,0.26840135
84633,1.967266,1.8818983,-0.16030867
84634,1.7067927,2.3429794,0.45279428
84635,1.1720884,2.1954644,0.6474312
84636,1.6369021,2.1725256,0.21140964
84637,1.898336,1.9773306,0.036842853
84638,1.2748669,2.297648,0.70735955
84639,1.5605344,2.2075539,0.22493841
84640,1.9950384,1.9976174,0.036849357
84641,1.5966727,2.1360111,0.11350353
84642,1.3625839,2.296198,0.75354683
84643,1.652301,2.1635458,0.31406993
84644,2.0057318,1.9699534,0.07588142
84645,1.3582622,2.258341,0.6840431
84646,1.624361,2.1804836,0.16873059
84647,2.015612,2.0208259,0.0067448434
84648,1.7570993,2.2804391,0.40581402
84649,1.3766592,2.253985,0.72454304
84650,1.6258421,2.171846,0.1532758
84651,1.9720234,1.9686916,0.08717738
84652,1.2860464,2.2743688,0.7208855
84653,1.6309104,2.1684737,0.18446949
84654,1.8798484,2.007318,0.15269831
84655,1.6930671,2.548802,0.16814749
84656,1.2802231,2.4799783,0.6940833
84657,1.6498313,2.1630251,0.30963102
84658,1.8039641,1.9218384,-0.08207832
84659,1.3218158,2.3554978,0.74682134
84660,1.7275443,2.1013834,0.15471105
84661,2.1250439,1.7696431,-0.0991772
84662,1.7816131,2.088921,0.051791348
84663,1.2684085,2.4606209,0.76052326
84664,1.746102,2.116768,0.2635363
84665,2.1981032,1.7024575,0.30179456
84666,1.286129,2.3900099,0.7553771
84667,1.8079649,1.5286618,0.41884193
84668,1.8941982,1.7313346,0.28943938
84669,1.6705794,2.1595945,0.3729898
84670,1.230883,2.466351,0.6692575
84671,1.9549716,1.6300887,0.4652241
84672,2.0563061,1.6524493,0.31365374
84673,1.1837269,2.4546342,0.66457003
84674,2.0142612,1.6818203,0.43726006
84675,2.1761913,1.8054693,0.2826296
84676,1.6137786,2.2770064,0.33375096
84677,1.1608691,2.4057727,0.6427196
84678,2.0364418,1.7148838,0.4501396
84679,2.065335,1.7105756,0.34438893
84680,2.1767123,1.7171648,0.54421717
84681,1.9455469,1.5089134,0.3839059
84682,1.4507966,2.404988,0.32331723
84683,1.0111159,2.4341404,0.45629087
84684,2.2236235,2.1061766,0.55937314
84685,1.8436533,1.6640624,0.56153077
84686,0.9040415,2.3868537,0.29816577
84687,2.2022734,1.9250782,0.7333679
84688,1.7208028,1.8690974,0.3524767
84689,1.3513322,2.4588566,0.36596173
84690,0.9552049,2.4386513,0.3394953
84691,1.944006,1.9022439,0.40489587
84692,0.9872982,2.4566267,0.4151804
84693,2.1789398,2.245001,0.67281663
84694,1.9122633,1.9863782,0.48265195
84695,1.3141627,2.207564,0.42096153
84696,1.014996,2.4761147,0.41128623
84697,2.16258,2.375168,0.8237714
84698,2.1473567,2.1419203,0.39614788
84699,1.0369183,2.4769602,0.46577883
84700,2.2069335,2.5509734,0.7172313
84701,2.1093168,1.9911627,0.5014358
84702,1.6136211,2.514927,0.46294233
84703,0.8940755,2.1684513,0.46876127
84704,2.0671818,2.303737,0.5629539
84705,0.9378859,2.2419972,0.4308947
84706,2.1328883,2.2576942,0.61941403
84707,2.2237642,2.1396167,0.5777895
84708,1.6208354,2.2991633,0.2616541
84709,0.81816375,2.0979016,0.5556755
84710,2.2895525,2.3085866,0.48988935
84711,2.2355075,2.1452377,0.42608082
84712,0.85691303,2.2452662,0.34263894
84713,2.414956,2.2949336,0.53374445
84714,1.6167022,2.5158463,0.38771078
84715,2.4076371,2.3523502,0.4898319
84716,2.328808,2.1237564,0.38311225
84717,0.86165917,2.2214484,0.3949654
84718,2.270594,2.3975515,0.42812705
84719,1.4623482,2.644767,-0.297532
84720,0.8431079,2.153706,0.37265235
84721,2.272531,2.2815084,0.4407979
84722,0.87807137,2.0921636,0.4000498
84723,2.281281,2.2391872,0.4063123
84724,2.2116,2.0698843,0.5983522
84725,1.1667478,2.0131023,0.5232883
84726,0.90698785,2.056821,0.39906085
84727,2.3425264,2.178456,0.43133837
84728,2.2148638,2.0671725,0.602455
84729,0.91521716,2.1021197,0.46840072
84730,2.195034,2.3545184,0.37282005
84731,1.8180095,2.0291023,0.64621425
84732,1.7018272,2.0937974,0.10228193
84733,0.8949362,2.121608,0.36072138
84734,2.2370589,2.3948307,0.37687898
84735,2.3444371,2.1235142,0.35757032
84736,1.0203602,2.226883,0.27058247
84737,2.5049167,2.1030085,0.41553175
84738,1.4735767,2.3582942,0.3117158
84739,0.97008526,2.231296,0.40472707
84740,2.5220761,2.335667,0.48021778
84741,2.3770525,1.7449671,0.23992871
84742,0.9468464,2.2399273,0.45825
84743,2.3831165,2.5523279,0.39255738
84744,2.4214723,2.0989633,0.3730545
84745,1.575312,2.3847787,0.29587364
84746,1.0014119,2.3200293,0.35465413
84747,2.4273193,2.5527468,0.5226434
84748,2.3237386,1.9966589,0.47709793
84749,1.0188932,2.3985188,0.41279924
84750,2.3362417,2.0694263,0.46385866
84751,1.4956996,2.3420882,0.37583417
84752,1.0401037,2.39525,0.27996808
84753,2.4345188,2.554154,0.61837465
84754,2.4084268,2.2790434,0.5085424
84755,0.9904109,2.3486826,0.3752553
84756,2.3083928,2.302136,0.5726589
84757,1.405262,2.2967908,0.60398376
84758,1.010073,2.316488,0.40071005
84759,2.4923012,2.3636925,0.6123331
84760,2.415131,2.2171278,0.58148116
84761,0.91840434,2.2363276,0.3872698
84762,2.5091426,2.3870723,0.5133386
84763,1.59707,2.3990119,0.36201337
84764,0.87179095,2.1101358,0.43812957
84765,2.4144619,2.4665723,0.59314007
84766,2.4106472,2.1680455,0.4397889
84767,0.8523477,2.086848,0.4292143
84768,2.4372551,2.5051727,0.59597653
84769,2.3219962,2.3914583,0.3403166
84770,1.6031513,2.3811607,0.29178986
84771,1.0459331,2.2116306,0.49349123
84772,2.775857,2.4667892,0.5862292
84773,2.3592339,2.23242,0.48697123
84774,1.0360411,2.33933,0.2987386
84775,2.259069,2.539835,0.5168932
84776,2.3615255,2.1325285,0.5264619
84777,1.7745004,2.155388,0.14483002
84778,0.91043556,2.2689774,0.47127354
84779,2.365978,2.2106144,0.49949014
84780,2.3935754,2.1174,0.36845762
84781,0.903853,2.1745484,0.1901349
84782,2.2725525,2.1324048,0.6738737
84783,2.4140408,2.0832562,0.33509055
84784,1.7042623,1.7838931,-0.038777098
84785,0.9366352,2.1752505,0.27673286
84786,2.3899758,1.988194,0.42696792
84787,2.5023546,1.9758635,0.4244072
84788,0.97679174,2.0085309,0.09794324
84789,2.2859335,1.8591464,0.45104697
84790,2.6162434,2.1549597,0.49621424
84791,1.7141283,2.0474844,-0.055512022
84792,0.99963427,2.3391387,0.27839145
84793,2.5133803,2.4734678,0.5647223
84794,2.6295505,2.173811,0.54221714
84795,1.0175812,2.233647,0.3164441
84796,2.5600798,2.4434059,0.43965745
84797,2.448873,2.04899,0.2923148
84798,1.5964631,2.3519058,0.3297583
84799,1.0268084,2.228791,0.31592733
84800,2.760315,2.445087,0.49721566
84801,2.4133053,2.1622422,0.33024332
84802,0.90713525,2.165096,0.4142906
84803,2.3323007,2.560919,0.42134735
84804,2.803719,2.0058062,0.6702142
84805,1.6750512,2.3009877,0.2665776
84806,1.1038387,2.4594276,0.2932687
84807,2.5851326,2.4416585,0.37938917
84808,2.452305,2.1359904,0.39201123
84809,0.99060535,2.207031,0.3202388
84810,2.6577954,2.3699083,0.39548174
84811,2.4338136,2.1275232,0.50808334
84812,1.7097387,2.3976803,0.29043254
84813,1.0633231,2.286015,0.424278
84814,2.5541863,2.1019442,0.40827924
84815,2.5276809,2.3424287,0.4870841
84816,0.9108467,2.2185588,0.5023326
84817,2.6136122,2.2322075,0.51330036
84818,1.6557732,2.4255862,0.24230295
84819,0.76126087,2.426092,0.6858598
84820,2.4246855,1.9233639,0.347864
84821,2.5057387,2.2167268,0.4708507
84822,1.0707028,2.513948,0.28030854
84823,2.3235579,1.9117485,0.42166793
84824,2.4527953,2.1352034,0.4598019
84825,1.6881702,2.4326856,0.28988516
84826,1.0973626,2.5451622,0.35062844
84827,2.2966568,1.8775605,0.31367975
84828,2.4435747,2.1774933,0.41932693
84829,0.9703339,2.316321,0.29013678
84830,2.3829014,2.1189868,0.22749394
84831,2.4377353,2.1533253,0.54018307
84832,1.5520222,2.3209918,0.363216
84833,2.5080812,2.422505,0.290523
84834,2.5338688,2.231595,0.531968
84835,1.077049,2.2879112,0.43560308
84836,2.5160885,2.440114,0.308613
84837,2.445371,2.1768043,0.5412086
84838,1.6610138,2.49739,0.24675506
84839,1.0392119,2.3057106,0.42918888
84840,2.4544835,2.4119549,0.3743451
84841,2.487825,2.3064663,0.46462864
84842,1.0870762,2.3234737,0.3956518
84843,2.4401634,2.3950436,0.3645758
84844,2.4051666,2.2235217,0.41496655
84845,1.6939409,2.5303774,-0.1174363
84846,2.4149523,2.3655171,0.36315426
84847,2.438452,2.0858355,0.49987793
84848,1.030329,2.2694273,0.40600315
84849,2.3372002,2.5908823,0.39863056
84850,2.512809,2.110216,0.51610065
84851,1.6744702,2.3389454,0.24238676
84852,0.8137081,2.063405,0.58966434
84853,2.2789094,1.8512205,0.28230587
84854,2.466643,2.1156368,0.5452815
84855,2.7102852,2.4348402,0.55365056
84856,2.4501467,2.105379,0.4958567
84857,1.6150148,2.5156617,0.22922322
84858,2.6351495,2.3985696,0.38381085
84859,2.3905265,2.1967885,0.5470137
84860,1.2769275,2.5157092,0.20982447
84861,2.7039883,2.2332194,0.4403275
84862,1.6941452,2.418718,0.25511727
84863,1.145595,2.44281,0.28449437
84864,2.4668262,2.2223606,0.49440354
84865,2.3513408,2.2268934,0.5345597
84866,1.2290409,2.4838972,0.2877198
84867,2.670931,2.4000456,0.4663491
84868,2.4090207,2.1615465,0.4949492
84869,1.6229402,2.426007,0.2816176
84870,1.2572954,2.5699244,0.2006392
84871,2.3765829,2.5409443,0.40868402
84872,2.4042063,2.1013167,0.39572015
84873,1.0816693,2.2869864,0.3019172
84874,2.3477936,2.5681076,0.4535879
84875,2.370105,2.0511985,0.38307488
84876,1.5709014,2.4101408,0.31408706
84877,0.99018145,2.0372877,0.41477156
84878,2.4910345,2.6581457,0.46127942
84879,2.3439724,2.0096688,0.4058598
84880,0.83555937,2.108861,0.49592903
84881,2.3462048,2.4785647,0.5332322
84882,1.3538613,2.267786,0.49518177
84883,1.2933878,2.701023,0.43902543
84884,2.4509284,2.3508358,0.44352648
84885,2.3577366,1.9897144,0.4675339
84886,2.3744776,2.4944208,0.6159753
84887,2.6352437,1.8158519,0.3189241
84888,1.6653024,2.328915,0.2512866
84889,1.0068219,2.2722232,0.32508814
84890,2.2113655,2.7279017,0.35594556
84891,2.3187737,1.8855443,0.38339663
84892,1.0405397,2.2578192,0.35845003
84893,2.2733376,2.4147515,0.4783303
84894,2.2148209,2.0348904,0.5313688
84895,1.6069858,2.3895323,0.33514112
84896,1.0401324,2.2569673,0.35088503
84897,2.3078034,2.3719075,0.45706782
84898,2.3816252,1.792392,0.38720268
84899,1.0621313,2.2842727,0.35502
84900,2.3441558,2.5266035,0.550676
84901,2.3258126,1.9060141,0.4272583
84902,1.6956389,2.5714352,0.23215383
84903,1.026201,2.2877493,0.31474695
84904,2.3149538,2.4523115,0.43593347
84905,2.2479246,1.9805853,0.4752417
84906,0.9600721,2.1405852,0.46674535
84907,2.3415372,2.6988297,0.52188903
84908,2.248859,2.039225,0.47939578
84909,1.622199,2.3253732,0.2982384
84910,1.0297792,2.2622077,0.31132892
84911,2.501408,2.4752142,0.56486297
84912,2.214405,2.036957,0.44567007
84913,1.1036841,2.3528302,0.26033455
84914,2.4901154,2.1654959,0.49598128
84915,2.2595494,2.010974,0.54412645
84916,1.6978348,2.4172447,0.2976806
84917,0.99108785,2.2383275,0.32440218
84918,2.7913432,2.6636043,0.82974315
84919,2.1992362,2.0932903,0.3846092
84920,0.90336794,2.0480297,0.43422085
84921,2.4950674,2.5851963,0.64320874
84922,2.3242023,1.9186493,0.4402089
84923,1.6634281,2.424285,0.21204565
84924,0.9467327,2.0793552,0.39830083
84925,2.6458166,2.6663911,0.6616818
84926,2.5155418,2.080566,0.38229597
84927,1.0777408,2.3482854,0.18184492
84928,2.6879423,2.610331,0.6516553
84929,2.45197,2.317039,0.42815542
84930,1.7232585,2.4524877,0.3038001
84931,0.8557224,2.0510838,0.35409954
84932,2.5695517,2.9637566,0.33985588
84933,2.441348,2.467067,0.13607062
84934,0.76539457,2.033823,0.32271266
84935,2.6459048,2.695915,0.35310715
84936,2.4566784,2.419726,0.30047858
84937,1.6830701,2.4091148,0.23106766
84938,0.9857196,2.0905538,0.43848667
84939,2.74988,2.63804,0.48182863
84940,2.452193,2.3472903,0.20791733
84941,1.0322771,2.0306242,0.26711568
84942,2.7028742,2.63758,0.6162732
84943,2.5275984,2.175753,0.40433335
84944,1.6874739,2.4155967,0.25771022
84945,0.86244273,2.4349895,0.552467
84946,2.3121998,2.4847424,0.59836036
84947,2.489982,2.2592316,0.17673324
84948,0.85198784,2.4295337,0.5765682
84949,2.6599848,2.7089965,0.59478235
84950,2.5417812,2.1749809,0.30288032
84951,1.6626582,2.4629357,0.1966504
84952,2.497674,2.2513168,0.40409657
84953,1.1889426,2.5101058,0.3546553
84954,2.4999459,2.331347,0.42709556
84955,1.6277417,2.4718044,0.126879
84956,1.2068063,2.4969776,0.34847856
84957,2.5439796,2.654961,0.3910409
84958,2.539391,2.3917303,0.4857865
84959,0.93266714,2.3526592,0.4695392
84960,2.5391736,2.5033934,0.50953346
84961,2.5452847,2.4700978,0.5106687
84962,1.617203,2.4232209,0.3392168
84963,1.1573942,2.3672225,0.3830536
84964,2.6849341,2.6125636,0.6200147
84965,2.5521834,2.2647543,0.60365015
84966,1.1202763,2.2948306,0.33975944
84967,2.7550683,2.9115164,0.5386616
84968,2.4784324,2.2361903,0.7701412
84969,1.1807175,2.3984506,0.6619321
84970,1.1486678,2.2418232,0.22685222
84971,2.5971615,2.8275151,0.46767282
84972,2.5320258,2.2900405,0.65774786
84973,1.104849,2.365646,0.5405404
84974,2.647199,2.7091053,0.5163158
84975,2.5374854,2.2955523,0.5360815
84976,3.327117,2.3960328,1.087836
84977,1.0867069,2.6619716,0.42005444
84978,2.5524104,2.4372811,0.4980534
84979,2.492434,2.2191377,0.60838723
84980,1.1958244,2.495148,0.35016876
84981,2.5668771,2.5159335,0.49503073
84982,2.594209,2.3610005,0.47883037
84983,3.3050683,2.5157237,1.0692474
84984,1.0951309,2.3623827,0.3825477
84985,2.645916,2.6437912,0.3638821
84986,2.6026285,2.4151046,0.4339081
84987,0.90956056,2.4225588,0.35299754
84988,2.6379662,2.6054454,0.5035347
84989,2.5619235,2.4911468,0.54202193
84990,1.16911,2.5488734,0.31386003
84991,2.5290294,2.4086688,0.42258114
84992,2.344938,2.4480102,0.33185166
84993,1.0318316,2.3394623,0.33540934
84994,2.691189,2.203874,0.55112255
84995,2.5426476,2.5731242,0.42868933
84996,1.5532831,2.295193,0.27789873
84997,2.5881338,2.3063462,0.5581591
84998,2.5618532,2.3458054,0.47666636
84999,1.0590392,2.3313758,0.28809214
85000,2.6634266,2.5339549,0.4215947
85001,2.3808863,2.150685,0.74459994
85002,1.5664958,2.2636707,0.20180102
85003,1.0349491,2.3816168,0.25831836
85004,2.6643183,2.5091016,0.37344527
85005,2.7001307,2.6335697,0.9452808
85006,1.0197158,2.323803,0.23895255
85007,2.6006148,2.4207172,0.28252938
85008,2.587508,2.673292,0.681576
85009,1.5621864,2.1647584,0.30445832
85010,1.0848407,2.4369612,0.267133
85011,2.5547762,2.3284972,0.78787744
85012,2.3879464,2.2689059,0.8554811
85013,1.1434736,2.3858554,0.29782793
85014,2.59014,2.4449089,0.48159534
85015,2.5504854,2.5229187,0.729514
85016,1.476687,2.2281024,0.36199546
85017,1.0164208,2.4882421,0.3512943
85018,2.5929096,2.5134225,0.6129976
85019,2.613664,2.6191607,0.83725965
85020,1.0104861,2.5363953,0.38320357
85021,2.5913315,2.4573705,0.557767
85022,2.7078671,2.7585964,0.64882904
85023,1.4995084,2.2321684,0.34857482
85024,1.0378908,2.5356975,0.38946098
85025,2.5846412,2.4301476,0.56920445
85026,2.718149,2.7489953,0.7320144
85027,1.0281191,2.5089083,0.38021132
85028,2.5730395,2.446819,0.57491755
85029,2.6847644,2.7798035,0.72599363
85030,1.4890871,2.1584592,0.34987268
85031,2.5717125,2.5037932,0.49603873
85032,2.6081903,2.7233799,0.8273118
85033,2.5860026,2.72672,0.76745886
85034,1.4768898,2.2810426,0.2464264
85035,0.94134426,2.5005434,0.29256034
85036,2.4497745,2.417744,0.46451232
85037,2.686768,2.729257,0.7499293
85038,1.0528371,2.3979797,0.29029343
85039,2.6285129,2.5486417,0.41521522
85040,2.4850993,2.3237374,0.56787837
85041,1.5776198,2.40386,0.30534738
85042,1.0964137,2.480932,0.1678974
85043,2.618796,2.3968403,0.4306095
85044,2.5310366,2.3185682,0.58742136
85045,1.049597,2.4905658,0.19249766
85046,2.5682282,2.4575627,0.54890585
85047,2.5898633,2.5617392,0.38004544
85048,1.6519818,2.4367256,0.3366941
85049,1.0034482,2.5569494,0.2248606
85050,2.6476688,2.4390216,0.423605
85051,2.5188541,2.4619803,0.52742666
85052,1.0502604,2.4915748,0.19189815
85053,2.4199002,2.5888484,0.6144156
85054,1.6604025,2.4550893,0.33922482
85055,1.0644194,2.4697573,0.15217786
85056,2.5580785,2.3242028,0.45283088
85057,2.4848773,2.5275717,0.4840371
85058,1.038037,2.4756327,0.20079586
85059,2.6449475,2.4231699,0.3483887
85060,1.6579275,2.4557493,0.33564466
85061,1.0788169,2.4681098,0.25020587
85062,2.662383,2.42826,0.39517486
85063,2.4613292,2.6030052,0.46657014
85064,1.061196,2.4446623,0.15122887
85065,2.6822238,2.5312324,0.42202598
85066,2.466706,2.5556107,0.42288953
85067,1.6618735,2.483771,0.32286367
85068,1.0950371,2.47788,0.20297056
85069,2.587595,2.405272,0.36536592
85070,1.0542697,2.4434652,0.14749952
85071,2.588004,2.4101186,0.3137151
85072,2.5055091,2.5300658,0.3968225
85073,1.6881982,2.4847312,0.29118848
85074,1.0658084,2.4496589,0.17709889
85075,2.6566381,2.5074599,0.3374345
85076,1.0574596,2.4578614,0.21292081
85077,2.6329436,2.4755468,0.2928531
85078,2.4763181,2.50994,0.4040792
85079,1.6758609,2.4621315,0.28353783
85080,1.0715262,2.4757228,0.21372865
85081,2.5982575,2.4265075,0.3087896
85082,2.4506528,2.561245,0.35756338
85083,1.0804466,2.4610538,0.17795531
85084,2.6337917,2.5015948,0.36524132
85085,2.476783,2.4810653,0.35991645
85086,1.6466093,2.4719021,0.33673403
85087,1.0535387,2.4541779,0.1849521
85088,2.4892554,2.4917836,0.41662416
85089,2.6250818,2.4873662,0.39709735
85090,2.463646,2.5418339,0.32053
85091,1.6453946,2.5350473,0.2609297
85092,1.0577551,2.4686224,0.24916717
85093,2.6567993,2.4734018,0.3512918
85094,2.4633877,2.5212922,0.4412187
85095,1.0846875,2.4539752,0.20825532
85096,2.6951098,2.5479465,0.39662084
85097,2.4457731,2.5271182,0.4612546
85098,1.6597807,2.4827452,0.2677096
85099,1.0468898,2.461825,0.14946546
85100,2.656608,2.4622724,0.37354437
85101,2.4909444,2.50003,0.37276712
85102,2.6563556,2.497786,0.37223995
85103,2.4417946,2.4904866,0.39087513
85104,1.6834488,2.325996,0.3628508
85105,1.0780854,2.4384778,0.2095018
85106,2.6327949,2.4718504,0.31555548
85107,2.413984,2.4714007,0.42644745
85108,1.1488646,2.3363564,0.3267467
85109,2.6431892,2.4470139,0.33679312
85110,2.5087926,2.2414482,0.46655694
85111,1.6359687,2.4128528,0.2616092
85112,1.1253816,2.2931376,0.22965108
85113,2.7150016,2.543765,0.3798113
85114,2.4673254,2.27503,0.3840358
85115,1.1114529,2.3157,0.22888178
85116,2.7055583,2.5625353,0.3967192
85117,2.4237201,2.3002825,0.45610532
85118,1.7458141,2.2999728,0.3397298
85119,1.1494328,2.2727816,0.38299197
85120,2.7170763,2.540103,0.43128622
85121,2.4979522,2.1967552,0.41186675
85122,1.1730509,2.6054854,0.35099155
85123,2.5866354,2.3719184,0.38783053
85124,2.5506272,2.1665752,0.31049287
85125,1.1333455,2.5280836,0.39128724
85126,2.5492525,2.385821,0.36904073
85127,2.4296572,2.3587239,0.43134966
85128,1.170483,2.5287898,0.31398672
85129,2.61634,2.6997404,0.2639403
85130,2.4296846,2.4058094,0.4143219
85131,1.2946103,2.3353946,0.6493454
85132,1.1759688,2.5890775,0.29751658
85133,2.6058805,2.6977987,0.38991645
85134,2.4845903,2.4293988,0.4027359
85135,1.1346977,2.251314,0.343922
85136,2.623581,2.593663,0.4710909
85137,2.4463198,2.3298805,0.45287576
85138,1.1854417,2.549284,0.31883729
85139,2.3067062,2.0781188,0.62441856
85140,1.2343763,2.5354905,0.35088116
85141,2.6251273,2.5228577,0.65303975
85142,2.5276515,2.1868773,0.42345524
85143,1.6018369,2.103972,0.3613009
85144,2.3081932,2.4252064,0.5752891
85145,2.588074,2.231161,0.36241648
85146,2.5592098,2.4652941,0.47196302
85147,2.643062,2.106943,0.37587225
85148,1.6515175,2.3630798,0.3532834
85149,2.7361596,2.4549809,0.65863574
85150,2.4240878,2.349852,0.4110515
85151,1.1863188,2.376664,0.25309363
85152,2.6739302,2.453636,0.64449507
85153,2.4025524,2.3770866,0.3958584
85154,3.4886134,2.3789253,1.1168936
85155,1.0210881,2.4919538,0.16357028
85156,2.6057894,2.1480992,0.39287305
85157,2.3644557,2.435726,0.36501735
85158,1.1445125,2.3664486,0.20181808
85159,2.6064591,2.1842797,0.39496407
85160,2.4128554,2.4140308,0.45582914
85161,1.5064656,2.2472496,0.2735113
85162,1.1425066,2.3740878,0.26561594
85163,2.6101067,2.141589,0.55420864
85164,2.4544432,2.2701404,0.44456637
85165,1.0535295,2.4113219,0.26648608
85166,2.6247375,2.185803,0.5782693
85167,2.3809924,2.2788646,0.3069205
85168,1.5276123,2.0175767,0.24961129
85169,1.0532835,2.40526,0.23145428
85170,2.6214287,2.124039,0.46156192
85171,2.461605,2.2203357,0.35659462
85172,2.6542406,2.1383963,0.4745987
85173,2.4960496,2.1654367,0.39673993
85174,1.6213601,2.4260986,0.33466598
85175,2.6172826,2.1495292,0.53466934
85176,2.6222088,2.1382687,0.58022475
85177,2.438095,2.2483099,0.4831664
85178,1.6105189,1.9653349,0.21848921
85179,1.0911528,2.4883273,0.20017497
85180,2.619391,2.141465,0.55572826
85181,1.1007516,2.5093462,0.2554258
85182,2.6034238,2.1417606,0.47087935
85183,2.4529953,2.232479,0.39597288
85184,1.2330673,2.329855,0.6216095
85185,1.2090176,2.4089599,0.30184
85186,2.6088436,2.135726,0.4084721
85187,2.4421184,2.2453296,0.43405357
85188,1.1588835,2.339079,0.22024666
85189,2.6192281,2.1146574,0.43141237
85190,2.4513195,2.231266,0.44425148
85191,1.6368426,2.4445734,0.30969262
85192,1.0139035,2.4025,0.20206739
85193,2.6208296,2.1489453,0.5312783
85194,2.4601877,2.215963,0.44113037
85195,0.986883,2.4497912,0.10196414
85196,2.5999405,2.1409848,0.45537722
85197,2.560774,2.071067,0.3411356
85198,1.6185623,2.4324844,0.33899114
85199,1.0498754,2.388853,0.15091293
85200,2.6097262,2.1372762,0.38215664
85201,2.505314,2.0509124,0.44053596
85202,1.1076468,2.3452454,0.23015286
85203,2.623715,2.173686,0.47241572
85204,2.5209634,2.0330334,0.34335458
85205,1.6431297,2.316287,0.39614728
85206,1.0433022,2.3454719,0.18670216
85207,2.4557755,1.9366328,0.31637874
85208,1.0712373,2.2662988,0.18611199
85209,2.6447268,2.2980046,0.5361018
85210,2.309369,2.0076234,0.398051
85211,1.6017556,1.9647937,0.27682206
85212,1.1091951,2.3118496,0.19257702
85213,2.6673026,2.2004108,0.59033626
85214,2.286504,1.8098843,0.36688694
85215,1.1100895,2.2683706,0.20227009
85216,2.7460785,2.0022337,0.46561736
85217,2.2244074,1.7981029,0.34842014
85218,1.7149004,2.5501895,0.42311832
85219,1.1347936,2.2744436,0.26204795
85220,2.8126807,2.3865545,0.40925527
85221,2.1704895,1.7438495,0.26894906
85222,1.1763194,2.3314855,0.21679226
85223,2.700169,2.2193003,0.44140774
85224,2.2090442,1.9343681,0.21577898
85225,1.6889449,2.6526146,0.29919556
85226,1.1724709,2.3376694,0.15064287
85227,2.7708457,2.3202083,0.48663163
85228,2.2125807,1.9161078,0.19129305
85229,1.1256158,2.4950447,0.16072226
85230,2.5529919,2.1042438,0.3750738
85231,2.2419348,1.8958211,0.4299876
85232,1.5783949,2.1198902,0.2519049
85233,1.0727063,2.54949,0.4714766
85234,2.375748,2.3713748,0.67371404
85235,2.2462912,1.890194,0.3275215
85236,1.1241428,2.4636214,0.4650126
85237,2.568889,1.9534608,0.5214766
85238,2.2015302,1.931192,0.2519449
85239,1.6677262,2.4290915,0.3317974
85240,1.2251884,2.4205904,0.460861
85241,2.5259817,1.8591663,0.72198075
85242,2.1869745,1.9910418,0.15641914
85243,0.97929734,2.3997338,0.27047542
85244,2.4180489,1.8598692,0.5373372
85245,1.5699581,2.2113957,0.35463
85246,1.2852198,2.3792903,0.2721974
85247,2.345619,1.8095644,0.641385
85248,2.196919,1.9457059,0.08416269
85249,1.1646966,2.2031896,0.2714273
85250,2.390513,1.7627776,0.6855025
85251,2.189174,1.9458531,-0.031123795
85252,1.5399711,2.06576,0.41483656
85253,1.1837454,2.3177195,0.22946958
85254,2.3652554,1.5273354,0.55238324
85255,2.0981922,2.0511105,0.024430225
85256,1.2049466,2.2845383,0.24553953
85257,2.5629568,1.236126,0.5531373
85258,2.23636,1.9058015,-0.0935547
85259,1.5535388,2.238588,0.40992355
85260,1.1867702,2.3209565,0.32046318
85261,2.0252013,2.0572324,0.40865165
85262,1.9578898,2.3932774,0.06700683
85263,1.3188329,2.3735065,0.7101651
85264,2.2353363,1.9609516,0.27207488
85265,1.6492969,2.3766913,0.5108349
85266,1.1319548,2.0408654,0.55857563
85267,2.077588,2.106559,0.10564881
85268,2.2187834,1.9856573,0.035388708
85269,2.1156585,2.0317535,0.38635966
85270,2.252806,1.943654,0.23850308
85271,1.656132,2.3504827,0.39676142
85272,1.1058457,2.0445576,0.5697072
85273,2.2996619,1.9339937,0.2850837
85274,1.4515624,2.0847313,0.519691
85275,2.280595,1.9756373,-0.07529312
85276,1.4023963,2.2807121,0.7540149
85277,2.2652266,2.1341443,0.2693503
85278,2.267594,1.9276361,0.11709152
85279,1.3106122,2.219021,0.72436523
85280,4.07011,2.0712414,1.1209922
85281,2.2609785,1.9382852,0.072386414
85282,1.4466145,2.1817408,0.7412062
85283,2.541997,1.7621546,-0.032119993
85284,2.2376633,2.0027883,0.16283949
85285,1.4077659,2.107988,0.72993237
85286,2.5567524,1.7724856,0.53173417
85287,2.2493079,1.7694372,0.4694653
85288,1.7524056,2.271068,0.24048808
85289,1.4426469,2.176519,0.74573785
85290,2.5701835,1.8200592,0.42211154
85291,2.2470062,1.8758922,0.25041342
85292,1.511745,2.2111824,0.7900697
85293,2.4819486,1.7531108,0.084980085
85294,2.180623,1.7651498,0.1448751
85295,1.8802764,2.172801,0.20800795
85296,1.5642664,2.2908485,0.7957192
85297,2.4058802,1.833397,0.15412816
85298,2.3049545,1.9027188,0.023107544
85299,1.6103555,2.244628,0.7851148
85300,2.1209924,1.9647074,0.21515188
85301,2.2878737,1.9478186,0.08390685
85302,1.7315019,2.407312,0.25337115
85303,1.5792353,2.2880247,0.8195067
85304,2.1821303,1.9751921,0.19622894
85305,2.2077909,1.8402112,0.21090794
85306,1.6732367,2.3263843,0.79081225
85307,2.041087,1.9924365,0.16895123
85308,2.2267215,2.1555367,-0.11742829
85309,1.7135707,2.3592525,0.7725043
85310,2.204482,1.9732496,0.24269214
85311,2.178889,2.112369,-0.0621508
85312,1.6859243,2.3677351,0.7876723
85313,2.594132,1.9011605,0.6122032
85314,2.2818437,1.8731234,0.13516437
85315,1.8891902,2.1762319,0.2787102
85316,1.7336187,2.3632395,0.79717505
85317,2.6616194,1.9326087,0.5939994
85318,1.9095918,2.2448962,0.20060508
85319,1.7060375,2.3171687,0.82931733
85320,2.1793132,2.0138433,0.22265187
85321,1.8321178,1.790783,0.030765383
85322,1.6972731,2.4708297,0.24507885
85323,1.7326161,2.3054888,0.7634392
85324,2.0919943,1.9934433,0.30899903
85325,1.9928491,1.7785025,0.20763014
85326,1.790255,2.280335,0.783115
85327,2.01089,1.9625297,0.2578784
85328,2.126713,1.9185088,0.23163006
85329,1.8233527,2.2045455,0.39895922
85330,1.8214276,2.2330914,0.76855856
85331,2.237974,1.9749824,0.4786687
85332,1.9990423,1.7584689,0.15067369
85333,1.8295152,2.138845,0.68065923
85334,2.0048063,2.0392094,0.21040753
85335,1.9936125,1.8021609,0.12960377
85336,1.8902669,2.196979,0.33092412
85337,1.863595,2.0854723,0.6976529
85338,1.9829185,1.7991271,0.23817447
85339,1.923051,1.980559,0.109415896
85340,0.43399477,0.49950454,2.0032704
85341,1.884269,2.0356867,0.66974723
85342,1.9503385,1.961204,0.30695048
85343,2.0428092,1.8970122,0.058325607
85344,1.8989607,1.9380549,0.7765791
85345,2.010615,1.8018558,0.19199963
85346,2.0051544,1.7987659,0.44104
85347,0.41408318,0.5464516,2.0378098
85348,1.893095,1.9066318,0.28089464
85349,2.0664566,1.8703104,0.14398843
85350,1.8368002,1.8558648,0.8960351
85351,2.0038464,1.7058886,0.25145468
85352,2.087921,1.9173305,0.17533469
85353,0.4241048,0.48094612,2.03342
85354,1.9212871,1.7961721,0.8840317
85355,2.002074,1.752958,0.20405768
85356,2.0442567,1.8839115,0.13391809
85357,1.891672,1.8273519,0.9768132
85358,2.139486,1.9394847,0.3223269
85359,1.7969794,1.970911,0.60505086
85360,1.8330427,1.844901,1.0639627
85361,2.0518756,1.7438318,0.32364863
85362,2.1277204,1.9275849,0.29243672
85363,1.8216516,1.8124294,1.1042327
85364,1.8927628,1.9555141,0.2324748
85365,1.9239196,1.828824,0.34601557
85366,1.8925176,1.9080559,0.66839594
85367,1.8445219,1.7923251,1.1939633
85368,2.049527,1.761111,0.31493253
85369,2.062692,2.00859,0.31277055
85370,1.8454878,1.796424,1.2200267
85371,1.9043769,1.8566898,0.1378152
85372,1.9307446,1.7906965,0.6532264
85373,1.8380375,1.8124001,1.215928
85374,2.0585866,1.7175627,0.28014016
85375,1.8128463,1.8545384,0.17456117
85376,1.871547,1.8807179,1.2563715
85377,2.0136542,1.957255,0.16395575
85378,2.0644703,2.0245419,0.1645145
85379,1.8580577,1.7249335,0.8151598
85380,1.8924695,1.9480017,1.1475999
85381,2.1191316,1.9507049,0.11906754
85382,1.9003284,1.946485,1.1780949
85383,2.1117778,1.8710059,0.28112325
85384,1.8838269,1.700727,0.84007126
85385,1.9457498,1.919888,1.1410197
85386,2.1641722,1.9144268,0.2362207
85387,2.1157286,1.939458,0.17124903
85388,1.9904579,1.8864223,1.1484644
85389,1.8899771,1.9204518,0.19984357
85390,2.086449,2.0253236,0.27499563
85391,1.9201585,1.7248341,0.86251146
85392,2.0180063,1.8807131,1.1429559
85393,2.0436974,1.6876452,0.18189366
85394,2.047594,1.8713527,1.1323717
85395,2.0785947,1.68839,0.2650401
85396,1.9571439,1.8581024,0.1848635
85397,1.9220074,1.7237543,0.87816507
85398,2.063319,1.8210711,1.1939039
85399,2.057502,1.6715018,0.17064182
85400,2.2634892,1.9159263,0.20817095
85401,2.0266464,1.8117981,1.1225297
85402,2.048357,1.6966017,0.18551381
85403,2.1331635,1.953923,0.3243011
85404,2.0755913,1.8756597,0.84050333
85405,2.017548,1.8274641,1.1334525
85406,2.0578303,1.6928142,0.26082203
85407,2.1005006,1.9190817,0.20390114
85408,2.0296066,1.8106123,1.1514663
85409,1.9519056,1.8832797,0.22814468
85410,2.0724127,1.8675789,0.3621146
85411,1.929277,1.6980652,0.9113203
85412,1.9295862,1.8722541,1.1480592
85413,2.0672545,1.703969,0.26631302
85414,2.0351927,1.8086187,0.33565485
85415,1.9327104,1.8319291,1.1640116
85416,2.0810935,1.6459907,0.34427145
85417,2.0344703,1.7538921,0.24624485
85418,2.0219223,1.7988445,0.83814824
85419,1.8949256,1.8206059,1.1698283
85420,1.9902389,1.7294055,0.46150225
85421,2.080607,1.698268,0.3212789
85422,1.7986664,1.8177433,1.2320297
85423,2.0187,1.7800912,0.22477733
85424,2.0576835,1.6637663,0.3508499
85425,1.989927,1.7081343,0.946753
85426,1.7544105,1.8132727,1.2482061
85427,1.9806794,1.7819531,0.1810395
85428,1.7220826,1.8122425,1.3053439
85429,2.1259787,1.734067,0.23185767
85430,2.0555232,1.6839038,0.17888026
85431,1.8462,1.7843686,0.9667121
85432,1.975557,1.4807589,1.3655862
85433,2.0094516,1.7843351,0.2701286
85434,2.0205185,1.6318272,0.42226046
85435,1.818037,1.5282434,1.3362118
85436,2.0174122,1.609647,0.121716075
85437,1.8685102,1.6065631,0.081629135
85438,2.003287,1.5214008,0.9420206
85439,1.7214249,1.9339246,1.3209897
85440,2.2738965,1.4563247,0.21319397
85441,1.7656145,1.8231204,1.3083926
85442,2.2343924,1.6594067,-0.05166197
85443,2.0487633,1.7419307,0.33515882
85444,2.0942965,1.4178908,0.7856584
85445,1.8541893,1.8152155,1.3322762
85446,1.9045788,2.1905704,-0.21764645
85447,2.0442944,1.6502109,0.37838927
85448,1.9449352,1.7440037,1.3379859
85449,2.6429436,1.4415567,0.47610086
85450,1.7226273,1.7683616,0.13550447
85451,2.1545553,1.5581878,0.8356688
85452,2.6897237,1.5126195,0.55352634
85453,1.7056866,1.8214922,-0.041058645
85454,2.0120974,1.6772037,1.3360434
85455,2.2307894,1.4419861,0.23896791
85456,1.9888924,1.2954562,-0.056804456
85457,2.221956,1.6113522,0.9023903
85458,2.156427,1.4556344,1.3445951
85459,2.5613987,1.4371136,0.47314548
85460,1.9980211,1.3523234,0.037695453
85461,2.1848176,1.4331093,1.3720483
85462,2.222597,1.4947138,0.29749945
85463,2.370855,0.9788306,0.2516425
85464,2.3771517,1.6033545,0.8820598
85465,2.08987,1.8898832,1.3787022
85466,2.3103185,1.2536094,0.20368175
85467,2.5231698,1.5679224,-0.10459379
85468,2.1840506,1.7544109,1.4367248
85469,2.3159053,1.2085687,0.0659479
85470,2.701822,1.5763456,-0.029589107
85471,2.7196658,1.5877109,0.94939864
85472,2.5297923,1.621548,1.4808104
85473,2.3215063,1.1946256,0.010423465
85474,2.6881175,1.3330207,-0.09148995
85475,2.2474906,1.5127652,0.17183223
85476,2.730633,1.5547606,-0.014782831
85477,2.5749822,1.482479,1.0492383
85478,2.45942,1.2588245,1.3846484
85479,2.5084028,1.4915563,0.42853543
85480,2.7667296,1.5315032,0.06167035
85481,2.4846487,1.212557,1.3175266
85482,2.741248,1.5809425,0.22016259
85483,2.6506264,1.3855425,0.09403928
85484,2.5620263,1.5294257,0.9798156
85485,2.7162147,1.4520912,1.4733917
85486,2.6902325,1.5490649,-0.12607995
85487,2.8366964,1.5736443,1.420816
85488,2.8946605,1.3053222,0.34943384
85489,2.7139804,1.5325823,0.09820118
85490,2.8709788,1.3910846,0.99530184
85491,2.9454215,1.6852764,1.410635
85492,3.0752945,1.347058,0.1524828
85493,2.7575204,1.1924334,0.03189241
85494,3.0907993,1.3526834,0.24612775
85495,2.7402086,1.4390968,-0.092773125
85496,2.8702526,1.4061471,1.1918766
85497,2.5653205,1.3808079,1.2081025
85498,2.900056,1.24802,0.11970937
85499,2.7069676,1.0082872,0.042126976
85500,2.7286065,1.2165583,1.2327347
85501,2.8858857,1.27963,0.21988997
85502,2.781129,1.5950155,0.014098777
85503,2.874857,1.411929,1.1778588
85504,2.6483963,1.433525,1.1947951
85505,2.8391025,1.4057333,0.13971885
85506,2.887021,1.033151,0.11558786
85507,2.6501448,1.4315991,1.2260071
85508,2.8482273,1.3962634,0.20876066
85509,3.0066578,0.9906876,0.25780296
85510,2.9643106,1.316473,1.1517329
85511,2.6527884,1.4329642,1.2080828
85512,2.9059472,1.2739109,0.22847986
85513,2.883028,0.9992029,0.2169067
85514,2.6901586,1.3668269,1.220941
85515,2.892201,1.2663021,0.30437943
85516,2.9237328,0.9602366,0.048667893
85517,2.9849129,1.3597703,1.2138937
85518,2.6737502,1.4168695,1.2595693
85519,2.8944097,1.2950833,0.2976554
85520,2.8189485,0.96960044,0.09483575
85521,2.6922264,1.3902487,1.2603698
85522,2.9063067,1.2839814,0.337095
85523,2.859075,0.98388755,0.2170233
85524,2.9845848,1.3254973,1.140819
85525,2.699041,1.4109564,1.3346577
85526,2.9048173,1.2761871,0.24649248
85527,2.880056,1.0104133,0.1826504
85528,2.6944084,1.3956776,1.3152959
85529,2.9055934,1.3190862,0.34893516
85530,2.8392377,0.9959059,0.08325173
85531,3.061596,1.4008464,1.0876575
85532,2.7232792,1.4077291,1.3763324
85533,2.8948634,1.3553405,0.26526824
85534,2.8582466,0.97002655,0.15173186
85535,2.734711,1.3577522,1.3533839
85536,2.884541,1.3102443,0.30580148
85537,3.0107806,1.1982096,0.22422756
85538,3.0791261,1.3193773,1.06064
85539,2.7379196,1.3567474,1.3682159
85540,2.9370208,1.1085248,0.10279999
85541,2.7575676,1.3566227,1.3959141
85542,2.8845432,1.308377,0.28102806
85543,2.9073412,1.1154412,0.10159579
85544,3.0458663,1.3404502,1.0487171
85545,2.761212,1.3586398,1.483225
85546,2.8504565,1.3684102,0.272066
85547,3.0102832,1.1450417,0.28623253
85548,2.8115463,1.3073027,1.3919309
85549,3.0344198,1.5062932,0.18940988
85550,2.9034786,1.0202969,0.3802874
85551,3.0466375,1.292077,1.0253572
85552,2.835878,1.3571757,1.4103703
85553,3.1108403,1.4893715,0.3060931
85554,2.9032538,1.0769243,0.078578606
85555,2.8882916,1.3164158,1.3752588
85556,2.9807243,1.2989396,0.2779987
85557,2.8638306,1.2216293,-0.020402735
85558,3.131378,1.3089293,0.9930758
85559,2.9453838,1.3195827,1.3158114
85560,2.9767559,1.4715393,0.21689312
85561,3.331194,0.5848572,-0.24224764
85562,2.9463117,1.3178235,1.2002825
85563,3.0821266,1.4268221,0.27354628
85564,2.8945565,1.1591573,0.41566378
85565,3.166912,1.2928075,0.7064636
85566,3.127412,1.1271266,1.1022587
85567,3.2567267,0.9798475,0.2941251
85568,2.9222167,1.2427801,0.27859256
85569,3.100188,1.2773572,1.0269132
85570,3.3075836,1.2053467,0.12877032
85571,3.693721,0.58445984,-0.2558102
85572,3.1528778,1.4001868,0.7285626
85573,3.1370122,1.2901349,1.0355209
85574,3.149422,0.87133837,-0.09775618
85575,3.2713752,0.70544803,-0.18091847
85576,3.2043207,1.3455889,1.0218426
85577,3.084217,1.9545798,0.47177413
85578,3.1846907,1.310493,0.16901913
85579,3.4448967,1.3736804,0.5153768
85580,3.2102973,1.4049563,1.0061682
85581,3.1928668,1.1361079,0.07562869
85582,3.2748964,0.8825548,-0.068622395
85583,3.284652,1.3585025,0.9571525
85584,3.26757,0.83265346,0.13904107
85585,2.6771493,1.0476106,-0.09379323
85586,3.4046357,1.4931368,0.46896258
85587,3.4676552,1.2170877,1.0210102
85588,3.2557898,1.082613,0.20312217
85589,2.8173053,0.9737803,0.12248514
85590,3.408024,1.3873434,0.99555576
85591,3.2418609,1.4235568,0.115942284
85592,2.7895582,1.1617397,0.22822443
85593,3.4167864,1.5778582,0.53420806
85594,3.4406295,1.2101356,1.0103545
85595,3.1578658,1.5051523,0.09407932
85596,2.918832,1.1056888,-0.17106146
85597,3.5481904,1.29672,0.940652
85598,3.394579,1.0366292,0.115981
85599,2.927881,1.297561,-0.46970928
85600,3.4394267,1.1596607,0.4808332
85601,3.6320565,1.1435187,0.71196896
85602,3.011488,1.4429874,0.46209002
85603,2.8532767,1.1611496,-0.11494522
85604,3.7642717,1.2449666,0.70141166
85605,2.8180377,1.5027146,0.10384057
85606,2.9416883,1.0081547,-0.4441814
85607,3.6662462,1.4548113,0.36427832
85608,3.9314702,1.448716,0.471667
85609,2.7590566,1.363913,0.21186805
85610,2.9549198,1.237718,0.13044102
85611,2.992621,1.565559,0.5087291
85612,2.9518201,1.2528951,0.29640248
85613,3.6768584,1.4715058,0.15738665
85614,4.4019995,1.5415646,0.37056231
85615,3.0019474,1.386409,0.22672045
85616,2.8991172,1.2489449,0.58178514
85617,4.227278,1.4348449,0.18357888
85618,2.9319603,1.575768,0.36260304
85619,2.9416163,1.2489101,0.7794543
85620,3.9446914,1.6597406,0.261514
85621,4.2758856,1.7173258,0.21792711
85622,2.92052,1.5163697,0.35748172
85623,2.9997127,1.3783598,0.7274895
85624,4.3565288,1.6806391,0.25563818
85625,2.9718819,1.646762,0.4288336
85626,4.040967,1.7785248,0.3635997
85627,4.208899,1.6826111,0.2513237
85628,2.885702,1.5313805,0.40135914
85629,2.8469563,1.4439275,0.704739
85630,4.3790565,1.734848,0.2510597
85631,2.9253857,1.6364812,0.30067822
85632,2.8958929,1.5199553,0.33722767
85633,3.9714856,1.5802857,0.22307613
85634,4.3570595,1.7083378,0.3248238
85635,2.9715786,1.5792191,0.35386422
85636,2.9086435,1.643997,0.4576202
85637,4.299684,1.7009313,0.38265514
85638,2.9251091,1.6354419,0.2761039
85639,2.9703023,1.2814423,0.38228887
85640,3.9664803,1.6295775,0.2917687
85641,4.3813396,1.7067348,0.25819898
85642,2.9195552,1.595281,0.34346482
85643,3.0100534,1.2735989,0.28504366
85644,4.348472,1.7049173,0.40353033
85645,2.902865,1.6130117,0.433918
85646,3.0084233,1.3804885,0.54888505
85647,3.9893332,1.6268092,0.302595
85648,4.384719,1.6651589,0.22399437
85649,2.9148672,1.5846326,0.2801876
85650,3.0847883,1.4432412,0.47761318
85651,4.3092976,1.7267146,0.38193923
85652,2.9122977,1.5874982,0.30702293
85653,3.0252647,1.3588994,0.28729582
85654,4.0115643,1.5982057,0.30765098
85655,4.336188,1.7301912,0.36851668
85656,2.915416,1.6123697,0.39396518
85657,3.0137303,1.3405832,0.31531045
85658,4.3202004,1.7047703,0.4047125
85659,2.9270856,1.5693285,0.26240972
85660,3.016904,1.375701,0.3849321
85661,3.9854476,1.6397604,0.30837566
85662,2.9151561,1.6300517,0.43825474
85663,2.9675622,1.2806075,0.39755848
85664,4.4034543,1.687548,0.25699773
85665,2.91475,1.6188253,0.30443275
85666,2.993365,1.3080944,0.31978342
85667,4.0063972,1.6127502,0.3417638
85668,4.2938375,1.7303267,0.41580102
85669,2.9173357,1.63129,0.36231828
85670,3.006047,1.3279915,0.3127974
85671,4.3786387,1.6767408,0.2556615
85672,2.9161036,1.5952971,0.4086695
85673,2.9846675,1.2912695,0.27699977
85674,4.002095,1.6143768,0.33753672
85675,4.4283357,1.6569583,0.16392058
85676,2.9280782,1.5818881,0.40990806
85677,3.0147233,1.3432404,0.37361223
85678,4.392211,1.6653056,0.18083963
85679,2.9068604,1.6107707,0.38492453
85680,3.0292215,1.3538127,0.4389496
85681,4.0370855,1.6038458,0.32835886
85682,2.8952448,1.5946082,0.34223822
85683,2.9846017,1.3796244,0.37981
85684,4.3389597,1.7100213,0.40490013
85685,2.8942862,1.5947714,0.37269786
85686,2.9907293,1.3478361,0.34405223
85687,4.093782,1.4971952,0.3148768
85688,4.40769,1.6604908,0.23816898
85689,2.9188511,1.6033224,0.41554222
85690,3.0593414,1.4283198,0.24231626
85691,4.4121566,1.633754,0.21324109
85692,2.91583,1.6295283,0.42161646
85693,3.0832193,1.4347674,0.31383336
85694,4.0030575,1.608938,0.25473392
85695,4.2996616,1.7101395,0.37936175
85696,2.904183,1.6103653,0.39315617
85697,3.047421,1.4199606,0.29482946
85698,4.381697,1.6386099,0.20482682
85699,2.9281373,1.6120102,0.40243202
85700,3.015037,1.3416363,0.42154282
85701,3.9738374,1.6405407,0.3047548
85702,4.4052525,1.6583015,0.25596476
85703,2.9173138,1.6319381,0.36083138
85704,3.0622518,1.4311436,0.291955
85705,2.9042463,1.6133993,0.41342112
85706,3.0259917,1.354085,0.28504506
85707,3.9694676,1.6265589,0.24732874
85708,4.412521,1.6624459,0.22828448
85709,2.9152765,1.6108352,0.34864247
85710,4.44248,1.6381816,0.21215251
85711,2.9051635,1.6026179,0.22250734
85712,3.017205,1.3323697,0.24731447
85713,4.0047045,1.6340914,0.29734474
85714,4.382527,1.6464323,0.2027443
85715,2.9061081,1.6148418,0.32189777
85716,2.9813473,1.3243482,0.30418807
85717,2.9192255,1.6314493,0.42725965
85718,2.9706187,1.2780038,0.352666
85719,4.0005455,1.6601303,0.2460585
85720,2.9155035,1.6297568,0.43451437
85721,3.0022042,1.3618292,0.33960354
85722,2.9274874,1.6125076,0.37457776
85723,3.0164719,1.3330388,0.41967958
85724,3.9644365,1.626322,0.28094187
85725,4.3980985,1.613977,0.12907337
85726,2.9037473,1.612886,0.43004408
85727,3.0583546,1.4121068,0.23319979
85728,4.3166394,1.7089226,0.3949591
85729,2.915084,1.6300614,0.4197975
85730,3.0000696,1.2939181,0.23741242
85731,3.984361,1.6247649,0.28949893
85732,4.379919,1.6635672,0.2803065
85733,2.9056635,1.6050392,0.26326218
85734,3.022322,1.3761095,0.43172625
85735,4.397805,1.6474341,0.25386754
85736,2.9228337,1.5978801,0.35563847
85737,3.0620298,1.4322503,0.26766583
85738,4.0048714,1.6307248,0.2993424
85739,4.4124546,1.6580843,0.22008538
85740,2.9045472,1.6017035,0.28124428
85741,3.0026505,1.3582727,0.31068242
85742,4.3529816,1.7101086,0.35552156
85743,3.0575523,1.4435662,0.30980605
85744,4.0254836,1.5957593,0.2987602
85745,4.407837,1.6444854,0.1889647
85746,2.9061418,1.6117022,0.3969839
85747,3.016919,1.3364573,0.25096175
85748,4.390357,1.6696194,0.27905378
85749,2.903257,1.5984368,0.41289055
85750,3.0141792,1.3558192,0.42308426
85751,4.1000123,1.2808192,0.21391927
85752,4.3892517,1.7046462,0.21443012
85753,2.9154994,1.632021,0.43175775
85754,3.0494282,1.4170032,0.29360923
85755,4.4262137,1.6433437,0.229803
85756,2.9014368,1.6329566,0.43407717
85757,3.0280437,1.3485764,0.41570193
85758,4.088395,1.5334096,0.32267472
85759,4.3735967,1.6786289,0.24853638
85760,2.8917568,1.587664,0.29434592
85761,3.0179389,1.303429,0.2643183
85762,4.4117846,1.6555653,0.20615235
85763,2.915719,1.6126692,0.36962143
85764,3.049709,1.383778,0.2683324
85765,3.9911716,1.5992386,0.32650536
85766,4.3114953,1.7064235,0.32836255
85767,2.9049633,1.6116021,0.4282291
85768,2.9913983,1.3750988,0.30361086
85769,4.403404,1.6542108,0.25976676
85770,2.9034257,1.5965756,0.39700484
85771,3.0694118,1.4437349,0.25333568
85772,3.9725494,1.6368248,0.30173177
85773,4.324772,1.7610959,0.41335586
85774,2.9063635,1.6130708,0.3770411
85775,3.0592198,1.4327068,0.2774174
85776,4.33356,1.7057856,0.33608922
85777,2.903551,1.6008186,0.4538755
85778,3.0191882,1.3340274,0.24199896
85779,3.9886699,1.6353725,0.24481393
85780,4.4017167,1.638026,0.2616924
85781,2.9029777,1.5986127,0.3983346
85782,3.0250316,1.3692012,0.41916656
85783,4.3128366,1.7106912,0.38249454
85784,2.9050019,1.5995804,0.26142877
85785,3.01566,1.4056991,0.2634122
85786,3.973263,1.623404,0.25109556
85787,4.407936,1.6496468,0.19793347
85788,2.9142392,1.6118435,0.38162696
85789,3.038784,1.3998634,0.2869738
85790,4.400725,1.6490726,0.22212912
85791,2.9140043,1.6177015,0.29059184
85792,3.0615807,1.4716408,0.27603427
85793,3.9890168,1.624597,0.2565563
85794,4.4048905,1.6278082,0.25774002
85795,2.9275045,1.5691406,0.26734242
85796,3.0070648,1.3472257,0.24493712
85797,4.338705,1.7030454,0.37339503
85798,2.9022765,1.6007067,0.4356085
85799,3.043476,1.39953,0.25206366
85800,3.9629424,1.6242204,0.29625684
85801,2.9051404,1.6033177,0.24004824
85802,2.9954197,1.3040017,0.19581884
85803,4.3089085,1.7016435,0.33922237
85804,2.9145384,1.6280186,0.4126365
85805,3.044601,1.3993096,0.22820206
85806,3.974029,1.6393454,0.29045728
85807,3.005097,1.354187,0.28756374
85808,2.9040287,1.6126846,0.43102226
85809,3.9564025,1.6323797,0.29664746
85810,4.4098787,1.6541123,0.24060526
85811,2.9144156,1.6026092,0.27245
85812,3.0042887,1.3528842,0.32026213
85813,4.4028463,1.65875,0.272462
85814,2.8927135,1.6192229,0.4012885
85815,3.003967,1.3535104,0.29321143
85816,3.9887822,1.6237546,0.30387458
85817,4.325157,1.702682,0.38103038
85818,2.9027777,1.5996953,0.31935632
85819,3.0050726,1.3545604,0.24837793
85820,4.2979426,1.7055095,0.3606187
85821,2.9027972,1.6034093,0.29790735
85822,3.006167,1.3468109,0.24622281
85823,4.006237,1.6175332,0.32986227
85824,4.324725,1.7011253,0.40424976
85825,2.905642,1.6108731,0.38467443
85826,3.0028136,1.3520601,0.27236098
85827,4.395227,1.6546355,0.3038719
85828,2.9019864,1.5996946,0.40068364
85829,3.006166,1.3788319,0.20840165
85830,4.0619135,1.5333344,0.28477836
85831,4.3445773,1.7074413,0.40141034
85832,2.916651,1.6148778,0.3757499
85833,3.0141234,1.3774861,0.31510586
85834,4.351317,1.7064381,0.36830926
85835,2.9137018,1.6182932,0.32002795
85836,3.0025852,1.3573625,0.29712903
85837,4.020532,1.5635383,0.3123495
85838,2.902729,1.6020644,0.32138133
85839,2.9931374,1.3715938,0.26200372
85840,3.035862,1.4443489,0.33085576
85841,4.004552,1.6010544,0.27509415
85842,4.3362393,1.7305661,0.35063177
85843,2.9030874,1.6087391,0.43735963
85844,3.0053153,1.3487148,0.2263533
85845,4.3455405,1.7114238,0.37999025
85846,2.8952541,1.5955552,0.38976243
85847,3.0395288,1.4369317,0.33911082
85848,3.9744327,1.6116335,0.29535633
85849,4.301876,1.7039971,0.38750887
85850,2.904174,1.6036732,0.26242653
85851,3.0171921,1.4027983,0.25894445
85852,4.364819,1.6538572,0.32785922
85853,2.9033291,1.598254,0.42342785
85854,3.019126,1.3669965,0.26206377
85855,3.9641411,1.625646,0.2850769
85856,2.9148412,1.6200552,0.2942142
85857,3.0144448,1.3690058,0.26798707
85858,4.3340225,1.7063053,0.34122655
85859,2.9947596,1.3749558,0.26553297
85860,3.9875922,1.6256691,0.18356468
85861,4.4054685,1.6299096,0.25629398
85862,2.8904629,1.6270392,0.46621105
85863,3.0259943,1.4149046,0.25386745
85864,4.3894763,1.6376128,0.213644
85865,2.8899755,1.5850604,0.45632258
85866,3.0393226,1.4042166,0.2693417
85867,3.9546435,1.6711904,0.2829914
85868,2.9161506,1.5814313,0.2815618
85869,2.9933634,1.3874681,0.22071642
85870,4.380663,1.6497309,0.2048123
85871,2.9159803,1.5978652,0.40657723
85872,3.0212219,1.3626533,0.18421821
85873,4.0925617,1.5048132,0.3000983
85874,4.438599,1.6337312,0.21841463
85875,2.9274297,1.5696148,0.26482144
85876,3.052627,1.4167626,0.26407441
85877,4.393578,1.6466647,0.25307998
85878,2.91457,1.6187047,0.40897077
85879,3.0098767,1.341408,0.18311402
85880,3.982636,1.6206968,0.21912487
85881,4.3083177,1.707949,0.3322415
85882,2.9142308,1.6164075,0.42148608
85883,3.0075564,1.3464885,0.21840669
85884,4.40805,1.6479611,0.2884689
85885,2.9141915,1.5841553,0.2899847
85886,3.0218434,1.3615278,0.16121079
85887,4.0039573,1.608921,0.27701074
85888,4.417495,1.6612264,0.21428195
85889,2.9137645,1.6191247,0.3424647
85890,3.0367548,1.4313562,0.2803641
85891,4.396543,1.6667985,0.25732014
85892,2.9061363,1.6137415,0.35956043
85893,3.007453,1.3474252,0.19943179
85894,4.0796843,1.4910984,0.2613204
85895,2.9047954,1.6381967,0.22966462
85896,3.061801,1.3990115,0.28643796
85897,4.421674,1.6483661,0.23572828
85898,2.914889,1.6491755,0.44927347
85899,2.9931176,1.3718685,0.29612043
85900,4.0060296,1.6089759,0.34550145
85901,4.4264593,1.6476406,0.22052202
85902,2.9059775,1.6135694,0.3832506
85903,3.0030162,1.3587025,0.2664701
85904,4.381503,1.6698062,0.29614428
85905,2.9154139,1.5858017,0.29506814
85906,3.052517,1.4188178,0.27628183
85907,4.039328,1.5728819,0.29167432
85908,4.3992953,1.6567104,0.213058
85909,2.904358,1.603692,0.39993846
85910,4.3489823,1.7034459,0.38787732
85911,3.9921055,1.6217843,0.355979
85912,4.381873,1.632345,0.23601921
85913,2.8930264,1.5815907,0.40254587
85914,3.049547,1.4548985,0.23814324
85915,4.4096274,1.6450018,0.25364676
85916,2.8961716,1.5999167,0.41056263
85917,3.0371566,1.4027853,0.3341652
85918,4.0299273,1.5621781,0.27678224
85919,4.4191093,1.6358119,0.2940444
85920,2.8930688,1.6289009,0.42687815
85921,3.0075998,1.3479493,0.2264894
85922,2.9043472,1.6021625,0.44036743
85923,3.0390484,1.402097,0.2677329
85924,3.9768257,1.6419578,0.28232953
85925,4.3891234,1.6682934,0.20878175
85926,2.9142723,1.5857722,0.29614264
85927,3.0017822,1.3561376,0.3061934
85928,4.387682,1.6685241,0.27980885
85929,2.9155984,1.6128681,0.35813344
85930,3.0317328,1.3839055,0.18837418
85931,3.9874322,1.6384522,0.23267397
85932,4.4012103,1.6804947,0.21129617
85933,3.042049,1.4000696,0.23245622
85934,4.4054294,1.6746954,0.18746902
85935,2.9038355,1.6015486,0.26631707
85936,3.038621,1.4317309,0.24441554
85937,3.9869144,1.6267431,0.2013444
85938,4.3803773,1.6371789,0.24840239
85939,2.9077652,1.5982802,0.23814324
85940,3.0380785,1.4241462,0.28726584
85941,4.3272824,1.7034211,0.40087923
85942,2.9032223,1.6050477,0.27864692
85943,3.0051475,1.3459467,0.23131938
85944,3.9843874,1.6055629,0.25852522
85945,4.324747,1.6788099,0.35989124
85946,2.9271452,1.5999339,0.38088942
85947,3.0532742,1.4171678,0.28096315
85948,4.3882017,1.6234941,0.2743166
85949,2.9294577,1.6014504,0.28378427
85950,3.0084646,1.3470751,0.23449008
85951,3.9744663,1.6220628,0.25214276
85952,4.407701,1.6515483,0.19560054
85953,2.9035547,1.6028881,0.2743059
85954,3.0169153,1.3680015,0.2591852
85955,4.3994575,1.6653951,0.23450442
85956,2.8916905,1.616043,0.43446088
85957,3.9573207,1.6081597,0.2683693
85958,4.3157196,1.7076905,0.31482223
85959,2.902464,1.6014524,0.42827
85960,3.06569,1.4289836,0.25747037
85961,4.323329,1.7032527,0.37654358
85962,2.9062908,1.6155125,0.35098857
85963,3.0089095,1.3423601,0.19756702
85964,4.000757,1.5877209,0.2503824
85965,4.4049196,1.6251949,0.25421652
85966,2.9021149,1.603329,0.28614742
85967,2.9730015,1.334195,0.26624188
85968,4.387604,1.653991,0.22322991
85969,2.914653,1.5867367,0.2989949
85970,3.0406117,1.3971629,0.2498932
85971,3.9964206,1.6070626,0.34668186
85972,4.3945513,1.650115,0.24554697
85973,2.9142635,1.6212884,0.27960074
85974,3.0438457,1.4012401,0.22351374
85975,4.408947,1.6604238,0.23259176
85976,2.9259107,1.6017512,0.30058756
85977,2.914942,1.4126037,0.3861672
85978,4.0580034,1.6152078,0.3443692
85979,4.3884716,1.6495308,0.25880066
85980,2.9129217,1.623512,0.32373896
85981,2.9903836,1.5150745,0.20272921
85982,4.3482275,1.7069453,0.38227752
85983,2.9069955,1.6136645,0.34980294
85984,3.017175,1.3783637,0.3138385
85985,4.1069493,1.1027408,0.15200944
85986,2.9158328,1.5966365,0.4227236
85987,4.4102426,1.6536392,0.23330179
85988,2.915147,1.6246899,0.39446497
85989,3.020754,1.5825531,0.4102897
85990,4.0247626,1.5511292,0.32606566
85991,4.4294944,1.6258821,0.2062038
85992,2.9302158,1.6238297,0.22778343
85993,4.401222,1.6589745,0.2706872
85994,2.9130883,1.6219777,0.29159874
85995,2.9853349,1.7454349,0.2806901
85996,3.9985316,1.548341,0.34161028
85997,4.4301815,1.6347854,0.25689265
85998,2.903327,1.6064472,0.28757846
85999,2.918045,1.6477236,0.2788095
86000,4.41403,1.6344501,0.21699117
86001,2.9157228,1.6212295,0.4202399
86002,2.990401,1.7242112,0.35953316
86003,3.9867582,1.5989721,0.33475932
86004,4.420717,1.6509827,0.25259742
86005,2.934105,1.5976872,0.39524615
86006,4.414879,1.6620218,0.2151253
86007,3.0146134,1.5262679,0.4457284
86008,2.982575,1.8523448,-0.04361412
86009,3.923019,1.6993325,0.44618276
86010,2.961728,1.5673338,0.42177874
86011,2.7272334,1.309442,0.20979926
86012,4.435995,1.6175743,0.19646767
86013,2.914054,1.6243709,0.32935444
86014,4.000587,1.6418897,0.36030722
86015,4.5236664,1.6185553,0.004755782
86016,2.9137049,1.6215522,0.3035042
86017,3.0625463,2.1605783,0.18182795
86018,4.460052,1.6093079,0.22974584
86019,2.9005373,1.6051302,0.32633495
86020,2.9690845,2.0256417,0.17498274
86021,4.018167,1.5950068,0.29475373
86022,4.3804655,1.6593417,0.3234654
86023,2.9160712,1.6530112,0.41134018
86024,3.2412333,1.9116501,0.013370604
86025,4.3876987,1.7070764,0.31031144
86026,2.90576,1.668809,0.30873412
86027,3.2281742,2.0516188,-0.105160624
86028,3.9372456,1.5398339,0.36714473
86029,4.304388,1.7524042,0.27184474
86030,2.917013,1.6288106,0.34621847
86031,3.4000032,1.8224277,0.057903375
86032,4.3271775,1.7216016,0.25818747
86033,2.9061015,1.6301683,0.25825664
86034,3.3361228,1.7312584,-0.045135323
86035,3.9928846,1.5782402,0.3137548
86036,4.3705854,1.7505711,0.20441721
86037,2.9593525,1.6770669,0.3992238
86038,4.369086,1.7425851,0.14004682
86039,2.968786,1.7611381,0.45493618
86040,3.2330256,1.7769276,0.3072374
86041,4.0258617,1.6486695,0.24904971
86042,4.356736,1.6694212,0.3223087
86043,2.9679325,1.8375264,0.44154388
86044,3.297449,1.8732778,-0.11614338
86045,4.3194103,1.4367813,0.3200514
86046,3.001782,1.893186,0.35123745
86047,3.1415405,1.9675939,0.2672781
86048,4.0282316,1.6656854,0.3085364
86049,4.3184485,1.4775579,0.16701683
86050,3.0039573,1.9041783,0.3006487
86051,3.2752025,1.9844859,-0.0065919445
86052,4.373203,1.5653422,0.1287475
86053,3.0250528,1.9977428,0.07142736
86054,3.4729438,1.8282748,0.16326064
86055,4.0070705,1.6921039,0.3608752
86056,4.456041,1.5700406,0.18994196
86057,3.2259393,1.870842,0.048240256
86058,3.4046466,1.508103,-0.121737555
86059,4.099,1.1354226,0.2985041
86060,3.2750635,1.8415759,0.02910158
86061,3.4806182,1.7654988,0.34549132
86062,3.6754096,1.4634303,0.15865223
86063,1.4069736,1.655023,1.1518492
86064,3.266775,1.8997356,0.06859098
86065,3.2972443,1.8308585,-0.016877599
86066,3.2265182,1.7081202,0.18106702
86067,4.01824,1.8183821,0.36544314
86068,3.3164852,1.8924925,0.020580046
86069,3.2662144,1.8518984,0.059185285
86070,3.3827732,1.9544946,0.012065582
86071,3.2278597,1.907689,0.067503594
86072,3.9049797,1.5589194,0.30200237
86073,1.4026994,1.5986491,1.196796
86074,3.357283,1.9502355,-0.03040519
86075,3.25931,2.0651853,0.09044414
86076,4.1450553,1.5305934,0.44469905
86077,3.3008893,1.8617388,-0.06299259
86078,3.5984752,1.779104,0.28680092
86079,3.9529662,1.5536072,0.2100271
86080,1.4874371,1.5626253,1.0464983
86081,3.359056,2.0021317,-0.007483119
86082,3.5857835,1.8865193,0.12810826
86083,3.8302763,1.2810347,0.309555
86084,3.395082,2.0090206,-0.0160605
86085,3.6266978,1.8091062,0.10720583
86086,3.8699546,1.540784,0.33647248
86087,3.9412622,1.4420791,0.4263071
86088,3.388116,1.9387054,0.0035074058
86089,3.6225007,1.7941577,0.05839688
86090,3.8753934,1.2118404,0.45766422
86091,3.4060886,1.9790634,-0.005459125
86092,3.4747498,1.9440019,0.084118225
86093,3.638437,1.5979055,0.73068
86094,3.6842551,1.0573673,0.385607
86095,3.5884147,1.7104801,-0.1601103
86096,3.3872693,1.9129472,0.05830489
86097,3.460888,1.9656819,0.11643799
86098,3.443122,1.9016876,0.008892558
86099,3.7935083,1.1152797,0.304743
86100,3.7292147,1.3368323,0.51074034
86101,3.5473413,1.6037662,-0.006891771
86102,3.4651766,1.9132398,-0.048874028
86103,3.3954868,0.9347689,0.5589426
86104,3.4919896,1.9763302,0.118618146
86105,3.45919,1.904998,-0.11175729
86106,3.6154208,1.5355033,0.38500592
86107,3.7390344,1.4232928,0.51429904
86108,3.5586998,1.4384627,-0.12885337
86109,3.4505541,1.9225798,-0.1675819
86110,3.672005,1.3987206,0.6378939
86111,3.5678594,1.3937095,-0.18346964
86112,3.4725835,1.9213127,-0.22490352
86113,3.5162604,1.2165319,0.5114205
86114,3.487581,1.3800429,-0.010730491
86115,3.4524202,1.9712757,-0.19137058
86116,3.4963267,1.1840312,0.50923914
86117,3.409253,1.502508,0.14420097
86118,3.452067,1.9278052,-0.16588992
86119,3.598756,1.4439286,0.39004415
86120,3.4979525,1.3236943,0.62351555
86121,3.4964435,1.3872653,-0.15080275
86122,3.4268603,1.2493976,0.7722825
86123,3.4053378,1.3894881,-0.30193
86124,3.4458556,1.9252416,0.033660397
86125,3.6581955,1.5866771,0.4931998
86126,3.4516814,1.2950722,0.75385004
86127,3.4331543,1.3609744,-0.120142
86128,3.5009198,1.8042582,0.06559889
86129,3.1666217,1.2910635,0.54817176
86130,3.722943,1.8979424,0.14438368
86131,3.5077715,1.5956774,0.5145071
86132,3.3945222,1.2381706,0.97021157
86133,3.4654,1.313963,-0.06899765
86134,3.1360188,0.7726792,0.61870223
86135,3.460816,1.7128546,-0.022166016
86136,3.5033963,1.4921551,0.18395734
86137,3.6247892,1.4059021,0.42045453
86138,2.8716304,1.5941947,0.552502
86139,3.4639802,1.7902282,0.026492067
86140,3.0503263,1.1623571,0.3493058
86141,2.9919305,1.3927484,0.3775325
86142,3.4113595,1.8391943,-0.032925464
86143,3.6809602,1.5051402,0.42058668
86144,3.3406014,0.85653776,0.4656904
86145,3.3504689,1.3527175,0.17992738
86146,3.4029114,1.0612711,0.5741337
86147,3.21493,1.7211707,-0.022119397
86148,3.1788056,2.0598755,0.12653838
86149,3.34837,1.555283,0.37490734
86150,3.4803097,1.206587,0.6785506
86151,3.3949769,1.8255317,-0.06504903
86152,3.0612133,2.0366921,-0.06016381
86153,3.4294643,1.1853526,0.847911
86154,2.6991148,1.7974229,0.07745757
86155,3.186295,1.6308839,-0.038744956
86156,3.3157372,1.5185528,0.20869428
86157,1.6740161,0.56749606,1.466429
86158,3.2981994,1.8433115,0.21419935
86159,3.3822417,1.0044099,0.6343757
86160,3.135926,1.7895557,0.038802933
86161,3.3413107,2.0708647,-0.3683587
86162,2.9394002,1.5532147,0.6400056
86163,3.3325195,1.23391,0.6646426
86164,3.255123,1.8190409,0.105499506
86165,3.2461913,2.100567,-0.14429995
86166,3.2925022,1.3369099,0.79087675
86167,3.2991686,2.0215423,-0.1999577
86168,3.320107,1.6546292,-0.11557583
86169,3.1646256,1.4276662,0.71334136
86170,2.9281373,1.7286412,-0.10820598
86171,3.2966688,1.9869214,-0.16387492
86172,3.1971836,1.4036512,0.71103895
86173,3.2448037,2.188406,-0.14606936
86174,3.3164823,1.9911065,-0.11766551
86175,3.0183275,1.644227,0.38239205
86176,3.2223015,0.6249067,1.0889294
86177,3.2198265,1.8806173,-0.5852084
86178,3.2951465,1.980716,0.051310882
86179,3.3051338,1.0064243,0.7472666
86180,3.0852497,1.9595015,-0.15786146
86181,3.3024607,2.084997,-0.035461523
86182,3.3405273,1.7913493,-0.07634388
86183,3.2734246,1.2241324,0.3501839
86184,3.0129757,1.835218,-0.2839552
86185,3.3650622,2.1548417,-0.56975996
86186,3.3656936,1.2537549,0.36950636
86187,3.1894453,1.8858469,-0.18589365
86188,1.2430887,2.1047323,0.96999377
86189,2.5995245,1.8431501,0.21920642
86190,3.3363948,1.6498742,0.5130558
86191,3.5107036,2.3468611,-0.5662847
86192,3.2672431,1.4415593,0.38636327
86193,3.1794956,1.6751775,-0.036425065
86194,1.1494788,2.097863,1.0405713
86195,3.1588097,1.7949809,-0.12873088
86196,3.3292809,1.6822834,0.21055833
86197,3.6085222,2.2624226,-0.4104662
86198,3.2242692,2.3578985,-0.49231187
86199,3.2614024,1.4955709,0.2887325
86200,3.1372743,1.6734836,-0.16695556
86201,2.946434,1.8261887,-0.24898347
86202,3.13792,1.7177263,0.025629245
86203,3.3177414,1.6635526,0.25264674
86204,3.1746545,1.6987408,-0.015548609
86205,2.917245,1.8787612,-0.027839815
86206,3.2694364,1.7303747,0.4027192
86207,3.0985327,1.6198467,-0.13540971
86208,3.2465017,2.2366443,0.0697406
86209,3.3358471,1.9444158,0.15179029
86210,3.3014274,1.6569071,0.41053787
86211,3.6639404,1.8593565,-0.07866894
86212,1.2584748,2.0486724,1.0287668
86213,3.2476873,1.6537368,0.51096296
86214,3.174279,2.1438513,-0.04564748
86215,3.2974102,1.7851512,0.3316343
86216,3.2590973,1.8077462,0.5627522
86217,3.3358166,2.002605,0.11310905
86218,3.3445415,2.049753,0.031011108
86219,2.9832463,1.4841198,0.7782362
86220,3.156736,1.7287936,-0.39475963
86221,3.359364,1.9162675,-0.017661795
86222,3.3306391,1.978366,0.62330675
86223,3.1421952,1.7221898,0.76994807
86224,3.1788774,1.8057026,-0.30300757
86225,3.2602594,2.080843,-0.0350104
86226,3.1291823,1.7103369,0.9126308
86227,3.1157467,1.8093098,-0.26283988
86228,1.1559118,1.9413093,1.1066183
86229,3.3236535,1.8460616,0.67414814
86230,3.1295428,1.7482908,1.0133085
86231,3.1557121,1.9085746,-0.23662469
86232,2.9858367,1.5070986,1.1969247
86233,3.2244344,1.948475,-0.27978984
86234,3.1518767,2.0925717,0.019958446
86235,3.0591516,1.4782195,0.9019371
86236,3.1590695,1.7642281,1.1210464
86237,3.2766528,2.0508835,-0.15076567
86238,1.2371433,2.0073767,0.98408073
86239,3.179538,1.7711066,1.1293416
86240,3.2332296,2.0747273,-0.054767944
86241,3.3396606,1.8237989,0.7748366
86242,3.2199473,1.8643951,1.1881511
86243,3.1853607,1.9257196,-0.12809469
86244,1.8210224,1.9112649,0.6429495
86245,2.7361913,1.7877866,1.1507298
86246,3.2780707,2.1055467,-0.110184886
86247,3.4657729,2.0076573,-0.019452993
86248,2.661573,1.7902931,0.7410757
86249,3.2918599,2.1245587,-0.06160442
86250,3.1647928,1.6696221,0.28658593
86251,3.230029,2.0021098,-0.13833095
86252,3.072769,2.0741618,0.3645021
86253,3.2110155,1.9976329,0.56821847
86254,2.8102846,1.8767321,1.2171284
86255,3.2575848,2.0544112,-0.06710244
86256,3.1602538,1.8783581,0.35922235
86257,3.1206367,1.8455989,1.2341888
86258,3.1872652,1.9388117,-0.13353622
86259,3.3565822,2.155214,0.35322544
86260,3.271993,1.8207835,0.8160024
86261,3.2491713,2.090238,-0.06308027
86262,3.29115,2.0798724,0.5918081
86263,0.08660163,3.353385,2.5620682
86264,3.219039,1.9952699,-0.08434456
86265,3.0701513,1.9959953,0.23887914
86266,2.6787238,1.9101067,0.80561334
86267,2.7347975,1.8467482,1.2983929
86268,3.098973,1.8566451,-0.017670348
86269,3.0846689,1.9644924,0.43057257
86270,2.6413846,1.9043304,1.3212401
86271,3.262766,1.9102765,-0.16355166
86272,3.1144347,1.9423805,0.50107217
86273,3.15081,1.9366232,0.62069476
86274,2.3836052,2.0150166,1.300593
86275,3.1940992,1.8666619,-0.19252045
86276,3.1409922,1.8856173,0.6001737
86277,2.398658,2.0731628,1.2682645
86278,3.1205373,1.8751014,-0.30117884
86279,3.1475918,1.8888916,0.5197969
86280,3.0434656,1.9894837,0.70308155
86281,3.7289693,2.2149081,1.1024718
86282,3.099728,1.8673563,-0.355035
86283,3.1453254,1.8883047,0.52815217
86284,3.0796504,1.81269,-0.26152825
86285,3.1486652,1.8903784,0.46163228
86286,3.02188,1.9973481,0.70903856
86287,2.9056497,2.159615,1.1900432
86288,3.1063347,1.8661473,-0.41015834
86289,3.1459064,1.9138554,0.4801319
86290,2.9638157,2.2737477,1.0992366
86291,3.0896351,1.8399935,-0.3098457
86292,3.1598685,1.9281273,0.33939397
86293,2.9173589,1.9037877,0.46424243
86294,2.9403794,2.2723348,1.0266296
86295,3.0687482,1.7526132,-0.4699042
86296,3.1377714,1.9670424,0.42690852
86297,2.2483888,2.2390149,1.2122
86298,3.165287,1.7446111,-0.34928486
86299,3.0106497,2.1106443,0.36944798
86300,2.9775722,2.0297868,0.7022202
86301,2.208636,2.1708047,1.2824278
86302,3.151366,1.8691318,-0.3308442
86303,3.089678,1.8192202,0.34517944
86304,3.013919,2.2487335,1.0679324
86305,3.160788,1.8245376,-0.1149941
86306,3.0674248,1.9040693,0.41770568
86307,3.0051417,1.9709407,0.6982942
86308,3.0541894,2.119042,1.0492529
86309,3.1792393,1.8794742,-0.104718536
86310,3.152677,1.8990313,0.20932499
86311,3.090517,2.1340477,1.102716
86312,3.1363952,1.8417171,-0.1297119
86313,3.1178012,2.1165504,0.27568704
86314,3.0043564,1.8391708,0.81582975
86315,3.1391456,2.167957,1.149211
86316,3.0162714,1.9415087,-0.12623899
86317,3.2611113,2.067174,0.2396436
86318,3.149411,2.1221895,1.2262787
86319,3.052334,1.9231204,-0.117807746
86320,3.261002,2.3500075,0.1291411
86321,3.0308526,1.7291442,0.82855415
86322,3.1876707,2.174366,1.1625028
86323,3.0615442,1.9893261,-0.26192898
86324,3.014619,2.3944674,0.31890222
86325,3.1648197,1.8980501,1.2503493
86326,3.0762699,1.8834875,-0.5165139
86327,3.0703506,1.8888544,0.5048089
86328,3.203504,1.8492422,0.7870009
86329,3.1020277,2.0142784,-0.16571672
86330,3.167573,1.9903708,0.2714374
86331,3.135701,1.7675092,1.3127794
86332,3.221278,1.9859103,-0.3241227
86333,3.2194595,1.9647058,0.2592817
86334,3.140175,1.776041,0.6965013
86335,3.1224568,1.6898175,1.2403775
86336,3.0337358,1.8895864,-0.18682496
86337,2.8796818,2.0107934,-0.0127379745
86338,2.9504073,1.7767208,-0.069397815
86339,3.226622,2.222935,0.074523486
86340,2.9259644,1.6877507,0.7829827
86341,3.0287726,1.7003754,1.318188
86342,3.004564,1.5330693,-0.14240216
86343,2.608606,1.7398793,0.19158868
86344,3.028292,1.8445735,1.3087324
86345,3.032221,1.877427,-0.22141042
86346,2.968511,1.818915,0.5677628
86347,2.9177568,1.848643,1.2864363
86348,3.016171,1.9050032,-0.22081561
86349,1.1160547,1.8725694,0.85790485
86350,2.8681998,1.8026766,1.2670437
86351,3.0084906,2.134849,-0.17044623
86352,2.085031,1.804113,0.14756945
86353,4.0310783,1.9466324,1.302177
86354,2.7100866,1.7805558,1.2188418
86355,5.031027,3.1647844,2.2262099
86356,2.820454,1.9757161,-0.12140992
86357,2.7302139,1.787562,1.2097365
86358,5.0801697,3.2090387,2.2924697
86359,2.9768732,1.8963225,-0.11111709
86360,3.990978,1.8528637,1.324491
86361,2.7836802,1.7007897,1.2358897
86362,3.757328,1.9150068,0.6418932
86363,2.9281712,1.9415532,-0.010933006
86364,2.7540886,1.6898541,1.2052165
86365,2.742952,1.8081572,-0.1494139
86366,2.9245956,1.9357405,-0.055703014
86367,3.952186,1.8367118,1.2851785
86368,2.7725668,1.7243619,-0.21535592
86369,2.939406,1.8468796,-0.058237504
86370,2.7549667,1.6576645,1.2933774
86371,2.8688118,1.9111291,-0.10593
86372,2.1319754,1.7645717,0.11811911
86373,3.9816825,1.8674726,1.3317816
86374,2.7519155,1.6571224,1.3072063
86375,2.8495712,2.070352,0.040984586
86376,2.4560637,2.0651407,-0.020855993
86377,2.665672,1.7725216,1.0814023
86378,2.69969,1.8789711,-0.09536918
86379,2.612791,1.6130903,-0.20308645
86380,2.8694797,1.7646511,0.618094
86381,2.5693555,1.7067924,1.1169227
86382,2.744946,1.7811105,-0.31897002
86383,2.4500954,1.5418609,0.040319223
86384,2.49386,1.904167,1.0665755
86385,5.052141,3.2131147,2.261069
86386,2.7368352,1.6387236,-0.109439746
86387,2.6654794,1.906813,0.73012817
86388,2.4325557,1.8190609,1.1408138
86389,2.7610807,1.7860252,-0.13822342
86390,2.3631349,1.6211704,0.28998554
86391,2.371511,1.7612484,1.1956495
86392,2.7247455,1.8215045,-0.096268386
86393,2.406973,2.122981,0.096786186
86394,2.7153404,1.5600549,0.784081
86395,2.3507998,1.7586719,1.1722975
86396,2.7913597,1.6838107,0.055011548
86397,2.3366635,1.7049278,1.1479546
86398,2.8240802,1.8004092,-0.17286476
86399,2.568783,1.782107,0.7675089
86400,2.3556402,1.603775,1.3027269
86401,2.748866,1.6577344,0.034009457
86402,2.3216534,1.7385764,1.1192282
86403,2.8820229,1.8944094,-0.00718481
86404,2.4446943,2.0750518,-0.0624546
86405,2.766368,1.6917303,0.8642465
86406,2.3282044,1.7304751,1.1637111
86407,2.844981,1.7332149,-0.019261125
86408,2.3942904,1.6964045,1.3829095
86409,2.910696,1.7977401,0.13373983
86410,2.4474254,1.4668194,0.13390271
86411,2.7044163,1.6016659,0.8615297
86412,2.3812413,1.7768888,1.1379032
86413,2.8871975,1.6643902,-0.16897103
86414,2.4881797,1.3550841,0.15939748
86415,2.4494503,1.7619121,1.1730993
86416,2.8739636,1.6542526,-0.1511715
86417,2.4945633,1.9717062,0.042166263
86418,2.7939503,1.6372179,0.751734
86419,2.4462342,1.8250833,1.1469332
86420,2.9711797,1.795841,-0.02131337
86421,2.3811734,1.7664629,0.1532204
86422,2.5687897,1.6874018,1.2677226
86423,2.9477057,1.7850815,-0.054967083
86424,2.4635632,1.6546415,0.13218749
86425,2.7854419,1.8355753,0.7111053
86426,2.5495405,2.1600082,1.2570686
86427,2.953508,1.7736104,0.014404043
86428,2.5439668,1.4784367,0.05524204
86429,2.5725904,1.8852736,1.2823558
86430,2.9827247,1.7960418,-0.1155891
86431,2.6110861,1.9598527,0.19672492
86432,2.7451863,2.020589,0.8733757
86433,2.6160219,1.9052604,1.2330658
86434,2.840706,1.6718891,-0.082229204
86435,3.1150115,1.5459169,0.35869887
86436,2.618208,1.8737231,1.3036329
86437,2.946101,1.7854496,-0.053472947
86438,3.446991,0.5771038,1.0607013
86439,5.297736,3.359958,2.5407817
86440,2.6721082,1.8818625,1.2999434
86441,2.8874004,1.6977464,-0.156038
86442,2.8417304,1.8569161,1.4185387
86443,2.8276842,1.9249799,-0.14569679
86444,3.0402098,1.5266752,0.7049539
86445,3.182565,1.8090705,0.7497613
86446,2.7921083,1.7518419,1.3918147
86447,2.558811,1.5733722,-0.20733358
86448,3.291788,1.5156834,0.3758773
86449,2.7721944,1.8477577,-0.15928353
86450,3.1827023,1.0650165,0.47485492
86451,3.2857754,1.4955622,0.51815844
86452,2.8706424,1.6463307,0.9928568
86453,2.7059147,1.8658843,-0.028717212
86454,3.2104034,1.506301,0.008323031
86455,2.931495,1.5842502,1.0000278
86456,4.045008,1.9383262,0.8508363
86457,3.176982,1.4770284,0.10479992
86458,3.315845,1.3978074,0.67946655
86459,3.0354536,1.4471003,1.1552
86460,2.771444,1.6267501,-0.18237936
86461,3.063248,1.4004381,1.2781097
86462,3.0190046,1.7726344,0.22333577
86463,3.2509565,1.6377333,0.4355994
86464,3.2734,1.5374395,0.75202215
86465,3.3376253,1.385414,1.2446595
86466,3.1815927,1.7625862,0.37127244
86467,3.2803407,1.6763906,0.50365657
86468,3.25975,1.3205467,1.2658279
86469,3.2506096,1.7779654,0.46731853
86470,3.2328827,1.6039234,0.40608236
86471,3.283804,1.4072015,0.79565704
86472,3.3301804,1.8180315,0.4763861
86473,3.2106001,1.60943,0.42294446
86474,3.3239198,1.3338778,1.2549034
86475,3.1779635,1.6380218,0.2372397
86476,3.218335,1.3186667,0.42348474
86477,3.7497318,1.390061,0.85360974
86478,3.2926912,1.2560525,1.2741362
86479,3.1404731,1.5291708,0.1685154
86480,3.3545964,1.3867819,0.39298248
86481,3.1855032,1.1537863,1.3344724
86482,3.7046573,1.3930414,0.91670245
86483,3.346079,1.3334292,1.259751
86484,2.9669454,1.3312625,0.16720839
86485,3.0880666,1.3238574,0.37352896
86486,3.344283,1.3135109,1.314143
86487,3.260003,1.7364054,0.24509588
86488,3.0854063,1.4020079,0.49178633
86489,3.4156148,1.3891647,0.7627274
86490,3.280572,1.303417,1.2697009
86491,3.2601256,1.7443444,0.21309505
86492,3.1933079,1.5025713,0.34189412
86493,3.2411306,1.7376946,0.16903354
86494,3.1807773,1.5096141,0.37840584
86495,3.0978644,1.4611762,0.8896607
86496,3.157232,1.3396143,1.2258215
86497,3.3649964,1.25299,0.2234071
86498,3.0985472,1.3710974,0.40968826
86499,2.9840713,1.3118194,1.1392899
86500,3.3072078,1.3970562,0.32699957
86501,3.0889957,1.3821216,0.3869631
86502,3.4468632,1.3770719,0.7219685
86503,2.922483,1.2788849,1.0801272
86504,3.1943305,1.5556698,0.33633676
86505,2.7893777,1.3259478,1.0794069
86506,3.4338927,1.8206466,0.29659182
86507,3.310435,1.6813716,0.2285959
86508,3.003022,1.4723397,0.75116587
86509,2.772556,1.3950754,1.1036892
86510,3.0318718,1.6070662,0.44284943
86511,2.7868106,1.3656657,1.038189
86512,4.101185,2.5410173,0.47929722
86513,3.123508,1.6140875,0.5479387
86514,2.6517067,1.5329895,0.8449306
86515,2.5738492,1.6388752,0.77032036
86516,3.234151,1.3911114,0.4828083
86517,3.2638302,1.5556222,0.4240767
86518,2.4506173,1.6649433,0.77544177
86519,3.2217367,1.3411076,0.22199042
86520,3.1975422,1.5527753,0.55454415
86521,2.8836784,1.47098,0.85044473
86522,2.4354386,1.6320298,0.83309835
86523,3.189668,1.4768412,0.47862974
86524,2.426831,1.7007604,0.7389882
86525,3.0854292,1.3621752,0.09190531
86526,3.1634388,1.5478809,0.5124201
86527,3.100089,1.5852879,0.7912108
86528,2.394178,1.7043983,0.7877098
86529,3.3208573,1.363851,0.28444675
86530,3.184872,1.5128782,0.5665941
86531,2.4040885,1.6951379,0.8408444
86532,3.2811313,1.3820591,0.27050826
86533,3.1847055,1.5468374,0.34721527
86534,2.9637163,1.5712149,0.7480029
86535,2.390382,1.7007335,0.8409773
86536,3.1676292,1.5096023,0.4731592
86537,2.4076276,1.6144034,0.82846296
86538,3.190487,1.3619075,0.18650898
86539,3.1892521,1.509205,0.4877427
86540,3.0089166,1.5165613,0.78026336
86541,2.4056103,1.6102325,0.7750729
86542,3.3054352,1.3600502,0.32358372
86543,3.1756752,1.5207009,0.49435344
86544,2.4247472,1.5237825,0.788717
86545,3.3150282,1.3930192,0.30325738
86546,3.1961505,1.5242072,0.5501506
86547,2.960031,1.510612,0.75405574
86548,2.442322,1.4701544,0.77718294
86549,3.392137,1.4740162,0.22865775
86550,3.1839237,1.5085185,0.5680744
86551,2.387937,1.4923382,0.8523688
86552,3.188422,1.3610326,0.2057477
86553,2.9303007,1.5432814,0.7780134
86554,2.4275744,1.4577013,0.85934514
86555,3.1882732,1.3639963,0.23608117
86556,3.1742334,1.5264822,0.5585657
86557,2.425156,1.4641333,0.80190074
86558,3.3007977,1.3406602,0.3170493
86559,3.177145,1.4937027,0.5551065
86560,2.9449327,1.5145919,0.75544775
86561,2.429109,1.5266935,0.844886
86562,3.2601833,1.3928883,0.32440045
86563,3.1751223,1.5511081,0.54597765
86564,2.4445803,1.4237856,0.84834754
86565,3.1928751,1.3266741,0.17478384
86566,3.2010334,1.5278561,0.53170615
86567,3.1706288,1.5091176,0.8167765
86568,2.404787,1.5241985,0.77716625
86569,3.292208,1.3983858,0.31662464
86570,3.1824756,1.4895266,0.43618953
86571,2.4088202,1.5207698,0.8409811
86572,3.1964211,1.3294815,0.16709892
86573,3.1777067,1.5524561,0.5733607
86574,3.1693468,1.4790348,0.80730605
86575,2.4069638,1.5520183,0.78096074
86576,3.372051,1.4684196,0.22408588
86577,2.4111273,1.550695,0.8607048
86578,3.3565555,1.4607723,0.26362664
86579,3.1940267,1.5374855,0.4598221
86580,3.1659052,1.4533342,0.81766266
86581,2.410945,1.6415892,0.8231057
86582,3.2092443,1.3546138,0.20306665
86583,3.1933866,1.5135005,0.6028512
86584,2.4262948,1.572505,0.76171637
86585,3.0792942,1.3169937,0.08442669
86586,3.1924083,1.5267198,0.55916935
86587,3.1689465,1.4787312,0.8033646
86588,2.448107,1.5783994,0.7757734
86589,3.4030166,1.4521377,0.2064583
86590,3.1754606,1.4864783,0.544937
86591,2.406254,1.5787724,0.75116014
86592,3.1930184,1.3220512,0.14111227
86593,3.193464,1.5556008,0.6493093
86594,2.9084303,1.4711052,0.80899733
86595,2.4299068,1.6154475,0.7900884
86596,3.4154658,1.4724799,0.28358403
86597,3.1793692,1.52136,0.5281537
86598,2.4275653,1.5758207,0.7616335
86599,3.3801272,1.4946952,0.24108188
86600,3.18401,1.5395554,0.5679085
86601,3.1848967,1.4793686,0.9000756
86602,2.4094553,1.6079757,0.78996587
86603,3.2894466,1.3148855,0.27234545
86604,3.1921716,1.5221145,0.6526963
86605,2.4292443,1.6103482,0.7775866
86606,3.315631,1.4364266,0.3468303
86607,3.175823,1.5297946,0.55056655
86608,2.844447,1.4706321,0.9223225
86609,2.4325008,1.5815568,0.8296541
86610,3.3204598,1.3635416,0.291281
86611,3.1919818,1.502984,0.5881514
86612,2.4292827,1.6176348,0.78428936
86613,3.19133,1.3308486,0.2021086
86614,3.1790864,1.5211177,0.46785897
86615,2.8468654,1.4636638,0.9159803
86616,2.4366395,1.5742128,0.82116055
86617,3.3970737,1.4743785,0.27232653
86618,3.1209939,1.4623836,0.4237566
86619,2.4072323,1.6076164,0.7530833
86620,3.4154994,1.4679657,0.25444537
86621,3.1925228,1.527673,0.59674203
86622,2.9261181,1.4667994,0.79585016
86623,2.4109457,1.6021134,0.80655706
86624,3.2731829,1.368236,0.3013078
86625,3.1993794,1.5190417,0.55142415
86626,2.4096186,1.6064626,0.78249055
86627,3.2953205,1.4012655,0.30455455
86628,3.1839166,1.5220743,0.40775338
86629,2.8827496,1.4285669,0.8703934
86630,3.4104419,1.4693543,0.2406404
86631,3.2066839,1.5408554,0.57051504
86632,2.3898492,1.5788096,0.8155545
86633,3.1887875,1.5374875,0.5732147
86634,2.8189077,1.501935,0.83434385
86635,2.3863282,1.611033,0.77207386
86636,3.3825035,1.4823837,0.21687903
86637,3.2109625,1.5178914,0.54413956
86638,2.4111426,1.5487404,0.8246033
86639,3.3864732,1.4526681,0.16702569
86640,3.1547093,1.4794571,0.5416542
86641,2.8411024,1.5066541,0.8434955
86642,3.4052193,1.4915802,0.24718195
86643,3.0387113,1.4629935,0.33593616
86644,3.32579,1.3674483,0.27269185
86645,3.1855443,1.5058951,0.53904486
86646,3.158444,1.479946,0.9277448
86647,2.4327617,1.5474616,0.83064526
86648,3.165821,1.3652683,0.20562233
86649,2.405995,1.5542899,0.7833656
86650,3.3720353,1.4759041,0.20993792
86651,3.2103689,1.5253743,0.49775988
86652,2.7960782,1.468839,0.81739527
86653,2.4233038,1.5222106,0.73812574
86654,3.42147,1.5214189,0.3449168
86655,3.1774254,1.5537406,0.5146759
86656,2.4276762,1.5536118,0.77042425
86657,3.4048395,1.4605598,0.2601899
86658,3.1455681,1.5245318,0.59755087
86659,2.8123944,1.5056809,0.8431468
86660,2.4278693,1.5536573,0.78672487
86661,3.3193123,1.3964351,0.29690304
86662,3.1751084,1.4974445,0.6061498
86663,2.43131,1.5514799,0.84791654
86664,3.4327433,1.4704213,0.13201621
86665,3.1813562,1.4970328,0.53034025
86666,2.818604,1.5009186,0.890815
86667,2.4256966,1.552721,0.7651393
86668,3.4054291,1.4378263,0.118188426
86669,3.1307116,1.4215703,0.31973967
86670,2.3862355,1.5471156,0.7824536
86671,3.3269255,1.3662064,0.25661746
86672,3.1916301,1.5411226,0.53269035
86673,2.775787,1.4967837,0.84377277
86674,2.4277024,1.5218302,0.80300486
86675,3.1853118,1.355339,0.19831029
86676,3.116791,1.4799893,0.42940703
86677,2.3889418,1.6415819,0.79442644
86678,3.4018302,1.4763631,0.1894326
86679,2.8667529,1.4484133,0.8731309
86680,2.4102,1.6086096,0.78420097
86681,3.3964577,1.4738247,0.20391819
86682,3.1820254,1.5232849,0.5642562
86683,2.4104776,1.6415129,0.7946633
86684,3.3974319,1.5006793,0.18051249
86685,3.2104285,1.5084962,0.56231254
86686,2.8598485,1.4508969,0.95422995
86687,2.3898978,1.6331308,0.77356625
86688,3.4027145,1.458889,0.3013187
86689,3.1907818,1.5088377,0.46633965
86690,2.4107752,1.6060256,0.8164952
86691,3.3834474,1.4859959,0.24088813
86692,3.1789014,1.5242314,0.51077306
86693,2.8820968,1.4343191,0.85490733
86694,2.4079435,1.6113976,0.7708485
86695,3.4099844,1.4610116,0.1979234
86696,2.3898726,1.6402205,0.79458797
86697,3.3987563,1.4971429,0.297558
86698,2.8160567,1.5021056,0.8992681
86699,2.4269304,1.5886562,0.72937256
86700,3.436889,1.4694636,0.18012917
86701,3.1841152,1.496815,0.6004251
86702,2.4094167,1.6111841,0.8033301
86703,3.4039407,1.4876859,0.272498
86704,2.8376272,1.4256746,0.9666869
86705,2.4291546,1.6447489,0.7687308
86706,3.2035782,1.5204917,0.46663904
86707,3.2960298,1.3717675,0.32482743
86708,3.2046754,1.5387139,0.6052759
86709,2.792292,1.5017611,0.87824655
86710,2.4078052,1.5505276,0.7949659
86711,3.3974152,1.4699687,0.18139666
86712,3.195087,1.5634941,0.61727905
86713,2.390981,1.606775,0.80445075
86714,3.26906,1.364107,0.32370523
86715,2.7362473,1.4970688,0.8245324
86716,2.4079764,1.5463858,0.79377484
86717,3.2791042,1.3754205,0.308347
86718,3.2004719,1.5263789,0.5419306
86719,2.3864782,1.5496387,0.8047656
86720,3.4090767,1.4577394,0.17982101
86721,3.133299,1.4756007,0.4872369
86722,2.7862184,1.5009162,0.86869663
86723,2.4079983,1.5830747,0.78398913
86724,3.4227524,1.4642091,0.18154472
86725,3.1891851,1.5428509,0.5298391
86726,3.4576442,1.5109158,0.15269521
86727,3.1850913,1.5174825,0.66615814
86728,3.1751404,1.4799056,0.9668685
86729,3.4154081,1.4707993,0.26607978
86730,3.1842067,1.5304997,0.51318985
86731,3.3849552,1.4879671,0.18705575
86732,3.1942396,1.5218246,0.60557145
86733,2.760421,1.4365293,0.8247641
86734,2.44842,1.4630188,0.8381468
86735,3.3932903,1.4717659,0.23788391
86736,3.0095804,1.4941387,0.35752812
86737,2.4437938,1.4680676,0.7898274
86738,3.42563,1.4874398,0.30191237
86739,3.1541345,1.4472597,0.94836867
86740,2.4060524,1.4963224,0.81764126
86741,3.386846,1.4706855,0.20423412
86742,3.1864681,1.5397122,0.5517771
86743,2.3910694,1.4926995,0.8684399
86744,3.3209956,1.3716105,0.33843186
86745,3.1877408,1.5395871,0.52084655
86746,3.3350775,1.4606775,0.8991193
86747,2.4024622,1.4639877,0.8068111
86748,3.4125206,1.4561845,0.16460803
86749,3.1844528,1.5568119,0.7031651
86750,2.4044166,1.496358,0.8001046
86751,3.2930825,1.3963698,0.3086804
86752,3.1912172,1.4959508,0.4373483
86753,2.7298355,1.5382363,0.86325365
86754,2.4072855,1.5769889,0.7622987
86755,3.305585,1.3377342,0.28597394
86756,3.1896667,1.5419571,0.5168399
86757,2.4057581,1.6863211,0.89416426
86758,3.3164566,1.3989793,0.3175131
86759,3.2054536,1.5202154,0.4691214
86760,2.8899703,1.388238,0.8795186
86761,3.4044094,1.4877235,0.23408782
86762,3.1955721,1.5245442,0.5930474
86763,2.4070568,1.461506,0.8412598
86764,3.351943,1.5132648,0.24129406
86765,2.8410697,1.4682301,0.95842606
86766,2.4074707,1.5210358,0.81797093
86767,3.4216316,1.4715896,0.20928818
86768,3.434687,1.4890606,0.24395019
86769,2.903421,1.4707235,0.82111114
86770,2.4307704,1.5488212,0.81882954
86771,3.3946118,1.4443771,0.20878816
86772,3.2011101,1.5276928,0.5218646
86773,2.3935003,1.548349,0.85106635
86774,3.4286242,1.4638555,0.14029998
86775,3.202987,1.5149808,0.5386883
86776,2.856072,1.4514381,0.9010115
86777,2.42851,1.539923,0.8150364
86778,3.2051623,1.5237017,0.45709082
86779,2.4089131,1.5218161,0.8241312
86780,3.2376015,1.310325,0.28639278
86781,3.198647,1.5300566,0.5754288
86782,2.7622342,1.4690874,0.83071
86783,2.4502919,1.4659904,0.85428506
86784,3.325492,1.3671563,0.29196277
86785,3.185853,1.5186136,0.5021252
86786,2.3884883,1.5760509,0.783803
86787,3.4000473,1.4701264,0.14083357
86788,3.1786106,1.5173005,0.54740644
86789,2.8197098,1.4668107,0.91363025
86790,2.3904183,1.6034855,0.8023208
86791,3.4043777,1.492821,0.24093312
86792,3.1981168,1.5273778,0.5718257
86793,3.4204137,1.4710507,0.20773661
86794,3.1887906,1.5395883,0.533134
86795,2.8799675,1.4197628,0.8406194
86796,2.407769,1.5508127,0.78505075
86797,3.3271248,1.3738817,0.31083208
86798,3.2213378,1.5321667,0.56949323
86799,2.3772264,1.5747328,0.8112002
86800,3.4185789,1.4723436,0.23713773
86801,3.18513,1.5070169,0.59131414
86802,3.1573098,1.4743856,0.92690885
86803,2.4280767,1.5237294,0.79046154
86804,3.418416,1.501469,0.21680851
86805,3.1988022,1.5226353,0.54146975
86806,2.4303882,1.5810294,0.80200815
86807,3.3661418,1.474332,0.10677398
86808,3.1283565,1.442102,0.4624831
86809,2.8574705,1.4476,0.9256524
86810,2.4275424,1.5556976,0.7998534
86811,3.4354715,1.4994428,0.28704265
86812,3.187276,1.5418713,0.57546747
86813,2.3887994,1.5229586,0.84118676
86814,3.3921082,1.4680595,0.22050847
86815,3.189253,1.5388712,0.51195693
86816,2.7620947,1.4682556,0.8555261
86817,2.4114468,1.5512116,0.8399616
86818,3.2974682,1.3666742,0.2931176
86819,3.1865528,1.5410582,0.56843877
86820,2.42311,1.469053,0.7882746
86821,3.4117281,1.4862884,0.154696
86822,3.1777818,1.5527011,0.5256647
86823,3.192256,1.454938,0.95365494
86824,2.4271002,1.4930806,0.81998724
86825,3.3972669,1.4430171,0.22669858
86826,3.189488,1.5085459,0.51395726
86827,3.4364297,1.5144709,0.20020168
86828,2.7617934,1.499796,0.93569416
86829,2.4272342,1.4867812,0.8001128
86830,3.4077773,1.4562253,0.23934147
86831,3.1934175,1.5108824,0.58272964
86832,2.4057837,1.4637953,0.82161254
86833,3.4071,1.4272392,0.1055576
86834,3.2069168,1.5302074,0.46265984
86835,2.7507718,1.4985782,0.8532351
86836,2.4110794,1.5158039,0.8474199
86837,3.4269698,1.486117,0.2554098
86838,3.1795142,1.5610619,0.50926167
86839,2.447134,1.4973751,0.8047544
86840,3.424777,1.4692866,0.18352968
86841,3.1891963,1.5506535,0.5913
86842,2.7969942,1.5006518,0.8975808
86843,2.4302742,1.5217168,0.8277108
86844,3.3906229,1.505754,0.28678948
86845,2.408687,1.5794406,0.79695565
86846,3.4038198,1.459632,0.13364293
86847,3.208779,1.5399191,0.54402393
86848,2.7730234,1.4999061,0.8250339
86849,2.4698367,1.494951,0.84279215
86850,3.3207057,1.3684839,0.31607637
86851,3.1967351,1.5246017,0.5527164
86852,2.387705,1.5185522,0.80353653
86853,3.4073753,1.4578465,0.19842242
86854,2.7562108,1.499953,0.8445214
86855,2.4280891,1.5781717,0.76184535
86856,3.428706,1.5011199,0.35826734
86857,3.4108531,1.4551233,0.19524759
86858,2.8696887,1.4167446,0.87667954
86859,2.4279447,1.554913,0.8061836
86860,3.3919146,1.4691339,0.22657464
86861,2.4083197,1.5790479,0.7984816
86862,3.3972542,1.4710375,0.19067268
86863,2.8694792,1.4095374,0.89993334
86864,2.3872411,1.5792981,0.76230186
86865,3.2908325,1.3985544,0.3243239
86866,3.2682602,1.363839,0.2721336
86867,2.8171232,1.4323357,0.96675056
86868,2.427173,1.5841064,0.7976678
86869,2.4242914,1.5851914,0.7820591
86870,2.4316757,1.5521556,0.8724773
86871,2.8678842,1.3654429,0.8824165
86872,2.878802,1.350658,0.9144554
86873,2.4087937,1.5795574,0.81212664
86874,2.9408288,1.4799997,0.787339
86875,2.4279695,1.584878,0.8136829
86876,2.8181589,1.4866742,0.67339367
86877,3.4011183,1.5074863,0.4024675
86878,2.4304318,1.5537779,0.8487721
86879,3.3125246,1.43743,0.339099
86880,2.8230345,1.4695218,0.68689054
86881,2.425012,1.556829,0.7909995
86882,3.3430803,1.4435296,0.33240092
86883,2.8771672,1.4608481,0.8105665
86884,2.4267251,1.6173848,0.7954191
86885,3.3745453,1.3711755,0.28119898
86886,2.867979,1.3657053,0.8848485
86887,2.426149,1.5838591,0.77635545
86888,2.864356,1.3873456,0.8554319
86889,3.4085617,1.3717383,0.36929053
86890,2.449071,1.5835932,0.81780237
86891,2.8761702,1.3681065,0.8162016
86892,2.4269586,1.5558087,0.83296365
86893,2.9781415,1.4647291,0.82165605
86894,3.3644848,1.5009257,0.38010633
86895,2.4301887,1.6119772,0.83567613
86896,3.4136677,1.4175817,0.21851885
86897,2.9530618,1.4869597,0.842221
86898,2.4077823,1.5836993,0.8331314
86899,3.4043918,1.3885924,0.3129851
86900,2.872399,1.4538946,0.89224166
86901,3.278466,1.5669291,0.45793113
86902,3.5028374,1.4241838,0.37249514
86903,2.9320374,1.5469557,0.87332904
86904,2.426281,1.5835965,0.790463
86905,3.4809237,1.3965299,0.49276528
86906,2.8680856,1.3663678,0.86223054
86907,3.304298,1.5688193,0.61786324
86908,2.3870823,1.6435673,0.8030735
86909,3.4778275,1.3705187,0.36434132
86910,2.8388054,1.3463659,0.84205675
86911,2.4282532,1.5851501,0.83952683
86912,2.8508296,1.3956162,0.87076914
86913,3.2829227,1.553885,0.4813698
86914,2.4102812,1.6110663,0.84258693
86915,3.370675,1.3568335,0.279895
86916,2.4108667,1.581699,0.865076
86917,3.4009066,1.3707818,0.27125216
86918,2.7862477,1.4266896,1.022218
86919,3.2488108,1.5367615,0.55706656
86920,2.3926919,1.5758014,0.8755407
86921,2.7787993,1.3843838,0.9734703
86922,2.4305,1.5837722,0.84688395
86923,3.3675597,1.3486755,0.36365783
86924,2.7829597,1.4409848,1.0900527
86925,2.4088228,1.5503573,0.82722056
86926,2.7540047,1.4064645,0.8531523
86927,2.4353,1.5469109,0.8842185
86928,3.3632193,1.3362364,0.38532308
86929,2.828288,1.4428462,0.9288503
86930,3.4242902,1.5062888,0.43843383
86931,2.4097507,1.5159315,0.7854881
86932,2.8494697,1.4154696,0.72379726
86933,2.430142,1.522536,0.81603366
86934,3.4318008,1.3869798,0.33087653
86935,2.8717384,1.4563385,0.74285
86936,3.474556,1.5427899,0.4586278
86937,2.4198265,1.4071982,0.84314626
86938,3.213826,1.3259414,0.24839473
86939,3.1640716,1.4754487,0.8364173
86940,2.4269483,1.4079576,0.8478186
86941,3.2458494,1.306352,0.24590214
86942,3.0561347,0.56981903,1.3208865
86943,3.5246603,1.4710482,0.50428486
86944,2.4470344,1.4105811,0.8683871
86945,3.2310698,1.2703853,0.20034789
86946,3.076622,0.58207583,1.203534
86947,2.4665377,1.3769281,0.8351797
86948,3.4758003,1.2751321,0.4236302
86949,2.7882159,1.2710184,0.80535597
86950,3.6051714,1.4213936,0.48199436
86951,2.4864678,1.4171939,0.8999348
86952,3.4933717,1.3002651,0.47081545
86953,2.897558,1.4589797,0.87128717
86954,2.5297883,1.4125205,0.89311934
86955,2.8003814,1.3308262,0.86149496
86956,3.5240998,1.4373173,0.42292204
86957,2.5947213,1.4072754,0.9860899
86958,3.362454,1.3352528,0.2381849
86959,2.7386694,1.491111,0.80415714
86960,2.6552045,1.3825854,1.0438361
86961,3.5913076,1.3659542,0.5885468
86962,2.9195976,1.3611876,0.65379024
86963,3.529865,1.4243225,0.4440359
86964,2.823278,1.262593,1.0403895
86965,3.5616584,1.3208548,0.4222611
86966,2.9139996,1.2993026,0.8116642
86967,2.8055708,1.2888634,1.0523429
86968,3.5501482,1.3838463,0.44859308
86969,2.8240516,1.3884028,0.86408925
86970,3.4843264,1.4414074,0.44643816
86971,3.5482056,1.3846533,0.5407987
86972,2.9225705,1.3496659,0.92828745
86973,2.7997503,1.3882314,1.0982965
86974,2.958864,1.349198,0.7888471
86975,3.5019681,1.5307608,0.5311846
86976,3.5379264,1.3493303,0.37654704
86977,3.0692909,1.4274398,0.8660297
86978,2.7178376,1.3831779,1.0524844
86979,3.563115,1.3176687,0.39188814
86980,2.813538,1.3751227,0.668167
86981,3.484882,1.558054,0.47336984
86982,2.7375104,1.3825326,1.0443367
86983,3.5201283,1.3196286,0.37607172
86984,2.8496573,1.385515,0.73523414
86985,2.7131505,1.3575402,1.0426394
86986,3.5203478,1.353031,0.44067293
86987,2.8099427,1.402552,0.80316204
86988,3.4671288,1.5746086,0.5641381
86989,2.6901414,1.388518,0.9548613
86990,3.5324585,1.38187,0.41606182
86991,2.9425464,1.454763,0.8866473
86992,2.712656,1.3866928,1.0137172
86993,3.5622106,1.3170279,0.39109656
86994,2.9168515,1.4480131,0.5622797
86995,3.427442,1.468806,0.35090718
86996,2.674861,1.4115968,1.0032841
86997,3.368135,1.3049347,0.23897709
86998,2.8715963,1.4256154,0.51614124
86999,2.574968,1.5373392,1.0513716
87000,3.3602345,1.3435252,0.34624168
87001,2.833109,1.3863193,0.84085006
87002,3.4858186,1.5602558,0.53879696
87003,2.6258051,1.5107034,1.0079881
87004,3.5868769,1.2861459,0.33521906
87005,2.9254608,1.4717703,0.89445287
87006,2.6082745,1.4248401,1.0597308
87007,3.6797705,1.3758986,0.39158848
87008,3.5117974,1.4565365,0.39708388
87009,2.7774851,1.3921214,1.0842419
87010,3.5683348,1.2694135,0.4587167
87011,2.9336202,1.3013383,0.73750395
87012,3.7126539,1.4143864,0.43874553
87013,2.8740022,1.3151715,0.76470786
87014,3.3089912,1.5324132,0.20142922
87015,2.7547367,1.3669838,1.0234027
87016,3.6459079,1.4432124,0.6544893
87017,2.9631438,1.3430426,0.8720912
87018,2.8242428,1.4095713,1.042443
87019,3.072551,1.1900853,0.96651316
87020,3.3389757,1.5339744,0.4015726
87021,2.8087788,1.3662361,0.9923348
87022,3.0790799,1.3140382,1.0855552
87023,3.5453022,1.3613815,1.2485642
87024,3.0246367,1.3066916,0.764032
87025,2.963355,1.3344288,1.030332
87026,3.5618563,1.2964257,0.28593418
87027,3.0835245,1.3073914,0.78351647
87028,3.2720957,1.367311,1.078323
87029,3.610528,1.3448623,0.45307004
87030,3.0332463,1.3064253,0.8138141
87031,3.5010767,1.4968616,0.53645545
87032,3.1659756,1.2936922,1.0055344
87033,3.5741026,1.3113005,0.44416732
87034,3.036245,1.3105546,0.77799207
87035,2.9042048,1.2690228,0.9896161
87036,3.613123,1.3319161,0.42687544
87037,3.0099475,1.4499661,0.8133883
87038,3.353903,1.5104066,0.42199138
87039,3.4009044,1.2207078,0.91071093
87040,3.663747,1.3654962,0.3716711
87041,3.0549052,1.3914621,0.7744356
87042,2.8963537,1.2703564,0.93929744
87043,3.6650987,1.3510921,0.30878097
87044,3.2139616,1.4068799,0.7520625
87045,3.5627549,1.533079,0.008616431
87046,3.196948,1.2764189,1.0541971
87047,3.6401272,1.3331372,0.43624076
87048,3.011876,1.4163827,0.7615604
87049,2.9101088,1.302222,0.9741822
87050,3.6597106,1.3424512,0.39651904
87051,2.9604,1.4158183,0.82614523
87052,3.490357,1.3279327,0.24243988
87053,3.422728,1.2605392,0.9149056
87054,3.6235144,1.3090575,0.42089683
87055,3.1078165,1.2585057,0.75478023
87056,3.4279187,1.2541828,0.89318466
87057,3.6371472,1.2725487,0.40871722
87058,2.894956,1.188823,0.5437113
87059,3.5188,1.2581878,0.18489575
87060,3.4265668,1.2598363,0.92568415
87061,3.6175869,1.2795068,0.41480988
87062,3.0701203,1.3080547,0.73297566
87063,3.430243,1.3260231,0.9415452
87064,3.023013,1.419555,0.791549
87065,3.488785,1.443528,0.23134767
87066,3.3696482,1.2787502,0.8717902
87067,3.6438978,1.3278795,0.38669494
87068,2.9337626,1.4584724,0.69092226
87069,3.4402027,1.262204,0.97999454
87070,3.6267788,1.3629149,0.2939179
87071,2.9409473,1.146737,0.84442383
87072,3.3066177,1.3718771,0.30986062
87073,2.931634,1.3042892,1.0112165
87074,3.490009,1.3755844,0.33036935
87075,2.8791318,1.3766295,0.7740738
87076,3.4707546,1.2238903,0.94755256
87077,3.5147057,1.3497292,0.2799289
87078,2.9441004,1.4401149,0.7895579
87079,3.2119339,1.0173583,0.26048577
87080,3.427693,1.2592576,0.8943656
87081,3.4991977,1.3491088,0.34176075
87082,2.8919523,1.3986009,0.7271329
87083,3.4660532,1.261774,0.9541419
87084,3.5550542,1.3696194,0.36735237
87085,2.8624647,1.4228762,0.76638883
87086,3.5182328,1.3405423,0.20057817
87087,3.0900154,1.2942262,0.9593913
87088,3.525404,1.3265011,0.23343456
87089,2.750849,1.4196799,0.83230144
87090,3.480734,1.3180616,0.85201937
87091,3.3156583,1.3632295,0.20042293
87092,3.0482218,1.378083,0.8892514
87093,3.4486403,1.1958638,0.3795839
87094,3.0969565,1.2944752,0.9739952
87095,3.3311882,1.3630215,0.2524595
87096,3.0433319,1.3411808,0.8549265
87097,3.1120486,1.3109065,1.022421
87098,3.3305862,1.2434533,0.22734335
87099,3.0688746,1.3586602,0.7848307
87100,3.433463,1.234749,0.3447428
87101,3.0886405,1.3495997,1.036346
87102,3.3865159,1.6218902,0.33514062
87103,3.295894,0.60064954,1.196378
87104,3.6154492,1.0934635,0.28087935
87105,3.340143,0.57667154,1.2115618
87106,3.6551256,1.294886,0.44612977
87107,3.0572798,1.393605,0.8855836
87108,3.5716684,1.243644,0.64315355
87109,3.1898172,1.3342309,0.7684204
87110,3.1448493,1.397904,0.8044357
87111,3.4463642,1.3007879,0.38679084
87112,3.2714827,1.5067998,0.6833471
87113,3.747161,0.8801335,0.5489414
87114,3.2747462,1.3540131,0.79207724
87115,3.4093943,1.2921795,0.3249335
87116,3.5823495,1.3489094,0.72220784
87117,3.4729602,1.2643976,0.33525798
87118,3.2298334,1.462915,0.36780205
87119,3.9315734,1.0712451,0.2470419
87120,3.2557876,1.3882774,0.60334325
87121,3.4811463,1.2403169,0.45782614
87122,3.6256607,1.4482957,0.57869613
87123,3.7691314,1.393385,0.59600055
87124,3.4871995,1.233965,0.42058986
87125,3.2995641,1.4628123,0.3850306
87126,3.8619153,1.1621463,0.32322767
87127,3.7400763,1.4971147,0.5438981
87128,3.520724,1.2933716,0.66318697
87129,3.2525373,1.4463764,0.62540585
87130,3.3247805,1.5000815,0.4456556
87131,3.3179924,1.4811153,0.455208
87132,3.7800276,1.2630177,0.2451547
87133,3.734249,1.5121309,0.74541605
87134,3.5852823,1.1018273,0.28833002
87135,3.3260925,1.4817787,0.4266505
87136,3.3386545,1.5056428,0.65882885
87137,3.4964826,1.2312372,0.3412759
87138,3.3057365,1.4769758,0.38965446
87139,3.7588985,1.2321948,0.2350707
87140,3.62653,1.4422847,0.6071488
87141,3.469037,1.2658257,0.40206987
87142,3.3321729,1.3981338,0.27764904
87143,3.6321108,1.4165304,0.46155527
87144,3.4467275,1.2943043,0.37673792
87145,3.3161278,1.4451447,0.21490644
87146,3.9856057,1.2729782,0.46642885
87147,3.5819473,1.3743005,0.4243722
87148,3.576138,1.1189724,0.3895543
87149,3.291932,1.4498013,0.51321983
87150,3.3861616,1.4104425,0.6734343
87151,3.4862642,1.2413508,0.36559102
87152,3.9207766,1.2923868,0.5200922
87153,3.3400831,1.404806,0.6601074
87154,3.4892392,1.2380967,0.38305536
87155,3.2884061,1.424129,0.5069348
87156,3.347299,1.4069135,0.711878
87157,3.4881892,1.2384135,0.3756094
87158,3.2696085,1.4538658,0.539044
87159,3.9530334,1.2670474,0.4224883
87160,3.4903626,1.2345356,0.34300017
87161,3.2717674,1.4528692,0.48028526
87162,3.3463027,1.4120568,0.7480457
87163,3.484977,1.2411305,0.3807421
87164,3.2693872,1.451529,0.5350071
87165,3.734395,1.2292391,0.32562438
87166,3.4866729,1.2380545,0.3870274
87167,3.2751453,1.4794054,0.5036978
87168,3.3805778,1.3900834,0.60714144
87169,3.394531,1.3116022,0.41461012
87170,3.5457296,1.2943076,0.5032075
87171,3.4298158,1.2759025,0.39326188
87172,3.255141,1.4464577,0.4520663
87173,3.5230095,1.2935698,0.49221784
87174,3.4671953,1.2989808,0.39678577
87175,3.2709618,1.4818108,0.5108402
87176,3.7157815,1.3151025,0.61611056
87177,3.6458013,1.4548995,0.75167614
87178,3.4820795,1.2402444,0.39403018
87179,3.2740934,1.4420805,0.52358145
87180,3.6786642,1.3367035,0.8026567
87181,3.466382,1.2982061,0.39203838
87182,3.770214,1.2656409,0.38257787
87183,3.6653357,1.4191248,0.7818422
87184,3.559984,1.1419637,0.29441476
87185,3.2770271,1.4690723,0.53266853
87186,3.481757,1.2422371,0.4039761
87187,3.2508903,1.4666245,0.50401574
87188,3.9342964,1.2895322,0.54626316
87189,3.426445,1.4116911,0.7531777
87190,3.4436715,1.2944248,0.39214742
87191,3.2740788,1.4413341,0.54436404
87192,3.579196,1.2649288,0.5460119
87193,3.4847872,1.2413241,0.36848673
87194,3.259734,1.4653149,0.4788746
87195,3.5977376,1.2494416,0.5163721
87196,3.4854257,1.2425841,0.37896833
87197,3.2574103,1.4408456,0.45491678
87198,3.4771779,1.4077181,0.67806363
87199,3.484282,1.2392746,0.3998185
87200,3.257965,1.4701273,0.51030385
87201,3.9503114,1.2754931,0.49460638
87202,3.670838,1.3372122,0.6356765
87203,3.4439216,1.2993029,0.36837414
87204,3.2571654,1.4374356,0.45384586
87205,3.6288314,1.2409974,0.53235996
87206,3.4875593,1.2419893,0.36026284
87207,3.275234,1.4430145,0.525546
87208,3.5575032,1.2510124,0.15855184
87209,3.6919098,1.3939159,0.6090741
87210,3.4658978,1.2686995,0.36479023
87211,3.2612078,1.4671305,0.46585718
87212,3.6516058,1.3437299,0.662659
87213,3.4693124,1.2975311,0.36693022
87214,3.2573254,1.4398398,0.49612904
87215,3.944583,1.211256,0.2046581
87216,3.5406396,1.2583015,0.61361486
87217,3.274546,1.451846,0.5181669
87218,3.4604537,1.3576626,0.7302106
87219,3.5768516,1.1696279,0.2645059
87220,3.2753484,1.4378191,0.53268844
87221,3.6002603,1.2623243,0.1373964
87222,3.4903858,1.2348356,0.32952002
87223,3.3218288,1.3508704,0.38548213
87224,3.1162243,1.4588069,0.90931225
87225,3.4839637,1.2371966,0.39273253
87226,3.2780855,1.4704394,0.5199952
87227,3.686768,1.255877,0.29628956
87228,3.3890831,1.4082236,0.8737537
87229,3.2720754,1.4101541,0.5228394
87230,3.4622657,1.2663159,0.42711812
87231,3.2651587,1.4467243,0.43640032
87232,3.7269735,1.2673849,0.36810207
87233,3.7180576,1.3609324,0.8292672
87234,3.4707236,1.2655088,0.34157565
87235,3.2409103,1.4653031,0.42660326
87236,3.7423873,1.4015173,0.7249163
87237,3.4882815,1.2373142,0.3608334
87238,3.3410785,1.3399947,0.301906
87239,3.7437487,1.2780497,0.28010118
87240,3.739182,1.4350973,0.7348371
87241,3.4845357,1.2387092,0.41276586
87242,3.2644424,1.4972103,0.45697024
87243,3.6624658,1.3610634,0.58555424
87244,3.4988358,1.2635227,0.3699836
87245,3.2610726,1.4659737,0.45914334
87246,3.735602,1.2614274,0.29240835
87247,3.4418237,1.4174851,0.9239405
87248,3.4908226,1.2292285,0.35939857
87249,3.2586634,1.5049905,0.440507
87250,3.7213166,1.4071022,0.7258151
87251,3.355833,1.3921473,0.28550848
87252,3.7318225,1.2574674,0.32021314
87253,3.7188356,1.400885,0.70924777
87254,3.470793,1.2591422,0.3503967
87255,3.2460856,1.4929862,0.4181193
87256,3.31154,1.4489474,0.8627222
87257,3.4941318,1.2592136,0.3520457
87258,3.342964,1.3634669,0.26987574
87259,3.315321,1.4405938,0.80921096
87260,3.4968286,1.2318385,0.40818876
87261,3.2588964,1.4657654,0.49775228
87262,3.296361,1.4513372,0.911498
87263,3.4704247,1.2860694,0.4104093
87264,3.3244154,1.3958969,0.23480672
87265,3.7510617,1.2196951,0.16397981
87266,3.2575905,1.450036,0.9757426
87267,3.4855745,1.2367896,0.40144214
87268,3.2600815,1.4336007,0.4410278
87269,3.3215792,1.3986208,0.96387655
87270,3.487728,1.2352782,0.37947002
87271,3.3465202,1.3496771,0.35956502
87272,3.7420526,1.236318,0.25660682
87273,3.3029006,1.4199742,0.92047954
87274,3.4701214,1.2911041,0.4044959
87275,3.32799,1.3844373,0.32048935
87276,3.3244457,1.3650768,0.890322
87277,3.471624,1.2647697,0.34479168
87278,3.343231,1.3704749,0.26372486
87279,3.5656238,1.2582316,0.14688155
87280,3.3383002,1.3778834,0.8782231
87281,3.4659045,1.2379153,0.35369715
87282,3.3076909,1.4021988,0.3782329
87283,4.198338,0.60665977,0.7369473
87284,3.4830725,1.2365875,0.41325998
87285,3.2767599,1.4547153,0.3053369
87286,3.7381606,1.264203,0.20889913
87287,4.1972404,0.55506593,0.61704296
87288,3.4681501,1.2970434,0.39893323
87289,3.369022,1.3585466,0.32142612
87290,3.4877565,1.2366098,0.38609514
87291,3.2597501,1.4657311,0.48077863
87292,3.558129,1.259494,0.11859438
87293,4.173386,0.6536935,0.6824513
87294,3.4648554,1.2660213,0.40581858
87295,3.3482754,1.3470486,0.30299354
87296,4.230548,0.470107,0.74016225
87297,3.2930734,1.4214233,0.3520182
87298,3.5903451,1.2889682,0.114354394
87299,3.4434247,1.271463,0.7508576
87300,3.491137,1.2347766,0.35223764
87301,3.3598852,1.3697011,0.3345187
87302,4.175867,0.72582555,0.7311194
87303,3.4677734,1.2339759,0.3335982
87304,3.3198688,1.3920404,0.34080258
87305,3.6102362,1.2624712,0.1250178
87306,3.3553648,1.3954301,0.9148699
87307,3.4929523,1.233816,0.34375688
87308,3.3136303,1.3973117,0.33842897
87309,4.16907,0.59511703,0.6071143
87310,3.489874,1.2423761,0.37929082
87311,3.3381686,1.3371654,0.35508534
87312,3.5517616,1.2612518,0.1115427
87313,4.177274,0.60225844,0.54784155
87314,3.5066307,1.2086408,0.3534144
87315,3.3705602,1.355293,0.34061447
87316,3.3851302,1.366661,0.86649096
87317,3.492524,1.2358549,0.33961007
87318,3.5655408,1.2933316,0.19416353
87319,3.2984123,1.3432107,0.8087655
87320,3.4897194,1.2640977,0.3936076
87321,3.337962,1.3610495,0.33085498
87322,3.340753,1.3965671,0.9049905
87323,3.350663,1.3497964,0.33555484
87324,3.5401857,1.2621818,0.15964468
87325,3.4911344,1.2337465,0.35028875
87326,3.3398454,1.3628708,0.3192518
87327,4.1652,0.55045426,0.53227055
87328,3.483182,1.2394885,0.38668054
87329,3.327544,1.3424287,0.333552
87330,3.7367876,1.2478064,0.2901485
87331,3.4914954,1.264315,0.3557754
87332,3.3363144,1.3945516,0.34916824
87333,3.6885428,1.2907158,0.80401516
87334,3.3132281,1.3880391,0.3783319
87335,3.7076733,1.2657225,0.3338381
87336,3.246596,1.3160597,0.73164296
87337,3.4714894,1.2919716,0.3598619
87338,3.336914,1.3626528,0.35916382
87339,3.2467518,1.3184681,0.7272051
87340,3.479343,1.2453984,0.37457702
87341,3.3403344,1.3636162,0.3275332
87342,3.719695,1.2460709,0.21669334
87343,3.481355,1.2385714,0.41414922
87344,3.331188,1.4014605,0.33437034
87345,3.3356571,1.363585,0.39161468
87346,3.5540845,1.2916048,0.17686325
87347,3.2116349,1.3344717,0.70597136
87348,3.4450133,1.2463757,0.3539292
87349,3.3454885,1.365904,0.3688883
87350,3.7798638,1.3101876,0.83892435
87351,3.4837725,1.2358774,0.37992516
87352,3.337732,1.3911289,0.36990952
87353,3.7439406,1.2922032,0.37281686
87354,3.796029,1.343487,0.87526727
87355,3.465812,1.2324667,0.34897694
87356,3.3359976,1.3888834,0.3779771
87357,3.2445474,1.3399127,0.711837
87358,3.4721897,1.2626027,0.3135172
87359,3.342073,1.400175,0.39045268
87360,3.564509,1.2663859,0.19288218
87361,3.7739904,1.2963864,0.93158823
87362,3.486717,1.2398695,0.3697005
87363,3.3452582,1.378301,0.40314457
87364,3.7921221,1.321521,0.94155985
87365,3.503707,1.2343097,0.34488362
87366,3.3339546,1.3603468,0.41884953
87367,3.551227,1.2630061,0.14087997
87368,3.783351,1.3437438,0.82115394
87369,3.4868197,1.2341446,0.3640635
87370,3.3297253,1.4026113,0.35125232
87371,3.250628,1.3485425,0.7533777
87372,3.4694705,1.2931602,0.38320115
87373,3.358762,1.3640665,0.41956538
87374,3.7452698,1.2416203,0.11542238
87375,3.721069,1.3192934,0.83247054
87376,3.4819195,1.2360108,0.4109499
87377,3.3484821,1.3709292,0.39300075
87378,3.733008,1.2945688,0.7950999
87379,3.4350514,1.3075532,0.35971984
87380,3.3263054,1.3743898,0.38943198
87381,3.555607,1.2655181,0.19794413
87382,3.7288384,1.2980593,0.8437532
87383,3.4640305,1.2667277,0.38470423
87384,3.3317153,1.3937727,0.42244107
87385,3.6860995,1.2903613,0.76630783
87386,3.4694543,1.2557414,0.35898662
87387,3.3565235,1.3661795,0.4133544
87388,3.551194,1.2608471,0.1641338
87389,3.715001,1.3199189,0.86908424
87390,3.489373,1.2331134,0.353012
87391,3.3458533,1.4114349,0.40239984
87392,3.730659,1.3248371,0.8109959
87393,3.4883344,1.2322686,0.36072922
87394,3.3533063,1.3653489,0.44013268
87395,3.7305365,1.2185912,0.19500108
87396,3.8435986,1.3144456,0.98255473
87397,3.4687314,1.2612761,0.36551145
87398,3.333887,1.3646415,0.39908665
87399,3.7265148,1.3502817,0.8049804
87400,3.493717,1.2263166,0.3234016
87401,3.3588183,1.3648195,0.38427168
87402,3.557584,1.2914417,0.157566
87403,3.711196,1.317187,0.7654195
87404,3.4884367,1.2307695,0.34535602
87405,3.3430378,1.3532246,0.3765739
87406,3.7155845,1.3341355,0.9203701
87407,3.493729,1.29032,0.37707797
87408,3.3460982,1.3807693,0.41903943
87409,3.7131798,1.2541572,0.19142322
87410,3.7081919,1.3556862,0.79449224
87411,3.485272,1.2351382,0.40093923
87412,3.8271806,1.3579572,0.99067944
87413,3.4663246,1.261594,0.36885795
87414,3.3317175,1.3624303,0.3993833
87415,3.5586944,1.254113,0.107129246
87416,3.6801152,1.3637381,0.81799203
87417,3.487926,1.2357737,0.35677493
87418,3.312493,1.3045939,0.82378924
87419,3.4916763,1.2919843,0.38646224
87420,3.3459232,1.3140376,0.36572993
87421,3.3377526,1.3034155,0.79967153
87422,3.4737487,1.2589523,0.31906518
87423,3.3350773,1.3370565,0.82474333
87424,3.4666991,1.2634054,0.38278198
87425,3.3626132,1.3478585,0.37832955
87426,3.562966,1.2667826,0.18773131
87427,3.7242913,1.3057584,0.9970898
87428,3.4456463,1.2606943,0.3536227
87429,3.3608723,1.3166515,0.36242166
87430,3.4169238,1.2981063,0.8610432
87431,3.4746494,1.2480633,0.41954598
87432,3.3489451,1.3032011,0.40683764
87433,3.6903403,1.2368002,0.33492038
87434,3.431477,1.322996,0.8728657
87435,3.4700217,1.2671546,0.34895128
87436,3.2389462,1.4654,0.4454785
87437,3.437403,0.6349945,1.2506618
87438,3.4881415,1.2319592,0.38195875
87439,3.2587807,1.5804853,0.46422687
87440,3.530433,1.2398286,0.22261383
87441,3.4168923,0.65224576,1.3038989
87442,3.48265,1.2401192,0.41280943
87443,3.237286,1.6005017,0.6255363
87444,3.3768811,0.64946187,1.278725
87445,3.2471948,1.512807,0.43088925
87446,3.5366871,1.2145823,0.18393944
87447,3.390204,0.6340619,1.2772038
87448,3.1804838,1.4955657,0.5649029
87449,3.3857822,0.66514146,1.2973782
87450,3.4681284,1.2297807,0.34656394
87451,3.3285348,1.346893,0.30013248
87452,3.5409958,1.2727399,0.22313726
87453,3.448376,1.254711,0.36608803
87454,3.4479718,1.2397481,0.3468276
87455,3.2224584,1.4903594,0.45469078
87456,3.5285823,1.2428651,0.22178087
87457,3.467024,1.2652345,0.38798025
87458,3.2752376,1.4352148,0.5294888
87459,3.470715,1.2602159,0.3763799
87460,3.2147357,1.4776903,0.36528876
87461,3.5264053,1.228828,0.14030388
87462,3.4470687,1.2562829,0.36973122
87463,3.1891265,1.4774578,0.38534197
87464,3.4592037,1.2218491,0.42207512
87465,3.2812765,1.4117869,0.40164632
87466,3.5314758,1.2377765,0.18212534
87467,3.4828339,1.2414814,0.4139851
87468,3.3416486,1.3228229,0.40433607
87469,3.48629,1.2349461,0.3886327
87470,3.3182213,1.3690374,0.52353454
87471,3.5878117,1.2527492,0.24467774
87472,3.4766948,1.2392123,0.46293125
87473,3.2688098,1.4323853,0.39759052
87474,3.230112,1.4056239,0.82040817
87475,3.481742,1.238363,0.42662302
87476,3.16773,1.4183916,0.3361946
87477,3.5508072,1.2378684,0.1911104
87478,3.2736,1.4640318,0.79772776
87479,3.6110876,1.1093376,0.39441088
87480,3.1868298,1.4227763,0.37330827
87481,3.276352,1.4366714,0.78112423
87482,3.504169,1.2721289,0.43596253
87483,3.226749,1.4648901,0.3976644
87484,3.8259673,1.2438276,0.16711521
87485,3.3056836,1.4122691,0.8233829
87486,3.5803707,1.1348276,0.5160209
87487,3.2474856,1.4596033,0.49692595
87488,3.2334983,1.4370617,0.73108006
87489,3.6383276,1.0671909,0.4798594
87490,3.2522278,1.38502,0.5546724
87491,3.9049697,1.2991327,0.61261195
87492,3.254371,1.4098114,0.74277663
87493,3.5941575,1.0868837,0.4592813
87494,3.331268,1.3657267,0.66620386
87495,3.3117616,1.4462948,0.68979317
87496,3.7361238,1.4193208,0.6659055
87497,3.2408059,1.3771482,0.4170901
87498,3.4575045,1.197214,-0.021383261
87499,3.357515,1.6668442,0.68469465
87500,3.20127,1.3936164,0.5242447
87501,3.234081,1.6635578,0.5177657
87502,3.7435427,1.3432245,0.21410891
87503,3.216682,1.5598253,0.4992513
87504,3.4939165,1.2322218,0.18088661
87505,3.5125315,1.6340281,0.5604703
87506,3.9286382,1.3737315,0.44732594
87507,3.350111,1.4224576,0.61594486
87508,3.1799169,1.6170558,0.67065036
87509,4.0257125,1.7243885,0.55418634
87510,3.2711456,1.5530821,0.3987687
87511,3.7930708,1.2108403,-0.052186605
87512,3.2957382,1.3933411,0.3988594
87513,3.933197,1.7017052,0.5743594
87514,3.115014,1.3837767,0.46294516
87515,3.3609333,1.4831702,0.58830196
87516,3.8027077,1.3886665,0.4383989
87517,3.1773424,1.5335916,0.4404568
87518,3.9785233,1.6359748,0.4006536
87519,3.195252,1.5609787,0.530023
87520,3.9277432,1.5706587,0.4033065
87521,3.8488116,1.5363653,0.36666927
87522,3.2180047,1.5297827,0.5400792
87523,3.910835,1.5497081,0.40030846
87524,3.2145782,1.693566,0.40980873
87525,3.9316819,1.6873035,0.45840195
87526,3.308775,1.4781896,0.17645134
87527,3.6539369,1.5586241,0.26354188
87528,3.1752946,1.6861537,0.49156404
87529,3.937517,1.747846,0.39108443
87530,3.1930017,1.5988357,0.34579685
87531,3.9849977,1.64299,0.3592609
87532,3.2280707,1.5371075,0.2298582
87533,3.8501418,1.7589498,0.35760954
87534,3.1716309,1.4999349,0.35021672
87535,3.9792829,1.6334563,0.30764082
87536,3.3039436,1.6071204,0.42216516
87537,3.1557899,1.6418123,0.36231142
87538,3.9269059,1.6587315,0.41387534
87539,3.21985,1.4452475,0.18789843
87540,3.7240462,1.5939373,0.264557
87541,3.2210865,1.6391206,0.40927917
87542,3.8236525,1.8783922,0.47300604
87543,3.2022943,1.4709512,0.29935202
87544,3.2672641,1.4095777,0.38906097
87545,3.6273594,1.5542837,0.29076585
87546,3.2367263,1.5074452,0.55939966
87547,3.650163,2.0215786,0.20206013
87548,3.301079,1.2348267,0.39245924
87549,3.181058,1.5115883,0.4893606
87550,3.6805162,2.0212643,0.36108917
87551,3.2950273,1.28268,0.34479856
87552,3.9578538,1.70108,0.540925
87553,3.1856499,1.4766971,0.42654315
87554,3.1886778,1.4688967,0.32045066
87555,3.2142303,1.455381,0.40913928
87556,3.2891662,1.4703902,0.36657408
87557,3.630535,1.7772834,0.36616662
87558,3.1867862,1.4600474,0.5206673
87559,3.7325125,2.053114,0.18782468
87560,3.3376782,1.2667961,0.37360537
87561,3.1999419,1.3887838,0.4057129
87562,3.700755,2.0058153,0.20792443
87563,3.2768655,1.2129408,0.4364296
87564,3.439219,1.9848424,0.4546175
87565,3.246304,1.3937676,0.41770208
87566,3.6120684,2.0690098,0.28746003
87567,3.2614017,1.5631717,0.65937996
87568,3.3358257,1.4312788,0.4174411
87569,3.6513875,2.0927231,0.29432127
87570,3.289564,1.6033417,0.30284825
87571,3.3678317,1.9484875,0.17618196
87572,3.3737626,1.4885427,0.39902723
87573,3.314689,1.5504897,0.21800244
87574,3.3455498,1.512778,0.4073537
87575,3.6235607,2.124985,0.32199162
87576,3.3155458,1.6132275,0.23084605
87577,3.3998039,1.973904,0.36366555
87578,3.3421829,1.375072,0.41655144
87579,3.6569476,2.0884967,0.23622946
87580,3.3862653,1.4928842,0.24106273
87581,3.288308,1.4477484,0.51962984
87582,3.6158712,2.1269228,0.4333112
87583,3.3729446,1.4598572,0.17500058
87584,3.426733,1.984624,0.36679465
87585,3.2467859,1.393309,0.55872506
87586,3.4077084,1.871852,0.29789996
87587,3.4253933,1.6675051,0.16707598
87588,3.2672622,1.3990303,0.5771409
87589,3.161304,2.0092254,0.1356299
87590,3.4485316,1.6574345,0.20219676
87591,3.3493516,1.9690713,0.38501713
87592,3.3000567,1.4441872,0.43105012
87593,3.3551657,2.0404696,0.274047
87594,3.365316,1.6559757,0.34909958
87595,3.2937548,1.4707141,0.40447497
87596,3.2058692,1.936855,0.11597973
87597,3.4023063,1.6488596,0.32672265
87598,3.581083,1.958704,0.46705326
87599,3.25777,1.4822696,0.5133795
87600,3.1226394,2.1145098,0.16971374
87601,3.3451633,1.7367816,0.08938664
87602,3.2724857,1.521459,0.4036666
87603,3.4858365,2.016283,0.3772512
87604,3.3531144,1.9402112,0.38825524
87605,3.1137168,1.6946286,0.48744166
87606,3.3909025,2.0334415,0.010026552
87607,3.3277204,1.6952122,0.44584864
87608,3.3875585,2.0727737,0.065865606
87609,3.3163846,1.8216825,0.2793289
87610,3.4271271,2.0616572,0.2139222
87611,3.346595,1.7848674,0.42749193
87612,3.4085405,2.116161,0.025927952
87613,3.3508887,1.8568661,0.32469472
87614,3.424868,1.8410983,0.4324025
87615,3.3642817,2.005986,-0.26321462
87616,3.1916318,1.2249027,-0.08682712
87617,3.585701,1.9318097,0.5342873
87618,3.3344438,1.7531816,0.46975267
87619,3.1569345,2.0844536,-0.047546715
87620,3.3444457,1.8872045,0.2478744
87621,3.3387315,1.9710981,0.39009565
87622,3.1623197,2.1403904,0.02335338
87623,3.378669,1.3257474,-0.12341311
87624,3.509638,1.8329248,0.20116052
87625,3.3036103,2.0019155,0.3820388
87626,3.164559,2.125037,-0.2050128
87627,3.3465424,1.4090558,-0.048781812
87628,3.3404646,1.8306298,0.72771955
87629,3.158706,2.0488584,0.13121416
87630,3.5203269,1.3714204,0.07420731
87631,3.412122,1.9588579,0.14430146
87632,3.2980182,2.1883056,0.74142575
87633,3.1792128,2.0865188,-0.17526144
87634,3.3437538,1.814396,-0.06483857
87635,3.3082337,2.136762,0.8301328
87636,3.4123898,1.8056971,0.5143058
87637,3.3534672,1.9433012,0.35442424
87638,3.1503897,2.0550585,0.029158577
87639,3.3246078,1.8404706,0.54762924
87640,3.2137783,1.9397752,-0.052397467
87641,3.3758264,1.7296001,0.32181984
87642,3.3366468,1.9119699,0.24906361
87643,3.3768353,2.150306,1.0418729
87644,3.0724602,2.049698,-6.458451e-05
87645,3.2627275,1.8470935,0.69198203
87646,3.4211166,1.93845,1.1097857
87647,3.2457776,2.1912785,0.040846948
87648,3.3367696,2.0027182,0.67908967
87649,3.3995323,1.8353074,0.20802316
87650,3.3651588,2.221706,1.2108247
87651,3.261795,1.9829628,0.023202589
87652,3.304824,1.9805675,0.74530184
87653,3.3534613,2.21848,1.0835266
87654,3.221887,2.056031,-0.04602452
87655,3.303628,1.9923027,0.20283203
87656,3.40038,2.1648264,1.1599085
87657,3.1905482,2.2369082,0.068733245
87658,3.4297042,2.0436232,0.83919644
87659,3.2204227,2.045622,0.19335698
87660,3.298712,2.0223062,0.75367296
87661,3.3389542,1.975376,0.23909844
87662,3.3645353,2.0827422,1.2295321
87663,3.1713216,1.9713951,-0.13079835
87664,3.2992988,1.9916519,0.7295437
87665,3.3067856,2.0018442,1.2816333
87666,3.0914521,2.0315316,-0.13810992
87667,3.3173544,1.9843167,0.76379335
87668,3.3296757,1.9627676,0.20778395
87669,3.3069706,1.697864,1.1539754
87670,3.243932,2.0850165,-0.015309497
87671,3.2144704,2.0048747,0.761639
87672,3.283668,1.6714997,1.2018123
87673,3.4717793,1.8603452,0.08807165
87674,3.5343106,1.9148422,0.07798607
87675,3.2488396,1.6511036,1.1435268
87676,3.308098,2.0552788,-0.12374851
87677,3.1295273,2.0498645,0.70803905
87678,3.2052412,1.6543622,1.1491045
87679,3.3032937,2.0596795,-0.023883883
87680,3.114683,2.0428762,0.6680459
87681,3.340316,1.8120922,0.45147258
87682,3.1450734,1.6608882,1.1906906
87683,3.193723,1.8224883,0.00021376554
87684,3.0865893,1.978014,0.72402495
87685,3.1461039,1.6732311,1.119138
87686,3.0468998,1.8352257,0.0048477086
87687,3.06714,1.956085,0.6557272
87688,2.984217,2.0447788,0.32479355
87689,3.1384501,1.7317265,1.2053723
87690,3.2891178,2.048412,-0.2401418
87691,3.0482016,1.9039772,0.65518403
87692,3.0956948,1.8021725,1.1759199
87693,3.1953197,2.18896,0.1544714
87694,2.9521441,2.0582578,0.82102275
87695,2.8323553,2.2207239,0.32597277
87696,3.1044374,1.9152381,1.1608437
87697,3.2563078,2.036482,-0.10641247
87698,3.0796542,1.9552253,1.1422814
87699,3.2261932,1.9954468,0.2532997
87700,2.8336663,2.2369351,0.9007956
87701,2.7144547,2.3266535,0.22856408
87702,3.0258915,2.340345,1.1693761
87703,2.9428647,1.939345,-0.08594029
87704,2.8299093,2.3172097,0.9168613
87705,2.9294503,2.393959,1.2941623
87706,3.0073504,2.208619,0.25945136
87707,2.8015947,2.4142268,0.94618315
87708,2.8650913,2.587373,1.3252871
87709,2.6405084,2.407894,0.4222318
87710,2.8380451,2.1063442,0.9442785
87711,2.9287004,2.3992047,1.3169414
87712,2.81002,2.4304488,0.39622095
87713,2.8012614,2.0396085,0.9136975
87714,2.6999946,2.495128,0.12241161
87715,2.8899622,2.37969,1.4257963
87716,2.8076024,2.245721,0.1852316
87717,2.6592908,2.399511,1.6134133
87718,2.734251,2.228685,0.17758258
87719,2.7803237,2.5002515,0.87797487
87720,2.789733,2.4119043,0.09079109
87721,2.7514236,2.4678903,1.4626845
87722,2.8783748,2.3935184,0.2424494
87723,3.2340326,3.3523133,1.4219546
87724,2.650429,2.4888725,1.4603823
87725,2.872664,2.3210137,0.22749354
87726,2.6303248,2.3770354,1.0723168
87727,3.0267978,2.4888444,0.4094699
87728,2.5317674,2.4569533,1.450424
87729,2.9457374,2.4666078,0.30510762
87730,2.7398973,2.451905,1.0954129
87731,2.4827046,2.3047352,1.3889143
87732,2.9313202,2.4141521,0.36182198
87733,3.0684545,2.4968655,0.95082486
87734,2.650825,2.578344,0.08667925
87735,2.3919466,2.3189867,1.29146
87736,2.8792138,2.3595417,0.026104145
87737,2.352957,2.4229546,1.0043422
87738,2.3135965,2.3048193,1.2092897
87739,2.864843,2.221266,0.2705675
87740,2.2458966,2.6048977,0.30886847
87741,2.6862805,2.3800476,0.07260399
87742,2.175097,2.4756308,0.997357
87743,2.8643851,2.1273525,0.3193173
87744,2.159715,2.410955,0.34859753
87745,2.064032,2.539755,1.2201562
87746,2.9256957,2.2410607,0.368764
87747,2.136524,2.299286,0.4450231
87748,2.8847067,2.4993653,0.5464117
87749,1.6502048,2.5322342,0.7320607
87750,3.053895,2.3556657,0.261954
87751,1.9868838,2.3344529,0.42723066
87752,1.591421,2.3922477,0.7423003
87753,2.92336,2.2033942,0.41418898
87754,1.8521702,2.3409808,0.46924305
87755,1.506061,2.4129333,0.6680378
87756,2.8802087,2.2720268,0.5282849
87757,3.5489843,2.337289,1.1366395
87758,3.225303,2.3750205,1.0704732
87759,3.0643947,2.5938587,0.4286992
87760,1.742268,1.9438447,0.114345215
87761,2.7392976,2.2579072,0.46112067
87762,1.3734703,2.5947318,0.27920178
87763,2.8300416,2.313457,0.32352588
87764,1.8283478,2.3811183,0.31522217
87765,1.3690611,2.5272892,0.34437528
87766,2.8258204,2.3492887,0.3767233
87767,1.8538661,2.4167056,0.34431398
87768,2.679475,2.4150076,0.5189923
87769,1.2734008,2.397796,0.30791986
87770,2.7272243,2.242465,0.4613963
87771,1.2980756,2.381338,0.23963161
87772,2.7522423,2.2738326,0.35510343
87773,2.6991792,2.4487562,0.47622654
87774,1.2733513,2.4970925,0.40787977
87775,2.8604965,2.4510758,0.656639
87776,1.3263396,2.3401344,0.21261553
87777,2.749493,2.2731326,0.3709849
87778,1.4781027,2.4142392,0.55838937
87779,2.700615,2.446663,0.50058305
87780,1.2727982,2.3474739,0.24137834
87781,2.7482598,2.2245088,0.33253577
87782,1.82783,2.5040734,0.23880635
87783,2.7542083,2.2690628,0.3644562
87784,1.8451272,2.4872885,0.2882538
87785,2.6883676,2.3945844,0.5689429
87786,2.7400477,2.2541168,0.36537418
87787,1.4901339,2.411954,0.54425025
87788,2.7565045,2.2801175,0.31429756
87789,1.8127807,2.527536,0.21406908
87790,2.7117705,2.3982403,0.5158185
87791,1.2745069,2.3379943,0.3475409
87792,2.7674627,2.2781007,0.24450327
87793,1.8367425,2.526699,0.22321644
87794,1.2688967,2.3312175,0.3073782
87795,2.7464607,2.2918663,0.31747213
87796,1.8508477,2.4870675,0.32762644
87797,2.7102787,2.3999703,0.5038898
87798,1.2811172,2.3475616,0.30942374
87799,2.8834887,2.4542615,0.27072066
87800,1.8272271,2.542863,0.21237956
87801,1.3079836,2.33406,0.37909585
87802,2.9093447,2.4669356,0.18046716
87803,1.8521745,2.4436631,0.25708297
87804,2.710821,2.428649,0.544791
87805,1.2884173,2.3109844,0.3405841
87806,2.8877342,2.4336865,0.17042075
87807,1.8354942,2.5302007,0.209273
87808,1.2861854,2.3195624,0.33805448
87809,2.8624926,2.4345229,0.163992
87810,1.8060036,2.5004506,0.17961708
87811,2.723521,2.4170787,0.52455413
87812,1.2273675,2.33604,0.29169965
87813,2.914356,2.4451628,0.09615173
87814,1.8170651,2.4929965,0.27121282
87815,1.2663575,2.2906744,0.25714684
87816,2.809268,2.3057213,0.16798165
87817,1.8010929,2.5055428,0.21048285
87818,2.7225764,2.4235213,0.45909548
87819,1.2959679,2.3268046,0.3451679
87820,2.7551615,2.2461047,0.20409778
87821,1.802964,2.4748344,0.23634146
87822,1.2594447,2.3379235,0.26885292
87823,2.8629768,2.344536,0.35136312
87824,1.793145,2.4570854,0.25358123
87825,2.7135615,2.3985934,0.56364214
87826,1.2593856,2.3322418,0.28132638
87827,2.8870301,2.3900118,0.19528918
87828,1.8102045,2.4358468,0.2687779
87829,1.287719,2.335113,0.28910694
87830,2.93693,2.5161717,0.53882986
87831,2.714046,2.374201,0.525837
87832,1.272701,2.3568997,0.27678224
87833,2.9463048,2.53626,0.41628247
87834,1.8286803,2.472932,0.26225734
87835,1.2746344,2.3453858,0.29085183
87836,2.9696512,2.4873416,0.57075405
87837,1.8255494,2.415443,0.30447903
87838,2.774556,2.3287883,0.4360888
87839,1.2564251,2.3641262,0.2607484
87840,2.86363,2.3543432,0.30060196
87841,1.8454435,2.4184349,0.28059912
87842,1.2900901,2.339337,0.29448012
87843,2.967736,2.4919217,0.597707
87844,1.8729181,2.4209137,0.2986655
87845,2.694548,2.3869858,0.48254442
87846,1.284617,2.3471274,0.32830513
87847,2.9535167,2.4885266,0.4199055
87848,1.8391255,2.427812,0.21068527
87849,1.2439209,2.3222203,0.2667051
87850,2.7399247,2.1705408,0.24758735
87851,1.8665272,2.4302902,0.25965855
87852,2.746594,2.3796887,0.4366709
87853,1.2754011,2.3497696,0.28942448
87854,2.8109324,2.2981083,0.5883764
87855,1.8597506,2.4208827,0.27212542
87856,1.2791418,2.3332987,0.36175844
87857,2.8363137,2.3783169,0.23071578
87858,1.8721042,2.4232438,0.30137533
87859,2.72439,2.4055367,0.44097218
87860,1.2781762,2.3470206,0.29948968
87861,2.8388212,2.3649137,0.27528906
87862,1.8764758,2.4544506,0.36221048
87863,1.3686303,2.2271876,0.3419338
87864,2.7337606,2.228754,0.21398231
87865,1.8857334,2.464947,0.32473406
87866,2.7114143,2.4173844,0.4557892
87867,1.2717702,2.2989936,0.3264537
87868,2.8688915,2.3441174,0.45535818
87869,1.8723253,2.4885426,0.35407957
87870,1.2720156,2.3569505,0.32136646
87871,2.7599409,2.2684073,0.26253504
87872,1.8659447,2.457233,0.22686896
87873,2.7642705,2.368755,0.47518593
87874,1.2783669,2.3210673,0.30474973
87875,2.861948,2.375769,0.40394568
87876,1.8450719,2.4638045,0.29835752
87877,1.2585708,2.350246,0.3173032
87878,2.8878813,2.3778381,0.3651412
87879,1.8590564,2.443026,0.28295434
87880,2.7232473,2.4064233,0.38457474
87881,1.2906733,2.3371544,0.30210182
87882,2.9666367,2.548484,0.21690297
87883,1.8592868,2.4098694,0.28727102
87884,1.285881,2.347123,0.36666432
87885,2.7780213,2.219742,0.20756194
87886,1.8450843,2.429267,0.26071313
87887,2.8091552,2.3200223,0.37119097
87888,1.2941402,2.3459914,0.35666835
87889,2.9331226,2.5136077,0.092124104
87890,1.8314241,2.4469142,0.29972023
87891,1.2522879,2.298216,0.29096863
87892,3.0142972,2.5856955,0.19535463
87893,1.8441262,2.4294376,0.28448147
87894,2.751234,2.3547964,0.43979952
87895,1.2428353,2.3518925,0.24952419
87896,2.8517036,2.4093502,0.32804337
87897,1.8251814,2.4253478,0.31770065
87898,1.2754362,2.3151608,0.27625486
87899,2.75202,2.2533216,0.25761256
87900,2.7707527,2.2937932,0.4268519
87901,1.2826794,2.316004,0.31373504
87902,2.7662594,2.2740083,0.18447807
87903,1.8082088,2.4114854,0.27826244
87904,1.29204,2.3358126,0.29949418
87905,2.7488701,2.2038355,0.21488167
87906,1.822035,2.4198208,0.28520805
87907,2.787632,2.3159287,0.3538626
87908,1.295262,2.3348904,0.3193999
87909,2.9203537,2.4810913,0.48691377
87910,1.8025626,2.4483042,0.32463285
87911,1.2561305,2.3630216,0.2454362
87912,2.9386342,2.4795136,0.4424297
87913,1.822311,2.3906722,0.29037225
87914,2.7290454,2.3598428,0.4232504
87915,1.2903278,2.3377604,0.29795644
87916,2.7530901,2.255361,0.2053304
87917,1.8294914,2.3802884,0.27373213
87918,1.2819209,2.3148475,0.31122127
87919,2.8378901,2.36705,0.42423618
87920,1.834211,2.4071004,0.29003638
87921,2.773753,2.332728,0.3896392
87922,1.3462666,2.250265,0.32257506
87923,1.8384446,2.4080164,0.28066644
87924,1.2851084,2.3492267,0.3164217
87925,2.948433,2.4477072,0.5749459
87926,1.8459451,2.419366,0.30047607
87927,2.7647426,2.346896,0.41980547
87928,1.2935904,2.334692,0.31942633
87929,2.956818,2.4987857,0.207571
87930,1.8452538,2.4276636,0.2650968
87931,1.2632866,2.3055806,0.27318183
87932,2.8546858,2.3879669,0.2692216
87933,1.8591536,2.395668,0.37876529
87934,2.7650106,2.3456256,0.44045365
87935,1.3099207,2.3295856,0.38559762
87936,2.7951992,2.1965122,0.24431752
87937,1.8548213,2.4415898,0.2830471
87938,1.2926513,2.34653,0.35729226
87939,2.850542,2.3917656,0.38824183
87940,1.872896,2.456098,0.31173095
87941,2.6905608,2.4258614,0.42491102
87942,1.384315,2.2034678,0.30384952
87943,2.859989,2.3382702,0.4016422
87944,1.8670036,2.4652572,0.29474467
87945,1.2817235,2.3203433,0.30487588
87946,2.8527079,2.3869314,0.15583941
87947,1.877485,2.443689,0.23597397
87948,2.7458348,2.355013,0.37623012
87949,1.2778238,2.3605707,0.33576506
87950,2.9351892,2.478173,0.5132463
87951,1.8651417,2.4772537,0.3434889
87952,1.3468628,2.2493234,0.24445401
87953,1.8489289,2.4490573,0.31268454
87954,2.74855,2.3550196,0.42070773
87955,1.2710346,2.33225,0.31567386
87956,2.9769406,2.5240593,0.52114904
87957,1.84168,2.4575946,0.2591047
87958,1.2550919,2.3523252,0.3042985
87959,2.847624,2.3699067,0.19090599
87960,1.8683574,2.4559731,0.28877681
87961,2.763944,2.345407,0.44156337
87962,1.2719927,2.3378384,0.32950363
87963,2.7953093,2.2805283,0.31083784
87964,1.8443826,2.4163597,0.26913098
87965,1.2795141,2.3494432,0.30215123
87966,1.8592596,2.4075215,0.30310622
87967,2.6993718,2.4021258,0.460553
87968,1.2778066,2.3329608,0.24600431
87969,1.8442986,2.4325962,0.2733539
87970,1.2837589,2.317717,0.31570226
87971,2.9442894,2.5382922,0.45070076
87972,1.8509383,2.4243014,0.32223743
87973,2.7039742,2.4076188,0.40381423
87974,1.2439616,2.3313513,0.30765557
87975,2.7706084,2.2829723,0.34295008
87976,1.8141564,2.4275737,0.29046318
87977,1.2818596,2.316143,0.30649737
87978,2.768751,2.2769306,0.3539128
87979,1.8131429,2.4029288,0.31049255
87980,2.7518387,2.3565807,0.4417247
87981,1.3675486,2.2505844,0.3068745
87982,2.878293,2.3748786,0.46849826
87983,1.835973,2.4040823,0.28121233
87984,1.2646747,2.303653,0.29328933
87985,2.912955,2.5041506,0.51225626
87986,1.8256582,2.4154549,0.31065094
87987,2.7105181,2.3878467,0.47214213
87988,1.2686635,2.3862503,0.26046002
87989,1.8351184,2.4347365,0.29138792
87990,1.2727938,2.3181152,0.26901707
87991,2.7878082,2.2773721,0.22612078
87992,1.8009387,2.4382188,0.3171709
87993,2.7747395,2.3255527,0.40221918
87994,1.286393,2.3398814,0.2818276
87995,2.7914906,2.2470136,0.38061026
87996,1.8450769,2.4279416,0.2785159
87997,1.3003197,2.3335726,0.33752286
87998,2.7957246,2.255614,0.25515178
87999,1.8214394,2.4569962,0.278261
88000,2.7957149,2.3323467,0.39740965
88001,1.2720553,2.3514998,0.27739763
88002,2.8623066,2.3720233,0.2733248
88003,1.8591695,2.4043403,0.30633378
88004,1.3846525,2.244063,0.3743344
88005,2.7624261,2.278233,0.20925488
88006,1.8614538,2.436107,0.31153142
88007,2.7422788,2.3435192,0.4530096
88008,1.2639247,2.3626556,0.28509894
88009,2.825982,2.376146,0.29934508
88010,1.8367279,2.4400592,0.30213284
88011,1.3035784,2.3298411,0.35940573
88012,2.7936666,2.291527,0.31793407
88013,1.8557048,2.446132,0.2978728
88014,2.740319,2.3439326,0.4577615
88015,1.2975963,2.3352327,0.3430125
88016,1.8354158,2.439974,0.3219742
88017,1.27587,2.3576527,0.3306
88018,2.76692,2.265201,0.269327
88019,1.8652852,2.4651778,0.3702578
88020,2.771019,2.2959206,0.42474106
88021,1.2763715,2.3729064,0.30413106
88022,2.8820164,2.4241176,0.2884525
88023,1.8755671,2.4921231,0.35241514
88024,1.292805,2.3326683,0.3212484
88025,2.864546,2.4138155,0.36314586
88026,1.8916711,2.4269376,0.27294606
88027,2.7731857,2.3519604,0.45557195
88028,1.2712008,2.3322423,0.3162603
88029,2.8342638,2.3599122,0.47343585
88030,1.8289202,2.3779695,0.28656575
88031,1.283489,2.3582075,0.3596907
88032,2.8462112,2.400179,0.22536784
88033,1.8446888,2.4550667,0.3076963
88034,2.805848,2.3117135,0.41946527
88035,1.2749885,2.3123379,0.27605492
88036,2.869013,2.4113345,0.3225243
88037,1.8656186,2.4164886,0.32363632
88038,1.278097,2.3439045,0.29145697
88039,2.7763498,2.2539911,0.23388381
88040,1.8718888,2.4559007,0.30576771
88041,2.7413657,2.3455462,0.43176916
88042,1.2982684,2.3383584,0.33161277
88043,1.8467242,2.48543,0.30296147
88044,1.2712501,2.3366296,0.32198253
88045,2.9456275,2.5073595,0.40606004
88046,1.8463101,2.4229507,0.27316517
88047,2.7233815,2.4071765,0.3982381
88048,1.2773877,2.32229,0.29259026
88049,2.8712523,2.4112828,0.31354168
88050,1.8314446,2.443061,0.26726785
88051,1.275566,2.3161137,0.27023324
88052,2.9480422,2.4661758,0.5719555
88053,1.8339267,2.4382815,0.29720962
88054,2.7560472,2.359793,0.46228164
88055,1.2707171,2.3295984,0.3155529
88056,2.8396769,2.4189854,0.0724722
88057,1.378435,2.2036352,0.30002475
88058,2.7568552,2.224507,0.13034134
88059,1.8380017,2.4329793,0.312523
88060,2.7370021,2.4294538,0.3566305
88061,1.2564433,2.3348105,0.2504385
88062,2.99062,2.5839727,0.32595712
88063,1.8110847,2.435285,0.28765863
88064,1.2691638,2.3369136,0.30735832
88065,2.8636284,2.3841708,0.4519876
88066,1.7988944,2.4235413,0.30487752
88067,2.7525904,2.3574967,0.42395195
88068,1.2876215,2.3400981,0.28380838
88069,2.7826917,2.2534719,0.31683114
88070,1.8222852,2.423227,0.29979834
88071,1.2623821,2.3236613,0.23230764
88072,2.8370051,2.2707887,0.3142804
88073,1.8010223,2.4202807,0.2956653
88074,2.7763283,2.3939471,0.43151805
88075,1.356043,2.2538357,0.2509109
88076,2.8901374,2.365948,0.47501808
88077,1.8243889,2.4520078,0.31273448
88078,1.2710295,2.3436444,0.22425789
88079,2.8449333,2.3995986,0.22948149
88080,1.8054116,2.4554095,0.28124124
88081,2.8181088,2.2667477,0.41483274
88082,1.2801739,2.335432,0.25518245
88083,2.8943758,2.4089227,0.3776711
88084,1.8312213,2.4426286,0.25112706
88085,2.8686855,2.400394,0.20027368
88086,1.5181947,2.3454258,0.47618374
88087,2.7249312,2.4071746,0.4116776
88088,1.2819792,2.3830647,0.16324952
88089,2.845029,2.401489,0.19163783
88090,1.8344524,2.4380488,0.2654066
88091,2.9250681,2.383075,0.40578583
88092,1.8473332,2.4593203,0.29822412
88093,2.7160146,2.4326377,0.35648024
88094,1.2604941,2.3251228,0.17121018
88095,2.8428652,2.395249,0.17403495
88096,1.8589791,2.4041138,0.29620913
88097,1.299568,2.3336768,0.20424464
88098,2.8137345,2.2778,0.33198527
88099,1.8441674,2.4539735,0.28282222
88100,2.7014399,2.4048212,0.46005163
88101,1.2661064,2.3681962,0.16662115
88102,3.0011616,2.5503075,0.2613698
88103,1.8816813,2.448159,0.28586057
88104,1.2648467,2.3351715,0.15508991
88105,1.8735313,2.4453232,0.31748247
88106,2.7431781,2.3469248,0.3875144
88107,1.2729396,2.3338354,0.1621796
88108,2.84717,2.3662968,0.21484335
88109,1.815332,2.3945088,0.27891162
88110,1.2771661,2.3614755,0.21425979
88111,2.9437113,2.528208,0.367319
88112,2.7660034,2.3771963,0.43173686
88113,1.3127477,2.3249507,0.2538762
88114,2.8679757,2.3965588,0.21168654
88115,1.8703266,2.4230347,0.3083077
88116,1.2982403,2.340323,0.24497415
88117,2.9674366,2.5015283,0.49568734
88118,1.8695179,2.4563246,0.30840406
88119,2.7643676,2.3689973,0.5044377
88120,1.2871362,2.3153868,0.18722242
88121,2.8512745,2.3555236,0.46750554
88122,1.8624212,2.4415364,0.32439092
88123,1.2872711,2.345099,0.19454828
88124,2.8306866,2.2713902,0.26739243
88125,1.8544877,2.4773138,0.2586798
88126,2.767504,2.3501425,0.39142698
88127,1.2672647,2.3511534,0.22714442
88128,1.8665062,2.412977,0.31097576
88129,1.2761043,2.388088,0.16349494
88130,2.8264022,2.3086424,0.2691142
88131,1.8557537,2.4446805,0.26129818
88132,2.7944202,2.2983289,0.38770714
88133,1.2550688,2.3636572,0.21550065
88134,2.8101065,2.2772975,0.3134699
88135,1.8460486,2.4251554,0.27766535
88136,1.2745415,2.3259976,0.1896775
88137,2.9003735,2.436885,0.27389747
88138,1.8427112,2.4274194,0.2548839
88139,2.7193902,2.3955855,0.44350946
88140,1.274606,2.3317955,0.19414778
88141,2.9172537,2.394188,0.31645572
88142,1.8123971,2.4356527,0.2855555
88143,1.3071237,2.326768,0.2413075
88144,1.8201673,2.4557614,0.27591324
88145,2.7548482,2.390826,0.4433302
88146,1.245831,2.3323383,0.05859129
88147,2.8026772,2.2659123,0.37979716
88148,1.8165729,2.4275405,0.22407682
88149,1.3127452,2.327211,0.25457218
88150,1.7987016,2.4234567,0.27821076
88151,2.7424705,2.3771293,0.4050926
88152,1.2887298,2.3431106,0.20543611
88153,2.8036375,2.2700121,0.34084672
88154,1.8335005,2.4357815,0.25123212
88155,1.2753028,2.35936,0.18576178
88156,2.8867764,2.3626804,0.48215872
88157,1.8335825,2.4071927,0.3362527
88158,2.7438717,2.3746426,0.45085272
88159,1.2857486,2.3529088,0.23427182
88160,2.8832142,2.3781102,0.35928681
88161,1.8286341,2.4150453,0.33051234
88162,1.2617016,2.3551672,0.19690016
88163,2.81863,2.2868435,0.27996042
88164,1.8206764,2.4238377,0.2669338
88165,2.7944314,2.2728646,0.3607761
88166,1.2626393,2.3786879,0.18546495
88167,2.889586,2.3440979,0.45026663
88168,1.85323,2.4119499,0.2841585
88169,1.2656503,2.3403196,0.19182213
88170,2.865989,2.3568716,0.23822667
88171,1.8464292,2.4237978,0.2744375
88172,2.7557874,2.328163,0.36580485
88173,1.2723099,2.3387268,0.2187116
88174,2.8462174,2.3648622,0.23161663
88175,1.8601656,2.4402947,0.30854365
88176,1.2723225,2.3388505,0.21571241
88177,2.9465017,2.4844084,0.50105643
88178,1.8474073,2.4286897,0.29381648
88179,2.7645185,2.3435113,0.38923743
88180,1.2752955,2.3375516,0.23278809
88181,2.9609714,2.4726982,0.5326148
88182,1.2545328,2.3899412,0.19998214
88183,2.763996,2.3751018,0.4167393
88184,1.2710731,2.3346758,0.2133109
88185,2.8275058,2.2382107,0.34536976
88186,1.8223088,2.4531333,0.32631466
88187,1.3522867,2.2716177,0.19840723
88188,2.8876266,2.3715336,0.4555007
88189,1.8601122,2.4742196,0.29660767
88190,2.7763379,2.3615048,0.44163397
88191,1.2451612,2.3628237,0.15461817
88192,2.844456,2.3800523,0.22848292
88193,1.8423653,2.467458,0.340701
88194,1.2276254,2.377207,0.20106503
88195,2.8674612,2.4005952,0.15655297
88196,1.7682408,2.103353,0.2453934
88197,2.7137697,2.4266422,0.39657477
88198,1.3426667,2.2744126,0.15277049
88199,2.8914177,2.4292355,0.3550816
88200,1.3145903,2.285839,0.15105961
88201,2.838657,2.2767267,0.3561927
88202,2.763452,2.3447077,0.42475685
88203,2.8993292,2.399531,0.40467542
88204,2.892254,2.4018152,0.21949534
88205,2.7557511,2.391735,0.43421924
88206,2.8496184,2.3966582,0.20139456
88207,2.8778117,2.4047751,0.1816006
88208,2.7363663,2.3904576,0.43987086
88209,2.8940792,2.4111035,0.1177866
88210,2.6728315,2.3878376,0.18275928
88211,3.5330114,2.3715947,1.1841502
88212,2.7942727,2.2895625,0.46303153
88213,2.8919117,2.3350604,0.095484905
88214,1.510005,2.5731182,0.31338593
88215,2.8314645,2.3382747,0.44164255
88216,2.6657662,2.3968143,0.46310794
88217,2.8678179,2.2808096,0.449099
88218,1.725489,2.261692,0.2890068
88219,2.6354682,2.4005568,0.5080136
88220,2.8332794,2.2867625,0.5079023
88221,1.7625577,2.221105,0.3007128
88222,1.4845066,2.4105167,0.58247817
88223,2.754238,2.3825588,0.5581052
88224,2.860277,2.3229506,0.4025429
88225,1.907212,2.454745,0.1623072
88226,2.6635969,2.4260387,0.6121432
88227,2.843554,2.301537,0.37795484
88228,1.8330058,2.351138,0.1861391
88229,1.3463651,2.7462223,0.620034
88230,2.6450722,2.4412448,0.54709464
88231,2.8645496,2.3309777,0.3141204
88232,1.7940896,2.4363625,0.32988492
88233,2.7546685,2.5598886,0.59290373
88234,2.8550687,2.249029,0.2948829
88235,1.9652998,2.3285863,0.59441745
88236,1.4353305,2.7569182,0.7125216
88237,2.7799149,2.5551503,0.51516503
88238,2.8300498,2.2875714,0.3018425
88239,3.0281549,2.6501315,0.48895663
88240,2.8147209,2.3034158,0.29348704
88241,1.9014527,2.4378479,0.3776809
88242,1.5612855,2.8142838,0.6334677
88243,3.0066624,2.6091924,0.550354
88244,2.766007,2.4400952,0.38287893
88245,1.943459,2.381071,0.48862132
88246,3.007216,2.5365787,0.52399236
88247,2.7157145,2.40896,0.2823565
88248,1.9858606,2.33997,0.45498115
88249,1.6342847,2.7792997,0.6150526
88250,2.7085292,2.4545662,0.3693291
88251,2.74148,2.4621327,-0.096369036
88252,1.9597605,2.4475017,0.46701398
88253,2.8068926,2.3251944,0.19445571
88254,2.6924994,2.5071359,0.08356081
88255,1.8302904,2.5074382,0.45088238
88256,1.6613191,3.3290107,0.4992468
88257,2.760662,2.1251624,0.55700153
88258,2.791515,2.5703857,0.22595757
88259,1.6758463,2.4279478,0.39410198
88260,2.699068,2.1078448,0.40139565
88261,2.6827533,2.4214418,0.010806031
88262,2.0978968,2.3847013,0.50930965
88263,2.1127582,2.8090832,0.8169612
88264,2.643595,2.0281663,0.36851925
88265,2.7200284,2.4240677,0.07999708
88266,2.505213,2.0435314,0.23656179
88267,2.7247763,2.4512234,0.15641639
88268,2.2776632,2.4535441,0.51912045
88269,1.924567,2.6044922,0.78220564
88270,2.4575942,2.0458996,0.3744287
88271,2.759607,2.4781644,0.15561572
88272,2.335605,2.2361634,0.47040957
88273,2.737796,2.519284,0.16905697
88274,2.0093126,2.5219884,0.6695597
88275,2.4377913,2.1740315,0.2903036
88276,2.7208025,2.4781775,0.27085337
88277,2.4983947,2.0826452,0.21824485
88278,2.7326767,2.4836485,0.085775465
88279,1.9753724,2.391915,0.642524
88280,2.5000234,2.1100109,0.2350918
88281,2.8903387,2.3027995,-0.05028372
88282,2.5497806,2.052389,0.24591754
88283,2.8622735,2.333834,0.044604365
88284,1.9452254,2.5590029,0.48479652
88285,2.881338,2.2774155,0.055758584
88286,2.4108484,2.3390326,0.6951227
88287,2.3994343,2.2457123,0.3418687
88288,2.8055162,2.3304582,-0.08814582
88289,2.396621,2.287259,0.61289334
88290,2.0494936,2.438173,0.633467
88291,2.3784945,2.3201458,0.33155116
88292,2.868558,2.1238048,-0.22049868
88293,2.3992984,2.290078,0.30604717
88294,2.7496026,2.3919132,0.14164838
88295,2.1235218,2.5376773,0.71021986
88296,2.3697815,2.3071904,0.19793795
88297,2.8247435,2.204883,-0.23965074
88298,2.229556,2.3311472,0.2971802
88299,2.7491732,2.1689875,-0.026764927
88300,2.3018992,2.332953,0.41887054
88301,2.1791308,2.4778407,0.7469137
88302,2.4468362,1.9128858,0.18599358
88303,2.7863486,2.1086764,0.30570498
88304,2.302309,2.2830899,0.45175022
88305,2.3877158,1.8873403,0.16811873
88306,2.796168,2.4440348,0.27004167
88307,2.4005036,2.4398487,0.4152617
88308,2.1273916,2.5332031,0.8129022
88309,2.3905616,1.845907,-0.016308213
88310,2.5112305,2.4462433,0.10736923
88311,2.2400188,2.470565,0.6033521
88312,2.432769,1.7308227,-0.021017585
88313,2.5141845,2.4478438,0.2482442
88314,2.163589,2.4866714,0.60245675
88315,2.1242864,2.4935646,0.7253696
88316,2.319274,1.9401481,0.087716244
88317,3.4194689,2.3045132,0.46245214
88318,2.2736936,2.2095277,0.5031628
88319,2.3979053,1.8484643,0.08200545
88320,3.530659,2.107237,0.8541156
88321,2.02206,2.3756995,0.40188596
88322,2.1280985,2.3302224,0.72569656
88323,3.436333,2.0881903,0.5617163
88324,2.2833807,2.3043494,0.3691249
88325,2.373524,1.8914093,0.21372253
88326,3.345162,2.3102968,1.1137514
88327,2.3505654,2.096679,0.41822344
88328,2.1522777,2.3296475,0.65256125
88329,2.3599637,1.912505,0.17366144
88330,2.192102,2.4267921,0.47665685
88331,2.359876,1.8774291,0.17031558
88332,2.7645733,2.0907402,0.40132692
88333,2.3521843,2.1822138,0.45132226
88334,2.280334,2.2137465,0.62504864
88335,2.3722515,1.8983175,0.18666305
88336,2.860592,1.9259332,0.36966792
88337,2.157642,2.5607271,0.15938781
88338,2.4425008,1.9873202,0.25322163
88339,2.7819054,1.9524202,0.20411643
88340,2.3531218,2.2207742,0.49045923
88341,2.263966,2.2602155,0.61732006
88342,2.3536208,1.9315817,0.22403277
88343,2.853255,2.0193071,0.057912786
88344,2.3127208,2.2486098,0.39273533
88345,2.3904123,1.9137692,0.29997694
88346,2.3825078,2.1416492,0.4948552
88347,2.2786303,2.2384415,0.6488249
88348,2.3613334,1.881522,0.21845374
88349,2.8742151,2.0509684,0.0027995883
88350,2.35752,2.1750338,0.5692809
88351,2.3744462,1.8972235,0.26954973
88352,2.8725724,2.0258732,0.045948334
88353,2.348596,2.2012296,0.5885453
88354,2.3493721,1.8991473,0.22723262
88355,2.866209,2.0016983,0.119970836
88356,2.3122654,2.3240137,0.3781467
88357,2.3789008,1.8992052,0.2744019
88358,2.8033311,2.025932,0.07886031
88359,2.351897,1.8985045,0.23482507
88360,2.955893,1.9547557,0.092124216
88361,2.4522436,2.123095,0.5803656
88362,2.361064,1.9178432,0.2118291
88363,2.9594553,2.0365648,-0.02879081
88364,2.3535132,2.3535964,0.4242468
88365,2.3321815,2.6274433,0.5690702
88366,2.40965,1.8345855,0.33443338
88367,2.909651,2.0179844,0.07450229
88368,2.472217,2.139793,0.53919286
88369,2.4655657,1.8231026,-0.10770994
88370,2.9354415,2.1046345,-0.008250851
88371,2.4580925,2.1944973,0.4353244
88372,2.2911158,2.3186195,0.6294847
88373,2.4503446,1.8351467,-0.067774035
88374,2.9834843,2.0442657,0.04785623
88375,2.395168,2.0940754,0.35366023
88376,2.3453863,1.9077675,0.07314152
88377,2.8391128,1.9770511,0.23936833
88378,2.8603084,2.0840473,0.9378852
88379,2.3708963,1.8890626,-0.0065283906
88380,2.8774621,1.9465275,0.07445408
88381,2.5999608,2.050766,0.5935272
88382,2.3724697,1.8538759,0.030350462
88383,2.797192,2.088283,0.29142034
88384,2.6567328,1.9421325,0.5741511
88385,2.3026342,1.8172745,0.09561602
88386,2.7392483,2.1186516,0.008739656
88387,2.5697627,1.9708053,0.5772641
88388,2.48724,1.7478245,-0.081905864
88389,2.7472672,2.113715,-0.03617823
88390,2.4839659,2.1647487,0.6934794
88391,3.1782837,1.982073,0.46622387
88392,2.5454605,1.972299,0.11044734
88393,2.6984258,2.1864452,-0.15511961
88394,2.7245784,1.9419672,0.48286635
88395,2.3738167,1.8992655,0.23843153
88396,2.6618345,2.0498135,0.7766433
88397,2.7767746,2.2307851,1.1201469
88398,2.3994217,1.8642553,-0.022695506
88399,2.7276502,2.1718314,-0.06876269
88400,2.4241855,1.8367579,0.09918922
88401,2.7595246,2.202145,0.07131507
88402,2.5450997,2.1619723,0.79246956
88403,2.6184719,1.9377544,0.9083109
88404,2.4171937,1.8021605,0.009187051
88405,2.5534503,2.0915735,0.88385844
88406,2.378943,1.8414631,0.084176525
88407,2.8347123,2.0848618,0.07043473
88408,2.5172486,2.1570942,0.93267787
88409,2.579462,2.0291283,0.98896784
88410,2.355757,1.8292499,0.035939712
88411,2.7833889,2.120016,-0.12834486
88412,2.5574343,2.1181955,0.7415017
88413,2.3829803,1.8604836,0.08793072
88414,2.7513463,2.2377133,-0.10453823
88415,2.6634345,2.0109923,0.95776623
88416,2.6942275,2.0044513,1.1550424
88417,2.383312,2.267789,0.2640615
88418,2.88159,2.0858727,0.06587489
88419,2.6862605,2.0298977,1.0096909
88420,2.4817028,2.0790563,0.007665006
88421,2.8807206,2.0314808,-0.048228614
88422,2.5954814,1.9512318,0.7842175
88423,2.655317,1.8745718,1.2678888
88424,2.6017482,1.9950984,0.11647308
88425,2.8629599,2.0654683,0.06346
88426,2.6414754,2.037495,0.960785
88427,2.8945336,2.040477,-0.057346582
88428,2.6067195,2.0011666,0.7901862
88429,2.5473313,2.0784678,1.1869317
88430,2.6332214,1.958331,0.09511012
88431,2.872507,1.9868832,0.08568054
88432,2.5792708,1.9793955,0.88178194
88433,2.6254766,1.9486388,0.10184117
88434,2.7887454,2.0912037,0.16976376
88435,2.5665302,1.9238104,0.7437822
88436,2.5677147,1.8848403,1.1710321
88437,2.612446,1.966608,0.11471359
88438,2.7625086,2.0826745,0.34152645
88439,2.5310974,1.9778076,0.8300928
88440,2.624863,1.9464859,0.042431477
88441,2.7693913,2.2227616,0.10596924
88442,2.5588067,1.8077767,0.8072157
88443,2.3546739,1.9006389,1.2418301
88444,2.6071424,1.9896255,0.019460455
88445,2.704559,1.9694114,0.15636541
88446,2.4449852,1.9295138,0.7161871
88447,2.6134253,1.9335454,0.15319997
88448,5.07282,3.2166328,2.315349
88449,2.3668222,1.8306007,0.82492137
88450,2.312152,1.7942462,1.0874512
88451,2.6021805,1.9471302,0.15571803
88452,2.4945853,1.9166236,-0.05951753
88453,2.3190663,1.7439996,0.7251212
88454,2.6259098,1.9449785,0.065439746
88455,2.2975016,1.6089499,0.10977255
88456,2.2915654,1.6910633,0.7037494
88457,2.2839773,1.8524139,1.132807
88458,2.6254218,1.9780761,0.0665158
88459,2.1637843,1.5580206,0.16423607
88460,2.2136848,1.6032962,0.7613083
88461,2.63795,1.9638822,0.1619042
88462,2.1573436,1.5532376,0.05673026
88463,2.231561,1.5334284,0.7604751
88464,2.337755,1.7129796,1.0800997
88465,2.6051667,1.9119004,0.19129135
88466,2.1427352,1.5235901,0.06948578
88467,2.4593933,1.7661989,0.13937716
88468,2.2011828,1.5756644,0.90520304
88469,2.3027825,1.483156,1.3743101
88470,2.3155878,1.5876287,0.05490318
88471,2.0515692,1.4505882,0.112416096
88472,2.2382169,1.500093,1.0695812
88473,1.75119,1.5213087,0.2449647
88474,2.1031995,1.3174661,0.15237314
88475,2.2352774,1.4899217,1.1249334
88476,2.1608691,1.5997635,1.4659514
88477,2.112734,1.1792169,0.022368737
88478,2.239777,1.4505836,0.8896593
88479,2.0353644,1.3309894,-0.069889784
88480,2.055898,1.3995488,0.12400643
88481,2.0791705,1.368196,0.831806
88482,2.0095334,1.629521,1.1511403
88483,2.0575082,1.3506199,-0.020376503
88484,2.3439238,1.8113251,0.101537675
88485,2.0421307,1.3621113,-0.02478751
88486,2.360106,1.6346363,-0.07419918
88487,1.8285073,1.3501122,0.902442
88488,1.4835738,1.4965549,1.4022416
88489,2.0340142,1.4384569,-0.0023796894
88490,2.2020977,1.45287,0.17709295
88491,1.584433,1.2773954,0.8613436
88492,2.0289419,1.3499501,-0.049069032
88493,1.7587125,1.3105414,-0.6408848
88494,1.5268565,1.4008251,0.8905375
88495,1.3926538,1.5215585,1.3736601
88496,2.0065873,1.21657,0.3071856
88497,1.4547948,1.3919051,0.9148849
88498,2.0767815,1.412747,0.29355058
88499,1.3787643,1.3223181,0.90965474
88500,1.9314722,1.3411549,1.0778342
88501,1.7772554,1.3331645,-0.055462196
88502,1.4245471,1.4528387,0.05239612
88503,1.6100626,1.1880047,0.63323843
88504,1.5667386,1.5459207,0.010452746
88505,1.1738036,1.2242295,0.87531906
88506,1.762063,1.1445254,1.0293286
88507,1.908334,1.3238103,0.10153213
88508,1.237247,1.4579173,0.18650568
88509,1.4453318,1.3559432,0.70024353
88510,1.8171815,1.4504601,0.12477909
88511,1.5767161,1.6095825,0.038663246
88512,1.503484,1.3385385,0.6881112
88513,1.4009744,1.4180691,0.19689701
88514,1.7339324,1.3873873,-0.05839723
88515,1.4496468,1.3888245,0.70516104
88516,1.4475446,1.2896522,0.1232681
88517,1.6969475,1.2366863,-0.066037714
88518,1.4258658,1.2910162,0.71939105
88519,1.633361,1.3073862,1.0398333
88520,1.6827923,1.4309351,0.024892196
88521,1.3639271,1.0704802,0.010520536
88522,1.4861498,1.2530216,0.7814834
88523,1.5803691,1.2667959,0.026336636
88524,1.3080184,1.5912287,-0.3658681
88525,1.4590948,1.4163206,0.8422804
88526,1.5306668,1.5769657,1.1539245
88527,1.7018632,0.94499725,0.042317502
88528,1.4520521,1.2980068,-0.38086146
88529,1.3555679,1.3288549,0.9635549
88530,1.5931407,1.275406,-0.03461772
88531,1.2994153,1.3726928,-0.1642843
88532,1.4317358,1.5985757,0.76638114
88533,1.5046192,1.69742,1.1479357
88534,1.404361,1.628169,-0.116577476
88535,1.413479,1.4399202,-0.2543957
88536,3.4223888,1.6781484,1.3901681
88537,1.3063889,1.4727846,0.16729158
88538,1.306707,1.3881083,-0.08117212
88539,1.3290536,1.537603,0.7559222
88540,1.5403814,1.54744,1.1049366
88541,1.4199218,1.7209754,-0.056414977
88542,1.3120351,1.3276573,-0.21361718
88543,1.3640747,1.5896645,0.78258157
88544,1.2022439,1.4580088,-0.075551994
88545,1.3751384,1.545126,-0.16164073
88546,1.1132044,0.78998876,0.43231747
88547,1.5454575,1.6192913,0.97711384
88548,1.3876163,1.6838104,-0.040522493
88549,1.4102037,1.535196,-0.14970338
88550,1.4431835,1.815712,0.68148476
88551,1.3822087,1.4771584,-0.059127286
88552,1.6715541,1.6935675,0.8572389
88553,1.3724798,1.7693776,-0.045725517
88554,1.4223448,1.562737,-0.1598689
88555,0.9103948,2.2157958,0.9379269
88556,1.39584,1.7183908,-0.15487124
88557,1.3809334,1.56504,-0.07174618
88558,0.7284025,1.1102184,0.6107848
88559,1.869,1.8168589,0.9916332
88560,1.4203641,1.7373092,0.043742105
88561,1.4127003,1.3210615,-0.25180364
88562,0.7882056,1.143073,0.46086824
88563,1.4192833,1.7211915,-0.016816601
88564,1.3543857,1.8071374,-0.23348483
88565,1.771578,1.5973297,0.6660123
88566,1.4443823,1.7302955,0.09804265
88567,1.4228141,1.897143,-0.46382046
88568,1.242636,1.6210093,0.5952527
88569,1.3953068,1.8478786,-0.3331015
88570,1.2590998,1.5971411,0.53683376
88571,1.6709678,1.3962051,0.79141873
88572,1.2982159,1.263306,-0.07353701
88573,1.3530186,1.6164644,-0.14512773
88574,1.2879487,1.6119773,0.635592
88575,1.5425376,1.653398,-0.1681601
88576,1.355749,1.6162546,-0.31073892
88577,0.45035213,2.8020332,1.8418877
88578,2.5858169,1.7112644,0.3507543
88579,1.4997741,1.5635784,-0.016022738
88580,1.341816,1.6385645,-0.27430373
88581,1.2544271,1.5061252,0.90211135
88582,1.4434565,1.4279112,-0.25017044
88583,1.2413442,1.6100857,0.4927413
88584,2.1051016,1.6912795,0.51348144
88585,1.2699252,1.2961496,0.12318995
88586,1.2189686,1.7855716,-0.21100569
88587,1.3953925,1.7133448,0.598132
88588,1.3515948,1.6181743,-0.13611767
88589,1.2607173,1.3417598,-0.47769016
88590,1.8601537,1.7418622,0.50505465
88591,0.9311937,1.0062461,-0.36752623
88592,1.2584715,1.6078504,-0.44052434
88593,0.43806154,2.7644527,1.8408942
88594,1.1599385,1.5343646,-0.35495222
88595,1.3709452,1.7034117,-0.18926555
88596,1.0323372,1.0272194,-0.6662464
88597,2.0148401,1.7436731,0.61017966
88598,1.2724633,1.2746334,-0.17683695
88599,1.2313424,1.6408482,-0.375761
88600,0.4402567,2.7391138,1.7706053
88601,1.1106243,1.4599969,-0.20823862
88602,1.4677008,1.8147492,-0.39140737
88603,1.5000685,1.904769,0.56082624
88604,0.84421074,2.8509133,1.6013763
88605,1.3658166,1.4587995,-0.28320196
88606,1.0406358,1.6074604,-0.33439216
88607,1.3192041,2.2183785,0.3555021
88608,1.2537093,1.8410721,-0.27124774
88609,0.49276274,2.8299453,1.7224884
88610,2.3652961,2.313598,0.45784706
88611,1.0004994,1.2065256,-0.13249618
88612,1.1506752,1.8091164,-0.73891544
88613,1.2427397,2.3297873,0.45287836
88614,1.2838385,2.0013154,-0.72324955
88615,1.4598647,2.018801,0.3071248
88616,2.3527858,2.2834094,0.5584039
88617,1.1665782,1.3257492,-0.27550432
88618,1.3625867,2.000893,-0.41699472
88619,1.6721164,2.0400374,0.3441304
88620,1.1609838,1.3256675,-0.36521184
88621,1.1125146,1.6678841,-0.5416178
88622,1.4324498,2.121236,0.63047814
88623,2.0195882,1.7877287,0.612569
88624,1.1376395,1.4052016,-0.044806436
88625,1.0964749,1.6036692,-0.15735732
88626,1.2956271,2.2305691,0.3858806
88627,1.1491551,1.462985,-0.18271889
88628,1.0711589,1.3952826,0.29535076
88629,1.2393731,1.9645412,0.54200137
88630,1.9787426,1.7542902,0.54799235
88631,1.0515848,1.409384,-0.12881514
88632,1.1481589,1.69037,-0.3934709
88633,1.0343125,1.0136719,-0.09237859
88634,1.0264311,1.3849052,-0.19777948
88635,1.1196215,1.6922,-0.30219507
88636,1.0788165,1.2744422,0.11870976
88637,2.033947,1.9637723,0.39887726
88638,1.133235,1.4393561,-0.2447373
88639,1.0524442,1.4819052,0.0068448037
88640,1.3382921,1.6899825,0.42197332
88641,1.2622719,1.4448916,-0.15862809
88642,1.0965794,1.4216586,-0.16537237
88643,2.1455817,2.0999377,0.6380207
88644,1.0916737,1.5077808,-0.30549803
88645,0.9784786,1.4455348,-0.3396652
88646,1.5842197,1.9662101,0.42493403
88647,1.0582788,1.567408,-0.33999902
88648,1.0285534,1.407666,-0.42116338
88649,1.1564765,1.4323711,0.27109167
88650,1.9451231,1.9277922,0.004714107
88651,1.0628185,1.6689483,-0.1085846
88652,1.0168254,1.3678302,-0.36541823
88653,1.570631,2.0470593,0.22173814
88654,1.0576645,1.6585768,-0.31591588
88655,0.9718465,1.5712278,-0.26807532
88656,1.7821763,2.2411482,0.22270414
88657,2.0494928,1.6814893,0.2714533
88658,1.1539059,1.5687375,-0.26066986
88659,1.0984453,1.5185404,-0.34170088
88660,1.8239803,2.2757556,-0.063926905
88661,1.124526,1.3592348,-0.23244964
88662,1.0279509,1.6647328,-0.27986312
88663,1.6472408,2.2312918,0.047983438
88664,2.0333009,1.7784892,0.321239
88665,1.1537503,1.4199216,-0.07545065
88666,1.0664507,1.7185915,-0.19106512
88667,0.90622777,1.1873541,-0.28666958
88668,0.80465466,1.3766696,-0.38595673
88669,1.356565,1.5813392,0.44998226
88670,2.0099657,1.9367471,0.2523544
88671,1.1500092,1.4232205,-0.2828149
88672,0.9718401,1.5710856,-0.18762404
88673,1.1579648,1.4353912,-0.14450869
88674,0.92565256,1.5100164,-0.3145141
88675,1.0618006,1.0377144,0.18494755
88676,2.1231463,1.5601941,0.26484138
88677,1.1096443,1.6095428,-0.17621489
88678,0.81293875,1.5188351,-0.5197437
88679,1.2383631,1.4551193,0.25931096
88680,1.2216622,1.3681917,-0.060733307
88681,1.0874817,1.7161129,-0.3126585
88682,1.5782415,2.009817,0.4161091
88683,2.2713366,2.172111,0.28351182
88684,1.1876795,1.6180166,-0.2153088
88685,1.089993,1.7535076,-0.34095055
88686,1.2869651,1.403213,0.31953928
88687,1.3691344,1.4557698,-0.32586536
88688,1.1845673,1.8057841,-0.47502896
88689,1.3669919,1.9627421,0.06393648
88690,2.1891756,1.9337778,0.2606399
88691,1.3780391,1.5207429,-0.21613045
88692,1.2491399,1.804264,-0.3483394
88693,1.3807276,1.1426381,0.056324046
88694,1.3078326,1.4907916,-0.26140344
88695,1.2134755,1.7567955,-0.30278286
88696,1.7618966,1.9080331,0.23235992
88697,2.566759,2.344731,-0.08349739
88698,1.3455889,1.4454536,-0.28119102
88699,1.1987016,1.7669673,-0.46490657
88700,1.7589847,2.0904844,0.14598253
88701,1.292595,1.6160867,-0.6411184
88702,1.2120196,1.7284863,-0.5302782
88703,1.5800284,1.7247047,0.24529716
88704,2.5154884,2.0330617,0.43370453
88705,1.219197,1.445595,-0.34203023
88706,1.2055383,1.7595068,-0.66938263
88707,1.6683925,1.8187835,0.4083947
88708,0.832989,1.6507041,0.10216821
88709,1.014073,1.3492844,0.02505524
88710,1.7094828,1.7074738,0.44625303
88711,2.2928283,1.5792466,0.19767737
88712,1.063635,1.5095718,-0.2029711
88713,1.3179022,1.7685611,-0.0851354
88714,1.8053634,2.0849636,0.37721604
88715,1.0729309,1.6154411,-0.08335532
88716,1.1169233,1.5909265,-0.53132474
88717,1.8138698,1.9377877,-0.07228685
88718,2.2907228,1.7792952,0.22178015
88719,1.0916922,1.6148667,-0.11008408
88720,1.095806,1.5351897,-0.37600768
88721,1.8867483,2.2479205,0.27868497
88722,1.3669837,1.4328418,-0.22412741
88723,1.0885459,1.5466262,-0.29689577
88724,1.7364111,1.5435327,0.28786558
88725,2.41358,1.7055663,0.19854848
88726,1.4356066,1.3830022,-0.1742397
88727,1.2134973,1.6400992,-0.13197824
88728,1.780784,1.898796,0.31892693
88729,1.435137,1.4364215,-0.27475736
88730,0.9193214,1.275511,-0.1691863
88731,1.8588984,2.3902957,0.20472145
88732,2.3685002,1.7543286,-0.27574548
88733,1.3214586,1.3510225,-0.1256734
88734,1.0480647,1.6922102,-0.11625317
88735,1.8105118,1.9115167,0.24669491
88736,1.3916113,1.3124855,-0.23209623
88737,1.1039283,1.7010365,-0.15999007
88738,1.7960285,1.9407082,0.09768436
88739,2.6895916,2.061416,-0.22086753
88740,1.3649155,1.321317,-0.25429538
88741,1.0845081,1.480591,-0.072201386
88742,1.8631119,1.7633361,0.16799244
88743,1.3862386,1.28723,-0.32755935
88744,1.2056817,1.214865,-0.08799437
88745,1.7995523,1.9733195,0.25541297
88746,2.6470733,2.1900232,0.013382489
88747,1.1556687,1.273101,-0.081031084
88748,1.2622435,1.6003779,-0.21128596
88749,1.9152948,1.8149589,0.1432424
88750,1.3235631,1.2134769,-0.3651007
88751,1.172934,1.3639994,0.055368256
88752,1.8486854,1.9559944,0.2236706
88753,2.5383644,2.1572056,-0.17225881
88754,1.2362504,1.072801,-0.013406476
88755,1.1996864,1.207403,0.048505515
88756,1.8723682,1.8753183,0.23290847
88757,1.1786321,1.0620291,-0.05698989
88758,1.2813079,1.4638885,-0.09091345
88759,1.771625,1.8823997,0.10984769
88760,2.4854524,1.8963195,-0.07511169
88761,1.2146612,1.0968934,-0.119026616
88762,1.3761497,1.3698002,0.10657153
88763,1.8500834,1.9660463,0.12285107
88764,1.2341019,1.2734218,0.17545249
88765,1.9887393,2.0438612,0.13951863
88766,2.4962113,2.2648988,0.20563433
88767,1.0492822,1.0189748,-0.026185814
88768,1.3194288,1.2431321,0.24618582
88769,2.0656438,1.8234243,0.10737065
88770,1.3242408,1.2412498,-0.2336966
88771,1.7630095,1.5386376,0.27885237
88772,1.7605802,1.8767439,0.17916512
88773,2.4241424,2.3133705,-0.0030816756
88774,1.3450413,1.3081498,-0.18423063
88775,1.4801499,1.4120009,0.010305969
88776,1.7482337,1.7619624,0.08670908
88777,1.3398869,1.2121462,-0.23266788
88778,1.5186733,1.458464,0.019801728
88779,2.062524,1.9830127,0.20316793
88780,2.6425078,2.0748825,0.23955669
88781,1.4022201,1.3793322,-0.060302332
88782,1.6097734,1.4434848,0.22965655
88783,1.8250169,2.0106976,0.120527886
88784,1.3637784,1.205392,-0.24902771
88785,1.4567816,1.4363276,0.08766142
88786,1.9216442,2.0883036,0.0208996
88787,2.5776148,2.0160172,0.1918197
88788,1.4112628,1.2183233,-0.20724761
88789,1.481526,1.5407748,0.10184323
88790,1.9469823,1.8473983,0.29352695
88791,1.2625282,1.4014082,-0.24938038
88792,1.3978777,1.462785,0.06538495
88793,1.8347934,1.7286628,0.29143772
88794,2.617221,2.252308,0.37391192
88795,1.0522542,1.2427127,0.011681984
88796,1.4078662,1.6531049,0.06924804
88797,1.9900837,1.503439,-0.09587032
88798,1.1182464,1.209715,-0.06761062
88799,1.540037,1.5057722,0.08765641
88800,1.9680271,1.7237324,0.055840246
88801,2.3090758,1.8932419,-0.0022926836
88802,1.1487206,1.2354059,-0.10755366
88803,1.4160498,1.6183985,-0.10828132
88804,1.8973986,1.7754794,0.1328506
88805,1.0276868,1.3434821,0.063987166
88806,1.4052627,1.4041083,0.069091074
88807,1.9809762,1.6907672,0.111574285
88808,2.4157398,1.8741428,0.1662528
88809,1.1304247,1.2120199,-0.07329804
88810,1.3836514,1.5457097,-0.05805711
88811,1.9326404,1.7165362,0.15366757
88812,1.0378577,1.3381956,0.0067840368
88813,1.1863065,1.5291754,-0.09447824
88814,1.9279193,1.9240311,0.17484188
88815,2.458552,1.8038778,0.10867768
88816,1.2548901,1.3870821,0.15298074
88817,1.9728993,1.7909521,0.066122085
88818,1.1691474,1.2715738,-0.04626477
88819,1.3585137,1.2226552,-0.037209596
88820,1.9240589,1.7986734,0.17543009
88821,2.4344501,1.7610476,0.057187017
88822,1.1266167,1.5737224,-0.08032033
88823,1.36953,1.1439669,0.10266004
88824,2.2092552,1.3609151,0.093069
88825,0.9502387,1.5865101,-0.08014065
88826,1.4879851,1.1653715,0.040779404
88827,1.9700017,1.6912838,0.1367495
88828,2.273672,1.997445,0.07697237
88829,1.1820995,1.5920202,-0.23747788
88830,1.239619,1.4570758,0.023744887
88831,2.086808,1.4999468,0.13707203
88832,1.232449,1.6153911,-0.12116201
88833,1.2646886,1.2831273,0.092458785
88834,1.9759878,1.5566685,0.13639633
88835,2.238144,2.057448,-0.03631095
88836,1.1817746,1.661024,-0.115323655
88837,0.3268626,1.3120253,0.71654654
88838,2.1420226,1.384793,-0.021376748
88839,1.1757205,1.6346676,-0.20735258
88840,2.1918726,1.3191396,-0.047545742
88841,2.195253,2.0295775,0.091528684
88842,1.2947574,1.4395926,-0.19564882
88843,1.2671139,1.2526715,-0.004465945
88844,1.9370643,1.6205469,0.017739674
88845,1.149693,1.1905789,-0.13764472
88846,1.2028512,1.2371019,-0.112908974
88847,1.8839244,1.5187645,0.055869628
88848,2.0756612,2.082645,-0.13096893
88849,1.0897404,1.2293569,-0.11610572
88850,1.1656654,1.180404,-0.35774416
88851,1.8301847,1.3666159,-0.08309412
88852,1.2005929,1.1502267,-0.17685385
88853,1.2807341,1.2649643,0.26823115
88854,1.742558,1.4813999,0.08743185
88855,2.2976842,1.930396,-0.055880263
88856,1.219631,1.1717929,-0.11321976
88857,1.5723842,1.3853614,0.253077
88858,1.2932702,0.9538252,-0.24743403
88859,1.2430804,1.1108582,-0.2519691
88860,2.209968,1.3278748,0.0306063
88861,2.0893233,1.9874626,-0.030495265
88862,0.22888891,1.9370385,1.4813957
88863,1.196054,1.1207527,-0.2127488
88864,2.0815203,1.2846488,0.06704881
88865,1.4810344,1.2536285,0.20369673
88866,1.3640692,1.2743188,-0.14539711
88867,2.196061,2.0438504,-0.004541686
88868,1.4938791,0.8794984,0.1350727
88869,1.2895534,1.1410761,0.07102609
88870,2.0108685,1.3469977,0.08491732
88871,1.6281,0.64877087,-0.788628
88872,1.2043245,1.1407852,-0.10148516
88873,2.0538962,1.3297969,-0.177919
88874,2.3181336,1.8626134,-0.084420584
88875,1.4890137,1.1464627,-0.34465122
88876,1.1454977,1.3034607,0.029566327
88877,1.2800808,1.4268528,0.48071548
88878,1.3071339,0.9355224,0.09979288
88879,1.1591439,1.1890098,-0.095471054
88880,1.3806927,1.4232639,0.45188105
88881,2.2722967,1.8912866,-0.13084802
88882,1.6562202,1.5397832,-0.61486757
88883,1.1514071,1.2074819,-0.05155588
88884,1.521753,1.3923862,0.35394916
88885,0.5644282,1.6293756,1.5083514
88886,1.1509566,1.271755,-0.04238759
88887,2.1119158,1.2638186,-0.02000321
88888,2.209454,2.1156623,0.21602832
88889,1.5991691,1.096264,-0.4415592
88890,1.1526845,1.2334265,-0.16268824
88891,1.4912862,0.80539185,-0.42840728
88892,1.2595185,0.7220135,0.033342354
88893,1.8665928,1.68245,0.028472131
88894,2.251362,1.8749616,0.13170692
88895,1.6177013,1.2923805,0.8227973
88896,1.2389151,0.8231827,0.09237575
88897,1.3045882,1.0723636,-0.49146432
88898,1.2232567,0.78028196,0.041958362
88899,2.1925662,1.9251045,0.02350843
88900,1.5060053,1.28576,-0.25680903
88901,1.0876166,0.9487108,0.09008554
88902,1.6634614,1.4965469,0.32293263
88903,1.3811563,1.0628157,-0.32403538
88904,1.5294317,1.4973189,0.37274092
88905,1.3427856,1.1077873,-0.42972952
88906,1.9525092,1.3885326,0.004383266
88907,1.3296944,1.0964935,-0.20758818
88908,1.3317753,0.7552764,-0.15051635
88909,2.078457,1.2718649,-0.024163807
88910,1.3474109,1.0756917,-0.10478662
88911,1.4789672,1.280129,0.15105516
88912,1.3696053,1.1516016,-0.33520043
88913,1.3117508,0.78434014,-0.07725735
88914,1.5432333,1.3937113,0.19483423
88915,2.1664546,1.9319907,0.016904265
88916,1.4170041,1.2000431,-0.19000992
88917,1.1844679,0.86762285,0.05317108
88918,1.9034504,1.4965703,-0.050263867
88919,1.3844192,1.1399883,-0.27394545
88920,1.947652,1.4321735,0.05313303
88921,2.186963,1.8676356,0.14414807
88922,1.3176631,1.1261327,-0.4536997
88923,1.1874603,0.75724894,0.04590087
88924,1.4287062,1.4089459,0.29669958
88925,1.3113737,1.158547,-0.34111255
88926,1.8642515,1.4685091,0.081129186
88927,1.2717177,1.026578,-0.5685663
88928,1.3272564,0.7891254,-0.008351779
88929,0.6164716,1.5179332,0.9065034
88930,1.3367865,0.9690795,0.18572187
88931,1.2197739,0.99425244,0.19741838
88932,1.7528021,1.3491108,-0.061723065
88933,1.3240218,1.0076511,0.11850469
88934,1.2145469,0.7086638,-0.035234246
88935,0.52109545,1.4592302,0.94376683
88936,1.3400098,1.1087093,-0.3650065
88937,1.215981,0.72620404,0.072079726
88938,1.7730368,1.2634882,-0.120192155
88939,2.088428,1.7987043,0.23994741
88940,1.0895427,0.9275205,0.13438192
88941,1.5348318,1.304592,0.07803683
88942,1.2563927,0.9861287,-0.38200733
88943,1.4495671,0.7138161,-0.27329126
88944,1.6157048,1.6428057,0.14490822
88945,1.9959437,1.750948,0.25657165
88946,1.5700198,1.2246957,0.69517386
88947,1.4476659,0.7342715,-0.22367004
88948,1.7817897,1.2614185,-0.16552241
88949,1.5094637,1.227485,0.12421526
88950,1.3814374,0.6877844,-0.525188
88951,1.8355143,1.2703872,-0.10720046
88952,1.9803665,2.1765394,-0.023170464
88953,1.3742542,1.1401526,-0.3818383
88954,1.5376439,0.8309745,0.0037397724
88955,1.9089346,1.1833811,-0.19531775
88956,1.3316883,1.1253499,-0.39295185
88957,1.4470036,0.71803737,-0.3320365
88958,1.8818208,1.2733749,-0.2378892
88959,2.0331175,1.6879675,0.31155568
88960,1.2641289,1.0834997,-0.55817306
88961,1.4353342,0.6951782,-0.5010493
88962,1.7554379,1.5601549,-0.11072943
88963,1.3512615,1.1319247,-0.5001744
88964,1.3600988,0.97289634,0.08161467
88965,1.7717721,1.4829051,0.06254347
88966,2.0589557,1.7387185,0.27913523
88967,1.3712113,1.1898117,-0.34607723
88968,1.4979101,0.7113745,-0.18493359
88969,1.9576671,1.237436,-0.11321165
88970,1.3409863,1.1119295,-0.35154915
88971,1.2449644,0.80323696,0.03825946
88972,1.9557588,1.380977,0.040173166
88973,2.0979815,1.8111037,0.44739938
88974,1.326404,1.0493122,-0.42612138
88975,1.2809,0.8152169,0.1251872
88976,1.9400929,1.4211347,0.0020562448
88977,1.4720713,1.1849562,0.106938526
88978,1.2162976,0.7825919,-0.016935583
88979,1.9217108,1.4231949,0.015712
88980,2.1103132,1.6952043,0.490899
88981,1.3450876,1.1031588,-0.34372282
88982,1.2033252,0.74817723,0.00027857325
88983,1.5717256,1.4944338,0.16097298
88984,1.3186663,1.1101314,-0.42106792
88985,1.1676829,0.75891966,-0.07410131
88986,1.328396,1.4236218,0.16170016
88987,2.112741,1.6736143,0.5213533
88988,1.579994,1.2223945,0.5378071
88989,1.246717,0.89828396,0.31624162
88990,1.0421206,2.2236562,-0.7350739
88991,1.5663766,1.2699164,0.37110648
88992,1.3441263,0.98460466,0.031629965
88993,1.3067961,1.3972499,0.47944653
88994,2.0890274,1.6819212,0.4539028
88995,1.3730111,1.1212245,-0.25738686
88996,1.4019514,1.1754173,0.0017049963
88997,1.3771662,1.1261903,-0.22289842
88998,1.4251758,1.1882237,-0.21769656
88999,2.0894892,1.6345034,0.3984464
89000,1.4145477,1.2026777,-0.30609393
89001,1.4014162,1.4760493,-0.15252209
89002,1.3216178,1.1019785,-0.35692874
89003,1.2599366,1.6024529,0.10594744
89004,1.440359,1.8661389,0.03638819
89005,2.0509014,1.7070411,0.44728276
89006,1.3238888,1.0672102,-0.33499277
89007,1.498336,1.6013902,-0.23591578
89008,1.9525561,1.3630857,-0.07042173
89009,1.3718091,1.0096449,-0.86248636
89010,1.3478189,1.5538713,-0.13764355
89011,1.4324409,1.6273667,0.4160964
89012,1.9801023,1.5170362,0.42036912
89013,1.3304799,1.1262151,-0.5086855
89014,1.3623894,1.5288146,-0.16383158
89015,1.8671008,1.269937,-0.21097791
89016,1.2493516,0.9884977,-0.603767
89017,1.3938808,1.508264,-0.21642207
89018,1.1743279,1.3808224,0.7774592
89019,0.8177835,2.8268137,1.603101
89020,0.528624,1.5570991,1.4342344
89021,1.2180059,1.5577407,-0.32560962
89022,1.788487,1.2843442,0.4605632
89023,0.5826276,1.6235036,1.4531503
89024,1.2733697,1.6131692,-0.26091394
89025,1.6687543,1.2477479,0.4514285
89026,2.2277758,1.7470152,0.26092994
89027,1.2294806,1.0781919,-0.32949266
89028,1.4776593,1.29561,-0.45406368
89029,1.6908654,1.1385334,0.3033807
89030,1.4588314,1.1467696,-0.032908168
89031,1.3699787,1.3100164,-0.100316405
89032,1.3157283,1.7650136,0.2759725
89033,2.111722,1.7992474,0.5324398
89034,1.2267394,1.185992,-0.07494824
89035,1.6062816,1.3279132,0.38279268
89036,1.543035,1.3473958,-0.029226495
89037,1.4040483,1.0931469,-0.023571912
89038,1.5835009,1.5081018,0.52437156
89039,2.1204164,1.8083687,0.45321286
89040,1.5898472,1.2685736,0.18647937
89041,1.3361181,1.1179962,0.017006755
89042,1.7300992,1.4769732,0.13632342
89043,1.5864791,1.4587462,0.0085693
89044,0.42515153,2.941835,1.9353666
89045,1.9778135,1.4987081,0.6314687
89046,1.6672502,1.4874508,0.2356544
89047,1.3655682,1.186322,-0.03573055
89048,1.7109935,1.502844,0.46501485
89049,1.2985725,1.1496627,-0.05326555
89050,1.0150366,0.97240514,0.3709642
89051,2.105317,1.758002,0.63311946
89052,1.6590849,1.4054903,0.108940385
89053,1.3105395,1.1749628,-0.0778094
89054,1.497898,1.5096921,0.53829473
89055,1.6753126,1.3160205,-0.11095915
89056,1.4718467,1.4840263,-0.07937935
89057,1.4670072,1.5606797,0.56522095
89058,1.5038445,1.1493177,0.31102875
89059,1.6534733,1.2320371,0.015649801
89060,1.5835768,1.446685,0.01646684
89061,1.6750985,1.7091641,-0.059700206
89062,0.42815873,2.849408,1.881694
89063,1.9435959,1.7296411,0.6406527
89064,1.8071438,1.3226457,-0.050849598
89065,1.8350213,1.858145,0.13465068
89066,1.3211286,1.5128895,0.7553438
89067,1.7902347,1.2635087,0.08547381
89068,1.7156167,1.6695973,0.044994373
89069,1.5278804,1.841962,0.53111666
89070,1.8566506,1.8160797,0.8450628
89071,1.6218774,1.4842623,-0.080765195
89072,1.8342512,2.1432245,0.0809593
89073,1.6102133,1.5479563,0.22422712
89074,1.8377808,2.0496116,0.06980826
89075,1.6135185,1.834579,0.6860405
89076,1.658035,1.3778752,0.9654026
89077,1.5931975,1.3403527,0.06457018
89078,1.7183281,1.5821377,0.14407888
89079,1.5427988,1.8007923,0.5679191
89080,1.6914612,1.3850784,0.16228968
89081,1.621801,1.6893983,0.6480644
89082,2.0686326,2.1581974,1.1608258
89083,1.6393092,1.4404001,0.15537281
89084,1.8575116,1.8282208,0.19090419
89085,1.5464377,1.6975137,0.7979349
89086,1.5772681,1.51596,0.14981242
89087,1.7061083,1.5837228,0.10129891
89088,1.564712,1.8350743,0.7001038
89089,1.6587083,1.4544039,1.1343433
89090,1.5656335,1.5384486,0.14346138
89091,1.792877,1.6841425,0.10514603
89092,1.5760615,1.6237003,0.88077784
89093,1.5894815,1.5723757,0.072642535
89094,1.6765712,1.5549668,0.10890681
89095,1.6085609,1.7747824,0.87412244
89096,1.8378786,2.0302405,1.3261832
89097,1.4964678,1.7522649,0.14385116
89098,1.7008826,1.6028553,0.85119957
89099,1.6181923,1.636181,0.19170122
89100,1.7248793,1.6831994,0.9302591
89101,1.504406,1.5304558,1.4071255
89102,1.6478375,1.5798739,0.11850778
89103,1.7078601,1.5601497,0.122214146
89104,1.76344,1.7394578,0.9025335
89105,1.600051,1.6081058,0.121847026
89106,1.6919765,1.5451466,0.08451053
89107,1.5298404,1.5697235,1.0043483
89108,1.4688157,1.5923878,1.4791356
89109,1.6470516,1.5643945,0.04240179
89110,1.792574,1.8104212,0.9366696
89111,1.6074381,1.6427692,0.30763572
89112,1.6749114,1.5891508,0.05389763
89113,1.8897984,1.8571408,1.2627789
89114,1.4661843,1.5926512,1.4303929
89115,1.5908118,1.6429822,0.3906232
89116,1.796322,1.7670845,0.17765097
89117,1.7901492,1.828894,0.9674919
89118,1.6403706,1.803428,0.18330286
89119,1.6649247,1.5873638,-0.012303438
89120,1.780297,1.8373319,0.86839396
89121,1.4860651,1.5904801,1.4227871
89122,1.7757554,1.983639,0.1212102
89123,1.7223067,1.637833,0.064683944
89124,1.8067235,1.8118469,0.8880443
89125,1.5527049,1.4520149,0.48616767
89126,1.8170949,1.751856,0.22914197
89127,1.8514687,1.7618753,0.96745896
89128,1.5835608,1.5779552,1.3961194
89129,1.871013,1.8879044,0.24905315
89130,1.8118011,1.7513056,0.30610108
89131,1.8709455,1.8816348,0.34341255
89132,1.7210004,1.6872247,-0.0100473305
89133,1.8804513,1.6300117,0.904864
89134,1.712921,1.5193677,1.315731
89135,1.894792,1.928316,0.33796933
89136,1.6460861,1.6692498,0.05366154
89137,1.9223576,1.7200589,0.8528635
89138,1.930779,1.2279793,0.67876625
89139,1.707721,1.5869347,0.16379184
89140,1.9965789,1.7717708,0.96520615
89141,1.8211759,1.5137968,1.2361623
89142,1.7817317,1.7341604,0.2932459
89143,2.2283618,2.064414,0.27973875
89144,2.0240748,1.7352766,0.8112956
89145,1.8669704,1.8541181,0.40191346
89146,2.4340196,1.9391536,0.22838166
89147,2.0296915,1.8216168,0.843708
89148,1.8614362,1.8821464,0.33968595
89149,2.5931375,2.0340116,0.27393067
89150,2.1243644,1.8226746,0.8176282
89151,1.9009337,1.9135587,0.3340804
89152,2.4930668,1.8138627,-0.06170137
89153,2.1966195,1.9398056,0.784827
89154,2.0780401,1.6482728,1.1820405
89155,2.0884752,1.7904326,0.29593977
89156,2.5343766,1.8146268,0.1265183
89157,2.543796,1.7227534,0.77945626
89158,2.0431297,1.4111218,0.29427975
89159,2.520451,1.7782303,0.17358701
89160,2.4066384,1.9005761,0.8399309
89161,2.2154126,1.7088965,1.2275935
89162,2.2655904,1.818618,0.2188297
89163,2.5469792,1.8326128,0.22970614
89164,2.4977224,1.8482556,0.59432065
89165,2.3614595,1.9551088,0.061158624
89166,2.4815764,1.7880929,0.030131925
89167,2.548673,2.0210712,0.82692224
89168,2.503236,1.9621145,1.3032056
89169,2.4433076,1.6942947,0.033547707
89170,2.7544146,1.9942918,-0.0037446432
89171,2.5159981,2.0968735,0.27427956
89172,2.7050204,1.8499182,0.8381868
89173,2.6068263,1.7391691,1.3658248
89174,2.8536284,2.1625824,-0.001318756
89175,2.517206,2.031072,0.027193781
89176,2.7927883,1.8461605,0.8918443
89177,2.892392,2.0506067,-0.051356036
89178,2.6615262,2.0638757,0.22989912
89179,2.785813,1.8977907,0.9124825
89180,2.8962796,1.8393905,1.3631654
89181,2.9437277,2.0956776,-0.06686647
89182,2.864906,1.970164,0.19704391
89183,3.053748,1.9253978,0.80365384
89184,2.8961408,2.2154467,-0.08047691
89185,3.2597213,2.3644192,0.6209925
89186,3.152811,1.8849308,1.34126
89187,3.5150523,1.8951721,0.40328565
89188,3.2604494,2.0057971,0.9001134
89189,3.4085155,1.9667523,0.15161659
89190,3.3597019,2.0656452,0.7759162
89191,3.1860795,1.8759661,1.3105068
89192,3.584555,1.8004354,0.2815402
89193,3.3656402,2.063693,0.8220649
89194,3.2969196,1.5370446,-0.10090159
89195,3.5870066,1.8075573,0.15266281
89196,3.4701405,2.0352502,0.8815034
89197,3.2793431,2.1315506,1.3667802
89198,3.2366397,1.7428759,0.08123375
89199,3.6485806,1.8569331,0.27495542
89200,3.6118548,2.0128925,0.86186767
89201,3.6866117,1.7165213,-0.07757365
89202,3.587884,2.0505574,0.78316283
89203,3.6157424,2.2631943,1.3478016
89204,3.8570695,1.7334824,0.26725015
89205,3.512448,1.8649609,0.06959395
89206,4.249215,2.0066378,0.96871334
89207,3.9724631,1.8684822,0.36069253
89208,3.4534898,1.8552371,0.12913853
89209,4.3567467,2.0581796,1.1777792
89210,3.666775,1.968365,1.3241578
89211,3.9767373,2.1412692,0.5350098
89212,3.3794544,1.8223649,0.24354848
89213,4.4750996,2.0608637,1.0871826
89214,3.993759,1.9865935,0.41542917
