,TMIN,SNOW,TMAX,PRCP,SNWD
9627,0.7227722772277227,0.0,0.6880733944954128,0.0,0.0
9628,0.5742574257425743,0.0,0.6513761467889908,0.0,0.0
9629,0.5841584158415842,0.0,0.743119266055046,0.002506265664160401,0.0
9630,0.7920792079207921,0.0,0.743119266055046,0.005012531328320802,0.0
9631,0.8118811881188118,0.0,0.706422018348624,0.03007518796992481,0.0
9632,0.7920792079207921,0.0,0.6880733944954128,0.10776942355889724,0.0
9633,0.7029702970297029,0.0,0.6880733944954128,0.017543859649122806,0.0
9634,0.6435643564356436,0.0,0.6055045871559633,0.0,0.0
9635,0.6138613861386139,0.0,0.6605504587155964,0.0,0.0
9636,0.7029702970297029,0.0,0.7889908256880734,0.0,0.0
9637,0.7524752475247525,0.0,0.743119266055046,0.017543859649122806,0.0
9638,0.6435643564356436,0.0,0.706422018348624,0.0,0.0
9639,0.6138613861386139,0.0,0.6697247706422019,0.0,0.0
9640,0.6435643564356436,0.0,0.6605504587155964,0.0,0.0
9641,0.6534653465346534,0.0,0.6605504587155964,0.0,0.0
9642,0.6435643564356436,0.0,0.706422018348624,0.0,0.0
9643,0.6237623762376238,0.0,0.7247706422018348,0.0,0.0
9644,0.7227722772277227,0.0,0.743119266055046,0.0,0.0
9645,0.7425742574257426,0.0,0.7247706422018348,0.005012531328320802,0.0
9646,0.7821782178217822,0.0,0.7614678899082569,0.0,0.0
9647,0.7920792079207921,0.0,0.7247706422018348,0.12030075187969924,0.0
9648,0.7524752475247525,0.0,0.7339449541284404,0.002506265664160401,0.0
9649,0.7128712871287128,0.0,0.6880733944954128,0.0,0.0
9650,0.7227722772277227,0.0,0.7339449541284404,0.0,0.0
9651,0.6336633663366337,0.0,0.779816513761468,0.0,0.0
9652,0.7425742574257426,0.0,0.7981651376146789,0.0,0.0
9653,0.693069306930693,0.0,0.8256880733944955,0.0,0.0
9654,0.7227722772277227,0.0,0.8623853211009175,0.0,0.0
9655,0.7227722772277227,0.0,0.8715596330275229,0.0,0.0
9656,0.7722772277227723,0.0,0.8990825688073395,0.0,0.0
9657,0.7920792079207921,0.0,0.8715596330275229,0.0,0.0
9658,0.8613861386138614,0.0,0.889908256880734,0.005012531328320802,0.0
9659,0.7524752475247525,0.0,0.8990825688073395,0.0,0.0
9660,0.7722772277227723,0.0,0.8807339449541285,0.0,0.0
9661,0.8316831683168316,0.0,0.8990825688073395,0.0,0.0
9662,0.8613861386138614,0.0,0.889908256880734,0.0,0.0
9663,0.8514851485148515,0.0,0.8256880733944955,0.14285714285714285,0.0
9664,0.693069306930693,0.0,0.779816513761468,0.0,0.0
9665,0.7920792079207921,0.0,0.8623853211009175,0.0,0.0
9666,0.8613861386138614,0.0,0.81651376146789,0.14536340852130325,0.0
9667,0.7722772277227723,0.0,0.7522935779816514,0.0,0.0
9668,0.801980198019802,0.0,0.7155963302752294,0.0,0.0
9669,0.8316831683168316,0.0,0.7981651376146789,0.0,0.0
9670,0.7524752475247525,0.0,0.81651376146789,0.0,0.0
9671,0.7821782178217822,0.0,0.7522935779816514,0.03258145363408521,0.0
9672,0.8910891089108911,0.0,0.7614678899082569,0.23057644110275688,0.0
9673,0.7722772277227723,0.0,0.8348623853211009,0.0,0.0
9674,0.8316831683168316,0.0,0.8623853211009175,0.0,0.0
9675,0.8910891089108911,0.0,0.81651376146789,0.0,0.0
9676,0.7920792079207921,0.0,0.8256880733944955,0.0,0.0
9677,0.7524752475247525,0.0,0.7889908256880734,0.07518796992481203,0.0
9678,,0.0,0.7522935779816514,0.06766917293233082,0.0
9679,0.7425742574257426,0.0,0.7889908256880734,0.06516290726817042,0.0
9680,0.7425742574257426,0.0,0.779816513761468,0.0,0.0
9681,0.7722772277227723,0.0,0.7981651376146789,0.0,0.0
9682,0.7524752475247525,0.0,0.8256880733944955,0.0,0.0
9683,0.7623762376237624,0.0,0.8440366972477065,0.0,0.0
9684,0.7524752475247525,0.0,0.853211009174312,0.020050125313283207,0.0
9685,0.7722772277227723,0.0,0.8256880733944955,0.002506265664160401,0.0
9686,0.7623762376237624,0.0,0.81651376146789,0.0,0.0
9687,0.8514851485148515,0.0,0.8807339449541285,0.0,0.0
9688,0.8811881188118812,0.0,0.8990825688073395,0.0,0.0
9689,0.7920792079207921,0.0,0.8440366972477065,0.0,0.0
9690,0.7326732673267327,0.0,0.8073394495412844,0.0,0.0
9691,,0.0,0.8990825688073395,0.0,0.0
9692,0.8910891089108911,0.0,0.908256880733945,0.0,0.0
9693,0.8316831683168316,0.0,0.8073394495412844,0.020050125313283207,0.0
9694,0.7524752475247525,0.0,0.779816513761468,0.002506265664160401,0.0
9695,,0.0,0.8348623853211009,0.0,0.0
9696,,0.0,0.853211009174312,0.0,0.0
9697,,0.0,0.8623853211009175,0.0,0.0
9698,,0.0,0.8256880733944955,0.3258145363408521,0.0
9699,,0.0,0.779816513761468,0.010025062656641603,0.0
9700,0.8910891089108911,0.0,0.853211009174312,0.07017543859649122,0.0
9701,0.9207920792079208,0.0,0.8348623853211009,0.0,0.0
9702,0.8415841584158416,0.0,0.8440366972477065,0.0,0.0
9703,0.8415841584158416,0.0,0.8440366972477065,0.002506265664160401,0.0
9704,0.8613861386138614,0.0,0.8623853211009175,0.0,0.0
9705,0.8514851485148515,0.0,0.853211009174312,0.0,0.0
9706,0.8811881188118812,0.0,0.8073394495412844,0.10275689223057644,0.0
9707,0.801980198019802,0.0,0.81651376146789,0.0,0.0
9708,0.8514851485148515,0.0,0.7981651376146789,0.005012531328320802,0.0
9709,0.7623762376237624,0.0,0.7706422018348624,0.0,0.0
9710,0.7425742574257426,0.0,0.7522935779816514,0.0,0.0
9711,0.6534653465346534,0.0,0.7706422018348624,0.0,0.0
9712,0.6831683168316831,0.0,0.8073394495412844,0.0,0.0
9713,0.693069306930693,0.0,0.8073394495412844,0.002506265664160401,0.0
9714,0.801980198019802,0.0,0.7247706422018348,0.002506265664160401,0.0
9715,0.7524752475247525,0.0,0.706422018348624,0.045112781954887216,0.0
9716,0.6831683168316831,0.0,0.7614678899082569,0.0,0.0
9717,0.7029702970297029,0.0,0.8256880733944955,0.0,0.0
9718,0.7128712871287128,0.0,0.8348623853211009,0.0,0.0
9719,0.801980198019802,0.0,0.8348623853211009,0.0,0.0
9720,0.8613861386138614,0.0,0.8623853211009175,0.0,0.0
9721,0.8514851485148515,0.0,0.8348623853211009,0.045112781954887216,0.0
9722,0.8118811881188118,0.0,0.81651376146789,0.0,0.0
9723,0.7920792079207921,0.0,0.7522935779816514,0.0,0.0
9724,0.7029702970297029,0.0,0.7706422018348624,0.0,0.0
9725,0.6534653465346534,0.0,0.8073394495412844,0.0,0.0
9726,0.6831683168316831,0.0,0.8348623853211009,0.0,0.0
9727,0.6831683168316831,0.0,0.8440366972477065,0.0,0.0
9728,0.7425742574257426,0.0,0.8440366972477065,0.0,0.0
9729,0.7326732673267327,0.0,0.853211009174312,0.0,0.0
9730,0.7920792079207921,0.0,0.8623853211009175,0.0,0.0
9731,0.8217821782178217,0.0,0.8715596330275229,0.0,0.0
9732,0.8217821782178217,0.0,0.8348623853211009,0.0,0.0
9733,0.8316831683168316,0.0,0.8440366972477065,0.0,0.0
9734,0.8415841584158416,0.0,0.853211009174312,0.0,0.0
9735,0.8316831683168316,0.0,0.8807339449541285,0.0,0.0
9736,0.8910891089108911,0.0,0.81651376146789,0.0,0.0
9737,0.7326732673267327,0.0,0.7706422018348624,0.0,0.0
9738,0.6534653465346534,0.0,0.743119266055046,0.0,0.0
9739,0.6633663366336633,0.0,0.8440366972477065,0.0,0.0
9740,0.8217821782178217,0.0,0.81651376146789,0.0,0.0
9741,0.693069306930693,0.0,0.8073394495412844,0.0,0.0
9742,0.6435643564356436,0.0,0.8073394495412844,0.0,0.0
9743,0.8118811881188118,0.0,0.8348623853211009,0.0,0.0
9744,0.7920792079207921,0.0,0.7889908256880734,0.0,0.0
9745,0.6237623762376238,0.0,0.779816513761468,0.0,0.0
9746,0.6435643564356436,0.0,0.8440366972477065,0.0,0.0
9747,0.693069306930693,0.0,0.8990825688073395,0.0,0.0
9748,0.7524752475247525,0.0,0.7889908256880734,0.0,0.0
9749,0.6633663366336633,0.0,0.6880733944954128,0.14035087719298245,0.0
9750,0.7128712871287128,0.0,0.7889908256880734,0.0,0.0
9751,0.7326732673267327,0.0,0.8348623853211009,0.0,0.0
9752,0.6732673267326732,0.0,0.8348623853211009,0.0,0.0
9753,0.7425742574257426,0.0,0.853211009174312,0.0,0.0
9754,0.7920792079207921,0.0,0.7706422018348624,0.0,0.0
9755,0.8316831683168316,0.0,0.6605504587155964,0.17293233082706766,0.0
9756,0.8217821782178217,0.0,0.6880733944954128,0.12781954887218044,0.0
9757,0.7623762376237624,0.0,0.7614678899082569,0.007518796992481203,0.0
9758,0.6831683168316831,0.0,0.7981651376146789,0.0,0.0
9759,0.8118811881188118,0.0,0.6880733944954128,0.10025062656641603,0.0
9760,0.6138613861386139,0.0,0.6422018348623854,0.0,0.0
9761,0.594059405940594,0.0,0.6238532110091743,0.022556390977443608,0.0
9762,0.6534653465346534,0.0,0.6513761467889908,0.0,0.0
9763,0.5445544554455446,0.0,0.6513761467889908,0.0,0.0
9764,0.5643564356435644,0.0,0.6788990825688074,0.0,0.0
9765,0.7227722772277227,0.0,0.6055045871559633,0.16290726817042606,0.0
9766,0.7524752475247525,0.0,0.6422018348623854,0.20050125313283207,0.0
9767,0.6336633663366337,0.0,0.6238532110091743,0.002506265664160401,0.0
9768,0.6039603960396039,0.0,0.6788990825688074,0.0,0.0
9769,0.6237623762376238,0.0,0.7247706422018348,0.0,0.0
9770,0.6336633663366337,0.0,0.7706422018348624,0.0,0.0
9771,0.6435643564356436,0.0,0.7339449541284404,0.0,0.0
9772,0.693069306930693,0.0,0.743119266055046,0.0,0.0
9773,0.6534653465346534,0.0,0.7706422018348624,0.0,0.0
9774,0.7128712871287128,0.0,0.7981651376146789,0.0,0.0
9775,0.6633663366336633,0.0,0.7155963302752294,0.20050125313283207,0.0
9776,0.6237623762376238,0.0,,0.14786967418546365,0.0
9777,0.6039603960396039,0.0,0.5596330275229359,0.0,0.0
9778,0.6435643564356436,0.0,0.5504587155963303,0.0,0.0
9779,0.6138613861386139,0.0,0.5963302752293579,0.0,0.0
9780,0.6039603960396039,0.0,0.6513761467889908,0.0,0.0
9781,0.6039603960396039,0.0,0.7614678899082569,0.0,0.0
9782,0.7524752475247525,0.0,0.706422018348624,0.0,0.0
9783,0.5841584158415842,0.0,0.6330275229357799,0.0,0.0
9784,0.7029702970297029,0.0,0.6513761467889908,0.0,0.0
9785,0.5544554455445545,0.0,0.5321100917431193,0.0,0.0
9786,0.5346534653465347,0.0,0.4954128440366973,0.0,0.0
9787,0.4455445544554455,0.0,0.4954128440366973,0.0,0.0
9788,0.5445544554455446,0.0,0.45871559633027525,0.0,0.0
9789,0.5841584158415842,0.0,0.44036697247706424,0.10526315789473684,0.0
9790,0.5544554455445545,0.0,0.47706422018348627,0.0,0.0
9791,0.504950495049505,0.0,0.44954128440366975,0.0,0.0
9792,0.4455445544554455,0.0,0.48623853211009177,0.0,0.0
9793,0.6039603960396039,0.0,0.5137614678899083,0.10275689223057644,0.0
9794,0.6237623762376238,0.0,0.4954128440366973,0.005012531328320802,0.0
9795,0.5247524752475248,0.0,0.45871559633027525,0.0,0.0
9796,0.43564356435643564,0.0,0.41284403669724773,0.0,0.0
9797,0.42574257425742573,0.0,0.47706422018348627,0.0,0.0
9798,0.5148514851485149,0.0,0.5596330275229359,0.0,0.0
9799,0.5643564356435644,0.0,0.45871559633027525,0.0,0.0
9800,0.5247524752475248,0.0,0.45871559633027525,0.06015037593984962,0.0
9801,0.4455445544554455,0.0,0.5137614678899083,0.0,0.0
9802,0.5148514851485149,0.0,0.5596330275229359,0.0,0.0
9803,0.4455445544554455,0.0,0.5504587155963303,0.0,0.0
9804,0.5148514851485149,0.0,0.5045871559633028,0.0,0.0
9805,0.504950495049505,0.03333333333333333,0.47706422018348627,0.007518796992481203,0.0
9806,0.4455445544554455,0.0,0.5137614678899083,0.0,0.0
9807,0.5148514851485149,0.0,0.5045871559633028,0.0,0.0
9808,0.4158415841584158,0.022222222222222223,0.3761467889908257,0.005012531328320802,0.0
9809,0.38613861386138615,0.0,0.5045871559633028,0.0,0.0
9810,0.5346534653465347,0.0,0.44036697247706424,0.0,0.0
9811,0.504950495049505,0.05555555555555556,0.3761467889908257,0.012531328320802004,0.0
9812,0.4158415841584158,0.0,0.3853211009174312,0.0,0.0
9813,0.4554455445544554,0.0,0.44036697247706424,0.0,0.0
9814,0.4158415841584158,0.0,0.42201834862385323,0.0,0.0
9815,0.38613861386138615,0.0,0.44954128440366975,0.0,0.0
9816,0.39603960396039606,0.0,0.48623853211009177,0.0,0.0
9817,0.43564356435643564,0.0,0.5137614678899083,0.0,0.0
9818,0.504950495049505,0.0,0.5045871559633028,0.0,0.0
9819,0.5544554455445545,0.0,0.5045871559633028,0.0,0.0
9820,0.4554455445544554,0.0,0.47706422018348627,0.0,0.0
9821,0.4653465346534653,0.0,0.44954128440366975,0.0,0.0
9822,0.4653465346534653,0.0,0.3944954128440367,0.0,0.0
9823,0.31683168316831684,0.0,0.3211009174311927,0.0,0.0
9824,0.3465346534653465,0.0,0.3302752293577982,0.0,0.0
9825,0.4455445544554455,0.0,0.5321100917431193,0.0,0.0
9826,0.6435643564356436,0.0,0.5412844036697249,0.03508771929824561,0.0
9827,0.5742574257425743,0.0,0.5688073394495413,0.06265664160401002,0.0
9828,0.42574257425742573,0.0,0.3669724770642202,0.0,0.0
9829,0.3069306930693069,0.0,0.22935779816513763,0.0,0.0
9830,0.3069306930693069,0.0,0.24770642201834864,0.0,0.0
9831,0.3366336633663366,0.0,0.3211009174311927,0.0,0.0
9832,0.18811881188118812,0.05555555555555556,0.3119266055045872,0.012531328320802004,0.03333333333333333
9833,0.1485148514851485,0.0,0.29357798165137616,0.0,0.03333333333333333
9834,0.37623762376237624,0.11111111111111112,0.30275229357798167,0.02506265664160401,0.06666666666666667
9835,0.198019801980198,0.0,0.30275229357798167,0.0,0.06666666666666667
9836,0.39603960396039606,0.0,0.3486238532110092,0.0,0.06666666666666667
9837,0.3564356435643564,0.17777777777777778,0.3394495412844037,0.040100250626566414,0.1
9838,0.2871287128712871,0.0,0.24770642201834864,0.0,0.1
9839,0.31683168316831684,0.0,0.3302752293577982,0.0,0.1
9840,0.42574257425742573,0.0,0.41284403669724773,0.0,0.03333333333333333
9841,0.36633663366336633,0.0,0.3302752293577982,0.0,0.03333333333333333
9842,0.39603960396039606,0.0,0.3486238532110092,0.0,0.03333333333333333
9843,0.3465346534653465,0.0,0.3211009174311927,0.0,0.03333333333333333
9844,0.3465346534653465,0.0,0.44954128440366975,0.0,0.0
9845,0.4455445544554455,0.0,0.46788990825688076,0.0,0.0
9846,0.40594059405940597,0.0,0.44036697247706424,0.0,0.0
9847,0.504950495049505,0.0,0.41284403669724773,0.0,0.0
9848,0.39603960396039606,0.0,0.43119266055045874,0.0,0.0
9849,0.4554455445544554,0.0,0.5688073394495413,0.0,0.0
9850,0.42574257425742573,0.011111111111111112,0.5321100917431193,0.022556390977443608,0.0
9851,0.31683168316831684,0.022222222222222223,0.23853211009174313,0.005012531328320802,0.0
9852,,0.0,0.30275229357798167,0.0,0.0
9853,0.3465346534653465,0.0,0.3119266055045872,0.0,0.0
9854,0.24752475247524752,0.0,0.3119266055045872,0.0,0.0
9855,0.38613861386138615,0.0,0.4036697247706422,0.0,0.0
9856,0.40594059405940597,0.0,0.3302752293577982,0.0,0.0
9857,0.297029702970297,0.0,0.26605504587155965,0.0,0.0
9858,0.38613861386138615,0.022222222222222223,0.3119266055045872,0.005012531328320802,0.0
9859,0.18811881188118812,0.011111111111111112,0.22018348623853212,0.002506265664160401,0.0
9860,0.18811881188118812,0.0,0.21100917431192662,0.002506265664160401,0.0
9861,0.1386138613861386,,0.2018348623853211,0.017543859649122806,0.03333333333333333
9862,0.1089108910891089,0.0,0.2018348623853211,0.0,0.03333333333333333
9863,0.2772277227722772,0.0,0.22018348623853212,0.0,0.03333333333333333
9864,0.3366336633663366,0.0,0.27522935779816515,0.002506265664160401,0.03333333333333333
9865,0.36633663366336633,0.0,0.3394495412844037,0.0,0.03333333333333333
9866,,0.0,0.27522935779816515,0.0,0.03333333333333333
9867,0.24752475247524752,0.0,0.28440366972477066,0.0,0.03333333333333333
9868,0.24752475247524752,0.03333333333333333,0.26605504587155965,0.007518796992481203,0.03333333333333333
9869,0.21782178217821782,0.0,0.22018348623853212,0.0,0.03333333333333333
9870,0.21782178217821782,0.0,0.22018348623853212,0.0,0.03333333333333333
9871,0.2772277227722772,0.5555555555555556,0.1926605504587156,0.03258145363408521,0.2
9872,0.1683168316831683,,0.21100917431192662,0.005012531328320802,0.23333333333333334
9873,0.1584158415841584,0.0,0.1926605504587156,0.0,0.23333333333333334
9874,0.1188118811881188,0.0,0.27522935779816515,0.0,0.23333333333333334
9875,0.37623762376237624,0.06666666666666667,0.3302752293577982,0.015037593984962405,0.23333333333333334
9876,0.31683168316831684,0.0,0.3211009174311927,0.0,0.23333333333333334
9877,0.1188118811881188,0.0,0.21100917431192662,0.002506265664160401,0.23333333333333334
9878,0.0594059405940594,0.0,0.10091743119266056,0.0,0.23333333333333334
9879,0.1386138613861386,0.0,0.1926605504587156,0.0,0.23333333333333334
9880,0.24752475247524752,0.0,0.29357798165137616,0.0,0.23333333333333334
9881,0.1584158415841584,0.0,0.23853211009174313,0.0,0.23333333333333334
9882,0.31683168316831684,0.0,0.3119266055045872,0.0,0.23333333333333334
9883,0.31683168316831684,0.0,0.25688073394495414,0.0,0.23333333333333334
9884,0.21782178217821782,0.0,0.25688073394495414,0.0,0.23333333333333334
9885,0.42574257425742573,0.0,0.3119266055045872,0.0,0.23333333333333334
9886,0.42574257425742573,0.022222222222222223,0.3302752293577982,0.005012531328320802,0.23333333333333334
9887,0.3366336633663366,0.022222222222222223,0.3119266055045872,0.005012531328320802,0.26666666666666666
9888,0.1386138613861386,0.011111111111111112,0.28440366972477066,0.002506265664160401,0.26666666666666666
9889,0.1386138613861386,0.11111111111111112,0.3119266055045872,0.020050125313283207,0.3
9890,0.1188118811881188,0.0,0.11009174311926606,0.0,0.3
9891,0.1584158415841584,0.0,0.1743119266055046,0.0,0.3
9892,0.21782178217821782,0.0,0.23853211009174313,0.0,0.3
9893,0.26732673267326734,0.0,0.27522935779816515,0.0,0.3
9894,0.36633663366336633,0.0,0.26605504587155965,0.0,0.3
9895,0.39603960396039606,0.2777777777777778,0.3486238532110092,0.017543859649122806,0.36666666666666664
9896,0.42574257425742573,0.03333333333333333,0.3394495412844037,0.005012531328320802,0.36666666666666664
9897,0.24752475247524752,0.3111111111111111,0.22935779816513763,0.042606516290726815,0.4666666666666667
9898,0.18811881188118812,0.0,0.2018348623853211,0.0,0.4666666666666667
9899,0.12871287128712872,0.0,0.22935779816513763,0.0,0.4666666666666667
9900,0.1584158415841584,0.0,0.22018348623853212,0.0,0.43333333333333335
9901,0.25742574257425743,0.0,0.4036697247706422,0.0,0.4
9902,0.3465346534653465,0.0,0.44036697247706424,0.0,0.3333333333333333
9903,0.5544554455445545,0.0,0.46788990825688076,0.0,0.16666666666666666
9904,0.49504950495049505,0.0,0.3669724770642202,0.0,0.1
9905,0.5445544554455446,0.0,0.3577981651376147,0.05012531328320802,0.03333333333333333
9906,0.4752475247524752,0.0,0.3486238532110092,0.0,0.03333333333333333
9907,0.3564356435643564,0.0,0.28440366972477066,0.0,0.03333333333333333
9908,0.198019801980198,0.0,0.27522935779816515,0.0,0.03333333333333333
9909,0.2376237623762376,0.0,0.3119266055045872,0.0,0.03333333333333333
9910,0.4455445544554455,0.0,0.3761467889908257,0.0,0.03333333333333333
9911,0.4653465346534653,0.0,0.3853211009174312,0.0,0.03333333333333333
9912,0.43564356435643564,0.0,0.3211009174311927,0.0,0.03333333333333333
9913,0.3267326732673267,0.0,0.3211009174311927,0.0,0.0
9914,0.4554455445544554,0.0,0.5412844036697249,0.0,0.0
9915,0.5742574257425743,0.0,0.5871559633027523,0.0,0.0
9916,0.5742574257425743,0.0,0.5229357798165137,0.05764411027568922,0.0
9917,0.5742574257425743,0.0,0.46788990825688076,0.02506265664160401,0.0
9918,0.5445544554455446,0.0,0.41284403669724773,0.0,0.0
9919,0.5247524752475248,0.45555555555555555,0.3669724770642202,0.3057644110275689,0.13333333333333333
9920,0.4554455445544554,0.0,0.3302752293577982,0.007518796992481203,0.1
9921,0.37623762376237624,0.0,0.3119266055045872,0.0,0.1
9922,0.36633663366336633,0.0,0.3853211009174312,0.0,0.06666666666666667
9923,0.4653465346534653,0.0,0.42201834862385323,0.0,0.03333333333333333
9924,0.594059405940594,0.0,0.48623853211009177,0.21052631578947367,0.0
9925,0.5544554455445545,0.0,0.43119266055045874,0.06265664160401002,0.0
9926,0.5148514851485149,0.0,0.3944954128440367,0.0,0.0
9927,0.5445544554455446,0.0,0.44036697247706424,0.0,0.0
9928,0.5247524752475248,0.0,0.5045871559633028,0.0,0.0
9929,0.6336633663366337,0.0,0.6238532110091743,0.0,0.0
9930,0.5742574257425743,0.0,0.6513761467889908,0.0,0.0
9931,0.6138613861386139,0.0,0.6880733944954128,0.0,0.0
9932,0.7029702970297029,0.0,0.6238532110091743,0.012531328320802004,0.0
9933,0.6138613861386139,0.0,0.5871559633027523,0.05263157894736842,0.0
9934,0.7029702970297029,0.0,0.5504587155963303,0.012531328320802004,0.0
9935,0.5841584158415842,0.0,0.7339449541284404,0.0,0.0
9936,0.6039603960396039,0.0,0.6605504587155964,0.0,0.0
9937,0.49504950495049505,0.0,0.45871559633027525,0.0,0.0
9938,0.5247524752475248,0.5555555555555556,0.3944954128440367,0.13283208020050125,0.16666666666666666
9939,0.36633663366336633,0.0,0.3944954128440367,0.0,0.13333333333333333
9940,0.5148514851485149,0.18888888888888888,0.3944954128440367,0.042606516290726815,0.1
9941,0.4653465346534653,0.0,0.46788990825688076,0.0,0.1
9942,0.5247524752475248,0.3888888888888889,0.3944954128440367,0.02506265664160401,0.13333333333333333
9943,0.42574257425742573,0.0,0.46788990825688076,0.0,0.06666666666666667
9944,0.42574257425742573,0.0,0.3669724770642202,0.0,0.03333333333333333
9945,0.43564356435643564,0.0,0.43119266055045874,0.0,0.0
9946,0.49504950495049505,0.0,0.5321100917431193,0.0,0.0
9947,0.5544554455445545,0.0,0.6697247706422019,0.0,0.0
9948,0.7524752475247525,0.0,0.6605504587155964,0.15789473684210525,0.0
9949,0.7821782178217822,0.0,0.7247706422018348,0.10526315789473684,0.0
9950,0.7029702970297029,0.0,0.7247706422018348,0.0,0.0
9951,0.6237623762376238,0.0,0.5871559633027523,0.0,0.0
9952,0.5346534653465347,0.0,0.5596330275229359,0.0,0.0
9953,0.6435643564356436,0.0,0.706422018348624,0.17293233082706766,0.0
9954,0.5544554455445545,0.0,0.6513761467889908,0.042606516290726815,0.0
9955,0.5841584158415842,0.0,0.5412844036697249,0.0,0.0
9956,0.5742574257425743,0.0,0.5963302752293579,0.07769423558897243,0.0
9957,0.49504950495049505,,0.43119266055045874,0.007518796992481203,0.03333333333333333
9958,0.504950495049505,0.0,0.5504587155963303,0.0,0.0
9959,0.4653465346534653,0.0,0.5229357798165137,0.0,0.0
9960,0.4653465346534653,0.0,0.5412844036697249,0.0,0.0
9961,0.594059405940594,0.0,0.7889908256880734,0.0,0.0
9962,0.7425742574257426,0.0,0.8073394495412844,0.0,0.0
9963,0.7524752475247525,0.0,0.8073394495412844,0.0,0.0
9964,0.7524752475247525,0.0,0.81651376146789,0.0,0.0
9965,0.693069306930693,0.0,0.7706422018348624,0.005012531328320802,0.0
9966,0.6435643564356436,0.0,0.7155963302752294,0.0,0.0
9967,0.6435643564356436,0.0,0.7522935779816514,0.0,0.0
9968,0.7128712871287128,0.0,0.743119266055046,0.03508771929824561,0.0
9969,0.6732673267326732,0.0,0.8348623853211009,0.005012531328320802,0.0
9970,0.801980198019802,0.0,0.779816513761468,0.0,0.0
9971,0.7920792079207921,0.0,0.7339449541284404,0.16290726817042606,0.0
9972,0.7821782178217822,0.0,0.7614678899082569,0.0,0.0
9973,0.7623762376237624,0.0,0.706422018348624,0.042606516290726815,0.0
9974,0.7524752475247525,0.0,0.6513761467889908,0.8646616541353382,0.0
9975,0.6237623762376238,0.0,0.6238532110091743,0.17794486215538846,0.0
9976,0.6336633663366337,0.0,0.5412844036697249,0.020050125313283207,0.0
9977,0.6435643564356436,0.0,0.6055045871559633,0.08020050125313283,0.0
9978,0.594059405940594,0.0,0.7339449541284404,0.0,0.0
9979,0.6831683168316831,0.0,0.6788990825688074,0.012531328320802004,0.0
9980,0.5247524752475248,0.0,0.6146788990825688,0.06766917293233082,0.0
9981,0.594059405940594,0.0,0.6697247706422019,0.0,0.0
9982,0.6138613861386139,0.0,0.7522935779816514,0.0,0.0
9983,0.7722772277227723,0.0,0.6788990825688074,0.08270676691729323,0.0
9984,0.7128712871287128,0.0,0.6055045871559633,0.06265664160401002,0.0
9985,0.6831683168316831,0.0,0.6422018348623854,0.12531328320802004,0.0
9986,,0.0,0.7889908256880734,0.02756892230576441,0.0
9987,,0.0,0.743119266055046,0.007518796992481203,0.0
9988,,0.0,0.7247706422018348,0.0,0.0
9989,0.5643564356435644,0.0,0.6788990825688074,0.0,0.0
9990,0.594059405940594,0.0,0.6146788990825688,0.0,0.0
9991,0.5742574257425743,0.0,0.6422018348623854,0.0,0.0
9992,0.6534653465346534,0.0,0.7155963302752294,0.0,0.0
9993,0.693069306930693,0.0,0.7614678899082569,0.0,0.0
9994,0.8118811881188118,0.0,0.8256880733944955,0.0,0.0
9995,0.7821782178217822,0.0,0.7706422018348624,0.0,0.0
9996,0.6831683168316831,0.0,0.779816513761468,0.0,0.0
9997,0.7029702970297029,0.0,0.853211009174312,0.0,0.0
9998,0.7920792079207921,0.0,0.8623853211009175,0.0,0.0
9999,0.8613861386138614,0.0,0.8348623853211009,0.12781954887218044,0.0
10000,0.7920792079207921,0.0,0.8807339449541285,0.0,0.0
10001,0.8811881188118812,0.0,0.889908256880734,0.0,0.0
10002,0.7920792079207921,0.0,0.889908256880734,0.0,0.0
10003,0.8415841584158416,0.0,0.8440366972477065,0.0,0.0
10004,0.8415841584158416,0.0,0.8440366972477065,0.0,0.0
10005,0.7722772277227723,0.0,0.8623853211009175,0.0,0.0
10006,0.8316831683168316,0.0,0.853211009174312,0.0,0.0
10007,0.7524752475247525,0.0,0.779816513761468,0.0,0.0
10008,0.7425742574257426,0.0,0.8348623853211009,0.0,0.0
10009,0.8316831683168316,0.0,0.889908256880734,0.0,0.0
10010,0.7623762376237624,0.0,0.8073394495412844,0.0,0.0
10011,0.7623762376237624,0.0,0.779816513761468,0.0,0.0
10012,0.7920792079207921,0.0,0.889908256880734,0.0,0.0
10013,0.8118811881188118,0.0,0.8073394495412844,0.0,0.0
10014,0.7722772277227723,0.0,0.6972477064220184,0.007518796992481203,0.0
10015,0.6336633663366337,0.0,0.7614678899082569,0.0,0.0
10016,0.6633663366336633,0.0,0.853211009174312,0.0,0.0
10017,0.9108910891089109,0.0,0.8348623853211009,0.0,0.0
10018,0.7821782178217822,0.0,0.7889908256880734,0.15789473684210525,0.0
10019,0.6039603960396039,0.0,0.6513761467889908,0.0,0.0
10020,0.693069306930693,0.0,0.6513761467889908,0.0,0.0
10021,0.6633663366336633,0.0,0.6697247706422019,0.22807017543859648,0.0
10022,0.6831683168316831,0.0,0.7247706422018348,0.0,0.0
10023,0.7821782178217822,0.0,0.6513761467889908,0.0,0.0
10024,0.7524752475247525,0.0,0.6422018348623854,0.020050125313283207,0.0
10025,0.7326732673267327,0.0,0.706422018348624,0.0,0.0
10026,0.7821782178217822,0.0,0.7706422018348624,0.0,0.0
10027,0.7326732673267327,0.0,0.81651376146789,0.0,0.0
10028,0.7821782178217822,0.0,0.8623853211009175,0.0,0.0
10029,0.9108910891089109,0.0,0.8807339449541285,0.0,0.0
10030,0.9108910891089109,0.0,0.8348623853211009,0.0,0.0
10031,0.8316831683168316,0.0,0.81651376146789,0.0,0.0
10032,0.7920792079207921,0.0,0.7981651376146789,0.0,0.0
10033,0.7425742574257426,0.0,0.7889908256880734,0.0,0.0
10034,0.7326732673267327,0.0,0.7981651376146789,0.0,0.0
10035,0.7227722772277227,0.0,0.81651376146789,0.0,0.0
10036,0.8811881188118812,0.0,0.8623853211009175,0.0,0.0
10037,0.8217821782178217,0.0,0.8348623853211009,0.15288220551378445,0.0
10038,0.8415841584158416,0.0,0.8348623853211009,0.0,0.0
10039,0.801980198019802,0.0,0.8623853211009175,0.0,0.0
10040,0.900990099009901,0.0,0.8715596330275229,0.0,0.0
10041,0.8316831683168316,0.0,0.7889908256880734,0.015037593984962405,0.0
10042,0.7722772277227723,0.0,0.779816513761468,0.0,0.0
10043,0.7722772277227723,0.0,0.7889908256880734,0.47117794486215536,0.0
10044,0.7425742574257426,0.0,0.7889908256880734,0.0,0.0
10045,0.7623762376237624,0.0,0.81651376146789,0.0,0.0
10046,0.8910891089108911,0.0,0.8990825688073395,0.0,0.0
10047,0.9207920792079208,0.0,0.9266055045871561,0.12781954887218044,0.0
10048,0.9504950495049505,0.0,0.9266055045871561,0.0,0.0
10049,0.9702970297029703,0.0,0.8990825688073395,0.0,0.0
10050,0.900990099009901,0.0,0.8623853211009175,0.015037593984962405,0.0
10051,0.8910891089108911,0.0,0.8440366972477065,0.0,0.0
10052,0.8118811881188118,0.0,0.7981651376146789,0.0,0.0
10053,0.801980198019802,0.0,0.779816513761468,0.0,0.0
10054,0.9207920792079208,0.0,0.8440366972477065,0.0,0.0
10055,0.8811881188118812,0.0,0.853211009174312,0.005012531328320802,0.0
10056,0.7722772277227723,0.0,0.8990825688073395,0.0,0.0
10057,0.9405940594059405,0.0,0.9541284403669725,0.0,0.0
10058,0.900990099009901,0.0,,0.15037593984962405,0.0
10059,0.8910891089108911,0.0,0.9174311926605505,0.08020050125313283,0.0
10060,0.9108910891089109,0.0,0.889908256880734,0.0,0.0
10061,,0.0,0.8990825688073395,0.02756892230576441,0.0
10062,0.9504950495049505,0.0,0.908256880733945,0.0,0.0
10063,0.9702970297029703,0.0,0.8807339449541285,0.0,0.0
10064,0.8118811881188118,0.0,0.8073394495412844,0.0,0.0
10065,0.7326732673267327,0.0,0.8073394495412844,0.0,0.0
10066,0.7524752475247525,0.0,0.8348623853211009,0.0,0.0
10067,0.9306930693069307,0.0,0.81651376146789,0.002506265664160401,0.0
10068,0.7326732673267327,0.0,0.779816513761468,0.0,0.0
10069,0.693069306930693,0.0,0.7981651376146789,0.0,0.0
10070,0.7128712871287128,0.0,0.8073394495412844,0.0,0.0
10071,0.7821782178217822,0.0,0.8348623853211009,0.0,0.0
10072,0.8514851485148515,0.0,0.853211009174312,0.0,0.0
10073,0.8514851485148515,0.0,0.8715596330275229,0.0,0.0
10074,0.8217821782178217,0.0,0.8440366972477065,0.0,0.0
10075,0.6831683168316831,0.0,0.8256880733944955,0.0,0.0
10076,0.7920792079207921,0.0,0.8440366972477065,0.0,0.0
10077,0.8118811881188118,0.0,0.889908256880734,0.0,0.0
10078,0.7920792079207921,0.0,0.8623853211009175,0.07017543859649122,0.0
10079,0.9108910891089109,0.0,0.7889908256880734,0.2606516290726817,0.0
10080,0.9108910891089109,0.0,0.7981651376146789,0.03508771929824561,0.0
10081,0.8910891089108911,0.0,0.7981651376146789,0.015037593984962405,0.0
10082,0.8514851485148515,0.0,0.779816513761468,0.10526315789473684,0.0
10083,0.900990099009901,0.0,0.7889908256880734,0.0,0.0
10084,0.8514851485148515,0.0,0.7981651376146789,0.24561403508771928,0.0
10085,0.7524752475247525,0.0,0.7522935779816514,0.3057644110275689,0.0
10086,0.7524752475247525,0.0,0.7889908256880734,0.0,0.0
10087,0.8910891089108911,0.0,0.7889908256880734,0.0,0.0
10088,0.8217821782178217,0.0,0.7981651376146789,0.0,0.0
10089,0.8514851485148515,0.0,0.8348623853211009,0.0,0.0
10090,0.8415841584158416,0.0,0.7706422018348624,0.017543859649122806,0.0
10091,0.6831683168316831,0.0,0.7522935779816514,0.0,0.0
10092,0.7029702970297029,0.0,0.7522935779816514,0.0,0.0
10093,0.7128712871287128,0.0,0.7155963302752294,0.0,0.0
10094,0.7425742574257426,0.0,0.7155963302752294,0.13784461152882205,0.0
10095,0.7920792079207921,0.0,0.7614678899082569,0.017543859649122806,0.0
10096,0.8217821782178217,0.0,0.779816513761468,0.0,0.0
10097,0.7920792079207921,0.0,0.779816513761468,0.002506265664160401,0.0
10098,0.693069306930693,0.0,0.7247706422018348,0.0,0.0
10099,0.7029702970297029,0.0,0.8073394495412844,0.0,0.0
10100,0.8811881188118812,0.0,0.8715596330275229,0.0,0.0
10101,0.9405940594059405,0.0,0.8715596330275229,0.0,0.0
10102,0.900990099009901,0.0,0.8073394495412844,0.05263157894736842,0.0
10103,0.7821782178217822,0.0,0.7981651376146789,0.06766917293233082,0.0
10104,0.7920792079207921,0.0,0.8623853211009175,0.0,0.0
10105,0.8514851485148515,0.0,0.8440366972477065,0.0,0.0
10106,0.8811881188118812,0.0,0.8440366972477065,0.06766917293233082,0.0
10107,0.8316831683168316,0.0,0.7522935779816514,0.005012531328320802,0.0
10108,0.7524752475247525,0.0,0.7889908256880734,0.0,0.0
10109,0.8415841584158416,0.0,0.8256880733944955,0.0,0.0
10110,0.8316831683168316,0.0,0.743119266055046,0.0,0.0
10111,0.7425742574257426,0.0,0.7889908256880734,0.0,0.0
10112,0.7623762376237624,0.0,0.7981651376146789,0.0,0.0
10113,0.7821782178217822,0.0,0.8348623853211009,0.0,0.0
10114,0.7425742574257426,0.0,,0.020050125313283207,0.0
10115,0.6831683168316831,0.0,0.743119266055046,0.0,0.0
10116,0.7029702970297029,0.0,0.7706422018348624,0.0,0.0
10117,0.7623762376237624,0.0,0.706422018348624,0.13032581453634084,0.0
10118,0.7227722772277227,0.0,0.6972477064220184,0.21804511278195488,0.0
10119,0.7227722772277227,0.0,0.6055045871559633,0.0,0.0
10120,0.7920792079207921,0.0,0.7522935779816514,0.16040100250626566,0.0
10121,0.8217821782178217,0.0,0.7889908256880734,0.040100250626566414,0.0
10122,0.8712871287128713,0.0,0.7889908256880734,0.010025062656641603,0.0
10123,0.8316831683168316,0.0,0.7706422018348624,0.022556390977443608,0.0
10124,0.7821782178217822,0.0,0.7247706422018348,0.24310776942355888,0.0
10125,0.7524752475247525,0.0,0.6422018348623854,0.0,0.0
10126,0.7722772277227723,0.0,0.6972477064220184,0.0,0.0
10127,0.7524752475247525,0.0,0.7522935779816514,0.0,0.0
10128,0.8316831683168316,0.0,0.743119266055046,0.017543859649122806,0.0
10129,0.8217821782178217,0.0,0.7522935779816514,0.020050125313283207,0.0
10130,0.7920792079207921,0.0,0.7339449541284404,0.3533834586466165,0.0
10131,0.7524752475247525,0.0,0.6880733944954128,0.0,0.0
10132,0.7326732673267327,0.0,0.6972477064220184,0.0,0.0
10133,0.6534653465346534,0.0,0.6513761467889908,0.0,0.0
10134,0.7227722772277227,0.0,0.7522935779816514,0.020050125313283207,0.0
10135,0.7623762376237624,0.0,0.6605504587155964,0.15789473684210525,0.0
10136,0.693069306930693,0.0,0.6146788990825688,0.002506265664160401,0.0
10137,0.6237623762376238,0.0,0.6238532110091743,0.0,0.0
10138,0.6336633663366337,0.0,0.6697247706422019,0.0,0.0
10139,0.6633663366336633,0.0,0.6697247706422019,0.0,0.0
10140,0.6336633663366337,0.0,0.6146788990825688,0.0,0.0
10141,0.5841584158415842,0.0,0.5688073394495413,0.0,0.0
10142,0.693069306930693,0.0,0.6972477064220184,0.10526315789473684,0.0
10143,0.6534653465346534,0.0,0.6330275229357799,0.03508771929824561,0.0
10144,0.5742574257425743,0.0,0.6146788990825688,0.0,0.0
10145,0.6237623762376238,0.0,0.5504587155963303,0.0,0.0
10146,0.6237623762376238,0.0,0.5321100917431193,0.03258145363408521,0.0
10147,0.504950495049505,0.0,0.5688073394495413,0.0,0.0
10148,0.504950495049505,0.0,0.6146788990825688,0.0,0.0
10149,0.5841584158415842,0.0,0.5321100917431193,0.0,0.0
10150,0.5643564356435644,0.0,0.48623853211009177,0.03508771929824561,0.0
10151,0.48514851485148514,0.0,0.5779816513761468,0.0,0.0
10152,0.594059405940594,0.0,0.5871559633027523,0.0,0.0
10153,0.6336633663366337,0.0,0.5871559633027523,0.010025062656641603,0.0
10154,0.5742574257425743,0.0,0.6055045871559633,0.0,0.0
10155,0.594059405940594,0.0,0.6788990825688074,0.0,0.0
10156,0.6831683168316831,0.0,0.6146788990825688,0.0,0.0
10157,0.6435643564356436,0.0,0.5688073394495413,0.017543859649122806,0.0
10158,0.594059405940594,0.0,0.706422018348624,0.010025062656641603,0.0
10159,0.693069306930693,0.0,0.6605504587155964,0.0,0.0
10160,0.7524752475247525,0.0,0.6513761467889908,0.0,0.0
10161,0.6534653465346534,0.0,0.6238532110091743,0.0,0.0
10162,0.6633663366336633,0.0,0.6146788990825688,0.0,0.0
10163,0.594059405940594,0.0,0.5871559633027523,0.0,0.0
10164,0.6138613861386139,0.0,0.6330275229357799,0.0,0.0
10165,0.6534653465346534,0.0,0.6422018348623854,0.0,0.0
10166,0.7425742574257426,0.0,0.6697247706422019,0.23057644110275688,0.0
10167,0.6732673267326732,0.0,0.6697247706422019,0.0,0.0
10168,0.7326732673267327,0.0,0.6880733944954128,0.005012531328320802,0.0
10169,0.7722772277227723,0.0,0.6697247706422019,0.002506265664160401,0.0
10170,0.7128712871287128,0.0,0.6055045871559633,0.0,0.0
10171,0.7425742574257426,0.0,0.6972477064220184,0.005012531328320802,0.0
10172,0.7821782178217822,0.0,0.6513761467889908,0.022556390977443608,0.0
10173,0.7722772277227723,0.0,0.6146788990825688,0.010025062656641603,0.0
10174,0.7326732673267327,0.0,0.6697247706422019,0.0,0.0
10175,0.5544554455445545,0.0,0.6422018348623854,0.07769423558897243,0.0
10176,0.5346534653465347,0.0,0.3944954128440367,0.005012531328320802,0.0
10177,0.4752475247524752,0.0,0.3944954128440367,0.022556390977443608,0.0
10178,0.4158415841584158,0.0,0.3669724770642202,0.0,0.0
10179,0.4158415841584158,0.0,0.42201834862385323,0.002506265664160401,0.0
10180,0.5346534653465347,0.0,0.5412844036697249,0.0,0.0
10181,0.7029702970297029,0.0,0.5321100917431193,0.03508771929824561,0.0
10182,0.594059405940594,0.0,0.5137614678899083,0.047619047619047616,0.0
10183,0.5544554455445545,0.0,0.42201834862385323,0.002506265664160401,0.0
10184,0.48514851485148514,0.0,0.44036697247706424,0.0,0.0
10185,0.5544554455445545,0.0,0.5504587155963303,0.03508771929824561,0.0
10186,0.5643564356435644,0.0,0.5688073394495413,0.047619047619047616,0.0
10187,0.49504950495049505,0.0,0.3853211009174312,0.0,0.0
10188,0.49504950495049505,0.0,0.43119266055045874,0.0,0.0
10189,0.5544554455445545,,0.43119266055045874,0.012531328320802004,0.06666666666666667
10190,0.5445544554455446,0.0,0.3761467889908257,0.0,0.03333333333333333
10191,0.39603960396039606,,0.3486238532110092,0.03007518796992481,0.0
10192,0.3465346534653465,0.0,0.29357798165137616,0.0,0.0
10193,0.42574257425742573,,0.3302752293577982,0.020050125313283207,0.0
10194,0.3564356435643564,0.0,0.3394495412844037,0.0,0.0
10195,0.43564356435643564,,0.3761467889908257,0.02506265664160401,0.0
10196,0.5643564356435644,0.0,0.5137614678899083,0.15037593984962405,0.0
10197,0.5445544554455446,0.0,0.41284403669724773,0.0,0.0
10198,0.49504950495049505,,0.3853211009174312,0.002506265664160401,0.0
10199,0.37623762376237624,,0.3761467889908257,0.015037593984962405,
10200,0.4455445544554455,,0.3394495412844037,0.0,0.16666666666666666
10201,0.39603960396039606,,0.3211009174311927,0.07518796992481203,0.1
10202,0.24752475247524752,,0.21100917431192662,0.0,0.0
10203,0.1782178217821782,0.0,0.28440366972477066,0.0,0.0
10204,0.2079207920792079,0.888888888888889,0.3486238532110092,0.20050125313283207,0.26666666666666666
10205,0.1782178217821782,0.16666666666666669,0.08256880733944955,0.047619047619047616,0.23333333333333334
10206,0.24752475247524752,0.0,0.1559633027522936,0.0,0.2
10207,,,0.3944954128440367,0.0,0.13333333333333333
10208,0.5643564356435644,,0.41284403669724773,0.0,0.06666666666666667
10209,0.5445544554455446,,0.3853211009174312,0.17543859649122806,0.03333333333333333
10210,0.5445544554455446,,0.3853211009174312,0.05263157894736842,0.03333333333333333
10211,0.5148514851485149,,0.46788990825688076,0.0,0.03333333333333333
10212,0.5445544554455446,,0.45871559633027525,0.0,0.03333333333333333
10213,0.5742574257425743,,0.44954128440366975,0.16290726817042606,0.0
10214,0.5742574257425743,,0.44036697247706424,0.002506265664160401,0.0
10215,0.5148514851485149,,0.43119266055045874,0.06265664160401002,0.0
10216,0.4158415841584158,,0.3211009174311927,0.0,0.0
10217,0.43564356435643564,,0.30275229357798167,0.007518796992481203,0.03333333333333333
10218,0.4752475247524752,,0.42201834862385323,0.0,0.0
10219,0.4554455445544554,,0.4036697247706422,0.0,0.0
10220,0.3366336633663366,,0.44036697247706424,0.07769423558897243,0.0
10221,0.24752475247524752,,0.1926605504587156,0.0,0.0
10222,0.3267326732673267,,0.22935779816513763,0.0,0.0
10223,0.2871287128712871,,0.23853211009174313,0.0,0.0
10224,0.3564356435643564,,0.3394495412844037,0.0,0.0
10225,0.43564356435643564,,0.3853211009174312,0.0,0.0
10226,0.49504950495049505,,0.3669724770642202,0.0,0.0
10227,0.48514851485148514,0.33333333333333337,0.3486238532110092,0.03508771929824561,0.1
10228,0.198019801980198,0.0,0.3119266055045872,0.002506265664160401,0.1
10229,0.297029702970297,0.0,0.23853211009174313,0.0,0.06666666666666667
10230,,0.0,0.3761467889908257,0.0,0.03333333333333333
10231,0.504950495049505,0.0,0.4036697247706422,0.0,0.03333333333333333
10232,0.5346534653465347,0.0,0.3853211009174312,0.0,0.0
10233,0.5445544554455446,0.0,0.3853211009174312,0.0,0.0
10234,0.49504950495049505,0.0,0.3944954128440367,0.0,0.0
10235,0.3069306930693069,0.11111111111111112,0.30275229357798167,0.05012531328320802,0.03333333333333333
10236,,0.0,0.1559633027522936,0.0,0.03333333333333333
10237,0.24752475247524752,0.0,0.1834862385321101,0.0,0.03333333333333333
10238,0.3465346534653465,0.0,0.24770642201834864,0.0,0.0
10239,0.38613861386138615,0.2111111111111111,0.26605504587155965,0.022556390977443608,0.06666666666666667
10240,0.39603960396039606,0.11111111111111112,0.27522935779816515,0.002506265664160401,0.1
10241,0.21782178217821782,0.0,0.25688073394495414,0.0,0.1
10242,0.24752475247524752,0.0,0.25688073394495414,0.0,0.1
10243,0.31683168316831684,0.0,0.23853211009174313,0.005012531328320802,0.1
10244,0.3465346534653465,0.11111111111111112,0.28440366972477066,0.0,0.1
10245,0.3267326732673267,0.0,0.28440366972477066,0.0,0.1
10246,0.4158415841584158,0.22222222222222224,0.28440366972477066,0.002506265664160401,0.16666666666666666
10247,0.3069306930693069,0.16666666666666669,0.26605504587155965,0.010025062656641603,0.2
10248,0.18811881188118812,0.0,0.21100917431192662,0.0,0.16666666666666666
10249,0.21782178217821782,0.0,0.27522935779816515,0.0,0.13333333333333333
10250,0.297029702970297,0.0,0.3669724770642202,0.0,0.13333333333333333
10251,0.49504950495049505,0.0,0.3577981651376147,0.012531328320802004,0.13333333333333333
10252,0.31683168316831684,0.6666666666666667,0.3577981651376147,0.2506265664160401,
10253,0.2871287128712871,0.888888888888889,0.25688073394495414,0.3258145363408521,
10254,0.25742574257425743,0.33333333333333337,0.22935779816513763,0.05012531328320802,
10255,0.25742574257425743,0.0,0.23853211009174313,0.0,
10256,0.2871287128712871,0.0,0.22018348623853212,0.0,
10257,0.2376237623762376,0.0,0.23853211009174313,0.0,
10258,0.1683168316831683,0.0,0.1926605504587156,0.0,0.7
10259,0.2376237623762376,0.07777777777777778,0.27522935779816515,0.017543859649122806,0.7
10260,0.2376237623762376,0.0,0.23853211009174313,0.0,0.6333333333333333
10261,0.18811881188118812,0.0,0.21100917431192662,0.0,0.6333333333333333
10262,0.2376237623762376,0.22222222222222224,0.23853211009174313,0.05012531328320802,0.7
10263,0.2079207920792079,0.0,0.21100917431192662,0.0,0.6666666666666666
10264,0.1584158415841584,0.0,0.2018348623853211,0.0,0.6666666666666666
10265,0.1584158415841584,0.0,0.30275229357798167,0.0,0.6333333333333333
10266,0.25742574257425743,0.0,0.27522935779816515,0.0,0.6
10267,0.1386138613861386,0.0,0.3119266055045872,0.0,0.5666666666666667
10268,0.18811881188118812,0.0,0.30275229357798167,0.0,0.5666666666666667
10269,0.2871287128712871,0.0,0.3302752293577982,0.0,0.4666666666666667
10270,0.2772277227722772,0.0,0.28440366972477066,0.0,0.36666666666666664
10271,0.2376237623762376,0.33333333333333337,0.29357798165137616,0.08771929824561403,0.4666666666666667
10272,0.18811881188118812,0.0,0.26605504587155965,0.0,0.4
10273,0.31683168316831684,0.0,0.27522935779816515,0.0,0.4
10274,0.1683168316831683,0.0,0.25688073394495414,0.0,0.4
10275,0.1683168316831683,0.0,0.23853211009174313,0.0,0.4
10276,0.1782178217821782,0.0,0.24770642201834864,0.0,0.36666666666666664
10277,0.1782178217821782,0.0,0.30275229357798167,0.0,0.36666666666666664
10278,0.1386138613861386,0.0,0.26605504587155965,0.0,0.3333333333333333
10279,0.1386138613861386,0.0,0.24770642201834864,0.0,0.3333333333333333
10280,0.1683168316831683,0.0,0.26605504587155965,0.0,0.3333333333333333
10281,0.36633663366336633,0.22222222222222224,0.3302752293577982,0.05012531328320802,0.4
10282,0.4653465346534653,0.0,0.3761467889908257,0.0,0.3333333333333333
10283,0.37623762376237624,0.0,0.3486238532110092,0.0,0.3333333333333333
10284,0.2376237623762376,0.0,0.3394495412844037,0.0,0.3
10285,0.2772277227722772,0.0,0.3944954128440367,0.0,0.3
10286,0.37623762376237624,0.0,0.3486238532110092,0.0,0.26666666666666666
10287,0.21782178217821782,0.0,0.25688073394495414,0.0,0.26666666666666666
10288,0.37623762376237624,0.33333333333333337,0.28440366972477066,0.010025062656641603,0.36666666666666664
10289,0.21782178217821782,0.0,0.25688073394495414,0.0,0.36666666666666664
10290,0.1683168316831683,0.0,0.23853211009174313,0.0,0.36666666666666664
10291,0.31683168316831684,0.0,0.3853211009174312,0.0,0.3333333333333333
10292,0.2871287128712871,0.0,0.3211009174311927,0.0,0.26666666666666666
10293,0.40594059405940597,0.0,0.30275229357798167,0.0,0.23333333333333334
10294,0.24752475247524752,0.0,0.4036697247706422,0.0,0.23333333333333334
10295,0.40594059405940597,0.0,0.47706422018348627,0.0,0.23333333333333334
10296,0.4455445544554455,0.0,0.41284403669724773,0.0,0.16666666666666666
10297,0.43564356435643564,0.0,0.44036697247706424,0.020050125313283207,0.16666666666666666
10298,0.40594059405940597,0.0,0.48623853211009177,0.0,0.13333333333333333
10299,0.5544554455445545,0.0,0.41284403669724773,0.15288220551378445,0.1
10300,0.5445544554455446,0.0,0.4036697247706422,0.0,0.1
10301,0.49504950495049505,0.0,0.3944954128440367,0.0,0.06666666666666667
10302,0.4455445544554455,0.0,0.3669724770642202,0.0,0.06666666666666667
10303,0.40594059405940597,0.0,0.3761467889908257,0.0,0.06666666666666667
10304,0.5445544554455446,0.0,0.43119266055045874,0.0,0.03333333333333333
10305,0.4554455445544554,0.0,0.45871559633027525,0.0,0.0
10306,0.594059405940594,0.0,0.48623853211009177,0.20551378446115287,0.0
10307,0.5445544554455446,0.0,0.5137614678899083,0.010025062656641603,0.0
10308,0.5445544554455446,0.0,0.5137614678899083,0.0,0.0
10309,0.4653465346534653,0.0,0.4954128440366973,0.0,0.0
10310,,0.0,,0.0,0.0
10311,0.504950495049505,0.03333333333333333,0.3669724770642202,0.12280701754385964,0.0
10312,0.5445544554455446,0.0,0.3944954128440367,0.07769423558897243,0.0
10313,0.5445544554455446,0.0,0.5137614678899083,0.0,0.0
10314,0.5346534653465347,0.0,0.5137614678899083,0.0,0.0
10315,0.48514851485148514,0.0,0.46788990825688076,0.0,0.0
10316,0.6039603960396039,0.0,0.7155963302752294,0.042606516290726815,0.0
10317,0.7623762376237624,0.0,0.706422018348624,0.0,0.0
10318,0.5148514851485149,0.0,0.5596330275229359,0.0,0.0
10319,0.5247524752475248,0.0,0.6513761467889908,0.06516290726817042,0.0
10320,0.6039603960396039,0.0,0.6605504587155964,0.0,0.0
10321,0.5445544554455446,0.0,0.6238532110091743,0.11528822055137844,0.0
10322,0.6336633663366337,0.0,0.5871559633027523,0.040100250626566414,0.0
10323,0.6039603960396039,0.0,0.6788990825688074,0.17042606516290726,0.0
10324,0.6237623762376238,0.0,0.6513761467889908,0.0,0.0
10325,0.49504950495049505,0.0,0.47706422018348627,0.0,0.0
10326,0.5643564356435644,0.0,0.743119266055046,0.02756892230576441,0.0
10327,0.6732673267326732,0.0,0.6146788990825688,0.15538847117794485,0.0
10328,0.5544554455445545,0.0,0.6605504587155964,0.0,0.0
10329,0.6237623762376238,0.0,0.6513761467889908,0.0,0.0
10330,0.5544554455445545,0.0,0.5596330275229359,0.0,0.0
10331,0.5346534653465347,0.0,0.5412844036697249,0.0,0.0
10332,0.5247524752475248,0.0,0.5321100917431193,0.0,0.0
10333,0.5247524752475248,0.0,0.5596330275229359,0.0,0.0
10334,0.6237623762376238,0.0,0.5137614678899083,0.0,0.0
10335,0.6336633663366337,0.0,0.5596330275229359,0.16290726817042606,0.0
10336,0.6237623762376238,0.0,0.5137614678899083,0.14285714285714285,0.0
10337,0.5841584158415842,0.0,0.5045871559633028,0.06766917293233082,0.0
10338,0.5346534653465347,0.0,0.5779816513761468,0.005012531328320802,0.0
10339,0.6039603960396039,0.0,0.48623853211009177,0.0,0.0
10340,0.5841584158415842,0.0,0.6055045871559633,0.03258145363408521,0.0
10341,0.6039603960396039,0.0,0.5596330275229359,0.0,0.0
10342,0.6336633663366337,0.0,0.6422018348623854,0.0,0.0
10343,0.6138613861386139,0.0,0.6605504587155964,0.0,0.0
10344,0.594059405940594,0.0,0.6788990825688074,0.0,0.0
10345,0.6237623762376238,0.0,0.7155963302752294,0.0,0.0
10346,0.594059405940594,0.0,0.6972477064220184,0.0,0.0
10347,0.504950495049505,0.0,0.5596330275229359,0.0,0.0
10348,0.5643564356435644,0.0,0.6055045871559633,0.0,0.0
10349,0.5544554455445545,0.0,0.6238532110091743,0.0,0.0
10350,0.6237623762376238,0.0,0.6238532110091743,0.0,0.0
10351,0.6435643564356436,0.0,0.4954128440366973,0.02506265664160401,0.0
10352,0.6435643564356436,0.0,0.5688073394495413,0.05012531328320802,0.0
10353,0.7524752475247525,0.0,0.5779816513761468,0.0,0.0
10354,0.7227722772277227,0.0,0.6422018348623854,0.0,0.0
10355,0.6831683168316831,0.0,0.6605504587155964,0.11779448621553884,0.0
10356,0.6831683168316831,0.0,0.6605504587155964,0.0,0.0
10357,0.6633663366336633,0.0,0.6880733944954128,0.0,0.0
10358,0.7821782178217822,0.0,0.6972477064220184,0.007518796992481203,0.0
10359,0.7425742574257426,0.0,0.6972477064220184,0.12280701754385964,0.0
10360,0.693069306930693,0.0,0.5688073394495413,0.13784461152882205,0.0
10361,0.7128712871287128,0.0,0.5596330275229359,0.02506265664160401,0.0
10362,0.7326732673267327,0.0,0.6238532110091743,0.007518796992481203,0.0
10363,0.7029702970297029,0.0,0.7339449541284404,0.0,0.0
10364,0.7722772277227723,0.0,0.7889908256880734,0.002506265664160401,0.0
10365,0.7623762376237624,0.0,0.8256880733944955,0.0,0.0
10366,0.801980198019802,0.0,0.7981651376146789,0.0,0.0
10367,0.6831683168316831,0.0,0.706422018348624,0.03007518796992481,0.0
10368,0.6435643564356436,0.0,0.6880733944954128,0.0,0.0
10369,0.7227722772277227,0.0,0.6880733944954128,0.0,0.0
10370,0.7920792079207921,0.0,0.743119266055046,0.040100250626566414,0.0
10371,0.7722772277227723,0.0,0.8256880733944955,0.0,0.0
10372,0.7821782178217822,0.0,0.8348623853211009,0.0,0.0
10373,0.801980198019802,0.0,0.853211009174312,0.0,0.0
10374,0.8118811881188118,0.0,0.8715596330275229,0.0,0.0
10375,0.8415841584158416,0.0,0.8715596330275229,0.0,0.0
10376,0.8316831683168316,0.0,0.8715596330275229,0.0,0.0
10377,0.7920792079207921,0.0,0.8440366972477065,0.0,0.0
10378,0.7920792079207921,0.0,0.8990825688073395,0.0,0.0
10379,0.801980198019802,0.0,0.81651376146789,0.0,0.0
10380,0.7227722772277227,0.0,0.706422018348624,0.03508771929824561,0.0
10381,0.7821782178217822,0.0,0.779816513761468,0.0,0.0
10382,0.7029702970297029,0.0,0.779816513761468,0.002506265664160401,0.0
10383,0.7326732673267327,0.0,0.81651376146789,0.0,0.0
10384,0.8514851485148515,0.0,0.81651376146789,0.0,0.0
10385,0.8415841584158416,0.0,0.743119266055046,0.15538847117794485,0.0
10386,0.693069306930693,0.0,0.7522935779816514,0.005012531328320802,0.0
10387,0.7227722772277227,0.0,0.8073394495412844,0.0,0.0
10388,0.8415841584158416,0.0,0.853211009174312,0.0,0.0
10389,0.8811881188118812,0.0,0.8440366972477065,0.0,0.0
10390,0.6534653465346534,0.0,0.743119266055046,0.13533834586466165,0.0
10391,0.6534653465346534,0.0,0.6788990825688074,0.0,0.0
10392,0.7425742574257426,0.0,0.7614678899082569,0.012531328320802004,0.0
10393,0.7920792079207921,0.0,0.8348623853211009,0.0,0.0
10394,0.9207920792079208,0.0,0.8715596330275229,0.0,0.0
10395,0.9108910891089109,0.0,0.8623853211009175,0.002506265664160401,0.0
10396,0.7821782178217822,0.0,0.81651376146789,0.0,0.0
10397,0.7920792079207921,0.0,0.853211009174312,0.0,0.0
10398,0.8514851485148515,0.0,0.8440366972477065,0.010025062656641603,0.0
10399,0.693069306930693,0.0,0.7706422018348624,0.0,0.0
10400,0.7425742574257426,0.0,0.81651376146789,0.0,0.0
10401,0.801980198019802,0.0,0.8348623853211009,0.005012531328320802,0.0
10402,0.8514851485148515,0.0,0.8348623853211009,0.0,0.0
10403,0.8613861386138614,0.0,0.8256880733944955,0.07017543859649122,0.0
10404,0.900990099009901,0.0,0.853211009174312,0.644110275689223,0.0
10405,0.8316831683168316,0.0,0.853211009174312,0.040100250626566414,0.0
10406,0.8415841584158416,0.0,0.8440366972477065,0.0,0.0
10407,0.8613861386138614,0.0,0.8348623853211009,0.0,0.0
10408,0.8316831683168316,0.0,0.81651376146789,0.0,0.0
10409,0.8118811881188118,0.0,0.6880733944954128,0.20300751879699247,0.0
10410,0.8118811881188118,0.0,0.6880733944954128,0.20551378446115287,0.0
10411,0.7722772277227723,0.0,0.743119266055046,0.0,0.0
10412,0.7920792079207921,0.0,0.8256880733944955,0.0,0.0
10413,0.8613861386138614,0.0,0.8715596330275229,0.0,0.0
10414,0.8910891089108911,0.0,0.8715596330275229,0.0,0.0
10415,0.8811881188118812,0.0,0.8256880733944955,0.0,0.0
10416,0.8316831683168316,0.0,0.8715596330275229,0.0,0.0
10417,0.8613861386138614,0.0,0.8348623853211009,0.0,0.0
10418,0.7227722772277227,0.0,0.7247706422018348,0.0,0.0
10419,0.7029702970297029,0.0,0.779816513761468,0.0,0.0
10420,0.8316831683168316,0.0,0.8073394495412844,0.012531328320802004,0.0
10421,0.8118811881188118,0.0,0.81651376146789,0.007518796992481203,0.0
10422,0.8118811881188118,0.0,0.853211009174312,0.0,0.0
10423,0.7623762376237624,0.0,0.8440366972477065,0.0,0.0
10424,0.7326732673267327,0.0,0.8256880733944955,0.0,0.0
10425,0.7524752475247525,0.0,0.8623853211009175,0.0,0.0
10426,0.8514851485148515,0.0,0.889908256880734,0.0,0.0
10427,0.9405940594059405,0.0,0.9174311926605505,0.0,0.0
10428,0.9207920792079208,0.0,0.9174311926605505,0.0,0.0
10429,0.8910891089108911,0.0,0.8990825688073395,0.045112781954887216,0.0
10430,0.9108910891089109,0.0,0.8807339449541285,0.0,0.0
10431,0.8217821782178217,0.0,0.7522935779816514,0.0,0.0
10432,0.801980198019802,0.0,0.8440366972477065,0.0,0.0
10433,0.8811881188118812,0.0,0.8990825688073395,0.0,0.0
10434,0.8613861386138614,0.0,0.889908256880734,0.0,0.0
10435,0.7227722772277227,0.0,0.81651376146789,0.0,0.0
10436,0.7920792079207921,0.0,0.81651376146789,0.0,0.0
10437,0.7821782178217822,0.0,0.7889908256880734,0.0,0.0
10438,0.801980198019802,0.0,0.779816513761468,0.0,0.0
10439,0.7821782178217822,0.0,0.81651376146789,0.0,0.0
10440,0.7920792079207921,0.0,0.8073394495412844,0.0,0.0
10441,0.8613861386138614,0.0,0.81651376146789,0.0,0.0
10442,0.6831683168316831,0.0,0.81651376146789,0.0,0.0
10443,0.6831683168316831,0.0,0.779816513761468,0.0,0.0
10444,0.7821782178217822,0.0,0.8073394495412844,0.0,0.0
10445,0.7821782178217822,0.0,0.743119266055046,0.02506265664160401,0.0
10446,0.801980198019802,0.0,0.7981651376146789,0.23308270676691728,0.0
10447,0.8514851485148515,0.0,0.81651376146789,0.0,0.0
10448,0.7821782178217822,0.0,0.8073394495412844,0.0,0.0
10449,0.801980198019802,0.0,0.7706422018348624,0.0,0.0
10450,0.8316831683168316,0.0,0.8073394495412844,0.0,0.0
10451,0.801980198019802,0.0,0.8440366972477065,0.0,0.0
10452,0.7920792079207921,0.0,0.853211009174312,0.0,0.0
10453,0.8415841584158416,0.0,0.8715596330275229,0.0,0.0
10454,0.9207920792079208,0.0,0.8256880733944955,0.03759398496240601,0.0
10455,0.7920792079207921,0.0,0.853211009174312,0.0,0.0
10456,0.8217821782178217,0.0,0.853211009174312,0.0,0.0
10457,0.9306930693069307,0.0,0.8623853211009175,0.012531328320802004,0.0
10458,0.6633663366336633,0.0,0.7706422018348624,0.0,0.0
10459,0.6732673267326732,0.0,0.7889908256880734,0.0,0.0
10460,0.7326732673267327,0.0,0.8348623853211009,0.0,0.0
10461,0.7524752475247525,0.0,0.8623853211009175,0.0,0.0
10462,0.8217821782178217,0.0,0.853211009174312,0.0,0.0
10463,0.8712871287128713,0.0,0.853211009174312,0.0,0.0
10464,0.7920792079207921,0.0,0.8256880733944955,0.0,0.0
10465,0.7920792079207921,0.0,0.7889908256880734,0.0,0.0
10466,0.7920792079207921,0.0,0.8348623853211009,0.08020050125313283,0.0
10467,0.801980198019802,0.0,0.8256880733944955,0.0,0.0
10468,0.7524752475247525,0.0,0.7706422018348624,0.0,0.0
10469,0.7128712871287128,0.0,0.779816513761468,0.0,0.0
10470,0.6831683168316831,0.0,0.7889908256880734,0.0,0.0
10471,0.6831683168316831,0.0,0.81651376146789,0.0,0.0
10472,,0.0,,0.0,0.0
10473,0.7029702970297029,0.0,0.8623853211009175,0.0,0.0
10474,0.7227722772277227,0.0,0.8623853211009175,0.0,0.0
10475,0.801980198019802,0.0,0.8715596330275229,0.0,0.0
10476,0.801980198019802,0.0,0.889908256880734,0.0,0.0
10477,0.8217821782178217,0.0,0.9266055045871561,0.0,0.0
10478,0.8316831683168316,0.0,0.9266055045871561,0.0,0.0
10479,0.801980198019802,0.0,0.8990825688073395,0.0,0.0
10480,0.8415841584158416,0.0,0.889908256880734,0.0,0.0
10481,0.8514851485148515,0.0,0.8623853211009175,0.040100250626566414,0.0
10482,0.7722772277227723,0.0,0.6697247706422019,0.13283208020050125,0.0
10483,0.8316831683168316,0.0,0.7614678899082569,0.15288220551378445,0.0
10484,0.7425742574257426,0.0,0.7706422018348624,0.05513784461152882,0.0
10485,0.8118811881188118,0.0,0.7889908256880734,0.0,0.0
10486,,0.0,,0.0,0.0
10487,0.8514851485148515,0.0,0.853211009174312,0.07518796992481203,0.0
10488,0.8712871287128713,0.0,0.8623853211009175,0.08771929824561403,0.0
10489,0.8712871287128713,0.0,0.8807339449541285,0.0,0.0
10490,0.8118811881188118,0.0,0.8623853211009175,0.0,0.0
10491,0.6633663366336633,0.0,0.6605504587155964,0.020050125313283207,0.0
10492,0.6831683168316831,0.0,0.6972477064220184,0.0,0.0
10493,0.6336633663366337,0.0,0.7522935779816514,0.0,0.0
10494,0.693069306930693,0.0,0.743119266055046,0.0,0.0
10495,0.6138613861386139,0.0,0.7155963302752294,0.0,0.0
10496,0.693069306930693,0.0,0.7889908256880734,0.0,0.0
10497,0.6039603960396039,0.0,0.7614678899082569,0.005012531328320802,0.0
10498,0.5742574257425743,0.0,0.706422018348624,0.0,0.0
10499,0.6534653465346534,0.0,0.7155963302752294,0.0,0.0
10500,0.6831683168316831,0.0,0.6605504587155964,0.03759398496240601,0.0
10501,0.6237623762376238,0.0,0.6788990825688074,0.0,0.0
10502,0.6732673267326732,0.0,0.6697247706422019,0.0,0.0
10503,0.6534653465346534,0.0,0.6330275229357799,0.010025062656641603,0.0
10504,0.693069306930693,0.0,0.6605504587155964,0.0,0.0
10505,0.6831683168316831,0.0,0.5779816513761468,0.03759398496240601,0.0
10506,0.6138613861386139,0.0,0.5504587155963303,0.005012531328320802,0.0
10507,0.5346534653465347,0.0,0.5321100917431193,0.0,0.0
10508,0.49504950495049505,0.0,0.6422018348623854,0.0,0.0
10509,0.6039603960396039,0.0,0.7155963302752294,0.0,0.0
10510,0.6336633663366337,0.0,0.6422018348623854,0.0,0.0
10511,0.7524752475247525,0.0,0.6788990825688074,0.017543859649122806,0.0
10512,0.6534653465346534,0.0,0.6146788990825688,0.06015037593984962,0.0
10513,0.6237623762376238,0.0,0.5504587155963303,0.0,0.0
10514,0.5742574257425743,0.0,0.5963302752293579,0.0,0.0
10515,0.6039603960396039,0.0,0.4954128440366973,0.05764411027568922,0.0
10516,0.48514851485148514,0.0,0.5596330275229359,0.005012531328320802,0.0
10517,0.5742574257425743,0.0,0.5963302752293579,0.0,0.0
10518,0.594059405940594,0.0,0.5779816513761468,0.0,0.0
10519,0.5346534653465347,0.0,0.6513761467889908,0.0,0.0
10520,0.6336633663366337,0.0,0.7522935779816514,0.0,0.0
10521,0.6732673267326732,0.0,0.7706422018348624,0.0,0.0
10522,0.6237623762376238,0.0,0.7614678899082569,0.015037593984962405,0.0
10523,0.4653465346534653,0.0,0.5412844036697249,0.02756892230576441,0.0
10524,0.5445544554455446,0.0,0.6238532110091743,0.0,0.0
10525,0.6831683168316831,0.0,0.5963302752293579,0.06516290726817042,0.0
10526,0.5346534653465347,0.0,0.5963302752293579,0.0,0.0
10527,0.5148514851485149,0.0,0.5871559633027523,0.0,0.0
10528,0.5148514851485149,0.0,0.5504587155963303,0.0,0.0
10529,0.49504950495049505,0.0,0.6697247706422019,0.0,0.0
10530,0.5841584158415842,0.0,0.6788990825688074,0.0,0.0
10531,0.5445544554455446,0.0,0.6146788990825688,0.0,0.0
10532,0.5247524752475248,0.0,0.6697247706422019,0.0,0.0
10533,0.5643564356435644,0.0,0.706422018348624,0.0,0.0
10534,0.6039603960396039,0.0,0.7247706422018348,0.0,0.0
10535,0.6435643564356436,0.0,0.7339449541284404,0.0,0.0
10536,0.6237623762376238,0.0,0.6697247706422019,0.0,0.0
10537,0.5742574257425743,0.0,0.5137614678899083,0.022556390977443608,0.0
10538,0.4554455445544554,0.0,0.5412844036697249,0.0,0.0
10539,0.5544554455445545,0.0,0.6146788990825688,0.0,0.0
10540,0.5247524752475248,0.0,0.5871559633027523,0.0,0.0
10541,0.5148514851485149,0.0,0.6330275229357799,0.0,0.0
10542,0.5742574257425743,0.0,0.6055045871559633,0.0,0.0
10543,0.5742574257425743,0.0,0.6146788990825688,0.005012531328320802,0.0
10544,0.6039603960396039,0.0,0.6146788990825688,0.2506265664160401,0.0
10545,,0.0,,0.0,0.0
10546,0.48514851485148514,0.0,0.46788990825688076,0.0,0.0
10547,0.594059405940594,0.0,0.6238532110091743,0.020050125313283207,0.0
10548,0.5643564356435644,0.0,0.48623853211009177,0.18295739348370926,0.0
10549,0.5247524752475248,0.0,0.47706422018348627,0.0,0.0
10550,0.48514851485148514,0.0,0.44036697247706424,0.0,0.0
10551,0.4752475247524752,0.0,0.3577981651376147,0.002506265664160401,0.0
10552,0.49504950495049505,0.0,0.3853211009174312,0.0,0.0
10553,0.5445544554455446,0.0,0.4954128440366973,0.07268170426065163,0.0
10554,0.5247524752475248,0.0,0.47706422018348627,0.0,0.0
10555,0.5247524752475248,0.0,0.43119266055045874,0.0,0.0
10556,0.5148514851485149,0.0,0.3944954128440367,0.0,0.0
10557,0.48514851485148514,0.2,0.3577981651376147,0.02756892230576441,0.06666666666666667
10558,0.4158415841584158,0.0,0.3486238532110092,0.0,0.03333333333333333
10559,0.3465346534653465,0.0,0.4036697247706422,0.0,0.03333333333333333
10560,0.4554455445544554,0.0,0.3944954128440367,0.0,0.0
10561,0.4455445544554455,,0.46788990825688076,0.0,0.0
10562,0.4554455445544554,,0.43119266055045874,0.0,0.0
10563,0.4554455445544554,,0.5321100917431193,,0.0
10564,0.40594059405940597,,0.5412844036697249,,0.0
10565,0.4554455445544554,,0.3761467889908257,0.0,0.0
10566,0.4653465346534653,,0.4036697247706422,0.0,0.0
10567,0.48514851485148514,,0.4036697247706422,0.06516290726817042,0.0
10568,0.4752475247524752,,0.43119266055045874,0.10025062656641603,0.0
10569,0.38613861386138615,,0.3211009174311927,0.042606516290726815,0.03333333333333333
10570,0.25742574257425743,,0.24770642201834864,0.0,0.0
10571,0.2871287128712871,,0.3486238532110092,0.0,0.0
10572,0.48514851485148514,,0.41284403669724773,0.0,0.0
10573,0.48514851485148514,,0.3944954128440367,0.0,0.0
10574,0.39603960396039606,,0.3761467889908257,0.0,0.0
10575,0.49504950495049505,,0.44036697247706424,0.0,0.0
10576,0.4455445544554455,,0.46788990825688076,0.0,0.0
10577,0.48514851485148514,,0.43119266055045874,0.0,0.0
10578,0.4653465346534653,,0.4036697247706422,0.0,0.0
10579,0.43564356435643564,,0.3669724770642202,0.0,0.0
10580,0.4554455445544554,,0.4954128440366973,0.0,0.0
10581,0.4455445544554455,,0.5321100917431193,0.03759398496240601,0.0
10582,0.40594059405940597,,0.48623853211009177,0.0,0.0
10583,0.39603960396039606,,0.43119266055045874,0.0,0.0
10584,0.43564356435643564,,0.44036697247706424,0.0,0.0
10585,0.43564356435643564,,0.3669724770642202,0.0,0.0
10586,0.38613861386138615,,0.30275229357798167,0.0,0.0
10587,0.36633663366336633,,0.27522935779816515,0.0,0.0
10588,0.3366336633663366,,0.29357798165137616,0.0,0.0
10589,0.4158415841584158,,0.3119266055045872,0.0,0.0
10590,,,0.42201834862385323,,0.0
10591,0.5445544554455446,,0.4036697247706422,,0.0
10592,0.4455445544554455,0.0,0.3944954128440367,0.37593984962406013,0.0
10593,0.3564356435643564,0.022222222222222223,0.28440366972477066,0.047619047619047616,0.0
10594,0.12871287128712872,0.0,0.1651376146788991,0.0,0.0
10595,0.2376237623762376,0.0,0.1651376146788991,0.0,0.0
10596,0.2772277227722772,0.0,0.1926605504587156,0.0,0.0
10597,0.3069306930693069,0.0,0.1834862385321101,0.0,0.0
10598,0.3267326732673267,0.0,0.23853211009174313,0.0,0.0
10599,0.2772277227722772,0.22222222222222224,0.22935779816513763,0.03508771929824561,0.06666666666666667
10600,0.1782178217821782,0.0,0.1926605504587156,0.0,0.03333333333333333
10601,0.2079207920792079,0.0,0.1743119266055046,0.0,0.03333333333333333
10602,0.12871287128712872,0.0,0.1559633027522936,0.0,0.03333333333333333
10603,0.25742574257425743,0.0,0.24770642201834864,0.0,0.03333333333333333
10604,0.3366336633663366,0.0,0.3669724770642202,0.0,0.03333333333333333
10605,,0.05555555555555556,,0.07769423558897243,0.06666666666666667
10606,0.1089108910891089,0.0,,0.0,0.06666666666666667
10607,0.25742574257425743,0.0,0.27522935779816515,0.0,0.03333333333333333
10608,0.3465346534653465,0.16666666666666669,0.3761467889908257,0.03007518796992481,0.1
10609,0.24752475247524752,0.0,0.26605504587155965,0.0,0.06666666666666667
10610,0.24752475247524752,0.0,0.26605504587155965,0.0,0.06666666666666667
10611,0.42574257425742573,0.0,0.3577981651376147,0.005012531328320802,0.06666666666666667
10612,0.4752475247524752,0.0,0.3211009174311927,0.002506265664160401,0.03333333333333333
10613,0.42574257425742573,0.05555555555555556,0.3302752293577982,0.0,0.06666666666666667
10614,0.3564356435643564,0.0,0.3486238532110092,0.0,0.03333333333333333
10615,0.4455445544554455,0.05555555555555556,0.4036697247706422,0.0,0.06666666666666667
10616,0.42574257425742573,0.0,0.3669724770642202,0.012531328320802004,0.03333333333333333
10617,0.42574257425742573,0.0,0.3394495412844037,0.0,0.03333333333333333
10618,0.4554455445544554,0.0,0.3394495412844037,0.0,0.03333333333333333
10619,0.4752475247524752,0.0,0.3669724770642202,0.0,0.03333333333333333
10620,0.4455445544554455,0.0,0.3577981651376147,0.0,0.03333333333333333
10621,0.38613861386138615,0.0,0.3211009174311927,0.0,0.03333333333333333
10622,0.38613861386138615,0.05555555555555556,0.29357798165137616,0.005012531328320802,0.03333333333333333
10623,0.38613861386138615,0.0,0.27522935779816515,0.0,0.03333333333333333
10624,0.24752475247524752,0.0,0.25688073394495414,0.0,0.03333333333333333
10625,0.2871287128712871,0.0,0.29357798165137616,0.0,0.03333333333333333
10626,,0.0,0.28440366972477066,0.0,0.03333333333333333
10627,0.1485148514851485,0.0,0.23853211009174313,0.0,0.03333333333333333
10628,0.1485148514851485,0.0,0.24770642201834864,0.0,0.03333333333333333
10629,0.297029702970297,0.0,0.29357798165137616,0.0,0.03333333333333333
10630,0.198019801980198,0.0,0.26605504587155965,0.0,0.03333333333333333
10631,0.12871287128712872,0.0,0.2018348623853211,0.0,0.03333333333333333
10632,0.18811881188118812,0.0,0.1743119266055046,0.0,0.03333333333333333
10633,0.18811881188118812,0.0,0.1651376146788991,0.0,0.03333333333333333
10634,0.31683168316831684,0.0,0.2018348623853211,0.0,0.03333333333333333
10635,0.1683168316831683,0.33333333333333337,0.22018348623853212,0.017543859649122806,0.13333333333333333
10636,0.2079207920792079,0.0,0.22018348623853212,0.0,0.13333333333333333
10637,0.3366336633663366,0.0,0.22018348623853212,0.0,0.13333333333333333
10638,0.26732673267326734,0.0,0.2018348623853211,0.0,0.13333333333333333
10639,0.1089108910891089,0.0,0.14678899082568808,0.0,0.1
10640,0.1485148514851485,0.0,0.1834862385321101,0.0,0.1
10641,0.18811881188118812,0.05555555555555556,0.21100917431192662,0.002506265664160401,0.13333333333333333
10642,0.2079207920792079,0.0,0.3577981651376147,0.0,0.13333333333333333
10643,0.4158415841584158,0.0,0.4036697247706422,0.05012531328320802,0.06666666666666667
10644,0.48514851485148514,0.0,0.3853211009174312,0.0,0.03333333333333333
10645,0.5544554455445545,0.0,0.44036697247706424,0.020050125313283207,0.03333333333333333
10646,0.49504950495049505,0.0,0.42201834862385323,0.0,0.03333333333333333
10647,0.4455445544554455,0.0,0.3486238532110092,0.0,0.0
10648,0.39603960396039606,0.11111111111111112,0.3761467889908257,0.02506265664160401,0.03333333333333333
10649,0.39603960396039606,0.0,0.43119266055045874,0.0,0.0
10650,0.4554455445544554,0.0,0.42201834862385323,0.0,0.0
10651,0.5544554455445545,0.0,0.42201834862385323,0.005012531328320802,0.0
10652,0.5544554455445545,0.0,0.3944954128440367,0.015037593984962405,0.0
10653,0.5445544554455446,0.0,0.5137614678899083,0.0,0.0
10654,0.6732673267326732,0.0,0.6146788990825688,0.06265664160401002,0.0
10655,0.5445544554455446,0.0,0.4954128440366973,0.0,0.0
10656,0.5247524752475248,0.0,0.44036697247706424,0.002506265664160401,0.0
10657,0.5346534653465347,0.0,0.46788990825688076,0.0,0.0
10658,0.5544554455445545,0.0,0.46788990825688076,0.0,0.0
10659,0.5346534653465347,0.0,0.44954128440366975,0.0,0.0
10660,0.43564356435643564,0.0,0.3853211009174312,0.05263157894736842,0.0
10661,0.3366336633663366,0.0,0.24770642201834864,0.0,0.0
10662,0.39603960396039606,0.0,0.4036697247706422,0.0,0.0
10663,0.5247524752475248,0.0,0.5412844036697249,0.0,0.0
10664,0.5148514851485149,0.0,0.5229357798165137,0.05012531328320802,0.0
10665,0.36633663366336633,0.0,0.3211009174311927,0.0,0.0
10666,0.43564356435643564,0.0,0.44036697247706424,0.0,0.0
10667,0.504950495049505,0.0,0.5779816513761468,0.0,0.0
10668,0.6138613861386139,0.0,0.6697247706422019,0.002506265664160401,0.0
10669,0.6138613861386139,0.0,0.6513761467889908,0.0,0.0
10670,0.5841584158415842,0.0,0.5871559633027523,0.0,0.0
10671,0.594059405940594,0.0,0.6238532110091743,0.0,0.0
10672,0.5643564356435644,0.0,0.6697247706422019,0.0,0.0
10673,0.6732673267326732,0.0,0.6697247706422019,0.005012531328320802,0.0
10674,0.6336633663366337,0.0,0.5871559633027523,0.0,0.0
10675,0.49504950495049505,0.0,0.43119266055045874,0.0,0.0
10676,0.4554455445544554,0.0,0.3394495412844037,0.012531328320802004,0.0
10677,0.4158415841584158,0.0,0.3853211009174312,0.0,0.0
10678,0.48514851485148514,0.0,0.46788990825688076,0.0,0.0
10679,0.6732673267326732,0.0,0.6422018348623854,0.14786967418546365,0.0
10680,0.7524752475247525,0.0,0.6330275229357799,0.17794486215538846,0.0
10681,0.6336633663366337,0.0,0.6238532110091743,0.10526315789473684,0.0
10682,0.5742574257425743,0.0,0.46788990825688076,0.0,0.0
10683,0.6138613861386139,0.0,0.5779816513761468,0.02756892230576441,0.0
10684,0.5445544554455446,0.0,0.5045871559633028,0.005012531328320802,0.0
10685,0.5346534653465347,0.0,0.5045871559633028,0.0,0.0
10686,0.504950495049505,0.0,0.5321100917431193,0.08270676691729323,0.0
10687,0.49504950495049505,0.0,0.5229357798165137,0.017543859649122806,0.0
10688,0.43564356435643564,0.0,0.4036697247706422,0.0,0.0
10689,,0.0,,0.11528822055137844,0.0
10690,0.5148514851485149,0.0,0.42201834862385323,0.12030075187969924,0.0
10691,0.5148514851485149,0.0,0.48623853211009177,0.0,0.0
10692,0.5445544554455446,0.0,0.48623853211009177,0.0,0.0
10693,0.6237623762376238,0.0,0.7155963302752294,0.05012531328320802,0.0
10694,0.7029702970297029,0.0,0.7247706422018348,0.0,0.0
10695,0.7128712871287128,0.0,0.6238532110091743,0.11278195488721804,0.0
10696,0.6138613861386139,0.0,0.5412844036697249,0.0,0.0
10697,0.6336633663366337,0.0,0.5321100917431193,0.0,0.0
10698,0.5742574257425743,0.0,0.5963302752293579,0.0,0.0
10699,0.5841584158415842,0.0,0.6055045871559633,0.0,0.0
10700,0.5742574257425743,0.0,0.6238532110091743,0.0,0.0
10701,0.6138613861386139,0.0,0.6880733944954128,0.0,0.0
10702,0.6732673267326732,0.0,0.6788990825688074,0.0,0.0
10703,0.6732673267326732,0.0,0.6972477064220184,0.0,0.0
10704,0.693069306930693,0.0,0.7247706422018348,0.0,0.0
10705,0.7425742574257426,0.0,0.706422018348624,0.012531328320802004,0.0
10706,0.801980198019802,0.0,0.6880733944954128,0.015037593984962405,0.0
10707,0.7227722772277227,0.0,0.6788990825688074,0.042606516290726815,0.0
10708,0.6237623762376238,0.0,0.5688073394495413,0.07268170426065163,0.0
10709,0.6435643564356436,0.0,0.5504587155963303,0.0,0.0
10710,0.5544554455445545,0.0,0.5596330275229359,0.045112781954887216,0.0
10711,0.6831683168316831,0.0,0.5412844036697249,0.03508771929824561,0.0
10712,0.5247524752475248,0.0,0.5688073394495413,0.0,0.0
10713,0.6138613861386139,0.0,0.7339449541284404,0.0,0.0
10714,0.7920792079207921,0.0,0.7339449541284404,0.09022556390977443,0.0
10715,0.6336633663366337,0.0,0.5963302752293579,0.0,0.0
10716,0.5445544554455446,0.0,0.5779816513761468,0.0,0.0
10717,0.6732673267326732,0.0,0.7155963302752294,0.0,0.0
10718,0.7227722772277227,0.0,0.7889908256880734,0.0,0.0
10719,0.8712871287128713,0.0,0.8348623853211009,0.0,0.0
10720,0.8514851485148515,0.0,0.8348623853211009,0.0,0.0
10721,0.8316831683168316,0.0,0.8256880733944955,0.0,0.0
10722,,0.0,0.8440366972477065,0.0,0.0
10723,0.7029702970297029,0.0,,0.0,0.0
10724,0.6336633663366337,0.0,0.6422018348623854,0.10025062656641603,0.0
10725,0.7029702970297029,0.0,0.7155963302752294,0.0,0.0
10726,0.7821782178217822,0.0,0.6788990825688074,0.11528822055137844,0.0
10727,0.6336633663366337,0.0,0.6605504587155964,0.0,0.0
10728,,0.0,0.7155963302752294,0.0,0.0
10729,0.6336633663366337,0.0,0.7889908256880734,0.0,0.0
10730,0.7326732673267327,0.0,0.81651376146789,0.0,0.0
10731,0.7326732673267327,0.0,0.7706422018348624,0.0,0.0
10732,0.7425742574257426,0.0,0.743119266055046,0.0,0.0
10733,0.6534653465346534,0.0,0.6880733944954128,0.0,0.0
10734,0.6831683168316831,0.0,0.7614678899082569,0.0,0.0
10735,0.6831683168316831,0.0,0.7522935779816514,0.06516290726817042,0.0
10736,0.6534653465346534,0.0,0.5045871559633028,0.3132832080200501,0.0
10737,0.6633663366336633,0.0,0.5963302752293579,0.09022556390977443,0.0
10738,0.6336633663366337,0.0,0.6513761467889908,0.0,0.0
10739,0.7920792079207921,0.0,0.6513761467889908,0.03007518796992481,0.0
10740,0.6534653465346534,0.0,0.7247706422018348,0.0,0.0
10741,0.7326732673267327,0.0,0.7339449541284404,0.002506265664160401,0.0
10742,0.7425742574257426,0.0,0.706422018348624,0.015037593984962405,0.0
10743,0.7821782178217822,0.0,0.7706422018348624,0.0,0.0
10744,0.7227722772277227,0.0,0.7522935779816514,0.0,0.0
10745,0.7722772277227723,0.0,0.81651376146789,0.0,0.0
10746,0.8415841584158416,0.0,0.853211009174312,0.0,0.0
10747,0.8613861386138614,0.0,0.8440366972477065,0.0,0.0
10748,0.801980198019802,0.0,0.8073394495412844,0.0,0.0
10749,0.8613861386138614,0.0,0.8073394495412844,0.0,0.0
10750,0.8910891089108911,0.0,0.8256880733944955,0.05263157894736842,0.0
10751,0.9207920792079208,0.0,0.8623853211009175,0.0,0.0
10752,0.8514851485148515,0.0,0.8623853211009175,0.0,0.0
10753,0.7227722772277227,0.0,0.7339449541284404,0.03759398496240601,0.0
10754,0.7029702970297029,0.0,0.7339449541284404,0.0,0.0
10755,0.7425742574257426,0.0,0.7522935779816514,0.0,0.0
10756,0.7920792079207921,0.0,0.8440366972477065,0.0,0.0
10757,0.8712871287128713,0.0,0.8715596330275229,0.0,0.0
10758,0.8118811881188118,0.0,0.8623853211009175,0.0,0.0
10759,0.9405940594059405,0.0,0.8715596330275229,0.0,0.0
10760,0.7821782178217822,0.0,0.8440366972477065,0.0,0.0
10761,0.7722772277227723,0.0,0.8073394495412844,0.0,0.0
10762,0.8415841584158416,0.0,0.8348623853211009,0.0,0.0
10763,0.8613861386138614,0.0,0.8348623853211009,0.16541353383458646,0.0
10764,0.8316831683168316,0.0,0.8256880733944955,0.0,0.0
10765,0.7623762376237624,0.0,0.7981651376146789,0.0,0.0
10766,0.7128712871287128,0.0,0.7155963302752294,0.0,0.0
10767,0.6732673267326732,0.0,0.7247706422018348,0.0,0.0
10768,0.7029702970297029,0.0,0.7889908256880734,0.0,0.0
10769,0.6534653465346534,0.0,0.8348623853211009,0.0,0.0
10770,0.8514851485148515,0.0,0.81651376146789,0.0,0.0
10771,0.8316831683168316,0.0,0.8073394495412844,0.002506265664160401,0.0
10772,0.8217821782178217,0.0,0.6513761467889908,1.0,0.0
10773,0.801980198019802,0.0,0.6422018348623854,0.040100250626566414,0.0
10774,0.7920792079207921,0.0,0.7247706422018348,0.0,0.0
10775,0.7821782178217822,0.0,0.779816513761468,0.0,0.0
10776,,0.0,0.7706422018348624,0.18295739348370926,0.0
10777,0.7326732673267327,0.0,,0.0,0.0
10778,0.7227722772277227,0.0,0.7522935779816514,0.0,0.0
10779,0.7524752475247525,0.0,0.779816513761468,0.0,0.0
10780,0.7821782178217822,0.0,0.81651376146789,0.0,0.0
10781,0.8613861386138614,0.0,0.8073394495412844,0.09523809523809523,0.0
10782,0.8217821782178217,0.0,0.81651376146789,0.0,0.0
10783,0.8712871287128713,0.0,0.8256880733944955,0.0,0.0
10784,0.8613861386138614,0.0,0.8348623853211009,0.0,0.0
10785,0.9207920792079208,0.0,0.81651376146789,0.005012531328320802,0.0
10786,0.8712871287128713,0.0,0.853211009174312,0.0,0.0
10787,0.8712871287128713,0.0,0.8715596330275229,0.0,0.0
10788,0.8415841584158416,0.0,0.8623853211009175,0.0,0.0
10789,0.801980198019802,0.0,0.8256880733944955,0.0,0.0
10790,0.7425742574257426,0.0,0.7706422018348624,0.0,0.0
10791,0.7524752475247525,0.0,0.7981651376146789,0.0,0.0
10792,0.7623762376237624,0.0,0.81651376146789,0.0,0.0
10793,0.801980198019802,0.0,0.8348623853211009,0.0,0.0
10794,0.8118811881188118,0.0,0.853211009174312,0.0,0.0
10795,0.8316831683168316,0.0,0.8715596330275229,0.08020050125313283,0.0
10796,0.9108910891089109,0.0,0.853211009174312,0.0,0.0
10797,0.9306930693069307,0.0,0.8073394495412844,0.02506265664160401,0.0
10798,0.8811881188118812,0.0,0.779816513761468,0.02756892230576441,0.0
10799,0.801980198019802,0.0,0.8440366972477065,0.0,0.0
10800,,0.0,0.8440366972477065,0.16290726817042606,0.0
10801,,0.0,,0.0,0.0
10802,0.8118811881188118,0.0,0.81651376146789,0.0,0.0
10803,0.9207920792079208,0.0,0.81651376146789,0.6265664160401002,0.0
10804,0.8811881188118812,0.0,0.81651376146789,0.05263157894736842,0.0
10805,0.8613861386138614,0.0,0.779816513761468,0.20551378446115287,0.0
10806,0.801980198019802,0.0,0.7889908256880734,0.0,0.0
10807,0.8415841584158416,0.0,0.8348623853211009,0.015037593984962405,0.0
10808,0.8712871287128713,0.0,0.8348623853211009,0.0,0.0
10809,0.8811881188118812,0.0,0.7981651376146789,0.08020050125313283,0.0
10810,0.8415841584158416,0.0,0.8715596330275229,0.0,0.0
10811,0.9306930693069307,0.0,0.8623853211009175,0.0,0.0
10812,0.8514851485148515,0.0,0.81651376146789,0.03759398496240601,0.0
10813,0.801980198019802,0.0,0.7981651376146789,0.05012531328320802,0.0
10814,0.7029702970297029,0.0,0.7247706422018348,0.11779448621553884,0.0
10815,0.801980198019802,0.0,0.7706422018348624,0.0,0.0
10816,0.7623762376237624,0.0,0.7247706422018348,0.0,0.0
10817,0.8118811881188118,0.0,0.706422018348624,0.012531328320802004,0.0
10818,0.6633663366336633,0.0,0.6880733944954128,0.0,0.0
10819,0.6633663366336633,0.0,0.706422018348624,0.0,0.0
10820,0.7722772277227723,0.0,0.706422018348624,0.0,0.0
10821,0.801980198019802,0.0,0.743119266055046,0.43107769423558895,0.0
10822,0.8613861386138614,0.0,0.7889908256880734,0.0,0.0
10823,0.8514851485148515,0.0,0.7614678899082569,0.0,0.0
10824,0.8217821782178217,0.0,0.7706422018348624,0.06265664160401002,0.0
10825,0.8217821782178217,0.0,0.7522935779816514,0.0,0.0
10826,0.8613861386138614,0.0,0.7889908256880734,0.007518796992481203,0.0
10827,0.8811881188118812,0.0,0.7614678899082569,0.06015037593984962,0.0
10828,0.7425742574257426,0.0,0.7522935779816514,0.0,0.0
10829,0.8217821782178217,0.0,0.7614678899082569,0.0,0.0
10830,0.801980198019802,0.0,0.7155963302752294,0.0,0.0
10831,0.8217821782178217,0.0,0.7614678899082569,0.0,0.0
10832,0.8514851485148515,0.0,0.7706422018348624,0.03007518796992481,0.0
10833,0.8514851485148515,0.0,0.8348623853211009,0.6040100250626566,0.0
10834,0.8316831683168316,0.0,0.8440366972477065,0.0,0.0
10835,0.8316831683168316,0.0,0.8348623853211009,0.0,0.0
10836,0.8811881188118812,0.0,0.81651376146789,0.0,0.0
10837,0.8613861386138614,0.0,0.8073394495412844,0.0,0.0
10838,0.8217821782178217,0.0,0.7981651376146789,0.0,0.0
10839,0.8118811881188118,0.0,0.8073394495412844,0.0,0.0
10840,0.8316831683168316,0.0,0.81651376146789,0.0,0.0
10841,0.7524752475247525,0.0,0.779816513761468,0.0,0.0
10842,0.6435643564356436,0.0,0.6788990825688074,0.0,0.0
10843,0.6435643564356436,0.0,0.6972477064220184,0.0,0.0
10844,0.8811881188118812,0.0,0.7889908256880734,0.0,0.0
10845,0.801980198019802,0.0,0.6972477064220184,0.0,0.0
10846,0.7425742574257426,0.0,0.8073394495412844,0.0,0.0
10847,0.8514851485148515,0.0,0.7981651376146789,0.0,0.0
10848,0.7722772277227723,0.0,0.706422018348624,0.19047619047619047,0.0
10849,0.6633663366336633,0.0,0.6788990825688074,0.0,0.0
10850,0.6435643564356436,0.0,,0.0,0.0
10851,0.6435643564356436,0.0,0.7522935779816514,0.0,0.0
10852,0.7425742574257426,0.0,0.779816513761468,0.0,0.0
10853,0.6336633663366337,0.0,0.7706422018348624,0.0,0.0
10854,0.6237623762376238,0.0,0.7155963302752294,0.0,0.0
10855,0.7623762376237624,0.0,0.6972477064220184,0.0,0.0
10856,0.7128712871287128,0.0,0.6513761467889908,0.0,0.0
10857,0.6336633663366337,0.0,0.6605504587155964,0.0,0.0
10858,0.6336633663366337,0.0,0.7247706422018348,0.0,0.0
10859,0.7326732673267327,0.0,0.779816513761468,0.0,0.0
10860,0.6732673267326732,0.0,0.7889908256880734,0.0,0.0
10861,0.6732673267326732,0.0,0.779816513761468,0.0,0.0
10862,0.7425742574257426,0.0,0.7522935779816514,0.0,0.0
10863,0.7227722772277227,0.0,0.7889908256880734,0.0,0.0
10864,0.7524752475247525,0.0,0.8073394495412844,0.0,0.0
10865,0.7623762376237624,0.0,0.7889908256880734,0.0,0.0
10866,0.7524752475247525,0.0,0.7339449541284404,0.0,0.0
10867,0.7821782178217822,0.0,0.6880733944954128,0.015037593984962405,0.0
10868,0.7227722772277227,0.0,0.6422018348623854,0.05513784461152882,0.0
10869,0.6039603960396039,0.0,0.6146788990825688,0.0,0.0
10870,0.6336633663366337,0.0,0.5688073394495413,0.0,0.0
10871,0.6237623762376238,0.0,0.5504587155963303,0.12030075187969924,0.0
10872,0.5742574257425743,0.0,0.6422018348623854,0.0,0.0
10873,0.6732673267326732,0.0,0.6513761467889908,0.002506265664160401,0.0
10874,0.5445544554455446,0.0,0.5137614678899083,0.0,0.0
10875,0.5247524752475248,0.0,0.5045871559633028,0.0,0.0
10876,0.6435643564356436,0.0,0.5688073394495413,0.05513784461152882,0.0
10877,0.5544554455445545,0.0,0.5412844036697249,0.005012531328320802,0.0
10878,0.5247524752475248,0.0,0.5504587155963303,0.0,0.0
10879,0.5247524752475248,0.0,0.5871559633027523,0.0,0.0
10880,0.6732673267326732,0.0,0.5871559633027523,0.010025062656641603,0.0
10881,0.7128712871287128,0.0,0.6605504587155964,0.0,0.0
10882,0.7326732673267327,0.0,0.6513761467889908,0.0,0.0
10883,0.7029702970297029,0.0,0.7339449541284404,0.020050125313283207,0.0
10884,0.8316831683168316,0.0,0.7706422018348624,0.14536340852130325,0.0
10885,0.8613861386138614,0.0,0.779816513761468,0.0,0.0
10886,0.8514851485148515,0.0,0.7981651376146789,0.0,0.0
10887,0.6435643564356436,0.0,0.6880733944954128,0.020050125313283207,0.0
10888,0.6534653465346534,0.0,0.4954128440366973,0.002506265664160401,0.0
10889,0.5445544554455446,0.0,0.47706422018348627,0.0,0.0
10890,0.5445544554455446,0.0,0.46788990825688076,0.0,0.0
10891,0.49504950495049505,0.0,0.5779816513761468,0.0,0.0
10892,0.6435643564356436,0.0,0.6146788990825688,0.0,0.0
10893,0.5643564356435644,0.0,0.6055045871559633,0.0,0.0
10894,0.5643564356435644,0.0,0.5779816513761468,0.0,0.0
10895,0.7029702970297029,0.0,0.7155963302752294,0.0,0.0
10896,0.693069306930693,0.0,0.6972477064220184,0.07518796992481203,0.0
10897,0.5445544554455446,0.0,0.4954128440366973,0.05263157894736842,0.0
10898,0.49504950495049505,0.0,0.5229357798165137,0.0,0.0
10899,0.5742574257425743,0.0,0.5045871559633028,0.0,0.0
10900,0.5148514851485149,0.0,0.5596330275229359,0.0,0.0
10901,0.6435643564356436,0.0,0.5137614678899083,0.012531328320802004,0.0
10902,0.5643564356435644,0.0,0.46788990825688076,0.02506265664160401,0.0
10903,0.5247524752475248,0.0,0.43119266055045874,0.002506265664160401,0.0
10904,0.5544554455445545,0.0,0.44954128440366975,0.002506265664160401,0.0
10905,0.5544554455445545,0.0,0.44954128440366975,0.13533834586466165,0.0
10906,0.5247524752475248,0.0,0.41284403669724773,0.007518796992481203,0.0
10907,0.4455445544554455,0.0,0.44036697247706424,0.0,0.0
10908,0.504950495049505,0.0,0.44036697247706424,0.0,0.0
10909,0.4455445544554455,0.0,0.43119266055045874,0.0,0.0
10910,0.5445544554455446,0.0,0.47706422018348627,0.0,0.0
10911,0.49504950495049505,0.0,0.45871559633027525,0.0,0.0
10912,0.5445544554455446,0.0,0.6238532110091743,0.0,0.0
10913,0.594059405940594,0.0,0.6422018348623854,0.0,0.0
10914,0.5841584158415842,0.0,0.6513761467889908,0.0,0.0
10915,0.594059405940594,0.0,0.6146788990825688,0.03508771929824561,0.0
10916,0.6633663366336633,0.0,0.6146788990825688,0.002506265664160401,0.0
10917,0.7425742574257426,0.0,0.6055045871559633,0.03759398496240601,0.0
10918,0.6237623762376238,0.0,0.5963302752293579,0.16040100250626566,0.0
10919,0.5346534653465347,0.0,0.46788990825688076,0.22055137844611528,0.0
10920,0.5247524752475248,0.0,0.45871559633027525,0.0,0.0
10921,0.6534653465346534,0.0,0.5688073394495413,0.19047619047619047,0.0
10922,0.5742574257425743,0.0,0.45871559633027525,0.002506265664160401,0.0
10923,0.5148514851485149,0.03333333333333333,0.44036697247706424,0.14035087719298245,0.0
10924,0.4455445544554455,0.0,0.3394495412844037,0.0,0.0
10925,0.43564356435643564,0.022222222222222223,0.3211009174311927,0.0,0.0
10926,0.4554455445544554,0.05555555555555556,0.3394495412844037,0.007518796992481203,0.03333333333333333
10927,0.3267326732673267,0.0,0.30275229357798167,0.0,0.0
10928,0.4158415841584158,0.0,0.3577981651376147,0.0,0.0
10929,0.4653465346534653,0.0,0.3944954128440367,0.0,0.0
10930,0.5247524752475248,0.0,0.5137614678899083,0.0,0.0
10931,0.5445544554455446,0.0,0.46788990825688076,0.0,0.0
10932,,0.0,0.48623853211009177,0.0,0.0
10933,0.4752475247524752,0.0,0.42201834862385323,0.007518796992481203,0.0
10934,0.36633663366336633,0.0,0.44036697247706424,0.0,0.0
10935,0.4653465346534653,0.0,0.46788990825688076,0.0,0.0
10936,0.6138613861386139,0.0,0.5871559633027523,0.0,0.0
10937,0.5445544554455446,0.0,0.5504587155963303,0.05513784461152882,0.0
10938,0.4752475247524752,0.0,0.3486238532110092,0.0,0.0
10939,0.42574257425742573,0.0,0.3761467889908257,0.0,0.0
10940,0.4158415841584158,0.0,0.41284403669724773,0.0,0.0
10941,0.42574257425742573,0.0,0.3853211009174312,0.0,0.0
10942,0.3069306930693069,0.05555555555555556,0.25688073394495414,0.005012531328320802,0.03333333333333333
10943,0.3267326732673267,0.0,0.3119266055045872,0.0,0.0
10944,0.4455445544554455,0.0,0.43119266055045874,0.0,0.0
10945,0.4554455445544554,0.0,0.4036697247706422,0.0,0.0
10946,0.43564356435643564,0.0,0.45871559633027525,0.0,0.0
10947,0.594059405940594,0.0,0.44954128440366975,0.15288220551378445,0.0
10948,0.6435643564356436,0.0,0.5321100917431193,0.10025062656641603,0.0
10949,0.7029702970297029,0.0,0.5779816513761468,0.2882205513784461,0.0
10950,0.5841584158415842,0.0,0.5412844036697249,0.10025062656641603,0.0
10951,0.504950495049505,0.0,0.3761467889908257,0.010025062656641603,0.0
10952,0.5346534653465347,0.0,0.4036697247706422,0.0,0.0
10953,0.48514851485148514,0.0,0.3853211009174312,0.0,0.0
10954,0.504950495049505,0.0,0.3577981651376147,0.0,0.0
10955,0.4653465346534653,0.0,0.3302752293577982,0.0,0.0
10956,0.4752475247524752,0.0,0.3302752293577982,0.0,0.0
10957,0.4554455445544554,0.0,0.3486238532110092,0.0,0.0
10958,0.48514851485148514,0.0,0.3486238532110092,0.0,0.0
10959,0.4752475247524752,0.0,0.3486238532110092,0.0,0.0
10960,0.4455445544554455,0.0,0.30275229357798167,0.0,0.0
10961,0.42574257425742573,0.03333333333333333,0.30275229357798167,0.007518796992481203,0.0
10962,0.3366336633663366,0.011111111111111112,0.30275229357798167,0.0,0.0
10963,0.37623762376237624,0.0,0.3119266055045872,0.0,0.0
10964,0.31683168316831684,0.0,0.27522935779816515,0.0,0.0
10965,0.3465346534653465,0.0,0.28440366972477066,0.0,0.0
10966,0.3564356435643564,0.0,0.3761467889908257,0.0,0.0
10967,0.5544554455445545,0.0,0.5412844036697249,0.06015037593984962,0.0
10968,0.3564356435643564,0.0,0.3669724770642202,0.03258145363408521,0.0
10969,0.4158415841584158,0.0,0.44036697247706424,0.0,0.0
10970,0.48514851485148514,0.0,0.46788990825688076,0.005012531328320802,0.0
10971,0.504950495049505,0.0,0.4036697247706422,0.0,0.0
10972,0.5445544554455446,0.0,0.46788990825688076,0.0,0.0
10973,0.5841584158415842,0.0,0.45871559633027525,0.03258145363408521,0.0
10974,0.5445544554455446,0.0,0.41284403669724773,0.0,0.0
10975,0.5148514851485149,0.0,0.4036697247706422,0.0,0.0
10976,0.43564356435643564,0.0,0.3853211009174312,0.0,0.0
10977,0.42574257425742573,0.0,0.3853211009174312,0.0,0.0
10978,0.5148514851485149,0.0,0.3944954128440367,0.0,0.0
10979,,0.05555555555555556,0.3119266055045872,,0.03333333333333333
10980,0.2871287128712871,0.16666666666666669,0.22018348623853212,0.020050125313283207,0.06666666666666667
10981,,0.22222222222222224,0.3577981651376147,0.012531328320802004,0.13333333333333333
10982,0.2376237623762376,0.0,0.28440366972477066,0.0,0.13333333333333333
10983,0.26732673267326734,0.0,0.3211009174311927,0.0,0.13333333333333333
10984,0.25742574257425743,0.0,0.26605504587155965,0.0,0.13333333333333333
10985,0.2772277227722772,0.0,0.1834862385321101,0.0,0.13333333333333333
10986,0.24752475247524752,0.0,0.25688073394495414,0.0,0.13333333333333333
10987,0.2376237623762376,0.0,0.22935779816513763,0.0,0.13333333333333333
10988,0.198019801980198,0.0,0.23853211009174313,0.0,0.1
10989,0.24752475247524752,0.0,0.28440366972477066,0.0,0.1
10990,0.2772277227722772,0.0,0.29357798165137616,0.0,0.1
10991,,0.0,0.28440366972477066,0.0,0.1
10992,,0.0,0.29357798165137616,0.0,0.06666666666666667
10993,0.4158415841584158,,0.3302752293577982,0.007518796992481203,0.1
10994,0.25742574257425743,0.0,0.3394495412844037,0.0,0.06666666666666667
10995,0.2772277227722772,0.0,0.3211009174311927,0.0,0.06666666666666667
10996,0.36633663366336633,0.022222222222222223,0.3211009174311927,0.005012531328320802,0.06666666666666667
10997,0.31683168316831684,0.0,0.3119266055045872,0.0,
10998,0.36633663366336633,0.0,0.27522935779816515,0.0,0.03333333333333333
10999,0.31683168316831684,0.0,0.27522935779816515,0.0,0.03333333333333333
11000,0.2772277227722772,0.0,0.3302752293577982,0.0,0.03333333333333333
11001,0.4752475247524752,0.0,0.3577981651376147,0.0,0.03333333333333333
11002,0.4752475247524752,0.11111111111111112,0.3577981651376147,0.012531328320802004,0.06666666666666667
11003,0.2772277227722772,0.2777777777777778,0.29357798165137616,0.03007518796992481,0.16666666666666666
11004,,0.03333333333333333,0.22018348623853212,,0.16666666666666666
11005,0.21782178217821782,0.0,0.3211009174311927,0.0,0.16666666666666666
11006,0.43564356435643564,0.0,0.44954128440366975,0.0,0.13333333333333333
11007,0.5643564356435644,0.0,0.41284403669724773,0.0,0.03333333333333333
11008,0.5445544554455446,0.0,0.41284403669724773,0.0,0.03333333333333333
11009,0.5643564356435644,0.0,0.44954128440366975,0.13533834586466165,0.0
11010,0.5544554455445545,0.0,0.4036697247706422,0.002506265664160401,0.0
11011,0.504950495049505,0.0,0.3853211009174312,0.0,0.0
11012,0.4455445544554455,0.0,0.3486238532110092,0.0,0.0
11013,0.39603960396039606,,0.27522935779816515,0.005012531328320802,0.03333333333333333
11014,0.39603960396039606,,0.3211009174311927,0.0,0.03333333333333333
11015,0.3564356435643564,,0.3211009174311927,0.005012531328320802,0.03333333333333333
11016,,,0.25688073394495414,0.0,0.03333333333333333
11017,0.25742574257425743,0.0,0.23853211009174313,0.0,0.06666666666666667
11018,0.2079207920792079,0.0,0.27522935779816515,0.0,0.03333333333333333
11019,0.2871287128712871,0.0,0.3211009174311927,0.0,0.03333333333333333
11020,0.40594059405940597,0.0,0.43119266055045874,0.0,0.0
11021,0.49504950495049505,0.0,0.4036697247706422,0.015037593984962405,0.0
11022,0.37623762376237624,0.0,0.3394495412844037,0.012531328320802004,0.0
11023,0.4752475247524752,0.0,0.3944954128440367,0.0,0.0
11024,0.5148514851485149,0.05555555555555556,0.3761467889908257,0.20050125313283207,0.03333333333333333
11025,0.4752475247524752,0.0,0.4036697247706422,0.0,0.0
11026,0.5445544554455446,0.0,0.4954128440366973,0.0,0.0
11027,0.48514851485148514,0.0,0.44954128440366975,0.0,0.0
11028,0.3564356435643564,0.0,0.3119266055045872,0.0,0.0
11029,0.4554455445544554,0.0,0.3761467889908257,0.007518796992481203,0.0
11030,0.42574257425742573,0.0,0.41284403669724773,0.0,0.0
11031,0.4752475247524752,0.0,0.46788990825688076,0.0,0.0
11032,0.6138613861386139,0.0,0.5963302752293579,0.0,0.0
11033,0.5346534653465347,0.0,0.5321100917431193,0.19548872180451127,0.0
11034,0.49504950495049505,0.0,0.5137614678899083,0.0,0.0
11035,0.5841584158415842,0.0,0.5321100917431193,0.0,0.0
11036,0.6039603960396039,0.0,0.5596330275229359,0.0,0.0
11037,0.5643564356435644,0.0,0.5229357798165137,0.13533834586466165,0.0
11038,0.48514851485148514,0.0,0.44954128440366975,0.0,0.0
11039,0.504950495049505,0.0,0.44954128440366975,0.0,0.0
11040,0.5841584158415842,0.0,0.44036697247706424,0.012531328320802004,0.0
11041,0.5247524752475248,0.0,0.41284403669724773,0.09774436090225563,0.0
11042,0.48514851485148514,0.0,0.43119266055045874,0.0,0.0
11043,0.48514851485148514,0.0,0.5412844036697249,0.0,0.0
11044,0.5544554455445545,0.0,0.5321100917431193,0.0,0.0
11045,0.6039603960396039,0.0,0.46788990825688076,0.10776942355889724,0.0
11046,0.5445544554455446,0.0,0.48623853211009177,0.002506265664160401,0.0
11047,0.594059405940594,0.0,0.45871559633027525,0.08270676691729323,0.0
11048,0.594059405940594,0.0,0.47706422018348627,0.005012531328320802,0.0
11049,0.6138613861386139,0.0,0.5045871559633028,0.010025062656641603,0.0
11050,0.5544554455445545,0.0,0.5045871559633028,0.0,0.0
11051,0.6138613861386139,0.0,0.4954128440366973,0.08521303258145363,0.0
11052,0.5445544554455446,0.0,0.5871559633027523,0.002506265664160401,0.0
11053,0.5742574257425743,0.0,0.6055045871559633,0.0,0.0
11054,0.6435643564356436,0.0,0.5688073394495413,0.0,0.0
11055,0.6633663366336633,0.0,0.6605504587155964,0.007518796992481203,0.0
11056,0.594059405940594,0.0,0.5412844036697249,0.05764411027568922,0.0
11057,0.594059405940594,0.0,0.44954128440366975,0.05012531328320802,0.0
11058,0.5841584158415842,0.0,0.5779816513761468,0.0,0.0
11059,0.6534653465346534,0.0,0.5688073394495413,0.047619047619047616,0.0
11060,0.6237623762376238,0.0,0.5045871559633028,0.0,0.0
11061,0.6138613861386139,0.0,0.4954128440366973,0.14285714285714285,0.0
11062,0.6237623762376238,0.0,0.45871559633027525,0.05764411027568922,0.0
11063,0.504950495049505,0.0,0.48623853211009177,0.02506265664160401,0.0
11064,0.504950495049505,0.0,0.5504587155963303,0.0,0.0
11065,0.594059405940594,0.0,0.6972477064220184,0.0,0.0
11066,0.7524752475247525,0.0,0.706422018348624,0.0,0.0
11067,0.7029702970297029,0.0,0.7339449541284404,0.0,0.0
11068,0.594059405940594,0.0,0.6880733944954128,0.0,0.0
11069,0.7326732673267327,0.0,0.8348623853211009,0.0,0.0
11070,0.7128712871287128,0.0,0.8073394495412844,0.0,0.0
11071,0.5841584158415842,0.0,0.6238532110091743,0.0,0.0
11072,0.5643564356435644,0.0,0.5688073394495413,0.002506265664160401,0.0
11073,0.5346534653465347,0.0,0.6146788990825688,0.0,0.0
11074,0.6435643564356436,0.0,0.5963302752293579,0.0,0.0
11075,0.6435643564356436,0.0,0.5412844036697249,0.3032581453634085,0.0
11076,0.6435643564356436,0.0,0.6238532110091743,0.0,0.0
11077,0.6732673267326732,0.0,0.6055045871559633,0.0,0.0
11078,0.6237623762376238,0.0,0.6513761467889908,0.0,0.0
11079,0.6831683168316831,0.0,0.6788990825688074,0.0,0.0
11080,0.693069306930693,0.0,0.7889908256880734,0.0,0.0
11081,0.7128712871287128,0.0,0.8073394495412844,0.0,0.0
11082,0.801980198019802,0.0,0.8348623853211009,0.0,0.0
11083,0.7326732673267327,0.0,0.8256880733944955,0.0,0.0
11084,0.7227722772277227,0.0,0.7247706422018348,0.0,0.0
11085,0.5445544554455446,0.0,0.5412844036697249,0.0,0.0
11086,0.5247524752475248,0.0,0.6238532110091743,0.0,0.0
11087,0.6039603960396039,0.0,0.6788990825688074,0.0,0.0
11088,0.7227722772277227,0.0,0.6788990825688074,0.007518796992481203,0.0
11089,0.7128712871287128,0.0,0.6880733944954128,0.03508771929824561,0.0
11090,0.7425742574257426,0.0,0.743119266055046,0.05513784461152882,0.0
11091,0.6633663366336633,0.0,0.6697247706422019,0.14035087719298245,0.0
11092,0.6237623762376238,0.0,0.6422018348623854,0.0,0.0
11093,0.6336633663366337,0.0,0.6605504587155964,0.0,0.0
11094,0.7227722772277227,0.0,0.6238532110091743,0.21052631578947367,0.0
11095,0.7722772277227723,0.0,0.6972477064220184,0.15789473684210525,0.0
11096,0.7623762376237624,0.0,0.6880733944954128,0.0,0.0
11097,0.7227722772277227,0.0,0.6972477064220184,0.0,0.0
11098,0.7227722772277227,0.0,0.743119266055046,0.0,0.0
11099,0.7326732673267327,0.0,0.8073394495412844,0.0,0.0
11100,0.7722772277227723,0.0,0.8073394495412844,0.0,0.0
11101,0.8217821782178217,0.0,0.7706422018348624,0.047619047619047616,0.0
11102,0.8217821782178217,0.0,0.7981651376146789,0.0,0.0
11103,0.7029702970297029,0.0,0.7706422018348624,0.0,0.0
11104,0.6831683168316831,0.0,0.7706422018348624,0.0,0.0
11105,0.7524752475247525,0.0,0.8348623853211009,0.0,0.0
11106,0.8217821782178217,0.0,0.853211009174312,0.0,0.0
11107,0.8910891089108911,0.0,0.853211009174312,0.0,0.0
11108,0.8415841584158416,0.0,0.7522935779816514,0.12531328320802004,0.0
11109,0.7722772277227723,0.0,0.7706422018348624,0.0,0.0
11110,0.8514851485148515,0.0,0.7614678899082569,0.22055137844611528,0.0
11111,0.8712871287128713,0.0,0.743119266055046,0.020050125313283207,0.0
11112,0.7524752475247525,0.0,0.743119266055046,0.0,0.0
11113,0.7128712871287128,0.0,0.743119266055046,0.0,0.0
11114,0.8415841584158416,0.0,0.8348623853211009,0.015037593984962405,0.0
11115,0.8712871287128713,0.0,0.8256880733944955,0.0,0.0
11116,0.801980198019802,0.0,0.7706422018348624,0.3659147869674185,0.0
11117,0.8217821782178217,0.0,0.6697247706422019,0.0,0.0
11118,0.6336633663366337,0.0,0.6605504587155964,0.0,0.0
11119,0.6237623762376238,0.0,0.6880733944954128,0.0,0.0
11120,0.7227722772277227,0.0,0.7522935779816514,0.0,0.0
11121,0.7524752475247525,0.0,0.7981651376146789,0.0,0.0
11122,0.8217821782178217,0.0,0.7706422018348624,0.0,0.0
11123,0.7425742574257426,0.0,0.7155963302752294,0.020050125313283207,0.0
11124,0.6633663366336633,0.0,0.7339449541284404,0.15288220551378445,0.0
11125,0.6732673267326732,0.0,0.7155963302752294,0.0,0.0
11126,0.7128712871287128,0.0,0.7706422018348624,0.0,0.0
11127,0.7722772277227723,0.0,0.779816513761468,0.0,0.0
11128,0.7029702970297029,0.0,0.743119266055046,0.06265664160401002,0.0
11129,0.7425742574257426,0.0,0.7706422018348624,0.0,0.0
11130,0.7821782178217822,0.0,0.81651376146789,0.0,0.0
11131,0.8118811881188118,0.0,0.8440366972477065,0.0,0.0
11132,0.8910891089108911,0.0,0.8440366972477065,0.0,0.0
11133,0.8514851485148515,0.0,0.853211009174312,0.0,0.0
11134,0.8811881188118812,0.0,0.8807339449541285,0.0,0.0
11135,0.9306930693069307,0.0,0.8715596330275229,0.03508771929824561,0.0
11136,0.8712871287128713,0.0,0.8715596330275229,0.0,0.0
11137,0.9207920792079208,0.0,0.8623853211009175,0.0,0.0
11138,0.7920792079207921,0.0,0.8073394495412844,0.0,0.0
11139,0.7722772277227723,0.0,0.7889908256880734,0.0,0.0
11140,0.9207920792079208,0.0,0.8256880733944955,0.015037593984962405,0.0
11141,0.8316831683168316,0.0,0.8440366972477065,0.0,0.0
11142,0.8811881188118812,0.0,0.8440366972477065,0.0,0.0
11143,0.8910891089108911,0.0,0.8256880733944955,0.16541353383458646,0.0
11144,0.801980198019802,0.0,0.81651376146789,0.20551378446115287,0.0
11145,0.7722772277227723,0.0,0.7889908256880734,0.0,0.0
11146,1.0,0.0,0.889908256880734,0.010025062656641603,0.0
11147,0.8514851485148515,0.0,0.8623853211009175,0.0,0.0
11148,0.9108910891089109,0.0,0.853211009174312,0.20050125313283207,0.0
11149,0.8712871287128713,0.0,0.8623853211009175,0.0,0.0
11150,0.900990099009901,0.0,0.8348623853211009,0.005012531328320802,0.0
11151,0.8217821782178217,0.0,0.81651376146789,0.08270676691729323,0.0
11152,0.8514851485148515,0.0,0.8715596330275229,0.0,0.0
11153,0.9603960396039604,0.0,0.9357798165137615,0.005012531328320802,0.0
11154,0.9108910891089109,0.0,0.9357798165137615,0.0,0.0
11155,0.900990099009901,0.0,0.8807339449541285,0.02756892230576441,0.0
11156,0.8514851485148515,0.0,0.8256880733944955,0.0,0.0
11157,0.9405940594059405,0.0,0.8715596330275229,0.0,0.0
11158,0.9504950495049505,0.0,0.9357798165137615,0.012531328320802004,0.0
11159,0.9108910891089109,0.0,0.9357798165137615,0.0,0.0
11160,0.8910891089108911,0.0,0.8256880733944955,0.3558897243107769,0.0
11161,0.8415841584158416,0.0,0.779816513761468,0.0,0.0
11162,0.801980198019802,0.0,0.7981651376146789,0.0,0.0
11163,0.8217821782178217,0.0,0.81651376146789,0.0,0.0
11164,0.8514851485148515,0.0,0.8440366972477065,0.0,0.0
11165,0.9108910891089109,0.0,0.8348623853211009,0.0,0.0
11166,0.8910891089108911,0.0,0.7522935779816514,0.19799498746867167,0.0
11167,0.8316831683168316,0.0,0.8073394495412844,0.10776942355889724,0.0
11168,0.8118811881188118,0.0,0.8073394495412844,0.08521303258145363,0.0
11169,0.8712871287128713,0.0,0.889908256880734,0.0,0.0
11170,0.900990099009901,0.0,0.8715596330275229,0.0,0.0
11171,0.900990099009901,0.0,0.8440366972477065,0.09022556390977443,0.0
11172,0.9108910891089109,0.0,0.81651376146789,0.047619047619047616,0.0
11173,0.8415841584158416,0.0,0.853211009174312,0.0,0.0
11174,0.9207920792079208,0.0,0.853211009174312,0.0,0.0
11175,0.8811881188118812,0.0,0.8440366972477065,0.13032581453634084,0.0
11176,0.8910891089108911,0.0,0.8807339449541285,0.0,0.0
11177,0.9603960396039604,0.0,0.8807339449541285,0.0,0.0
11178,0.9306930693069307,0.0,0.8807339449541285,0.005012531328320802,0.0
11179,0.8811881188118812,0.0,0.853211009174312,0.0,0.0
11180,0.9207920792079208,0.0,0.7981651376146789,0.15037593984962405,0.0
11181,0.8415841584158416,0.0,0.7614678899082569,0.13283208020050125,0.0
11182,0.7920792079207921,0.0,0.779816513761468,0.0,0.0
11183,0.8811881188118812,0.0,0.7889908256880734,0.14536340852130325,0.0
11184,0.8811881188118812,0.0,0.7706422018348624,0.007518796992481203,0.0
11185,0.7821782178217822,0.0,0.7339449541284404,0.002506265664160401,0.0
11186,0.8217821782178217,0.0,0.6880733944954128,0.18546365914786966,0.0
11187,0.8514851485148515,0.0,0.7981651376146789,0.020050125313283207,0.0
11188,0.8217821782178217,0.0,0.8073394495412844,0.0,0.0
11189,0.8910891089108911,0.0,0.8348623853211009,0.06015037593984962,0.0
11190,0.9207920792079208,0.0,0.8440366972477065,0.015037593984962405,0.0
11191,0.8415841584158416,0.0,0.8440366972477065,0.040100250626566414,0.0
11192,0.801980198019802,0.0,0.7889908256880734,0.0,0.0
11193,0.801980198019802,0.0,0.8256880733944955,0.0,0.0
11194,0.7920792079207921,0.0,0.8256880733944955,0.0,0.0
11195,0.8217821782178217,0.0,0.8348623853211009,0.0,0.0
11196,0.8415841584158416,0.0,0.8440366972477065,0.0,0.0
11197,0.8316831683168316,0.0,0.8807339449541285,0.0,0.0
11198,0.8811881188118812,0.0,0.8807339449541285,0.0,0.0
11199,0.8910891089108911,0.0,0.8440366972477065,0.0,0.0
11200,0.8910891089108911,0.0,0.853211009174312,0.16290726817042606,0.0
11201,0.9306930693069307,0.0,0.8348623853211009,0.0,0.0
11202,0.9108910891089109,0.0,0.8256880733944955,0.012531328320802004,0.0
11203,0.7524752475247525,0.0,0.7981651376146789,0.0,0.0
11204,0.8316831683168316,0.0,0.7889908256880734,0.0,0.0
11205,0.8514851485148515,0.0,0.7889908256880734,0.05012531328320802,0.0
11206,0.8118811881188118,0.0,0.7981651376146789,0.0,0.0
11207,0.7722772277227723,0.0,0.7522935779816514,0.0,0.0
11208,0.7821782178217822,0.0,0.8256880733944955,0.0,0.0
11209,0.8316831683168316,0.0,0.7981651376146789,0.0,0.0
11210,0.693069306930693,0.0,0.7614678899082569,0.08020050125313283,0.0
11211,0.7029702970297029,0.0,0.7339449541284404,0.0,0.0
11212,0.7920792079207921,0.0,0.743119266055046,0.0,0.0
11213,0.8514851485148515,0.0,0.7981651376146789,0.02506265664160401,0.0
11214,0.8613861386138614,0.0,,0.012531328320802004,0.0
11215,0.7920792079207921,0.0,0.743119266055046,0.0,0.0
11216,0.7722772277227723,0.0,0.7155963302752294,0.0,0.0
11217,0.7227722772277227,0.0,0.7155963302752294,0.20551378446115287,0.0
11218,0.6435643564356436,0.0,0.6972477064220184,0.005012531328320802,0.0
11219,0.7128712871287128,0.0,0.7889908256880734,0.0,0.0
11220,0.8217821782178217,0.0,0.8348623853211009,0.0,0.0
11221,0.8910891089108911,0.0,0.8440366972477065,0.0,0.0
11222,0.900990099009901,0.0,0.8715596330275229,0.0,0.0
11223,0.7524752475247525,0.0,0.8623853211009175,0.06015037593984962,0.0
11224,0.6732673267326732,0.0,0.6880733944954128,0.0,0.0
11225,0.7227722772277227,0.0,0.7339449541284404,0.0,0.0
11226,0.6534653465346534,0.0,0.7339449541284404,0.02756892230576441,0.0
11227,0.5841584158415842,0.0,0.6788990825688074,0.0,0.0
11228,0.6633663366336633,0.0,0.706422018348624,0.0,0.0
11229,0.6633663366336633,0.0,0.7614678899082569,0.0,0.0
11230,0.693069306930693,0.0,0.779816513761468,0.0,0.0
11231,0.7128712871287128,0.0,0.779816513761468,0.0,0.0
11232,0.7326732673267327,0.0,0.779816513761468,0.10776942355889724,0.0
11233,0.6831683168316831,0.0,0.6513761467889908,0.0,0.0
11234,0.5544554455445545,0.0,0.5137614678899083,0.03258145363408521,0.0
11235,0.5544554455445545,0.0,0.5045871559633028,0.0,0.0
11236,0.5841584158415842,0.0,0.5963302752293579,0.0,0.0
11237,0.6039603960396039,0.0,0.6788990825688074,0.0,0.0
11238,0.7128712871287128,0.0,0.7889908256880734,0.0,0.0
11239,0.6435643564356436,0.0,0.779816513761468,0.0,0.0
11240,0.5742574257425743,0.0,0.7247706422018348,0.0,0.0
11241,0.6534653465346534,0.0,0.7247706422018348,0.0,0.0
11242,0.6138613861386139,0.0,0.4954128440366973,0.002506265664160401,0.0
11243,0.5148514851485149,0.0,0.5779816513761468,0.0,0.0
11244,0.5841584158415842,0.0,0.5779816513761468,0.012531328320802004,0.0
11245,0.6336633663366337,0.0,0.706422018348624,0.007518796992481203,0.0
11246,0.7326732673267327,0.0,0.7339449541284404,0.002506265664160401,0.0
11247,0.801980198019802,0.0,0.7247706422018348,0.0,0.0
11248,0.6831683168316831,0.0,0.6330275229357799,0.06265664160401002,0.0
11249,0.6039603960396039,0.0,0.5779816513761468,0.0,0.0
11250,0.6336633663366337,0.0,0.5596330275229359,0.0,0.0
11251,0.6237623762376238,0.0,0.6055045871559633,0.0,0.0
11252,0.504950495049505,0.0,0.5963302752293579,0.0,0.0
11253,0.5544554455445545,0.0,0.5779816513761468,0.0,0.0
11254,0.5841584158415842,0.0,0.6238532110091743,0.0,0.0
11255,0.6138613861386139,0.0,0.5688073394495413,0.18045112781954886,0.0
11256,0.5346534653465347,0.0,0.4036697247706422,0.0,0.0
11257,0.5247524752475248,0.0,0.44036697247706424,0.0,0.0
11258,0.5544554455445545,0.05555555555555556,0.44036697247706424,0.09523809523809523,0.0
11259,0.48514851485148514,0.0,0.48623853211009177,0.0,0.0
11260,0.4752475247524752,0.0,0.4954128440366973,0.0,0.0
11261,0.5742574257425743,0.0,0.5688073394495413,0.0,0.0
11262,0.5247524752475248,0.0,0.5412844036697249,0.0,0.0
11263,0.4752475247524752,0.0,0.5045871559633028,0.0,0.0
11264,0.6534653465346534,0.0,0.6880733944954128,0.0,0.0
11265,0.5841584158415842,0.0,0.6697247706422019,0.007518796992481203,0.0
11266,0.504950495049505,0.0,0.5137614678899083,0.0,0.0
11267,0.48514851485148514,0.0,0.5779816513761468,0.0,0.0
11268,0.6831683168316831,0.0,0.6513761467889908,0.0,0.0
11269,0.6039603960396039,0.0,0.6330275229357799,0.017543859649122806,0.0
11270,0.6336633663366337,0.0,0.6422018348623854,0.0,0.0
11271,0.5841584158415842,0.0,0.5504587155963303,0.0,0.0
11272,0.4455445544554455,0.0,0.42201834862385323,0.0,0.0
11273,0.4158415841584158,0.0,0.41284403669724773,0.0,0.0
11274,0.5445544554455446,0.0,0.6238532110091743,0.0,0.0
11275,0.6138613861386139,0.0,0.5963302752293579,0.08020050125313283,0.0
11276,0.5742574257425743,0.0,0.41284403669724773,0.02506265664160401,0.0
11277,0.5148514851485149,0.0,0.42201834862385323,0.0,0.0
11278,0.48514851485148514,0.0,0.3761467889908257,0.0,0.0
11279,0.49504950495049505,0.0,0.3944954128440367,0.0,0.0
11280,0.4554455445544554,0.0,0.44954128440366975,0.0,0.0
11281,0.49504950495049505,0.0,0.45871559633027525,0.0,0.0
11282,0.5742574257425743,0.0,0.44036697247706424,0.0,0.0
11283,0.4653465346534653,0.0,0.5045871559633028,0.0,0.0
11284,0.5643564356435644,0.0,0.44954128440366975,0.007518796992481203,0.0
11285,0.5544554455445545,0.0,0.44954128440366975,0.0,0.0
11286,0.5247524752475248,0.0,0.3944954128440367,0.007518796992481203,0.0
11287,0.4158415841584158,0.0,0.41284403669724773,0.0,0.0
11288,0.504950495049505,0.22222222222222224,0.3944954128440367,0.03759398496240601,0.06666666666666667
11289,0.5742574257425743,0.0,0.4036697247706422,0.015037593984962405,0.0
11290,0.504950495049505,0.16666666666666669,0.3761467889908257,0.022556390977443608,0.06666666666666667
11291,0.5544554455445545,0.0,0.5137614678899083,0.0,0.0
11292,0.6039603960396039,0.0,0.5137614678899083,0.0,0.0
11293,0.5148514851485149,0.0,0.5412844036697249,0.08020050125313283,0.0
11294,0.37623762376237624,0.0,0.3119266055045872,0.0,0.0
11295,0.43564356435643564,0.0,0.3669724770642202,0.0,0.0
11296,0.5544554455445545,0.0,0.4036697247706422,0.0,0.0
11297,0.5742574257425743,0.0,0.5596330275229359,0.0,0.0
11298,0.6732673267326732,0.0,0.5779816513761468,0.0,0.0
11299,0.5841584158415842,0.0,0.5963302752293579,0.05012531328320802,0.0
11300,0.5445544554455446,0.0,0.46788990825688076,0.15037593984962405,0.0
11301,0.5346534653465347,0.03333333333333333,0.3669724770642202,0.02506265664160401,0.0
11302,0.39603960396039606,0.0,0.3302752293577982,0.0,0.0
11303,0.4653465346534653,0.011111111111111112,0.47706422018348627,0.002506265664160401,0.0
11304,0.4752475247524752,0.0,0.44954128440366975,0.0,0.0
11305,0.4653465346534653,0.0,0.3577981651376147,0.0,0.0
11306,0.4554455445544554,0.0,0.3486238532110092,0.0,0.0
11307,0.43564356435643564,0.0,0.3486238532110092,0.0,0.0
11308,0.3267326732673267,0.0,0.3119266055045872,0.0,0.0
11309,0.504950495049505,0.0,0.3944954128440367,0.0,0.0
11310,0.3069306930693069,0.022222222222222223,0.30275229357798167,0.0,0.0
11311,0.24752475247524752,0.0,0.22018348623853212,0.0,0.0
11312,0.26732673267326734,0.0,0.26605504587155965,0.0,0.0
11313,0.31683168316831684,0.0,0.3119266055045872,0.0,0.0
11314,0.4455445544554455,0.0,0.3669724770642202,0.0,0.0
11315,0.36633663366336633,0.22222222222222224,0.3669724770642202,0.03508771929824561,0.06666666666666667
11316,0.1683168316831683,0.11111111111111112,0.21100917431192662,0.015037593984962405,0.1
11317,0.2772277227722772,0.0,0.24770642201834864,0.0,0.1
11318,0.3069306930693069,0.0,0.29357798165137616,0.0,0.06666666666666667
11319,0.24752475247524752,0.0,0.3486238532110092,0.0,0.06666666666666667
11320,0.4158415841584158,0.05555555555555556,0.3669724770642202,0.012531328320802004,0.1
11321,0.48514851485148514,0.05555555555555556,0.3577981651376147,0.09774436090225563,0.1
11322,0.4653465346534653,0.14444444444444446,0.3486238532110092,0.012531328320802004,0.13333333333333333
11323,0.4554455445544554,0.22222222222222224,0.3394495412844037,0.05263157894736842,0.2
11324,0.37623762376237624,0.05555555555555556,0.3302752293577982,0.002506265664160401,0.23333333333333334
11325,0.2376237623762376,0.16666666666666669,0.2018348623853211,0.012531328320802004,0.26666666666666666
11326,0.009900990099009882,0.0,0.07339449541284404,0.0,0.26666666666666666
11327,0.1584158415841584,0.0,0.1743119266055046,0.0,0.26666666666666666
11328,0.3069306930693069,0.4444444444444445,0.28440366972477066,0.045112781954887216,0.4
11329,0.3069306930693069,0.0,0.29357798165137616,0.0,0.4
11330,0.12871287128712872,0.0,0.1926605504587156,0.0,0.4
11331,0.1386138613861386,0.0,0.2018348623853211,0.0,0.4
11332,0.1386138613861386,0.0,0.21100917431192662,0.0,0.4
11333,0.1584158415841584,0.0,0.1743119266055046,0.0,0.4
11334,0.12871287128712872,0.0,0.1743119266055046,0.0,0.4
11335,0.3564356435643564,0.0,0.30275229357798167,0.0,0.36666666666666664
11336,0.31683168316831684,0.0,0.26605504587155965,0.0,0.36666666666666664
11337,0.37623762376237624,0.0,0.30275229357798167,0.0,0.3333333333333333
11338,0.3366336633663366,0.05555555555555556,0.29357798165137616,0.005012531328320802,0.36666666666666664
11339,0.3267326732673267,0.0,0.25688073394495414,0.0,0.36666666666666664
11340,0.3267326732673267,0.0,0.3577981651376147,0.0,0.3
11341,0.3366336633663366,0.0,0.4036697247706422,0.0,0.3
11342,0.49504950495049505,0.0,0.3944954128440367,0.0,0.26666666666666666
11343,0.49504950495049505,0.0,0.3486238532110092,0.0,0.23333333333333334
11344,0.49504950495049505,0.0,0.3486238532110092,0.0,0.2
11345,0.4455445544554455,0.0,0.3577981651376147,0.0,0.2
11346,0.3267326732673267,0.0,0.3577981651376147,0.0,0.16666666666666666
11347,0.3564356435643564,0.0,0.44954128440366975,0.0,0.13333333333333333
11348,0.5841584158415842,0.0,0.45871559633027525,0.0,0.1
11349,0.5445544554455446,0.0,0.3761467889908257,0.0,0.06666666666666667
11350,0.4653465346534653,0.0,0.3761467889908257,0.0,0.06666666666666667
11351,0.37623762376237624,0.0,0.30275229357798167,0.0,0.06666666666666667
11352,0.3069306930693069,0.0,0.28440366972477066,0.0,0.06666666666666667
11353,0.24752475247524752,0.0,0.3119266055045872,0.0,0.06666666666666667
11354,0.48514851485148514,0.05555555555555556,0.4036697247706422,0.005012531328320802,0.1
11355,0.3564356435643564,0.0,0.3761467889908257,0.12781954887218044,0.06666666666666667
11356,,0.0,0.1651376146788991,0.005012531328320802,0.06666666666666667
11357,0.2871287128712871,0.0,0.2018348623853211,0.0,0.06666666666666667
11358,0.24752475247524752,0.0,0.24770642201834864,0.0,0.06666666666666667
11359,0.4158415841584158,0.05555555555555556,0.3211009174311927,0.010025062656641603,0.1
11360,0.40594059405940597,0.16666666666666669,0.3761467889908257,0.0,0.13333333333333333
11361,0.3564356435643564,0.0,,0.0,0.13333333333333333
11362,0.38613861386138615,0.0,0.3119266055045872,0.0,0.13333333333333333
11363,0.37623762376237624,0.05555555555555556,0.3853211009174312,0.002506265664160401,0.13333333333333333
11364,0.31683168316831684,0.6666666666666667,0.42201834862385323,0.2957393483709273,0.3333333333333333
11365,0.297029702970297,0.0,0.1834862385321101,0.0,0.3333333333333333
11366,0.297029702970297,0.0,0.3119266055045872,0.0,0.3333333333333333
11367,0.36633663366336633,0.0,0.41284403669724773,0.0,0.26666666666666666
11368,0.4554455445544554,0.0,0.45871559633027525,0.0,0.16666666666666666
11369,0.6039603960396039,0.0,0.46788990825688076,0.0,0.1
11370,0.594059405940594,0.0,0.46788990825688076,0.010025062656641603,0.06666666666666667
11371,0.6039603960396039,0.0,0.5412844036697249,0.0,0.0
11372,0.6237623762376238,0.0,0.5321100917431193,0.0,0.0
11373,0.5841584158415842,0.0,0.47706422018348627,0.08521303258145363,0.0
11374,0.5445544554455446,0.0,0.44036697247706424,0.0,0.0
11375,0.5544554455445545,0.0,0.5045871559633028,0.0,0.0
11376,0.5841584158415842,0.0,,0.040100250626566414,0.0
11377,0.5544554455445545,0.0,0.44954128440366975,0.040100250626566414,0.0
11378,0.5346534653465347,0.0,0.44954128440366975,0.0,0.0
11379,0.5148514851485149,0.0,0.41284403669724773,0.0,0.0
11380,0.49504950495049505,0.0,0.3853211009174312,0.0,0.0
11381,0.5742574257425743,0.0,0.4954128440366973,0.022556390977443608,0.0
11382,0.5643564356435644,0.0,0.41284403669724773,0.0,0.0
11383,0.5445544554455446,0.0,0.41284403669724773,0.0,0.0
11384,0.43564356435643564,0.0,0.3761467889908257,0.0,0.0
11385,0.5247524752475248,0.0,0.3761467889908257,0.0,0.0
11386,0.5346534653465347,0.0,0.3853211009174312,0.005012531328320802,0.0
11387,0.48514851485148514,0.0,0.3853211009174312,0.0,0.0
11388,0.4455445544554455,0.0,0.3577981651376147,0.0,0.0
11389,0.504950495049505,0.0,0.4036697247706422,0.0,0.0
11390,0.5346534653465347,0.0,0.47706422018348627,0.0,0.0
11391,0.5445544554455446,0.0,0.47706422018348627,0.0,0.0
11392,0.5247524752475248,0.0,0.44036697247706424,0.0,0.0
11393,,0.0,0.5779816513761468,0.0,0.0
11394,0.5445544554455446,0.0,0.5596330275229359,0.0,0.0
11395,0.4158415841584158,0.0,0.45871559633027525,0.0,0.0
11396,,0.0,0.5871559633027523,0.0,0.0
11397,0.4455445544554455,0.0,0.5779816513761468,0.0,0.0
11398,0.48514851485148514,0.13333333333333333,0.3853211009174312,0.0,0.03333333333333333
11399,0.38613861386138615,0.0,0.3761467889908257,0.0,0.0
11400,0.42574257425742573,0.0,0.3394495412844037,0.0,0.0
11401,0.4752475247524752,0.0,0.3853211009174312,0.002506265664160401,0.0
11402,0.5247524752475248,0.0,0.47706422018348627,0.0,0.0
11403,0.4455445544554455,0.0,0.47706422018348627,0.0,0.0
11404,0.504950495049505,0.0,0.5504587155963303,0.0,0.0
11405,0.49504950495049505,0.0,0.5596330275229359,0.0,0.0
11406,0.4752475247524752,0.0,0.5596330275229359,0.0,0.0
11407,0.5544554455445545,0.0,0.5688073394495413,0.0,0.0
11408,0.5643564356435644,0.0,0.5504587155963303,0.03258145363408521,0.0
11409,0.49504950495049505,0.0,0.7522935779816514,0.0,0.0
11410,0.7821782178217822,0.0,0.743119266055046,0.03007518796992481,0.0
11411,0.7623762376237624,0.0,0.6697247706422019,0.017543859649122806,0.0
11412,0.6336633663366337,0.0,0.7706422018348624,0.0,0.0
11413,0.7425742574257426,0.0,0.7706422018348624,0.0,0.0
11414,0.6138613861386139,0.0,0.6972477064220184,0.0,0.0
11415,0.7722772277227723,0.0,0.743119266055046,0.0,0.0
11416,0.801980198019802,0.0,0.6605504587155964,0.06015037593984962,0.0
11417,0.5742574257425743,0.0,0.6055045871559633,0.005012531328320802,0.0
11418,0.49504950495049505,0.0,0.5321100917431193,0.0,0.0
11419,0.5346534653465347,0.0,0.6513761467889908,0.0,0.0
11420,0.7227722772277227,0.0,0.7155963302752294,0.0,0.0
11421,0.693069306930693,0.0,0.6880733944954128,0.06766917293233082,0.0
11422,0.6237623762376238,0.0,0.6330275229357799,0.0,0.0
11423,0.7920792079207921,0.0,0.6880733944954128,0.05764411027568922,0.0
11424,0.6534653465346534,0.0,0.6605504587155964,0.03759398496240601,0.0
11425,0.6534653465346534,0.0,0.5596330275229359,0.0,0.0
11426,0.7128712871287128,0.0,0.6422018348623854,0.3283208020050125,0.0
11427,0.5544554455445545,0.0,0.5321100917431193,0.0,0.0
11428,0.5643564356435644,0.0,0.6238532110091743,0.0,0.0
11429,0.6435643564356436,0.0,0.7247706422018348,0.012531328320802004,0.0
11430,0.693069306930693,0.0,0.7155963302752294,0.08771929824561403,0.0
11431,0.6534653465346534,0.0,0.6146788990825688,0.0,0.0
11432,0.5841584158415842,0.0,0.5045871559633028,0.017543859649122806,0.0
11433,0.504950495049505,0.0,0.5137614678899083,0.0,0.0
11434,0.6039603960396039,0.0,0.6055045871559633,0.0,0.0
11435,0.7524752475247525,0.0,0.6330275229357799,0.07017543859649122,0.0
11436,0.6138613861386139,0.0,0.5871559633027523,0.007518796992481203,0.0
11437,0.5544554455445545,0.0,0.5045871559633028,0.005012531328320802,0.0
11438,0.5346534653465347,0.0,0.5779816513761468,0.0,0.0
11439,0.6435643564356436,0.0,0.7155963302752294,0.0,0.0
11440,0.7722772277227723,0.0,0.7339449541284404,0.09774436090225563,0.0
11441,0.7227722772277227,0.0,0.7155963302752294,0.2832080200501253,0.0
11442,0.6237623762376238,0.0,0.6146788990825688,0.005012531328320802,0.0
11443,0.7029702970297029,0.0,0.6055045871559633,0.0,0.0
11444,0.594059405940594,0.0,0.5779816513761468,0.007518796992481203,0.0
11445,0.6138613861386139,0.0,0.6972477064220184,0.0,0.0
11446,0.7029702970297029,0.0,0.743119266055046,0.0,0.0
11447,0.801980198019802,0.0,0.7614678899082569,0.0,0.0
11448,0.6633663366336633,0.0,0.6422018348623854,0.040100250626566414,0.0
11449,0.5742574257425743,0.0,0.6146788990825688,0.0,0.0
11450,0.5841584158415842,0.0,0.6972477064220184,0.0,0.0
11451,0.7524752475247525,0.0,0.6972477064220184,0.007518796992481203,0.0
11452,0.7524752475247525,0.0,0.6238532110091743,0.12280701754385964,0.0
11453,0.6732673267326732,0.0,0.5321100917431193,0.02756892230576441,0.0
11454,0.6336633663366337,0.0,0.6238532110091743,0.007518796992481203,0.0
11455,0.6336633663366337,0.0,0.6330275229357799,0.0,0.0
11456,0.6831683168316831,0.0,0.5963302752293579,0.0,0.0
11457,0.6732673267326732,0.0,0.5045871559633028,0.22305764411027568,0.0
11458,0.6534653465346534,0.0,0.6972477064220184,0.012531328320802004,0.0
11459,0.6732673267326732,0.0,0.6880733944954128,0.0,0.0
11460,0.6237623762376238,0.0,0.5871559633027523,0.0,0.0
11461,0.6534653465346534,0.0,0.6422018348623854,0.0,0.0
11462,0.6039603960396039,0.0,0.6972477064220184,0.0,0.0
11463,0.6831683168316831,0.0,0.7706422018348624,0.0,0.0
11464,0.7326732673267327,0.0,0.7981651376146789,0.0,0.0
11465,0.8415841584158416,0.0,0.7889908256880734,0.0,0.0
11466,0.7920792079207921,0.0,0.8073394495412844,0.0,0.0
11467,0.8217821782178217,0.0,0.7889908256880734,0.042606516290726815,0.0
11468,0.8316831683168316,0.0,0.7706422018348624,0.0,0.0
11469,0.8316831683168316,0.0,0.743119266055046,0.045112781954887216,0.0
11470,0.8118811881188118,0.0,0.7155963302752294,0.12531328320802004,0.0
11471,0.7425742574257426,0.0,0.7706422018348624,0.0,0.0
11472,0.8613861386138614,0.0,0.779816513761468,0.07769423558897243,0.0
11473,0.7029702970297029,0.0,0.6788990825688074,0.0,0.0
11474,0.6732673267326732,0.0,0.7247706422018348,0.0,0.0
11475,0.7623762376237624,0.0,0.743119266055046,0.0,0.0
11476,0.8811881188118812,0.0,0.81651376146789,0.0,0.0
11477,0.8118811881188118,0.0,0.8073394495412844,0.05764411027568922,0.0
11478,0.801980198019802,0.0,0.7889908256880734,0.0,0.0
11479,0.8910891089108911,0.0,0.779816513761468,0.21052631578947367,0.0
11480,0.7623762376237624,0.0,0.8073394495412844,0.0,0.0
11481,0.8514851485148515,0.0,0.8256880733944955,0.0,0.0
11482,0.8217821782178217,0.0,0.7889908256880734,0.3433583959899749,0.0
11483,0.8118811881188118,0.0,0.743119266055046,0.09774436090225563,0.0
11484,0.7623762376237624,0.0,0.7522935779816514,0.0,0.0
11485,0.8217821782178217,0.0,0.7889908256880734,0.0,0.0
11486,0.900990099009901,0.0,0.779816513761468,0.07769423558897243,0.0
11487,0.9207920792079208,0.0,0.8256880733944955,0.49624060150375937,0.0
11488,0.8910891089108911,0.0,0.8715596330275229,0.0,0.0
11489,0.900990099009901,0.0,0.853211009174312,0.0,0.0
11490,0.7623762376237624,0.0,0.7522935779816514,0.0,0.0
11491,0.8415841584158416,0.0,0.7889908256880734,0.0,0.0
11492,0.8514851485148515,0.0,0.7614678899082569,0.0,0.0
11493,0.801980198019802,0.0,0.743119266055046,0.15789473684210525,0.0
11494,0.8514851485148515,0.0,0.7706422018348624,0.015037593984962405,0.0
11495,0.8811881188118812,0.0,0.779816513761468,0.3082706766917293,0.0
11496,0.7920792079207921,0.0,0.743119266055046,0.0,0.0
11497,0.8217821782178217,0.0,0.81651376146789,0.0,0.0
11498,0.9108910891089109,0.0,0.81651376146789,0.22055137844611528,0.0
11499,0.7524752475247525,0.0,0.7522935779816514,0.0,0.0
11500,0.7326732673267327,0.0,0.7339449541284404,0.0,0.0
11501,0.7425742574257426,0.0,0.7981651376146789,0.0,0.0
11502,0.9207920792079208,0.0,0.8807339449541285,0.0,0.0
11503,0.9306930693069307,0.0,0.8807339449541285,0.0,0.0
11504,0.8613861386138614,0.0,0.7706422018348624,0.007518796992481203,0.0
11505,0.8514851485148515,0.0,0.8073394495412844,0.0,0.0
11506,0.8415841584158416,0.0,0.81651376146789,0.012531328320802004,0.0
11507,0.8514851485148515,0.0,0.8256880733944955,0.040100250626566414,0.0
11508,0.8613861386138614,0.0,0.8440366972477065,0.012531328320802004,0.0
11509,0.8712871287128713,0.0,0.853211009174312,0.0,0.0
11510,0.8613861386138614,0.0,0.908256880733945,0.0,0.0
11511,0.9504950495049505,0.0,0.9174311926605505,0.0,0.0
11512,0.9603960396039604,0.0,0.908256880733945,0.0,0.0
11513,0.8415841584158416,0.0,0.8807339449541285,0.0,0.0
11514,0.8316831683168316,0.0,0.8807339449541285,0.0,0.0
11515,0.8811881188118812,0.0,0.8807339449541285,0.0,0.0
11516,0.900990099009901,0.0,0.8807339449541285,0.0,0.0
11517,0.8514851485148515,0.0,0.853211009174312,0.0,0.0
11518,0.8118811881188118,0.0,0.8073394495412844,0.0,0.0
11519,0.900990099009901,0.0,0.7981651376146789,0.0,0.0
11520,0.8316831683168316,0.0,0.853211009174312,0.0,0.0
11521,0.8415841584158416,0.0,0.889908256880734,0.0,0.0
11522,0.9207920792079208,0.0,0.8807339449541285,0.0,0.0
11523,0.9306930693069307,0.0,0.7981651376146789,0.06766917293233082,0.0
11524,0.900990099009901,0.0,0.8073394495412844,0.07017543859649122,0.0
11525,0.7821782178217822,0.0,0.7614678899082569,0.0,0.0
11526,0.7425742574257426,0.0,0.743119266055046,0.0,0.0
11527,0.7920792079207921,0.0,0.81651376146789,0.0,0.0
11528,0.801980198019802,0.0,0.853211009174312,0.0,0.0
11529,0.900990099009901,0.0,,0.3258145363408521,0.0
11530,0.8613861386138614,0.0,0.7614678899082569,0.007518796992481203,0.0
11531,0.8415841584158416,0.0,0.743119266055046,0.16290726817042606,0.0
11532,0.8118811881188118,0.0,0.7247706422018348,0.02756892230576441,0.0
11533,0.7425742574257426,0.0,0.779816513761468,0.0,0.0
11534,0.7722772277227723,0.0,0.7981651376146789,0.0,0.0
11535,0.7920792079207921,0.0,0.8256880733944955,0.0,0.0
11536,0.8514851485148515,0.0,0.8348623853211009,0.0,0.0
11537,0.8811881188118812,0.0,0.8348623853211009,0.0,0.0
11538,0.8811881188118812,0.0,0.8256880733944955,0.20802005012531327,0.0
11539,0.8415841584158416,0.0,0.8348623853211009,0.0,0.0
11540,0.8811881188118812,0.0,0.7889908256880734,0.015037593984962405,0.0
11541,0.900990099009901,0.0,0.8256880733944955,0.0,0.0
11542,0.8514851485148515,0.0,0.81651376146789,0.012531328320802004,0.0
11543,0.8316831683168316,0.0,0.8073394495412844,0.0,0.0
11544,0.8217821782178217,0.0,0.8073394495412844,0.0,0.0
11545,0.8613861386138614,0.0,0.779816513761468,0.10776942355889724,0.0
11546,0.8217821782178217,0.0,0.7889908256880734,0.0,0.0
11547,0.8514851485148515,0.0,0.8256880733944955,0.0,0.0
11548,0.8811881188118812,0.0,0.81651376146789,0.0,0.0
11549,0.8910891089108911,0.0,0.7706422018348624,0.02756892230576441,0.0
11550,0.801980198019802,0.0,0.7706422018348624,0.0,0.0
11551,0.693069306930693,0.0,0.743119266055046,0.0,0.0
11552,0.6831683168316831,0.0,0.7522935779816514,0.0,0.0
11553,0.7326732673267327,0.0,0.7706422018348624,0.0,0.0
11554,0.7920792079207921,0.0,0.7889908256880734,0.0,0.0
11555,0.7920792079207921,0.0,0.7889908256880734,0.0,0.0
11556,0.7326732673267327,0.0,0.81651376146789,0.0,0.0
11557,0.7524752475247525,0.0,0.81651376146789,0.0,0.0
11558,0.7920792079207921,0.0,0.81651376146789,0.0,0.0
11559,0.7920792079207921,0.0,0.81651376146789,0.0,0.0
11560,0.7821782178217822,0.0,0.8073394495412844,0.0,0.0
11561,0.8217821782178217,0.0,0.8073394495412844,0.0,0.0
11562,0.8910891089108911,0.0,0.7981651376146789,0.05513784461152882,0.0
11563,0.8811881188118812,0.0,0.81651376146789,0.10025062656641603,0.0
11564,0.8613861386138614,0.0,0.8073394495412844,0.007518796992481203,0.0
11565,0.8910891089108911,0.0,0.8073394495412844,0.03759398496240601,0.0
11566,0.8712871287128713,0.0,0.7889908256880734,0.002506265664160401,0.0
11567,0.9108910891089109,0.0,0.7614678899082569,0.22305764411027568,0.0
11568,0.8712871287128713,0.0,0.6972477064220184,0.07017543859649122,0.0
11569,0.8514851485148515,0.0,0.7155963302752294,0.7819548872180451,0.0
11570,0.8316831683168316,0.0,0.706422018348624,0.017543859649122806,0.0
11571,0.8415841584158416,0.0,0.7155963302752294,0.0,0.0
11572,0.8613861386138614,0.0,0.7614678899082569,0.0,0.0
11573,0.7722772277227723,0.0,0.706422018348624,0.08020050125313283,0.0
11574,0.6435643564356436,0.0,0.6972477064220184,0.0,0.0
11575,0.7821782178217822,0.0,0.7889908256880734,0.0,0.0
11576,0.8514851485148515,0.0,0.8073394495412844,0.0,0.0
11577,0.8613861386138614,0.0,0.81651376146789,0.0,0.0
11578,0.8415841584158416,0.0,0.8256880733944955,0.0,0.0
11579,0.8514851485148515,0.0,0.7889908256880734,0.0,0.0
11580,0.7524752475247525,0.0,0.743119266055046,0.0,0.0
11581,0.693069306930693,0.0,0.6697247706422019,0.0,0.0
11582,0.7029702970297029,0.0,0.5504587155963303,0.11278195488721804,0.0
11583,0.693069306930693,0.0,0.6055045871559633,0.07769423558897243,0.0
11584,0.6633663366336633,0.0,0.7155963302752294,0.005012531328320802,0.0
11585,0.6534653465346534,0.0,0.7155963302752294,0.0,0.0
11586,0.693069306930693,0.0,0.6880733944954128,0.0,0.0
11587,0.693069306930693,0.0,0.6513761467889908,0.012531328320802004,0.0
11588,0.5841584158415842,0.0,0.6330275229357799,0.0,0.0
11589,0.6138613861386139,0.0,0.6972477064220184,0.0,0.0
11590,0.7128712871287128,0.0,0.6972477064220184,0.0,0.0
11591,0.7920792079207921,0.0,0.8073394495412844,0.0,0.0
11592,0.7326732673267327,0.0,0.8073394495412844,0.10776942355889724,0.0
11593,0.6831683168316831,0.0,0.6697247706422019,0.0,0.0
11594,0.6237623762376238,0.0,0.6238532110091743,0.0,0.0
11595,0.7326732673267327,0.0,0.6697247706422019,0.15288220551378445,0.0
11596,0.7326732673267327,0.0,0.6788990825688074,0.07017543859649122,0.0
11597,0.6138613861386139,0.0,0.6055045871559633,0.005012531328320802,0.0
11598,0.5148514851485149,0.0,0.5871559633027523,0.0,0.0
11599,0.594059405940594,0.0,0.6238532110091743,0.0,0.0
11600,0.7425742574257426,0.0,0.6972477064220184,0.0,0.0
11601,0.7821782178217822,0.0,0.6880733944954128,0.13032581453634084,0.0
11602,0.6435643564356436,0.0,0.5871559633027523,0.0,0.0
11603,0.5445544554455446,0.0,0.5871559633027523,0.0,0.0
11604,0.5643564356435644,0.0,0.6055045871559633,0.0,0.0
11605,0.6633663366336633,0.0,0.5963302752293579,0.002506265664160401,0.0
11606,0.6237623762376238,0.0,0.6330275229357799,0.0,0.0
11607,0.6237623762376238,0.0,0.6330275229357799,0.0,0.0
11608,0.6138613861386139,0.0,0.6697247706422019,0.0,0.0
11609,0.6336633663366337,0.0,0.6697247706422019,0.0,0.0
11610,0.7722772277227723,0.0,0.6513761467889908,0.0,0.0
11611,0.5841584158415842,0.0,0.6055045871559633,0.0,0.0
11612,0.5643564356435644,0.0,0.6513761467889908,0.0,0.0
11613,0.6633663366336633,0.0,0.6513761467889908,0.06265664160401002,0.0
11614,0.5841584158415842,0.0,0.5045871559633028,0.020050125313283207,0.0
11615,0.6039603960396039,0.0,0.6697247706422019,0.0,0.0
11616,0.6732673267326732,0.0,0.6697247706422019,0.0,0.0
11617,0.6138613861386139,0.0,0.4954128440366973,0.012531328320802004,0.0
11618,0.5148514851485149,0.0,0.45871559633027525,0.2731829573934837,0.0
11619,0.4653465346534653,0.0,0.44036697247706424,0.0,0.0
11620,0.4554455445544554,0.0,0.5504587155963303,0.0,0.0
11621,0.6732673267326732,0.0,0.5412844036697249,0.017543859649122806,0.0
11622,0.7128712871287128,0.0,0.5412844036697249,0.17042606516290726,0.0
11623,0.5841584158415842,0.0,0.5963302752293579,0.21553884711779447,0.0
11624,0.6237623762376238,0.0,0.5779816513761468,0.0,0.0
11625,0.6237623762376238,0.0,0.6697247706422019,0.0,0.0
11626,0.6633663366336633,0.0,0.6697247706422019,0.0,0.0
11627,0.7128712871287128,0.0,0.6788990825688074,0.0,0.0
11628,0.7722772277227723,0.0,0.6788990825688074,0.0,0.0
11629,0.6435643564356436,0.0,0.6422018348623854,0.0,0.0
11630,0.6435643564356436,0.0,0.6880733944954128,0.0,0.0
11631,0.6435643564356436,0.0,0.6513761467889908,0.020050125313283207,0.0
11632,0.6336633663366337,0.0,0.5504587155963303,0.012531328320802004,0.0
11633,0.504950495049505,0.0,0.5321100917431193,0.002506265664160401,0.0
11634,0.5445544554455446,0.0,0.6055045871559633,0.0,0.0
11635,0.5544554455445545,0.0,0.5596330275229359,0.0,0.0
11636,0.4653465346534653,0.0,0.47706422018348627,0.0,0.0
11637,0.49504950495049505,0.0,0.5137614678899083,0.0,0.0
11638,0.5148514851485149,0.0,0.48623853211009177,0.0,0.0
11639,0.48514851485148514,0.0,0.5412844036697249,0.0,0.0
11640,0.5346534653465347,0.0,0.5779816513761468,0.0,0.0
11641,0.5247524752475248,0.0,0.5688073394495413,0.0,0.0
11642,0.5148514851485149,0.0,0.5779816513761468,0.0,0.0
11643,0.5346534653465347,0.0,0.5045871559633028,0.0,0.0
11644,0.594059405940594,0.0,0.5229357798165137,0.0,0.0
11645,0.6039603960396039,0.0,0.4954128440366973,0.0,0.0
11646,0.5742574257425743,0.0,0.47706422018348627,0.10776942355889724,0.0
11647,0.5544554455445545,0.05555555555555556,0.3669724770642202,0.015037593984962405,0.03333333333333333
11648,0.4158415841584158,0.0,0.3486238532110092,0.0,0.0
11649,0.4158415841584158,0.0,0.3761467889908257,0.0,0.0
11650,0.5346534653465347,0.05555555555555556,0.41284403669724773,0.022556390977443608,0.03333333333333333
11651,0.4554455445544554,0.0,0.4036697247706422,0.0,0.0
11652,0.5544554455445545,0.0,0.5871559633027523,0.0,0.0
11653,0.5841584158415842,0.0,0.5963302752293579,0.007518796992481203,0.0
11654,0.5742574257425743,0.0,0.3944954128440367,0.0,0.0
11655,0.5445544554455446,0.0,0.3853211009174312,0.0,0.0
11656,0.4554455445544554,0.0,0.3761467889908257,0.0,0.0
11657,0.5544554455445545,0.0,0.5688073394495413,0.022556390977443608,0.0
11658,0.5742574257425743,0.0,0.5412844036697249,0.0,0.0
11659,0.5247524752475248,0.0,0.45871559633027525,0.0,0.0
11660,0.5643564356435644,0.0,0.43119266055045874,0.03007518796992481,0.0
11661,0.5346534653465347,0.0,0.41284403669724773,0.0,0.0
11662,0.48514851485148514,0.0,0.4036697247706422,0.0,0.0
11663,0.5544554455445545,0.0,0.44954128440366975,0.0,0.0
11664,0.5445544554455446,0.0,0.46788990825688076,0.012531328320802004,0.0
11665,0.4455445544554455,0.0,0.3486238532110092,0.0,0.0
11666,0.4455445544554455,0.0,0.3302752293577982,0.0,0.0
11667,0.4158415841584158,0.0,0.3853211009174312,0.0,0.0
11668,0.5148514851485149,0.0,0.3669724770642202,0.0,0.0
11669,0.48514851485148514,0.0,0.3761467889908257,0.0,0.0
11670,0.5148514851485149,0.0,0.3761467889908257,0.0,0.0
11671,0.4554455445544554,0.0,0.3577981651376147,0.0,0.0
11672,0.4653465346534653,0.0,0.3486238532110092,0.0,0.0
11673,0.4554455445544554,0.05555555555555556,0.3119266055045872,0.007518796992481203,0.0
11674,0.2376237623762376,0.22222222222222224,0.28440366972477066,0.012531328320802004,0.0
11675,0.26732673267326734,0.0,0.26605504587155965,0.0,0.06666666666666667
11676,0.31683168316831684,0.0,0.25688073394495414,0.0,0.06666666666666667
11677,0.3069306930693069,0.0,0.3394495412844037,0.002506265664160401,0.06666666666666667
11678,0.5247524752475248,0.22222222222222224,0.3853211009174312,0.09523809523809523,0.13333333333333333
11679,0.504950495049505,0.0,0.3761467889908257,0.23308270676691728,0.13333333333333333
11680,0.38613861386138615,0.0,0.3302752293577982,0.0,0.13333333333333333
11681,0.4158415841584158,0.0,0.3761467889908257,0.0,0.1
11682,0.4752475247524752,0.0,0.3944954128440367,0.0,0.1
11683,0.5148514851485149,0.05555555555555556,0.3761467889908257,0.012531328320802004,0.1
11684,0.4455445544554455,0.11111111111111112,0.3211009174311927,0.05012531328320802,0.1
11685,0.36633663366336633,0.33333333333333337,0.30275229357798167,0.03258145363408521,0.2
11686,0.3069306930693069,0.0,0.22018348623853212,0.0,0.2
11687,0.37623762376237624,0.0,0.3944954128440367,0.05263157894736842,0.2
11688,0.3564356435643564,0.0,,0.05263157894736842,0.2
11689,0.3366336633663366,0.0,0.3211009174311927,0.0,0.13333333333333333
11690,0.5148514851485149,0.0,0.3944954128440367,0.03759398496240601,0.1
11691,0.4752475247524752,0.0,0.48623853211009177,0.08771929824561403,0.03333333333333333
11692,0.42574257425742573,,0.3761467889908257,0.0,0.06666666666666667
11693,0.5346534653465347,0.0,0.3944954128440367,0.0,0.0
11694,0.37623762376237624,0.22222222222222224,0.3394495412844037,0.017543859649122806,0.06666666666666667
11695,0.24752475247524752,0.0,0.27522935779816515,0.0,0.06666666666666667
11696,0.2772277227722772,0.11111111111111112,0.26605504587155965,0.002506265664160401,0.1
11697,0.12871287128712872,0.0,0.09174311926605505,0.0,0.1
11698,,0.0,0.10091743119266056,0.0,0.1
11699,0.2772277227722772,0.0,0.21100917431192662,0.0,0.06666666666666667
11700,0.36633663366336633,0.22222222222222224,0.26605504587155965,0.015037593984962405,0.13333333333333333
11701,0.3267326732673267,0.0,0.22018348623853212,0.0,0.13333333333333333
11702,0.1782178217821782,0.0,0.2018348623853211,0.0,0.13333333333333333
11703,0.1782178217821782,0.0,0.1926605504587156,0.0,
11704,0.06930693069306929,0.0,0.09174311926605505,0.0,
11705,,0.0,0.22018348623853212,0.0,0.1
11706,0.3069306930693069,0.0,0.3302752293577982,0.0,0.1
11707,0.3465346534653465,0.0,,0.0,0.1
11708,0.39603960396039606,0.0,0.27522935779816515,0.020050125313283207,0.06666666666666667
11709,0.3267326732673267,0.0,0.22018348623853212,0.0,0.06666666666666667
11710,0.39603960396039606,0.0,0.44036697247706424,0.11779448621553884,0.03333333333333333
11711,0.25742574257425743,0.0,0.2018348623853211,0.0,0.0
11712,0.2772277227722772,0.0,0.1743119266055046,0.0,0.0
11713,,0.0,0.3119266055045872,0.0,0.0
11714,0.4653465346534653,0.0,0.3853211009174312,0.0,0.0
11715,0.37623762376237624,0.0,0.3302752293577982,0.0,0.0
11716,0.5247524752475248,0.0,0.3761467889908257,0.23308270676691728,0.0
11717,0.40594059405940597,0.5555555555555556,0.3761467889908257,0.5839598997493733,0.0
11718,0.2871287128712871,0.888888888888889,0.3211009174311927,0.09273182957393483,0.26666666666666666
11719,0.31683168316831684,0.0,0.3211009174311927,0.0,0.26666666666666666
11720,0.43564356435643564,0.0,0.29357798165137616,0.0,0.23333333333333334
11721,0.1782178217821782,1.0,0.27522935779816515,0.042606516290726815,0.5333333333333333
11722,0.18811881188118812,0.11111111111111112,0.23853211009174313,0.020050125313283207,0.5666666666666667
11723,0.18811881188118812,0.16666666666666669,0.23853211009174313,0.022556390977443608,0.6
11724,0.1386138613861386,0.0,0.22935779816513763,0.0,0.6
11725,0.2772277227722772,0.0,0.28440366972477066,0.0,0.5666666666666667
11726,0.37623762376237624,0.3888888888888889,0.28440366972477066,0.05513784461152882,0.6
11727,0.0792079207920792,0.0,0.22018348623853212,0.002506265664160401,0.6
11728,0.12871287128712872,0.0,0.21100917431192662,0.0,0.6
11729,0.25742574257425743,0.0,0.23853211009174313,0.0,0.6
11730,0.26732673267326734,0.022222222222222223,0.28440366972477066,0.0,0.5666666666666667
11731,0.42574257425742573,0.0,0.3761467889908257,0.0,0.5333333333333333
11732,0.5346534653465347,0.0,0.44036697247706424,0.0,0.5
11733,0.5643564356435644,0.0,0.41284403669724773,0.0,0.43333333333333335
11734,0.49504950495049505,0.0,0.3669724770642202,0.0,0.4
11735,0.5148514851485149,0.0,0.3669724770642202,0.0,0.3333333333333333
11736,0.5346534653465347,0.05555555555555556,0.3669724770642202,0.047619047619047616,0.3
11737,0.5445544554455446,0.0,0.42201834862385323,0.0,0.26666666666666666
11738,0.5544554455445545,0.0,0.3944954128440367,0.0,0.23333333333333334
11739,0.5544554455445545,0.0,0.42201834862385323,0.0,0.2
11740,0.5346534653465347,0.0,0.4036697247706422,0.0,0.13333333333333333
11741,0.4554455445544554,0.0,0.3853211009174312,0.06015037593984962,0.06666666666666667
11742,0.3564356435643564,0.0,0.27522935779816515,0.0,0.06666666666666667
11743,0.31683168316831684,0.0,0.3119266055045872,0.0,0.06666666666666667
11744,0.3366336633663366,0.0,0.3394495412844037,0.0,0.06666666666666667
11745,0.40594059405940597,0.0,0.3486238532110092,0.0,0.06666666666666667
11746,0.4455445544554455,0.0,0.41284403669724773,0.0,0.03333333333333333
11747,0.4752475247524752,0.0,0.41284403669724773,0.0,0.03333333333333333
11748,0.2772277227722772,0.4444444444444445,0.27522935779816515,0.045112781954887216,0.16666666666666666
11749,0.3069306930693069,0.16666666666666669,0.41284403669724773,0.13784461152882205,0.2
11750,0.37623762376237624,0.05555555555555556,0.41284403669724773,0.06015037593984962,0.2
11751,0.38613861386138615,0.0,0.3577981651376147,0.0,0.16666666666666666
11752,0.3465346534653465,0.0,0.3302752293577982,0.0,0.16666666666666666
11753,0.3366336633663366,0.0,0.3119266055045872,0.0,0.16666666666666666
11754,0.36633663366336633,0.33333333333333337,0.3486238532110092,0.05012531328320802,0.26666666666666666
11755,0.38613861386138615,0.0,0.42201834862385323,0.0,0.23333333333333334
11756,0.6039603960396039,0.0,0.44954128440366975,0.0,0.16666666666666666
11757,0.5643564356435644,0.0,0.43119266055045874,0.012531328320802004,0.1
11758,0.594059405940594,0.0,0.5688073394495413,0.08270676691729323,0.0
11759,0.6138613861386139,0.0,0.46788990825688076,0.0,0.0
11760,0.5742574257425743,0.0,0.44954128440366975,0.0,0.0
11761,0.5742574257425743,0.0,0.5871559633027523,0.017543859649122806,0.0
11762,0.5643564356435644,0.0,0.5871559633027523,0.10526315789473684,0.0
11763,0.5643564356435644,0.0,0.44954128440366975,0.0,0.0
11764,0.5742574257425743,0.0,0.44036697247706424,0.0,0.0
11765,0.5742574257425743,0.0,0.43119266055045874,0.18295739348370926,0.0
11766,0.5643564356435644,0.0,0.45871559633027525,0.0,0.0
11767,0.5742574257425743,0.0,0.46788990825688076,0.0,0.0
11768,0.5148514851485149,0.0,0.5045871559633028,0.0,0.0
11769,0.5742574257425743,0.0,0.5412844036697249,0.0,0.0
11770,0.5544554455445545,0.0,0.5321100917431193,0.0,0.0
11771,0.504950495049505,0.0,0.3577981651376147,0.06516290726817042,0.0
11772,0.4158415841584158,0.0,0.3394495412844037,0.0,0.0
11773,0.4455445544554455,0.0,0.42201834862385323,0.0,0.0
11774,0.48514851485148514,0.0,0.5596330275229359,0.0,0.0
11775,0.6435643564356436,0.0,0.6697247706422019,0.0,0.0
11776,0.6336633663366337,0.0,0.6513761467889908,0.16040100250626566,0.0
11777,0.6138613861386139,0.0,0.5871559633027523,0.005012531328320802,0.0
11778,0.5643564356435644,0.0,0.6146788990825688,0.0,0.0
11779,0.5445544554455446,0.0,0.6238532110091743,0.12531328320802004,0.0
11780,0.42574257425742573,0.11111111111111112,0.3394495412844037,0.002506265664160401,0.0
11781,0.4554455445544554,0.0,0.3577981651376147,0.0,0.0
11782,0.3564356435643564,0.888888888888889,0.30275229357798167,0.20050125313283207,0.26666666666666666
11783,0.25742574257425743,0.0,0.3211009174311927,0.0,0.13333333333333333
11784,0.31683168316831684,0.0,0.3577981651376147,0.0,0.13333333333333333
11785,0.48514851485148514,0.11111111111111112,0.41284403669724773,0.005012531328320802,0.16666666666666666
11786,0.5346534653465347,0.0,0.41284403669724773,0.0,0.1
11787,0.504950495049505,0.0,0.4036697247706422,0.0,0.03333333333333333
11788,0.5346534653465347,0.0,0.5137614678899083,0.0,0.0
11789,0.6831683168316831,0.0,0.5871559633027523,0.0,0.0
11790,0.5247524752475248,0.0,0.5504587155963303,0.0,0.0
11791,0.5247524752475248,0.0,0.6880733944954128,0.0,0.0
11792,0.6831683168316831,0.0,0.7155963302752294,0.0,0.0
11793,0.7227722772277227,0.0,0.6422018348623854,0.20802005012531327,0.0
11794,0.5544554455445545,0.0,0.6055045871559633,0.005012531328320802,0.0
11795,0.6336633663366337,0.0,0.6880733944954128,0.0,0.0
11796,0.7920792079207921,0.0,0.6697247706422019,0.007518796992481203,0.0
11797,0.6138613861386139,0.0,0.5871559633027523,0.005012531328320802,0.0
11798,0.5346534653465347,0.0,,0.0,0.0
11799,0.6039603960396039,0.0,0.6422018348623854,0.0,0.0
11800,0.6237623762376238,0.0,0.6880733944954128,0.0,0.0
11801,0.6732673267326732,0.0,0.706422018348624,0.0,0.0
11802,0.7623762376237624,0.0,0.6972477064220184,0.0,0.0
11803,0.6237623762376238,0.0,0.6788990825688074,0.0,0.0
11804,0.5445544554455446,0.0,0.5963302752293579,0.0,0.0
11805,0.5841584158415842,0.0,0.6513761467889908,0.0,0.0
11806,0.7029702970297029,0.0,0.6330275229357799,0.0,0.0
11807,0.6831683168316831,0.0,0.6972477064220184,0.0,0.0
11808,0.6534653465346534,0.0,0.7247706422018348,0.0,0.0
11809,0.6732673267326732,0.0,0.7522935779816514,0.0,0.0
11810,0.6633663366336633,0.0,0.7889908256880734,0.0,0.0
11811,0.693069306930693,0.0,0.81651376146789,0.0,0.0
11812,0.8217821782178217,0.0,0.8348623853211009,0.0,0.0
11813,0.801980198019802,0.0,0.8256880733944955,0.0,0.0
11814,0.7227722772277227,0.0,0.706422018348624,0.10275689223057644,0.0
11815,0.693069306930693,0.0,0.706422018348624,0.0,0.0
11816,0.7029702970297029,0.0,0.7614678899082569,0.0,0.0
11817,0.7425742574257426,0.0,0.8348623853211009,0.0,0.0
11818,0.8217821782178217,0.0,0.853211009174312,0.0,0.0
11819,0.7821782178217822,0.0,0.8715596330275229,0.0,0.0
11820,0.7821782178217822,0.0,0.8807339449541285,0.0,0.0
11821,0.7920792079207921,0.0,0.8623853211009175,0.0,0.0
11822,0.7623762376237624,0.0,0.8348623853211009,0.0,0.0
11823,0.7722772277227723,0.0,0.8440366972477065,0.0,0.0
11824,0.7821782178217822,0.0,0.8623853211009175,0.0,0.0
11825,0.8514851485148515,0.0,0.8440366972477065,0.0,0.0
11826,0.8415841584158416,0.0,0.7981651376146789,0.09273182957393483,0.0
11827,0.7722772277227723,0.0,,0.15037593984962405,0.0
11828,0.801980198019802,0.0,0.7339449541284404,0.08771929824561403,0.0
11829,,0.0,0.6788990825688074,0.12280701754385964,0.0
11830,0.7722772277227723,0.0,0.6788990825688074,0.0,0.0
11831,0.801980198019802,0.0,0.6605504587155964,0.0,0.0
11832,0.7326732673267327,0.0,0.7339449541284404,0.0,0.0
11833,0.8217821782178217,0.0,0.7247706422018348,0.02756892230576441,0.0
11834,0.8415841584158416,0.0,0.743119266055046,0.3308270676691729,0.0
11835,0.8217821782178217,0.0,0.7706422018348624,0.0,0.0
11836,0.8712871287128713,0.0,0.7706422018348624,0.03258145363408521,0.0
11837,0.8316831683168316,0.0,0.81651376146789,0.0,0.0
11838,0.8316831683168316,0.0,0.7981651376146789,0.10275689223057644,0.0
11839,0.7227722772277227,0.0,0.743119266055046,0.0,0.0
11840,0.7128712871287128,0.0,0.743119266055046,0.0,0.0
11841,0.7128712871287128,0.0,0.6697247706422019,0.0,0.0
11842,0.7821782178217822,0.0,0.706422018348624,0.0,0.0
11843,0.7524752475247525,0.0,0.779816513761468,0.0,0.0
11844,0.7722772277227723,0.0,0.779816513761468,0.0,0.0
11845,0.8316831683168316,0.0,0.8440366972477065,0.0,0.0
11846,0.8613861386138614,0.0,0.8440366972477065,0.0,0.0
11847,0.8514851485148515,0.0,0.7339449541284404,0.06015037593984962,0.0
11848,0.693069306930693,0.0,0.743119266055046,0.0,0.0
11849,0.801980198019802,0.0,0.7522935779816514,0.0,0.0
11850,0.7920792079207921,0.0,0.7706422018348624,0.0,0.0
11851,0.7821782178217822,0.0,0.8073394495412844,0.0,0.0
11852,0.8613861386138614,0.0,0.8073394495412844,0.0,0.0
11853,0.801980198019802,0.0,,0.06015037593984962,0.0
11854,0.7524752475247525,0.0,0.7155963302752294,0.13032581453634084,0.0
11855,0.7821782178217822,0.0,0.7706422018348624,0.0,0.0
11856,0.8217821782178217,0.0,0.7706422018348624,0.08020050125313283,0.0
11857,0.7227722772277227,0.0,0.7247706422018348,0.0,0.0
11858,0.7425742574257426,0.0,0.7155963302752294,0.03258145363408521,0.0
11859,0.7920792079207921,0.0,0.7247706422018348,0.07268170426065163,0.0
11860,0.7128712871287128,0.0,0.7155963302752294,0.0,0.0
11861,0.693069306930693,0.0,0.7522935779816514,0.0,0.0
11862,0.7821782178217822,0.0,0.8073394495412844,0.0,0.0
11863,0.8613861386138614,0.0,0.7981651376146789,0.0,0.0
11864,0.8415841584158416,0.0,0.8440366972477065,0.0,0.0
11865,0.8514851485148515,0.0,0.8256880733944955,0.0,0.0
11866,0.8910891089108911,0.0,0.7981651376146789,0.10275689223057644,0.0
11867,0.8217821782178217,0.0,0.7981651376146789,0.0,0.0
11868,0.7128712871287128,0.0,0.7614678899082569,0.0,0.0
11869,0.7326732673267327,0.0,0.7889908256880734,0.0,0.0
11870,0.8712871287128713,0.0,0.7614678899082569,0.2907268170426065,0.0
11871,0.8415841584158416,0.0,0.7889908256880734,0.005012531328320802,0.0
11872,0.8118811881188118,0.0,0.8073394495412844,0.0,0.0
11873,0.8316831683168316,0.0,0.8715596330275229,0.0,0.0
11874,0.9702970297029703,0.0,0.8807339449541285,0.0,0.0
11875,0.8514851485148515,0.0,0.8348623853211009,0.0,0.0
11876,0.7821782178217822,0.0,0.8348623853211009,0.0,0.0
11877,0.8316831683168316,0.0,0.8348623853211009,0.0,0.0
11878,0.8118811881188118,0.0,0.7889908256880734,0.12531328320802004,0.0
11879,0.8316831683168316,0.0,0.8073394495412844,0.09273182957393483,0.0
11880,0.8217821782178217,0.0,,0.0,0.0
11881,0.8415841584158416,0.0,0.8440366972477065,0.0,0.0
11882,0.8316831683168316,0.0,0.8623853211009175,0.0,0.0
11883,0.8514851485148515,0.0,0.8715596330275229,0.0,0.0
11884,0.9504950495049505,0.0,0.8807339449541285,0.0,0.0
11885,0.9603960396039604,0.0,0.8623853211009175,0.0,0.0
11886,0.9306930693069307,0.0,0.8256880733944955,0.0,0.0
11887,0.8811881188118812,0.0,0.8073394495412844,0.045112781954887216,0.0
11888,0.7920792079207921,0.0,0.8256880733944955,0.0,0.0
11889,0.8316831683168316,0.0,0.81651376146789,0.0,0.0
11890,0.8217821782178217,0.0,0.8256880733944955,0.0,0.0
11891,0.8217821782178217,0.0,0.8256880733944955,0.0,0.0
11892,0.801980198019802,0.0,0.8623853211009175,0.0,0.0
11893,0.8811881188118812,0.0,0.8807339449541285,0.0,0.0
11894,0.9108910891089109,0.0,0.8715596330275229,0.0,0.0
11895,0.900990099009901,0.0,0.8348623853211009,0.0,0.0
11896,0.801980198019802,0.0,0.81651376146789,0.0,0.0
11897,0.7623762376237624,0.0,0.81651376146789,0.0,0.0
11898,0.7920792079207921,0.0,0.81651376146789,0.0,0.0
11899,0.7920792079207921,0.0,0.81651376146789,0.0,0.0
11900,0.8811881188118812,0.0,0.81651376146789,0.0,0.0
11901,0.8415841584158416,0.0,0.853211009174312,0.02506265664160401,0.0
11902,0.9702970297029703,0.0,0.8623853211009175,0.0,0.0
11903,0.9108910891089109,0.0,,0.0,0.0
11904,0.8712871287128713,0.0,0.8623853211009175,0.0,0.0
11905,0.8415841584158416,0.0,0.8623853211009175,0.0,0.0
11906,0.9108910891089109,0.0,0.8440366972477065,0.09523809523809523,0.0
11907,0.8316831683168316,0.0,0.8256880733944955,0.010025062656641603,0.0
11908,0.8118811881188118,0.0,0.779816513761468,0.0,0.0
11909,0.7029702970297029,0.0,0.7247706422018348,0.0,0.0
11910,0.7029702970297029,0.0,0.7614678899082569,0.0,0.0
11911,0.7029702970297029,0.0,0.7889908256880734,0.0,0.0
11912,0.7623762376237624,0.0,0.81651376146789,0.0,0.0
11913,0.7920792079207921,0.0,0.8440366972477065,0.0,0.0
11914,0.7920792079207921,0.0,0.853211009174312,0.0,0.0
11915,0.8316831683168316,0.0,0.8440366972477065,0.0,0.0
11916,0.7425742574257426,0.0,0.81651376146789,0.0,0.0
11917,0.7623762376237624,0.0,0.8440366972477065,0.0,0.0
11918,0.8811881188118812,0.0,0.8440366972477065,0.14536340852130325,0.0
11919,0.7722772277227723,0.0,0.81651376146789,0.007518796992481203,0.0
11920,0.7425742574257426,0.0,0.706422018348624,0.0,0.0
11921,0.8316831683168316,0.0,0.7889908256880734,0.007518796992481203,0.0
11922,0.7425742574257426,0.0,0.7981651376146789,0.0,0.0
11923,0.8316831683168316,0.0,0.7614678899082569,0.007518796992481203,0.0
11924,0.7326732673267327,0.0,0.7614678899082569,0.0,0.0
11925,0.7821782178217822,0.0,0.7614678899082569,0.0,0.0
11926,0.7029702970297029,0.0,0.6972477064220184,0.0,0.0
11927,0.6039603960396039,0.0,0.6880733944954128,0.0,0.0
11928,0.7722772277227723,0.0,0.8348623853211009,0.0,0.0
11929,0.8415841584158416,0.0,0.8348623853211009,0.0,0.0
11930,0.8811881188118812,0.0,0.7981651376146789,0.0,0.0
11931,0.8217821782178217,0.0,0.8440366972477065,0.0,0.0
11932,0.7326732673267327,0.0,0.7889908256880734,0.0,0.0
11933,0.693069306930693,0.0,0.7614678899082569,0.0,0.0
11934,0.7524752475247525,0.0,0.8073394495412844,0.0,0.0
11935,0.7623762376237624,0.0,0.7981651376146789,0.0,0.0
11936,0.7722772277227723,0.0,0.7889908256880734,0.03508771929824561,0.0
11937,0.6534653465346534,0.0,0.7706422018348624,0.0,0.0
11938,0.6435643564356436,0.0,0.81651376146789,0.0,0.0
11939,0.7227722772277227,0.0,0.8256880733944955,0.0,0.0
11940,0.7722772277227723,0.0,0.8623853211009175,0.0,0.0
11941,0.7920792079207921,0.0,0.8807339449541285,0.0,0.0
11942,0.8514851485148515,0.0,0.8990825688073395,0.0,0.0
11943,0.9108910891089109,0.0,0.8440366972477065,0.0,0.0
11944,0.8415841584158416,0.0,,0.08270676691729323,0.0
11945,0.7425742574257426,0.0,,0.0,0.0
11946,0.6534653465346534,0.0,0.7522935779816514,0.0,0.0
11947,0.7524752475247525,0.0,0.7614678899082569,0.12030075187969924,0.0
11948,0.6039603960396039,0.0,0.6880733944954128,0.0,0.0
11949,0.7227722772277227,0.0,0.6788990825688074,0.0,0.0
11950,0.5742574257425743,0.0,,0.0,0.0
11951,0.6534653465346534,0.0,0.6146788990825688,0.0,0.0
11952,0.6831683168316831,0.0,0.6880733944954128,0.0,0.0
11953,0.7623762376237624,0.0,0.6880733944954128,0.0,0.0
11954,0.7722772277227723,0.0,0.6513761467889908,0.03508771929824561,0.0
11955,0.7128712871287128,0.0,0.6972477064220184,0.0,0.0
11956,0.7326732673267327,0.0,0.6788990825688074,0.14536340852130325,0.0
11957,0.7029702970297029,0.0,0.6972477064220184,0.08270676691729323,0.0
11958,0.7029702970297029,0.0,0.7614678899082569,0.0,0.0
11959,0.693069306930693,0.0,0.7889908256880734,0.0,0.0
11960,0.7425742574257426,0.0,0.853211009174312,0.0,0.0
11961,0.7227722772277227,0.0,0.8348623853211009,0.0,0.0
11962,0.7821782178217822,0.0,0.7889908256880734,0.0,0.0
11963,0.693069306930693,0.0,0.743119266055046,0.0,0.0
11964,0.7425742574257426,0.0,0.7889908256880734,0.007518796992481203,0.0
11965,0.7623762376237624,0.0,0.81651376146789,0.05513784461152882,0.0
11966,0.8712871287128713,0.0,,0.0,0.0
11967,0.6138613861386139,0.0,0.7614678899082569,0.017543859649122806,0.0
11968,0.7623762376237624,0.0,0.7522935779816514,0.0,0.0
11969,0.8118811881188118,0.0,0.7706422018348624,0.022556390977443608,0.0
11970,0.6633663366336633,0.0,0.7522935779816514,0.0,0.0
11971,0.7128712871287128,0.0,0.5963302752293579,0.0,0.0
11972,0.6039603960396039,0.0,0.6238532110091743,0.0,0.0
11973,0.6633663366336633,0.0,0.5963302752293579,0.022556390977443608,0.0
11974,0.6831683168316831,0.0,0.6422018348623854,0.0,0.0
11975,0.5544554455445545,0.0,0.6055045871559633,0.0,0.0
11976,0.4752475247524752,0.0,0.5321100917431193,0.0,0.0
11977,0.594059405940594,0.0,0.6697247706422019,0.0,0.0
11978,0.6732673267326732,0.0,0.6972477064220184,0.0,0.0
11979,0.6732673267326732,0.0,0.6697247706422019,0.0,0.0
11980,0.6039603960396039,0.0,0.46788990825688076,0.05012531328320802,0.0
11981,0.5841584158415842,0.0,0.48623853211009177,0.0,0.0
11982,0.4653465346534653,0.0,0.5137614678899083,0.0,0.0
11983,0.4752475247524752,0.0,0.5688073394495413,0.0,0.0
11984,0.48514851485148514,0.0,0.5963302752293579,0.0,0.0
11985,0.5148514851485149,0.0,0.6513761467889908,0.0,0.0
11986,0.5247524752475248,0.0,0.6788990825688074,0.0,0.0
11987,0.6831683168316831,0.0,0.706422018348624,0.0,0.0
11988,0.6732673267326732,0.0,,0.0,0.0
11989,0.5841584158415842,0.0,0.6330275229357799,0.005012531328320802,0.0
11990,0.7326732673267327,0.0,0.6513761467889908,0.11278195488721804,0.0
11991,0.7227722772277227,0.0,0.6788990825688074,0.09774436090225563,0.0
11992,0.7920792079207921,0.0,0.6880733944954128,0.9223057644110275,0.0
11993,0.7227722772277227,0.0,0.6605504587155964,0.08521303258145363,0.0
11994,0.5841584158415842,0.0,0.5504587155963303,0.0,0.0
11995,0.504950495049505,0.0,0.3761467889908257,0.0,0.0
11996,0.504950495049505,0.0,0.41284403669724773,0.0,0.0
11997,0.5445544554455446,0.0,0.5963302752293579,0.0,0.0
11998,0.6831683168316831,0.0,0.5596330275229359,0.0,0.0
11999,0.6237623762376238,0.0,,0.005012531328320802,0.0
12000,0.6336633663366337,0.0,0.5779816513761468,0.0,0.0
12001,0.7227722772277227,0.0,0.5871559633027523,0.03007518796992481,0.0
12002,0.6534653465346534,0.0,0.5779816513761468,0.045112781954887216,0.0
12003,0.5346534653465347,0.0,0.44036697247706424,0.07268170426065163,0.0
12004,0.49504950495049505,0.0,0.3761467889908257,0.0,0.0
12005,0.4752475247524752,0.0,0.3761467889908257,0.0,0.0
12006,0.48514851485148514,0.0,0.43119266055045874,0.0,0.0
12007,0.4752475247524752,0.0,0.5137614678899083,0.0,0.0
12008,0.5445544554455446,0.0,0.5504587155963303,0.0,0.0
12009,0.6039603960396039,0.0,0.5871559633027523,0.0,0.0
12010,0.7326732673267327,0.0,0.5963302752293579,0.24561403508771928,0.0
12011,0.693069306930693,0.0,,0.08020050125313283,0.0
12012,0.5841584158415842,0.0,0.5321100917431193,0.02506265664160401,0.0
12013,0.6435643564356436,0.0,0.5045871559633028,0.010025062656641603,0.0
12014,0.5346534653465347,0.05555555555555556,0.43119266055045874,0.12280701754385964,0.0
12015,0.4554455445544554,0.0,0.3669724770642202,0.0,0.0
12016,0.5445544554455446,0.0,0.3761467889908257,0.020050125313283207,0.0
12017,0.43564356435643564,0.18888888888888888,0.3761467889908257,0.03508771929824561,0.03333333333333333
12018,0.4653465346534653,0.0,0.45871559633027525,0.13533834586466165,0.0
12019,0.6039603960396039,0.0,0.47706422018348627,0.02756892230576441,0.0
12020,0.5544554455445545,0.0,0.5779816513761468,0.005012531328320802,0.0
12021,0.693069306930693,0.0,0.6055045871559633,0.0,0.0
12022,0.7524752475247525,0.0,0.6788990825688074,0.0,0.0
12023,0.8217821782178217,0.0,0.6788990825688074,0.010025062656641603,0.0
12024,0.7326732673267327,0.0,0.6330275229357799,0.17794486215538846,0.0
12025,0.7128712871287128,0.0,0.6422018348623854,0.09774436090225563,0.0
12026,0.6237623762376238,0.0,0.5963302752293579,0.007518796992481203,0.0
12027,0.5544554455445545,0.0,0.44954128440366975,0.0,0.0
12028,0.5148514851485149,0.0,0.48623853211009177,0.0,0.0
12029,0.38613861386138615,0.022222222222222223,0.41284403669724773,0.005012531328320802,0.0
12030,0.40594059405940597,0.0,0.3577981651376147,0.0,0.0
12031,0.48514851485148514,0.0,0.3577981651376147,0.0,0.0
12032,0.3366336633663366,0.0,0.3119266055045872,0.0,0.0
12033,0.36633663366336633,0.0,0.3394495412844037,0.0,0.0
12034,0.48514851485148514,0.0,0.4036697247706422,0.0,0.0
12035,0.5841584158415842,0.0,0.44954128440366975,0.012531328320802004,0.0
12036,0.5445544554455446,0.0,0.43119266055045874,0.18045112781954886,0.0
12037,0.42574257425742573,0.0,0.3394495412844037,0.0,0.0
12038,0.49504950495049505,0.0,0.4036697247706422,0.0,0.0
12039,0.5544554455445545,0.0,,0.05012531328320802,0.0
12040,0.5346534653465347,0.0,0.41284403669724773,0.012531328320802004,0.0
12041,0.5346534653465347,0.0,0.3577981651376147,0.0,0.0
12042,0.4653465346534653,0.0,0.3761467889908257,0.0,0.0
12043,0.5643564356435644,0.0,0.5229357798165137,0.040100250626566414,0.0
12044,0.7029702970297029,0.0,0.5688073394495413,0.02506265664160401,0.0
12045,0.7524752475247525,0.0,0.6238532110091743,0.040100250626566414,0.0
12046,0.6039603960396039,0.0,,0.18295739348370926,0.0
12047,0.5643564356435644,0.0,0.45871559633027525,0.0,0.0
12048,0.6039603960396039,0.0,0.6238532110091743,0.17543859649122806,0.0
12049,0.48514851485148514,0.0,0.3944954128440367,0.0,0.0
12050,0.42574257425742573,0.0,0.30275229357798167,0.0,0.0
12051,0.43564356435643564,0.0,0.3669724770642202,0.0,0.0
12052,0.48514851485148514,0.0,0.42201834862385323,0.0,0.0
12053,0.504950495049505,0.0,0.4036697247706422,0.0,0.0
12054,0.42574257425742573,0.0,0.3669724770642202,0.0,0.0
12055,0.40594059405940597,0.0,0.3944954128440367,0.0,0.0
12056,0.5148514851485149,0.0,0.3944954128440367,0.0,0.0
12057,0.5148514851485149,0.0,0.3761467889908257,0.0,0.0
12058,0.5643564356435644,0.0,0.45871559633027525,0.0,0.0
12059,0.5346534653465347,0.0,0.3669724770642202,0.0,0.0
12060,0.4455445544554455,0.0,0.44036697247706424,0.0,0.0
12061,0.594059405940594,0.0,0.5045871559633028,0.03759398496240601,0.0
12062,0.5544554455445545,0.0,,0.007518796992481203,0.0
12063,0.4158415841584158,0.0,,0.0,0.0
12064,0.4554455445544554,0.0,0.3577981651376147,0.0,0.0
12065,0.48514851485148514,0.0,0.41284403669724773,0.0,0.0
12066,0.4653465346534653,0.022222222222222223,0.3577981651376147,0.0,0.0
12067,0.3366336633663366,,0.26605504587155965,0.0,
12068,0.39603960396039606,0.0,0.25688073394495414,0.0,
12069,0.297029702970297,0.0,0.24770642201834864,0.0,
12070,0.26732673267326734,0.0,0.26605504587155965,0.0,
12071,0.31683168316831684,0.0,0.3211009174311927,0.0,
12072,0.4455445544554455,0.0,0.4036697247706422,0.0,
12073,0.5445544554455446,0.0,0.3853211009174312,0.0,0.0
12074,0.5544554455445545,0.0,0.3761467889908257,0.10275689223057644,0.0
12075,0.5643564356435644,0.0,0.3761467889908257,0.0,0.0
12076,0.5346534653465347,0.0,0.3669724770642202,0.0,0.0
12077,0.4455445544554455,0.0,0.3302752293577982,0.0,0.0
12078,0.4554455445544554,0.0,0.29357798165137616,0.0,0.0
12079,0.40594059405940597,0.0,,0.0,0.0
12080,0.48514851485148514,0.0,0.42201834862385323,0.0,0.0
12081,0.5445544554455446,0.0,0.41284403669724773,0.06516290726817042,0.0
12082,0.504950495049505,0.0,0.3486238532110092,0.0,0.0
12083,0.42574257425742573,0.0,0.3761467889908257,0.0,0.0
12084,0.5346534653465347,0.0,0.5412844036697249,0.09273182957393483,0.0
12085,0.48514851485148514,0.0,,0.020050125313283207,0.0
12086,0.4455445544554455,0.2,0.3119266055045872,0.045112781954887216,0.06666666666666667
12087,0.3465346534653465,0.0,0.28440366972477066,0.0,0.03333333333333333
12088,0.4158415841584158,0.0,0.3302752293577982,0.0,0.03333333333333333
12089,0.38613861386138615,0.3888888888888889,0.3211009174311927,0.03258145363408521,0.13333333333333333
12090,0.3564356435643564,0.0,0.3211009174311927,0.0,0.1
12091,0.3564356435643564,0.0,0.3119266055045872,0.0,0.06666666666666667
12092,0.39603960396039606,0.0,0.3119266055045872,0.0,0.06666666666666667
12093,0.39603960396039606,0.0,0.29357798165137616,0.0,0.03333333333333333
12094,0.3564356435643564,0.0,0.3394495412844037,0.0,0.03333333333333333
12095,0.3564356435643564,0.0,0.3486238532110092,0.0,0.0
12096,0.42574257425742573,0.0,0.3944954128440367,0.0,0.0
12097,0.5445544554455446,0.0,0.4036697247706422,0.0,0.0
12098,0.5445544554455446,0.0,0.5045871559633028,0.0,0.0
12099,0.5742574257425743,0.0,,0.0,0.0
12100,0.5544554455445545,0.0,0.41284403669724773,0.0,0.0
12101,0.5445544554455446,0.0,0.5504587155963303,0.0,0.0
12102,0.5346534653465347,0.0,0.6146788990825688,0.0,0.0
12103,0.6336633663366337,0.0,0.6513761467889908,0.0,0.0
12104,0.5742574257425743,0.0,,0.0,0.0
12105,0.5841584158415842,0.0,0.5779816513761468,0.0,0.0
12106,0.5346534653465347,0.0,0.47706422018348627,0.0,0.0
12107,0.4554455445544554,0.0,0.3944954128440367,0.0,0.0
12108,0.40594059405940597,0.0,0.42201834862385323,0.0,0.0
12109,0.4653465346534653,0.0,0.48623853211009177,0.0,0.0
12110,0.5148514851485149,0.0,0.5596330275229359,0.0,0.0
12111,0.5445544554455446,0.0,0.5688073394495413,0.0,0.0
12112,0.5346534653465347,0.0,0.6055045871559633,0.0,0.0
12113,0.5445544554455446,0.0,0.6880733944954128,0.0,0.0
12114,0.6732673267326732,0.0,0.7614678899082569,0.0,0.0
12115,0.6237623762376238,0.0,0.706422018348624,0.0,0.0
12116,0.7722772277227723,0.0,0.6605504587155964,0.020050125313283207,0.0
12117,0.7227722772277227,0.0,0.6972477064220184,0.007518796992481203,0.0
12118,0.6534653465346534,0.0,0.6880733944954128,0.010025062656641603,0.0
12119,0.5643564356435644,0.0,0.4954128440366973,0.19047619047619047,0.0
12120,0.504950495049505,0.0,0.42201834862385323,0.0,0.0
12121,0.5346534653465347,0.0,0.42201834862385323,0.0,0.0
12122,0.49504950495049505,0.0,0.4954128440366973,0.0,0.0
12123,0.49504950495049505,0.0,0.5137614678899083,0.0,0.0
12124,0.6534653465346534,0.0,0.5871559633027523,0.0,0.0
12125,0.5346534653465347,0.0,0.5596330275229359,0.0,0.0
12126,0.5841584158415842,0.0,0.5229357798165137,0.0,0.0
12127,0.5445544554455446,0.0,0.5871559633027523,0.0,0.0
12128,0.6336633663366337,0.0,0.5321100917431193,0.020050125313283207,0.0
12129,0.5742574257425743,0.0,0.46788990825688076,0.08521303258145363,0.0
12130,0.5247524752475248,0.0,0.41284403669724773,0.0,
12131,0.4653465346534653,,0.3394495412844037,0.02756892230576441,
12132,0.38613861386138615,0.0,0.3394495412844037,0.0,1.0
12133,0.3465346534653465,0.0,0.3394495412844037,0.0,0.8333333333333334
12134,0.38613861386138615,0.0,0.3302752293577982,0.0,0.6666666666666666
12135,0.36633663366336633,0.0,0.3669724770642202,0.0,
12136,0.43564356435643564,,0.44954128440366975,0.0,
12137,0.5742574257425743,0.0,0.5779816513761468,0.05263157894736842,0.0
12138,0.5841584158415842,0.0,0.5504587155963303,0.08771929824561403,0.0
12139,0.5346534653465347,0.0,0.41284403669724773,0.0,0.0
12140,0.4752475247524752,0.0,0.44036697247706424,0.0,0.0
12141,0.48514851485148514,0.0,0.5137614678899083,0.0,0.0
12142,0.5643564356435644,0.0,0.5779816513761468,0.007518796992481203,0.0
12143,0.6138613861386139,0.0,0.5321100917431193,0.09774436090225563,0.0
12144,0.6237623762376238,0.0,0.5229357798165137,0.03759398496240601,0.0
12145,0.6138613861386139,0.0,0.48623853211009177,0.0,0.0
12146,0.6138613861386139,0.0,0.4954128440366973,0.0,0.0
12147,0.6138613861386139,0.0,0.48623853211009177,0.047619047619047616,0.0
12148,0.6435643564356436,0.0,0.5321100917431193,0.07268170426065163,0.0
12149,0.5544554455445545,0.0,0.5321100917431193,0.007518796992481203,0.0
12150,0.594059405940594,0.0,0.5137614678899083,0.05012531328320802,0.0
12151,0.6138613861386139,0.0,0.5137614678899083,0.07268170426065163,0.0
12152,0.594059405940594,0.0,0.4954128440366973,0.03007518796992481,0.0
12153,0.5445544554455446,0.0,0.5688073394495413,0.0,0.0
12154,0.6435643564356436,0.0,0.6422018348623854,0.06516290726817042,0.0
12155,0.7029702970297029,0.0,0.6330275229357799,0.18546365914786966,0.0
12156,0.5544554455445545,0.0,0.5412844036697249,0.17293233082706766,0.0
12157,0.5445544554455446,0.0,0.4954128440366973,0.0,0.0
12158,0.48514851485148514,0.0,0.48623853211009177,0.03007518796992481,0.0
12159,0.48514851485148514,0.0,0.3944954128440367,0.0,0.0
12160,0.4653465346534653,0.0,0.42201834862385323,0.0,0.0
12161,0.504950495049505,0.0,0.5045871559633028,0.0,0.0
12162,0.5148514851485149,0.0,0.6055045871559633,0.0,0.0
12163,0.594059405940594,0.0,0.6605504587155964,0.0,0.0
12164,0.6435643564356436,0.0,0.6605504587155964,0.0,0.0
12165,0.6138613861386139,0.0,0.6146788990825688,0.0,0.0
12166,0.5346534653465347,0.0,0.6422018348623854,0.0,0.0
12167,0.6336633663366337,0.0,0.7339449541284404,0.0,0.0
12168,0.7722772277227723,0.0,0.7889908256880734,0.0,0.0
12169,0.7128712871287128,0.0,0.7614678899082569,0.047619047619047616,0.0
12170,0.6138613861386139,0.0,0.5779816513761468,0.08521303258145363,0.0
12171,0.7227722772277227,0.0,0.6513761467889908,0.23308270676691728,0.0
12172,0.6732673267326732,0.0,,0.017543859649122806,0.0
12173,,0.0,0.7155963302752294,0.3659147869674185,0.0
12174,0.6633663366336633,0.0,0.6697247706422019,0.020050125313283207,0.0
12175,0.6039603960396039,0.0,0.6513761467889908,0.07017543859649122,0.0
12176,0.5841584158415842,0.0,0.6055045871559633,0.02506265664160401,0.0
12177,0.6534653465346534,0.0,0.706422018348624,0.0,0.0
12178,0.7623762376237624,0.0,0.7247706422018348,0.0,0.0
12179,,0.0,0.6238532110091743,0.042606516290726815,0.0
12180,0.5346534653465347,0.0,0.5871559633027523,0.0,0.0
12181,0.5643564356435644,0.0,0.6513761467889908,0.0,0.0
12182,0.6237623762376238,0.0,0.7247706422018348,0.0,0.0
12183,0.6534653465346534,0.0,0.7522935779816514,0.0,0.0
12184,0.7227722772277227,0.0,0.779816513761468,0.0,0.0
12185,0.7821782178217822,0.0,0.743119266055046,0.0,0.0
12186,0.6831683168316831,0.0,0.6697247706422019,0.06265664160401002,0.0
12187,0.5841584158415842,0.0,0.6146788990825688,0.0,0.0
12188,0.6138613861386139,0.0,0.6146788990825688,0.0,0.0
12189,0.6336633663366337,0.0,0.6697247706422019,0.0,0.0
12190,0.7722772277227723,0.0,0.6788990825688074,0.002506265664160401,0.0
12191,0.7425742574257426,0.0,0.6972477064220184,0.08521303258145363,0.0
12192,0.7029702970297029,0.0,0.7614678899082569,0.0,0.0
12193,0.8217821782178217,0.0,0.7614678899082569,0.11278195488721804,0.0
12194,0.7722772277227723,0.0,0.706422018348624,0.012531328320802004,0.0
12195,0.6633663366336633,0.0,0.743119266055046,0.0,0.0
12196,0.7623762376237624,0.0,0.743119266055046,0.0,0.0
12197,0.6138613861386139,0.0,0.6330275229357799,0.07518796992481203,0.0
12198,0.6039603960396039,0.0,0.6605504587155964,0.0,0.0
12199,0.7524752475247525,0.0,0.6697247706422019,0.0,0.0
12200,0.7425742574257426,0.0,0.6605504587155964,0.0,0.0
12201,0.693069306930693,0.0,,0.13784461152882205,0.0
12202,0.693069306930693,0.0,0.6146788990825688,0.0,0.0
12203,0.6534653465346534,0.0,0.6422018348623854,0.007518796992481203,0.0
12204,0.6831683168316831,0.0,0.6972477064220184,0.0,0.0
12205,0.7722772277227723,0.0,0.6605504587155964,0.005012531328320802,0.0
12206,0.8118811881188118,0.0,0.7339449541284404,0.012531328320802004,0.0
12207,0.7821782178217822,0.0,0.7706422018348624,0.0,0.0
12208,0.7524752475247525,0.0,0.7706422018348624,0.13784461152882205,0.0
12209,0.7128712871287128,0.0,0.743119266055046,0.07017543859649122,0.0
12210,0.6732673267326732,0.0,0.7339449541284404,0.0,0.0
12211,0.7128712871287128,0.0,0.7981651376146789,0.0,0.0
12212,0.8415841584158416,0.0,0.7981651376146789,0.0,0.0
12213,0.8217821782178217,0.0,0.8440366972477065,0.0,0.0
12214,0.8316831683168316,0.0,0.8715596330275229,0.0,0.0
12215,0.8514851485148515,0.0,0.889908256880734,0.0,0.0
12216,0.8712871287128713,0.0,0.889908256880734,0.0,0.0
12217,0.900990099009901,0.0,0.8715596330275229,0.0,0.0
12218,0.8118811881188118,0.0,0.853211009174312,0.015037593984962405,0.0
12219,0.801980198019802,0.0,0.853211009174312,0.0,0.0
12220,0.8316831683168316,0.0,0.8440366972477065,0.0,0.0
12221,0.8217821782178217,0.0,0.8256880733944955,0.0,0.0
12222,0.801980198019802,0.0,0.8348623853211009,0.0,0.0
12223,0.7920792079207921,0.0,0.8623853211009175,0.0,0.0
12224,0.8118811881188118,0.0,0.8715596330275229,0.0,0.0
12225,0.8415841584158416,0.0,0.908256880733945,0.0,0.0
12226,0.8910891089108911,0.0,0.8990825688073395,0.0,0.0
12227,0.8415841584158416,0.0,0.8623853211009175,0.0,0.0
12228,0.8316831683168316,0.0,0.9266055045871561,0.0,0.0
12229,0.8316831683168316,0.0,0.9266055045871561,0.0,0.0
12230,0.8712871287128713,0.0,0.7247706422018348,0.5137844611528821,0.0
12231,0.8217821782178217,0.0,0.7247706422018348,0.07518796992481203,0.0
12232,0.8811881188118812,0.0,0.81651376146789,0.0,0.0
12233,0.9207920792079208,0.0,0.8256880733944955,0.18546365914786966,0.0
12234,0.9207920792079208,0.0,0.8715596330275229,0.015037593984962405,0.0
12235,0.9405940594059405,0.0,0.8715596330275229,0.0,0.0
12236,0.9504950495049505,0.0,0.853211009174312,0.0,0.0
12237,0.8118811881188118,0.0,0.743119266055046,0.05263157894736842,0.0
12238,0.7128712871287128,0.0,0.7339449541284404,0.0,0.0
12239,0.7128712871287128,0.0,0.7614678899082569,0.0,0.0
12240,0.7722772277227723,0.0,0.7981651376146789,0.0,0.0
12241,0.8415841584158416,0.0,0.8073394495412844,0.0,0.0
12242,0.7920792079207921,0.0,0.7981651376146789,0.06766917293233082,0.0
12243,0.8316831683168316,0.0,0.8715596330275229,0.0,0.0
12244,0.9306930693069307,0.0,0.8807339449541285,0.0,0.0
12245,0.8415841584158416,0.0,0.8807339449541285,0.0,0.0
12246,0.8514851485148515,0.0,0.8990825688073395,0.0,0.0
12247,0.9306930693069307,0.0,0.908256880733945,0.0,0.0
12248,0.9306930693069307,0.0,0.8990825688073395,0.0,0.0
12249,0.9504950495049505,0.0,0.8990825688073395,0.0,0.0
12250,0.9108910891089109,0.0,0.889908256880734,0.03007518796992481,0.0
12251,0.8910891089108911,0.0,0.889908256880734,0.22305764411027568,0.0
12252,0.9108910891089109,0.0,0.8807339449541285,0.0,0.0
12253,0.9207920792079208,0.0,0.9174311926605505,0.0,0.0
12254,0.8910891089108911,0.0,0.9174311926605505,0.11528822055137844,0.0
12255,0.8811881188118812,0.0,0.8623853211009175,0.047619047619047616,0.0
12256,0.8811881188118812,0.0,,0.0,0.0
12257,0.8613861386138614,0.0,0.8073394495412844,0.0,0.0
12258,0.8118811881188118,0.0,0.8256880733944955,0.0,0.0
12259,0.7821782178217822,0.0,0.8440366972477065,0.0,0.0
12260,0.8811881188118812,0.0,0.889908256880734,0.0,0.0
12261,0.9603960396039604,0.0,0.889908256880734,0.0,0.0
12262,0.900990099009901,0.0,0.8623853211009175,0.0,0.0
12263,0.9108910891089109,0.0,0.8073394495412844,0.09523809523809523,0.0
12264,0.8910891089108911,0.0,0.8073394495412844,0.0,0.0
12265,0.8118811881188118,0.0,0.8073394495412844,0.0,0.0
12266,0.8217821782178217,0.0,0.853211009174312,0.0,0.0
12267,0.9108910891089109,0.0,0.8440366972477065,0.05513784461152882,0.0
12268,0.900990099009901,0.0,0.8348623853211009,0.007518796992481203,0.0
12269,0.8514851485148515,0.0,0.8623853211009175,0.0,0.0
12270,0.8514851485148515,0.0,0.8715596330275229,0.0,0.0
12271,0.8514851485148515,0.0,0.8990825688073395,0.0,0.0
12272,0.8415841584158416,0.0,0.8715596330275229,0.0,0.0
12273,0.7920792079207921,0.0,0.8073394495412844,0.0,0.0
12274,0.8415841584158416,0.0,0.779816513761468,0.24812030075187969,0.0
12275,0.7623762376237624,0.0,0.7614678899082569,0.10526315789473684,0.0
12276,0.7524752475247525,0.0,0.779816513761468,0.0,0.0
12277,0.801980198019802,0.0,0.7889908256880734,0.0,0.0
12278,0.7623762376237624,0.0,0.8256880733944955,0.0,0.0
12279,0.7920792079207921,0.0,0.8623853211009175,0.0,0.0
12280,0.8514851485148515,0.0,0.853211009174312,0.0,0.0
12281,0.9108910891089109,0.0,0.8807339449541285,0.03007518796992481,0.0
12282,0.900990099009901,0.0,0.9174311926605505,0.0,0.0
12283,0.9603960396039604,0.0,0.908256880733945,0.0,0.0
12284,0.8514851485148515,0.0,0.889908256880734,0.0,0.0
12285,0.9504950495049505,0.0,,0.09774436090225563,0.0
12286,0.8910891089108911,0.0,0.81651376146789,0.0,0.0
12287,0.8217821782178217,0.0,0.8256880733944955,0.0,0.0
12288,0.7920792079207921,0.0,0.8348623853211009,0.0,0.0
12289,0.900990099009901,0.0,0.8348623853211009,0.0,0.0
12290,0.9306930693069307,0.0,0.8715596330275229,0.09273182957393483,0.0
12291,0.900990099009901,0.0,0.8440366972477065,0.7092731829573935,0.0
12292,0.8613861386138614,0.0,0.8715596330275229,0.0,0.0
12293,0.8712871287128713,0.0,0.8623853211009175,0.0,0.0
12294,0.8910891089108911,0.0,0.7981651376146789,0.012531328320802004,0.0
12295,0.8217821782178217,0.0,0.7981651376146789,0.0,0.0
12296,0.7623762376237624,0.0,0.81651376146789,0.0,0.0
12297,0.7821782178217822,0.0,0.853211009174312,0.0,0.0
12298,0.8217821782178217,0.0,0.8623853211009175,0.0,0.0
12299,0.8415841584158416,0.0,0.8348623853211009,0.0,0.0
12300,0.9207920792079208,0.0,0.853211009174312,0.0,0.0
12301,0.7524752475247525,0.0,0.779816513761468,0.14786967418546365,0.0
12302,0.7227722772277227,0.0,0.779816513761468,0.0,0.0
12303,0.7920792079207921,0.0,0.8715596330275229,0.0,0.0
12304,0.8712871287128713,0.0,0.8990825688073395,0.0,0.0
12305,0.8712871287128713,0.0,,0.0,0.0
12306,0.7227722772277227,0.0,0.7706422018348624,0.0,0.0
12307,0.7623762376237624,0.0,0.706422018348624,0.0,0.0
12308,0.6831683168316831,0.0,0.6880733944954128,0.0,0.0
12309,0.6336633663366337,0.0,0.6788990825688074,0.0,0.0
12310,0.7722772277227723,0.0,0.706422018348624,0.042606516290726815,0.0
12311,0.7524752475247525,0.0,0.7247706422018348,0.007518796992481203,0.0
12312,0.7920792079207921,0.0,0.8623853211009175,0.005012531328320802,0.0
12313,0.8910891089108911,0.0,0.8623853211009175,0.012531328320802004,0.0
12314,0.8811881188118812,0.0,0.8348623853211009,0.0,0.0
12315,0.693069306930693,0.0,0.743119266055046,0.15037593984962405,0.0
12316,0.6138613861386139,0.0,0.5688073394495413,0.0,0.0
12317,0.594059405940594,0.0,0.5963302752293579,0.0,0.0
12318,0.5544554455445545,0.0,0.6513761467889908,0.0,0.0
12319,0.594059405940594,0.0,0.6972477064220184,0.0,0.0
12320,0.6039603960396039,0.0,0.706422018348624,0.0,0.0
12321,0.6633663366336633,0.0,0.7614678899082569,0.0,0.0
12322,0.6831683168316831,0.0,0.779816513761468,0.0,0.0
12323,0.7326732673267327,0.0,0.7706422018348624,0.0,0.0
12324,0.7425742574257426,0.0,0.7614678899082569,0.0,0.0
12325,0.7227722772277227,0.0,0.743119266055046,0.0,0.0
12326,0.7227722772277227,0.0,0.7981651376146789,0.0,0.0
12327,0.7920792079207921,0.0,0.81651376146789,0.0,0.0
12328,0.8811881188118812,0.0,0.7981651376146789,0.0,0.0
12329,0.7920792079207921,0.0,0.706422018348624,0.03759398496240601,0.0
12330,0.7128712871287128,0.0,0.6788990825688074,0.0,0.0
12331,0.6138613861386139,0.0,0.7155963302752294,0.0,0.0
12332,0.7623762376237624,0.0,0.706422018348624,0.0,0.0
12333,0.6336633663366337,0.0,0.6055045871559633,0.06265664160401002,0.0
12334,0.6237623762376238,0.0,0.6330275229357799,0.0,0.0
12335,0.6831683168316831,0.0,0.743119266055046,0.0,0.0
12336,0.8118811881188118,0.0,0.7155963302752294,0.0,0.0
12337,0.6831683168316831,0.0,0.6880733944954128,0.2807017543859649,0.0
12338,0.5841584158415842,0.0,0.5779816513761468,0.15538847117794485,0.0
12339,0.5643564356435644,0.0,0.6788990825688074,0.002506265664160401,0.0
12340,0.6237623762376238,0.0,0.6880733944954128,0.0,0.0
12341,0.6534653465346534,0.0,0.6513761467889908,0.0,0.0
12342,0.6534653465346534,0.0,0.6055045871559633,0.0,0.0
12343,0.6039603960396039,0.0,0.5688073394495413,0.0,0.0
12344,0.6534653465346534,0.0,0.5412844036697249,0.005012531328320802,0.0
12345,0.693069306930693,0.0,0.5688073394495413,0.0,0.0
12346,0.693069306930693,0.0,,0.20551378446115287,0.0
12347,,0.0,0.6146788990825688,0.13283208020050125,0.0
12348,0.7128712871287128,0.0,0.5321100917431193,0.017543859649122806,0.0
12349,0.693069306930693,0.0,0.5688073394495413,0.022556390977443608,0.0
12350,0.5643564356435644,0.0,0.5504587155963303,0.0,0.0
12351,0.5247524752475248,0.0,0.5688073394495413,0.012531328320802004,0.0
12352,,0.0,0.706422018348624,0.0,0.0
12353,0.5544554455445545,0.0,0.6788990825688074,0.0,0.0
12354,0.49504950495049505,0.0,0.5045871559633028,0.0,0.0
12355,0.5346534653465347,0.0,0.5871559633027523,0.0,0.0
12356,0.6732673267326732,0.0,0.6605504587155964,0.007518796992481203,0.0
12357,0.7326732673267327,0.0,0.6513761467889908,0.0,0.0
12358,0.6237623762376238,0.0,0.5871559633027523,0.20050125313283207,0.0
12359,0.48514851485148514,0.0,0.47706422018348627,0.0,0.0
12360,0.5346534653465347,0.0,0.5137614678899083,0.0,0.0
12361,0.5544554455445545,0.0,0.5779816513761468,0.0,0.0
12362,0.6831683168316831,0.0,0.5596330275229359,0.0,0.0
12363,0.594059405940594,0.0,0.6330275229357799,0.0,0.0
12364,0.5742574257425743,0.0,0.6605504587155964,0.0,0.0
12365,0.6336633663366337,0.0,0.6422018348623854,0.0,0.0
12366,0.5148514851485149,0.0,0.5504587155963303,0.23308270676691728,0.0
12367,0.43564356435643564,0.2777777777777778,0.3669724770642202,0.10025062656641603,0.06666666666666667
12368,0.43564356435643564,0.0,0.3211009174311927,0.0,0.03333333333333333
12369,,0.0,0.46788990825688076,0.022556390977443608,0.0
12370,0.5841584158415842,0.0,0.44036697247706424,0.0,0.0
12371,0.5544554455445545,0.0,0.42201834862385323,0.2606516290726817,0.0
12372,0.5643564356435644,0.0,0.44954128440366975,0.0,0.0
12373,0.5247524752475248,0.0,0.5412844036697249,0.0,0.0
12374,0.693069306930693,0.0,0.6238532110091743,0.20551378446115287,0.0
12375,0.693069306930693,0.0,0.6146788990825688,0.07268170426065163,0.0
12376,0.6336633663366337,0.0,0.5688073394495413,0.010025062656641603,0.0
12377,0.5742574257425743,0.0,0.5871559633027523,0.0,0.0
12378,0.693069306930693,0.0,0.5688073394495413,0.07268170426065163,0.0
12379,0.5346534653465347,0.0,0.6055045871559633,0.0,0.0
12380,0.504950495049505,0.0,0.42201834862385323,0.0,0.0
12381,0.5445544554455446,0.0,0.5321100917431193,0.0,0.0
12382,0.6039603960396039,0.0,0.5045871559633028,0.0,0.0
12383,0.6039603960396039,0.0,0.5504587155963303,0.3558897243107769,0.0
12384,0.5247524752475248,0.0,0.44954128440366975,0.0,0.0
12385,0.4653465346534653,0.0,0.3486238532110092,0.0,0.0
12386,0.43564356435643564,0.0,0.3211009174311927,0.0,0.0
12387,0.42574257425742573,0.0,0.3302752293577982,0.0,0.0
12388,0.4554455445544554,0.0,0.3486238532110092,0.020050125313283207,0.0
12389,0.5148514851485149,0.0,0.4036697247706422,0.08020050125313283,0.0
12390,0.5346534653465347,0.0,0.42201834862385323,0.0,0.0
12391,0.5346534653465347,0.0,0.42201834862385323,0.21303258145363407,0.0
12392,0.38613861386138615,0.4444444444444445,0.42201834862385323,0.06766917293233082,0.13333333333333333
12393,0.36633663366336633,0.0,0.3394495412844037,0.0,0.13333333333333333
12394,0.4455445544554455,0.0,0.3761467889908257,0.0,0.13333333333333333
12395,0.4554455445544554,0.16666666666666669,0.3669724770642202,0.06516290726817042,0.03333333333333333
12396,0.4752475247524752,0.0,0.3486238532110092,0.0,0.0
12397,,0.0,0.47706422018348627,0.18796992481203006,0.0
12398,0.5544554455445545,0.0,0.4036697247706422,0.0,0.0
12399,0.5643564356435644,0.0,0.44036697247706424,0.005012531328320802,0.0
12400,0.49504950495049505,0.0,0.44036697247706424,0.02756892230576441,0.0
12401,0.43564356435643564,0.0,0.3302752293577982,0.0,0.0
12402,0.37623762376237624,,0.26605504587155965,0.0,0.0
12403,0.37623762376237624,,0.24770642201834864,0.0,0.0
12404,0.24752475247524752,0.0,0.21100917431192662,0.0,0.0
12405,0.3366336633663366,0.0,0.27522935779816515,0.0,0.0
12406,0.3564356435643564,0.11111111111111112,0.3302752293577982,0.0,0.03333333333333333
12407,0.297029702970297,0.22222222222222224,0.3761467889908257,0.012531328320802004,0.06666666666666667
12408,0.12871287128712872,0.05555555555555556,0.11009174311926606,0.007518796992481203,0.1
12409,0.06930693069306929,0.0,0.05504587155963303,0.0,0.1
12410,0.0792079207920792,0.0,0.009174311926605505,0.0,0.1
12411,0.1584158415841584,0.0,,0.0,0.06666666666666667
12412,0.18811881188118812,0.0,0.23853211009174313,0.0,0.06666666666666667
12413,0.42574257425742573,,0.25688073394495414,0.0,0.1
12414,,0.22222222222222224,0.27522935779816515,0.09774436090225563,0.16666666666666666
12415,0.09900990099009899,0.0,0.12844036697247707,0.0,0.16666666666666666
12416,0.2079207920792079,0.0,0.24770642201834864,0.0,0.16666666666666666
12417,0.40594059405940597,0.0,0.3211009174311927,0.0,0.16666666666666666
12418,0.37623762376237624,0.05555555555555556,0.30275229357798167,0.002506265664160401,0.2
12419,0.37623762376237624,0.0,0.3119266055045872,0.0,0.16666666666666666
12420,0.48514851485148514,0.0,0.3853211009174312,0.0,0.13333333333333333
12421,0.4158415841584158,0.0,0.3761467889908257,0.0,0.1
12422,0.5148514851485149,0.0,0.3944954128440367,0.0,0.06666666666666667
12423,0.2871287128712871,0.0,0.3302752293577982,0.0,0.03333333333333333
12424,0.37623762376237624,0.0,0.3119266055045872,0.0,0.03333333333333333
12425,0.39603960396039606,0.0,0.27522935779816515,0.0,0.0
12426,,0.3888888888888889,0.24770642201834864,0.2656641604010025,0.13333333333333333
12427,0.09900990099009899,0.0,0.2018348623853211,0.0,0.13333333333333333
12428,0.198019801980198,0.0,0.2018348623853211,0.0,0.13333333333333333
12429,0.3366336633663366,0.0,0.25688073394495414,0.0,0.13333333333333333
12430,0.39603960396039606,0.0,0.27522935779816515,0.0,0.13333333333333333
12431,0.1386138613861386,0.0,,0.0,0.13333333333333333
12432,0.1386138613861386,0.0,0.21100917431192662,0.0,0.1
12433,0.37623762376237624,0.0,0.23853211009174313,0.0,0.1
12434,0.24752475247524752,0.0,0.23853211009174313,0.0,0.1
12435,0.0891089108910891,0.0,0.2018348623853211,0.0,0.1
12436,0.06930693069306929,0.0,0.1834862385321101,0.0,0.1
12437,0.0,0.0,0.09174311926605505,0.0,0.1
12438,0.1782178217821782,0.0,0.22018348623853212,0.0,0.1
12439,0.26732673267326734,0.0,0.3394495412844037,0.040100250626566414,0.06666666666666667
12440,0.5247524752475248,0.0,0.3761467889908257,0.0,0.06666666666666667
12441,0.5148514851485149,0.0,0.3853211009174312,0.0,0.03333333333333333
12442,0.4752475247524752,0.0,0.4036697247706422,0.0,0.06666666666666667
12443,0.48514851485148514,0.0,0.3944954128440367,0.0,0.03333333333333333
12444,0.4554455445544554,0.0,0.3486238532110092,0.0,0.03333333333333333
12445,0.48514851485148514,0.22222222222222224,0.3577981651376147,0.015037593984962405,0.1
12446,0.4554455445544554,0.11111111111111112,0.3302752293577982,0.0,0.13333333333333333
12447,0.2772277227722772,0.5555555555555556,0.27522935779816515,0.03007518796992481,0.3
12448,0.37623762376237624,0.0,0.43119266055045874,0.0,0.3
12449,0.38613861386138615,0.0,0.44954128440366975,0.0,0.26666666666666666
12450,0.5346534653465347,0.0,0.45871559633027525,0.017543859649122806,0.13333333333333333
12451,0.5346534653465347,0.0,0.3761467889908257,0.0,0.13333333333333333
12452,0.4653465346534653,0.11111111111111112,0.3302752293577982,0.002506265664160401,0.16666666666666666
12453,0.3366336633663366,0.0,0.29357798165137616,0.0,0.1
12454,0.3069306930693069,0.0,0.24770642201834864,0.0,0.1
12455,0.2772277227722772,0.0,0.30275229357798167,0.0,0.06666666666666667
12456,0.43564356435643564,0.0,0.43119266055045874,0.0,0.06666666666666667
12457,0.4752475247524752,0.0,0.43119266055045874,0.0,0.03333333333333333
12458,0.5643564356435644,0.0,0.42201834862385323,0.07769423558897243,0.0
12459,0.5544554455445545,0.0,0.5779816513761468,0.0,0.0
12460,0.693069306930693,0.0,0.6422018348623854,0.005012531328320802,0.0
12461,0.5247524752475248,0.0,0.5412844036697249,0.0,0.0
12462,0.5346534653465347,0.0,0.5504587155963303,0.0,0.0
12463,0.5247524752475248,0.0,0.5321100917431193,0.0,0.0
12464,0.5445544554455446,0.0,0.48623853211009177,0.010025062656641603,0.0
12465,0.5544554455445545,0.0,0.46788990825688076,0.0,0.0
12466,0.6237623762376238,0.0,0.4954128440366973,0.0,0.0
12467,0.5544554455445545,0.0,0.46788990825688076,0.0,0.0
12468,0.5346534653465347,0.0,0.45871559633027525,0.0,0.0
12469,0.5445544554455446,0.0,0.5688073394495413,0.0,0.0
12470,0.5544554455445545,0.0,0.6330275229357799,0.0,0.0
12471,0.5742574257425743,0.0,,0.0,0.0
12472,0.504950495049505,0.0,0.44954128440366975,0.0,0.0
12473,0.49504950495049505,0.0,0.3944954128440367,0.0,0.0
12474,0.4554455445544554,0.0,0.3761467889908257,0.0,0.0
12475,0.3465346534653465,0.4444444444444445,0.3302752293577982,0.015037593984962405,0.13333333333333333
12476,0.38613861386138615,0.0,0.3119266055045872,0.0,0.13333333333333333
12477,0.3267326732673267,0.0,0.3211009174311927,0.0,
12478,0.3366336633663366,0.0,0.3486238532110092,0.0,
12479,0.37623762376237624,0.0,0.3669724770642202,0.0,
12480,0.38613861386138615,0.0,0.3394495412844037,0.0,
12481,0.49504950495049505,0.0,0.3853211009174312,0.03258145363408521,
12482,0.49504950495049505,0.0,0.3761467889908257,0.0,0.0
12483,0.31683168316831684,0.0,0.3394495412844037,0.0,0.0
12484,0.3564356435643564,0.0,,0.0,0.0
12485,,0.33333333333333337,0.25688073394495414,0.005012531328320802,0.1
12486,0.31683168316831684,0.0,0.28440366972477066,0.0,0.1
12487,0.2871287128712871,0.0,,0.0,0.06666666666666667
12488,0.297029702970297,0.0,0.29357798165137616,0.0,
12489,0.42574257425742573,,0.3669724770642202,0.022556390977443608,
12490,0.4752475247524752,0.0,0.3944954128440367,0.0,0.16666666666666666
12491,0.4653465346534653,0.0,0.4954128440366973,0.0,0.1
12492,0.594059405940594,0.0,0.5045871559633028,0.19047619047619047,0.0
12493,0.4653465346534653,0.0,0.4036697247706422,0.0,0.0
12494,0.4653465346534653,0.0,0.3669724770642202,0.0,0.0
12495,0.49504950495049505,0.0,0.3761467889908257,0.0,0.0
12496,0.5445544554455446,0.0,0.47706422018348627,0.0,0.0
12497,0.5346534653465347,0.11111111111111112,0.47706422018348627,0.17042606516290726,0.03333333333333333
12498,0.5247524752475248,0.11111111111111112,0.3761467889908257,0.02756892230576441,0.06666666666666667
12499,0.48514851485148514,0.0,0.43119266055045874,0.0,0.06666666666666667
12500,0.48514851485148514,0.0,0.43119266055045874,0.0,0.0
12501,0.5544554455445545,0.0,0.43119266055045874,0.0,0.0
12502,0.49504950495049505,0.0,0.45871559633027525,0.005012531328320802,0.0
12503,0.5445544554455446,0.0,0.44036697247706424,0.0,0.0
12504,0.5643564356435644,0.0,0.47706422018348627,0.03007518796992481,0.0
12505,0.5643564356435644,0.0,0.48623853211009177,0.0,0.0
12506,0.5643564356435644,0.0,0.48623853211009177,0.0,0.0
12507,0.5445544554455446,0.0,0.5045871559633028,0.0,0.0
12508,0.49504950495049505,0.0,0.5412844036697249,0.0,0.0
12509,0.5643564356435644,0.0,0.5504587155963303,0.0,0.0
12510,0.5643564356435644,0.0,0.5504587155963303,0.0,0.0
12511,0.6237623762376238,0.0,0.5045871559633028,0.045112781954887216,0.0
12512,0.6039603960396039,0.0,0.48623853211009177,0.11779448621553884,0.0
12513,0.594059405940594,0.0,0.44036697247706424,0.047619047619047616,0.0
12514,0.5544554455445545,0.0,0.5688073394495413,0.0,0.0
12515,0.5247524752475248,0.0,0.5596330275229359,0.0,0.0
12516,0.6237623762376238,0.0,0.5412844036697249,0.0,0.0
12517,0.5643564356435644,0.0,0.5321100917431193,0.0,0.0
12518,0.5346534653465347,0.0,0.5871559633027523,0.0,0.0
12519,0.5643564356435644,0.0,0.6697247706422019,0.0,0.0
12520,0.6633663366336633,0.0,0.6513761467889908,0.09774436090225563,0.0
12521,0.6831683168316831,0.0,0.6146788990825688,0.08771929824561403,0.0
12522,0.6831683168316831,0.0,0.5779816513761468,0.02506265664160401,0.0
12523,0.6633663366336633,0.0,0.5412844036697249,0.040100250626566414,0.0
12524,0.5841584158415842,0.0,0.5137614678899083,0.02506265664160401,0.0
12525,0.594059405940594,0.0,0.48623853211009177,0.08521303258145363,0.0
12526,0.5544554455445545,0.0,0.5229357798165137,0.0,0.0
12527,0.6237623762376238,0.0,0.5963302752293579,0.0,0.0
12528,,0.0,0.6055045871559633,0.0,0.0
12529,0.6336633663366337,0.0,0.5321100917431193,0.0,0.0
12530,0.6237623762376238,0.0,0.5137614678899083,0.2706766917293233,0.0
12531,0.6534653465346534,0.0,0.48623853211009177,0.13784461152882205,0.0
12532,0.6138613861386139,0.0,0.6972477064220184,0.0,0.0
12533,0.7227722772277227,0.0,0.7889908256880734,0.0,0.0
12534,0.8217821782178217,0.0,0.7889908256880734,0.17293233082706766,0.0
12535,0.8118811881188118,0.0,0.7522935779816514,0.0,0.0
12536,0.7524752475247525,0.0,0.6880733944954128,0.0,0.0
12537,0.7227722772277227,0.0,0.6880733944954128,0.0,0.0
12538,0.6237623762376238,0.0,0.5963302752293579,0.0,0.0
12539,0.5544554455445545,0.0,0.6146788990825688,0.0,0.0
12540,0.6633663366336633,0.0,,0.0,0.0
12541,0.6732673267326732,0.0,0.5321100917431193,0.0,0.0
12542,0.6435643564356436,0.0,0.6055045871559633,0.03508771929824561,0.0
12543,0.6633663366336633,0.0,0.6513761467889908,0.0,0.0
12544,0.7128712871287128,0.0,0.6972477064220184,0.0,0.0
12545,0.5445544554455446,0.0,,0.0,0.0
12546,0.6336633663366337,0.0,0.5321100917431193,0.0,0.0
12547,0.594059405940594,0.0,0.6880733944954128,0.0,0.0
12548,0.7821782178217822,0.0,0.6972477064220184,0.0,0.0
12549,0.7128712871287128,0.0,0.6972477064220184,0.0,0.0
12550,0.6138613861386139,0.0,,0.02506265664160401,0.0
12551,0.6039603960396039,0.0,0.6422018348623854,0.0,0.0
12552,0.5841584158415842,0.0,0.6605504587155964,0.0,0.0
12553,0.5544554455445545,0.0,0.6605504587155964,0.0,0.0
12554,0.6237623762376238,0.0,0.706422018348624,0.0,0.0
12555,0.8316831683168316,0.0,0.853211009174312,0.0,0.0
12556,0.8217821782178217,0.0,0.853211009174312,0.0,0.0
12557,0.7920792079207921,0.0,,0.3283208020050125,0.0
12558,0.7128712871287128,0.0,0.706422018348624,0.005012531328320802,0.0
12559,0.8613861386138614,0.0,0.779816513761468,0.017543859649122806,0.0
12560,0.8316831683168316,0.0,0.7981651376146789,0.13283208020050125,0.0
12561,0.6831683168316831,0.0,0.7339449541284404,0.0,0.0
12562,0.7920792079207921,0.0,0.743119266055046,0.0,0.0
12563,0.7920792079207921,0.0,0.7706422018348624,0.20551378446115287,0.0
12564,0.6831683168316831,0.0,0.6605504587155964,0.0,0.0
12565,0.6831683168316831,0.0,,0.022556390977443608,0.0
12566,0.6534653465346534,0.0,0.5229357798165137,0.06766917293233082,0.0
12567,0.6534653465346534,0.0,0.6055045871559633,0.0,0.0
12568,0.6336633663366337,0.0,0.7247706422018348,0.0,0.0
12569,0.7722772277227723,0.0,0.7706422018348624,0.0,0.0
12570,0.7920792079207921,0.0,0.853211009174312,0.0,0.0
12571,0.801980198019802,0.0,0.8348623853211009,0.03508771929824561,0.0
12572,0.7425742574257426,0.0,0.81651376146789,0.0,0.0
12573,0.8811881188118812,0.0,0.8623853211009175,0.0,0.0
12574,0.9306930693069307,0.0,0.8623853211009175,0.0,0.0
12575,0.9405940594059405,0.0,0.889908256880734,0.0,0.0
12576,0.9603960396039604,0.0,0.853211009174312,0.0,0.0
12577,0.9405940594059405,0.0,0.8715596330275229,0.0,0.0
12578,0.9207920792079208,0.0,0.8807339449541285,0.0,0.0
12579,0.8217821782178217,0.0,0.8440366972477065,0.0,0.0
12580,0.7722772277227723,0.0,0.8990825688073395,0.0,0.0
12581,0.9504950495049505,0.0,0.908256880733945,0.0,0.0
12582,0.8712871287128713,0.0,,0.05263157894736842,0.0
12583,0.7524752475247525,0.0,,0.0,0.0
12584,0.7821782178217822,0.0,0.7614678899082569,0.0,0.0
12585,0.9207920792079208,0.0,0.8807339449541285,0.0,0.0
12586,0.9900990099009901,0.0,0.8715596330275229,0.0,0.0
12587,0.8415841584158416,0.0,0.853211009174312,0.10025062656641603,0.0
12588,0.8613861386138614,0.0,,0.0,0.0
12589,0.8316831683168316,0.0,0.7889908256880734,0.0,0.0
12590,0.7821782178217822,0.0,0.8440366972477065,0.0,0.0
12591,,0.0,0.8256880733944955,0.0,0.0
12592,0.8316831683168316,0.0,0.779816513761468,0.0,0.0
12593,0.7425742574257426,0.0,0.7706422018348624,0.0,0.0
12594,0.7029702970297029,0.0,0.8348623853211009,0.0,0.0
12595,0.8811881188118812,0.0,,0.0,0.0
12596,0.8514851485148515,0.0,0.7981651376146789,0.05513784461152882,0.0
12597,0.8316831683168316,0.0,,0.0,0.0
12598,0.7722772277227723,0.0,0.7522935779816514,0.0,0.0
12599,0.7920792079207921,0.0,0.81651376146789,0.0,0.0
12600,0.7920792079207921,0.0,0.8256880733944955,0.0,0.0
12601,0.8316831683168316,0.0,0.8715596330275229,0.06265664160401002,0.0
12602,0.8712871287128713,0.0,0.8348623853211009,0.0,0.0
12603,0.8811881188118812,0.0,0.7889908256880734,0.05263157894736842,0.0
12604,0.8910891089108911,0.0,0.7889908256880734,0.010025062656641603,0.0
12605,0.7029702970297029,0.0,0.7614678899082569,0.02756892230576441,0.0
12606,0.693069306930693,0.0,0.7706422018348624,0.0,0.0
12607,0.8712871287128713,0.0,0.7522935779816514,0.0,0.0
12608,0.9405940594059405,0.0,0.889908256880734,0.17042606516290726,0.0
12609,0.9207920792079208,0.0,,0.005012531328320802,0.0
12610,0.7920792079207921,0.0,0.8623853211009175,0.0,0.0
12611,0.8118811881188118,0.0,0.8807339449541285,0.0,0.0
12612,0.8613861386138614,0.0,0.8990825688073395,0.0,0.0
12613,0.9405940594059405,0.0,,0.0,0.0
12614,0.8316831683168316,0.0,0.7981651376146789,0.0,0.0
12615,0.8118811881188118,0.0,0.7889908256880734,0.0,0.0
12616,0.7524752475247525,0.0,,0.06265664160401002,0.0
12617,0.7326732673267327,0.0,0.7889908256880734,0.0,0.0
12618,0.8118811881188118,0.0,0.8073394495412844,0.0,0.0
12619,0.8712871287128713,0.0,0.853211009174312,0.0,0.0
12620,0.9306930693069307,0.0,0.8623853211009175,0.0,0.0
12621,0.8217821782178217,0.0,0.9174311926605505,0.0,0.0
12622,0.8712871287128713,0.0,,0.02506265664160401,0.0
12623,0.8217821782178217,0.0,0.7889908256880734,0.05513784461152882,0.0
12624,0.801980198019802,0.0,,0.0,0.0
12625,0.7722772277227723,0.0,0.7522935779816514,0.17543859649122806,0.0
12626,0.7821782178217822,0.0,,0.0,0.0
12627,0.7524752475247525,0.0,,0.0,0.0
12628,0.7425742574257426,0.0,,0.0,0.0
12629,0.7821782178217822,0.0,,0.0,0.0
12630,0.8514851485148515,0.0,,0.0,0.0
12631,0.8811881188118812,0.0,,0.005012531328320802,0.0
12632,0.9108910891089109,0.0,,0.6165413533834586,0.0
12633,0.8910891089108911,0.0,,0.09523809523809523,0.0
12634,0.8910891089108911,0.0,,0.005012531328320802,0.0
12635,0.9108910891089109,0.0,,0.0,0.0
12636,0.9108910891089109,0.0,,0.41854636591478694,0.0
12637,0.900990099009901,0.0,,0.0,0.0
12638,0.9108910891089109,0.0,,0.09774436090225563,0.0
12639,0.900990099009901,0.0,,0.0,0.0
12640,0.8712871287128713,0.0,0.81651376146789,0.0,0.0
12641,0.8118811881188118,0.0,0.8073394495412844,0.0,0.0
12642,0.8415841584158416,0.0,0.81651376146789,0.0,0.0
12643,0.8415841584158416,0.0,0.81651376146789,0.0,0.0
12644,0.7524752475247525,0.0,0.8256880733944955,0.0,0.0
12645,0.8415841584158416,0.0,0.853211009174312,0.0,0.0
12646,0.9504950495049505,0.0,0.8440366972477065,0.042606516290726815,0.0
12647,0.8712871287128713,0.0,0.8256880733944955,0.0,0.0
12648,0.7920792079207921,0.0,,0.03007518796992481,0.0
12649,0.7326732673267327,0.0,0.743119266055046,0.0,0.0
12650,0.7029702970297029,0.0,0.81651376146789,0.0,0.0
12651,0.8514851485148515,0.0,0.8256880733944955,0.0,0.0
12652,0.7920792079207921,0.0,,0.017543859649122806,0.0
12653,0.7029702970297029,0.0,0.7247706422018348,0.0,0.0
12654,0.7029702970297029,0.0,0.7706422018348624,0.0,0.0
12655,0.693069306930693,0.0,0.7889908256880734,0.0,0.0
12656,0.7821782178217822,0.0,0.8348623853211009,0.0,0.0
12657,0.8811881188118812,0.0,0.8348623853211009,0.010025062656641603,0.0
12658,0.9207920792079208,0.0,0.8715596330275229,0.0,0.0
12659,0.8811881188118812,0.0,,0.18796992481203006,0.0
12660,0.7128712871287128,0.0,0.7981651376146789,0.0,0.0
12661,0.7821782178217822,0.0,0.7522935779816514,0.07769423558897243,0.0
12662,0.8415841584158416,0.0,0.853211009174312,0.0,0.0
12663,0.8415841584158416,0.0,,0.2706766917293233,0.0
12664,0.693069306930693,0.0,0.7614678899082569,0.005012531328320802,0.0
12665,0.6534653465346534,0.0,0.6697247706422019,0.0,0.0
12666,0.6435643564356436,0.0,0.6972477064220184,0.0,0.0
12667,0.7425742574257426,0.0,0.7339449541284404,0.0,0.0
12668,0.7821782178217822,0.0,0.779816513761468,0.07769423558897243,0.0
12669,0.8118811881188118,0.0,0.7706422018348624,0.0,0.0
12670,0.8514851485148515,0.0,0.7614678899082569,0.11027568922305764,0.0
12671,0.8613861386138614,0.0,0.7706422018348624,0.0,0.0
12672,0.7623762376237624,0.0,0.7706422018348624,0.0,0.0
12673,0.8118811881188118,0.0,0.779816513761468,0.0,0.0
12674,0.8118811881188118,0.0,0.743119266055046,0.05513784461152882,0.0
12675,0.8217821782178217,0.0,0.6605504587155964,0.09523809523809523,0.0
12676,,0.0,0.6330275229357799,0.0,0.0
12677,0.6138613861386139,0.0,0.6697247706422019,0.0,0.0
12678,0.6237623762376238,0.0,0.706422018348624,0.0,0.0
12679,0.7326732673267327,0.0,0.7889908256880734,0.0,0.0
12680,0.8316831683168316,0.0,0.7981651376146789,0.0,0.0
12681,0.7227722772277227,0.0,0.7981651376146789,0.0,0.0
12682,0.7623762376237624,0.0,0.8348623853211009,0.0,0.0
12683,0.8613861386138614,0.0,0.8256880733944955,0.020050125313283207,0.0
12684,0.8613861386138614,0.0,0.7706422018348624,0.012531328320802004,0.0
12685,0.8910891089108911,0.0,0.8073394495412844,0.0,0.0
12686,0.6336633663366337,0.0,0.7889908256880734,0.12781954887218044,0.0
12687,0.6336633663366337,0.0,0.5504587155963303,0.0,0.0
12688,0.6633663366336633,0.0,0.5779816513761468,0.020050125313283207,0.0
12689,0.6435643564356436,0.0,0.5779816513761468,0.0,0.0
12690,0.6138613861386139,0.0,0.5871559633027523,0.0,0.0
12691,0.5841584158415842,0.0,0.6146788990825688,0.0,0.0
12692,0.5445544554455446,0.0,0.6605504587155964,0.0,0.0
12693,0.7227722772277227,0.0,0.7247706422018348,0.0,0.0
12694,0.5841584158415842,0.0,0.6972477064220184,0.0,0.0
12695,0.6435643564356436,0.0,0.6788990825688074,0.0,0.0
12696,0.7029702970297029,0.0,0.706422018348624,0.0,0.0
12697,0.7920792079207921,0.0,0.7155963302752294,0.02506265664160401,0.0
12698,0.801980198019802,0.0,0.7155963302752294,0.2506265664160401,0.0
12699,0.8118811881188118,0.0,0.706422018348624,0.02756892230576441,0.0
12700,0.8217821782178217,0.0,0.706422018348624,0.005012531328320802,0.0
12701,0.6831683168316831,0.0,0.6697247706422019,0.0,0.0
12702,0.7029702970297029,0.0,0.6788990825688074,0.0,0.0
12703,0.693069306930693,0.0,0.6788990825688074,0.0,0.0
12704,0.7722772277227723,0.0,,0.0,0.0
12705,0.8118811881188118,0.0,0.706422018348624,0.042606516290726815,0.0
12706,0.7524752475247525,0.0,0.7522935779816514,0.13533834586466165,0.0
12707,0.801980198019802,0.0,0.7614678899082569,0.0,0.0
12708,0.6435643564356436,0.0,0.743119266055046,0.0,0.0
12709,0.7821782178217822,0.0,0.6880733944954128,0.0,0.0
12710,0.5841584158415842,0.0,0.6697247706422019,0.03508771929824561,0.0
12711,0.693069306930693,0.0,0.6422018348623854,0.11278195488721804,0.0
12712,0.6534653465346534,0.0,0.6146788990825688,0.0,0.0
12713,0.6039603960396039,0.0,0.5779816513761468,0.0,0.0
12714,0.5841584158415842,0.0,0.5688073394495413,0.0,0.0
12715,0.594059405940594,0.0,0.5779816513761468,0.0,0.0
12716,0.7425742574257426,0.0,0.6422018348623854,0.020050125313283207,0.0
12717,0.7920792079207921,0.0,0.7614678899082569,0.0,0.0
12718,0.8613861386138614,0.0,,0.0,0.0
12719,0.6534653465346534,0.0,,0.0,0.0
12720,0.5742574257425743,0.0,0.6422018348623854,0.0,0.0
12721,0.6435643564356436,0.0,0.6238532110091743,0.0,0.0
12722,,0.0,0.6697247706422019,0.0,0.0
12723,0.5346534653465347,0.0,0.6055045871559633,0.16290726817042606,0.0
12724,0.4752475247524752,0.0,0.5137614678899083,0.0,0.0
12725,0.594059405940594,0.0,0.6055045871559633,0.020050125313283207,0.0
12726,0.6237623762376238,0.0,0.5688073394495413,0.0,0.0
12727,0.5643564356435644,0.0,0.5779816513761468,0.0,0.0
12728,0.4752475247524752,0.0,0.5321100917431193,0.0,0.0
12729,0.5841584158415842,0.0,0.5779816513761468,0.0,0.0
12730,0.693069306930693,0.0,0.5779816513761468,0.010025062656641603,0.0
12731,0.7128712871287128,0.0,0.5779816513761468,0.11027568922305764,0.0
12732,0.5346534653465347,,0.5688073394495413,0.19548872180451127,0.06666666666666667
12733,0.49504950495049505,0.0,0.41284403669724773,0.0,0.03333333333333333
12734,0.4455445544554455,0.0,0.47706422018348627,0.0,0.03333333333333333
12735,0.4752475247524752,0.0,0.4954128440366973,0.0,0.0
12736,0.6336633663366337,0.0,0.5596330275229359,0.002506265664160401,0.0
12737,0.5346534653465347,0.0,0.5045871559633028,0.02506265664160401,0.0
12738,0.4752475247524752,0.0,0.44036697247706424,0.0,0.0
12739,0.5148514851485149,0.0,0.44036697247706424,0.0,0.0
12740,0.4752475247524752,0.0,0.42201834862385323,0.0,0.0
12741,0.38613861386138615,0.0,0.3761467889908257,0.0,0.0
12742,0.48514851485148514,0.0,0.3669724770642202,0.0,0.0
12743,0.37623762376237624,0.0,0.3944954128440367,0.0,0.0
12744,0.504950495049505,0.0,0.47706422018348627,0.0,0.0
12745,0.49504950495049505,0.0,0.5137614678899083,0.0,0.0
12746,0.5148514851485149,0.0,0.5504587155963303,0.0,0.0
12747,0.5643564356435644,0.0,0.6330275229357799,0.0,0.0
12748,0.6633663366336633,0.0,0.6146788990825688,0.0,0.0
12749,0.5445544554455446,0.0,0.5963302752293579,0.11779448621553884,0.0
12750,0.5346534653465347,0.0,0.48623853211009177,0.0,0.0
12751,0.5742574257425743,0.0,0.47706422018348627,0.0,0.0
12752,0.5346534653465347,0.0,0.44954128440366975,0.0,
12753,0.5544554455445545,0.0,0.46788990825688076,0.0,
12754,0.49504950495049505,0.0,0.46788990825688076,0.05012531328320802,
12755,0.4158415841584158,0.0,0.3211009174311927,0.0,
12756,0.3366336633663366,0.0,0.29357798165137616,0.0,
12757,0.4455445544554455,0.05555555555555556,0.29357798165137616,0.010025062656641603,0.03333333333333333
12758,0.31683168316831684,,0.27522935779816515,0.0,0.03333333333333333
12759,0.4455445544554455,0.0,0.42201834862385323,0.0,0.0
12760,0.5247524752475248,0.0,0.41284403669724773,0.0,0.0
12761,0.4455445544554455,0.0,0.44036697247706424,0.012531328320802004,0.0
12762,0.5148514851485149,0.0,0.42201834862385323,0.0,0.0
12763,0.594059405940594,0.0,0.5137614678899083,0.012531328320802004,0.0
12764,0.5841584158415842,0.0,0.5688073394495413,0.06265664160401002,0.0
12765,0.5544554455445545,0.0,0.44954128440366975,0.09022556390977443,0.0
12766,0.594059405940594,0.0,0.47706422018348627,0.010025062656641603,0.0
12767,0.6237623762376238,0.0,0.6238532110091743,0.0,0.0
12768,0.5841584158415842,0.0,0.6055045871559633,0.0,0.0
12769,0.5445544554455446,0.0,0.5412844036697249,0.0,0.0
12770,0.504950495049505,0.0,0.3853211009174312,0.05012531328320802,0.0
12771,0.48514851485148514,0.0,0.3577981651376147,0.0,0.0
12772,0.49504950495049505,0.0,0.45871559633027525,0.0,0.0
12773,0.5148514851485149,0.0,0.5321100917431193,0.15288220551378445,0.0
12774,0.5247524752475248,0.0,0.5045871559633028,0.0,0.0
12775,0.4653465346534653,0.0,0.3853211009174312,0.0,0.0
12776,0.3267326732673267,0.0,0.3394495412844037,0.012531328320802004,0.0
12777,0.37623762376237624,0.0,0.3944954128440367,0.0,0.0
12778,0.4554455445544554,0.2777777777777778,0.4036697247706422,0.03007518796992481,0.1
12779,0.594059405940594,0.0,0.6238532110091743,0.03508771929824561,0.0
12780,0.7029702970297029,0.0,0.6238532110091743,0.07518796992481203,0.0
12781,0.5544554455445545,0.0,0.4954128440366973,0.042606516290726815,0.0
12782,0.5247524752475248,0.0,0.3853211009174312,0.0,0.0
12783,0.5247524752475248,0.0,0.47706422018348627,0.38847117794486213,0.0
12784,0.48514851485148514,0.0,0.3394495412844037,0.0,0.0
12785,0.42574257425742573,0.0,0.30275229357798167,0.0,0.0
12786,0.39603960396039606,0.0,0.3761467889908257,0.0,0.0
12787,0.5148514851485149,0.0,0.3853211009174312,0.0,0.0
12788,0.504950495049505,0.0,0.3669724770642202,0.0,0.0
12789,0.5445544554455446,0.0,0.3669724770642202,0.0,0.0
12790,0.38613861386138615,0.0,0.3577981651376147,0.0,0.0
12791,0.31683168316831684,0.0,0.25688073394495414,0.0,0.0
12792,0.39603960396039606,0.0,0.27522935779816515,0.0,0.0
12793,0.3267326732673267,0.33333333333333337,0.26605504587155965,0.010025062656641603,0.1
12794,0.3465346534653465,0.0,0.26605504587155965,0.0,0.1
12795,0.36633663366336633,0.0,0.28440366972477066,0.0,0.1
12796,0.4554455445544554,0.0,0.3394495412844037,0.0,0.03333333333333333
12797,0.2772277227722772,0.0,0.28440366972477066,0.0,0.03333333333333333
12798,0.31683168316831684,0.0,0.23853211009174313,0.0,0.03333333333333333
12799,0.40594059405940597,0.11111111111111112,0.30275229357798167,0.015037593984962405,0.03333333333333333
12800,0.37623762376237624,0.03333333333333333,0.30275229357798167,0.002506265664160401,0.06666666666666667
12801,0.24752475247524752,0.2777777777777778,,0.017543859649122806,0.13333333333333333
12802,0.0792079207920792,0.0,0.06422018348623854,0.0,0.13333333333333333
12803,0.0594059405940594,0.0,0.1926605504587156,0.0,0.13333333333333333
12804,0.3465346534653465,0.0,0.28440366972477066,0.0,0.13333333333333333
12805,0.39603960396039606,0.0,0.26605504587155965,0.0,0.13333333333333333
12806,0.4158415841584158,0.0,0.3119266055045872,0.0,0.1
12807,0.37623762376237624,0.16666666666666669,0.30275229357798167,,0.16666666666666666
12808,0.31683168316831684,0.0,0.27522935779816515,0.0,0.16666666666666666
12809,0.31683168316831684,0.0,0.3119266055045872,0.0,0.16666666666666666
12810,0.43564356435643564,0.0,0.30275229357798167,0.0,0.13333333333333333
12811,0.42574257425742573,0.0,0.27522935779816515,0.0,0.13333333333333333
12812,0.2871287128712871,0.0,0.3119266055045872,0.0,0.13333333333333333
12813,0.42574257425742573,0.11111111111111112,0.3119266055045872,0.010025062656641603,0.16666666666666666
12814,0.3069306930693069,0.0,0.30275229357798167,0.0,0.16666666666666666
12815,0.1683168316831683,0.0,0.1651376146788991,0.0,0.16666666666666666
12816,0.1584158415841584,0.0,0.2018348623853211,0.0,0.16666666666666666
12817,0.1485148514851485,0.0,0.26605504587155965,0.0,0.13333333333333333
12818,0.31683168316831684,0.11111111111111112,0.26605504587155965,0.007518796992481203,0.16666666666666666
12819,0.2772277227722772,0.05555555555555556,0.27522935779816515,0.002506265664160401,0.2
12820,0.21782178217821782,,0.22018348623853212,0.0,0.16666666666666666
12821,0.1584158415841584,0.0,0.22018348623853212,0.0,0.16666666666666666
12822,0.1386138613861386,0.0,0.26605504587155965,0.0,0.16666666666666666
12823,0.24752475247524752,0.0,0.26605504587155965,0.0,0.16666666666666666
12824,0.4455445544554455,0.4444444444444445,0.3944954128440367,0.05513784461152882,0.3
12825,0.5346534653465347,0.0,0.3761467889908257,0.20300751879699247,0.23333333333333334
12826,0.4455445544554455,0.22222222222222224,0.3486238532110092,0.012531328320802004,0.3
12827,0.40594059405940597,0.22222222222222224,0.27522935779816515,0.005012531328320802,0.36666666666666664
12828,0.31683168316831684,0.11111111111111112,0.25688073394495414,0.002506265664160401,0.4
12829,0.26732673267326734,0.0,0.3394495412844037,0.0,0.4
12830,0.49504950495049505,0.05555555555555556,0.3669724770642202,0.005012531328320802,0.4
12831,0.37623762376237624,0.0,0.42201834862385323,0.0,0.36666666666666664
12832,0.40594059405940597,0.0,0.4036697247706422,0.0,0.3
12833,0.3564356435643564,0.0,0.42201834862385323,0.0,0.26666666666666666
12834,0.4653465346534653,0.0,0.43119266055045874,0.0,0.26666666666666666
12835,0.6039603960396039,0.0,0.46788990825688076,0.06015037593984962,0.26666666666666666
12836,0.6237623762376238,0.0,0.48623853211009177,0.18796992481203006,0.0
12837,0.6138613861386139,0.0,0.5504587155963303,0.05012531328320802,0.0
12838,0.5544554455445545,0.0,0.43119266055045874,0.0,0.0
12839,0.5643564356435644,0.0,0.47706422018348627,0.0,0.0
12840,0.49504950495049505,0.0,0.47706422018348627,0.047619047619047616,0.0
12841,0.4653465346534653,0.0,0.44036697247706424,0.0,0.0
12842,0.5742574257425743,0.0,0.46788990825688076,0.0,0.0
12843,0.5445544554455446,0.0,0.46788990825688076,0.0,0.0
12844,0.5148514851485149,0.0,0.42201834862385323,0.0,0.0
12845,,0.11111111111111112,0.5412844036697249,0.07518796992481203,0.03333333333333333
12846,0.49504950495049505,0.0,0.5137614678899083,0.11027568922305764,0.0
12847,0.39603960396039606,0.0,0.3486238532110092,0.0,0.0
12848,0.4752475247524752,0.0,0.41284403669724773,0.0,0.0
12849,0.6039603960396039,0.0,0.5229357798165137,0.005012531328320802,0.0
12850,0.5841584158415842,0.0,0.5229357798165137,0.0,0.0
12851,0.5445544554455446,0.0,0.6146788990825688,0.0,0.0
12852,0.6435643564356436,0.0,0.6055045871559633,0.0,0.0
12853,0.6831683168316831,0.0,0.5504587155963303,0.10025062656641603,0.0
12854,0.5148514851485149,0.0,0.47706422018348627,0.0,0.0
12855,,0.0,0.4954128440366973,0.0,0.0
12856,0.49504950495049505,0.0,0.48623853211009177,0.0,0.0
12857,0.6138613861386139,0.0,0.5412844036697249,0.0,0.0
12858,0.49504950495049505,0.0,0.5045871559633028,0.0,0.0
12859,0.40594059405940597,0.0,0.43119266055045874,0.0,0.0
12860,0.5445544554455446,0.0,0.6146788990825688,0.0,0.0
12861,0.5544554455445545,0.0,0.6055045871559633,0.0,0.0
12862,0.4554455445544554,0.0,0.5137614678899083,0.0,0.0
12863,0.48514851485148514,0.0,0.4954128440366973,0.0,0.0
12864,0.5742574257425743,0.0,0.43119266055045874,0.06015037593984962,0.0
12865,,0.0,0.5045871559633028,0.007518796992481203,0.0
12866,0.5445544554455446,0.0,0.4954128440366973,0.0,0.0
12867,0.4653465346534653,0.0,0.6055045871559633,0.0,0.0
12868,0.6534653465346534,0.0,0.6055045871559633,0.0,0.0
12869,0.7722772277227723,0.0,0.6330275229357799,0.017543859649122806,0.0
12870,0.7227722772277227,0.0,0.6055045871559633,0.5288220551378446,0.0
12871,0.5841584158415842,0.0,0.5688073394495413,0.03759398496240601,0.0
12872,0.5841584158415842,0.0,0.5779816513761468,0.2857142857142857,0.0
12873,0.5742574257425743,0.0,0.5412844036697249,0.0,0.0
12874,,0.0,0.48623853211009177,0.0,0.0
12875,0.6831683168316831,0.0,0.5504587155963303,0.02756892230576441,0.0
12876,0.5742574257425743,0.0,0.6605504587155964,0.0,0.0
12877,0.7029702970297029,0.0,0.6697247706422019,0.0,0.0
12878,0.6633663366336633,0.0,0.5504587155963303,0.21804511278195488,0.0
12879,0.594059405940594,0.0,0.5412844036697249,0.0,0.0
12880,0.5148514851485149,0.0,0.5321100917431193,0.0,0.0
12881,0.43564356435643564,0.22222222222222224,0.3944954128440367,0.020050125313283207,0.06666666666666667
12882,0.5643564356435644,0.0,0.48623853211009177,0.0,0.0
12883,0.6435643564356436,0.0,0.5596330275229359,0.0,0.0
12884,0.6237623762376238,0.0,0.6972477064220184,0.0,0.0
12885,0.6138613861386139,0.0,0.6972477064220184,0.0,0.0
12886,0.7128712871287128,0.0,0.743119266055046,0.0,0.0
12887,0.7227722772277227,0.0,0.743119266055046,0.007518796992481203,0.0
12888,0.7128712871287128,0.0,0.743119266055046,0.0,0.0
12889,0.6138613861386139,0.0,0.6697247706422019,0.0,0.0
12890,0.8118811881188118,0.0,0.8073394495412844,0.0,0.0
12891,0.801980198019802,0.0,0.853211009174312,0.0,0.0
12892,0.8118811881188118,0.0,0.8348623853211009,0.0,0.0
12893,0.7623762376237624,0.0,0.8256880733944955,0.0,0.0
12894,0.7722772277227723,0.0,0.8348623853211009,0.0,0.0
12895,0.7920792079207921,0.0,0.81651376146789,0.0,0.0
12896,0.8118811881188118,0.0,0.779816513761468,0.0,0.0
12897,0.7029702970297029,0.0,0.7339449541284404,0.09523809523809523,0.0
12898,0.6831683168316831,0.0,0.7981651376146789,0.0,0.0
12899,0.6633663366336633,0.0,,0.0,0.0
12900,0.7326732673267327,0.0,0.743119266055046,0.0,0.0
12901,0.5841584158415842,0.0,0.7155963302752294,0.0,0.0
12902,0.6237623762376238,0.0,0.7706422018348624,0.0,0.0
12903,0.7326732673267327,0.0,0.7706422018348624,0.0,0.0
12904,0.6732673267326732,0.0,0.6605504587155964,0.02756892230576441,0.0
12905,0.6534653465346534,0.0,0.6697247706422019,0.0,0.0
12906,0.6435643564356436,0.0,0.7339449541284404,0.0,0.0
12907,0.7227722772277227,0.0,0.7706422018348624,0.002506265664160401,0.0
12908,0.7821782178217822,0.0,0.7889908256880734,0.0,0.0
12909,0.6138613861386139,0.0,0.7614678899082569,0.0,0.0
12910,0.693069306930693,0.0,0.7247706422018348,0.0,0.0
12911,0.6336633663366337,0.0,0.7981651376146789,0.0,0.0
12912,0.7623762376237624,0.0,0.8256880733944955,0.0,0.0
12913,0.8118811881188118,0.0,0.8256880733944955,0.0,0.0
12914,0.8910891089108911,0.0,0.8348623853211009,0.0,0.0
12915,0.7623762376237624,0.0,0.8256880733944955,0.0,0.0
12916,0.7920792079207921,0.0,0.8623853211009175,0.0,0.0
12917,0.8415841584158416,0.0,0.7889908256880734,0.0,0.0
12918,0.7920792079207921,0.0,0.7706422018348624,0.03508771929824561,0.0
12919,0.7524752475247525,0.0,0.6238532110091743,0.03759398496240601,0.0
12920,0.7227722772277227,0.0,0.6605504587155964,0.03258145363408521,0.0
12921,0.6138613861386139,0.0,,0.0,0.0
12922,0.8217821782178217,0.0,0.8073394495412844,0.0,0.0
12923,0.693069306930693,0.0,0.6605504587155964,0.08020050125313283,0.0
12924,0.6435643564356436,0.0,0.6697247706422019,0.0,0.0
12925,0.6831683168316831,0.0,0.7339449541284404,0.0,0.0
12926,0.6732673267326732,0.0,0.7889908256880734,0.0,0.0
12927,0.7326732673267327,0.0,0.8440366972477065,0.0,0.0
12928,0.8613861386138614,0.0,0.8440366972477065,0.0,0.0
12929,0.8514851485148515,0.0,0.8348623853211009,0.07268170426065163,0.0
12930,0.7623762376237624,0.0,0.6880733944954128,0.2957393483709273,0.0
12931,0.6534653465346534,0.0,0.6972477064220184,0.0,0.0
12932,0.7227722772277227,0.0,0.779816513761468,0.0,0.0
12933,0.9108910891089109,0.0,0.8348623853211009,0.0,0.0
12934,0.7623762376237624,0.0,0.81651376146789,0.0,0.0
12935,0.8514851485148515,0.0,0.7981651376146789,0.0,0.0
12936,0.7623762376237624,0.0,0.7981651376146789,0.10275689223057644,0.0
12937,0.7227722772277227,0.0,0.6972477064220184,0.0,0.0
12938,0.7326732673267327,0.0,0.7247706422018348,0.0,0.0
12939,0.7326732673267327,0.0,0.7522935779816514,0.0,0.0
12940,0.7425742574257426,0.0,0.7981651376146789,0.0,0.0
12941,0.8217821782178217,0.0,0.8807339449541285,0.0,0.0
12942,0.8811881188118812,0.0,0.8623853211009175,0.18045112781954886,0.0
12943,0.7920792079207921,0.0,0.81651376146789,0.0,0.0
12944,0.7128712871287128,0.0,0.7706422018348624,0.0,0.0
12945,0.7128712871287128,0.0,0.5963302752293579,0.11779448621553884,0.0
12946,0.7227722772277227,0.0,0.6972477064220184,0.005012531328320802,0.0
12947,0.7623762376237624,0.0,0.7247706422018348,0.0,0.0
12948,0.7821782178217822,0.0,,0.08521303258145363,0.0
12949,0.801980198019802,0.0,0.7155963302752294,0.05012531328320802,0.0
12950,0.7623762376237624,0.0,0.7706422018348624,0.03258145363408521,0.0
12951,0.8514851485148515,0.0,0.7522935779816514,0.06766917293233082,0.0
12952,0.7128712871287128,0.0,0.7155963302752294,0.0,0.0
12953,0.7326732673267327,0.0,0.7339449541284404,0.0,0.0
12954,0.7524752475247525,0.0,0.8073394495412844,0.0,0.0
12955,0.8118811881188118,0.0,0.8073394495412844,0.0,0.0
12956,0.801980198019802,0.0,0.81651376146789,0.0,0.0
12957,0.8415841584158416,0.0,0.81651376146789,0.0,0.0
12958,0.7227722772277227,0.0,0.7981651376146789,0.0,0.0
12959,0.7425742574257426,0.0,0.81651376146789,0.0,0.0
12960,0.7524752475247525,0.0,0.7889908256880734,0.0,0.0
12961,0.7623762376237624,0.0,0.779816513761468,0.0,0.0
12962,0.7524752475247525,0.0,0.8348623853211009,0.0,0.0
12963,0.7920792079207921,0.0,0.7981651376146789,0.0,0.0
12964,0.8118811881188118,0.0,0.7706422018348624,0.0,0.0
12965,0.8118811881188118,0.0,0.7889908256880734,0.0,0.0
12966,0.8217821782178217,0.0,0.7981651376146789,0.24310776942355888,0.0
12967,0.7920792079207921,0.0,0.8348623853211009,0.0,0.0
12968,0.8712871287128713,0.0,0.8348623853211009,0.02506265664160401,0.0
12969,0.8316831683168316,0.0,0.779816513761468,0.05764411027568922,0.0
12970,0.7722772277227723,0.0,0.7889908256880734,0.0,0.0
12971,0.9207920792079208,0.0,0.889908256880734,0.0,0.0
12972,0.9306930693069307,0.0,0.889908256880734,0.0,0.0
12973,0.8910891089108911,0.0,0.8715596330275229,0.2606516290726817,0.0
12974,0.7920792079207921,0.0,0.853211009174312,0.0,0.0
12975,0.8118811881188118,0.0,0.8440366972477065,0.0,0.0
12976,0.8712871287128713,0.0,0.8348623853211009,0.0,0.0
12977,0.9108910891089109,0.0,0.8440366972477065,0.0,0.0
12978,0.9207920792079208,0.0,0.8440366972477065,0.07017543859649122,0.0
12979,0.7722772277227723,0.0,0.8256880733944955,0.0,0.0
12980,0.7524752475247525,0.0,0.7889908256880734,0.0,0.0
12981,0.7326732673267327,0.0,0.8348623853211009,0.0,0.0
12982,0.801980198019802,0.0,0.853211009174312,0.0,0.0
12983,0.9207920792079208,0.0,0.853211009174312,0.0,0.0
12984,0.8811881188118812,0.0,0.81651376146789,0.0,0.0
12985,0.8415841584158416,0.0,0.8073394495412844,0.0,0.0
12986,0.7326732673267327,0.0,0.7889908256880734,0.0,0.0
12987,0.7128712871287128,0.0,0.8715596330275229,0.0,0.0
12988,0.9306930693069307,0.0,0.8807339449541285,0.0,0.0
12989,0.900990099009901,0.0,0.8807339449541285,0.15789473684210525,0.0
12990,0.7722772277227723,0.0,0.8256880733944955,0.0,0.0
12991,0.8118811881188118,0.0,0.853211009174312,0.0,0.0
12992,0.7920792079207921,0.0,0.8807339449541285,0.0,0.0
12993,0.8316831683168316,0.0,0.8715596330275229,0.0,0.0
12994,0.8613861386138614,0.0,0.8256880733944955,0.09273182957393483,0.0
12995,0.8118811881188118,0.0,0.7614678899082569,0.03007518796992481,0.0
12996,0.7326732673267327,0.0,0.7706422018348624,0.0,0.0
12997,0.7326732673267327,0.0,0.8256880733944955,0.0,0.0
12998,0.7623762376237624,0.0,0.853211009174312,0.0,0.0
12999,0.8712871287128713,0.0,0.779816513761468,0.05263157894736842,0.0
13000,0.8712871287128713,0.0,0.7889908256880734,0.12030075187969924,0.0
13001,0.900990099009901,0.0,0.8256880733944955,0.06015037593984962,0.0
13002,0.801980198019802,0.0,0.81651376146789,0.05263157894736842,0.0
13003,0.7722772277227723,0.0,0.8348623853211009,0.0,0.0
13004,0.8217821782178217,0.0,0.8348623853211009,0.0,0.0
13005,0.8217821782178217,0.0,0.7889908256880734,0.045112781954887216,0.0
13006,0.7623762376237624,0.0,0.81651376146789,0.0,0.0
13007,0.8910891089108911,0.0,0.8440366972477065,0.0,0.0
13008,0.900990099009901,0.0,0.853211009174312,0.16791979949874686,0.0
13009,0.8811881188118812,0.0,0.7889908256880734,0.13032581453634084,0.0
13010,0.8613861386138614,0.0,0.7706422018348624,0.10776942355889724,0.0
13011,0.7920792079207921,0.0,0.81651376146789,0.0,0.0
13012,0.8415841584158416,0.0,0.81651376146789,0.0,0.0
13013,0.7326732673267327,0.0,0.81651376146789,0.0,0.0
13014,0.7425742574257426,0.0,0.7155963302752294,0.03258145363408521,0.0
13015,0.7920792079207921,0.0,0.7247706422018348,0.0,0.0
13016,0.693069306930693,0.0,0.7614678899082569,0.0,0.0
13017,0.7623762376237624,0.0,0.779816513761468,0.0,0.0
13018,0.8415841584158416,0.0,0.7614678899082569,0.02506265664160401,0.0
13019,0.8217821782178217,0.0,0.779816513761468,0.0,0.0
13020,0.8316831683168316,0.0,0.7614678899082569,0.03759398496240601,0.0
13021,0.7821782178217822,0.0,0.779816513761468,0.0,0.0
13022,0.8217821782178217,0.0,0.7889908256880734,0.0,0.0
13023,0.8118811881188118,0.0,0.7889908256880734,0.0,0.0
13024,0.8514851485148515,0.0,0.7889908256880734,0.09022556390977443,0.0
13025,0.7524752475247525,0.0,0.7522935779816514,0.0,0.0
13026,0.7227722772277227,0.0,0.8073394495412844,0.0,0.0
13027,0.8712871287128713,0.0,0.8073394495412844,0.0,0.0
13028,0.8415841584158416,0.0,0.853211009174312,0.0,0.0
13029,0.9207920792079208,0.0,0.8440366972477065,0.0,0.0
13030,0.9207920792079208,0.0,0.8348623853211009,0.0,0.0
13031,0.9306930693069307,0.0,0.8073394495412844,0.0,0.0
13032,0.9405940594059405,0.0,0.8990825688073395,0.08521303258145363,0.0
13033,0.9108910891089109,0.0,0.889908256880734,0.0,0.0
13034,0.8415841584158416,0.0,,0.13283208020050125,0.0
13035,0.8613861386138614,0.0,0.8348623853211009,0.13784461152882205,0.0
13036,0.7128712871287128,0.0,0.6880733944954128,0.0,0.0
13037,0.6831683168316831,0.0,0.6880733944954128,0.0,0.0
13038,0.6237623762376238,0.0,0.6330275229357799,0.0,0.0
13039,0.6039603960396039,0.0,0.6788990825688074,0.0,0.0
13040,0.6237623762376238,0.0,0.6972477064220184,0.0,0.0
13041,0.6237623762376238,0.0,0.743119266055046,0.0,0.0
13042,0.6831683168316831,0.0,0.7706422018348624,0.0,0.0
13043,,0.0,0.8256880733944955,0.0,0.0
13044,0.7722772277227723,0.0,0.8348623853211009,0.0,0.0
13045,0.7623762376237624,0.0,0.8348623853211009,0.0,0.0
13046,0.8217821782178217,0.0,0.7981651376146789,0.0,0.0
13047,0.7920792079207921,0.0,0.8348623853211009,0.0,0.0
13048,0.7920792079207921,0.0,0.8440366972477065,0.0,0.0
13049,0.6732673267326732,0.0,0.6880733944954128,0.2531328320802005,0.0
13050,0.5841584158415842,0.0,0.6422018348623854,0.0,0.0
13051,0.7722772277227723,0.0,0.6513761467889908,0.02756892230576441,0.0
13052,0.6435643564356436,0.0,0.6422018348623854,0.0,0.0
13053,0.6336633663366337,0.0,0.706422018348624,0.0,0.0
13054,0.6237623762376238,0.0,0.7339449541284404,0.0,0.0
13055,0.7326732673267327,0.0,0.7339449541284404,0.0,0.0
13056,0.6732673267326732,0.0,0.7247706422018348,0.05513784461152882,0.0
13057,0.5544554455445545,0.0,0.6146788990825688,0.0,0.0
13058,0.5544554455445545,0.0,0.6697247706422019,0.0,0.0
13059,0.7326732673267327,0.0,0.6880733944954128,0.0,0.0
13060,0.7029702970297029,0.0,0.5596330275229359,0.06265664160401002,0.0
13061,0.6534653465346534,0.0,0.5596330275229359,0.0,0.0
13062,0.5643564356435644,0.0,0.6972477064220184,0.0,0.0
13063,0.7425742574257426,0.0,0.6972477064220184,0.0,0.0
13064,0.8118811881188118,0.0,0.7155963302752294,0.0,0.0
13065,0.7821782178217822,0.0,0.7155963302752294,0.0,0.0
13066,0.6831683168316831,0.0,0.5779816513761468,0.03508771929824561,0.0
13067,0.693069306930693,0.0,0.6880733944954128,0.08020050125313283,0.0
13068,0.7920792079207921,0.0,0.706422018348624,0.02756892230576441,0.0
13069,0.7425742574257426,0.0,0.6513761467889908,0.0,0.0
13070,0.801980198019802,0.0,0.6513761467889908,0.13533834586466165,0.0
13071,0.6237623762376238,0.0,0.6513761467889908,0.0,0.0
13072,0.5445544554455446,0.0,0.6697247706422019,0.0,0.0
13073,0.6633663366336633,0.0,0.7339449541284404,0.0,0.0
13074,0.7326732673267327,0.0,0.6880733944954128,0.3208020050125313,0.0
13075,,0.0,0.6697247706422019,0.040100250626566414,0.0
13076,0.7029702970297029,0.0,0.5963302752293579,0.0,0.0
13077,0.7326732673267327,0.0,0.5871559633027523,0.0,0.0
13078,0.7524752475247525,0.0,0.706422018348624,0.0,0.0
13079,0.8118811881188118,0.0,0.7339449541284404,0.03258145363408521,0.0
13080,0.6039603960396039,0.0,0.7247706422018348,0.02506265664160401,0.0
13081,0.6039603960396039,0.0,0.6788990825688074,0.0,0.0
13082,0.6633663366336633,0.0,0.6697247706422019,0.0,0.0
13083,0.5841584158415842,0.0,0.5596330275229359,0.0,0.0
13084,0.594059405940594,0.0,0.5412844036697249,0.0,0.0
13085,0.6435643564356436,0.0,0.5321100917431193,0.0,0.0
13086,0.6336633663366337,0.0,0.5596330275229359,0.0,0.0
13087,0.7326732673267327,0.0,0.6880733944954128,0.0,0.0
13088,0.7227722772277227,0.0,0.6697247706422019,0.02506265664160401,0.0
13089,0.6732673267326732,0.0,0.5321100917431193,0.02756892230576441,0.0
13090,0.6534653465346534,0.0,0.4954128440366973,0.03759398496240601,0.0
13091,,0.0,0.5504587155963303,0.0,0.0
13092,,0.0,0.5596330275229359,0.0,0.0
13093,0.7029702970297029,0.0,0.5596330275229359,0.005012531328320802,0.0
13094,0.5544554455445545,0.0,0.5688073394495413,0.0,0.0
13095,0.6633663366336633,0.0,0.5504587155963303,0.0,0.0
13096,0.6039603960396039,0.0,0.5596330275229359,0.23057644110275688,0.0
13097,0.5643564356435644,0.0,0.42201834862385323,0.05263157894736842,0.0
13098,0.5841584158415842,0.0,0.5321100917431193,0.0,0.0
13099,0.693069306930693,0.0,0.5963302752293579,0.015037593984962405,0.0
13100,0.693069306930693,0.0,0.5688073394495413,0.05012531328320802,0.0
13101,0.594059405940594,0.0,0.5688073394495413,0.0,0.0
13102,0.6237623762376238,0.0,0.5137614678899083,0.20802005012531327,0.0
13103,0.594059405940594,0.0,0.5229357798165137,0.022556390977443608,0.0
13104,0.5742574257425743,0.0,0.5779816513761468,0.0,0.0
13105,0.7920792079207921,0.0,0.6513761467889908,0.23558897243107768,0.0
13106,0.5346534653465347,0.0,0.6697247706422019,0.10776942355889724,0.0
13107,0.4653465346534653,0.0,0.3853211009174312,0.0,0.0
13108,0.48514851485148514,0.0,0.3944954128440367,0.0,0.0
13109,0.5247524752475248,0.0,0.4036697247706422,0.0,0.0
13110,0.49504950495049505,0.0,0.3944954128440367,0.0,0.0
13111,0.49504950495049505,0.0,0.3669724770642202,0.0,0.0
13112,0.5346534653465347,0.0,0.5504587155963303,0.19047619047619047,0.0
13113,0.5643564356435644,0.0,0.5137614678899083,0.07518796992481203,0.0
13114,0.5346534653465347,0.2777777777777778,0.4036697247706422,0.03007518796992481,0.1
13115,0.5247524752475248,0.0,0.3944954128440367,0.0,0.03333333333333333
13116,0.5742574257425743,0.0,0.42201834862385323,0.0,0.0
13117,,0.0,,0.0,0.0
13118,0.39603960396039606,,0.27522935779816515,0.08771929824561403,
13119,0.37623762376237624,,0.30275229357798167,,0.0
13120,0.4554455445544554,0.0,0.3394495412844037,0.0,0.0
13121,0.42574257425742573,0.0,0.3669724770642202,0.0,0.0
13122,0.4554455445544554,0.05555555555555556,0.3577981651376147,0.0,0.03333333333333333
13123,0.5247524752475248,0.0,0.3577981651376147,0.0,0.0
13124,0.4752475247524752,0.0,0.43119266055045874,0.0,0.0
13125,0.49504950495049505,0.0,0.4036697247706422,0.0,0.0
13126,0.5544554455445545,0.0,0.45871559633027525,0.0,0.0
13127,0.5445544554455446,0.0,0.44954128440366975,0.23057644110275688,0.0
13128,0.5346534653465347,0.0,0.42201834862385323,0.05513784461152882,0.0
13129,0.42574257425742573,0.0,0.3577981651376147,0.0,0.0
13130,0.297029702970297,0.0,0.29357798165137616,0.0,0.0
13131,0.31683168316831684,0.0,0.3302752293577982,0.0,0.0
13132,0.49504950495049505,0.0,0.3394495412844037,0.0,0.0
13133,0.297029702970297,0.05555555555555556,,0.002506265664160401,0.03333333333333333
13134,0.24752475247524752,0.05555555555555556,0.2018348623853211,0.002506265664160401,0.03333333333333333
13135,,0.0,0.2018348623853211,0.0,0.03333333333333333
13136,0.24752475247524752,0.0,0.23853211009174313,0.0,0.03333333333333333
13137,0.24752475247524752,0.03333333333333333,0.22935779816513763,0.0,0.03333333333333333
13138,0.2871287128712871,0.05555555555555556,0.3577981651376147,0.002506265664160401,0.06666666666666667
13139,0.39603960396039606,0.0,0.3669724770642202,0.0,0.06666666666666667
13140,0.38613861386138615,0.0,0.3577981651376147,0.0,0.03333333333333333
13141,0.21782178217821782,0.0,,0.0,0.03333333333333333
13142,0.21782178217821782,0.0,0.1834862385321101,0.0,0.03333333333333333
13143,0.2376237623762376,0.16666666666666669,0.27522935779816515,0.020050125313283207,0.1
13144,0.36633663366336633,0.05555555555555556,,0.0,0.06666666666666667
13145,0.36633663366336633,0.05555555555555556,,0.0,0.1
13146,0.3069306930693069,0.0,,0.0,0.06666666666666667
13147,0.48514851485148514,0.0,,0.0,
13148,0.4554455445544554,0.0,,0.0,0.0
13149,0.43564356435643564,0.0,,0.0,0.0
13150,0.5445544554455446,0.0,,0.03759398496240601,0.0
13151,0.504950495049505,0.0,,0.0,0.0
13152,0.40594059405940597,0.0,,0.007518796992481203,0.0
13153,0.3366336633663366,0.0,,0.0,0.0
13154,,0.0,,0.0,0.0
13155,0.2079207920792079,0.0,,0.0,0.0
13156,0.39603960396039606,0.0,,0.0,0.0
13157,0.49504950495049505,0.0,,0.0,0.0
13158,,0.0,,0.0,0.0
13159,0.5841584158415842,0.0,,0.0,0.0
13160,0.3465346534653465,0.0,,0.0,0.0
13161,0.37623762376237624,0.16666666666666669,,0.012531328320802004,0.06666666666666667
13162,0.24752475247524752,0.0,,,0.06666666666666667
13163,0.37623762376237624,0.0,,0.0,0.06666666666666667
13164,0.6138613861386139,0.0,,0.002506265664160401,0.0
13165,0.6039603960396039,0.0,,0.0,0.0
13166,0.5445544554455446,0.0,,0.12030075187969924,0.0
13167,0.5247524752475248,0.0,,0.0,0.0
13168,0.49504950495049505,0.0,,0.0,0.0
13169,0.5643564356435644,0.0,,0.0,0.0
13170,0.42574257425742573,0.0,,0.0,0.0
13171,0.43564356435643564,0.0,0.3577981651376147,0.0,0.0
13172,0.5247524752475248,0.0,0.4036697247706422,0.0,0.0
13173,0.4554455445544554,0.11111111111111112,0.3761467889908257,0.002506265664160401,0.03333333333333333
13174,0.1584158415841584,0.0,,0.0,0.03333333333333333
13175,0.2079207920792079,0.11111111111111112,0.1834862385321101,0.03007518796992481,0.06666666666666667
13176,0.3465346534653465,0.05555555555555556,0.28440366972477066,0.007518796992481203,0.1
13177,,0.0,0.28440366972477066,0.0,0.06666666666666667
13178,0.36633663366336633,0.0,0.3394495412844037,0.0,0.06666666666666667
13179,0.4752475247524752,0.0,0.46788990825688076,0.002506265664160401,0.03333333333333333
13180,0.5445544554455446,0.0,0.46788990825688076,0.010025062656641603,0.0
13181,0.5148514851485149,0.0,0.3669724770642202,0.0,0.0
13182,0.5247524752475248,0.0,0.3761467889908257,0.06265664160401002,0.0
13183,0.5544554455445545,0.0,0.4036697247706422,0.10526315789473684,0.0
13184,0.48514851485148514,0.0,0.3669724770642202,0.0,0.0
13185,,0.22222222222222224,0.3669724770642202,0.020050125313283207,0.06666666666666667
13186,0.3267326732673267,0.2777777777777778,0.3486238532110092,0.03258145363408521,0.16666666666666666
13187,0.4455445544554455,0.0,0.3211009174311927,0.0,0.13333333333333333
13188,0.26732673267326734,0.0,0.28440366972477066,0.0,0.13333333333333333
13189,0.2079207920792079,0.0,0.24770642201834864,0.0,0.13333333333333333
13190,0.21782178217821782,0.0,0.22935779816513763,0.0,0.1
13191,0.18811881188118812,0.0,0.1834862385321101,0.0,0.1
13192,0.3564356435643564,0.0,0.29357798165137616,0.0,0.1
13193,0.3465346534653465,0.22222222222222224,0.29357798165137616,0.020050125313283207,0.16666666666666666
13194,0.3465346534653465,0.0,0.3211009174311927,0.0,0.13333333333333333
13195,0.504950495049505,0.0,0.3669724770642202,0.10025062656641603,0.1
13196,0.5445544554455446,0.0,0.45871559633027525,0.0,0.06666666666666667
13197,0.5643564356435644,0.0,0.45871559633027525,0.047619047619047616,0.03333333333333333
13198,0.5544554455445545,0.0,0.4036697247706422,0.08020050125313283,0.0
13199,0.42574257425742573,0.33333333333333337,0.3853211009174312,0.06766917293233082,0.1
13200,0.31683168316831684,0.0,0.3394495412844037,0.0,0.1
13201,,0.0,0.3394495412844037,0.0,0.1
13202,0.42574257425742573,0.0,0.3486238532110092,0.0,0.1
13203,0.3267326732673267,0.0,0.3394495412844037,0.0,0.06666666666666667
13204,0.43564356435643564,0.0,0.3394495412844037,0.0,0.06666666666666667
13205,0.38613861386138615,0.33333333333333337,0.3394495412844037,0.020050125313283207,0.16666666666666666
13206,0.26732673267326734,0.0,0.30275229357798167,0.0,0.13333333333333333
13207,0.2772277227722772,0.0,0.30275229357798167,0.0,0.13333333333333333
13208,0.4158415841584158,0.0,0.41284403669724773,0.0,0.06666666666666667
13209,0.5346534653465347,0.22222222222222224,0.3944954128440367,0.03759398496240601,0.13333333333333333
13210,0.5346534653465347,0.0,0.43119266055045874,0.0,0.1
13211,0.48514851485148514,0.0,0.44036697247706424,0.0,0.03333333333333333
13212,0.5247524752475248,0.0,0.42201834862385323,0.03508771929824561,0.03333333333333333
13213,0.3366336633663366,0.0,,0.0,0.0
13214,0.2871287128712871,0.0,0.29357798165137616,0.0,0.0
13215,0.4752475247524752,0.0,0.5871559633027523,0.0,0.0
13216,0.6138613861386139,0.0,0.6238532110091743,0.0,0.0
13217,0.5445544554455446,0.0,0.5596330275229359,0.09273182957393483,0.0
13218,0.5247524752475248,0.0,0.46788990825688076,0.0,0.0
13219,0.5841584158415842,0.0,0.6055045871559633,0.17543859649122806,0.0
13220,0.594059405940594,0.0,0.5871559633027523,0.0,0.0
13221,0.594059405940594,0.0,0.5412844036697249,0.0,0.0
13222,0.5544554455445545,0.0,0.43119266055045874,0.0,0.0
13223,0.5643564356435644,0.0,0.43119266055045874,0.0,0.0
13224,0.5445544554455446,0.0,0.5688073394495413,0.0,0.0
13225,0.5841584158415842,0.0,0.5688073394495413,0.23057644110275688,0.0
13226,0.38613861386138615,0.0,,0.0,0.0
13227,0.36633663366336633,0.0,0.3486238532110092,0.0,0.0
13228,0.48514851485148514,0.0,0.45871559633027525,0.0,0.0
13229,0.5841584158415842,0.0,0.6055045871559633,0.0,0.0
13230,0.4653465346534653,0.0,0.6055045871559633,0.0,0.0
13231,0.6237623762376238,0.0,0.706422018348624,0.0,0.0
13232,0.7326732673267327,0.0,0.706422018348624,0.0,0.0
13233,0.5247524752475248,0.0,0.5688073394495413,0.020050125313283207,0.0
13234,0.5544554455445545,0.0,0.6697247706422019,0.0,0.0
13235,0.7029702970297029,0.0,0.7522935779816514,0.0,0.0
13236,0.8118811881188118,0.0,0.779816513761468,0.0,0.0
13237,0.6138613861386139,0.0,0.779816513761468,0.0,0.0
13238,0.7227722772277227,0.0,0.7706422018348624,0.0,0.0
13239,0.5544554455445545,0.0,0.5688073394495413,0.06766917293233082,0.0
13240,0.5643564356435644,0.0,0.6055045871559633,0.0,0.0
13241,0.6534653465346534,0.0,0.5779816513761468,0.09022556390977443,0.0
13242,0.6435643564356436,0.0,0.6513761467889908,0.047619047619047616,0.0
13243,,0.0,0.6880733944954128,0.015037593984962405,0.0
13244,0.6831683168316831,0.0,0.6788990825688074,0.0,0.0
13245,0.6138613861386139,0.0,0.6605504587155964,0.0,0.0
13246,0.5841584158415842,0.0,0.5596330275229359,0.0,0.0
13247,0.5247524752475248,0.0,0.5045871559633028,0.0,0.0
13248,0.5247524752475248,0.0,0.5963302752293579,0.0,0.0
13249,0.504950495049505,0.0,0.5963302752293579,0.0,0.0
13250,0.5841584158415842,0.0,0.5688073394495413,0.02506265664160401,0.0
13251,0.5445544554455446,0.0,0.6697247706422019,0.0,0.0
13252,0.5643564356435644,0.0,,0.18796992481203006,0.0
13253,0.49504950495049505,0.0,0.44954128440366975,0.022556390977443608,0.0
13254,0.6336633663366337,0.0,0.6146788990825688,0.02756892230576441,0.0
13255,0.5841584158415842,0.0,0.6788990825688074,0.0,0.0
13256,0.6633663366336633,0.0,0.6697247706422019,0.0,0.0
13257,0.6237623762376238,0.0,0.6513761467889908,0.0,0.0
13258,0.6435643564356436,0.0,0.5229357798165137,0.17543859649122806,0.0
13259,0.49504950495049505,0.0,0.47706422018348627,0.0,0.0
13260,0.4653465346534653,0.0,0.5596330275229359,0.0,0.0
13261,0.5841584158415842,0.0,0.6880733944954128,0.0,0.0
13262,0.7029702970297029,0.0,0.8073394495412844,0.0,0.0
13263,0.7920792079207921,0.0,0.8256880733944955,0.0,0.0
13264,0.7227722772277227,0.0,0.8623853211009175,0.0,0.0
13265,0.7722772277227723,0.0,0.81651376146789,0.0,0.0
13266,0.7326732673267327,0.0,0.6972477064220184,0.05012531328320802,0.0
13267,0.7524752475247525,0.0,0.6880733944954128,0.05263157894736842,0.0
13268,0.7326732673267327,0.0,0.6513761467889908,0.11779448621553884,0.0
13269,0.5544554455445545,0.0,0.6330275229357799,0.0,0.0
13270,0.5148514851485149,0.0,0.5688073394495413,0.0,0.0
13271,0.5544554455445545,0.0,0.6788990825688074,0.0,0.0
13272,0.7821782178217822,0.0,0.7889908256880734,0.0,0.0
13273,0.8613861386138614,0.0,0.8073394495412844,0.0,0.0
13274,0.8316831683168316,0.0,0.8073394495412844,0.07769423558897243,0.0
13275,0.6831683168316831,0.0,0.779816513761468,0.0,0.0
13276,0.6831683168316831,0.0,0.6880733944954128,0.0,0.0
13277,0.6732673267326732,0.0,0.7522935779816514,0.0,0.0
13278,0.6831683168316831,0.0,0.7522935779816514,0.0,0.0
13279,0.7128712871287128,0.0,0.706422018348624,0.0,0.0
13280,0.7623762376237624,0.0,0.7247706422018348,0.0,0.0
13281,0.7920792079207921,0.0,0.7522935779816514,0.0,0.0
13282,0.7524752475247525,0.0,0.7522935779816514,0.0,0.0
13283,0.7623762376237624,0.0,0.779816513761468,0.03258145363408521,0.0
13284,0.801980198019802,0.0,0.7981651376146789,0.09022556390977443,0.0
13285,0.8514851485148515,0.0,0.8073394495412844,0.08771929824561403,0.0
13286,0.7524752475247525,0.0,0.6238532110091743,0.17543859649122806,0.0
13287,0.6534653465346534,0.0,,0.012531328320802004,0.0
13288,0.693069306930693,0.0,0.5688073394495413,0.005012531328320802,0.0
13289,0.6732673267326732,0.0,0.5688073394495413,0.020050125313283207,0.0
13290,0.6435643564356436,0.0,0.6697247706422019,0.0,0.0
13291,0.6831683168316831,0.0,0.7247706422018348,0.0,0.0
13292,0.7623762376237624,0.0,0.7155963302752294,0.0,0.0
13293,0.7722772277227723,0.0,0.743119266055046,0.0,0.0
13294,0.8316831683168316,0.0,0.7706422018348624,0.10025062656641603,0.0
13295,0.8217821782178217,0.0,0.7522935779816514,0.022556390977443608,0.0
13296,0.7623762376237624,0.0,0.81651376146789,0.0,0.0
13297,0.8415841584158416,0.0,0.81651376146789,0.0,0.0
13298,0.8613861386138614,0.0,0.8348623853211009,0.0,0.0
13299,0.8217821782178217,0.0,0.8440366972477065,0.0,0.0
13300,0.6831683168316831,0.0,0.6513761467889908,0.0,0.0
13301,0.6336633663366337,0.0,0.743119266055046,0.0,0.0
13302,0.6732673267326732,0.0,0.8348623853211009,0.0,0.0
13303,0.8712871287128713,0.0,0.8256880733944955,0.14536340852130325,0.0
13304,0.801980198019802,0.0,0.6788990825688074,0.2957393483709273,0.0
13305,0.8118811881188118,0.0,0.8073394495412844,0.040100250626566414,0.0
13306,0.8613861386138614,0.0,0.7889908256880734,0.022556390977443608,0.0
13307,0.7821782178217822,0.0,0.779816513761468,0.0,0.0
13308,0.7623762376237624,0.0,0.8073394495412844,0.0,0.0
13309,0.8910891089108911,0.0,0.7981651376146789,0.12280701754385964,0.0
13310,0.8217821782178217,0.0,0.8073394495412844,0.03759398496240601,0.0
13311,0.801980198019802,0.0,0.7706422018348624,0.005012531328320802,0.0
13312,0.801980198019802,0.0,0.7889908256880734,0.0,0.0
13313,0.8217821782178217,0.0,0.7981651376146789,0.15037593984962405,0.0
13314,,0.0,0.8348623853211009,0.0,0.0
13315,0.7524752475247525,0.0,0.81651376146789,0.0,0.0
13316,0.693069306930693,0.0,0.7522935779816514,0.0,0.0
13317,0.8316831683168316,0.0,0.7522935779816514,0.0,0.0
13318,0.8712871287128713,0.0,0.7614678899082569,0.11779448621553884,0.0
13319,0.7425742574257426,0.0,0.8073394495412844,0.0,0.0
13320,0.9306930693069307,0.0,0.8807339449541285,0.0,0.0
13321,0.8811881188118812,0.0,0.8623853211009175,0.11278195488721804,0.0
13322,0.7821782178217822,0.0,0.81651376146789,0.0,0.0
13323,0.6831683168316831,0.0,0.7339449541284404,0.0,0.0
13324,0.7425742574257426,0.0,0.81651376146789,0.0,0.0
13325,0.9207920792079208,0.0,0.8715596330275229,0.0,0.0
13326,0.9108910891089109,0.0,0.8348623853211009,0.08771929824561403,0.0
13327,0.8118811881188118,0.0,0.8256880733944955,0.0,0.0
13328,0.7722772277227723,0.0,0.81651376146789,0.0,0.0
13329,0.7623762376237624,0.0,0.7339449541284404,0.15288220551378445,0.0
13330,0.8514851485148515,0.0,0.743119266055046,0.15037593984962405,0.0
13331,0.7326732673267327,0.0,0.7247706422018348,0.005012531328320802,0.0
13332,0.7326732673267327,0.0,0.8073394495412844,0.0,0.0
13333,0.8712871287128713,0.0,0.8623853211009175,0.0,0.0
13334,0.9504950495049505,0.0,0.8990825688073395,0.0,0.0
13335,0.9405940594059405,0.0,0.889908256880734,0.0,0.0
13336,0.9405940594059405,0.0,0.889908256880734,0.0,0.0
13337,0.9108910891089109,0.0,0.853211009174312,0.2731829573934837,0.0
13338,0.8118811881188118,0.0,0.7889908256880734,0.020050125313283207,0.0
13339,0.8316831683168316,0.0,0.779816513761468,0.09774436090225563,0.0
13340,0.9108910891089109,0.0,0.7981651376146789,0.08521303258145363,0.0
13341,0.9306930693069307,0.0,0.8348623853211009,0.03258145363408521,0.0
13342,0.8316831683168316,0.0,0.81651376146789,0.0,0.0
13343,0.8118811881188118,0.0,0.853211009174312,0.0,0.0
13344,0.8316831683168316,0.0,0.889908256880734,0.41604010025062654,0.0
13345,0.9603960396039604,0.0,0.908256880733945,0.02506265664160401,0.0
13346,0.9801980198019802,0.0,0.908256880733945,0.0,0.0
13347,0.9603960396039604,0.0,0.8990825688073395,0.0,0.0
13348,0.9306930693069307,0.0,0.8807339449541285,0.007518796992481203,0.0
13349,0.8613861386138614,0.0,0.8348623853211009,0.0,0.0
13350,0.8118811881188118,0.0,0.8256880733944955,0.0,0.0
13351,0.8217821782178217,0.0,0.8440366972477065,0.0,0.0
13352,0.8316831683168316,0.0,0.8715596330275229,0.0,0.0
13353,0.8910891089108911,0.0,0.8807339449541285,0.0,0.0
13354,0.9108910891089109,0.0,0.8623853211009175,0.3107769423558897,0.0
13355,0.8514851485148515,0.0,0.8348623853211009,0.0,0.0
13356,0.8712871287128713,0.0,0.8348623853211009,0.0,0.0
13357,0.8217821782178217,0.0,0.8348623853211009,0.0,0.0
13358,0.7821782178217822,0.0,0.81651376146789,0.0,0.0
13359,0.8217821782178217,0.0,0.8348623853211009,0.0,0.0
13360,0.8712871287128713,0.0,0.8348623853211009,0.16290726817042606,0.0
13361,0.8118811881188118,0.0,0.81651376146789,0.0,0.0
13362,0.7623762376237624,0.0,0.7522935779816514,0.0,0.0
13363,0.7524752475247525,0.0,0.779816513761468,0.0,0.0
13364,0.801980198019802,0.0,0.7889908256880734,0.0,0.0
13365,0.8514851485148515,0.0,0.7981651376146789,0.0,0.0
13366,0.8415841584158416,0.0,0.7706422018348624,0.3358395989974937,0.0
13367,0.8712871287128713,0.0,0.7889908256880734,0.0,0.0
13368,0.8118811881188118,0.0,0.81651376146789,0.0,0.0
13369,0.8118811881188118,0.0,0.7981651376146789,0.0,0.0
13370,0.7524752475247525,0.0,0.7155963302752294,0.12781954887218044,0.0
13371,0.6831683168316831,0.0,0.743119266055046,0.0,0.0
13372,0.7029702970297029,0.0,0.7614678899082569,0.0,0.0
13373,0.7722772277227723,0.0,0.7981651376146789,0.0,0.0
13374,0.8811881188118812,0.0,0.8440366972477065,0.0,0.0
13375,0.900990099009901,0.0,0.8990825688073395,0.2706766917293233,0.0
13376,0.8316831683168316,0.0,0.853211009174312,0.0,0.0
13377,0.8415841584158416,0.0,0.81651376146789,0.005012531328320802,0.0
13378,0.801980198019802,0.0,0.7981651376146789,0.0,0.0
13379,0.8217821782178217,0.0,0.81651376146789,0.0,0.0
13380,0.8613861386138614,0.0,0.8348623853211009,0.0,0.0
13381,0.8217821782178217,0.0,0.7981651376146789,0.0,0.0
13382,0.900990099009901,0.0,0.8073394495412844,0.0,0.0
13383,0.7425742574257426,0.0,0.7614678899082569,0.0,0.0
13384,0.7425742574257426,0.0,0.7614678899082569,0.0,0.0
13385,0.8514851485148515,0.0,0.7522935779816514,0.0,0.0
13386,0.801980198019802,0.0,0.7522935779816514,0.556390977443609,0.0
13387,0.6435643564356436,0.0,0.6422018348623854,0.0,0.0
13388,0.6336633663366337,0.0,0.6697247706422019,0.0,0.0
13389,0.6831683168316831,0.0,0.7155963302752294,0.0,0.0
13390,0.7227722772277227,0.0,0.7522935779816514,0.0,0.0
13391,0.7326732673267327,0.0,0.779816513761468,0.0,0.0
13392,0.7524752475247525,0.0,0.779816513761468,0.0,0.0
13393,0.7722772277227723,0.0,0.7981651376146789,0.0,0.0
13394,0.8811881188118812,0.0,0.8073394495412844,0.03759398496240601,0.0
13395,0.7821782178217822,0.0,0.7339449541284404,0.23558897243107768,0.0
13396,,0.0,0.7155963302752294,0.0,0.0
13397,0.6534653465346534,0.0,0.6605504587155964,0.0,0.0
13398,0.6237623762376238,0.0,0.6697247706422019,0.0,0.0
13399,0.6336633663366337,0.0,0.7247706422018348,0.0,0.0
13400,0.7722772277227723,0.0,0.8073394495412844,0.0,0.0
13401,0.900990099009901,0.0,0.8073394495412844,0.0,0.0
13402,0.8217821782178217,0.0,0.6880733944954128,0.5037593984962405,0.0
13403,0.693069306930693,0.0,0.7247706422018348,0.0,0.0
13404,0.7227722772277227,0.0,0.7247706422018348,0.0,0.0
13405,0.7722772277227723,0.0,0.7706422018348624,0.0,0.0
13406,0.6534653465346534,0.0,0.7614678899082569,0.0,0.0
13407,0.6435643564356436,0.0,0.6880733944954128,0.0,0.0
13408,0.7722772277227723,0.0,0.6972477064220184,0.06766917293233082,0.0
13409,0.8415841584158416,0.0,0.7339449541284404,0.0,0.0
13410,0.8514851485148515,0.0,0.7522935779816514,0.007518796992481203,0.0
13411,0.7920792079207921,0.0,0.7339449541284404,0.0,0.0
13412,0.8217821782178217,0.0,0.8256880733944955,0.0,0.0
13413,0.8910891089108911,0.0,0.8256880733944955,0.03508771929824561,0.0
13414,0.8712871287128713,0.0,0.7339449541284404,0.005012531328320802,0.0
13415,0.900990099009901,0.0,0.8440366972477065,0.21052631578947367,0.0
13416,0.9504950495049505,0.0,0.8440366972477065,0.007518796992481203,0.0
13417,0.8514851485148515,0.0,0.8348623853211009,0.22807017543859648,0.0
13418,0.8514851485148515,0.0,0.8256880733944955,0.0,0.0
13419,0.8910891089108911,0.0,0.853211009174312,0.047619047619047616,0.0
13420,0.9207920792079208,0.0,0.853211009174312,0.05764411027568922,0.0
13421,0.8217821782178217,0.0,0.743119266055046,0.15789473684210525,0.0
13422,0.8217821782178217,0.0,0.7247706422018348,0.13533834586466165,0.0
13423,0.8217821782178217,0.0,0.7247706422018348,0.2606516290726817,0.0
13424,0.8613861386138614,0.0,0.7522935779816514,0.44862155388471175,0.0
13425,0.6633663366336633,0.0,0.6330275229357799,0.0,0.0
13426,0.6138613861386139,0.0,0.5688073394495413,0.020050125313283207,0.0
13427,0.5841584158415842,0.0,0.6238532110091743,0.0,0.0
13428,0.7227722772277227,0.0,0.7155963302752294,0.0,0.0
13429,0.7128712871287128,0.0,0.7155963302752294,0.06766917293233082,0.0
13430,0.5841584158415842,0.0,0.5688073394495413,0.0,0.0
13431,0.6138613861386139,0.0,0.6788990825688074,0.0,0.0
13432,0.7920792079207921,0.0,0.6697247706422019,0.0,0.0
13433,0.7227722772277227,0.0,0.6422018348623854,0.12280701754385964,0.0
13434,0.6336633663366337,0.0,0.5504587155963303,0.10025062656641603,0.0
13435,0.6237623762376238,0.0,0.5504587155963303,0.0,0.0
13436,0.5841584158415842,0.0,0.5321100917431193,0.0,0.0
13437,0.6237623762376238,0.0,0.5779816513761468,0.0,0.0
13438,0.5841584158415842,0.0,0.5963302752293579,0.0,0.0
13439,0.5544554455445545,0.0,0.6238532110091743,0.0,0.0
13440,0.594059405940594,0.0,0.6330275229357799,0.0,0.0
13441,0.7128712871287128,0.0,0.7247706422018348,0.0,0.0
13442,0.7227722772277227,0.0,0.7247706422018348,0.0,0.0
13443,0.7524752475247525,0.0,0.7155963302752294,0.0,0.0
13444,0.7326732673267327,0.0,0.6605504587155964,0.0,0.0
13445,0.7128712871287128,0.0,0.5688073394495413,0.03759398496240601,0.0
13446,0.7821782178217822,0.0,0.6330275229357799,0.05764411027568922,0.0
13447,0.7425742574257426,0.0,0.6238532110091743,0.010025062656641603,0.0
13448,0.6732673267326732,0.0,0.6513761467889908,0.010025062656641603,0.0
13449,0.7524752475247525,0.0,0.6422018348623854,0.0,0.0
13450,0.5841584158415842,0.0,0.5688073394495413,0.0,0.0
13451,0.5742574257425743,0.0,0.6605504587155964,0.0,0.0
13452,0.7326732673267327,0.0,0.6880733944954128,0.0,0.0
13453,0.6237623762376238,0.0,0.6605504587155964,0.040100250626566414,0.0
13454,0.504950495049505,0.0,0.4954128440366973,0.0,0.0
13455,,0.0,0.45871559633027525,0.0,0.0
13456,0.5841584158415842,0.0,0.5137614678899083,0.0,0.0
13457,0.5742574257425743,0.0,0.5688073394495413,0.0,0.0
13458,0.6732673267326732,0.0,0.6055045871559633,0.0,0.0
13459,0.7524752475247525,0.0,0.6788990825688074,0.0,0.0
13460,0.6336633663366337,0.0,0.6146788990825688,0.0,0.0
13461,0.4455445544554455,0.0,0.43119266055045874,0.0,0.0
13462,0.5544554455445545,0.0,0.43119266055045874,0.0,0.0
13463,0.4752475247524752,0.0,0.3944954128440367,0.0,0.0
13464,0.37623762376237624,0.0,0.3486238532110092,0.0,0.0
13465,0.3564356435643564,0.0,0.3394495412844037,0.0,0.0
13466,0.5247524752475248,0.0,0.3944954128440367,0.0,0.0
13467,0.5643564356435644,0.0,0.41284403669724773,0.0,0.0
13468,0.5445544554455446,0.0,0.5504587155963303,0.0,0.0
13469,0.5544554455445545,0.0,0.5504587155963303,0.020050125313283207,0.0
13470,0.3564356435643564,0.2777777777777778,0.3669724770642202,0.045112781954887216,0.1
13471,0.5148514851485149,0.0,0.3761467889908257,0.0,0.0
13472,0.5445544554455446,0.2777777777777778,0.3761467889908257,0.12030075187969924,0.1
13473,0.5346534653465347,0.0,0.46788990825688076,0.0,0.0
13474,0.5346534653465347,0.0,0.46788990825688076,0.005012531328320802,0.0
13475,0.5643564356435644,0.0,0.46788990825688076,0.0,0.0
13476,0.504950495049505,0.0,0.47706422018348627,0.0,0.0
13477,0.6039603960396039,0.0,0.44954128440366975,0.10526315789473684,0.0
13478,0.5148514851485149,0.0,0.43119266055045874,0.040100250626566414,0.0
13479,0.5445544554455446,0.0,0.41284403669724773,0.0,0.0
13480,0.5445544554455446,0.0,0.41284403669724773,0.0,0.0
13481,0.5742574257425743,0.0,0.44036697247706424,0.0,0.0
13482,0.5544554455445545,,0.3944954128440367,0.0,
13483,0.5544554455445545,,0.43119266055045874,0.14536340852130325,
13484,0.5643564356435644,,0.44954128440366975,0.020050125313283207,
13485,0.5148514851485149,,0.3669724770642202,0.0,
13486,0.49504950495049505,,0.3486238532110092,0.0,
13487,0.4752475247524752,,0.3669724770642202,0.0,
13488,0.5445544554455446,,0.4036697247706422,0.047619047619047616,
13489,0.5742574257425743,,0.4036697247706422,0.03007518796992481,
13490,0.40594059405940597,,0.44036697247706424,0.047619047619047616,
13491,,,,0.040100250626566414,
13492,,,,0.0,
13493,0.39603960396039606,,0.3394495412844037,0.0,
13494,0.3366336633663366,,0.29357798165137616,0.0,
13495,0.38613861386138615,,0.42201834862385323,0.0,
13496,0.48514851485148514,,0.44036697247706424,0.0,
13497,0.5346534653465347,,0.42201834862385323,0.0,
13498,0.5544554455445545,,0.4036697247706422,0.0,
13499,0.5544554455445545,,,0.047619047619047616,
13500,0.5148514851485149,,0.3577981651376147,0.0,
13501,0.5346534653465347,,0.3669724770642202,0.0,
13502,0.504950495049505,,0.42201834862385323,0.0,
13503,0.4653465346534653,,0.3761467889908257,0.0,
13504,0.49504950495049505,,0.3669724770642202,0.0,
13505,0.5148514851485149,,0.3761467889908257,0.0,
13506,0.5445544554455446,,0.3853211009174312,0.0,
13507,0.5247524752475248,,0.3853211009174312,0.0,
13508,0.5346534653465347,,0.3577981651376147,0.0,
13509,0.504950495049505,,0.3577981651376147,0.0,
13510,0.4752475247524752,,0.3853211009174312,0.0,
13511,0.5148514851485149,,0.3853211009174312,0.0,0.0
13512,0.5544554455445545,,0.3853211009174312,0.0,
13513,0.5445544554455446,0.0,0.3761467889908257,0.0,0.0
13514,0.5445544554455446,0.0,0.3669724770642202,0.0,0.0
13515,0.5148514851485149,0.0,0.4036697247706422,0.0,0.0
13516,0.5346534653465347,0.0,0.43119266055045874,0.0,0.0
13517,0.4554455445544554,0.0,0.4036697247706422,0.0,0.0
13518,0.4752475247524752,0.0,0.4954128440366973,0.0,0.0
13519,0.594059405940594,0.0,0.47706422018348627,0.0,0.0
13520,0.5346534653465347,0.0,0.3853211009174312,0.0,0.0
13521,0.504950495049505,0.0,0.3302752293577982,0.0,0.0
13522,0.49504950495049505,0.5,0.3577981651376147,0.10776942355889724,0.16666666666666666
13523,0.5148514851485149,0.11111111111111112,0.3577981651376147,0.007518796992481203,0.1
13524,,0.0,0.3761467889908257,0.0,0.06666666666666667
13525,0.39603960396039606,0.0,0.41284403669724773,0.0,0.0
13526,0.5742574257425743,0.0,0.42201834862385323,0.0,0.0
13527,0.5544554455445545,0.0,0.41284403669724773,0.015037593984962405,0.0
13528,0.4752475247524752,0.0,0.3486238532110092,0.0,0.0
13529,0.42574257425742573,0.0,0.3302752293577982,0.0,0.0
13530,0.5148514851485149,0.05555555555555556,0.3669724770642202,0.005012531328320802,0.03333333333333333
13531,0.4653465346534653,0.0,0.3394495412844037,0.0,0.0
13532,0.3366336633663366,0.6666666666666667,0.28440366972477066,0.05263157894736842,0.2
13533,0.3069306930693069,0.0,0.28440366972477066,0.0,0.2
13534,0.3564356435643564,0.0,0.3211009174311927,0.0,0.16666666666666666
13535,0.24752475247524752,0.22222222222222224,0.3211009174311927,0.007518796992481203,0.23333333333333334
13536,0.1485148514851485,0.0,0.12844036697247707,0.0,0.23333333333333334
13537,0.1782178217821782,0.0,0.21100917431192662,0.0,0.23333333333333334
13538,0.2079207920792079,0.0,0.29357798165137616,0.0,0.2
13539,,0.0,0.24770642201834864,0.0,0.2
13540,0.39603960396039606,0.05555555555555556,0.3211009174311927,0.0,0.23333333333333334
13541,0.3465346534653465,0.0,0.3394495412844037,0.0,0.16666666666666666
13542,0.5247524752475248,0.22222222222222224,0.3761467889908257,0.07017543859649122,0.16666666666666666
13543,0.5148514851485149,0.0,0.3761467889908257,0.0,0.16666666666666666
13544,0.49504950495049505,0.0,0.4036697247706422,0.0,0.16666666666666666
13545,0.5148514851485149,0.0,0.3944954128440367,0.0,0.1
13546,0.5643564356435644,0.0,0.4036697247706422,0.0,0.06666666666666667
13547,0.5247524752475248,0.0,0.3944954128440367,0.0,0.06666666666666667
13548,0.39603960396039606,0.0,0.3944954128440367,0.0,0.03333333333333333
13549,0.4554455445544554,0.0,0.41284403669724773,0.0,0.03333333333333333
13550,0.49504950495049505,0.0,0.44036697247706424,0.0,0.0
13551,0.43564356435643564,0.0,0.42201834862385323,0.0,0.0
13552,0.3564356435643564,0.0,0.3302752293577982,0.0,0.0
13553,,0.0,,0.0,0.0
13554,0.4653465346534653,0.0,0.45871559633027525,0.0,0.0
13555,0.5247524752475248,0.0,0.45871559633027525,0.0,0.0
13556,0.4554455445544554,0.0,0.3944954128440367,0.0,0.0
13557,,0.0,0.3669724770642202,0.0,0.0
13558,0.3069306930693069,0.0,0.26605504587155965,0.0,0.0
13559,0.3267326732673267,0.0,0.25688073394495414,0.0,0.0
13560,0.39603960396039606,0.0,0.3211009174311927,0.0,0.0
13561,0.42574257425742573,0.0,0.3944954128440367,0.0,0.0
13562,0.40594059405940597,0.0,0.44036697247706424,0.0,0.0
13563,0.40594059405940597,0.0,0.45871559633027525,0.0,0.0
13564,0.4653465346534653,0.0,0.44954128440366975,0.0,0.0
13565,0.5148514851485149,0.0,0.4954128440366973,0.0,0.0
13566,,0.0,0.46788990825688076,0.0,0.0
13567,0.48514851485148514,0.0,0.46788990825688076,0.0,0.0
13568,0.4752475247524752,0.0,0.45871559633027525,0.0,0.0
13569,0.4752475247524752,0.0,0.42201834862385323,0.0,0.0
13570,0.5247524752475248,0.0,0.46788990825688076,0.0,0.0
13571,0.5841584158415842,0.0,0.44036697247706424,0.0,0.0
13572,0.6039603960396039,0.0,0.47706422018348627,0.13032581453634084,
13573,0.5643564356435644,0.0,0.45871559633027525,0.020050125313283207,
13574,0.5346534653465347,0.0,0.46788990825688076,0.0,
13575,0.4653465346534653,0.0,0.42201834862385323,0.0,
13576,0.5544554455445545,0.0,0.46788990825688076,0.0,
13577,0.5247524752475248,0.0,0.6146788990825688,0.005012531328320802,
13578,0.6237623762376238,0.0,0.6972477064220184,0.0,
13579,0.6336633663366337,0.0,0.706422018348624,0.0,
13580,0.4752475247524752,0.0,0.6972477064220184,0.0,
13581,0.36633663366336633,0.0,0.3119266055045872,0.0,
13582,0.40594059405940597,0.0,0.42201834862385323,0.0,
13583,0.4455445544554455,0.0,0.43119266055045874,0.0,
13584,0.4653465346534653,0.0,0.44954128440366975,0.0,
13585,0.5148514851485149,0.11111111111111112,0.44036697247706424,0.02756892230576441,
13586,,0.3888888888888889,0.3853211009174312,0.08270676691729323,
13587,0.4653465346534653,0.0,0.41284403669724773,0.0,
13588,0.4554455445544554,0.0,0.45871559633027525,0.0,
13589,0.5148514851485149,0.0,0.4954128440366973,0.0,
13590,0.5544554455445545,0.0,0.5412844036697249,0.0,
13591,0.49504950495049505,0.0,0.5871559633027523,0.0,
13592,0.5148514851485149,0.0,0.5871559633027523,0.0,
13593,0.504950495049505,0.0,0.6055045871559633,0.0,
13594,0.5643564356435644,0.0,0.6330275229357799,0.0,
13595,0.5841584158415842,0.0,0.7247706422018348,0.0,
13596,0.5742574257425743,0.0,,0.005012531328320802,
13597,0.6336633663366337,0.0,0.5596330275229359,0.0,
13598,0.6237623762376238,0.0,0.5321100917431193,0.0,
13599,0.6732673267326732,0.0,0.5504587155963303,0.0,
13600,0.6039603960396039,0.0,0.743119266055046,0.0,
13601,0.5544554455445545,0.11111111111111112,0.706422018348624,0.18796992481203006,
13602,0.4752475247524752,0.0,0.3761467889908257,0.0,
13603,0.49504950495049505,0.0,0.47706422018348627,0.0,0.0
13604,0.5346534653465347,0.0,0.4954128440366973,0.05012531328320802,0.0
13605,0.4554455445544554,0.0,0.3944954128440367,0.0,0.0
13606,0.504950495049505,0.0,0.44036697247706424,0.0,0.0
13607,0.5742574257425743,0.0,0.5045871559633028,0.10275689223057644,0.0
13608,0.6435643564356436,0.0,0.5229357798165137,0.010025062656641603,0.0
13609,0.6732673267326732,0.0,0.6697247706422019,0.0,0.0
13610,0.5841584158415842,0.0,0.6605504587155964,0.0,0.0
13611,0.5346534653465347,0.0,0.6238532110091743,0.0,0.0
13612,0.6336633663366337,0.0,0.6880733944954128,0.0,0.0
13613,0.6831683168316831,0.0,0.6788990825688074,0.0,0.0
13614,0.6237623762376238,0.0,0.6788990825688074,0.07268170426065163,0.0
13615,0.6336633663366337,0.0,0.6238532110091743,0.0,0.0
13616,0.7128712871287128,0.0,0.6972477064220184,0.0,0.0
13617,0.7623762376237624,0.0,0.7247706422018348,0.03007518796992481,0.0
13618,0.7227722772277227,0.0,0.6238532110091743,0.0,0.0
13619,0.6831683168316831,0.0,0.6697247706422019,0.0,0.0
13620,0.6831683168316831,0.0,0.7339449541284404,0.0,0.0
13621,0.7029702970297029,0.0,0.743119266055046,0.0,0.0
13622,0.7425742574257426,0.0,0.8073394495412844,0.0,0.0
13623,0.7623762376237624,0.0,0.8440366972477065,0.0,0.0
13624,0.693069306930693,0.0,0.8440366972477065,0.0,0.0
13625,0.7029702970297029,0.0,0.6422018348623854,0.03759398496240601,0.0
13626,0.7227722772277227,0.0,0.6422018348623854,0.0,0.0
13627,0.5841584158415842,0.0,0.5963302752293579,0.0,0.0
13628,0.6732673267326732,0.0,0.6605504587155964,0.0,0.0
13629,0.6336633663366337,0.0,0.6788990825688074,0.0,0.0
13630,0.6138613861386139,0.0,0.6146788990825688,0.03759398496240601,0.0
13631,0.6138613861386139,0.0,0.8073394495412844,0.0,0.0
13632,0.5841584158415842,0.0,0.7981651376146789,0.0,0.0
13633,0.594059405940594,0.0,0.6330275229357799,0.0,0.0
13634,0.7029702970297029,0.0,0.6238532110091743,0.12781954887218044,0.0
13635,0.6633663366336633,0.0,0.5871559633027523,0.18295739348370926,0.0
13636,0.6039603960396039,0.0,0.5871559633027523,0.09774436090225563,0.0
13637,0.6138613861386139,0.0,0.6422018348623854,0.0,0.0
13638,0.6435643564356436,0.0,0.706422018348624,0.0,0.0
13639,0.7425742574257426,0.0,0.706422018348624,0.0,0.0
13640,0.6435643564356436,0.0,0.706422018348624,0.0,0.0
13641,0.7029702970297029,0.0,0.779816513761468,0.0,0.0
13642,0.8217821782178217,0.0,0.8348623853211009,0.0,0.0
13643,0.8118811881188118,0.0,0.8348623853211009,0.0,0.0
13644,0.7524752475247525,0.0,0.8256880733944955,0.0,0.0
13645,0.6435643564356436,0.0,0.7339449541284404,0.0,0.0
13646,0.7722772277227723,0.0,0.853211009174312,0.0,0.0
13647,0.7128712871287128,0.0,0.8440366972477065,0.03007518796992481,0.0
13648,0.6633663366336633,0.0,0.7522935779816514,0.0,0.0
13649,0.7821782178217822,0.0,0.8348623853211009,0.0,0.0
13650,0.8712871287128713,0.0,0.853211009174312,0.05513784461152882,0.0
13651,0.7623762376237624,0.0,0.7247706422018348,0.11779448621553884,0.0
13652,0.801980198019802,0.0,0.7155963302752294,0.0,0.0
13653,0.8415841584158416,0.0,0.81651376146789,0.0,0.0
13654,0.8910891089108911,0.0,0.81651376146789,0.042606516290726815,0.0
13655,0.7821782178217822,0.0,0.8073394495412844,0.0,0.0
13656,0.7524752475247525,0.0,0.6697247706422019,0.0,0.0
13657,0.7227722772277227,0.0,0.6788990825688074,0.0,0.0
13658,0.7920792079207921,0.0,0.7981651376146789,0.022556390977443608,0.0
13659,0.8514851485148515,0.0,0.8623853211009175,0.0,0.0
13660,0.8910891089108911,0.0,0.8715596330275229,0.0,0.0
13661,0.8910891089108911,0.0,0.8807339449541285,0.0,0.0
13662,0.9405940594059405,0.0,0.889908256880734,0.0,0.0
13663,0.8910891089108911,0.0,0.81651376146789,0.05012531328320802,0.0
13664,0.8811881188118812,0.0,0.779816513761468,0.0,0.0
13665,0.900990099009901,0.0,0.81651376146789,0.017543859649122806,0.0
13666,0.8910891089108911,0.0,0.7706422018348624,0.15037593984962405,0.0
13667,0.7722772277227723,0.0,0.7706422018348624,0.0,0.0
13668,0.7029702970297029,0.0,0.81651376146789,0.0,0.0
13669,0.7821782178217822,0.0,0.81651376146789,0.0,0.0
13670,0.8613861386138614,0.0,0.853211009174312,0.0,0.0
13671,0.9306930693069307,0.0,0.8440366972477065,0.0,0.0
13672,0.8415841584158416,0.0,0.8440366972477065,0.0,0.0
13673,0.7128712871287128,0.0,0.7155963302752294,0.0,0.0
13674,0.7722772277227723,0.0,0.7889908256880734,0.0,0.0
13675,0.9108910891089109,0.0,0.8256880733944955,0.040100250626566414,0.0
13676,0.8811881188118812,0.0,0.8715596330275229,0.0,0.0
13677,0.8613861386138614,0.0,0.889908256880734,0.0,0.0
13678,0.9207920792079208,0.0,0.889908256880734,0.0,0.0
13679,0.8514851485148515,0.0,0.8990825688073395,0.0,0.0
13680,0.8712871287128713,0.0,0.889908256880734,0.0,0.0
13681,0.7920792079207921,0.0,0.8715596330275229,0.0,0.0
13682,0.7821782178217822,0.0,0.889908256880734,0.0,0.0
13683,0.9405940594059405,0.0,0.908256880733945,0.012531328320802004,0.0
13684,0.9405940594059405,0.0,0.8440366972477065,0.2932330827067669,0.0
13685,0.9306930693069307,0.0,0.8073394495412844,0.02506265664160401,0.0
13686,0.8811881188118812,0.0,0.8073394495412844,0.022556390977443608,0.0
13687,0.8613861386138614,0.0,0.853211009174312,0.0,0.0
13688,0.8613861386138614,0.0,0.853211009174312,0.0,0.0
13689,0.8514851485148515,0.0,0.8440366972477065,0.0,0.0
13690,0.801980198019802,0.0,0.7522935779816514,0.0,0.0
13691,0.7722772277227723,0.0,0.8073394495412844,0.0,0.0
13692,0.8118811881188118,0.0,0.7889908256880734,0.0,0.0
13693,0.8712871287128713,0.0,0.7981651376146789,0.12030075187969924,0.0
13694,0.8811881188118812,0.0,0.706422018348624,0.14786967418546365,0.0
13695,0.8811881188118812,0.0,0.779816513761468,0.06516290726817042,0.0
13696,0.8910891089108911,0.0,0.81651376146789,0.0,0.0
13697,0.801980198019802,0.0,0.7889908256880734,0.06265664160401002,0.0
13698,0.8118811881188118,0.0,0.7889908256880734,0.0,0.0
13699,0.900990099009901,0.0,0.779816513761468,0.17042606516290726,0.0
13700,0.9108910891089109,0.0,0.81651376146789,0.015037593984962405,0.0
13701,0.9207920792079208,0.0,0.8348623853211009,0.010025062656641603,0.0
13702,0.9405940594059405,0.0,0.8440366972477065,0.0,0.0
13703,0.9207920792079208,0.0,0.8440366972477065,0.0,0.0
13704,0.9405940594059405,0.0,0.8440366972477065,0.0,0.0
13705,0.9306930693069307,0.0,0.8623853211009175,0.0,0.0
13706,0.9207920792079208,0.0,0.8623853211009175,0.0,0.0
13707,0.801980198019802,0.0,0.779816513761468,0.040100250626566414,0.0
13708,0.7227722772277227,0.0,0.7247706422018348,0.0,0.0
13709,0.8118811881188118,0.0,0.7706422018348624,0.0,0.0
13710,0.7821782178217822,0.0,0.8073394495412844,0.0,0.0
13711,0.8514851485148515,0.0,0.8715596330275229,0.0,0.0
13712,0.8811881188118812,0.0,0.8715596330275229,0.0,0.0
13713,0.9801980198019802,0.0,0.908256880733945,0.0,0.0
13714,0.900990099009901,0.0,0.908256880733945,0.0,0.0
13715,0.9207920792079208,0.0,0.8990825688073395,0.0,0.0
13716,0.900990099009901,0.0,0.908256880733945,0.0,0.0
13717,0.9405940594059405,0.0,0.8990825688073395,0.0,0.0
13718,0.9702970297029703,0.0,0.8807339449541285,0.0,0.0
13719,0.9306930693069307,0.0,0.853211009174312,0.0,0.0
13720,0.8514851485148515,0.0,0.8440366972477065,0.03759398496240601,0.0
13721,0.7920792079207921,0.0,0.8256880733944955,0.0,0.0
13722,0.8316831683168316,0.0,0.853211009174312,0.0,0.0
13723,0.8712871287128713,0.0,0.8623853211009175,0.0,0.0
13724,0.900990099009901,0.0,0.8990825688073395,0.0,0.0
13725,0.9306930693069307,0.0,0.908256880733945,0.0,0.0
13726,0.9405940594059405,0.0,0.9541284403669725,0.0,0.0
13727,0.9405940594059405,0.0,0.9174311926605505,0.0,0.0
13728,0.9306930693069307,0.0,0.908256880733945,0.0,0.0
13729,0.8811881188118812,0.0,0.908256880733945,0.0,0.0
13730,0.7722772277227723,0.0,0.81651376146789,0.0,0.0
13731,0.8316831683168316,0.0,0.8807339449541285,0.0,0.0
13732,0.8811881188118812,0.0,0.8807339449541285,0.0,0.0
13733,0.9108910891089109,0.0,0.8623853211009175,0.18295739348370926,0.0
13734,0.8811881188118812,0.0,0.8623853211009175,0.0,0.0
13735,0.8217821782178217,0.0,0.7889908256880734,0.0,0.0
13736,0.8415841584158416,0.0,0.8256880733944955,0.0,0.0
13737,0.900990099009901,0.0,0.8715596330275229,0.0,0.0
13738,0.9207920792079208,0.0,0.8807339449541285,0.0,0.0
13739,0.9108910891089109,0.0,0.8990825688073395,0.0,0.0
13740,0.9603960396039604,0.0,0.9174311926605505,0.0,0.0
13741,0.9603960396039604,0.0,0.8990825688073395,0.0,0.0
13742,0.7821782178217822,0.0,0.853211009174312,0.0,0.0
13743,0.8118811881188118,0.0,0.853211009174312,0.0,0.0
13744,0.7623762376237624,0.0,0.8348623853211009,0.0,0.0
13745,0.8514851485148515,0.0,0.8440366972477065,0.0,0.0
13746,0.9306930693069307,0.0,0.8348623853211009,0.17293233082706766,0.0
13747,0.7524752475247525,0.0,,0.0,0.0
13748,0.6831683168316831,0.0,0.7339449541284404,0.0,0.0
13749,0.7623762376237624,0.0,0.6972477064220184,0.0,0.0
13750,0.7821782178217822,0.0,0.6880733944954128,0.09022556390977443,0.0
13751,0.8217821782178217,0.0,0.7155963302752294,0.3433583959899749,0.0
13752,0.7920792079207921,0.0,0.6330275229357799,0.15288220551378445,0.0
13753,0.7227722772277227,0.0,0.7247706422018348,0.03007518796992481,0.0
13754,0.7623762376237624,0.0,0.779816513761468,0.0,0.0
13755,0.8316831683168316,0.0,0.779816513761468,0.10526315789473684,0.0
13756,0.7128712871287128,0.0,0.7339449541284404,0.0,0.0
13757,0.7821782178217822,0.0,0.7339449541284404,0.0,0.0
13758,0.693069306930693,0.0,0.7155963302752294,0.0,0.0
13759,0.7029702970297029,0.0,0.7706422018348624,0.0,0.0
13760,0.7524752475247525,0.0,0.8256880733944955,0.0,0.0
13761,0.7722772277227723,0.0,0.7981651376146789,0.0,0.0
13762,0.8118811881188118,0.0,0.8440366972477065,0.0,0.0
13763,0.8514851485148515,0.0,0.8440366972477065,0.0,0.0
13764,0.8118811881188118,0.0,0.7889908256880734,0.007518796992481203,0.0
13765,0.8217821782178217,0.0,0.8256880733944955,0.0,0.0
13766,0.8712871287128713,0.0,0.8256880733944955,0.007518796992481203,0.0
13767,0.8712871287128713,0.0,0.779816513761468,0.0,0.0
13768,0.801980198019802,0.0,0.7706422018348624,0.11779448621553884,0.0
13769,0.7623762376237624,0.0,0.7614678899082569,0.0,0.0
13770,0.7920792079207921,0.0,0.7614678899082569,0.0,0.0
13771,0.8613861386138614,0.0,0.743119266055046,0.14035087719298245,0.0
13772,0.8613861386138614,0.0,0.743119266055046,0.07268170426065163,0.0
13773,0.8712871287128713,0.0,,0.05513784461152882,0.0
13774,0.8316831683168316,0.0,0.7339449541284404,0.0,0.0
13775,0.7227722772277227,0.0,0.7247706422018348,0.0,0.0
13776,0.7029702970297029,0.0,0.6697247706422019,0.007518796992481203,0.0
13777,0.7128712871287128,0.0,0.6788990825688074,0.0,0.0
13778,0.7425742574257426,0.0,0.7247706422018348,0.0,0.0
13779,0.7425742574257426,0.0,0.706422018348624,0.0,0.0
13780,0.6336633663366337,0.0,0.6972477064220184,0.0,0.0
13781,0.6435643564356436,0.0,0.7522935779816514,0.0,0.0
13782,0.7425742574257426,0.0,0.81651376146789,0.0,0.0
13783,0.8316831683168316,0.0,0.81651376146789,0.0,0.0
13784,0.8316831683168316,0.0,0.8073394495412844,0.0,0.0
13785,0.7326732673267327,0.0,0.6880733944954128,0.06516290726817042,0.0
13786,0.5841584158415842,0.0,0.6146788990825688,0.045112781954887216,0.0
13787,0.7227722772277227,0.0,0.6330275229357799,0.0,0.0
13788,0.5841584158415842,0.0,0.5596330275229359,0.0,0.0
13789,0.5643564356435644,0.0,0.6238532110091743,0.0,0.0
13790,0.6732673267326732,0.0,0.6972477064220184,0.0,0.0
13791,0.7227722772277227,0.0,0.6972477064220184,0.05764411027568922,0.0
13792,0.6336633663366337,0.0,0.5412844036697249,0.005012531328320802,0.0
13793,0.5445544554455446,0.0,0.5137614678899083,0.0,0.0
13794,0.6039603960396039,0.0,0.6055045871559633,0.0,0.0
13795,0.6732673267326732,0.0,0.6238532110091743,0.0,0.0
13796,0.6138613861386139,0.0,0.5045871559633028,0.11779448621553884,0.0
13797,0.5643564356435644,0.0,0.5137614678899083,0.0,0.0
13798,0.5346534653465347,0.0,0.5779816513761468,0.0,0.0
13799,0.5346534653465347,0.0,0.6146788990825688,0.0,0.0
13800,0.6633663366336633,0.0,0.6788990825688074,0.0,0.0
13801,0.6237623762376238,0.0,0.6880733944954128,0.0,0.0
13802,0.7326732673267327,0.0,0.6972477064220184,0.040100250626566414,0.0
13803,0.7128712871287128,0.0,0.6146788990825688,0.0,0.0
13804,0.6138613861386139,0.0,0.6146788990825688,0.0,0.0
13805,0.6633663366336633,0.0,0.6055045871559633,0.010025062656641603,0.0
13806,0.5742574257425743,0.0,0.48623853211009177,0.047619047619047616,0.0
13807,0.5742574257425743,0.0,0.45871559633027525,0.0,0.0
13808,0.5742574257425743,0.0,0.5504587155963303,0.010025062656641603,0.0
13809,0.5841584158415842,0.0,0.5504587155963303,0.07769423558897243,0.0
13810,0.5346534653465347,0.0,0.5229357798165137,0.07518796992481203,0.0
13811,0.504950495049505,0.0,0.5412844036697249,0.0,0.0
13812,0.6732673267326732,0.0,0.5504587155963303,0.17794486215538846,0.0
13813,0.5346534653465347,0.0,,0.005012531328320802,0.0
13814,0.5544554455445545,0.0,0.5321100917431193,0.0,0.0
13815,0.5742574257425743,0.0,0.6330275229357799,0.0,0.0
13816,0.6138613861386139,0.0,0.6330275229357799,0.0,0.0
13817,0.6138613861386139,0.0,0.6330275229357799,0.0,0.0
13818,0.7326732673267327,0.0,0.7339449541284404,0.0,0.0
13819,0.801980198019802,0.0,0.7339449541284404,0.007518796992481203,0.0
13820,0.7821782178217822,0.0,0.7247706422018348,0.0,0.0
13821,,0.0,0.6880733944954128,0.0,0.0
13822,0.5247524752475248,0.0,0.5045871559633028,0.0,0.0
13823,0.6336633663366337,0.0,0.5596330275229359,0.0,0.0
13824,0.6633663366336633,0.0,0.5871559633027523,0.020050125313283207,0.0
13825,0.5544554455445545,0.0,0.5137614678899083,0.12030075187969924,0.0
13826,0.5148514851485149,0.0,0.42201834862385323,0.0,0.0
13827,0.4653465346534653,0.0,0.42201834862385323,0.0,0.0
13828,0.5247524752475248,0.0,0.5137614678899083,0.0,0.0
13829,0.594059405940594,0.0,0.5688073394495413,0.0,0.0
13830,0.6039603960396039,0.0,0.5596330275229359,0.0,0.0
13831,0.5346534653465347,0.0,0.6238532110091743,0.0,0.0
13832,0.6138613861386139,0.0,0.6788990825688074,0.0,0.0
13833,0.801980198019802,0.0,0.6513761467889908,0.0,0.0
13834,0.6039603960396039,0.0,0.6238532110091743,0.02756892230576441,0.0
13835,0.5346534653465347,0.0,0.46788990825688076,0.0,0.0
13836,0.504950495049505,0.0,0.44954128440366975,0.03007518796992481,0.0
13837,0.38613861386138615,0.0,0.3211009174311927,0.0,0.0
13838,0.4455445544554455,0.0,0.47706422018348627,0.0,0.0
13839,0.4455445544554455,0.0,0.5596330275229359,0.005012531328320802,0.0
13840,0.5643564356435644,0.0,0.5596330275229359,0.0,0.0
13841,0.6336633663366337,0.0,0.5412844036697249,0.24310776942355888,0.0
13842,0.594059405940594,0.0,,0.17042606516290726,0.0
13843,0.594059405940594,0.0,0.43119266055045874,0.0,0.0
13844,0.6435643564356436,0.0,0.5596330275229359,0.03007518796992481,0.0
13845,0.6237623762376238,0.0,0.5229357798165137,0.08020050125313283,0.0
13846,0.5841584158415842,0.0,0.42201834862385323,0.02506265664160401,0.0
13847,0.5544554455445545,0.0,0.41284403669724773,0.020050125313283207,0.0
13848,0.5247524752475248,0.0,0.3577981651376147,0.03759398496240601,0.0
13849,0.5346534653465347,0.0,0.3761467889908257,0.0,0.0
13850,0.5148514851485149,0.16666666666666669,0.3761467889908257,0.08771929824561403,0.03333333333333333
13851,0.5247524752475248,0.0,0.3761467889908257,0.0,0.03333333333333333
13852,0.4455445544554455,0.0,0.3853211009174312,0.0,0.0
13853,0.5247524752475248,0.0,0.3669724770642202,0.0,0.0
13854,0.5643564356435644,0.0,0.5137614678899083,0.05513784461152882,0.0
13855,0.6732673267326732,0.0,0.5504587155963303,0.08020050125313283,0.0
13856,0.5742574257425743,0.0,0.46788990825688076,0.010025062656641603,0.0
13857,0.5247524752475248,0.0,0.45871559633027525,0.0,0.0
13858,0.5742574257425743,0.0,0.44954128440366975,0.047619047619047616,0.0
13859,0.5544554455445545,0.0,0.3761467889908257,0.0,0.0
13860,0.5247524752475248,0.0,0.3853211009174312,0.0,0.0
13861,0.5346534653465347,0.0,0.46788990825688076,0.3233082706766917,0.0
13862,0.5247524752475248,0.0,0.3577981651376147,0.015037593984962405,0.0
13863,0.504950495049505,0.0,0.3486238532110092,0.0,0.0
13864,0.49504950495049505,0.0,0.3211009174311927,0.0,0.0
13865,0.5247524752475248,0.0,0.3669724770642202,0.0,0.0
13866,0.5742574257425743,0.0,0.4954128440366973,0.12030075187969924,0.0
13867,0.5148514851485149,0.0,0.42201834862385323,0.0,0.0
13868,0.5346534653465347,0.0,0.42201834862385323,0.0,0.0
13869,0.5445544554455446,0.0,0.3853211009174312,0.0,0.0
13870,0.5346534653465347,0.0,0.45871559633027525,0.0,0.0
13871,0.6039603960396039,0.0,0.5045871559633028,0.047619047619047616,0.0
13872,0.5445544554455446,0.0,0.3944954128440367,0.0,0.0
13873,0.49504950495049505,0.0,0.3486238532110092,0.0,0.0
13874,0.5445544554455446,0.0,0.3577981651376147,0.0,0.0
13875,0.4554455445544554,0.33333333333333337,0.3577981651376147,0.06516290726817042,0.13333333333333333
13876,0.2871287128712871,0.0,0.3119266055045872,0.0,0.1
13877,0.42574257425742573,0.0,0.3944954128440367,0.0,0.0
13878,0.3465346534653465,0.0,0.29357798165137616,0.002506265664160401,0.0
13879,0.31683168316831684,0.0,0.29357798165137616,0.0,0.0
13880,0.36633663366336633,0.0,0.3486238532110092,0.0,0.0
13881,0.36633663366336633,0.0,0.3394495412844037,0.0,0.0
13882,0.18811881188118812,0.0,0.1743119266055046,0.0,0.0
13883,0.2079207920792079,0.0,0.1651376146788991,0.0,0.0
13884,0.2871287128712871,0.0,0.1926605504587156,0.0,0.0
13885,0.2871287128712871,0.0,0.26605504587155965,0.0,0.0
13886,0.3366336633663366,0.0,0.24770642201834864,0.0,0.0
13887,0.2376237623762376,0.0,0.23853211009174313,0.0,0.0
13888,0.3267326732673267,0.0,0.3853211009174312,0.0,0.0
13889,0.5346534653465347,0.0,0.44036697247706424,0.0,0.0
13890,0.43564356435643564,0.0,0.43119266055045874,0.0,0.0
13891,0.2772277227722772,0.0,0.26605504587155965,0.0,0.0
13892,0.37623762376237624,0.0,0.3853211009174312,0.0,0.0
13893,0.49504950495049505,0.0,0.5137614678899083,0.0,0.0
13894,0.594059405940594,0.0,0.5045871559633028,0.05012531328320802,0.0
13895,0.5742574257425743,0.0,0.46788990825688076,0.10275689223057644,0.0
13896,0.5247524752475248,0.0,0.45871559633027525,0.0,0.0
13897,0.5544554455445545,0.0,0.48623853211009177,0.05012531328320802,0.0
13898,0.5247524752475248,0.0,0.42201834862385323,0.0,0.0
13899,0.4653465346534653,0.0,0.3211009174311927,0.0,0.0
13900,0.49504950495049505,0.0,0.3302752293577982,0.0,0.0
13901,0.48514851485148514,0.011111111111111112,0.3853211009174312,0.010025062656641603,
13902,0.4158415841584158,0.0,0.3394495412844037,0.0,
13903,0.2772277227722772,0.6111111111111112,0.3302752293577982,0.015037593984962405,0.2
13904,0.297029702970297,0.0,0.22935779816513763,0.0,0.16666666666666666
13905,0.2871287128712871,0.0,0.3119266055045872,0.0,0.16666666666666666
13906,0.39603960396039606,0.0,0.44954128440366975,0.0,0.16666666666666666
13907,0.6237623762376238,0.0,0.5137614678899083,0.0,
13908,0.6831683168316831,0.0,0.5321100917431193,0.0,
13909,0.5841584158415842,0.0,0.5229357798165137,0.017543859649122806,0.0
13910,0.4554455445544554,0.0,0.3853211009174312,0.040100250626566414,0.0
13911,0.4554455445544554,0.0,0.30275229357798167,0.0,0.0
13912,0.4158415841584158,0.5555555555555556,0.29357798165137616,0.05513784461152882,0.16666666666666666
13913,0.297029702970297,,0.26605504587155965,0.0,0.16666666666666666
13914,0.198019801980198,0.0,0.13761467889908258,0.0,0.16666666666666666
13915,0.2376237623762376,0.0,0.25688073394495414,0.0,0.13333333333333333
13916,0.297029702970297,0.0,0.27522935779816515,0.0,0.13333333333333333
13917,0.3465346534653465,0.03333333333333333,0.3119266055045872,0.0,0.13333333333333333
13918,0.3366336633663366,0.0,0.30275229357798167,0.0,0.1
13919,0.36633663366336633,0.22222222222222224,0.22935779816513763,0.005012531328320802,0.16666666666666666
13920,0.3465346534653465,0.888888888888889,0.22935779816513763,0.020050125313283207,0.43333333333333335
13921,0.2079207920792079,0.0,0.22935779816513763,0.0,0.3333333333333333
13922,0.2079207920792079,0.0,0.3853211009174312,0.0,0.23333333333333334
13923,0.2079207920792079,0.0,0.43119266055045874,0.007518796992481203,0.16666666666666666
13924,0.4653465346534653,0.0,0.3486238532110092,0.0,0.1
13925,0.4554455445544554,0.0,0.4036697247706422,0.0,0.03333333333333333
13926,0.4455445544554455,0.0,0.4036697247706422,0.0,0.0
13927,0.5148514851485149,0.0,0.4036697247706422,0.0,0.0
13928,0.43564356435643564,0.0,0.4036697247706422,0.045112781954887216,0.0
13929,0.3069306930693069,0.0,0.25688073394495414,0.0,0.0
13930,0.43564356435643564,0.0,0.5412844036697249,0.0,0.0
13931,0.49504950495049505,0.0,0.5412844036697249,0.0,0.0
13932,0.4455445544554455,0.0,0.3119266055045872,0.0,0.0
13933,0.4158415841584158,0.0,0.3119266055045872,0.0,0.0
13934,0.39603960396039606,0.0,0.46788990825688076,0.0,0.0
13935,0.5148514851485149,0.0,0.47706422018348627,0.0,0.0
13936,0.43564356435643564,0.0,0.42201834862385323,0.0,0.0
13937,0.5346534653465347,0.0,0.45871559633027525,0.0,0.0
13938,0.49504950495049505,0.0,0.46788990825688076,0.0,0.0
13939,0.5247524752475248,0.0,0.5137614678899083,0.0,0.0
13940,0.4554455445544554,0.0,0.4954128440366973,0.0,0.0
13941,0.43564356435643564,0.0,0.4036697247706422,0.0,0.0
13942,0.43564356435643564,0.0,0.4036697247706422,0.0,0.0
13943,0.4554455445544554,0.0,0.45871559633027525,0.0,0.0
13944,0.5445544554455446,0.0,0.4954128440366973,0.0,0.0
13945,0.5643564356435644,0.0,0.6238532110091743,0.0,0.0
13946,0.6039603960396039,0.0,0.6238532110091743,0.0,0.0
13947,0.5445544554455446,0.0,0.46788990825688076,0.0,0.0
13948,0.5148514851485149,0.0,0.5504587155963303,0.0,0.0
13949,0.5742574257425743,0.0,0.5504587155963303,0.0,0.0
13950,0.5148514851485149,0.0,0.5412844036697249,0.06015037593984962,0.0
13951,0.4554455445544554,0.0,0.3211009174311927,0.0,0.0
13952,0.42574257425742573,0.05555555555555556,0.3119266055045872,0.002506265664160401,0.03333333333333333
13953,0.5148514851485149,0.0,0.3853211009174312,0.0,0.0
13954,0.5247524752475248,0.0,0.44036697247706424,0.0,0.0
13955,0.5445544554455446,0.0,0.43119266055045874,0.0,0.0
13956,0.4752475247524752,0.0,0.42201834862385323,0.0,0.0
13957,0.37623762376237624,0.22222222222222224,0.3853211009174312,0.03759398496240601,0.06666666666666667
13958,0.40594059405940597,0.0,0.3486238532110092,0.0,0.0
13959,0.42574257425742573,0.0,0.46788990825688076,0.0,0.0
13960,0.5544554455445545,0.0,0.6972477064220184,0.0,0.0
13961,0.7029702970297029,0.0,,0.21804511278195488,0.0
13962,0.7524752475247525,0.0,0.6146788990825688,0.13533834586466165,0.0
13963,0.6336633663366337,0.0,0.6146788990825688,0.007518796992481203,0.0
13964,0.5445544554455446,0.0,0.45871559633027525,0.0,0.0
13965,0.5247524752475248,0.0,0.5412844036697249,0.0,0.0
13966,0.6633663366336633,0.0,0.6513761467889908,0.0,0.0
13967,0.6039603960396039,0.0,0.6513761467889908,0.02506265664160401,0.0
13968,0.5643564356435644,0.0,0.5229357798165137,0.0,0.0
13969,0.6336633663366337,0.0,0.47706422018348627,0.0,0.0
13970,0.6534653465346534,0.0,0.6330275229357799,0.03508771929824561,0.0
13971,0.7623762376237624,0.0,0.6788990825688074,0.007518796992481203,0.0
13972,0.6732673267326732,0.0,0.5871559633027523,0.03759398496240601,0.0
13973,0.6732673267326732,0.0,0.7706422018348624,0.0,0.0
13974,0.7623762376237624,0.0,0.779816513761468,0.0,0.0
13975,0.6534653465346534,0.0,0.5688073394495413,0.16791979949874686,0.0
13976,0.594059405940594,0.0,0.5871559633027523,0.0,0.0
13977,0.5445544554455446,0.0,0.6055045871559633,0.0,0.0
13978,0.594059405940594,0.0,0.6330275229357799,0.0,0.0
13979,0.6237623762376238,0.0,0.6238532110091743,0.0,0.0
13980,0.6138613861386139,0.0,0.6422018348623854,0.0,0.0
13981,0.6237623762376238,0.0,0.6697247706422019,0.0,0.0
13982,0.7326732673267327,0.0,0.6788990825688074,0.0,0.0
13983,0.5544554455445545,0.0,0.5412844036697249,0.0,0.0
13984,0.5247524752475248,0.0,0.5779816513761468,0.0,0.0
13985,0.6237623762376238,0.0,0.6697247706422019,0.0,0.0
13986,0.5841584158415842,0.0,0.6697247706422019,0.0,0.0
13987,0.48514851485148514,0.0,0.5137614678899083,0.0,0.0
13988,0.5544554455445545,0.0,0.5871559633027523,0.0,0.0
13989,0.5445544554455446,0.0,0.5045871559633028,0.042606516290726815,0.0
13990,0.594059405940594,0.0,0.5596330275229359,0.0,0.0
13991,0.6633663366336633,0.0,0.7247706422018348,0.03258145363408521,0.0
13992,0.6138613861386139,0.0,0.6146788990825688,0.0,0.0
13993,0.5544554455445545,0.0,0.5963302752293579,0.0,0.0
13994,0.6534653465346534,0.0,0.6788990825688074,0.0,0.0
13995,0.6237623762376238,0.0,0.6788990825688074,0.005012531328320802,0.0
13996,0.6039603960396039,0.0,0.5229357798165137,0.05513784461152882,0.0
13997,0.5742574257425743,0.0,0.6330275229357799,0.0,0.0
13998,0.6039603960396039,0.0,0.706422018348624,0.0,0.0
13999,0.6534653465346534,0.0,0.706422018348624,0.0,0.0
14000,0.594059405940594,0.0,0.7247706422018348,0.0,0.0
14001,0.6534653465346534,0.0,0.7155963302752294,0.0,0.0
14002,0.6138613861386139,0.0,0.6513761467889908,0.0,0.0
14003,0.7029702970297029,0.0,0.7247706422018348,0.0,0.0
14004,0.7029702970297029,0.0,0.7889908256880734,0.0,0.0
14005,0.6336633663366337,0.0,0.7889908256880734,0.0,0.0
14006,0.7524752475247525,0.0,0.7981651376146789,0.0,0.0
14007,0.7920792079207921,0.0,0.6788990825688074,0.02756892230576441,0.0
14008,0.7722772277227723,0.0,0.6972477064220184,0.03759398496240601,0.0
14009,0.6435643564356436,0.0,0.6788990825688074,0.0,0.0
14010,0.7128712871287128,0.0,0.7247706422018348,0.0,0.0
14011,0.8712871287128713,0.0,0.7614678899082569,0.0,0.0
14012,0.6633663366336633,0.0,0.7614678899082569,0.0,0.0
14013,0.7029702970297029,0.0,0.8623853211009175,0.0,0.0
14014,0.7920792079207921,0.0,0.8623853211009175,0.07769423558897243,0.0
14015,0.7227722772277227,0.0,0.6880733944954128,0.0,0.0
14016,0.693069306930693,0.0,0.743119266055046,0.0,0.0
14017,0.7425742574257426,0.0,0.7522935779816514,0.0,0.0
14018,0.7920792079207921,0.0,0.6513761467889908,0.045112781954887216,0.0
14019,0.7524752475247525,0.0,0.779816513761468,0.0,0.0
14020,0.7524752475247525,0.0,0.853211009174312,0.005012531328320802,0.0
14021,0.8712871287128713,0.0,0.853211009174312,0.0,0.0
14022,0.7623762376237624,0.0,0.7522935779816514,0.18796992481203006,0.0
14023,0.6237623762376238,0.0,0.706422018348624,0.0,0.0
14024,0.6534653465346534,0.0,0.7522935779816514,0.0,0.0
14025,0.7722772277227723,0.0,0.8073394495412844,0.0,0.0
14026,0.7722772277227723,0.0,0.8440366972477065,0.0,0.0
14027,0.8514851485148515,0.0,0.8715596330275229,0.0,0.0
14028,0.8613861386138614,0.0,0.8807339449541285,0.0,0.0
14029,0.8316831683168316,0.0,0.908256880733945,0.0,0.0
14030,0.8316831683168316,0.0,0.908256880733945,0.0,0.0
14031,0.7425742574257426,0.0,0.8990825688073395,0.0,0.0
14032,0.693069306930693,0.0,0.6880733944954128,0.03258145363408521,0.0
14033,0.6732673267326732,0.0,0.7614678899082569,0.0,0.0
14034,0.7326732673267327,0.0,0.853211009174312,0.0,0.0
14035,0.8415841584158416,0.0,0.908256880733945,0.0,0.0
14036,0.8415841584158416,0.0,0.908256880733945,0.0,0.0
14037,0.801980198019802,0.0,0.889908256880734,0.0,0.0
14038,0.6534653465346534,0.0,0.7339449541284404,0.0,0.0
14039,0.6633663366336633,0.0,0.7247706422018348,0.0,0.0
14040,0.7029702970297029,0.0,0.8073394495412844,0.0,0.0
14041,0.7821782178217822,0.0,0.8715596330275229,0.0,0.0
14042,0.8217821782178217,0.0,0.9174311926605505,0.0,0.0
14043,0.8811881188118812,0.0,0.9174311926605505,0.0,0.0
14044,0.8910891089108911,0.0,0.9174311926605505,0.0,0.0
14045,0.8712871287128713,0.0,0.908256880733945,0.0,0.0
14046,0.7623762376237624,0.0,0.779816513761468,0.0,0.0
14047,0.801980198019802,0.0,0.8715596330275229,0.0,0.0
14048,0.8613861386138614,0.0,0.8990825688073395,0.0,0.0
14049,0.9207920792079208,0.0,0.9266055045871561,0.0,0.0
14050,0.900990099009901,0.0,0.9724770642201835,0.0,0.0
14051,1.0,0.0,0.9541284403669725,0.0,0.0
14052,0.8910891089108911,0.0,0.944954128440367,0.005012531328320802,0.0
14053,0.7821782178217822,0.0,0.8440366972477065,0.0,0.0
14054,0.9306930693069307,0.0,1.0,0.0,0.0
14055,0.8415841584158416,0.0,,0.0,0.0
14056,0.7029702970297029,0.0,0.8073394495412844,0.0,0.0
14057,0.7425742574257426,0.0,0.779816513761468,0.0,0.0
14058,0.801980198019802,0.0,0.7706422018348624,0.0,0.0
14059,0.6831683168316831,0.0,0.779816513761468,0.0,0.0
14060,0.6336633663366337,0.0,0.779816513761468,0.0,0.0
14061,0.7524752475247525,0.0,0.81651376146789,0.0,0.0
14062,0.7524752475247525,0.0,0.8715596330275229,0.0,0.0
14063,0.801980198019802,0.0,0.9174311926605505,0.0,0.0
14064,0.8217821782178217,0.0,0.944954128440367,0.0,0.0
14065,0.8712871287128713,0.0,0.9724770642201835,0.0,0.0
14066,0.900990099009901,0.0,0.981651376146789,0.0,0.0
14067,0.9702970297029703,0.0,0.9724770642201835,0.0,0.0
14068,0.8910891089108911,0.0,0.9541284403669725,0.0,0.0
14069,0.8910891089108911,0.0,0.9541284403669725,0.0,0.0
14070,0.8910891089108911,0.0,0.853211009174312,0.045112781954887216,0.0
14071,0.8118811881188118,0.0,0.853211009174312,0.0,0.0
14072,0.8316831683168316,0.0,0.8623853211009175,0.0,0.0
14073,0.8514851485148515,0.0,0.9357798165137615,0.0,0.0
14074,0.8613861386138614,0.0,0.944954128440367,0.0,0.0
14075,1.0,0.0,0.9541284403669725,0.0,0.0
14076,0.9405940594059405,0.0,0.944954128440367,0.07017543859649122,0.0
14077,0.9306930693069307,0.0,0.8715596330275229,0.0,0.0
14078,0.9207920792079208,0.0,0.853211009174312,0.11027568922305764,0.0
14079,0.8910891089108911,0.0,0.853211009174312,0.0,0.0
14080,0.8316831683168316,0.0,0.8256880733944955,0.042606516290726815,0.0
14081,0.8613861386138614,0.0,0.8440366972477065,0.0,0.0
14082,0.8415841584158416,0.0,0.8348623853211009,0.21804511278195488,0.0
14083,0.8316831683168316,0.0,0.81651376146789,0.0,0.0
14084,0.8910891089108911,0.0,0.8256880733944955,0.010025062656641603,0.0
14085,0.8316831683168316,0.0,0.7889908256880734,0.40852130325814534,0.0
14086,0.8415841584158416,0.0,0.8440366972477065,0.0,0.0
14087,0.900990099009901,0.0,0.8990825688073395,0.0,0.0
14088,0.9306930693069307,0.0,0.908256880733945,0.0,0.0
14089,0.9405940594059405,0.0,0.889908256880734,0.0,0.0
14090,0.900990099009901,0.0,0.8348623853211009,0.12531328320802004,0.0
14091,0.8811881188118812,0.0,0.8990825688073395,0.0,0.0
14092,0.9603960396039604,0.0,0.9266055045871561,0.0,0.0
14093,0.9603960396039604,0.0,0.9174311926605505,0.0,0.0
14094,0.9603960396039604,0.0,0.908256880733945,0.0,0.0
14095,0.9702970297029703,0.0,0.8990825688073395,0.0,0.0
14096,0.9207920792079208,0.0,0.889908256880734,0.14536340852130325,0.0
14097,0.8514851485148515,0.0,0.889908256880734,0.0,0.0
14098,0.8712871287128713,0.0,0.8807339449541285,0.0,0.0
14099,0.8712871287128713,0.0,0.8807339449541285,0.0,0.0
14100,0.9405940594059405,0.0,0.8807339449541285,0.19548872180451127,0.0
14101,0.9108910891089109,0.0,0.8715596330275229,0.03508771929824561,0.0
14102,0.9207920792079208,0.0,0.889908256880734,0.0,0.0
14103,0.9504950495049505,0.0,0.8715596330275229,0.0,0.0
14104,0.9801980198019802,0.0,0.8807339449541285,0.0,0.0
14105,0.900990099009901,0.0,0.853211009174312,0.11528822055137844,0.0
14106,0.8910891089108911,0.0,0.8623853211009175,0.11027568922305764,0.0
14107,0.9702970297029703,0.0,0.908256880733945,0.0,0.0
14108,0.9207920792079208,0.0,0.908256880733945,0.0,0.0
14109,0.8415841584158416,0.0,0.7522935779816514,0.3057644110275689,0.0
14110,0.8415841584158416,0.0,0.7981651376146789,0.015037593984962405,0.0
14111,0.7920792079207921,0.0,0.7889908256880734,0.0,0.0
14112,0.7821782178217822,0.0,0.7614678899082569,0.0,0.0
14113,0.7821782178217822,0.0,0.743119266055046,0.015037593984962405,0.0
14114,0.8316831683168316,0.0,0.7706422018348624,0.23558897243107768,0.0
14115,0.8118811881188118,0.0,0.779816513761468,0.0,0.0
14116,0.7623762376237624,0.0,0.779816513761468,0.0,0.0
14117,0.7722772277227723,0.0,0.7522935779816514,0.0,0.0
14118,0.8415841584158416,0.0,0.7247706422018348,0.02506265664160401,0.0
14119,0.7227722772277227,0.0,0.7155963302752294,0.0,0.0
14120,0.7128712871287128,0.0,0.743119266055046,0.0,0.0
14121,0.7425742574257426,0.0,0.7706422018348624,0.0,0.0
14122,0.7524752475247525,0.0,0.7889908256880734,0.0,0.0
14123,0.8217821782178217,0.0,0.7889908256880734,0.0,0.0
14124,0.8811881188118812,0.0,0.7339449541284404,0.5438596491228069,0.0
14125,0.8217821782178217,0.0,0.7339449541284404,0.03508771929824561,0.0
14126,0.7623762376237624,0.0,,0.05263157894736842,0.0
14127,0.6534653465346534,0.0,0.6330275229357799,0.0,0.0
14128,0.6534653465346534,0.0,0.6880733944954128,0.0,0.0
14129,0.6732673267326732,0.0,0.743119266055046,0.0,0.0
14130,0.6732673267326732,0.0,0.7706422018348624,0.0,0.0
14131,0.693069306930693,0.0,0.779816513761468,0.0,0.0
14132,0.7425742574257426,0.0,0.7981651376146789,0.0,0.0
14133,0.8118811881188118,0.0,0.743119266055046,0.0,0.0
14134,0.8316831683168316,0.0,0.743119266055046,0.05012531328320802,0.0
14135,0.693069306930693,0.0,0.7614678899082569,0.0,0.0
14136,0.7227722772277227,0.0,0.7614678899082569,0.0,0.0
14137,0.693069306930693,0.0,0.7614678899082569,0.0,0.0
14138,0.900990099009901,0.0,0.779816513761468,0.0,0.0
14139,0.8811881188118812,0.0,0.8256880733944955,0.0,0.0
14140,0.8811881188118812,0.0,0.743119266055046,0.020050125313283207,0.0
14141,0.801980198019802,0.0,0.7247706422018348,0.16541353383458646,0.0
14142,0.7722772277227723,0.0,0.6422018348623854,0.005012531328320802,0.0
14143,0.7722772277227723,0.0,0.6788990825688074,0.0,0.0
14144,0.8613861386138614,0.0,0.7339449541284404,0.03759398496240601,0.0
14145,0.6633663366336633,0.0,0.7247706422018348,0.0,0.0
14146,0.7029702970297029,0.0,0.743119266055046,0.0,0.0
14147,0.7128712871287128,0.0,0.743119266055046,0.0,0.0
14148,0.7623762376237624,0.0,0.7889908256880734,0.0,0.0
14149,0.801980198019802,0.0,,0.0,0.0
14150,0.7029702970297029,0.0,0.743119266055046,0.0,0.0
14151,0.7623762376237624,0.0,0.7614678899082569,0.0,0.0
14152,0.8613861386138614,0.0,0.7706422018348624,0.007518796992481203,0.0
14153,0.7821782178217822,0.0,0.6788990825688074,0.09523809523809523,0.0
14154,0.6435643564356436,0.0,0.6238532110091743,0.03258145363408521,0.0
14155,0.6336633663366337,0.0,0.6238532110091743,0.0,0.0
14156,0.6237623762376238,0.0,0.5688073394495413,0.0,0.0
14157,0.5346534653465347,0.0,0.5779816513761468,0.0,0.0
14158,0.594059405940594,0.0,0.5871559633027523,0.0,0.0
14159,0.594059405940594,0.0,0.6238532110091743,0.0,0.0
14160,0.693069306930693,0.0,0.6146788990825688,0.0,0.0
14161,0.7029702970297029,0.0,0.6238532110091743,0.020050125313283207,0.0
14162,0.6039603960396039,0.0,0.6513761467889908,0.0,0.0
14163,0.5247524752475248,0.0,0.5045871559633028,0.0,0.0
14164,0.49504950495049505,0.0,0.5137614678899083,0.0,0.0
14165,0.5643564356435644,0.0,0.6697247706422019,0.0,0.0
14166,0.7128712871287128,0.0,0.6972477064220184,0.0,0.0
14167,0.7326732673267327,0.0,0.6880733944954128,0.0,0.0
14168,0.7722772277227723,0.0,0.5963302752293579,0.14035087719298245,0.0
14169,0.7326732673267327,0.0,0.6330275229357799,0.9598997493734336,0.0
14170,0.6237623762376238,0.0,0.5596330275229359,0.007518796992481203,0.0
14171,0.5544554455445545,0.0,0.5412844036697249,0.0,0.0
14172,0.6633663366336633,0.0,0.5137614678899083,0.0,0.0
14173,0.6534653465346534,0.0,0.5504587155963303,0.040100250626566414,0.0
14174,0.5445544554455446,0.0,0.5045871559633028,0.0,0.0
14175,0.594059405940594,0.0,0.5045871559633028,0.09273182957393483,0.0
14176,0.5742574257425743,0.0,0.41284403669724773,0.015037593984962405,0.0
14177,0.5247524752475248,0.0,0.41284403669724773,0.0,0.0
14178,0.49504950495049505,0.0,0.5504587155963303,0.0,0.0
14179,0.5742574257425743,0.0,0.5779816513761468,0.015037593984962405,0.0
14180,0.504950495049505,0.0,0.46788990825688076,0.0,0.0
14181,0.4455445544554455,0.0,0.45871559633027525,0.0,0.0
14182,0.43564356435643564,0.0,0.4954128440366973,0.0,0.0
14183,0.594059405940594,0.0,0.4954128440366973,0.0,0.0
14184,0.6039603960396039,0.0,0.44036697247706424,0.002506265664160401,0.0
14185,0.504950495049505,0.0,0.5779816513761468,0.0,0.0
14186,0.7227722772277227,0.0,0.6055045871559633,0.05513784461152882,0.0
14187,0.6831683168316831,0.0,0.5779816513761468,0.18546365914786966,0.0
14188,0.5544554455445545,0.0,0.46788990825688076,0.14285714285714285,0.0
14189,0.5445544554455446,0.03333333333333333,0.45871559633027525,0.022556390977443608,0.0
14190,0.6138613861386139,0.0,0.47706422018348627,0.047619047619047616,0.0
14191,0.5247524752475248,0.0,0.48623853211009177,0.0,0.0
14192,0.6732673267326732,0.0,0.5871559633027523,0.14035087719298245,0.0
14193,0.5544554455445545,0.0,0.47706422018348627,0.012531328320802004,0.0
14194,0.5247524752475248,0.0,0.44954128440366975,0.0,0.0
14195,0.6435643564356436,0.0,0.5045871559633028,0.10776942355889724,0.0
14196,0.6237623762376238,0.0,0.5596330275229359,0.0,0.0
14197,0.6039603960396039,0.0,0.6422018348623854,0.0,0.0
14198,,0.0,0.6513761467889908,0.022556390977443608,0.0
14199,0.5544554455445545,0.0,0.47706422018348627,0.0,0.0
14200,0.5445544554455446,0.0,0.5321100917431193,0.0,0.0
14201,0.6336633663366337,0.0,0.4954128440366973,0.0,0.0
14202,0.594059405940594,0.0,0.44954128440366975,0.11779448621553884,0.0
14203,0.5742574257425743,0.0,0.44036697247706424,0.13032581453634084,0.0
14204,0.5643564356435644,0.0,0.4036697247706422,0.0,0.0
14205,0.504950495049505,0.0,0.43119266055045874,0.0,0.0
14206,0.504950495049505,0.0,0.5229357798165137,0.0,0.0
14207,0.504950495049505,0.0,0.5779816513761468,0.0,0.0
14208,0.7128712871287128,0.0,0.5871559633027523,0.0,0.0
14209,,0.0,0.5779816513761468,0.09022556390977443,0.0
14210,0.5247524752475248,0.0,0.42201834862385323,0.0,0.0
14211,0.49504950495049505,0.0,0.43119266055045874,0.020050125313283207,0.0
14212,0.5643564356435644,0.0,0.44036697247706424,0.0,0.0
14213,0.5247524752475248,0.0,0.3853211009174312,0.0,0.0
14214,0.4554455445544554,0.0,0.4036697247706422,0.0,0.0
14215,0.5643564356435644,0.0,0.5321100917431193,0.0,0.0
14216,0.4455445544554455,0.0,0.48623853211009177,0.0,0.0
14217,0.5445544554455446,0.0,0.44036697247706424,0.0,0.0
14218,0.5544554455445545,0.0,0.5229357798165137,0.0,0.0
14219,0.5643564356435644,0.0,0.5045871559633028,0.0,0.0
14220,0.48514851485148514,0.0,0.43119266055045874,0.0,0.0
14221,0.4455445544554455,0.0,0.3577981651376147,0.0,0.0
14222,0.38613861386138615,0.0,0.30275229357798167,0.0,0.0
14223,0.24752475247524752,0.0,0.26605504587155965,0.0,0.0
14224,0.2079207920792079,0.0,0.24770642201834864,0.0,0.0
14225,0.43564356435643564,0.0,0.3944954128440367,0.0,0.0
14226,0.5148514851485149,0.0,0.47706422018348627,0.0,0.0
14227,0.4752475247524752,0.0,0.46788990825688076,0.0,0.0
14228,0.3465346534653465,0.0,0.30275229357798167,0.0,0.0
14229,0.3564356435643564,0.0,0.29357798165137616,0.0,0.0
14230,0.3465346534653465,0.11111111111111112,0.26605504587155965,0.002506265664160401,0.03333333333333333
14231,0.4455445544554455,0.0,0.5229357798165137,0.0,0.03333333333333333
14232,0.693069306930693,0.0,0.5688073394495413,0.0,0.0
14233,0.5544554455445545,0.0,0.5688073394495413,0.0,0.0
14234,0.4653465346534653,0.0,0.5137614678899083,0.0,0.0
14235,0.5841584158415842,0.0,0.4954128440366973,0.13032581453634084,0.0
14236,0.5148514851485149,0.0,0.44954128440366975,0.0,0.0
14237,0.49504950495049505,0.0,0.3944954128440367,0.03007518796992481,0.0
14238,0.42574257425742573,0.0,0.29357798165137616,0.0,0.0
14239,0.48514851485148514,0.2777777777777778,0.42201834862385323,0.05764411027568922,0.1
14240,0.4554455445544554,0.0,0.41284403669724773,0.20551378446115287,0.1
14241,0.3465346534653465,0.0,0.25688073394495414,0.0,0.1
14242,0.31683168316831684,0.0,0.3302752293577982,0.0,0.1
14243,0.40594059405940597,0.0,0.3853211009174312,0.0,0.06666666666666667
14244,0.4653465346534653,0.0,0.44036697247706424,0.0,0.03333333333333333
14245,0.4554455445544554,0.0,0.3669724770642202,0.0,0.03333333333333333
14246,0.3564356435643564,0.0,0.29357798165137616,0.0,0.0
14247,0.31683168316831684,,0.3211009174311927,0.03007518796992481,0.06666666666666667
14248,0.36633663366336633,0.0,0.3761467889908257,0.0,0.03333333333333333
14249,0.5346534653465347,0.0,0.3761467889908257,0.09273182957393483,0.0
14250,0.5346534653465347,0.0,0.48623853211009177,0.0,0.0
14251,0.43564356435643564,0.0,0.5779816513761468,0.0,0.0
14252,0.3564356435643564,0.0,0.25688073394495414,0.0,0.0
14253,0.40594059405940597,0.0,0.3944954128440367,0.0,0.0
14254,0.4455445544554455,0.0,0.3944954128440367,0.0,0.0
14255,0.5445544554455446,0.0,0.44036697247706424,0.03759398496240601,0.0
14256,0.48514851485148514,0.0,0.3853211009174312,0.0,0.0
14257,0.4158415841584158,0.0,0.3486238532110092,0.0,0.0
14258,0.5346534653465347,0.0,0.3486238532110092,0.03258145363408521,0.0
14259,0.48514851485148514,0.0,0.3669724770642202,0.0,0.0
14260,0.5544554455445545,0.0,0.44036697247706424,0.0,0.0
14261,0.5445544554455446,0.0,0.46788990825688076,0.0,0.0
14262,0.5544554455445545,0.0,0.47706422018348627,0.0,0.0
14263,0.504950495049505,0.0,0.47706422018348627,0.0,0.0
14264,0.37623762376237624,0.0,0.3394495412844037,0.0,0.0
14265,0.4752475247524752,0.0,0.45871559633027525,0.0,0.0
14266,0.5148514851485149,0.0,0.5137614678899083,0.0,0.0
14267,0.5643564356435644,0.0,0.5045871559633028,0.0,0.0
14268,0.5643564356435644,0.0,0.48623853211009177,0.0,0.0
14269,0.5643564356435644,0.0,0.5137614678899083,0.17042606516290726,0.0
14270,0.5148514851485149,0.0,0.44954128440366975,0.0,0.0
14271,0.5643564356435644,0.0,0.48623853211009177,0.0,0.0
14272,0.6039603960396039,0.0,0.47706422018348627,0.03508771929824561,0.0
14273,0.594059405940594,0.0,0.44954128440366975,0.007518796992481203,0.0
14274,0.5841584158415842,0.0,0.5871559633027523,0.0,0.0
14275,0.5841584158415842,0.0,0.5871559633027523,0.0,0.0
14276,0.4653465346534653,0.0,0.4036697247706422,0.0,0.0
14277,0.42574257425742573,0.0,0.3211009174311927,0.0,0.0
14278,0.39603960396039606,0.0,0.3119266055045872,0.0,0.0
14279,0.3465346534653465,0.22222222222222224,0.24770642201834864,0.020050125313283207,0.06666666666666667
14280,0.25742574257425743,0.11111111111111112,0.24770642201834864,0.015037593984962405,0.1
14281,0.3069306930693069,0.0,0.21100917431192662,0.0,0.1
14282,0.3564356435643564,0.0,0.24770642201834864,0.0,0.06666666666666667
14283,0.26732673267326734,,0.2018348623853211,0.0,0.06666666666666667
14284,0.3267326732673267,0.0,0.29357798165137616,0.0,0.06666666666666667
14285,0.38613861386138615,0.0,0.3669724770642202,0.0,0.03333333333333333
14286,0.39603960396039606,0.0,0.3761467889908257,0.0,0.0
14287,0.48514851485148514,0.0,0.3944954128440367,0.0,0.0
14288,0.5544554455445545,0.0,0.45871559633027525,0.03759398496240601,0.0
14289,0.5544554455445545,0.0,0.44036697247706424,0.0,0.0
14290,0.48514851485148514,0.0,0.3669724770642202,0.0,0.0
14291,0.40594059405940597,0.0,0.3486238532110092,0.0,0.0
14292,0.4158415841584158,0.0,0.3394495412844037,0.0,0.0
14293,0.4653465346534653,0.0,0.3577981651376147,0.0,0.0
14294,0.43564356435643564,,0.3853211009174312,0.010025062656641603,0.03333333333333333
14295,0.5544554455445545,0.0,0.3944954128440367,0.08771929824561403,0.0
14296,0.4752475247524752,0.0,0.3669724770642202,0.0,0.0
14297,0.2871287128712871,0.0,0.3302752293577982,0.0,0.0
14298,0.297029702970297,0.0,0.30275229357798167,0.0,0.0
14299,0.42574257425742573,0.0,0.44036697247706424,0.0,0.0
14300,0.5247524752475248,0.0,0.3944954128440367,0.0,0.0
14301,0.42574257425742573,0.0,0.3302752293577982,0.0,0.0
14302,0.43564356435643564,0.0,0.3853211009174312,0.0,0.0
14303,0.39603960396039606,0.0,0.3853211009174312,0.0,0.0
14304,0.3564356435643564,0.0,0.3302752293577982,0.0,0.0
14305,0.4653465346534653,0.0,0.3577981651376147,0.005012531328320802,0.0
14306,0.5148514851485149,0.0,0.5137614678899083,0.02756892230576441,0.0
14307,0.4653465346534653,0.0,0.47706422018348627,0.05513784461152882,0.0
14308,0.43564356435643564,0.0,0.30275229357798167,0.0,0.0
14309,0.3465346534653465,0.0,0.28440366972477066,0.0,0.0
14310,0.36633663366336633,0.0,0.3944954128440367,0.0,0.0
14311,0.42574257425742573,0.0,0.45871559633027525,0.0,0.0
14312,0.48514851485148514,0.0,0.4954128440366973,0.0,0.0
14313,0.5148514851485149,0.0,0.6146788990825688,0.0,0.0
14314,0.5445544554455446,0.0,0.6055045871559633,0.0,0.0
14315,0.4752475247524752,0.0,0.5137614678899083,0.0,0.0
14316,0.5445544554455446,0.0,0.6055045871559633,0.0,0.0
14317,0.5643564356435644,0.0,0.6330275229357799,0.0,0.0
14318,0.4752475247524752,0.0,0.5045871559633028,0.0,0.0
14319,0.5445544554455446,0.0,0.5596330275229359,0.0,0.0
14320,0.49504950495049505,0.0,,0.12030075187969924,0.0
14321,0.4158415841584158,0.0,0.3761467889908257,0.007518796992481203,0.0
14322,0.5247524752475248,0.0,0.3577981651376147,0.0,0.0
14323,0.4158415841584158,,0.3577981651376147,0.010025062656641603,0.03333333333333333
14324,0.40594059405940597,0.0,0.3944954128440367,0.0,0.0
14325,0.48514851485148514,0.0,0.5137614678899083,0.0,0.0
14326,0.5346534653465347,0.0,0.5871559633027523,0.0,0.0
14327,0.6039603960396039,0.0,0.6788990825688074,0.0,0.0
14328,0.6039603960396039,0.0,0.6788990825688074,0.0,0.0
14329,0.7128712871287128,0.0,0.7339449541284404,0.0,0.0
14330,0.801980198019802,0.0,0.7247706422018348,0.06265664160401002,0.0
14331,0.6633663366336633,0.0,0.6697247706422019,0.012531328320802004,0.0
14332,0.5841584158415842,0.0,0.47706422018348627,0.020050125313283207,0.0
14333,0.5742574257425743,0.0,0.5137614678899083,0.0,0.0
14334,0.5148514851485149,0.0,0.48623853211009177,0.0,0.0
14335,0.6336633663366337,0.0,0.5045871559633028,0.0,0.0
14336,0.6831683168316831,0.0,0.5229357798165137,0.2656641604010025,0.0
14337,0.6831683168316831,0.0,0.5871559633027523,0.06015037593984962,0.0
14338,0.6336633663366337,0.0,0.5871559633027523,0.042606516290726815,0.0
14339,0.5445544554455446,0.0,0.5137614678899083,0.0,0.0
14340,0.5445544554455446,0.0,0.5045871559633028,0.0,0.0
14341,0.5742574257425743,0.0,0.4954128440366973,0.0,0.0
14342,0.5148514851485149,0.0,0.43119266055045874,0.05513784461152882,0.0
14343,0.42574257425742573,0.0,0.3944954128440367,0.0,0.0
14344,0.504950495049505,0.0,0.45871559633027525,0.0,0.0
14345,0.5841584158415842,0.0,0.48623853211009177,0.0,0.0
14346,0.5247524752475248,0.0,0.4954128440366973,0.045112781954887216,0.0
14347,0.5742574257425743,0.0,0.6238532110091743,0.0,0.0
14348,0.6732673267326732,0.0,0.6146788990825688,0.05263157894736842,0.0
14349,0.5841584158415842,0.0,0.6513761467889908,0.002506265664160401,0.0
14350,0.7524752475247525,0.0,0.6605504587155964,0.0,0.0
14351,0.6039603960396039,0.0,,0.09273182957393483,0.0
14352,0.5346534653465347,0.0,0.5871559633027523,0.03007518796992481,0.0
14353,0.5544554455445545,0.0,0.6146788990825688,0.0,0.0
14354,0.6831683168316831,0.0,0.6605504587155964,0.0,0.0
14355,0.6435643564356436,0.0,0.6055045871559633,0.0,0.0
14356,0.5346534653465347,0.0,0.5779816513761468,0.0,0.0
14357,0.5544554455445545,0.0,0.6422018348623854,0.0,0.0
14358,0.6732673267326732,0.0,0.6605504587155964,0.0,0.0
14359,0.7128712871287128,0.0,0.6880733944954128,0.10025062656641603,0.0
14360,0.7029702970297029,0.0,0.743119266055046,0.0,0.0
14361,0.6732673267326732,0.0,0.7247706422018348,0.040100250626566414,0.0
14362,0.6831683168316831,0.0,0.6055045871559633,0.08020050125313283,0.0
14363,0.6732673267326732,0.0,0.6330275229357799,0.0,0.0
14364,0.6633663366336633,0.0,0.6238532110091743,0.0,0.0
14365,0.6534653465346534,0.0,0.5688073394495413,0.010025062656641603,0.0
14366,0.5742574257425743,0.0,,0.015037593984962405,0.0
14367,0.6039603960396039,0.0,0.6605504587155964,0.0,0.0
14368,0.7326732673267327,0.0,0.6605504587155964,0.040100250626566414,0.0
14369,0.6138613861386139,0.0,0.6697247706422019,0.0,0.0
14370,0.49504950495049505,0.11111111111111112,0.5412844036697249,0.022556390977443608,0.03333333333333333
14371,0.5841584158415842,0.0,0.5963302752293579,0.0,0.0
14372,0.7029702970297029,0.0,0.6055045871559633,0.017543859649122806,0.0
14373,0.6336633663366337,0.0,0.6513761467889908,0.020050125313283207,0.0
14374,0.6534653465346534,0.0,0.6422018348623854,0.0,0.0
14375,0.6732673267326732,0.0,0.5963302752293579,0.0,0.0
14376,0.693069306930693,0.0,0.5596330275229359,0.10776942355889724,0.0
14377,0.6732673267326732,0.0,0.6055045871559633,0.012531328320802004,0.0
14378,0.6534653465346534,0.0,0.6422018348623854,0.0,0.0
14379,0.693069306930693,0.0,0.7247706422018348,0.022556390977443608,0.0
14380,0.7128712871287128,0.0,0.7614678899082569,0.0,0.0
14381,0.7425742574257426,0.0,0.7706422018348624,0.0,0.0
14382,0.8316831683168316,0.0,0.7889908256880734,0.0,0.0
14383,0.8316831683168316,0.0,0.7522935779816514,0.13283208020050125,0.0
14384,0.7128712871287128,0.0,0.779816513761468,0.0,0.0
14385,0.7524752475247525,0.0,0.7706422018348624,0.0,0.0
14386,0.801980198019802,0.0,0.7614678899082569,0.0,0.0
14387,0.7425742574257426,0.0,0.7614678899082569,0.0,0.0
14388,0.8118811881188118,0.0,0.7981651376146789,0.07769423558897243,0.0
14389,0.8514851485148515,0.0,0.7889908256880734,0.16290726817042606,0.0
14390,0.7128712871287128,0.0,0.7706422018348624,0.0,0.0
14391,0.6633663366336633,0.0,0.6880733944954128,0.0,0.0
14392,0.7128712871287128,0.0,0.6880733944954128,0.0,0.0
14393,0.8712871287128713,0.0,0.7981651376146789,0.0,0.0
14394,0.8712871287128713,0.0,0.8073394495412844,0.5513784461152882,0.0
14395,0.8811881188118812,0.0,0.8073394495412844,0.20300751879699247,0.0
14396,0.8712871287128713,0.0,0.7706422018348624,0.15538847117794485,0.0
14397,0.7920792079207921,0.0,0.7522935779816514,0.0,0.0
14398,0.7920792079207921,0.0,0.7155963302752294,0.45112781954887216,0.0
14399,0.8217821782178217,0.0,0.7155963302752294,0.0,0.0
14400,0.7821782178217822,0.0,0.7706422018348624,0.0,0.0
14401,0.8316831683168316,0.0,0.8256880733944955,0.0,0.0
14402,0.8514851485148515,0.0,0.8256880733944955,0.0,0.0
14403,0.8910891089108911,0.0,0.8073394495412844,0.0,0.0
14404,0.7821782178217822,0.0,0.779816513761468,0.0,0.0
14405,0.7326732673267327,0.0,0.7339449541284404,0.0,0.0
14406,0.8217821782178217,0.0,0.7339449541284404,0.0,0.0
14407,0.8316831683168316,0.0,0.7522935779816514,0.12280701754385964,0.0
14408,0.8514851485148515,0.0,0.7614678899082569,0.22807017543859648,0.0
14409,0.8613861386138614,0.0,0.743119266055046,0.02756892230576441,0.0
14410,0.7623762376237624,0.0,0.7155963302752294,0.012531328320802004,0.0
14411,0.7623762376237624,0.0,0.7155963302752294,0.0,0.0
14412,0.7920792079207921,0.0,0.7339449541284404,0.005012531328320802,0.0
14413,0.8514851485148515,0.0,0.7981651376146789,0.0,0.0
14414,0.8415841584158416,0.0,0.7614678899082569,0.03508771929824561,0.0
14415,0.8415841584158416,0.0,0.7981651376146789,0.0,0.0
14416,0.8613861386138614,0.0,0.81651376146789,0.0,0.0
14417,0.8811881188118812,0.0,0.8623853211009175,0.03508771929824561,0.0
14418,0.9108910891089109,0.0,0.889908256880734,0.0,0.0
14419,0.900990099009901,0.0,0.8623853211009175,0.05513784461152882,0.0
14420,0.9306930693069307,0.0,0.8715596330275229,0.0,0.0
14421,0.9306930693069307,0.0,0.8715596330275229,0.0,0.0
14422,0.8316831683168316,0.0,0.81651376146789,0.020050125313283207,0.0
14423,0.7128712871287128,0.0,0.7981651376146789,0.0,0.0
14424,0.7425742574257426,0.0,0.779816513761468,0.0,0.0
14425,0.7821782178217822,0.0,0.8440366972477065,0.0,0.0
14426,0.8712871287128713,0.0,0.8440366972477065,0.0,0.0
14427,0.8910891089108911,0.0,0.7889908256880734,0.17543859649122806,0.0
14428,0.900990099009901,0.0,0.8348623853211009,0.017543859649122806,0.0
14429,0.900990099009901,0.0,0.8256880733944955,0.0,0.0
14430,0.8910891089108911,0.0,0.8623853211009175,0.0,0.0
14431,0.900990099009901,0.0,0.889908256880734,0.0,0.0
14432,0.8514851485148515,0.0,0.8807339449541285,0.0,0.0
14433,0.9108910891089109,0.0,0.8623853211009175,0.0,0.0
14434,0.9108910891089109,0.0,0.8990825688073395,0.08270676691729323,0.0
14435,0.9405940594059405,0.0,0.908256880733945,0.0,0.0
14436,0.8712871287128713,0.0,0.8440366972477065,0.042606516290726815,0.0
14437,0.7722772277227723,0.0,0.7889908256880734,0.0,0.0
14438,0.7722772277227723,0.0,0.779816513761468,0.03258145363408521,0.0
14439,0.8118811881188118,0.0,0.7889908256880734,0.0,0.0
14440,0.801980198019802,0.0,0.8073394495412844,0.0,0.0
14441,0.801980198019802,0.0,0.8256880733944955,0.0,0.0
14442,0.8316831683168316,0.0,0.8348623853211009,0.0,0.0
14443,0.8811881188118812,0.0,0.8348623853211009,0.005012531328320802,0.0
14444,0.8811881188118812,0.0,0.7247706422018348,0.22807017543859648,0.0
14445,0.8613861386138614,0.0,0.8073394495412844,0.07268170426065163,0.0
14446,0.8811881188118812,0.0,0.8348623853211009,0.24812030075187969,0.0
14447,0.8910891089108911,0.0,0.8623853211009175,0.0,0.0
14448,0.9405940594059405,0.0,0.8623853211009175,0.0,0.0
14449,0.9306930693069307,0.0,0.8715596330275229,0.0,0.0
14450,0.9207920792079208,0.0,0.8715596330275229,0.005012531328320802,0.0
14451,0.9405940594059405,0.0,0.8256880733944955,0.045112781954887216,0.0
14452,0.8811881188118812,0.0,0.81651376146789,0.022556390977443608,0.0
14453,0.7821782178217822,0.0,0.7614678899082569,0.0,0.0
14454,0.8316831683168316,0.0,,0.0,0.0
14455,0.8316831683168316,0.0,0.779816513761468,0.18295739348370926,0.0
14456,0.8118811881188118,0.0,0.81651376146789,0.0,0.0
14457,0.8415841584158416,0.0,0.81651376146789,0.0,0.0
14458,0.8910891089108911,0.0,0.853211009174312,0.0,0.0
14459,0.9702970297029703,0.0,0.8623853211009175,0.0,0.0
14460,0.900990099009901,0.0,0.8440366972477065,0.11278195488721804,0.0
14461,0.9207920792079208,0.0,,0.0,0.0
14462,0.7029702970297029,0.0,0.7247706422018348,0.0,0.0
14463,0.6732673267326732,0.0,0.7247706422018348,0.0,0.0
14464,0.801980198019802,0.0,0.7522935779816514,0.0,0.0
14465,0.7920792079207921,0.0,0.7981651376146789,0.0,0.0
14466,0.801980198019802,0.0,0.8073394495412844,0.0,0.0
14467,0.7920792079207921,0.0,0.81651376146789,0.0,0.0
14468,0.7920792079207921,0.0,0.7981651376146789,0.0,0.0
14469,0.8118811881188118,0.0,0.81651376146789,0.0,0.0
14470,0.8910891089108911,0.0,0.8073394495412844,0.0,0.0
14471,0.8118811881188118,0.0,0.779816513761468,0.0,0.0
14472,0.7821782178217822,0.0,0.779816513761468,0.0,0.0
14473,0.7722772277227723,0.0,0.7706422018348624,0.0,0.0
14474,0.7920792079207921,0.0,0.7522935779816514,0.0,0.0
14475,0.8415841584158416,0.0,0.7522935779816514,0.10275689223057644,0.0
14476,0.8712871287128713,0.0,0.7981651376146789,0.14035087719298245,0.0
14477,0.8811881188118812,0.0,0.8073394495412844,0.0,0.0
14478,0.9108910891089109,0.0,0.7889908256880734,0.02756892230576441,0.0
14479,0.8217821782178217,0.0,0.7614678899082569,0.0,0.0
14480,0.7524752475247525,0.0,0.743119266055046,0.0,0.0
14481,0.7920792079207921,0.0,0.7889908256880734,0.0,0.0
14482,0.8613861386138614,0.0,0.8256880733944955,0.0,0.0
14483,0.8811881188118812,0.0,0.8256880733944955,0.0,0.0
14484,0.9108910891089109,0.0,0.7706422018348624,0.15789473684210525,0.0
14485,0.8217821782178217,0.0,0.779816513761468,0.0,0.0
14486,0.8514851485148515,0.0,0.81651376146789,0.0,0.0
14487,0.900990099009901,0.0,0.81651376146789,0.18295739348370926,0.0
14488,0.8118811881188118,0.0,0.7706422018348624,0.05764411027568922,0.0
14489,0.7425742574257426,0.0,0.743119266055046,0.0,0.0
14490,0.7425742574257426,0.0,0.7614678899082569,0.0,0.0
14491,0.8514851485148515,0.0,0.779816513761468,0.0,0.0
14492,0.8910891089108911,0.0,0.7981651376146789,0.0,0.0
14493,0.900990099009901,0.0,0.8073394495412844,0.3182957393483709,0.0
14494,0.9207920792079208,0.0,0.8256880733944955,0.017543859649122806,0.0
14495,0.9306930693069307,0.0,0.8256880733944955,0.010025062656641603,0.0
14496,0.8514851485148515,0.0,0.8073394495412844,0.21804511278195488,0.0
14497,0.801980198019802,0.0,0.7522935779816514,0.0,0.0
14498,0.7920792079207921,0.0,0.7614678899082569,0.0,0.0
14499,0.7623762376237624,0.0,0.7522935779816514,0.0,0.0
14500,0.7524752475247525,0.0,0.5871559633027523,0.0,0.0
14501,0.7029702970297029,0.0,0.6513761467889908,0.19298245614035087,0.0
14502,0.7722772277227723,0.0,0.6422018348623854,0.10526315789473684,0.0
14503,0.7128712871287128,0.0,0.706422018348624,0.022556390977443608,0.0
14504,0.7128712871287128,0.0,0.7339449541284404,0.0,0.0
14505,0.7326732673267327,0.0,0.7339449541284404,0.0,0.0
14506,0.7623762376237624,0.0,0.7522935779816514,0.0,0.0
14507,0.7524752475247525,0.0,0.7706422018348624,0.0,0.0
14508,0.8613861386138614,0.0,0.7522935779816514,0.0,0.0
14509,0.6138613861386139,0.0,0.6972477064220184,0.0,0.0
14510,0.5544554455445545,0.0,0.5963302752293579,0.0,0.0
14511,0.5742574257425743,0.0,0.6330275229357799,0.0,0.0
14512,0.6633663366336633,0.0,0.6238532110091743,0.0,0.0
14513,0.594059405940594,0.0,0.6055045871559633,0.0,0.0
14514,0.5742574257425743,0.0,0.6788990825688074,0.0,0.0
14515,0.7029702970297029,0.0,0.7614678899082569,0.0,0.0
14516,0.693069306930693,0.0,0.7706422018348624,0.0,0.0
14517,0.693069306930693,0.0,0.706422018348624,0.0,0.0
14518,0.8514851485148515,0.0,0.706422018348624,0.0,0.0
14519,0.6138613861386139,0.0,0.6880733944954128,0.0,0.0
14520,0.5148514851485149,0.0,0.5871559633027523,0.0,0.0
14521,0.5742574257425743,0.0,0.6697247706422019,0.0,0.0
14522,0.7524752475247525,0.0,0.6788990825688074,0.007518796992481203,0.0
14523,0.6237623762376238,0.0,0.5871559633027523,0.0,0.0
14524,0.5841584158415842,0.0,0.5596330275229359,0.0,0.0
14525,0.504950495049505,0.0,0.5321100917431193,0.0,0.0
14526,0.6435643564356436,0.0,0.5871559633027523,0.08020050125313283,0.0
14527,0.594059405940594,0.0,0.6788990825688074,0.007518796992481203,0.0
14528,0.7524752475247525,0.0,0.7522935779816514,0.0,0.0
14529,0.6237623762376238,0.0,0.7614678899082569,0.0,0.0
14530,0.7128712871287128,0.0,0.81651376146789,0.0,0.0
14531,0.7821782178217822,0.0,,0.0,0.0
14532,0.801980198019802,0.0,,0.0,0.0
14533,0.6633663366336633,0.0,0.7614678899082569,0.02756892230576441,0.0
14534,0.5841584158415842,0.0,0.46788990825688076,0.03759398496240601,0.0
14535,0.5544554455445545,0.22222222222222224,0.44954128440366975,0.02756892230576441,0.0
14536,0.5643564356435644,0.0,0.3944954128440367,0.05513784461152882,0.0
14537,0.5742574257425743,0.0,0.47706422018348627,0.06015037593984962,0.0
14538,0.5445544554455446,0.0,0.5779816513761468,0.0,0.0
14539,0.5841584158415842,0.0,0.6697247706422019,0.0,0.0
14540,0.7029702970297029,0.0,0.7247706422018348,0.0,0.0
14541,0.7128712871287128,0.0,0.7247706422018348,0.0,0.0
14542,0.6732673267326732,0.0,0.7339449541284404,0.0,0.0
14543,0.6534653465346534,0.0,0.7155963302752294,0.0,0.0
14544,0.6435643564356436,0.0,0.7247706422018348,0.0,0.0
14545,0.6435643564356436,0.0,0.6972477064220184,0.0,0.0
14546,0.6435643564356436,0.0,0.7155963302752294,0.0,0.0
14547,0.6534653465346534,0.0,0.706422018348624,0.0,0.0
14548,0.5643564356435644,0.0,0.5504587155963303,0.02506265664160401,0.0
14549,0.6138613861386139,0.0,0.5321100917431193,0.0,0.0
14550,0.4752475247524752,0.0,0.44036697247706424,0.0,0.0
14551,0.504950495049505,0.0,0.45871559633027525,0.0,0.0
14552,0.6138613861386139,0.0,0.6055045871559633,0.0,0.0
14553,0.6831683168316831,0.0,0.5963302752293579,0.017543859649122806,0.0
14554,0.5643564356435644,0.0,0.5137614678899083,0.010025062656641603,0.0
14555,0.6138613861386139,0.0,0.47706422018348627,0.0,0.0
14556,0.594059405940594,0.0,0.47706422018348627,0.0,0.0
14557,0.594059405940594,0.0,0.47706422018348627,0.03007518796992481,0.0
14558,0.5544554455445545,0.0,0.5412844036697249,0.0,0.0
14559,0.49504950495049505,0.0,0.5321100917431193,0.0,0.0
14560,0.5544554455445545,0.0,0.6880733944954128,0.0,0.0
14561,0.7326732673267327,0.0,0.6697247706422019,0.0,0.0
14562,0.5544554455445545,0.0,0.6146788990825688,0.10526315789473684,0.0
14563,0.5346534653465347,0.0,,0.24561403508771928,0.0
14564,0.42574257425742573,0.0,0.3302752293577982,0.0,0.0
14565,0.4653465346534653,0.0,0.3486238532110092,0.0,0.0
14566,0.43564356435643564,0.0,0.43119266055045874,0.0,0.0
14567,0.6336633663366337,0.0,0.5596330275229359,0.0,0.0
14568,0.4653465346534653,0.0,0.5412844036697249,0.0,0.0
14569,0.4752475247524752,0.0,0.3302752293577982,0.0,0.0
14570,0.36633663366336633,0.0,0.3302752293577982,0.0,0.0
14571,0.43564356435643564,0.0,0.41284403669724773,0.0,0.0
14572,0.5544554455445545,0.0,0.45871559633027525,0.0,0.0
14573,0.5544554455445545,0.0,0.5137614678899083,0.015037593984962405,0.0
14574,0.5742574257425743,0.0,0.5504587155963303,0.0,0.0
14575,0.5346534653465347,0.0,0.6146788990825688,0.05513784461152882,0.0
14576,0.43564356435643564,0.0,0.3394495412844037,0.0,0.0
14577,0.4752475247524752,0.0,0.44036697247706424,0.0,0.0
14578,0.48514851485148514,0.0,0.45871559633027525,0.0,0.0
14579,0.504950495049505,0.0,0.44036697247706424,0.0,0.0
14580,0.39603960396039606,0.0,0.3302752293577982,0.0,0.0
14581,0.42574257425742573,0.0,0.3577981651376147,0.0,0.0
14582,0.42574257425742573,0.0,0.3577981651376147,0.0,0.0
14583,0.49504950495049505,0.0,0.41284403669724773,0.0,0.0
14584,0.3564356435643564,0.0,0.3853211009174312,0.0,0.0
14585,0.4158415841584158,0.0,0.3302752293577982,0.0,0.0
14586,0.3465346534653465,0.0,0.3394495412844037,0.0,0.0
14587,0.4455445544554455,0.0,0.3577981651376147,0.0,0.0
14588,0.4455445544554455,0.16666666666666669,0.3486238532110092,0.015037593984962405,0.06666666666666667
14589,0.31683168316831684,0.0,0.29357798165137616,0.0,0.03333333333333333
14590,0.2376237623762376,0.0,0.23853211009174313,0.0,0.03333333333333333
14591,0.3366336633663366,0.0,0.23853211009174313,0.0,
14592,,0.0,0.1651376146788991,0.0,0.03333333333333333
14593,0.1782178217821782,0.0,0.1651376146788991,0.0,0.03333333333333333
14594,0.1485148514851485,0.0,0.14678899082568808,0.0,0.03333333333333333
14595,0.2079207920792079,0.0,0.1926605504587156,0.0,0.03333333333333333
14596,0.26732673267326734,0.11111111111111112,0.22935779816513763,0.005012531328320802,0.06666666666666667
14597,0.18811881188118812,0.33333333333333337,0.2018348623853211,0.03759398496240601,0.13333333333333333
14598,0.1782178217821782,0.05555555555555556,0.10091743119266056,0.002506265664160401,0.16666666666666666
14599,0.0297029702970297,0.0,0.10091743119266056,0.0,
14600,0.06930693069306929,0.0,0.11926605504587157,0.0,
14601,0.1089108910891089,0.0,0.1559633027522936,0.0,
14602,0.3465346534653465,0.0,0.23853211009174313,0.0,
14603,0.3069306930693069,0.16666666666666669,0.3119266055045872,0.015037593984962405,0.16666666666666666
14604,0.26732673267326734,0.11111111111111112,0.25688073394495414,0.005012531328320802,0.2
14605,0.43564356435643564,0.0,0.3211009174311927,0.0,0.2
14606,0.4752475247524752,0.0,0.3577981651376147,0.0,0.2
14607,0.4752475247524752,0.0,0.3669724770642202,0.0,0.13333333333333333
14608,0.5346534653465347,0.0,0.41284403669724773,0.03007518796992481,0.06666666666666667
14609,0.5148514851485149,0.0,0.3486238532110092,0.0,0.06666666666666667
14610,0.4554455445544554,0.0,0.3761467889908257,0.0,0.06666666666666667
14611,0.5346534653465347,0.0,0.43119266055045874,0.0,0.06666666666666667
14612,0.5841584158415842,0.0,0.47706422018348627,0.08020050125313283,0.0
14613,0.4752475247524752,0.0,0.4036697247706422,0.005012531328320802,0.0
14614,0.4752475247524752,0.0,0.3486238532110092,0.0,0.0
14615,0.49504950495049505,0.0,0.44036697247706424,0.0,0.0
14616,0.49504950495049505,0.0,0.44954128440366975,0.0,0.0
14617,0.5841584158415842,0.0,0.44036697247706424,0.0,0.0
14618,0.5544554455445545,0.0,0.4036697247706422,0.022556390977443608,0.0
14619,0.5346534653465347,0.0,0.43119266055045874,0.0,0.0
14620,0.4752475247524752,0.0,0.3853211009174312,0.0,0.0
14621,0.42574257425742573,0.0,0.3302752293577982,0.0,0.0
14622,0.4554455445544554,0.0,0.4036697247706422,0.0,0.0
14623,0.5247524752475248,0.0,0.44954128440366975,0.0,0.0
14624,0.5247524752475248,0.0,0.5045871559633028,0.0,0.0
14625,0.6831683168316831,0.0,0.5412844036697249,0.047619047619047616,0.0
14626,0.5643564356435644,0.0,0.5412844036697249,0.13032581453634084,0.0
14627,0.4653465346534653,0.0,0.3577981651376147,0.0,0.0
14628,0.5247524752475248,0.0,0.3577981651376147,0.005012531328320802,0.0
14629,0.5445544554455446,0.0,0.3669724770642202,0.05513784461152882,0.0
14630,0.5544554455445545,0.0,0.42201834862385323,0.0,0.0
14631,0.49504950495049505,0.0,0.4036697247706422,0.0,0.0
14632,0.6039603960396039,0.0,0.4954128440366973,0.005012531328320802,0.0
14633,0.5643564356435644,0.0,0.5412844036697249,0.0,0.0
14634,0.4752475247524752,0.0,0.3669724770642202,0.015037593984962405,0.0
14635,0.49504950495049505,0.0,0.5045871559633028,0.0,0.0
14636,0.4752475247524752,0.0,0.5045871559633028,0.0,0.0
14637,0.5148514851485149,0.0,0.4036697247706422,0.0,0.0
14638,0.4554455445544554,0.0,0.3853211009174312,0.0,0.0
14639,0.4653465346534653,0.0,0.4036697247706422,0.0,0.0
14640,0.5148514851485149,0.0,0.44954128440366975,0.0,0.0
14641,0.504950495049505,0.0,0.44954128440366975,0.16290726817042606,0.0
14642,0.504950495049505,0.0,0.3486238532110092,0.015037593984962405,0.0
14643,0.49504950495049505,0.0,0.3486238532110092,0.047619047619047616,0.0
14644,0.49504950495049505,0.0,0.3761467889908257,0.0,0.0
14645,0.5346534653465347,0.0,0.45871559633027525,0.0,0.0
14646,0.594059405940594,0.0,0.46788990825688076,0.0,0.0
14647,0.5544554455445545,0.0,0.5504587155963303,0.0,0.0
14648,0.594059405940594,0.0,0.5596330275229359,0.0,0.0
14649,0.5841584158415842,0.0,,0.0,0.0
14650,0.5247524752475248,0.0,0.43119266055045874,0.0,0.0
14651,0.4554455445544554,0.0,0.44036697247706424,0.0,0.0
14652,0.6138613861386139,0.0,0.6238532110091743,0.0,0.0
14653,0.4752475247524752,0.0,0.6055045871559633,0.012531328320802004,0.0
14654,0.4653465346534653,0.22222222222222224,0.3394495412844037,0.18546365914786966,0.06666666666666667
14655,0.5247524752475248,0.0,0.3761467889908257,0.05513784461152882,0.06666666666666667
14656,0.4455445544554455,0.0,0.3669724770642202,0.0,0.03333333333333333
14657,0.39603960396039606,0.0,0.41284403669724773,0.0,0.0
14658,0.504950495049505,0.0,0.41284403669724773,0.0,0.0
14659,0.38613861386138615,0.0,0.3577981651376147,0.0,0.0
14660,0.4455445544554455,0.0,0.4954128440366973,0.0,0.0
14661,0.5841584158415842,0.0,0.4954128440366973,0.2882205513784461,0.0
14662,0.5148514851485149,0.11111111111111112,0.46788990825688076,0.37593984962406013,0.03333333333333333
14663,,,0.3853211009174312,0.02756892230576441,0.06666666666666667
14664,0.1782178217821782,0.0,0.22935779816513763,0.0,
14665,0.2871287128712871,0.0,0.25688073394495414,0.0,
14666,0.4455445544554455,0.0,0.41284403669724773,0.0,
14667,0.4455445544554455,0.0,0.42201834862385323,0.0,0.0
14668,0.43564356435643564,0.0,0.4036697247706422,0.0,0.0
14669,,0.0,0.4954128440366973,0.0,0.0
14670,0.49504950495049505,0.0,0.5045871559633028,0.0,0.0
14671,0.40594059405940597,0.0,0.3577981651376147,0.0,0.0
14672,0.49504950495049505,0.0,0.3486238532110092,0.0,0.0
14673,0.40594059405940597,0.22222222222222224,0.3211009174311927,0.005012531328320802,0.06666666666666667
14674,0.36633663366336633,0.11111111111111112,0.3761467889908257,0.0,
14675,0.4554455445544554,0.0,0.44036697247706424,0.0,0.0
14676,0.5841584158415842,0.0,0.5412844036697249,0.11027568922305764,0.0
14677,0.5643564356435644,0.0,0.5963302752293579,0.18295739348370926,0.0
14678,0.7029702970297029,0.0,0.706422018348624,0.03759398496240601,0.0
14679,0.7920792079207921,0.0,0.706422018348624,0.0,0.0
14680,0.7920792079207921,0.0,0.706422018348624,0.0,0.0
14681,0.801980198019802,0.0,0.7339449541284404,0.0,0.0
14682,0.8217821782178217,0.0,0.7339449541284404,0.0,0.0
14683,0.6633663366336633,0.0,0.6697247706422019,0.08020050125313283,0.0
14684,0.6138613861386139,0.0,0.4954128440366973,0.0,0.0
14685,0.5445544554455446,0.0,0.48623853211009177,0.007518796992481203,0.0
14686,0.504950495049505,0.0,0.44954128440366975,0.040100250626566414,0.0
14687,0.4455445544554455,0.0,0.42201834862385323,0.002506265664160401,0.0
14688,0.5247524752475248,0.0,0.5137614678899083,0.0,0.0
14689,0.6435643564356436,0.0,0.5596330275229359,0.0,0.0
14690,0.5445544554455446,0.0,0.5137614678899083,0.020050125313283207,0.0
14691,0.4554455445544554,0.0,0.4036697247706422,0.0,0.0
14692,0.4653465346534653,0.0,0.45871559633027525,0.0,0.0
14693,0.5148514851485149,0.0,0.45871559633027525,0.0,0.0
14694,0.43564356435643564,0.0,0.45871559633027525,0.0,0.0
14695,0.4752475247524752,0.0,0.4954128440366973,0.0,0.0
14696,0.6039603960396039,0.0,0.4954128440366973,0.0,0.0
14697,0.6138613861386139,0.0,0.48623853211009177,0.2882205513784461,0.0
14698,0.6336633663366337,0.0,0.4954128440366973,0.05263157894736842,0.0
14699,0.6534653465346534,0.0,0.5321100917431193,0.03508771929824561,0.0
14700,0.6138613861386139,0.0,0.5229357798165137,0.02506265664160401,0.0
14701,0.5445544554455446,0.0,0.43119266055045874,0.005012531328320802,0.0
14702,0.5445544554455446,0.0,0.5321100917431193,0.0,0.0
14703,0.5544554455445545,0.0,0.5229357798165137,0.0,0.0
14704,0.49504950495049505,0.0,0.44036697247706424,0.0,0.0
14705,0.4455445544554455,0.0,0.43119266055045874,0.0,0.0
14706,0.49504950495049505,0.0,0.5504587155963303,0.0,0.0
14707,0.6435643564356436,0.0,0.5963302752293579,0.0,0.0
14708,0.6732673267326732,0.0,0.5688073394495413,0.08270676691729323,0.0
14709,0.5544554455445545,0.0,0.4954128440366973,0.22807017543859648,0.0
14710,0.5346534653465347,0.0,0.44036697247706424,0.0,0.0
14711,0.504950495049505,0.0,0.5229357798165137,0.0,0.0
14712,0.6534653465346534,0.0,0.5412844036697249,0.047619047619047616,0.0
14713,0.5643564356435644,0.0,0.5137614678899083,0.0,0.0
14714,0.5544554455445545,0.0,0.6055045871559633,0.0,0.0
14715,0.5643564356435644,0.0,0.6055045871559633,0.0,0.0
14716,0.4653465346534653,0.0,0.5229357798165137,0.0,0.0
14717,0.5445544554455446,0.0,0.6146788990825688,0.0,0.0
14718,0.7425742574257426,0.0,0.6146788990825688,0.0,0.0
14719,0.7524752475247525,0.0,0.6788990825688074,0.16290726817042606,0.0
14720,0.6138613861386139,0.0,0.706422018348624,0.0,0.0
14721,0.693069306930693,0.0,0.7339449541284404,0.0,0.0
14722,0.7425742574257426,0.0,0.7981651376146789,0.0,0.0
14723,0.8217821782178217,0.0,0.8348623853211009,0.0,0.0
14724,0.8316831683168316,0.0,0.8440366972477065,0.0,0.0
14725,0.7821782178217822,0.0,0.81651376146789,0.0,0.0
14726,0.8217821782178217,0.0,0.8256880733944955,0.0,0.0
14727,0.7425742574257426,0.0,0.7155963302752294,0.0,0.0
14728,0.693069306930693,0.0,0.7614678899082569,0.0,0.0
14729,0.6435643564356436,0.0,0.6513761467889908,0.0,0.0
14730,0.594059405940594,0.0,0.6513761467889908,0.0,0.0
14731,0.6831683168316831,0.0,0.6422018348623854,0.0,0.0
14732,0.7029702970297029,0.0,0.5963302752293579,0.022556390977443608,0.0
14733,0.6633663366336633,0.0,0.6238532110091743,0.3308270676691729,0.0
14734,0.6534653465346534,0.0,0.6330275229357799,0.0,0.0
14735,0.693069306930693,0.0,0.7247706422018348,0.0,0.0
14736,0.7821782178217822,0.0,0.7522935779816514,0.0,0.0
14737,0.801980198019802,0.0,0.743119266055046,0.0,0.0
14738,0.6633663366336633,0.0,0.743119266055046,0.020050125313283207,0.0
14739,0.6138613861386139,0.0,0.5963302752293579,0.005012531328320802,0.0
14740,0.6633663366336633,0.0,0.6055045871559633,0.02506265664160401,0.0
14741,0.7128712871287128,0.0,0.6422018348623854,0.20050125313283207,0.0
14742,0.6435643564356436,0.0,0.6330275229357799,0.03258145363408521,0.0
14743,0.7920792079207921,0.0,0.6880733944954128,0.010025062656641603,0.0
14744,0.8316831683168316,0.0,0.706422018348624,0.5463659147869674,0.0
14745,0.7722772277227723,0.0,0.6422018348623854,0.13032581453634084,0.0
14746,0.7227722772277227,0.0,0.6422018348623854,0.010025062656641603,0.0
14747,0.693069306930693,0.0,0.6513761467889908,0.0,0.0
14748,,0.0,0.7339449541284404,0.0,0.0
14749,0.7227722772277227,0.0,0.706422018348624,0.0,0.0
14750,0.693069306930693,0.0,0.6422018348623854,0.0,0.0
14751,0.6732673267326732,0.0,0.6605504587155964,0.0,0.0
14752,0.7227722772277227,0.0,0.706422018348624,0.0,0.0
14753,0.7524752475247525,0.0,0.6788990825688074,0.0,0.0
14754,0.7920792079207921,0.0,0.6788990825688074,0.16791979949874686,0.0
14755,0.7722772277227723,0.0,0.7522935779816514,0.0,0.0
14756,0.7722772277227723,0.0,0.7155963302752294,0.0,0.0
14757,0.7920792079207921,0.0,0.6972477064220184,0.0,0.0
14758,0.6138613861386139,0.0,0.6788990825688074,0.0,0.0
14759,0.6831683168316831,0.0,0.7247706422018348,0.0,0.0
14760,0.7227722772277227,0.0,0.7889908256880734,0.0,0.0
14761,0.900990099009901,0.0,0.7981651376146789,0.0,0.0
14762,0.8316831683168316,0.0,0.7614678899082569,0.24812030075187969,0.0
14763,0.6732673267326732,0.0,0.6422018348623854,0.040100250626566414,0.0
14764,0.6534653465346534,0.0,0.6330275229357799,0.0,0.0
14765,0.7722772277227723,0.0,0.7522935779816514,0.0,0.0
14766,0.7821782178217822,0.0,0.7614678899082569,0.0,0.0
14767,0.8811881188118812,0.0,0.7889908256880734,0.11027568922305764,0.0
14768,0.9108910891089109,0.0,0.7981651376146789,0.10526315789473684,0.0
14769,0.8118811881188118,0.0,0.743119266055046,0.0,0.0
14770,0.7821782178217822,0.0,0.7706422018348624,0.0,0.0
14771,0.8217821782178217,0.0,0.779816513761468,0.0,0.0
14772,0.8514851485148515,0.0,0.8440366972477065,0.0,0.0
14773,0.9306930693069307,0.0,0.853211009174312,0.0,0.0
14774,0.8712871287128713,0.0,0.853211009174312,0.0,0.0
14775,0.8118811881188118,0.0,0.8256880733944955,0.0,0.0
14776,0.9306930693069307,0.0,0.8807339449541285,0.0,0.0
14777,0.7821782178217822,0.0,0.8807339449541285,0.0,0.0
14778,0.7920792079207921,0.0,,0.0,0.0
14779,0.8217821782178217,0.0,0.743119266055046,0.0,0.0
14780,0.8712871287128713,0.0,0.8440366972477065,0.0,0.0
14781,0.8712871287128713,0.0,0.853211009174312,0.0,0.0
14782,0.7920792079207921,0.0,0.6880733944954128,0.2506265664160401,0.0
14783,0.7722772277227723,0.0,0.7339449541284404,0.0,0.0
14784,0.693069306930693,0.0,0.779816513761468,0.0,0.0
14785,0.8316831683168316,0.0,0.8073394495412844,0.0,0.0
14786,0.8514851485148515,0.0,0.81651376146789,0.015037593984962405,0.0
14787,0.8514851485148515,0.0,0.8256880733944955,0.0,0.0
14788,0.9405940594059405,0.0,0.8073394495412844,0.21804511278195488,0.0
14789,0.9108910891089109,0.0,0.853211009174312,0.0,0.0
14790,0.8613861386138614,0.0,0.8073394495412844,0.0,0.0
14791,0.801980198019802,0.0,0.8073394495412844,0.0,0.0
14792,0.8316831683168316,0.0,0.8440366972477065,0.0,0.0
14793,0.9405940594059405,0.0,0.9266055045871561,0.0,0.0
14794,0.9504950495049505,0.0,0.9357798165137615,0.0,0.0
14795,0.7821782178217822,0.0,0.8348623853211009,0.0,0.0
14796,0.7425742574257426,0.0,0.7614678899082569,0.0,0.0
14797,0.8217821782178217,0.0,0.889908256880734,0.0,0.0
14798,0.9603960396039604,0.0,0.8990825688073395,0.0,0.0
14799,0.9207920792079208,0.0,0.8348623853211009,0.03007518796992481,0.0
14800,0.8316831683168316,0.0,0.7614678899082569,0.017543859649122806,0.0
14801,0.8316831683168316,0.0,0.7155963302752294,0.14285714285714285,0.0
14802,0.8316831683168316,0.0,0.7155963302752294,0.0,0.0
14803,0.8316831683168316,0.0,0.706422018348624,0.06516290726817042,0.0
14804,0.8217821782178217,0.0,0.7247706422018348,0.0,0.0
14805,0.8217821782178217,0.0,0.7981651376146789,0.0,0.0
14806,0.8910891089108911,0.0,0.8256880733944955,0.0,0.0
14807,0.8613861386138614,0.0,0.8440366972477065,0.0,0.0
14808,0.900990099009901,0.0,0.8623853211009175,0.0,0.0
14809,0.900990099009901,0.0,0.853211009174312,0.0,0.0
14810,0.900990099009901,0.0,0.7981651376146789,0.13784461152882205,0.0
14811,0.8217821782178217,0.0,0.743119266055046,0.07017543859649122,0.0
14812,0.7722772277227723,0.0,0.743119266055046,0.12030075187969924,0.0
14813,0.7821782178217822,0.0,0.7889908256880734,0.0,0.0
14814,0.8118811881188118,0.0,0.81651376146789,0.0,0.0
14815,0.8316831683168316,0.0,0.8256880733944955,0.0,0.0
14816,0.8415841584158416,0.0,0.81651376146789,0.0,0.0
14817,0.8613861386138614,0.0,0.8440366972477065,0.0,0.0
14818,0.8613861386138614,0.0,0.8440366972477065,0.0,0.0
14819,0.9405940594059405,0.0,0.8256880733944955,0.0,0.0
14820,0.801980198019802,0.0,0.7614678899082569,0.0,0.0
14821,0.7326732673267327,0.0,0.7706422018348624,0.0,0.0
14822,0.8316831683168316,0.0,0.7889908256880734,0.0,0.0
14823,0.7821782178217822,0.0,0.81651376146789,0.0,0.0
14824,0.8613861386138614,0.0,0.7981651376146789,0.0,0.0
14825,0.8811881188118812,0.0,0.7889908256880734,0.11027568922305764,0.0
14826,0.801980198019802,0.0,0.8073394495412844,0.0,0.0
14827,0.7524752475247525,0.0,0.7339449541284404,0.0,0.0
14828,0.7029702970297029,0.0,0.7706422018348624,0.0,0.0
14829,0.7524752475247525,0.0,0.7981651376146789,0.0,0.0
14830,0.7623762376237624,0.0,0.81651376146789,0.0,0.0
14831,0.7524752475247525,0.0,0.8073394495412844,0.0,0.0
14832,0.801980198019802,0.0,0.7981651376146789,0.0,0.0
14833,0.7821782178217822,0.0,0.743119266055046,0.3483709273182957,0.0
14834,0.7920792079207921,0.0,0.7614678899082569,0.0,0.0
14835,0.7722772277227723,0.0,0.7889908256880734,0.0,0.0
14836,0.7821782178217822,0.0,0.8073394495412844,0.0,0.0
14837,0.8118811881188118,0.0,0.8348623853211009,0.0,0.0
14838,0.9108910891089109,0.0,0.7889908256880734,0.0,0.0
14839,0.9207920792079208,0.0,0.8073394495412844,0.005012531328320802,0.0
14840,0.8118811881188118,0.0,0.7889908256880734,0.10025062656641603,0.0
14841,0.8712871287128713,0.0,0.706422018348624,0.07017543859649122,0.0
14842,0.8811881188118812,0.0,0.6788990825688074,0.12030075187969924,0.0
14843,0.8811881188118812,0.0,0.7155963302752294,0.0,0.0
14844,0.8316831683168316,0.0,0.7889908256880734,0.0,0.0
14845,0.8217821782178217,0.0,0.81651376146789,0.0,0.0
14846,0.8712871287128713,0.0,0.8348623853211009,0.0,0.0
14847,0.8910891089108911,0.0,0.8623853211009175,0.0,0.0
14848,0.9207920792079208,0.0,0.8807339449541285,0.0,0.0
14849,0.8811881188118812,0.0,0.8440366972477065,0.18796992481203006,0.0
14850,0.8217821782178217,0.0,0.81651376146789,0.0,0.0
14851,0.8118811881188118,0.0,0.81651376146789,0.0,0.0
14852,0.8118811881188118,0.0,0.8348623853211009,0.0,0.0
14853,0.9108910891089109,0.0,0.8623853211009175,0.0,0.0
14854,0.8217821782178217,0.0,0.7889908256880734,0.0,0.0
14855,0.7920792079207921,0.0,0.81651376146789,0.0,0.0
14856,0.9306930693069307,0.0,0.8623853211009175,0.0,0.0
14857,0.8811881188118812,0.0,0.889908256880734,0.0,0.0
14858,0.9108910891089109,0.0,0.8990825688073395,0.11528822055137844,0.0
14859,0.7623762376237624,0.0,0.7706422018348624,0.02506265664160401,0.0
14860,0.8514851485148515,0.0,0.779816513761468,0.005012531328320802,0.0
14861,0.8514851485148515,0.0,0.7889908256880734,0.0,0.0
14862,0.8712871287128713,0.0,0.779816513761468,0.0,0.0
14863,0.8217821782178217,0.0,0.7889908256880734,0.0,0.0
14864,0.8613861386138614,0.0,0.8073394495412844,0.0,0.0
14865,0.900990099009901,0.0,0.8073394495412844,0.0,0.0
14866,0.7623762376237624,0.0,0.7247706422018348,0.14035087719298245,0.0
14867,0.7524752475247525,0.0,0.6788990825688074,0.06516290726817042,0.0
14868,0.6336633663366337,0.0,0.6513761467889908,0.0,0.0
14869,0.6237623762376238,0.0,0.6513761467889908,0.0,0.0
14870,0.7623762376237624,0.0,0.6330275229357799,0.07769423558897243,0.0
14871,0.693069306930693,0.0,0.6972477064220184,0.10025062656641603,0.0
14872,0.7227722772277227,0.0,0.706422018348624,0.0,0.0
14873,0.7128712871287128,0.0,0.6697247706422019,0.06015037593984962,0.0
14874,0.6435643564356436,0.0,0.6330275229357799,0.03007518796992481,0.0
14875,0.6237623762376238,0.0,0.6146788990825688,0.0,0.0
14876,0.7128712871287128,0.0,0.7155963302752294,0.0,0.0
14877,0.7425742574257426,0.0,0.7706422018348624,0.0,0.0
14878,0.6831683168316831,0.0,0.779816513761468,0.0,0.0
14879,0.7326732673267327,0.0,0.7889908256880734,0.0,0.0
14880,0.7821782178217822,0.0,0.743119266055046,0.005012531328320802,0.0
14881,0.7524752475247525,0.0,0.6697247706422019,0.005012531328320802,0.0
14882,0.6237623762376238,0.0,0.6605504587155964,0.0,0.0
14883,0.6336633663366337,0.0,0.6880733944954128,0.0,0.0
14884,0.7227722772277227,0.0,0.7614678899082569,0.0,0.0
14885,0.7722772277227723,0.0,0.7706422018348624,0.16541353383458646,0.0
14886,0.7425742574257426,0.0,0.779816513761468,0.005012531328320802,0.0
14887,0.8514851485148515,0.0,0.8073394495412844,0.0,0.0
14888,0.8118811881188118,0.0,0.7981651376146789,0.0,0.0
14889,0.7326732673267327,0.0,0.6422018348623854,0.0,0.0
14890,0.7029702970297029,0.0,0.5412844036697249,0.17293233082706766,0.0
14891,0.7128712871287128,0.0,0.5963302752293579,0.2957393483709273,0.0
14892,0.6138613861386139,0.0,0.5963302752293579,0.09523809523809523,0.0
14893,0.6138613861386139,0.0,0.6146788990825688,0.0,0.0
14894,0.5643564356435644,0.0,0.6513761467889908,0.0,0.0
14895,0.6138613861386139,0.0,0.6697247706422019,0.0,0.0
14896,0.693069306930693,0.0,0.6697247706422019,0.012531328320802004,0.0
14897,0.6435643564356436,0.0,0.6605504587155964,0.0,0.0
14898,0.7821782178217822,0.0,0.7522935779816514,0.0,0.0
14899,0.6534653465346534,0.0,0.7522935779816514,0.24561403508771928,0.0
14900,0.5742574257425743,0.0,0.5321100917431193,0.012531328320802004,0.0
14901,0.5643564356435644,0.0,0.6055045871559633,0.0,0.0
14902,0.6336633663366337,0.0,0.6513761467889908,0.0,0.0
14903,0.6831683168316831,0.0,0.6238532110091743,0.012531328320802004,0.0
14904,0.5742574257425743,0.0,0.6055045871559633,0.0,0.0
14905,0.6831683168316831,0.0,0.6238532110091743,0.0,0.0
14906,0.5643564356435644,0.0,0.6146788990825688,0.0,0.0
14907,0.5148514851485149,0.0,0.5229357798165137,0.0,0.0
14908,0.5841584158415842,0.0,0.6055045871559633,0.0,0.0
14909,0.594059405940594,0.0,0.5871559633027523,0.0,0.0
14910,0.48514851485148514,0.0,0.5137614678899083,0.0,0.0
14911,0.6237623762376238,0.0,0.6880733944954128,0.0,0.0
14912,0.7029702970297029,0.0,0.706422018348624,0.0,0.0
14913,0.7227722772277227,0.0,0.706422018348624,0.0,0.0
14914,0.7623762376237624,0.0,0.7155963302752294,0.0,0.0
14915,0.7425742574257426,0.0,0.6972477064220184,0.0,0.0
14916,,0.0,0.6880733944954128,0.0,0.0
14917,0.6435643564356436,0.0,0.5963302752293579,0.12030075187969924,0.0
14918,0.5742574257425743,0.0,0.5229357798165137,0.23057644110275688,0.0
14919,0.6237623762376238,0.0,0.44954128440366975,0.0,0.0
14920,0.4653465346534653,0.0,0.44036697247706424,0.0,0.0
14921,0.5841584158415842,0.0,0.44036697247706424,0.0,0.0
14922,0.5544554455445545,0.0,0.5137614678899083,0.010025062656641603,0.0
14923,0.48514851485148514,0.0,0.5045871559633028,0.0,0.0
14924,0.49504950495049505,0.0,0.47706422018348627,0.0,0.0
14925,0.4653465346534653,0.0,,0.0,0.0
14926,0.49504950495049505,0.0,0.5688073394495413,0.0,0.0
14927,0.6732673267326732,0.0,0.6605504587155964,0.0,0.0
14928,0.7326732673267327,0.0,0.6697247706422019,0.0,0.0
14929,0.5643564356435644,0.0,0.6697247706422019,0.017543859649122806,0.0
14930,0.49504950495049505,0.0,0.45871559633027525,0.0,0.0
14931,0.504950495049505,0.0,0.4954128440366973,0.0,0.0
14932,0.49504950495049505,0.0,0.5596330275229359,0.0,0.0
14933,0.5841584158415842,0.0,0.6238532110091743,0.0,0.0
14934,,0.0,,0.08521303258145363,0.0
14935,0.5841584158415842,0.0,0.5045871559633028,0.0,0.0
14936,0.5445544554455446,0.0,0.4954128440366973,0.02506265664160401,0.0
14937,0.6336633663366337,0.0,0.5321100917431193,0.0,0.0
14938,0.5643564356435644,0.0,0.5596330275229359,0.0,0.0
14939,0.7524752475247525,0.0,0.6605504587155964,0.045112781954887216,0.0
14940,0.5742574257425743,0.0,0.6697247706422019,0.09523809523809523,0.0
14941,0.5346534653465347,0.0,0.41284403669724773,0.0,0.0
14942,0.49504950495049505,0.0,0.44954128440366975,0.0,0.0
14943,0.5841584158415842,0.0,0.44954128440366975,0.0,0.0
14944,0.5445544554455446,0.0,0.44954128440366975,0.0,0.0
14945,0.5643564356435644,0.0,0.5412844036697249,0.23809523809523808,0.0
14946,0.49504950495049505,0.0,0.5412844036697249,0.09022556390977443,0.0
14947,0.4653465346534653,0.22222222222222224,0.3577981651376147,0.015037593984962405,0.06666666666666667
14948,0.5445544554455446,0.0,0.3761467889908257,0.0,0.03333333333333333
14949,0.4653465346534653,0.0,0.3944954128440367,0.0,0.0
14950,0.5148514851485149,0.0,0.44036697247706424,0.0,0.0
14951,0.5247524752475248,0.0,0.5045871559633028,0.0,0.0
14952,0.5544554455445545,0.0,0.5229357798165137,0.0,0.0
14953,0.5148514851485149,0.0,0.5137614678899083,0.0,0.0
14954,0.6039603960396039,0.0,0.5596330275229359,0.0,0.0
14955,0.5841584158415842,0.0,0.5412844036697249,0.0,0.0
14956,0.4158415841584158,0.0,0.3944954128440367,0.0,0.0
14957,0.5247524752475248,0.0,0.5137614678899083,0.012531328320802004,0.0
14958,0.5841584158415842,0.0,0.46788990825688076,0.005012531328320802,0.0
14959,0.5643564356435644,0.0,0.41284403669724773,0.0,0.0
14960,,0.0,0.47706422018348627,0.02756892230576441,0.0
14961,0.5148514851485149,0.0,0.3761467889908257,0.06265664160401002,0.0
14962,0.5247524752475248,0.0,0.44036697247706424,0.0,0.0
14963,0.594059405940594,0.0,0.5321100917431193,0.0,0.0
14964,,0.0,0.5412844036697249,0.07518796992481203,0.0
14965,0.42574257425742573,0.22222222222222224,0.3394495412844037,0.09273182957393483,0.06666666666666667
14966,0.24752475247524752,0.11111111111111112,0.24770642201834864,0.020050125313283207,0.1
14967,0.26732673267326734,0.0,0.27522935779816515,0.0,0.1
14968,0.2376237623762376,0.0,0.27522935779816515,0.0,0.1
14969,0.24752475247524752,0.0,0.24770642201834864,0.0,0.1
14970,0.43564356435643564,0.22222222222222224,0.3577981651376147,0.015037593984962405,0.16666666666666666
14971,0.5643564356435644,0.0,0.5321100917431193,0.03007518796992481,0.0
14972,0.5346534653465347,0.0,0.5412844036697249,0.3609022556390977,0.0
14973,0.40594059405940597,0.0,0.3394495412844037,0.05513784461152882,0.0
14974,0.40594059405940597,0.0,0.3577981651376147,0.0,0.0
14975,0.4653465346534653,0.0,0.3302752293577982,0.0,0.0
14976,0.4158415841584158,0.0,0.3211009174311927,0.0,0.0
14977,0.3465346534653465,0.0,0.3119266055045872,0.0,0.0
14978,0.40594059405940597,0.0,0.3577981651376147,0.0,0.0
14979,0.504950495049505,0.11111111111111112,0.3669724770642202,0.03007518796992481,0.03333333333333333
14980,0.4158415841584158,0.0,0.3394495412844037,0.0,0.0
14981,0.39603960396039606,0.0,0.3486238532110092,0.0,0.0
14982,0.5247524752475248,0.0,0.3669724770642202,0.0,0.0
14983,0.48514851485148514,0.0,0.3577981651376147,0.0,0.0
14984,0.4752475247524752,0.0,0.3669724770642202,0.017543859649122806,0.0
14985,0.49504950495049505,0.0,0.3669724770642202,0.020050125313283207,0.0
14986,0.49504950495049505,0.0,0.3577981651376147,0.0,0.0
14987,,0.0,0.3944954128440367,0.0,0.0
14988,0.5346534653465347,0.0,0.48623853211009177,0.0,0.0
14989,0.5841584158415842,0.0,0.45871559633027525,0.05263157894736842,0.0
14990,0.49504950495049505,0.0,0.3853211009174312,0.03759398496240601,0.0
14991,0.4554455445544554,0.0,0.3761467889908257,0.0,0.0
14992,0.5148514851485149,0.0,0.45871559633027525,0.0,0.0
14993,0.5742574257425743,0.0,0.41284403669724773,0.0,0.0
14994,0.3366336633663366,0.22222222222222224,0.41284403669724773,0.017543859649122806,0.06666666666666667
14995,,0.0,0.23853211009174313,0.0,0.06666666666666667
14996,0.3564356435643564,0.0,0.3669724770642202,0.0,0.06666666666666667
14997,0.3564356435643564,0.0,0.3394495412844037,0.0,0.03333333333333333
14998,0.2871287128712871,0.0,0.23853211009174313,0.0,0.0
14999,0.3267326732673267,0.0,0.25688073394495414,0.0,0.0
15000,0.3366336633663366,0.0,0.3119266055045872,0.0,0.0
15001,0.36633663366336633,0.0,0.3486238532110092,0.007518796992481203,0.0
15002,0.3465346534653465,0.0,0.3486238532110092,0.0,0.0
15003,0.4455445544554455,0.22222222222222224,0.3486238532110092,0.017543859649122806,0.06666666666666667
15004,0.3465346534653465,0.0,0.27522935779816515,0.0,0.06666666666666667
15005,0.3069306930693069,0.0,0.3944954128440367,0.0,0.06666666666666667
15006,0.5148514851485149,0.0,0.44954128440366975,0.0,0.0
15007,0.5544554455445545,0.0,0.4954128440366973,0.0,0.0
15008,0.5742574257425743,0.0,0.5321100917431193,0.0,0.0
15009,0.6039603960396039,0.0,0.5321100917431193,0.0,0.0
15010,0.5544554455445545,0.0,0.45871559633027525,0.0,0.0
15011,0.5643564356435644,0.0,0.3944954128440367,0.005012531328320802,0.0
15012,0.5445544554455446,0.0,0.44036697247706424,0.0,0.0
15013,0.5346534653465347,0.0,0.44036697247706424,0.0,0.0
15014,0.5148514851485149,0.0,0.41284403669724773,0.0,0.0
15015,0.4455445544554455,0.0,0.3853211009174312,0.0,0.0
15016,0.3564356435643564,0.0,0.3486238532110092,0.0,0.0
15017,0.48514851485148514,0.0,0.3761467889908257,0.0,0.0
15018,0.504950495049505,0.22222222222222224,0.3577981651376147,0.14536340852130325,0.06666666666666667
15019,0.3465346534653465,0.11111111111111112,0.3302752293577982,0.005012531328320802,0.1
15020,0.2772277227722772,0.0,0.25688073394495414,0.0,
15021,0.4455445544554455,0.11111111111111112,0.3944954128440367,0.0,0.13333333333333333
15022,0.5346534653465347,0.0,0.3853211009174312,0.0,0.06666666666666667
15023,0.5742574257425743,0.0,0.4954128440366973,0.022556390977443608,0.0
15024,0.5346534653465347,0.0,0.43119266055045874,0.0,0.0
15025,0.5841584158415842,0.0,0.5229357798165137,0.0,0.0
15026,0.6138613861386139,0.0,0.5229357798165137,0.0,0.0
15027,0.40594059405940597,0.0,0.4036697247706422,0.0,0.0
15028,0.48514851485148514,0.0,0.46788990825688076,0.0,0.0
15029,0.4554455445544554,0.0,0.3577981651376147,0.0,0.0
15030,0.40594059405940597,0.0,0.3486238532110092,0.0,0.0
15031,0.42574257425742573,0.0,0.3394495412844037,0.0,0.0
15032,0.4752475247524752,0.11111111111111112,0.48623853211009177,0.02756892230576441,0.03333333333333333
15033,0.594059405940594,0.11111111111111112,0.6055045871559633,0.020050125313283207,0.0
15034,0.6732673267326732,0.0,0.5963302752293579,0.022556390977443608,0.0
15035,0.48514851485148514,0.0,,0.03759398496240601,0.0
15036,0.4455445544554455,0.0,0.44954128440366975,0.0,0.0
15037,0.504950495049505,0.0,0.5229357798165137,0.0,0.0
15038,0.6633663366336633,0.0,0.5412844036697249,0.0,0.0
15039,0.504950495049505,0.0,0.44954128440366975,0.022556390977443608,0.0
15040,0.4158415841584158,0.0,0.42201834862385323,0.0,0.0
15041,0.5544554455445545,0.0,0.47706422018348627,0.0,0.0
15042,0.5247524752475248,0.0,0.43119266055045874,0.0,0.0
15043,0.4554455445544554,0.0,0.3944954128440367,0.0,0.0
15044,0.42574257425742573,0.0,0.4036697247706422,0.0,0.0
15045,0.5148514851485149,0.0,0.3944954128440367,0.0,0.0
15046,0.504950495049505,0.0,0.4954128440366973,0.0,0.0
15047,0.49504950495049505,0.0,0.5229357798165137,0.0,0.0
15048,0.4752475247524752,0.0,0.5412844036697249,0.0,0.0
15049,0.504950495049505,0.0,0.5596330275229359,0.0,0.0
15050,0.6039603960396039,0.0,0.48623853211009177,0.015037593984962405,0.0
15051,0.5742574257425743,0.0,0.5504587155963303,0.0,0.0
15052,0.5346534653465347,0.0,0.6055045871559633,0.0,0.0
15053,0.7029702970297029,0.0,0.706422018348624,0.0,0.0
15054,0.7425742574257426,0.0,0.6972477064220184,0.0,0.0
15055,0.6534653465346534,0.0,0.6146788990825688,0.022556390977443608,0.0
15056,0.6039603960396039,0.0,0.5137614678899083,0.0,0.0
15057,0.5544554455445545,0.0,0.6146788990825688,0.0,0.0
15058,0.5544554455445545,0.0,0.6238532110091743,0.0,0.0
15059,0.5544554455445545,0.0,0.6972477064220184,0.07769423558897243,0.0
15060,0.594059405940594,0.0,0.6788990825688074,0.02756892230576441,0.0
15061,0.5148514851485149,0.0,0.5137614678899083,0.0,0.0
15062,0.4455445544554455,0.0,0.42201834862385323,0.0,0.0
15063,0.4455445544554455,0.0,0.46788990825688076,0.0,0.0
15064,0.5346534653465347,0.0,0.45871559633027525,0.017543859649122806,0.0
15065,0.4554455445544554,0.0,0.5137614678899083,0.0,0.0
15066,0.4752475247524752,0.0,0.6146788990825688,0.0,0.0
15067,0.594059405940594,0.0,0.6513761467889908,0.0,0.0
15068,0.7524752475247525,0.0,0.6697247706422019,0.07017543859649122,0.0
15069,0.7524752475247525,0.0,0.7522935779816514,0.0,0.0
15070,0.7821782178217822,0.0,0.7706422018348624,0.0,0.0
15071,0.8316831683168316,0.0,0.7706422018348624,0.0,0.0
15072,0.801980198019802,0.0,0.7247706422018348,0.13032581453634084,0.0
15073,0.6039603960396039,0.0,0.706422018348624,0.03007518796992481,0.0
15074,0.504950495049505,0.0,0.5321100917431193,0.0,0.0
15075,0.5544554455445545,0.0,0.5321100917431193,0.0,0.0
15076,0.6534653465346534,0.0,0.5229357798165137,0.020050125313283207,0.0
15077,0.6732673267326732,0.0,0.6972477064220184,0.03759398496240601,0.0
15078,0.7128712871287128,0.0,0.6972477064220184,0.09273182957393483,0.0
15079,0.7029702970297029,0.0,0.6513761467889908,0.022556390977443608,0.0
15080,0.7029702970297029,0.0,0.6422018348623854,0.12531328320802004,0.0
15081,0.6039603960396039,0.0,0.6422018348623854,0.0,0.0
15082,0.6633663366336633,0.0,0.5321100917431193,0.0,0.0
15083,0.6138613861386139,0.0,0.48623853211009177,0.37844611528822053,0.0
15084,0.6039603960396039,0.0,0.44036697247706424,0.010025062656641603,0.0
15085,0.6237623762376238,0.0,0.6055045871559633,0.0,0.0
15086,0.6435643564356436,0.0,0.6055045871559633,0.0,0.0
15087,0.6336633663366337,0.0,0.5779816513761468,0.09022556390977443,0.0
15088,0.594059405940594,0.0,0.6238532110091743,0.0,0.0
15089,0.7128712871287128,0.0,0.7155963302752294,0.0,0.0
15090,0.7227722772277227,0.0,0.7339449541284404,0.0,0.0
15091,0.7722772277227723,0.0,0.7247706422018348,0.005012531328320802,0.0
15092,0.7821782178217822,0.0,0.7522935779816514,0.0,0.0
15093,0.7821782178217822,0.0,0.7522935779816514,0.0,0.0
15094,0.7227722772277227,0.0,0.706422018348624,0.020050125313283207,0.0
15095,0.6633663366336633,0.0,0.6330275229357799,0.05263157894736842,0.0
15096,0.6039603960396039,0.0,0.6513761467889908,0.0,0.0
15097,0.6831683168316831,0.0,0.6330275229357799,0.0,0.0
15098,0.7128712871287128,0.0,0.6146788990825688,0.0,0.0
15099,0.6831683168316831,0.0,0.5871559633027523,0.13533834586466165,0.0
15100,0.6534653465346534,0.0,0.6330275229357799,0.0,0.0
15101,0.6732673267326732,0.0,0.6513761467889908,0.0,0.0
15102,0.7029702970297029,0.0,0.7339449541284404,0.03258145363408521,0.0
15103,0.7524752475247525,0.0,0.7706422018348624,0.0,0.0
15104,0.7623762376237624,0.0,0.8256880733944955,0.0,0.0
15105,0.8613861386138614,0.0,0.853211009174312,0.0,0.0
15106,0.8415841584158416,0.0,0.8440366972477065,0.0,0.0
15107,0.8415841584158416,0.0,0.853211009174312,0.16040100250626566,0.0
15108,0.7920792079207921,0.0,0.8715596330275229,0.0,0.0
15109,0.8316831683168316,0.0,0.8807339449541285,0.0,0.0
15110,0.9108910891089109,0.0,,0.07017543859649122,0.0
15111,0.7029702970297029,0.0,0.8073394495412844,0.02506265664160401,0.0
15112,0.7128712871287128,0.0,0.706422018348624,0.005012531328320802,0.0
15113,0.7425742574257426,0.0,0.7339449541284404,0.0,0.0
15114,0.7524752475247525,0.0,0.81651376146789,0.0,0.0
15115,0.8415841584158416,0.0,0.8715596330275229,0.0,0.0
15116,0.8514851485148515,0.0,0.8715596330275229,0.0,0.0
15117,0.9207920792079208,0.0,0.8440366972477065,0.0,0.0
15118,0.9306930693069307,0.0,0.8348623853211009,0.0,0.0
15119,0.9207920792079208,0.0,0.7706422018348624,0.6716791979949874,0.0
15120,0.900990099009901,0.0,0.81651376146789,0.0,0.0
15121,0.9306930693069307,0.0,0.8623853211009175,0.0,0.0
15122,0.9405940594059405,0.0,0.8715596330275229,0.0,0.0
15123,0.9108910891089109,0.0,0.8623853211009175,0.02506265664160401,0.0
15124,0.900990099009901,0.0,0.853211009174312,0.22055137844611528,0.0
15125,0.8910891089108911,0.0,0.8440366972477065,0.10526315789473684,0.0
15126,0.8910891089108911,0.0,0.7706422018348624,0.0,0.0
15127,0.7920792079207921,0.0,0.8073394495412844,0.005012531328320802,0.0
15128,0.7524752475247525,0.0,0.81651376146789,0.0,0.0
15129,0.7524752475247525,0.0,0.7339449541284404,0.0,0.0
15130,0.7722772277227723,0.0,0.7889908256880734,0.0,0.0
15131,0.7920792079207921,0.0,0.7981651376146789,0.0,0.0
15132,0.7821782178217822,0.0,0.8256880733944955,0.0,0.0
15133,0.8118811881188118,0.0,0.853211009174312,0.0,0.0
15134,0.8613861386138614,0.0,0.8440366972477065,0.0,0.0
15135,0.8910891089108911,0.0,0.8348623853211009,0.0,0.0
15136,0.8217821782178217,0.0,0.8348623853211009,0.05012531328320802,0.0
15137,0.7623762376237624,0.0,0.8256880733944955,0.0,0.0
15138,0.7920792079207921,0.0,0.8623853211009175,0.0,0.0
15139,0.9702970297029703,0.0,0.8990825688073395,0.0,0.0
15140,0.9108910891089109,0.0,0.889908256880734,0.02506265664160401,0.0
15141,0.8514851485148515,0.0,0.81651376146789,0.0,0.0
15142,0.8613861386138614,0.0,0.8348623853211009,0.0,0.0
15143,0.8613861386138614,0.0,0.8807339449541285,0.0,0.0
15144,0.8712871287128713,0.0,0.8990825688073395,0.0,0.0
15145,0.8712871287128713,0.0,0.908256880733945,0.0,0.0
15146,0.8316831683168316,0.0,0.8990825688073395,0.0,0.0
15147,0.801980198019802,0.0,0.7522935779816514,0.0,0.0
15148,0.801980198019802,0.0,0.7981651376146789,0.0,0.0
15149,0.8712871287128713,0.0,0.8440366972477065,0.0,0.0
15150,0.900990099009901,0.0,0.853211009174312,0.0,0.0
15151,0.9108910891089109,0.0,0.8807339449541285,0.0,0.0
15152,0.900990099009901,0.0,0.8623853211009175,0.0,0.0
15153,0.9306930693069307,0.0,0.889908256880734,0.0,0.0
15154,0.9603960396039604,0.0,0.8990825688073395,0.0,0.0
15155,0.8910891089108911,0.0,0.81651376146789,0.14536340852130325,0.0
15156,0.900990099009901,0.0,0.853211009174312,0.0,0.0
15157,0.8712871287128713,0.0,0.8348623853211009,0.0,0.0
15158,0.900990099009901,0.0,0.8348623853211009,0.03007518796992481,0.0
15159,0.8811881188118812,0.0,0.8348623853211009,0.0,0.0
15160,0.8910891089108911,0.0,0.8990825688073395,0.0,0.0
15161,0.9900990099009901,0.0,0.8990825688073395,0.0,0.0
15162,0.9207920792079208,0.0,0.8807339449541285,0.06766917293233082,0.0
15163,0.8415841584158416,0.0,0.8440366972477065,0.0,0.0
15164,0.8118811881188118,0.0,0.81651376146789,0.0,0.0
15165,0.8415841584158416,0.0,0.853211009174312,0.0,0.0
15166,0.8712871287128713,0.0,0.853211009174312,0.0,0.0
15167,0.900990099009901,0.0,0.7522935779816514,0.08771929824561403,0.0
15168,0.8217821782178217,0.0,0.81651376146789,0.0,0.0
15169,0.7920792079207921,0.0,0.8073394495412844,0.0,0.0
15170,0.8316831683168316,0.0,0.853211009174312,0.0,0.0
15171,0.801980198019802,0.0,0.853211009174312,0.0,0.0
15172,0.8910891089108911,0.0,0.889908256880734,0.0,0.0
15173,0.9108910891089109,0.0,0.889908256880734,0.0,0.0
15174,0.9405940594059405,0.0,0.8990825688073395,0.0,0.0
15175,0.9504950495049505,0.0,,0.0,0.0
15176,0.9504950495049505,0.0,0.8623853211009175,0.09022556390977443,0.0
15177,0.9702970297029703,0.0,0.8990825688073395,0.0,0.0
15178,0.7920792079207921,0.0,0.81651376146789,0.0,0.0
15179,0.801980198019802,0.0,0.7981651376146789,0.0,0.0
15180,0.801980198019802,0.0,0.8073394495412844,0.0,0.0
15181,0.7722772277227723,0.0,0.7981651376146789,0.0,0.0
15182,0.7722772277227723,0.0,0.7889908256880734,0.0,0.0
15183,0.8514851485148515,0.0,0.7981651376146789,0.0,0.0
15184,0.801980198019802,0.0,0.7614678899082569,0.0,0.0
15185,0.7326732673267327,0.0,0.8256880733944955,0.0,0.0
15186,0.8910891089108911,0.0,0.889908256880734,0.0,0.0
15187,0.8514851485148515,0.0,0.908256880733945,0.0,0.0
15188,0.9306930693069307,0.0,0.908256880733945,0.12531328320802004,0.0
15189,0.8613861386138614,0.0,0.779816513761468,0.0,0.0
15190,0.7821782178217822,0.0,0.7614678899082569,0.0,0.0
15191,0.7623762376237624,0.0,0.7889908256880734,0.0,0.0
15192,0.7920792079207921,0.0,0.8348623853211009,0.0,0.0
15193,0.8514851485148515,0.0,,0.0,0.0
15194,0.8217821782178217,0.0,0.779816513761468,0.12781954887218044,0.0
15195,0.7920792079207921,0.0,0.7981651376146789,0.0,0.0
15196,0.801980198019802,0.0,0.8256880733944955,0.0,0.0
15197,0.8118811881188118,0.0,0.8348623853211009,0.0,0.0
15198,0.7920792079207921,0.0,0.8440366972477065,0.0,0.0
15199,0.8415841584158416,0.0,0.8073394495412844,0.0,0.0
15200,0.8217821782178217,0.0,0.8256880733944955,0.13283208020050125,0.0
15201,0.8613861386138614,0.0,0.853211009174312,0.012531328320802004,0.0
15202,0.8910891089108911,0.0,0.8348623853211009,0.0,0.0
15203,0.8415841584158416,0.0,0.8073394495412844,0.07518796992481203,0.0
15204,0.8217821782178217,0.0,0.779816513761468,0.09774436090225563,0.0
15205,0.8514851485148515,0.0,0.7247706422018348,0.6240601503759398,0.0
15206,0.7623762376237624,0.0,0.7706422018348624,0.0,0.0
15207,0.8613861386138614,0.0,0.8348623853211009,0.0,0.0
15208,0.8514851485148515,0.0,0.8073394495412844,0.0,0.0
15209,0.8217821782178217,0.0,0.7889908256880734,0.0,0.0
15210,0.8217821782178217,0.0,0.8623853211009175,0.0,0.0
15211,0.8712871287128713,0.0,0.853211009174312,0.0,0.0
15212,0.8613861386138614,0.0,0.853211009174312,0.0,0.0
15213,0.8910891089108911,0.0,0.8990825688073395,0.0,0.0
15214,0.9207920792079208,0.0,0.889908256880734,0.0,0.0
15215,0.9306930693069307,0.0,0.8990825688073395,0.0,0.0
15216,0.900990099009901,0.0,0.81651376146789,0.0,0.0
15217,0.7524752475247525,0.0,0.779816513761468,0.0,0.0
15218,0.7326732673267327,0.0,0.8348623853211009,0.0,0.0
15219,0.8118811881188118,0.0,0.8348623853211009,0.0,0.0
15220,0.8415841584158416,0.0,0.8348623853211009,0.11278195488721804,0.0
15221,0.7524752475247525,0.0,0.779816513761468,0.0,0.0
15222,0.7722772277227723,0.0,0.81651376146789,0.0,0.0
15223,0.7821782178217822,0.0,0.8348623853211009,0.0,0.0
15224,0.8316831683168316,0.0,0.8623853211009175,0.0,0.0
15225,0.8811881188118812,0.0,0.8440366972477065,0.0,0.0
15226,0.9405940594059405,0.0,0.7981651376146789,0.022556390977443608,0.0
15227,0.7722772277227723,0.0,0.7981651376146789,0.0,0.0
15228,0.8118811881188118,0.0,0.7522935779816514,0.0,0.0
15229,0.8217821782178217,0.0,0.8440366972477065,0.03007518796992481,0.0
15230,0.8514851485148515,0.0,0.8623853211009175,0.0,0.0
15231,0.9306930693069307,0.0,0.8990825688073395,0.0,0.0
15232,0.9504950495049505,0.0,0.8807339449541285,0.0,0.0
15233,0.7920792079207921,0.0,0.8256880733944955,0.0,0.0
15234,0.7524752475247525,0.0,,0.0,0.0
15235,0.6336633663366337,0.0,0.6238532110091743,0.0,0.0
15236,0.5841584158415842,0.0,,0.0,0.0
15237,0.5643564356435644,0.0,0.6513761467889908,0.0,0.0
15238,0.6336633663366337,0.0,0.6880733944954128,0.0,0.0
15239,0.7425742574257426,0.0,,0.03759398496240601,0.0
15240,0.6138613861386139,0.0,,0.0,0.0
15241,0.594059405940594,0.0,0.6422018348623854,0.0,0.0
15242,0.6831683168316831,0.0,,0.02506265664160401,0.0
15243,0.5544554455445545,0.0,0.5963302752293579,0.0,0.0
15244,0.5346534653465347,0.0,0.6422018348623854,0.0,0.0
15245,0.594059405940594,0.0,0.706422018348624,0.0,0.0
15246,0.693069306930693,0.0,0.8073394495412844,0.0,0.0
15247,0.7623762376237624,0.0,0.81651376146789,0.0,0.0
15248,0.8217821782178217,0.0,0.7889908256880734,0.0,0.0
15249,0.801980198019802,0.0,,0.015037593984962405,0.0
15250,0.7821782178217822,0.0,0.7247706422018348,0.2706766917293233,0.0
15251,0.7227722772277227,0.0,0.7247706422018348,0.03258145363408521,0.0
15252,0.6138613861386139,0.0,0.5229357798165137,0.0,0.0
15253,0.594059405940594,0.0,0.5412844036697249,0.0,0.0
15254,0.6039603960396039,0.0,0.6880733944954128,0.0,0.0
15255,0.7722772277227723,0.0,0.706422018348624,0.0,0.0
15256,0.7029702970297029,0.0,0.7155963302752294,0.11779448621553884,0.0
15257,0.7029702970297029,0.0,0.6422018348623854,0.0,0.0
15258,0.6534653465346534,0.0,0.5871559633027523,0.0,0.0
15259,0.6039603960396039,0.0,0.5688073394495413,0.0,0.0
15260,0.6237623762376238,0.0,0.5871559633027523,0.022556390977443608,0.0
15261,0.6039603960396039,0.0,,0.0,0.0
15262,0.49504950495049505,0.0,0.5596330275229359,0.0,0.0
15263,0.5742574257425743,0.0,0.6697247706422019,0.0,0.0
15264,0.6732673267326732,0.0,0.6880733944954128,0.0,0.0
15265,0.6039603960396039,0.0,0.6788990825688074,0.09273182957393483,0.0
15266,0.49504950495049505,0.0,0.5321100917431193,0.0,0.0
15267,0.5544554455445545,0.0,0.5779816513761468,0.0,0.0
15268,0.6336633663366337,0.0,0.7247706422018348,0.0,0.0
15269,0.7821782178217822,0.0,0.7247706422018348,0.0,0.0
15270,0.8316831683168316,0.0,0.7339449541284404,0.0,0.0
15271,0.8514851485148515,0.0,0.706422018348624,0.22305764411027568,0.0
15272,0.8316831683168316,0.0,0.6788990825688074,0.606516290726817,0.0
15273,0.7722772277227723,0.0,0.6697247706422019,0.2832080200501253,0.0
15274,0.7227722772277227,0.0,0.5871559633027523,0.0,0.0
15275,0.7029702970297029,0.0,0.6972477064220184,0.0,0.0
15276,0.7920792079207921,0.0,,0.0,0.0
15277,0.693069306930693,0.0,,0.05263157894736842,0.0
15278,0.6732673267326732,0.0,0.5963302752293579,0.0,0.0
15279,0.5346534653465347,0.0,0.5688073394495413,0.06265664160401002,0.0
15280,0.4158415841584158,0.0,0.3761467889908257,0.0,0.0
15281,0.42574257425742573,0.0,0.3119266055045872,0.0,0.0
15282,0.39603960396039606,0.0,0.3486238532110092,0.0,0.0
15283,0.5544554455445545,0.0,0.4036697247706422,0.0,0.0
15284,0.42574257425742573,0.11111111111111112,,0.005012531328320802,0.0
15285,0.3267326732673267,0.0,0.3669724770642202,0.0,0.0
15286,0.37623762376237624,0.0,0.3853211009174312,0.0,0.0
15287,0.43564356435643564,0.0,0.44036697247706424,0.0,0.0
15288,0.5247524752475248,0.0,0.5045871559633028,0.0,0.0
15289,0.5148514851485149,0.0,0.5045871559633028,0.0,0.0
15290,0.5643564356435644,0.0,0.5137614678899083,0.020050125313283207,0.0
15291,0.5544554455445545,0.0,0.5779816513761468,0.0,0.0
15292,0.7029702970297029,0.0,,0.020050125313283207,0.0
15293,0.6435643564356436,0.0,0.5229357798165137,0.0,0.0
15294,0.49504950495049505,0.0,0.48623853211009177,0.0,0.0
15295,0.594059405940594,0.0,0.5688073394495413,0.0,0.0
15296,0.7821782178217822,0.0,0.6238532110091743,0.07268170426065163,0.0
15297,,0.0,0.6055045871559633,0.07769423558897243,0.0
15298,0.6534653465346534,0.0,0.47706422018348627,0.06265664160401002,0.0
15299,0.6732673267326732,0.0,0.47706422018348627,0.0,0.0
15300,0.6039603960396039,0.0,0.5321100917431193,0.0,0.0
15301,0.4752475247524752,0.0,,0.0,0.0
15302,0.4455445544554455,0.0,0.3302752293577982,0.0,0.0
15303,0.39603960396039606,0.0,0.3302752293577982,0.0,0.0
15304,0.4752475247524752,0.0,0.42201834862385323,0.0,0.0
15305,0.5742574257425743,0.0,0.43119266055045874,0.022556390977443608,0.0
15306,0.6237623762376238,0.0,0.5871559633027523,0.02756892230576441,0.0
15307,0.6138613861386139,0.0,0.6146788990825688,0.0,0.0
15308,0.5742574257425743,0.0,0.41284403669724773,0.0,0.0
15309,0.5445544554455446,0.0,,0.0,0.0
15310,0.5346534653465347,0.0,0.3853211009174312,0.15538847117794485,0.0
15311,0.3564356435643564,,0.3486238532110092,0.002506265664160401,
15312,0.31683168316831684,0.0,0.27522935779816515,0.0,0.0
15313,0.4554455445544554,0.0,0.3302752293577982,0.0,0.0
15314,0.49504950495049505,0.0,0.5137614678899083,0.0,0.0
15315,0.6831683168316831,0.0,0.5779816513761468,0.0,0.0
15316,0.6138613861386139,0.0,0.5871559633027523,0.002506265664160401,0.0
15317,0.5247524752475248,0.0,0.44036697247706424,0.0,0.0
15318,0.5643564356435644,0.0,0.44954128440366975,0.0,0.0
15319,0.5445544554455446,0.0,0.5229357798165137,0.0,0.0
15320,0.6633663366336633,0.0,0.5871559633027523,0.12030075187969924,0.0
15321,,0.0,,0.0,0.0
15322,,,0.3302752293577982,0.002506265664160401,
15323,0.3366336633663366,0.0,0.25688073394495414,0.002506265664160401,
15324,0.4455445544554455,0.0,0.3944954128440367,0.0,0.0
15325,0.38613861386138615,0.0,0.3486238532110092,0.002506265664160401,0.0
15326,0.3267326732673267,0.0,0.3211009174311927,0.0,0.0
15327,0.4158415841584158,0.0,0.3944954128440367,0.0,0.0
15328,0.5445544554455446,0.0,0.3944954128440367,0.042606516290726815,0.0
15329,0.49504950495049505,0.0,0.3944954128440367,0.0,0.0
15330,0.5643564356435644,0.0,0.4036697247706422,0.0,0.0
15331,0.4554455445544554,0.0,0.4036697247706422,0.0,0.0
15332,0.4653465346534653,0.0,0.42201834862385323,0.0,0.0
15333,0.49504950495049505,0.0,0.4036697247706422,0.0,0.0
15334,0.504950495049505,0.0,0.42201834862385323,0.0,0.0
15335,0.5247524752475248,0.0,0.41284403669724773,0.0,0.0
15336,0.5544554455445545,0.0,0.3761467889908257,0.0,0.0
15337,0.5346534653465347,0.0,0.3761467889908257,0.042606516290726815,0.0
15338,0.49504950495049505,0.0,0.3394495412844037,0.0,0.0
15339,0.48514851485148514,0.0,0.3302752293577982,0.0,0.0
15340,0.504950495049505,0.0,0.41284403669724773,0.0,0.0
15341,0.6138613861386139,0.0,0.45871559633027525,0.020050125313283207,0.0
15342,0.5841584158415842,0.0,0.44954128440366975,0.015037593984962405,0.0
15343,0.5742574257425743,0.0,0.4036697247706422,0.0,0.0
15344,0.5544554455445545,0.0,0.3944954128440367,0.0,0.0
15345,0.5247524752475248,0.0,0.3944954128440367,0.0,0.0
15346,0.5742574257425743,0.0,0.45871559633027525,0.005012531328320802,0.0
15347,0.5544554455445545,0.0,0.41284403669724773,0.0,0.0
15348,0.48514851485148514,0.0,0.41284403669724773,0.0,0.0
15349,0.49504950495049505,0.0,0.43119266055045874,0.0,0.0
15350,0.5346534653465347,0.0,0.43119266055045874,0.0,0.0
15351,0.5643564356435644,0.0,0.43119266055045874,0.02506265664160401,0.0
15352,0.42574257425742573,0.6666666666666667,0.44036697247706424,0.12030075187969924,0.2
15353,0.3564356435643564,0.22222222222222224,0.26605504587155965,0.0,0.26666666666666666
15354,0.1782178217821782,0.0,0.21100917431192662,0.0,0.23333333333333334
15355,0.2772277227722772,0.0,0.3302752293577982,0.0,0.23333333333333334
15356,0.31683168316831684,0.0,0.28440366972477066,0.0,0.23333333333333334
15357,0.198019801980198,0.0,0.28440366972477066,0.0,0.2
15358,0.40594059405940597,0.0,0.3119266055045872,0.0,0.13333333333333333
15359,0.39603960396039606,0.0,0.4036697247706422,0.0,
15360,0.43564356435643564,0.0,0.3944954128440367,0.0,0.06666666666666667
15361,0.5841584158415842,0.0,0.4036697247706422,0.012531328320802004,
15362,0.43564356435643564,0.0,,0.0,
15363,0.3465346534653465,0.11111111111111112,0.25688073394495414,0.0,
15364,0.3069306930693069,0.4444444444444445,0.3211009174311927,0.015037593984962405,0.16666666666666666
15365,0.3465346534653465,0.0,0.3761467889908257,0.0,0.13333333333333333
15366,0.5148514851485149,0.0,0.3761467889908257,0.0,0.06666666666666667
15367,0.5247524752475248,0.0,0.3577981651376147,0.0,0.03333333333333333
15368,0.5148514851485149,0.0,0.3853211009174312,0.0,0.0
15369,0.5445544554455446,0.0,0.3669724770642202,0.0,0.0
15370,0.4158415841584158,0.0,0.3577981651376147,0.0,0.0
15371,0.37623762376237624,0.0,0.4036697247706422,0.0,0.0
15372,0.4455445544554455,0.0,0.41284403669724773,0.0,0.0
15373,0.5148514851485149,0.0,0.4036697247706422,0.0,0.0
15374,0.42574257425742573,0.0,0.3669724770642202,0.0,0.0
15375,0.42574257425742573,0.0,0.42201834862385323,0.0,0.0
15376,0.5247524752475248,0.0,0.42201834862385323,0.0,0.0
15377,0.4455445544554455,0.22222222222222224,0.3394495412844037,0.017543859649122806,0.06666666666666667
15378,0.3564356435643564,0.0,0.29357798165137616,0.0,0.03333333333333333
15379,0.3465346534653465,0.0,0.3853211009174312,0.0,0.0
15380,,0.0,0.3944954128440367,0.0,0.0
15381,0.3465346534653465,0.0,0.3119266055045872,0.0,0.0
15382,0.42574257425742573,0.0,0.3302752293577982,0.002506265664160401,0.0
15383,0.5247524752475248,0.11111111111111112,0.3669724770642202,0.005012531328320802,0.0
15384,0.5544554455445545,0.0,0.48623853211009177,0.11278195488721804,0.0
15385,0.5544554455445545,0.0,0.47706422018348627,0.09022556390977443,0.0
15386,0.5643564356435644,0.0,0.42201834862385323,0.0,0.0
15387,0.5544554455445545,0.0,0.44036697247706424,0.005012531328320802,0.0
15388,0.594059405940594,0.0,0.4954128440366973,0.07518796992481203,0.0
15389,0.5643564356435644,0.0,0.3944954128440367,0.002506265664160401,0.0
15390,0.5544554455445545,0.0,0.44954128440366975,0.0,0.0
15391,0.5445544554455446,0.0,0.45871559633027525,0.0,0.0
15392,0.5841584158415842,0.0,0.44036697247706424,0.0,0.0
15393,0.5445544554455446,0.0,0.42201834862385323,0.0,0.0
15394,0.5544554455445545,0.0,0.42201834862385323,0.045112781954887216,0.0
15395,0.5247524752475248,0.0,0.4036697247706422,0.0,0.0
15396,0.5445544554455446,0.0,0.5229357798165137,0.0,0.0
15397,0.5742574257425743,0.0,0.4954128440366973,0.0,0.0
15398,0.4158415841584158,0.0,0.44954128440366975,0.002506265664160401,0.0
15399,0.504950495049505,0.0,0.6055045871559633,0.0,0.0
15400,0.5544554455445545,0.0,0.6146788990825688,0.0,0.0
15401,0.5544554455445545,0.0,0.5045871559633028,0.0,0.0
15402,0.5445544554455446,0.0,0.6146788990825688,0.0,0.0
15403,0.6039603960396039,0.0,0.6055045871559633,0.0,0.0
15404,0.6138613861386139,0.0,0.5688073394495413,0.005012531328320802,0.0
15405,0.6435643564356436,0.0,0.5963302752293579,0.15789473684210525,0.0
15406,0.6831683168316831,0.0,0.5688073394495413,0.007518796992481203,0.0
15407,0.6237623762376238,0.0,0.5871559633027523,0.0,0.0
15408,0.4455445544554455,0.0,0.5963302752293579,0.08771929824561403,0.0
15409,0.36633663366336633,0.22222222222222224,0.5963302752293579,0.07518796992481203,0.06666666666666667
15410,0.3564356435643564,0.0,0.30275229357798167,0.0,0.0
15411,0.38613861386138615,0.0,0.3302752293577982,0.0,0.0
15412,0.43564356435643564,0.0,0.3486238532110092,0.0,0.0
15413,0.38613861386138615,0.0,0.3669724770642202,0.0,0.0
15414,0.38613861386138615,0.0,0.3853211009174312,0.0,0.0
15415,0.38613861386138615,0.0,0.5137614678899083,0.07017543859649122,0.0
15416,0.49504950495049505,0.0,0.5229357798165137,0.0,0.0
15417,0.49504950495049505,0.22222222222222224,0.45871559633027525,0.040100250626566414,0.06666666666666667
15418,0.4752475247524752,0.0,0.44954128440366975,0.0,
15419,0.43564356435643564,0.0,0.3944954128440367,0.0,
15420,0.43564356435643564,0.4444444444444445,0.3944954128440367,0.08020050125313283,0.13333333333333333
15421,0.3564356435643564,0.0,0.4036697247706422,0.0,0.06666666666666667
15422,0.504950495049505,0.0,0.5229357798165137,0.0,0.0
15423,0.594059405940594,0.0,0.5321100917431193,0.0,0.0
15424,0.5742574257425743,0.0,0.5321100917431193,0.03007518796992481,0.0
15425,0.5643564356435644,0.0,0.5229357798165137,0.02506265664160401,0.0
15426,0.49504950495049505,0.0,0.5045871559633028,0.0,0.0
15427,0.48514851485148514,0.0,0.5045871559633028,0.0,0.0
15428,0.5643564356435644,0.0,0.44036697247706424,0.05263157894736842,0.0
15429,0.5247524752475248,0.0,0.5229357798165137,0.0,0.0
15430,0.5445544554455446,0.0,,0.022556390977443608,0.0
15431,0.4653465346534653,0.0,0.3669724770642202,0.0,0.0
15432,0.4752475247524752,0.0,0.45871559633027525,0.0,0.0
15433,0.5742574257425743,0.0,0.46788990825688076,0.007518796992481203,0.0
15434,0.49504950495049505,0.0,0.5321100917431193,0.0,0.0
15435,0.5346534653465347,0.0,0.5779816513761468,0.0,0.0
15436,0.6732673267326732,0.0,0.6605504587155964,0.0,0.0
15437,0.5841584158415842,0.0,0.6146788990825688,0.0,0.0
15438,0.6534653465346534,0.0,0.5963302752293579,0.0,0.0
15439,0.6138613861386139,0.0,0.5779816513761468,0.0,0.0
15440,0.6435643564356436,0.0,0.6972477064220184,0.05764411027568922,0.0
15441,0.5643564356435644,0.0,0.6972477064220184,0.0,0.0
15442,0.5247524752475248,0.0,0.46788990825688076,0.0,0.0
15443,0.5544554455445545,0.0,0.46788990825688076,0.0,0.0
15444,0.5445544554455446,0.0,0.5412844036697249,0.0,0.0
15445,0.6336633663366337,0.0,0.7339449541284404,0.007518796992481203,0.0
15446,0.6534653465346534,0.0,0.6605504587155964,0.08270676691729323,0.0
15447,0.6435643564356436,0.0,0.5321100917431193,0.10526315789473684,0.0
15448,0.6831683168316831,0.0,0.7522935779816514,0.0,0.0
15449,0.801980198019802,0.0,0.7614678899082569,0.03508771929824561,0.0
15450,0.8316831683168316,0.0,0.6972477064220184,0.11779448621553884,0.0
15451,0.6633663366336633,0.0,0.6972477064220184,0.06766917293233082,0.0
15452,0.594059405940594,0.0,0.6788990825688074,0.0,0.0
15453,0.7227722772277227,0.0,0.7247706422018348,0.03759398496240601,0.0
15454,0.6138613861386139,0.0,,0.10025062656641603,0.0
15455,0.6435643564356436,0.0,0.5412844036697249,0.0,0.0
15456,0.6534653465346534,0.0,0.5321100917431193,0.06015037593984962,0.0
15457,0.5643564356435644,0.0,0.5596330275229359,0.010025062656641603,0.0
15458,0.6435643564356436,0.0,0.5412844036697249,0.0,0.0
15459,0.7128712871287128,0.0,0.6330275229357799,0.06265664160401002,0.0
15460,0.6633663366336633,0.0,0.779816513761468,0.0,0.0
15461,0.8415841584158416,0.0,0.779816513761468,0.0,0.0
15462,0.693069306930693,0.0,0.743119266055046,0.0,0.0
15463,0.6336633663366337,0.0,0.5504587155963303,0.0,0.0
15464,0.6039603960396039,0.0,0.5688073394495413,0.005012531328320802,0.0
15465,0.6039603960396039,0.0,0.5963302752293579,0.03759398496240601,0.0
15466,0.5841584158415842,0.0,0.6605504587155964,0.0,0.0
15467,0.6534653465346534,0.0,0.6880733944954128,0.0,0.0
15468,0.7524752475247525,0.0,0.6880733944954128,0.012531328320802004,0.0
15469,0.6831683168316831,0.0,0.7522935779816514,0.0,0.0
15470,0.7425742574257426,0.0,0.7889908256880734,0.0,0.0
15471,0.7821782178217822,0.0,0.7981651376146789,0.0,0.0
15472,0.8118811881188118,0.0,0.7889908256880734,0.020050125313283207,0.0
15473,0.693069306930693,0.0,0.743119266055046,0.0,0.0
15474,0.6435643564356436,0.0,0.7155963302752294,0.0,0.0
15475,0.7029702970297029,0.0,0.8073394495412844,0.0,0.0
15476,0.8613861386138614,0.0,0.8073394495412844,0.0,0.0
15477,0.7623762376237624,0.0,0.743119266055046,0.042606516290726815,0.0
15478,0.6732673267326732,0.0,0.743119266055046,0.0,0.0
15479,0.7326732673267327,0.0,0.8073394495412844,0.0,0.0
15480,0.7920792079207921,0.0,0.8256880733944955,0.0,0.0
15481,0.8415841584158416,0.0,0.8348623853211009,0.0,0.0
15482,0.8316831683168316,0.0,0.8256880733944955,0.0,0.0
15483,0.6732673267326732,0.0,0.6055045871559633,0.19298245614035087,0.0
15484,0.594059405940594,0.0,0.5504587155963303,0.0,0.0
15485,0.6633663366336633,0.0,0.5688073394495413,0.0,0.0
15486,0.6138613861386139,0.0,0.6422018348623854,0.0,0.0
15487,0.6237623762376238,0.0,0.706422018348624,0.0,0.0
15488,0.6732673267326732,0.0,0.7247706422018348,0.0,0.0
15489,0.7524752475247525,0.0,0.6513761467889908,0.2631578947368421,0.0
15490,0.7524752475247525,0.0,0.6880733944954128,0.05012531328320802,0.0
15491,0.7128712871287128,0.0,0.7339449541284404,0.0,0.0
15492,0.7425742574257426,0.0,0.7614678899082569,0.0,0.0
15493,0.7425742574257426,0.0,0.7706422018348624,0.0,0.0
15494,0.8316831683168316,0.0,0.779816513761468,0.0,0.0
15495,0.8613861386138614,0.0,0.7155963302752294,0.12531328320802004,0.0
15496,0.8415841584158416,0.0,0.779816513761468,0.08771929824561403,0.0
15497,0.8712871287128713,0.0,0.779816513761468,0.08521303258145363,0.0
15498,0.7524752475247525,0.0,0.7339449541284404,0.017543859649122806,0.0
15499,0.6831683168316831,0.0,0.743119266055046,0.0,0.0
15500,0.7821782178217822,0.0,0.743119266055046,0.0,0.0
15501,0.7128712871287128,0.0,0.7522935779816514,0.0,0.0
15502,0.7326732673267327,0.0,0.8256880733944955,0.0,0.0
15503,0.8316831683168316,0.0,0.8440366972477065,0.0,0.0
15504,0.8514851485148515,0.0,0.8348623853211009,0.0,0.0
15505,0.8118811881188118,0.0,0.7889908256880734,0.0,0.0
15506,0.7623762376237624,0.0,0.7981651376146789,0.0,0.0
15507,0.8415841584158416,0.0,0.8807339449541285,0.0,0.0
15508,0.8613861386138614,0.0,0.8715596330275229,0.2756892230576441,0.0
15509,0.801980198019802,0.0,0.7706422018348624,0.0,0.0
15510,0.7227722772277227,0.0,0.6055045871559633,0.0,0.0
15511,0.6336633663366337,0.0,0.6513761467889908,0.0,0.0
15512,0.6435643564356436,0.0,0.6513761467889908,0.0,0.0
15513,0.7722772277227723,0.0,0.6605504587155964,0.0,0.0
15514,0.7425742574257426,0.0,0.6880733944954128,0.02506265664160401,0.0
15515,0.7524752475247525,0.0,0.7339449541284404,0.017543859649122806,0.0
15516,0.8118811881188118,0.0,0.7614678899082569,0.017543859649122806,0.0
15517,0.7623762376237624,0.0,0.7339449541284404,0.0,0.0
15518,0.7227722772277227,0.0,0.7706422018348624,0.0,0.0
15519,0.7524752475247525,0.0,0.8073394495412844,0.0,0.0
15520,0.7524752475247525,0.0,0.8348623853211009,0.0,0.0
15521,0.8415841584158416,0.0,0.8440366972477065,0.0,0.0
15522,0.8613861386138614,0.0,0.8623853211009175,0.0,0.0
15523,0.9108910891089109,0.0,0.853211009174312,0.0,0.0
15524,0.801980198019802,0.0,0.7981651376146789,0.0,0.0
15525,0.8613861386138614,0.0,0.779816513761468,0.0,0.0
15526,0.7326732673267327,0.0,0.779816513761468,0.0,0.0
15527,0.7524752475247525,0.0,0.7522935779816514,0.0,0.0
15528,0.8514851485148515,0.0,0.7706422018348624,0.0,0.0
15529,0.9306930693069307,0.0,0.81651376146789,0.017543859649122806,0.0
15530,0.8811881188118812,0.0,0.81651376146789,0.10526315789473684,0.0
15531,0.8316831683168316,0.0,0.8073394495412844,0.02756892230576441,0.0
15532,0.900990099009901,0.0,0.7981651376146789,0.03759398496240601,0.0
15533,0.900990099009901,0.0,0.7339449541284404,0.24812030075187969,0.0
15534,0.8910891089108911,0.0,0.8348623853211009,0.21052631578947367,0.0
15535,0.8415841584158416,0.0,0.706422018348624,0.18546365914786966,0.0
15536,0.8712871287128713,0.0,0.743119266055046,0.012531328320802004,0.0
15537,0.8712871287128713,0.0,0.7889908256880734,0.05513784461152882,0.0
15538,0.8712871287128713,0.0,0.7889908256880734,0.0,0.0
15539,0.7920792079207921,0.0,0.779816513761468,0.0,0.0
15540,0.900990099009901,0.0,0.7706422018348624,0.15037593984962405,0.0
15541,0.801980198019802,0.0,0.7522935779816514,0.2857142857142857,0.0
15542,0.7623762376237624,0.0,0.7522935779816514,0.0,0.0
15543,0.8118811881188118,0.0,0.6972477064220184,0.21804511278195488,0.0
15544,0.8514851485148515,0.0,0.7247706422018348,0.047619047619047616,0.0
15545,0.7821782178217822,0.0,0.7522935779816514,0.0,0.0
15546,0.9207920792079208,0.0,0.8073394495412844,0.07017543859649122,0.0
15547,0.8217821782178217,0.0,0.779816513761468,0.002506265664160401,0.0
15548,0.7524752475247525,0.0,0.8073394495412844,0.0,0.0
15549,0.900990099009901,0.0,0.8073394495412844,0.010025062656641603,0.0
15550,0.8217821782178217,0.0,0.7889908256880734,0.0,0.0
15551,0.7920792079207921,0.0,0.6697247706422019,0.11278195488721804,0.0
15552,0.7524752475247525,0.0,0.7614678899082569,0.0,0.0
15553,0.7920792079207921,0.0,0.7522935779816514,0.0,0.0
15554,0.8514851485148515,0.0,0.7522935779816514,0.015037593984962405,0.0
15555,0.7821782178217822,0.0,0.7614678899082569,0.010025062656641603,0.0
15556,0.7623762376237624,0.0,0.7522935779816514,0.0,0.0
15557,0.7425742574257426,0.0,0.7522935779816514,0.0,0.0
15558,0.7722772277227723,0.0,0.7889908256880734,0.0,0.0
15559,0.9108910891089109,0.0,0.8073394495412844,0.22807017543859648,0.0
15560,0.8514851485148515,0.0,0.853211009174312,0.0,0.0
15561,0.9306930693069307,0.0,0.889908256880734,0.0,0.0
15562,0.8415841584158416,0.0,,0.06516290726817042,0.0
15563,0.7722772277227723,0.0,0.7522935779816514,0.0,0.0
15564,0.8118811881188118,0.0,0.743119266055046,0.05012531328320802,0.0
15565,0.7722772277227723,0.0,0.6880733944954128,0.0,0.0
15566,0.7920792079207921,0.0,0.6972477064220184,0.0,0.0
15567,0.7227722772277227,0.0,0.743119266055046,0.0,0.0
15568,0.7029702970297029,0.0,0.7522935779816514,0.0,0.0
15569,0.7425742574257426,0.0,0.7522935779816514,0.0,0.0
15570,0.801980198019802,0.0,0.743119266055046,0.11278195488721804,0.0
15571,0.7326732673267327,0.0,0.743119266055046,0.0,0.0
15572,0.7128712871287128,0.0,0.7522935779816514,0.0,0.0
15573,0.7425742574257426,0.0,0.7706422018348624,0.0,0.0
15574,0.8217821782178217,0.0,0.8073394495412844,0.0,0.0
15575,0.900990099009901,0.0,0.8073394495412844,0.02506265664160401,0.0
15576,0.8712871287128713,0.0,0.8440366972477065,0.0,0.0
15577,0.8811881188118812,0.0,0.8348623853211009,0.0,0.0
15578,0.8910891089108911,0.0,0.8256880733944955,0.06265664160401002,0.0
15579,0.7920792079207921,0.0,0.6880733944954128,0.24561403508771928,0.0
15580,0.693069306930693,0.0,0.6972477064220184,0.0,0.0
15581,0.8415841584158416,0.0,0.743119266055046,0.0,0.0
15582,0.7524752475247525,0.0,0.7339449541284404,0.0,0.0
15583,0.7425742574257426,0.0,0.743119266055046,0.0,0.0
15584,0.7821782178217822,0.0,0.7339449541284404,0.0,0.0
15585,0.8811881188118812,0.0,0.7889908256880734,0.07268170426065163,0.0
15586,0.7326732673267327,0.0,0.7889908256880734,0.0,0.0
15587,0.7524752475247525,0.0,0.779816513761468,0.0,0.0
15588,0.8613861386138614,0.0,0.81651376146789,0.047619047619047616,0.0
15589,0.8613861386138614,0.0,0.81651376146789,0.14536340852130325,0.0
15590,0.8811881188118812,0.0,0.8073394495412844,0.03508771929824561,0.0
15591,0.7326732673267327,0.0,0.7522935779816514,0.0,0.0
15592,0.9207920792079208,0.0,0.743119266055046,0.3458646616541353,0.0
15593,0.693069306930693,0.0,0.6972477064220184,0.0,0.0
15594,0.693069306930693,0.0,0.6972477064220184,0.0,0.0
15595,0.7227722772277227,0.0,0.7247706422018348,0.0,0.0
15596,0.7821782178217822,0.0,0.7706422018348624,0.0,0.0
15597,0.8712871287128713,0.0,0.81651376146789,0.0,0.0
15598,0.8613861386138614,0.0,0.81651376146789,0.0,0.0
15599,0.8613861386138614,0.0,0.7981651376146789,0.0,0.0
15600,0.900990099009901,0.0,0.7981651376146789,0.0,0.0
15601,0.6633663366336633,0.0,0.706422018348624,0.022556390977443608,0.0
15602,0.6534653465346534,0.0,0.6880733944954128,0.0,0.0
15603,0.8217821782178217,0.0,0.7247706422018348,0.10526315789473684,0.0
15604,0.8712871287128713,0.0,0.7247706422018348,0.42606516290726815,0.0
15605,0.6039603960396039,0.0,0.6697247706422019,0.0,0.0
15606,0.6237623762376238,0.0,0.6697247706422019,0.0,0.0
15607,0.6237623762376238,0.0,0.6972477064220184,0.0,0.0
15608,0.6831683168316831,0.0,0.6972477064220184,0.0,0.0
15609,0.7722772277227723,0.0,0.6788990825688074,0.05513784461152882,0.0
15610,0.6633663366336633,0.0,0.6880733944954128,0.0,0.0
15611,0.5643564356435644,0.0,0.6513761467889908,0.0,0.0
15612,0.594059405940594,0.0,0.6146788990825688,0.0,0.0
15613,0.6138613861386139,0.0,0.6880733944954128,0.0,0.0
15614,0.6039603960396039,0.0,0.7155963302752294,0.0,0.0
15615,0.7425742574257426,0.0,0.7522935779816514,0.0,0.0
15616,0.7425742574257426,0.0,0.7522935779816514,0.0,0.0
15617,0.6138613861386139,0.0,0.6238532110091743,0.0,0.0
15618,0.594059405940594,0.0,0.6605504587155964,0.0,0.0
15619,0.6039603960396039,0.0,0.706422018348624,0.0,0.0
15620,0.6831683168316831,0.0,0.6972477064220184,0.0,0.0
15621,0.7029702970297029,0.0,0.6422018348623854,0.15037593984962405,0.0
15622,0.693069306930693,0.0,0.5779816513761468,0.0,0.0
15623,0.6534653465346534,0.0,0.5688073394495413,0.040100250626566414,0.0
15624,0.6435643564356436,0.0,0.6238532110091743,0.012531328320802004,0.0
15625,0.594059405940594,0.0,0.6330275229357799,0.0,0.0
15626,0.693069306930693,0.0,0.743119266055046,0.18796992481203006,0.0
15627,0.7821782178217822,0.0,0.7247706422018348,0.0,0.0
15628,0.6831683168316831,0.0,0.6330275229357799,0.09273182957393483,0.0
15629,0.5544554455445545,0.0,0.5137614678899083,0.0,0.0
15630,0.5445544554455446,0.0,0.5045871559633028,0.11027568922305764,0.0
15631,0.49504950495049505,0.0,0.44954128440366975,0.0,0.0
15632,0.5346534653465347,0.0,0.45871559633027525,0.020050125313283207,0.0
15633,0.594059405940594,0.0,0.5321100917431193,0.05012531328320802,0.0
15634,0.5445544554455446,0.0,0.5963302752293579,0.0,0.0
15635,0.6534653465346534,0.0,0.7155963302752294,0.0,0.0
15636,0.7623762376237624,0.0,0.706422018348624,0.0,0.0
15637,0.5841584158415842,0.0,0.6238532110091743,0.0,0.0
15638,0.6039603960396039,0.0,0.6146788990825688,0.0,0.0
15639,0.594059405940594,0.0,0.6055045871559633,0.0,0.0
15640,0.5445544554455446,0.0,0.6055045871559633,0.0,0.0
15641,0.6633663366336633,0.0,0.5871559633027523,0.0,0.0
15642,0.6435643564356436,0.0,0.5229357798165137,0.0,0.0
15643,0.5445544554455446,0.0,0.5045871559633028,0.0,0.0
15644,0.6237623762376238,0.0,0.45871559633027525,0.010025062656641603,0.0
15645,,0.0,0.5963302752293579,0.3107769423558897,0.0
15646,0.6336633663366337,0.0,0.5963302752293579,0.07017543859649122,0.0
15647,0.6138613861386139,0.0,0.6055045871559633,0.03508771929824561,0.0
15648,0.5841584158415842,0.0,0.4036697247706422,0.0,0.0
15649,0.5247524752475248,0.0,0.41284403669724773,0.0,0.0
15650,0.48514851485148514,0.0,0.42201834862385323,0.0,0.0
15651,0.48514851485148514,0.0,0.42201834862385323,0.0,0.0
15652,0.5544554455445545,0.0,0.48623853211009177,0.0,0.0
15653,0.6732673267326732,0.0,0.5045871559633028,0.0,0.0
15654,0.7029702970297029,0.0,0.5321100917431193,0.11528822055137844,0.0
15655,0.693069306930693,0.0,0.5779816513761468,0.21553884711779447,0.0
15656,0.5445544554455446,0.0,0.5779816513761468,0.20300751879699247,0.0
15657,0.49504950495049505,0.0,0.3669724770642202,0.0,0.0
15658,0.49504950495049505,0.0,0.3853211009174312,0.0,0.0
15659,0.48514851485148514,0.0,0.41284403669724773,0.0,0.0
15660,0.5544554455445545,0.0,0.5045871559633028,0.0,0.0
15661,0.5841584158415842,0.0,0.44036697247706424,0.0,0.0
15662,0.5445544554455446,0.0,0.45871559633027525,0.0,0.0
15663,0.6039603960396039,0.0,0.5963302752293579,0.0,0.0
15664,0.693069306930693,0.0,0.6330275229357799,0.05263157894736842,0.0
15665,0.6633663366336633,0.0,0.6146788990825688,0.08020050125313283,0.0
15666,0.6237623762376238,0.0,0.45871559633027525,0.16040100250626566,0.0
15667,0.5841584158415842,0.0,0.47706422018348627,0.0,0.0
15668,0.6237623762376238,0.0,0.46788990825688076,0.012531328320802004,0.0
15669,0.6039603960396039,0.0,0.48623853211009177,0.007518796992481203,0.0
15670,0.5544554455445545,0.0,0.3944954128440367,0.017543859649122806,0.0
15671,0.5346534653465347,0.0,0.3577981651376147,0.0,0.0
15672,0.5148514851485149,0.0,0.42201834862385323,0.0,0.0
15673,0.5544554455445545,0.0,0.3853211009174312,0.0,0.0
15674,0.5445544554455446,0.0,0.3853211009174312,0.010025062656641603,0.0
15675,0.5247524752475248,0.0,0.3761467889908257,0.0,0.0
15676,0.5346534653465347,0.0,0.3944954128440367,0.012531328320802004,0.0
15677,0.5247524752475248,0.0,0.3853211009174312,0.0,0.0
15678,0.4455445544554455,0.0,0.3761467889908257,0.0,0.0
15679,0.40594059405940597,0.0,0.3119266055045872,0.0,0.0
15680,0.504950495049505,0.0,0.3577981651376147,0.0,0.0
15681,0.5148514851485149,0.0,0.3486238532110092,0.0,0.0
15682,0.4653465346534653,0.0,0.3486238532110092,0.0,0.0
15683,0.5148514851485149,0.33333333333333337,0.3669724770642202,0.10526315789473684,0.1
15684,0.5643564356435644,0.0,0.3944954128440367,0.0,0.06666666666666667
15685,0.5643564356435644,0.0,0.3944954128440367,0.0,0.0
15686,0.5544554455445545,0.0,0.3761467889908257,0.0,0.0
15687,0.48514851485148514,0.0,0.4036697247706422,0.0,0.0
15688,0.5346534653465347,0.0,0.46788990825688076,0.0,0.0
15689,0.6435643564356436,0.0,0.5321100917431193,0.015037593984962405,0.0
15690,0.5643564356435644,0.0,,0.0,0.0
15691,0.5445544554455446,0.0,0.3853211009174312,0.010025062656641603,0.0
15692,0.5544554455445545,0.0,0.44036697247706424,0.0,0.0
15693,0.4752475247524752,0.0,0.4036697247706422,0.007518796992481203,0.0
15694,0.39603960396039606,0.0,0.3486238532110092,0.0,0.0
15695,0.5247524752475248,0.0,0.3853211009174312,0.0,0.0
15696,0.5247524752475248,0.0,0.41284403669724773,0.0,0.0
15697,0.3465346534653465,0.0,,0.0,0.0
15698,0.4158415841584158,0.0,0.3761467889908257,0.0,0.0
15699,0.3564356435643564,0.0,0.3119266055045872,0.0,0.0
15700,0.36633663366336633,0.0,0.44036697247706424,0.0,0.0
15701,0.5346534653465347,0.0,0.44036697247706424,0.0,0.0
15702,0.594059405940594,0.0,0.44036697247706424,0.0,0.0
15703,0.6435643564356436,0.0,0.5045871559633028,0.09273182957393483,0.0
15704,0.5544554455445545,0.0,0.5596330275229359,0.40100250626566414,0.0
15705,0.4752475247524752,0.0,0.3486238532110092,0.0,0.0
15706,0.39603960396039606,0.0,0.3211009174311927,0.0,0.0
15707,0.5148514851485149,0.0,0.45871559633027525,0.03258145363408521,0.0
15708,0.6732673267326732,0.0,0.5412844036697249,0.11027568922305764,0.0
15709,0.5445544554455446,0.0,0.5229357798165137,0.23057644110275688,0.0
15710,0.5247524752475248,0.0,0.3577981651376147,0.0,0.0
15711,0.49504950495049505,0.0,0.3761467889908257,0.0,0.0
15712,0.4752475247524752,,0.3577981651376147,0.005012531328320802,0.0
15713,0.4554455445544554,0.0,0.3119266055045872,0.0,0.0
15714,0.42574257425742573,0.2777777777777778,0.29357798165137616,0.040100250626566414,0.1
15715,0.4554455445544554,0.11111111111111112,0.30275229357798167,0.015037593984962405,0.13333333333333333
15716,0.49504950495049505,0.0,0.3486238532110092,0.0,0.06666666666666667
15717,0.5148514851485149,0.0,0.3761467889908257,0.13032581453634084,0.03333333333333333
15718,0.48514851485148514,0.0,0.3211009174311927,0.0,
15719,0.4554455445544554,,0.30275229357798167,0.005012531328320802,
15720,0.37623762376237624,0.0,0.29357798165137616,0.0,
15721,0.4653465346534653,0.0,0.3394495412844037,0.0,0.0
15722,0.3366336633663366,0.0,0.3211009174311927,0.0,0.0
15723,0.31683168316831684,0.0,0.3119266055045872,0.0,0.0
15724,0.36633663366336633,0.0,0.3577981651376147,0.0,0.0
15725,0.5148514851485149,0.0,0.42201834862385323,0.07268170426065163,0.0
15726,0.5544554455445545,0.0,0.41284403669724773,0.09523809523809523,0.0
15727,0.5148514851485149,0.0,0.4036697247706422,0.005012531328320802,0.0
15728,0.5544554455445545,0.05555555555555556,0.44954128440366975,0.03508771929824561,0.03333333333333333
15729,0.43564356435643564,0.0,0.3577981651376147,0.005012531328320802,
15730,0.37623762376237624,0.0,0.3669724770642202,0.0,0.0
15731,0.5148514851485149,0.0,0.3761467889908257,0.0,0.0
15732,0.5247524752475248,0.11111111111111112,0.42201834862385323,0.012531328320802004,0.03333333333333333
15733,0.4158415841584158,0.0,0.4036697247706422,0.0,0.0
15734,0.40594059405940597,0.0,0.3853211009174312,0.0,0.0
15735,0.5346534653465347,0.0,0.45871559633027525,0.0,0.0
15736,0.42574257425742573,0.0,0.45871559633027525,0.0,0.0
15737,0.3366336633663366,0.0,0.3486238532110092,0.0,0.0
15738,0.3366336633663366,0.0,0.46788990825688076,0.0,0.0
15739,0.3564356435643564,0.0,0.46788990825688076,0.0,0.0
15740,0.49504950495049505,0.0,0.5137614678899083,0.0,0.0
15741,0.43564356435643564,0.0,0.4954128440366973,0.0,0.0
15742,0.36633663366336633,0.0,0.41284403669724773,0.0,0.0
15743,0.5148514851485149,0.0,0.41284403669724773,0.0,0.0
15744,0.39603960396039606,0.0,0.3853211009174312,0.0,0.0
15745,0.504950495049505,0.0,0.44036697247706424,0.0,0.0
15746,0.5148514851485149,0.0,0.44036697247706424,0.0,0.0
15747,0.49504950495049505,,0.3577981651376147,0.09273182957393483,0.03333333333333333
15748,0.49504950495049505,,0.3577981651376147,0.02756892230576441,0.0
15749,0.48514851485148514,0.0,0.3577981651376147,0.0,0.0
15750,0.4653465346534653,0.0,0.3486238532110092,0.0,0.0
15751,0.49504950495049505,0.4444444444444445,0.3302752293577982,0.03508771929824561,0.13333333333333333
15752,0.3069306930693069,0.11111111111111112,0.3211009174311927,0.002506265664160401,0.16666666666666666
15753,0.198019801980198,0.0,,0.0,0.13333333333333333
15754,0.21782178217821782,0.0,0.23853211009174313,0.0,0.13333333333333333
15755,0.42574257425742573,0.0,0.3486238532110092,0.0,0.13333333333333333
15756,0.4653465346534653,0.22222222222222224,0.3394495412844037,0.022556390977443608,0.2
15757,0.4752475247524752,0.11111111111111112,0.3577981651376147,0.05012531328320802,0.16666666666666666
15758,0.39603960396039606,,0.29357798165137616,0.017543859649122806,0.16666666666666666
15759,0.2376237623762376,0.0,0.25688073394495414,0.0,0.16666666666666666
15760,0.198019801980198,0.0,0.22018348623853212,0.0,0.13333333333333333
15761,0.39603960396039606,0.11111111111111112,0.3119266055045872,0.002506265664160401,0.16666666666666666
15762,0.21782178217821782,0.0,0.3119266055045872,0.0,0.16666666666666666
15763,0.25742574257425743,0.0,0.3211009174311927,0.0,0.13333333333333333
15764,0.39603960396039606,0.0,0.4036697247706422,0.0,0.13333333333333333
15765,0.39603960396039606,0.0,0.43119266055045874,0.0,0.1
15766,0.5643564356435644,0.0,0.42201834862385323,0.0,0.03333333333333333
15767,0.5544554455445545,0.0,0.41284403669724773,0.0,0.0
15768,0.5148514851485149,0.9444444444444445,0.3577981651376147,0.16541353383458646,0.3
15769,0.4554455445544554,0.0,0.41284403669724773,0.0,0.23333333333333334
15770,0.3564356435643564,0.0,0.43119266055045874,0.0,0.16666666666666666
15771,0.5148514851485149,0.0,0.43119266055045874,0.0,0.03333333333333333
15772,0.5346534653465347,0.0,0.3944954128440367,0.0,0.0
15773,0.5346534653465347,0.11111111111111112,0.3669724770642202,0.010025062656641603,0.03333333333333333
15774,0.36633663366336633,0.22222222222222224,0.3669724770642202,0.007518796992481203,0.06666666666666667
15775,0.42574257425742573,0.11111111111111112,0.3577981651376147,0.007518796992481203,0.06666666666666667
15776,0.40594059405940597,0.0,0.29357798165137616,0.0,0.03333333333333333
15777,0.2871287128712871,0.0,0.28440366972477066,0.0,0.03333333333333333
15778,0.2871287128712871,0.11111111111111112,0.3577981651376147,0.002506265664160401,0.03333333333333333
15779,0.5544554455445545,0.0,0.4036697247706422,0.002506265664160401,0.0
15780,0.4554455445544554,0.0,0.3944954128440367,0.06766917293233082,0.0
15781,0.4653465346534653,0.0,0.3119266055045872,0.0,0.0
15782,0.37623762376237624,0.0,0.3577981651376147,0.0,0.0
15783,0.5445544554455446,0.0,0.3944954128440367,0.05513784461152882,0.0
15784,0.5544554455445545,0.0,0.42201834862385323,0.0,0.0
15785,0.5445544554455446,0.0,0.44036697247706424,0.0,0.0
15786,0.5643564356435644,0.0,0.43119266055045874,0.13784461152882205,0.0
15787,0.5841584158415842,0.0,0.4036697247706422,0.022556390977443608,0.0
15788,0.5841584158415842,0.0,0.44036697247706424,0.010025062656641603,0.0
15789,0.5742574257425743,0.0,0.42201834862385323,0.0,0.0
15790,0.5346534653465347,0.0,0.4954128440366973,0.0,0.0
15791,0.5544554455445545,0.0,0.5871559633027523,0.005012531328320802,0.0
15792,0.6237623762376238,0.0,0.5412844036697249,0.012531328320802004,0.0
15793,0.6831683168316831,0.0,0.6055045871559633,0.0,0.0
15794,0.6633663366336633,0.0,0.5963302752293579,0.0,0.0
15795,0.5841584158415842,0.0,0.46788990825688076,0.19548872180451127,0.0
15796,0.5148514851485149,0.0,0.3944954128440367,0.02506265664160401,0.0
15797,0.48514851485148514,0.0,0.42201834862385323,0.0,0.0
15798,0.48514851485148514,0.0,0.44036697247706424,0.0,0.0
15799,0.5346534653465347,0.0,0.45871559633027525,0.0,0.0
15800,0.6039603960396039,0.0,0.5321100917431193,0.005012531328320802,0.0
15801,0.5643564356435644,0.0,0.5963302752293579,0.0,0.0
15802,0.693069306930693,0.0,0.6330275229357799,0.0,0.0
15803,0.7425742574257426,0.0,0.6055045871559633,0.03759398496240601,0.0
15804,0.594059405940594,0.0,0.5688073394495413,0.11528822055137844,0.0
15805,0.6039603960396039,0.0,0.5871559633027523,0.0,0.0
15806,0.6138613861386139,0.0,0.5412844036697249,0.017543859649122806,0.0
15807,0.5346534653465347,0.0,0.5596330275229359,0.0,0.0
15808,0.6039603960396039,0.0,0.5688073394495413,0.0,0.0
15809,0.6534653465346534,0.0,0.6788990825688074,0.0,0.0
15810,0.6336633663366337,0.0,0.6513761467889908,0.17794486215538846,0.0
15811,0.5445544554455446,0.0,0.47706422018348627,0.0,0.0
15812,0.5841584158415842,0.0,0.6330275229357799,0.0,0.0
15813,0.6732673267326732,0.0,0.6330275229357799,0.0,0.0
15814,0.7524752475247525,0.0,0.6513761467889908,0.10526315789473684,0.0
15815,0.5544554455445545,0.0,0.5871559633027523,0.02506265664160401,0.0
15816,0.5148514851485149,0.0,0.5779816513761468,0.0,0.0
15817,0.5643564356435644,0.0,0.6055045871559633,0.0,0.0
15818,0.5544554455445545,0.0,0.6146788990825688,0.007518796992481203,0.0
15819,0.6435643564356436,0.0,0.6146788990825688,0.19298245614035087,0.0
15820,0.5841584158415842,0.0,0.6146788990825688,0.005012531328320802,0.0
15821,0.5247524752475248,0.0,0.5688073394495413,0.0,0.0
15822,0.6435643564356436,0.0,0.6513761467889908,0.0,0.0
15823,0.7524752475247525,0.0,0.6972477064220184,0.0,0.0
15824,0.693069306930693,0.0,0.6880733944954128,0.03759398496240601,0.0
15825,0.6732673267326732,0.0,0.706422018348624,0.0,0.0
15826,0.7029702970297029,0.0,0.7155963302752294,0.0,0.0
15827,0.7821782178217822,0.0,0.7247706422018348,0.005012531328320802,0.0
15828,0.6831683168316831,0.0,0.706422018348624,0.012531328320802004,0.0
15829,0.7920792079207921,0.0,0.706422018348624,0.03759398496240601,0.0
15830,0.7227722772277227,0.0,0.7889908256880734,0.0,0.0
15831,0.693069306930693,0.0,0.779816513761468,0.0,0.0
15832,0.693069306930693,0.0,0.7889908256880734,0.0,0.0
15833,0.693069306930693,0.0,0.7981651376146789,0.0,0.0
15834,0.7128712871287128,0.0,0.81651376146789,0.0,0.0
15835,0.7128712871287128,0.0,0.7706422018348624,0.0,0.0
15836,,0.0,,0.0,0.0
15837,,0.0,,0.0,0.0
15838,0.6534653465346534,0.0,0.706422018348624,0.0,0.0
15839,0.7920792079207921,0.0,0.7614678899082569,0.0,0.0
15840,0.7227722772277227,0.0,0.7706422018348624,0.0,0.0
15841,0.6435643564356436,0.0,0.6788990825688074,0.0,0.0
15842,0.7425742574257426,0.0,0.6788990825688074,0.0,0.0
15843,0.6336633663366337,0.0,0.6605504587155964,0.020050125313283207,0.0
15844,0.6336633663366337,0.0,0.6146788990825688,0.0,0.0
15845,0.6534653465346534,0.0,0.6422018348623854,0.0,0.0
15846,0.6039603960396039,0.0,0.7247706422018348,0.0,0.0
15847,0.7722772277227723,0.0,0.7339449541284404,0.03759398496240601,0.0
15848,0.8316831683168316,0.0,0.7155963302752294,0.05012531328320802,0.0
15849,0.7524752475247525,0.0,0.706422018348624,0.03007518796992481,0.0
15850,0.6633663366336633,0.0,0.7247706422018348,0.0,0.0
15851,0.7227722772277227,0.0,0.7155963302752294,0.0,0.0
15852,0.7524752475247525,0.0,0.8073394495412844,0.0,0.0
15853,0.6831683168316831,0.0,0.7339449541284404,0.040100250626566414,0.0
15854,0.6633663366336633,0.0,0.7339449541284404,0.0,0.0
15855,,0.0,,0.14035087719298245,0.0
15856,0.6237623762376238,0.0,0.6146788990825688,0.0,0.0
15857,0.7326732673267327,0.0,0.6238532110091743,0.0,0.0
15858,0.7425742574257426,0.0,0.6330275229357799,0.0,0.0
15859,0.7326732673267327,0.0,0.6330275229357799,0.0,0.0
15860,0.7227722772277227,0.0,0.6330275229357799,0.15789473684210525,0.0
15861,0.6633663366336633,0.0,0.7339449541284404,0.0,0.0
15862,0.8118811881188118,0.0,0.7339449541284404,0.0,0.0
15863,0.8415841584158416,0.0,0.7522935779816514,0.2656641604010025,0.0
15864,0.900990099009901,0.0,0.7889908256880734,0.10526315789473684,0.0
15865,0.8514851485148515,0.0,0.7889908256880734,0.005012531328320802,0.0
15866,0.8217821782178217,0.0,0.7706422018348624,0.0,0.0
15867,0.801980198019802,0.0,0.7889908256880734,0.0,0.0
15868,0.8118811881188118,0.0,0.81651376146789,0.0,0.0
15869,0.8613861386138614,0.0,0.8256880733944955,0.0,0.0
15870,0.801980198019802,0.0,0.7339449541284404,0.07769423558897243,0.0
15871,0.7722772277227723,0.0,0.7522935779816514,0.0,0.0
15872,0.7722772277227723,0.0,0.8256880733944955,0.0,0.0
15873,0.9207920792079208,0.0,0.8623853211009175,0.0,0.0
15874,0.9108910891089109,0.0,0.853211009174312,0.0,0.0
15875,0.9405940594059405,0.0,0.8256880733944955,0.0,0.0
15876,0.7821782178217822,0.0,0.7614678899082569,0.3458646616541353,0.0
15877,0.801980198019802,0.0,0.8256880733944955,0.005012531328320802,0.0
15878,0.7920792079207921,0.0,0.853211009174312,0.0,0.0
15879,0.8118811881188118,0.0,0.8623853211009175,0.0,0.0
15880,0.9306930693069307,0.0,0.8623853211009175,0.0,0.0
15881,0.8316831683168316,0.0,0.7889908256880734,0.05263157894736842,0.0
15882,0.8712871287128713,0.0,0.7981651376146789,0.0,0.0
15883,0.8514851485148515,0.0,0.779816513761468,0.0,0.0
15884,0.7821782178217822,0.0,0.7614678899082569,0.0,0.0
15885,0.7722772277227723,0.0,0.7614678899082569,0.0,0.0
15886,0.8415841584158416,0.0,0.706422018348624,0.0,0.0
15887,0.8415841584158416,0.0,0.8073394495412844,0.09022556390977443,0.0
15888,0.8811881188118812,0.0,0.8073394495412844,0.02506265664160401,0.0
15889,0.9306930693069307,0.0,0.8623853211009175,0.005012531328320802,0.0
15890,0.9108910891089109,0.0,0.8807339449541285,0.0,0.0
15891,0.9108910891089109,0.0,0.8807339449541285,0.0,0.0
15892,0.9405940594059405,0.0,0.853211009174312,0.0,0.0
15893,0.9306930693069307,0.0,0.8348623853211009,0.09523809523809523,0.0
15894,0.9207920792079208,0.0,0.8807339449541285,0.0,0.0
15895,0.9108910891089109,0.0,0.889908256880734,0.07518796992481203,0.0
15896,0.9108910891089109,0.0,0.853211009174312,0.007518796992481203,0.0
15897,0.8811881188118812,0.0,0.853211009174312,0.11779448621553884,0.0
15898,0.7722772277227723,0.0,0.7981651376146789,0.0,0.0
15899,0.900990099009901,0.0,0.81651376146789,0.06265664160401002,0.0
15900,0.8811881188118812,0.0,0.8256880733944955,0.0,0.0
15901,0.801980198019802,0.0,0.7889908256880734,0.0,0.0
15902,0.8118811881188118,0.0,0.7981651376146789,0.0,0.0
15903,0.8613861386138614,0.0,0.853211009174312,0.0,0.0
15904,0.9405940594059405,0.0,0.853211009174312,0.3333333333333333,0.0
15905,0.8613861386138614,0.0,0.7981651376146789,0.0,0.0
15906,0.8316831683168316,0.0,0.8073394495412844,0.0,0.0
15907,0.801980198019802,0.0,0.7981651376146789,0.0,0.0
15908,0.7722772277227723,0.0,0.7706422018348624,0.0,0.0
15909,0.8514851485148515,0.0,0.8073394495412844,0.0,0.0
15910,0.8910891089108911,0.0,0.7981651376146789,0.0,0.0
15911,0.8910891089108911,0.0,0.8348623853211009,0.0,0.0
15912,0.8910891089108911,0.0,0.853211009174312,0.0,0.0
15913,0.9207920792079208,0.0,0.8990825688073395,0.0,0.0
15914,0.8811881188118812,0.0,0.8256880733944955,0.0,0.0
15915,0.801980198019802,0.0,0.7706422018348624,0.0,0.0
15916,0.7524752475247525,0.0,0.8073394495412844,0.0,0.0
15917,0.7920792079207921,0.0,0.81651376146789,0.0,0.0
15918,0.8712871287128713,0.0,0.8256880733944955,0.06265664160401002,0.0
15919,0.8217821782178217,0.0,0.8073394495412844,0.0,0.0
15920,0.8118811881188118,0.0,0.8073394495412844,0.05012531328320802,0.0
15921,0.7029702970297029,0.0,0.7247706422018348,0.0,0.0
15922,0.7425742574257426,0.0,0.7155963302752294,0.0,0.0
15923,0.7425742574257426,0.0,0.7247706422018348,0.042606516290726815,0.0
15924,0.7524752475247525,0.0,0.7889908256880734,0.0,0.0
15925,0.7821782178217822,0.0,0.8073394495412844,0.0,0.0
15926,0.8712871287128713,0.0,0.7889908256880734,0.0,0.0
15927,0.8217821782178217,0.0,0.8348623853211009,0.0,0.0
15928,0.8613861386138614,0.0,0.8256880733944955,0.0,0.0
15929,0.8613861386138614,0.0,0.8440366972477065,0.06766917293233082,0.0
15930,0.8613861386138614,0.0,0.853211009174312,0.0,0.0
15931,0.8712871287128713,0.0,0.8715596330275229,0.0,0.0
15932,0.9405940594059405,0.0,0.8440366972477065,0.005012531328320802,0.0
15933,0.8712871287128713,0.0,0.853211009174312,0.0,0.0
15934,0.8613861386138614,0.0,0.8623853211009175,0.0,0.0
15935,0.8514851485148515,0.0,0.8440366972477065,0.0,0.0
15936,0.9306930693069307,0.0,0.853211009174312,0.03759398496240601,0.0
15937,0.8316831683168316,0.0,0.8256880733944955,0.0,0.0
15938,0.7029702970297029,0.0,0.7706422018348624,0.0,0.0
15939,0.8118811881188118,0.0,0.8990825688073395,0.0,0.0
15940,0.9207920792079208,0.0,0.889908256880734,0.03007518796992481,0.0
15941,0.8811881188118812,0.0,0.889908256880734,0.0,0.0
15942,0.8910891089108911,0.0,0.908256880733945,0.0,0.0
15943,0.9306930693069307,0.0,0.9174311926605505,0.0,0.0
15944,0.8811881188118812,0.0,0.908256880733945,0.0,0.0
15945,0.8811881188118812,0.0,,0.0,0.0
15946,0.8514851485148515,0.0,0.8990825688073395,0.0,0.0
15947,0.900990099009901,0.0,0.889908256880734,0.14285714285714285,0.0
15948,0.7722772277227723,0.0,0.889908256880734,0.047619047619047616,0.0
15949,0.8217821782178217,0.0,0.7614678899082569,0.0,0.0
15950,0.8910891089108911,0.0,0.6972477064220184,0.5513784461152882,0.0
15951,0.7425742574257426,0.0,0.7339449541284404,0.05513784461152882,0.0
15952,0.7821782178217822,0.0,0.7706422018348624,0.0,0.0
15953,0.8118811881188118,0.0,0.7706422018348624,0.05513784461152882,0.0
15954,0.7623762376237624,0.0,0.7339449541284404,0.07017543859649122,0.0
15955,0.7326732673267327,0.0,0.706422018348624,0.0,0.0
15956,0.7524752475247525,0.0,0.743119266055046,0.0,0.0
15957,0.7623762376237624,0.0,0.743119266055046,0.015037593984962405,0.0
15958,0.6237623762376238,0.0,0.6330275229357799,0.0,0.0
15959,0.7425742574257426,0.0,0.7339449541284404,0.007518796992481203,0.0
15960,0.8316831683168316,0.0,0.81651376146789,0.0,0.0
15961,0.9504950495049505,0.0,0.81651376146789,0.0,0.0
15962,0.7524752475247525,0.0,0.7889908256880734,0.10776942355889724,0.0
15963,0.7425742574257426,0.0,0.6330275229357799,0.0,0.0
15964,0.7722772277227723,0.0,0.6605504587155964,0.0,0.0
15965,0.7425742574257426,0.0,0.6880733944954128,0.0,0.0
15966,0.801980198019802,0.0,0.6788990825688074,0.0,0.0
15967,0.7425742574257426,0.0,0.6697247706422019,0.0,0.0
15968,0.7524752475247525,0.0,0.6788990825688074,0.0,0.0
15969,0.7425742574257426,0.0,0.6788990825688074,0.0,0.0
15970,0.8514851485148515,0.0,0.6972477064220184,0.042606516290726815,0.0
15971,0.6435643564356436,0.0,0.6880733944954128,0.010025062656641603,0.0
15972,0.7128712871287128,0.0,0.6880733944954128,0.0,0.0
15973,0.7524752475247525,0.0,0.6146788990825688,0.10776942355889724,0.0
15974,0.7128712871287128,0.0,0.6238532110091743,0.0,0.0
15975,0.6831683168316831,0.0,0.5963302752293579,0.18796992481203006,0.0
15976,0.6138613861386139,0.0,0.5596330275229359,0.0,0.0
15977,0.5544554455445545,0.0,0.5504587155963303,0.05513784461152882,0.0
15978,0.6534653465346534,0.0,0.6880733944954128,0.0,0.0
15979,0.693069306930693,0.0,0.6880733944954128,0.0,0.0
15980,0.5841584158415842,0.0,0.6513761467889908,0.0,0.0
15981,0.7326732673267327,0.0,0.706422018348624,0.0,0.0
15982,0.5445544554455446,0.0,0.6330275229357799,0.0,0.0
15983,0.5841584158415842,0.0,0.7155963302752294,0.0,0.0
15984,0.7425742574257426,0.0,0.7706422018348624,0.0,0.0
15985,0.7227722772277227,0.0,0.7706422018348624,0.0,0.0
15986,0.6237623762376238,0.0,0.7522935779816514,0.15037593984962405,0.0
15987,0.5544554455445545,0.0,0.5229357798165137,0.02506265664160401,0.0
15988,0.504950495049505,0.0,0.5688073394495413,0.0,0.0
15989,0.6039603960396039,0.0,0.5504587155963303,0.0,0.0
15990,0.5643564356435644,0.0,0.5321100917431193,0.0,0.0
15991,0.5247524752475248,0.0,0.5871559633027523,0.0,0.0
15992,0.6534653465346534,0.0,0.706422018348624,0.0,0.0
15993,0.7821782178217822,0.0,0.706422018348624,0.02506265664160401,0.0
15994,,0.0,,0.11278195488721804,0.0
15995,0.6039603960396039,0.0,0.6146788990825688,0.0,0.0
15996,0.7029702970297029,0.0,0.5871559633027523,0.0,0.0
15997,0.7425742574257426,0.0,0.5779816513761468,0.0,0.0
15998,0.6732673267326732,0.0,0.6422018348623854,0.05263157894736842,0.0
15999,0.5643564356435644,0.0,0.5688073394495413,0.0,0.0
16000,0.5247524752475248,0.0,0.6146788990825688,0.0,0.0
16001,0.6336633663366337,0.0,0.6605504587155964,0.0,0.0
16002,0.6138613861386139,0.0,0.6788990825688074,0.0,0.0
16003,0.6534653465346534,0.0,0.6788990825688074,0.0,0.0
16004,0.6336633663366337,0.0,0.6697247706422019,0.0,0.0
16005,0.5643564356435644,0.0,0.5045871559633028,0.0,0.0
16006,0.6138613861386139,0.0,0.4954128440366973,0.0,0.0
16007,0.5643564356435644,0.0,0.44954128440366975,0.0,0.0
16008,0.5544554455445545,0.0,0.4036697247706422,0.02756892230576441,0.0
16009,0.5247524752475248,0.0,0.41284403669724773,0.0,0.0
16010,0.49504950495049505,0.0,0.45871559633027525,0.0,0.0
16011,0.6237623762376238,0.0,0.5045871559633028,0.0,0.0
16012,0.6336633663366337,0.0,0.5321100917431193,0.0,0.0
16013,0.6435643564356436,0.0,0.5596330275229359,0.0,0.0
16014,0.5643564356435644,0.0,0.5504587155963303,0.0,0.0
16015,0.4752475247524752,0.0,0.4036697247706422,0.0,0.0
16016,0.49504950495049505,0.0,0.5045871559633028,0.0,0.0
16017,0.5148514851485149,0.0,0.5321100917431193,0.0,0.0
16018,0.48514851485148514,0.0,0.5504587155963303,0.0,0.0
16019,0.5247524752475248,0.0,0.5779816513761468,0.0,0.0
16020,0.5445544554455446,0.0,0.5504587155963303,0.0,0.0
16021,0.6336633663366337,0.0,0.5871559633027523,0.07017543859649122,0.0
16022,0.693069306930693,0.0,0.6055045871559633,0.16040100250626566,0.0
16023,0.6534653465346534,0.0,0.5412844036697249,0.05513784461152882,0.0
16024,0.6039603960396039,0.0,0.44036697247706424,0.0,0.0
16025,0.594059405940594,0.0,0.45871559633027525,0.08771929824561403,0.0
16026,0.48514851485148514,0.0,0.48623853211009177,0.09273182957393483,0.0
16027,0.5445544554455446,0.0,0.46788990825688076,0.0,0.0
16028,0.49504950495049505,0.0,0.45871559633027525,0.0,0.0
16029,0.5445544554455446,0.0,0.5321100917431193,0.0,0.0
16030,0.5346534653465347,0.0,0.5229357798165137,0.0,0.0
16031,0.5445544554455446,0.0,0.5412844036697249,0.0,0.0
16032,0.6336633663366337,0.0,0.5229357798165137,0.05012531328320802,0.0
16033,0.5643564356435644,0.0,0.44036697247706424,0.03007518796992481,0.0
16034,0.6039603960396039,0.0,0.5596330275229359,0.06015037593984962,0.0
16035,0.4752475247524752,0.0,0.5412844036697249,0.15037593984962405,0.0
16036,0.4554455445544554,0.0,0.3577981651376147,0.0,0.0
16037,0.49504950495049505,,0.3669724770642202,0.012531328320802004,
16038,0.42574257425742573,0.0,0.3853211009174312,0.0,
16039,0.4455445544554455,0.0,0.44036697247706424,0.0,0.0
16040,0.5742574257425743,0.0,0.46788990825688076,0.0,0.0
16041,0.594059405940594,0.0,0.46788990825688076,0.03007518796992481,0.0
16042,0.6138613861386139,0.0,0.44036697247706424,0.08521303258145363,0.0
16043,0.594059405940594,0.0,0.43119266055045874,0.020050125313283207,0.0
16044,0.6039603960396039,0.0,0.44036697247706424,0.005012531328320802,0.0
16045,0.5247524752475248,0.0,0.4036697247706422,0.010025062656641603,0.0
16046,0.5346534653465347,0.0,0.42201834862385323,0.0,0.0
16047,0.5148514851485149,0.0,0.4954128440366973,0.0,0.0
16048,,0.0,0.5229357798165137,0.007518796992481203,0.0
16049,0.4554455445544554,0.0,,0.0,0.0
16050,0.38613861386138615,0.0,0.3944954128440367,0.0,0.0
16051,0.4752475247524752,0.0,0.41284403669724773,0.0,0.0
16052,0.5643564356435644,0.0,0.44036697247706424,0.0,0.0
16053,0.5841584158415842,0.0,0.45871559633027525,0.0,0.0
16054,0.5445544554455446,0.0,0.44954128440366975,0.0,0.0
16055,0.5445544554455446,0.0,0.44954128440366975,0.0,0.0
16056,0.5841584158415842,0.0,0.42201834862385323,0.010025062656641603,0.0
16057,0.5346534653465347,0.0,0.43119266055045874,0.03759398496240601,0.0
16058,0.5643564356435644,0.0,0.3761467889908257,0.0,0.0
16059,0.49504950495049505,0.022222222222222223,0.3577981651376147,0.042606516290726815,
16060,0.4752475247524752,,0.3302752293577982,0.0,
16061,0.3366336633663366,0.0,0.3302752293577982,0.0,
16062,0.40594059405940597,,0.28440366972477066,0.0,
16063,0.3564356435643564,,0.24770642201834864,0.010025062656641603,
16064,0.25742574257425743,,0.1834862385321101,0.0,
16065,0.26732673267326734,,0.21100917431192662,0.0,
16066,0.26732673267326734,,0.22935779816513763,0.0,
16067,,,0.25688073394495414,0.0,
16068,0.25742574257425743,0.0,0.25688073394495414,0.0,
16069,0.3564356435643564,0.0,0.3211009174311927,0.0,
16070,0.4653465346534653,0.0,0.3944954128440367,0.0,0.0
16071,0.4752475247524752,0.0,0.3853211009174312,0.0,0.0
16072,0.43564356435643564,0.0,0.30275229357798167,0.007518796992481203,0.0
16073,0.43564356435643564,0.0,0.3302752293577982,0.0,0.0
16074,0.31683168316831684,0.0,0.3302752293577982,0.0,0.0
16075,0.38613861386138615,0.16666666666666669,0.3119266055045872,0.03007518796992481,
16076,0.37623762376237624,0.22222222222222224,0.30275229357798167,0.042606516290726815,
16077,0.1782178217821782,0.0,0.22018348623853212,0.0,
16078,0.18811881188118812,0.0,0.2018348623853211,0.0,
16079,0.18811881188118812,0.0,0.26605504587155965,0.0,
16080,0.4455445544554455,0.11111111111111112,0.3761467889908257,0.02506265664160401,
16081,0.38613861386138615,0.0,0.3669724770642202,0.0,
16082,0.504950495049505,0.0,0.3577981651376147,0.0,
16083,0.26732673267326734,0.0,0.3119266055045872,0.0,
16084,0.1386138613861386,0.0,0.13761467889908258,0.0,
16085,0.0891089108910891,0.0,0.09174311926605505,0.0,
16086,0.26732673267326734,0.33333333333333337,0.1926605504587156,0.07518796992481203,0.13333333333333333
16087,0.0792079207920792,0.0,0.13761467889908258,0.0,
16088,0.0297029702970297,0.0,0.0,0.0,
16089,0.1485148514851485,0.0,0.14678899082568808,0.0,
16090,0.1584158415841584,0.0,0.1743119266055046,0.0,
16091,0.3465346534653465,0.0,0.3119266055045872,0.0,0.1
16092,0.37623762376237624,0.0,0.3761467889908257,0.0,
16093,0.5742574257425743,0.0,0.3761467889908257,0.0,
16094,0.49504950495049505,0.0,0.3761467889908257,0.0,0.0
16095,0.3465346534653465,0.2777777777777778,0.30275229357798167,0.05764411027568922,
16096,0.3465346534653465,0.0,0.4036697247706422,0.0,
16097,0.5346534653465347,0.0,0.42201834862385323,0.2907268170426065,0.0
16098,0.48514851485148514,0.22222222222222224,0.3302752293577982,0.07017543859649122,
16099,0.37623762376237624,0.0,0.30275229357798167,0.0,
16100,0.3267326732673267,0.0,0.24770642201834864,0.0,0.06666666666666667
16101,0.18811881188118812,0.11111111111111112,0.1926605504587156,0.002506265664160401,0.1
16102,0.24752475247524752,0.0,0.3119266055045872,0.0,
16103,0.31683168316831684,0.0,0.3119266055045872,0.0,
16104,0.37623762376237624,0.0,0.29357798165137616,0.0,
16105,0.297029702970297,0.0,0.30275229357798167,0.0,0.1
16106,0.297029702970297,0.0,0.4036697247706422,0.0,0.03333333333333333
16107,0.3465346534653465,0.0,0.4036697247706422,0.0,0.0
16108,0.297029702970297,0.33333333333333337,0.22935779816513763,0.047619047619047616,0.1
16109,0.3069306930693069,0.11111111111111112,0.2018348623853211,0.02506265664160401,0.13333333333333333
16110,0.1782178217821782,0.0,0.1834862385321101,0.0,0.1
16111,0.297029702970297,0.0,0.26605504587155965,0.0,
16112,0.2871287128712871,0.0,0.29357798165137616,0.0,
16113,0.4455445544554455,,0.3302752293577982,0.0,0.06666666666666667
16114,0.3465346534653465,0.0,0.42201834862385323,0.0,
16115,0.5445544554455446,0.0,0.41284403669724773,0.0,0.03333333333333333
16116,0.43564356435643564,0.0,0.3944954128440367,0.0,
16117,0.5148514851485149,0.0,0.46788990825688076,0.0,0.0
16118,0.5346534653465347,0.0,0.5412844036697249,0.0,0.0
16119,0.6138613861386139,0.0,0.5871559633027523,0.0,0.0
16120,0.7128712871287128,0.0,0.5963302752293579,0.0,0.0
16121,0.5742574257425743,0.0,0.5412844036697249,0.0,0.0
16122,0.4752475247524752,0.0,0.3669724770642202,0.0,0.0
16123,0.4455445544554455,0.11111111111111112,0.3577981651376147,0.05012531328320802,0.03333333333333333
16124,0.43564356435643564,0.0,0.3669724770642202,0.0,0.0
16125,0.31683168316831684,0.0,0.27522935779816515,0.0,0.0
16126,0.21782178217821782,0.4444444444444445,0.28440366972477066,0.12781954887218044,0.13333333333333333
16127,0.1089108910891089,0.0,0.25688073394495414,0.0,
16128,0.2079207920792079,0.0,0.3119266055045872,0.0,
16129,0.42574257425742573,0.0,0.3486238532110092,0.0,0.1
16130,0.38613861386138615,0.0,0.3761467889908257,0.0,0.06666666666666667
16131,0.3465346534653465,0.0,0.3944954128440367,0.0,0.03333333333333333
16132,0.5346534653465347,0.0,0.44036697247706424,0.0,0.0
16133,0.5148514851485149,0.0,0.46788990825688076,0.0,0.0
16134,0.5841584158415842,0.0,0.5596330275229359,0.0,0.0
16135,0.6039603960396039,0.0,0.5779816513761468,0.08020050125313283,0.0
16136,0.5148514851485149,0.0,0.46788990825688076,0.05263157894736842,0.0
16137,0.48514851485148514,0.0,0.3669724770642202,0.0,0.0
16138,0.40594059405940597,0.22222222222222224,0.4036697247706422,0.022556390977443608,0.06666666666666667
16139,0.4554455445544554,0.0,0.4036697247706422,0.0,0.0
16140,0.48514851485148514,0.0,0.5045871559633028,0.0,0.0
16141,0.6138613861386139,0.0,0.5045871559633028,0.02506265664160401,0.0
16142,0.5247524752475248,0.0,0.44954128440366975,0.0,0.0
16143,0.594059405940594,0.0,0.4954128440366973,0.0,0.0
16144,0.4554455445544554,0.0,0.3853211009174312,0.0,0.0
16145,0.38613861386138615,0.0,0.3577981651376147,0.0,0.0
16146,0.5346534653465347,0.0,0.41284403669724773,0.0,0.0
16147,0.42574257425742573,0.0,0.46788990825688076,0.0,0.0
16148,0.5148514851485149,0.0,0.5504587155963303,0.0,0.0
16149,0.594059405940594,0.0,0.5504587155963303,0.07268170426065163,0.0
16150,0.5643564356435644,0.0,0.6055045871559633,0.02756892230576441,0.0
16151,0.6237623762376238,0.0,0.6972477064220184,0.0,0.0
16152,0.7227722772277227,0.0,0.6972477064220184,0.02756892230576441,0.0
16153,0.5247524752475248,0.0,0.5229357798165137,0.0,0.0
16154,0.4752475247524752,0.0,0.47706422018348627,0.0,0.0
16155,0.6138613861386139,0.0,0.47706422018348627,0.07518796992481203,0.0
16156,0.594059405940594,0.0,0.5229357798165137,0.0,0.0
16157,0.5247524752475248,0.0,0.48623853211009177,0.040100250626566414,0.0
16158,0.504950495049505,0.0,0.46788990825688076,0.0,0.0
16159,0.49504950495049505,0.0,0.5045871559633028,0.0,0.0
16160,0.5643564356435644,0.0,0.6422018348623854,0.0,0.0
16161,0.6435643564356436,0.0,0.6880733944954128,0.0,0.0
16162,0.5445544554455446,,0.6880733944954128,0.10526315789473684,0.06666666666666667
16163,0.5346534653465347,0.0,0.5504587155963303,0.0,0.0
16164,0.6237623762376238,0.0,0.5688073394495413,0.0,0.0
16165,0.5148514851485149,0.3888888888888889,0.5504587155963303,0.08771929824561403,
16166,0.3465346534653465,0.12222222222222223,0.41284403669724773,0.02756892230576441,
16167,0.4554455445544554,0.0,0.5045871559633028,0.0,0.0
16168,0.6435643564356436,0.0,0.6238532110091743,0.0,0.0
16169,0.6831683168316831,0.0,0.6238532110091743,0.10776942355889724,0.0
16170,0.6138613861386139,0.0,0.6146788990825688,0.0,0.0
16171,0.6138613861386139,0.0,0.5412844036697249,0.24060150375939848,0.0
16172,0.693069306930693,0.0,0.6330275229357799,0.12531328320802004,0.0
16173,0.6534653465346534,0.0,0.6605504587155964,0.02756892230576441,0.0
16174,0.7425742574257426,0.0,0.706422018348624,0.0,0.0
16175,0.6732673267326732,0.0,0.6697247706422019,0.05263157894736842,0.0
16176,0.6237623762376238,0.0,0.5871559633027523,0.0,0.0
16177,0.594059405940594,0.0,0.7614678899082569,0.0,0.0
16178,0.7722772277227723,0.0,0.7706422018348624,0.0,0.0
16179,0.5742574257425743,0.0,0.6605504587155964,0.0,0.0
16180,0.5643564356435644,0.0,0.6238532110091743,0.0,0.0
16181,0.5643564356435644,0.0,0.5871559633027523,0.0,0.0
16182,0.5643564356435644,0.0,0.6146788990825688,0.0,0.0
16183,0.6831683168316831,0.0,0.6422018348623854,0.0,0.0
16184,0.7128712871287128,0.0,0.7706422018348624,0.0,0.0
16185,0.7227722772277227,0.0,0.8073394495412844,0.0,0.0
16186,0.8316831683168316,0.0,0.8073394495412844,0.24060150375939848,0.0
16187,0.6435643564356436,0.0,0.6880733944954128,0.0,0.0
16188,0.6336633663366337,0.0,0.48623853211009177,0.14285714285714285,0.0
16189,0.6039603960396039,0.0,0.6146788990825688,0.0,0.0
16190,0.594059405940594,0.0,0.45871559633027525,0.13283208020050125,0.0
16191,0.5643564356435644,0.0,0.5045871559633028,0.0,0.0
16192,0.5643564356435644,0.0,0.6146788990825688,0.0,0.0
16193,0.6138613861386139,0.0,0.5963302752293579,0.0,0.0
16194,0.504950495049505,0.0,0.6055045871559633,0.0,0.0
16195,0.504950495049505,0.0,0.6880733944954128,0.0,0.0
16196,0.6039603960396039,0.0,0.6238532110091743,0.0,0.0
16197,0.6039603960396039,0.0,0.5045871559633028,0.05513784461152882,0.0
16198,0.6138613861386139,0.0,0.6513761467889908,0.0,0.0
16199,0.6534653465346534,0.0,0.6880733944954128,0.0,0.0
16200,0.6633663366336633,0.0,0.6605504587155964,0.0,0.0
16201,0.6732673267326732,0.0,0.6972477064220184,0.05513784461152882,0.0
16202,0.6138613861386139,0.0,0.6972477064220184,0.0,0.0
16203,0.6039603960396039,0.0,0.6788990825688074,0.0,0.0
16204,0.7128712871287128,0.0,0.743119266055046,0.0,0.0
16205,0.7128712871287128,0.0,0.7155963302752294,0.0,0.0
16206,0.6435643564356436,0.0,0.6330275229357799,0.0,0.0
16207,0.594059405940594,0.0,0.6697247706422019,0.0,0.0
16208,0.6039603960396039,0.0,0.6697247706422019,0.0,0.0
16209,0.6534653465346534,0.0,0.706422018348624,0.0,0.0
16210,0.6534653465346534,0.0,0.7522935779816514,0.0,0.0
16211,0.7623762376237624,0.0,0.81651376146789,0.0,0.0
16212,0.7821782178217822,0.0,0.8623853211009175,0.0,0.0
16213,0.8217821782178217,0.0,0.8440366972477065,0.0,0.0
16214,0.8415841584158416,0.0,0.8073394495412844,0.0,0.0
16215,0.7920792079207921,0.0,0.779816513761468,0.11779448621553884,0.0
16216,0.5841584158415842,0.0,0.6146788990825688,0.0,0.0
16217,0.6336633663366337,0.0,0.6422018348623854,0.0,0.0
16218,0.7722772277227723,0.0,0.7339449541284404,0.0,0.0
16219,0.7821782178217822,0.0,0.779816513761468,0.0,0.0
16220,0.7524752475247525,0.0,0.8348623853211009,0.0,0.0
16221,0.7524752475247525,0.0,0.8348623853211009,0.0,0.0
16222,0.6336633663366337,0.0,0.7247706422018348,0.0,0.0
16223,0.6534653465346534,0.0,0.7155963302752294,0.0,0.0
16224,0.693069306930693,0.0,0.7614678899082569,0.0,0.0
16225,0.7425742574257426,0.0,0.7981651376146789,0.0,0.0
16226,0.8613861386138614,0.0,0.8623853211009175,0.015037593984962405,0.0
16227,0.7920792079207921,0.0,0.8715596330275229,0.0,0.0
16228,0.7524752475247525,0.0,0.8623853211009175,0.0,0.0
16229,0.6534653465346534,0.0,0.6972477064220184,0.0,0.0
16230,0.7029702970297029,0.0,0.7614678899082569,0.0,0.0
16231,0.7722772277227723,0.0,0.81651376146789,0.0,0.0
16232,0.8118811881188118,0.0,0.8256880733944955,0.042606516290726815,0.0
16233,0.7326732673267327,0.0,0.81651376146789,0.0,0.0
16234,0.7326732673267327,0.0,0.8623853211009175,0.022556390977443608,0.0
16235,0.900990099009901,0.0,0.889908256880734,0.0,0.0
16236,0.9207920792079208,0.0,0.9174311926605505,0.0,0.0
16237,0.9306930693069307,0.0,0.9541284403669725,0.0,0.0
16238,0.9207920792079208,0.0,0.944954128440367,0.010025062656641603,0.0
16239,0.9504950495049505,0.0,0.9541284403669725,0.0,0.0
16240,0.900990099009901,0.0,0.9357798165137615,0.0,0.0
16241,0.9108910891089109,0.0,0.908256880733945,0.21052631578947367,0.0
16242,0.8217821782178217,0.0,0.8807339449541285,0.0,0.0
16243,0.8514851485148515,0.0,0.8623853211009175,0.0,0.0
16244,0.8415841584158416,0.0,0.7614678899082569,0.2556390977443609,0.0
16245,0.7920792079207921,0.0,0.7522935779816514,0.12781954887218044,0.0
16246,0.7920792079207921,0.0,0.743119266055046,0.047619047619047616,0.0
16247,0.8217821782178217,0.0,0.7247706422018348,0.0,0.0
16248,0.801980198019802,0.0,0.7706422018348624,0.0,0.0
16249,0.8217821782178217,0.0,0.8073394495412844,0.08020050125313283,0.0
16250,0.8217821782178217,0.0,0.7614678899082569,0.0,0.0
16251,0.8217821782178217,0.0,0.7981651376146789,0.0,0.0
16252,0.900990099009901,0.0,0.81651376146789,0.0,0.0
16253,0.8217821782178217,0.0,0.8073394495412844,0.0,0.0
16254,0.8316831683168316,0.0,0.7889908256880734,0.0,0.0
16255,0.8910891089108911,0.0,0.8623853211009175,0.0,0.0
16256,0.9207920792079208,0.0,0.853211009174312,0.0,0.0
16257,,0.0,0.889908256880734,0.05513784461152882,0.0
16258,0.9108910891089109,0.0,0.8348623853211009,0.08521303258145363,0.0
16259,0.8415841584158416,0.0,0.8256880733944955,0.11528822055137844,0.0
16260,0.801980198019802,0.0,0.779816513761468,0.0,0.0
16261,0.7623762376237624,0.0,0.7247706422018348,0.0,0.0
16262,0.8118811881188118,0.0,0.7614678899082569,0.0,0.0
16263,0.8613861386138614,0.0,0.853211009174312,0.0,0.0
16264,0.8514851485148515,0.0,0.8440366972477065,0.0,0.0
16265,0.8613861386138614,0.0,0.8256880733944955,0.0,0.0
16266,0.7920792079207921,0.0,0.7889908256880734,0.0,0.0
16267,0.8217821782178217,0.0,0.8073394495412844,0.0,0.0
16268,0.8316831683168316,0.0,0.7889908256880734,0.0,0.0
16269,0.8118811881188118,0.0,0.8348623853211009,0.0,0.0
16270,0.8514851485148515,0.0,0.8348623853211009,0.0,0.0
16271,0.9108910891089109,0.0,0.8990825688073395,0.0,0.0
16272,0.9108910891089109,0.0,0.8073394495412844,0.02756892230576441,0.0
16273,0.8613861386138614,0.0,0.8073394495412844,0.020050125313283207,0.0
16274,0.8910891089108911,0.0,0.8348623853211009,0.002506265664160401,0.0
16275,0.801980198019802,0.0,0.8348623853211009,0.0,0.0
16276,0.8118811881188118,0.0,0.8256880733944955,0.0,0.0
16277,0.7722772277227723,0.0,0.7706422018348624,0.0,0.0
16278,0.8118811881188118,0.0,0.7706422018348624,0.012531328320802004,0.0
16279,0.7821782178217822,0.0,0.7981651376146789,0.0,0.0
16280,0.7920792079207921,0.0,0.7981651376146789,0.0,0.0
16281,0.8118811881188118,0.0,0.8073394495412844,0.0,0.0
16282,0.8118811881188118,0.0,0.81651376146789,0.0,0.0
16283,0.8514851485148515,0.0,0.8440366972477065,0.0,0.0
16284,0.8712871287128713,0.0,0.8348623853211009,0.0,0.0
16285,0.8712871287128713,0.0,0.8440366972477065,0.0,0.0
16286,0.7920792079207921,0.0,0.7614678899082569,0.11027568922305764,0.0
16287,0.693069306930693,0.0,0.706422018348624,0.0,0.0
16288,0.7326732673267327,0.0,0.7155963302752294,0.0,0.0
16289,0.7524752475247525,0.0,0.7614678899082569,0.0,0.0
16290,0.801980198019802,0.0,0.81651376146789,0.0,0.0
16291,0.7128712871287128,0.0,0.6238532110091743,0.0,0.0
16292,0.7425742574257426,0.0,0.6972477064220184,0.02506265664160401,0.0
16293,0.8316831683168316,0.0,0.6697247706422019,0.09523809523809523,0.0
16294,0.8613861386138614,0.0,0.7155963302752294,0.05012531328320802,0.0
16295,,0.0,0.7889908256880734,0.18295739348370926,0.0
16296,0.7128712871287128,0.0,0.706422018348624,0.0,0.0
16297,0.7128712871287128,0.0,0.743119266055046,0.0,0.0
16298,0.7326732673267327,0.0,0.7614678899082569,0.0,0.0
16299,0.7821782178217822,0.0,0.779816513761468,0.0,0.0
16300,0.7821782178217822,0.0,0.7981651376146789,0.0,0.0
16301,0.8217821782178217,0.0,0.81651376146789,0.0,0.0
16302,0.8514851485148515,0.0,0.7247706422018348,0.05012531328320802,0.0
16303,0.7821782178217822,0.0,0.706422018348624,0.0,0.0
16304,0.7623762376237624,0.0,0.8073394495412844,0.0,0.0
16305,0.7623762376237624,0.0,0.779816513761468,0.0,0.0
16306,0.8118811881188118,0.0,0.8073394495412844,0.0,0.0
16307,0.8613861386138614,0.0,0.8807339449541285,0.0,0.0
16308,0.8316831683168316,0.0,0.7889908256880734,0.0,0.0
16309,0.8118811881188118,0.0,0.853211009174312,0.0,0.0
16310,0.7128712871287128,0.0,0.8073394495412844,0.0,0.0
16311,0.6831683168316831,0.0,0.8073394495412844,0.0,0.0
16312,0.7227722772277227,0.0,0.6972477064220184,0.03258145363408521,0.0
16313,0.7128712871287128,0.0,0.7247706422018348,0.0,0.0
16314,0.6633663366336633,0.0,0.6880733944954128,0.0,0.0
16315,0.6831683168316831,0.0,0.706422018348624,0.0,0.0
16316,0.693069306930693,0.0,0.7247706422018348,0.0,0.0
16317,0.7227722772277227,0.0,0.7247706422018348,0.0,0.0
16318,0.7920792079207921,0.0,0.7614678899082569,0.0,0.0
16319,0.7326732673267327,0.0,0.7522935779816514,0.005012531328320802,0.0
16320,0.7326732673267327,0.0,0.7706422018348624,0.0,0.0
16321,0.7425742574257426,0.0,0.8073394495412844,0.0,0.0
16322,0.7524752475247525,0.0,0.8348623853211009,0.0,0.0
16323,0.7227722772277227,0.0,0.7889908256880734,0.0,0.0
16324,0.7029702970297029,0.0,0.7706422018348624,0.0,0.0
16325,0.7029702970297029,0.0,0.853211009174312,0.0,0.0
16326,0.8415841584158416,0.0,0.8440366972477065,0.0,0.0
16327,0.8712871287128713,0.0,0.8990825688073395,0.0,0.0
16328,0.8712871287128713,0.0,0.8715596330275229,0.0,0.0
16329,0.8415841584158416,0.0,0.853211009174312,0.0,0.0
16330,0.7128712871287128,0.0,0.853211009174312,0.0,0.0
16331,0.7029702970297029,0.0,0.779816513761468,0.0,0.0
16332,0.7029702970297029,0.0,0.8073394495412844,0.0,0.0
16333,0.7425742574257426,0.0,0.8256880733944955,0.0,0.0
16334,0.7524752475247525,0.0,0.8073394495412844,0.0,0.0
16335,0.7524752475247525,0.0,0.7981651376146789,0.0,0.0
16336,0.7524752475247525,0.0,0.7706422018348624,0.0,0.0
16337,0.8118811881188118,0.0,0.7706422018348624,0.05513784461152882,0.0
16338,0.7227722772277227,0.0,0.7247706422018348,0.045112781954887216,0.0
16339,0.7128712871287128,0.0,0.7247706422018348,0.10025062656641603,0.0
16340,0.7524752475247525,0.0,0.5963302752293579,0.03007518796992481,0.0
16341,0.6732673267326732,0.0,0.6238532110091743,0.017543859649122806,0.0
16342,0.6138613861386139,0.0,0.6605504587155964,0.0,0.0
16343,0.6138613861386139,0.0,0.7155963302752294,0.007518796992481203,0.0
16344,0.6435643564356436,0.0,0.6330275229357799,0.0,0.0
16345,0.6435643564356436,0.0,0.6422018348623854,0.0,0.0
16346,0.6336633663366337,0.0,0.6422018348623854,0.0,0.0
16347,0.6633663366336633,0.0,0.6146788990825688,0.0,0.0
16348,0.5841584158415842,0.0,0.6055045871559633,0.0,0.0
16349,,0.0,0.6788990825688074,0.0,0.0
16350,0.6831683168316831,0.0,0.7889908256880734,0.0,0.0
16351,0.7128712871287128,0.0,0.7614678899082569,0.09273182957393483,0.0
16352,0.5742574257425743,0.0,0.6055045871559633,0.0,0.0
16353,0.5544554455445545,0.0,0.5963302752293579,0.0,0.0
16354,0.5346534653465347,0.0,0.6238532110091743,0.0,0.0
16355,0.5841584158415842,0.0,0.6972477064220184,0.0,0.0
16356,0.5841584158415842,0.0,0.6972477064220184,0.0,0.0
16357,0.5841584158415842,0.0,0.6972477064220184,0.0,0.0
16358,0.693069306930693,0.0,0.7155963302752294,0.0,0.0
16359,0.6534653465346534,0.0,0.743119266055046,0.0,0.0
16360,0.6633663366336633,0.0,0.7614678899082569,0.0,0.0
16361,,0.0,0.6697247706422019,0.05263157894736842,0.0
16362,0.7128712871287128,0.0,0.6697247706422019,0.0,0.0
16363,0.6039603960396039,0.0,0.6513761467889908,0.0,0.0
16364,0.594059405940594,0.0,0.6422018348623854,0.0,0.0
16365,0.6336633663366337,0.0,0.6880733944954128,0.005012531328320802,0.0
16366,0.6138613861386139,0.0,0.6422018348623854,0.0,0.0
16367,0.6237623762376238,0.0,0.5688073394495413,0.005012531328320802,0.0
16368,0.5247524752475248,0.0,0.47706422018348627,0.0,0.0
16369,0.5247524752475248,0.0,0.5137614678899083,0.0,0.0
16370,0.5148514851485149,0.0,0.5596330275229359,0.0,0.0
16371,0.6039603960396039,0.0,0.6238532110091743,0.0,0.0
16372,0.7425742574257426,0.0,0.6605504587155964,0.0,0.0
16373,0.7326732673267327,0.0,0.6330275229357799,0.0,0.0
16374,0.6534653465346534,0.0,0.5779816513761468,0.13283208020050125,0.0
16375,0.5445544554455446,0.0,0.45871559633027525,0.05263157894736842,0.0
16376,0.5544554455445545,0.0,0.5688073394495413,0.0,0.0
16377,0.7425742574257426,0.0,0.6513761467889908,0.005012531328320802,0.0
16378,0.7821782178217822,0.0,0.6238532110091743,0.05012531328320802,0.0
16379,0.7425742574257426,0.0,0.6146788990825688,0.20551378446115287,0.0
16380,0.5346534653465347,0.0,0.5412844036697249,0.0,0.0
16381,0.5544554455445545,0.0,0.5504587155963303,0.0,0.0
16382,0.6336633663366337,0.0,0.6238532110091743,0.08771929824561403,0.0
16383,0.5742574257425743,0.0,0.47706422018348627,0.16791979949874686,0.0
16384,0.5247524752475248,0.0,0.5229357798165137,0.0,0.0
16385,0.5148514851485149,0.0,0.5229357798165137,0.0,0.0
16386,0.5742574257425743,0.0,0.5504587155963303,0.0,0.0
16387,0.7128712871287128,0.0,0.6697247706422019,0.0,0.0
16388,0.6435643564356436,0.0,0.6055045871559633,0.007518796992481203,0.0
16389,0.594059405940594,0.0,0.5321100917431193,0.0,0.0
16390,0.5643564356435644,0.0,0.5321100917431193,0.0,0.0
16391,0.6435643564356436,0.0,0.5688073394495413,0.0,0.0
16392,0.5247524752475248,0.0,0.6055045871559633,0.0,0.0
16393,0.5148514851485149,0.0,0.6055045871559633,0.0,0.0
16394,0.6633663366336633,0.0,0.5779816513761468,0.012531328320802004,0.0
16395,0.5445544554455446,0.0,0.5504587155963303,0.0,0.0
16396,0.49504950495049505,0.0,0.42201834862385323,0.0,0.0
16397,0.42574257425742573,0.0,0.44036697247706424,0.0,0.0
16398,0.4752475247524752,0.0,0.4954128440366973,0.0,0.0
16399,0.4752475247524752,0.0,0.4954128440366973,0.0,0.0
16400,0.48514851485148514,0.0,0.4036697247706422,0.0,0.0
16401,0.48514851485148514,0.0,0.5596330275229359,0.2807017543859649,0.0
16402,0.5346534653465347,0.0,0.42201834862385323,0.0,0.0
16403,0.49504950495049505,0.0,0.43119266055045874,0.0,0.0
16404,0.4455445544554455,0.0,0.3853211009174312,0.0,0.0
16405,0.4455445544554455,0.0,0.46788990825688076,0.0,0.0
16406,0.5643564356435644,0.0,0.5504587155963303,0.0,0.0
16407,0.6435643564356436,0.0,0.5596330275229359,0.0,0.0
16408,0.6435643564356436,0.0,0.5779816513761468,0.042606516290726815,0.0
16409,0.6732673267326732,0.0,0.5596330275229359,0.0,0.0
16410,0.5544554455445545,0.0,0.45871559633027525,0.2756892230576441,0.0
16411,0.42574257425742573,0.0,0.3577981651376147,0.03508771929824561,0.0
16412,0.42574257425742573,0.0,0.3577981651376147,0.022556390977443608,0.0
16413,0.5346534653465347,0.0,0.3669724770642202,0.0,0.0
16414,0.4752475247524752,0.22222222222222224,0.3486238532110092,0.047619047619047616,
16415,0.40594059405940597,0.0,0.3211009174311927,0.0,0.03333333333333333
16416,0.3366336633663366,0.0,0.29357798165137616,0.0,0.0
16417,0.4752475247524752,0.0,0.3119266055045872,0.0,0.0
16418,0.4752475247524752,0.0,0.3211009174311927,0.0,0.0
16419,0.4554455445544554,0.0,0.3761467889908257,0.0,0.0
16420,0.5445544554455446,0.0,0.46788990825688076,0.15288220551378445,0.0
16421,0.5643564356435644,0.0,0.41284403669724773,0.0,0.0
16422,0.49504950495049505,0.0,0.41284403669724773,0.0,0.0
16423,0.49504950495049505,0.0,0.3944954128440367,0.0,0.0
16424,0.48514851485148514,0.0,0.45871559633027525,0.0,0.0
16425,0.49504950495049505,0.0,0.4954128440366973,0.0,0.0
16426,0.49504950495049505,0.0,0.5321100917431193,0.0,0.0
16427,0.594059405940594,0.0,0.48623853211009177,0.0,0.0
16428,0.48514851485148514,0.0,0.48623853211009177,0.0,0.0
16429,0.48514851485148514,0.0,0.48623853211009177,0.0,0.0
16430,0.504950495049505,0.0,0.3302752293577982,0.0,0.0
16431,0.504950495049505,0.0,0.3669724770642202,0.0,0.0
16432,0.5247524752475248,0.0,0.43119266055045874,0.0,0.0
16433,0.5247524752475248,0.0,0.3761467889908257,0.0,0.0
16434,0.5148514851485149,0.0,0.43119266055045874,0.012531328320802004,0.0
16435,0.5643564356435644,0.0,0.3944954128440367,0.06516290726817042,0.0
16436,0.3564356435643564,0.0,0.3761467889908257,0.0,0.0
16437,0.3564356435643564,0.0,0.25688073394495414,0.0,0.0
16438,0.2772277227722772,0.0,0.22935779816513763,0.0,0.0
16439,0.24752475247524752,0.0,0.1834862385321101,0.0,0.0
16440,0.2376237623762376,0.0,0.25688073394495414,0.0,0.0
16441,0.42574257425742573,0.3888888888888889,0.3119266055045872,0.05513784461152882,0.13333333333333333
16442,0.3366336633663366,0.0,0.3119266055045872,0.0,0.06666666666666667
16443,0.26732673267326734,0.0,0.25688073394495414,0.0,0.03333333333333333
16444,0.2376237623762376,0.05555555555555556,0.24770642201834864,0.0,0.03333333333333333
16445,0.4158415841584158,0.0,0.3211009174311927,0.0,0.03333333333333333
16446,0.5148514851485149,0.0,0.47706422018348627,0.012531328320802004,0.0
16447,0.693069306930693,0.0,0.5963302752293579,0.007518796992481203,0.0
16448,0.693069306930693,0.0,0.6055045871559633,0.0,0.0
16449,0.6039603960396039,0.0,0.5963302752293579,0.03759398496240601,0.0
16450,0.5247524752475248,0.0,0.41284403669724773,0.0,0.0
16451,0.5148514851485149,0.0,0.3302752293577982,0.0,0.0
16452,0.5148514851485149,0.0,0.3944954128440367,0.0,0.0
16453,0.5544554455445545,0.0,0.44036697247706424,0.0,0.0
16454,0.5643564356435644,0.0,0.42201834862385323,0.14786967418546365,0.0
16455,0.504950495049505,0.5555555555555556,0.42201834862385323,0.22055137844611528,0.16666666666666666
16456,0.42574257425742573,0.33333333333333337,0.3119266055045872,0.017543859649122806,0.26666666666666666
16457,0.4158415841584158,,0.25688073394495414,0.0,0.23333333333333334
16458,0.42574257425742573,0.05555555555555556,0.29357798165137616,0.0,0.2
16459,0.3564356435643564,,0.3119266055045872,0.0,0.16666666666666666
16460,0.3366336633663366,0.0,0.29357798165137616,0.0,0.13333333333333333
16461,0.3069306930693069,0.0,0.3211009174311927,0.0,0.13333333333333333
16462,0.2772277227722772,0.0,0.30275229357798167,0.0,0.13333333333333333
16463,0.2772277227722772,0.0,0.30275229357798167,0.0,
16464,0.25742574257425743,0.0,0.3119266055045872,0.0,
16465,0.26732673267326734,0.0,0.3119266055045872,0.0,0.1
16466,0.4653465346534653,0.0,0.3761467889908257,0.0,0.06666666666666667
16467,0.5247524752475248,0.0,0.4036697247706422,0.0,0.0
16468,0.3564356435643564,0.0,0.3486238532110092,0.0,0.0
16469,0.37623762376237624,0.05555555555555556,0.30275229357798167,0.0,0.0
16470,0.2871287128712871,0.0,0.30275229357798167,0.0,0.0
16471,0.25742574257425743,0.0,0.1559633027522936,0.0,0.0
16472,0.297029702970297,0.0,0.22935779816513763,0.0,0.0
16473,0.25742574257425743,0.0,0.23853211009174313,0.0,0.0
16474,0.31683168316831684,0.0,0.24770642201834864,0.0,0.0
16475,0.3564356435643564,0.0,0.3302752293577982,0.0,0.0
16476,0.3465346534653465,0.0,0.3944954128440367,0.0,0.0
16477,0.21782178217821782,0.0,0.1926605504587156,0.0,0.0
16478,0.297029702970297,0.0,0.1834862385321101,0.0,0.0
16479,0.297029702970297,0.0,0.30275229357798167,0.0,0.0
16480,0.3366336633663366,0.0,0.4036697247706422,0.007518796992481203,0.0
16481,0.5346534653465347,0.0,0.42201834862385323,0.0,0.0
16482,0.4158415841584158,0.0,0.3853211009174312,0.0,0.0
16483,0.40594059405940597,0.0,0.41284403669724773,0.0,0.0
16484,0.504950495049505,0.0,0.47706422018348627,0.0,0.0
16485,0.504950495049505,0.0,0.4954128440366973,0.0,0.0
16486,0.4752475247524752,0.0,0.41284403669724773,0.005012531328320802,0.0
16487,0.4455445544554455,0.0,0.3486238532110092,0.0,0.0
16488,0.49504950495049505,0.0,0.45871559633027525,0.0,0.0
16489,0.4653465346534653,0.0,0.4954128440366973,0.0,0.0
16490,0.4752475247524752,0.0,0.3577981651376147,0.0,0.0
16491,0.4455445544554455,0.0,0.42201834862385323,0.0,0.0
16492,0.4455445544554455,,0.3394495412844037,0.09523809523809523,
16493,0.5247524752475248,0.0,0.3577981651376147,0.007518796992481203,
16494,0.4455445544554455,0.0,0.3394495412844037,0.0,
16495,0.36633663366336633,0.0,0.30275229357798167,0.0,0.0
16496,0.3564356435643564,0.0,0.29357798165137616,0.0,0.0
16497,0.3564356435643564,0.0,0.3486238532110092,0.0,0.0
16498,0.39603960396039606,0.0,0.4036697247706422,0.0,0.0
16499,0.5247524752475248,0.0,0.44036697247706424,0.05513784461152882,0.0
16500,0.5445544554455446,0.0,0.41284403669724773,0.08771929824561403,0.0
16501,0.4752475247524752,0.0,0.6055045871559633,0.15789473684210525,0.0
16502,0.36633663366336633,0.0,0.3394495412844037,0.0,0.0
16503,0.36633663366336633,0.0,0.43119266055045874,0.0,0.0
16504,0.4554455445544554,0.0,0.43119266055045874,0.0,0.0
16505,0.5841584158415842,0.0,0.5963302752293579,0.0,0.0
16506,0.5841584158415842,0.0,0.6422018348623854,0.0,0.0
16507,0.594059405940594,0.0,0.706422018348624,0.0,0.0
16508,0.594059405940594,0.0,0.7339449541284404,0.0,0.0
16509,0.6039603960396039,0.0,0.706422018348624,0.0,0.0
16510,0.5742574257425743,0.0,0.6880733944954128,0.0,0.0
16511,0.5148514851485149,0.0,0.5688073394495413,0.0,0.0
16512,0.5148514851485149,0.0,0.5321100917431193,0.0,0.0
16513,0.6138613861386139,0.0,0.6238532110091743,0.0,0.0
16514,0.6237623762376238,0.0,0.6422018348623854,0.012531328320802004,0.0
16515,0.5742574257425743,0.0,0.48623853211009177,0.0,0.0
16516,0.5742574257425743,0.0,0.5504587155963303,0.0,0.0
16517,0.48514851485148514,0.0,0.41284403669724773,0.0,0.0
16518,0.4752475247524752,0.0,0.5596330275229359,0.0,0.0
16519,0.5346534653465347,0.0,0.5871559633027523,0.0,0.0
16520,0.5643564356435644,0.0,0.5412844036697249,0.0,0.0
16521,0.5544554455445545,0.0,0.48623853211009177,0.08771929824561403,0.0
16522,0.5643564356435644,0.0,0.44036697247706424,0.0,0.0
16523,0.5841584158415842,0.0,0.46788990825688076,0.0,0.0
16524,0.4752475247524752,0.0,0.46788990825688076,0.0,0.0
16525,0.5148514851485149,0.0,0.44954128440366975,0.0,0.0
16526,0.5148514851485149,0.0,0.45871559633027525,0.0,0.0
16527,0.5643564356435644,0.0,0.5045871559633028,0.0,0.0
16528,0.5445544554455446,0.0,0.6330275229357799,0.0,0.0
16529,0.37623762376237624,0.0,0.3486238532110092,0.0,0.0
16530,0.36633663366336633,0.0,0.43119266055045874,0.0,0.0
16531,0.5346534653465347,0.0,0.6605504587155964,0.0,0.0
16532,0.5841584158415842,0.0,0.47706422018348627,0.23308270676691728,0.0
16533,0.5643564356435644,,0.5045871559633028,0.21052631578947367,
16534,0.5445544554455446,,0.3761467889908257,0.16791979949874686,
16535,0.5544554455445545,,0.4036697247706422,0.09523809523809523,
16536,0.594059405940594,0.0,0.6880733944954128,0.10776942355889724,
16537,0.6237623762376238,0.0,0.5412844036697249,0.005012531328320802,
16538,0.5544554455445545,0.0,0.5045871559633028,0.0,
16539,0.5445544554455446,0.0,0.5688073394495413,0.0,
16540,0.5643564356435644,0.0,0.5596330275229359,0.0,
16541,0.6138613861386139,0.0,0.5779816513761468,0.0,
16542,0.6138613861386139,0.0,0.6513761467889908,0.07017543859649122,
16543,0.6435643564356436,0.0,0.743119266055046,0.040100250626566414,
16544,0.594059405940594,0.0,0.5137614678899083,0.0,
16545,0.6039603960396039,0.0,0.5412844036697249,0.08521303258145363,
16546,0.6039603960396039,0.0,0.6605504587155964,0.040100250626566414,
16547,0.5841584158415842,0.0,0.5688073394495413,0.0,0.0
16548,0.5643564356435644,0.0,0.5321100917431193,0.0,0.0
16549,0.5643564356435644,0.0,0.5963302752293579,0.0,0.0
16550,0.6039603960396039,0.0,0.5412844036697249,0.017543859649122806,0.0
16551,0.6732673267326732,0.0,0.6422018348623854,0.012531328320802004,0.0
16552,0.6138613861386139,0.0,0.6146788990825688,0.0,0.0
16553,0.6237623762376238,0.0,0.5963302752293579,0.0,0.0
16554,0.6534653465346534,0.0,0.6513761467889908,0.042606516290726815,0.0
16555,0.594059405940594,0.0,0.4954128440366973,0.03007518796992481,0.0
16556,0.6237623762376238,0.0,0.5688073394495413,0.0,0.0
16557,0.6534653465346534,0.0,0.6330275229357799,0.0,0.0
16558,0.7128712871287128,0.0,0.6513761467889908,0.0,0.0
16559,0.693069306930693,0.0,0.6513761467889908,0.07518796992481203,0.0
16560,0.594059405940594,0.0,0.6422018348623854,0.007518796992481203,0.0
16561,0.6039603960396039,0.0,0.6605504587155964,0.0,0.0
16562,0.6732673267326732,0.0,0.7247706422018348,0.0,0.0
16563,0.6732673267326732,0.0,0.5779816513761468,0.010025062656641603,0.0
16564,0.7029702970297029,0.0,0.6422018348623854,0.05764411027568922,0.0
16565,0.693069306930693,0.0,0.6788990825688074,0.03759398496240601,0.0
16566,0.6336633663366337,0.0,0.5779816513761468,0.0,0.0
16567,0.6534653465346534,0.0,0.7155963302752294,0.0,0.0
16568,0.7524752475247525,0.0,0.6972477064220184,0.06015037593984962,0.0
16569,0.7425742574257426,0.0,0.7155963302752294,0.0,0.0
16570,0.693069306930693,0.0,0.7155963302752294,0.0,0.0
16571,0.7623762376237624,0.0,0.7339449541284404,0.005012531328320802,0.0
16572,0.7128712871287128,0.0,0.7247706422018348,0.020050125313283207,0.0
16573,0.6732673267326732,0.0,0.5412844036697249,0.040100250626566414,0.0
16574,0.7029702970297029,0.0,0.7339449541284404,0.0,0.0
16575,0.693069306930693,0.0,0.7247706422018348,0.0,0.0
16576,0.6435643564356436,0.0,0.6880733944954128,0.0,0.0
16577,0.7128712871287128,0.0,0.7155963302752294,0.0,0.0
16578,0.7128712871287128,0.0,0.7889908256880734,0.2882205513784461,0.0
16579,0.7425742574257426,0.0,,0.09523809523809523,0.0
16580,0.7425742574257426,0.0,0.5688073394495413,0.007518796992481203,0.0
16581,0.7227722772277227,0.0,0.6880733944954128,0.0,0.0
16582,0.801980198019802,0.0,0.6697247706422019,0.14536340852130325,0.0
16583,0.8118811881188118,0.0,0.7706422018348624,0.03759398496240601,0.0
16584,0.7425742574257426,0.0,0.6055045871559633,0.0,0.0
16585,0.7326732673267327,0.0,0.7614678899082569,0.0,0.0
16586,0.7821782178217822,0.0,0.7706422018348624,0.0,0.0
16587,0.8415841584158416,0.0,0.6972477064220184,0.005012531328320802,0.0
16588,0.8217821782178217,0.0,0.7155963302752294,0.16541353383458646,0.0
16589,0.7920792079207921,0.0,0.7339449541284404,0.0,0.0
16590,0.7722772277227723,0.0,0.7614678899082569,0.0,0.0
16591,0.8118811881188118,0.0,0.7981651376146789,0.0,0.0
16592,0.8316831683168316,0.0,0.8256880733944955,0.0,0.0
16593,0.7821782178217822,0.0,0.8440366972477065,0.0,0.0
16594,0.7722772277227723,0.0,0.6513761467889908,0.0,0.0
16595,0.7920792079207921,0.0,0.6880733944954128,0.0,0.0
16596,0.7920792079207921,0.0,0.7981651376146789,0.06015037593984962,0.0
16597,0.7425742574257426,0.0,0.6697247706422019,0.0,0.0
16598,0.7128712871287128,0.0,0.6788990825688074,0.0,0.0
16599,0.7623762376237624,0.0,0.7706422018348624,0.0,0.0
16600,0.7623762376237624,0.0,0.8256880733944955,0.0,0.0
16601,0.801980198019802,0.0,0.8256880733944955,0.0,0.0
16602,0.801980198019802,0.0,0.8440366972477065,0.0,0.0
16603,0.8613861386138614,0.0,0.8623853211009175,0.0,0.0
16604,0.8613861386138614,0.0,0.8623853211009175,0.0,0.0
16605,0.8811881188118812,0.0,0.9174311926605505,0.0,0.0
16606,0.9207920792079208,0.0,0.9357798165137615,0.0,0.0
16607,0.8613861386138614,0.0,0.853211009174312,0.0,0.0
16608,0.8514851485148515,0.0,0.8715596330275229,0.0,0.0
16609,,0.0,0.8623853211009175,0.0,0.0
16610,0.8811881188118812,0.0,0.7706422018348624,0.0,0.0
16611,0.8811881188118812,0.0,0.8440366972477065,0.0,0.0
16612,0.8613861386138614,0.0,0.8256880733944955,0.19047619047619047,0.0
16613,0.8613861386138614,0.0,0.8256880733944955,0.19298245614035087,0.0
16614,0.8712871287128713,0.0,0.7981651376146789,0.05012531328320802,0.0
16615,0.8613861386138614,0.0,0.7614678899082569,0.0,0.0
16616,0.7821782178217822,0.0,0.7981651376146789,0.0,0.0
16617,0.7029702970297029,0.0,0.7339449541284404,0.0,0.0
16618,0.7128712871287128,0.0,0.7155963302752294,0.0,0.0
16619,0.7425742574257426,0.0,0.7706422018348624,0.0,0.0
16620,0.8613861386138614,0.0,0.8073394495412844,0.0,0.0
16621,0.9207920792079208,0.0,0.8256880733944955,0.0,0.0
16622,0.8910891089108911,0.0,0.7981651376146789,0.0,0.0
16623,0.7326732673267327,0.0,0.7614678899082569,0.0,0.0
16624,0.7326732673267327,0.0,0.7614678899082569,0.0,0.0
16625,0.8118811881188118,0.0,0.779816513761468,0.0,0.0
16626,0.8217821782178217,0.0,0.81651376146789,0.0,0.0
16627,0.8316831683168316,0.0,0.8440366972477065,0.0,0.0
16628,0.8712871287128713,0.0,0.8990825688073395,0.0,0.0
16629,0.9504950495049505,0.0,0.9174311926605505,0.0,0.0
16630,1.0,0.0,0.9724770642201835,0.0,0.0
16631,0.9306930693069307,0.0,0.9357798165137615,0.23558897243107768,0.0
16632,0.9306930693069307,0.0,0.889908256880734,0.022556390977443608,0.0
16633,0.8514851485148515,0.0,0.853211009174312,0.0,0.0
16634,0.801980198019802,0.0,0.8073394495412844,0.0,0.0
16635,0.8415841584158416,0.0,0.8256880733944955,0.0,0.0
16636,0.8910891089108911,0.0,0.779816513761468,0.0,0.0
16637,0.8712871287128713,0.0,0.81651376146789,0.0,0.0
16638,0.9207920792079208,0.0,0.8623853211009175,0.05012531328320802,0.0
16639,0.9108910891089109,0.0,0.8348623853211009,0.0,0.0
16640,0.8910891089108911,0.0,0.8348623853211009,0.0,0.0
16641,0.8613861386138614,0.0,0.8073394495412844,0.07518796992481203,0.0
16642,0.8712871287128713,0.0,0.81651376146789,0.05012531328320802,0.0
16643,0.8910891089108911,0.0,0.853211009174312,0.0,0.0
16644,0.8613861386138614,0.0,0.8440366972477065,0.0,0.0
16645,0.8712871287128713,0.0,0.8807339449541285,0.0,0.0
16646,0.8613861386138614,0.0,0.8807339449541285,0.0,0.0
16647,0.8712871287128713,0.0,0.908256880733945,0.0,0.0
16648,0.900990099009901,0.0,0.8715596330275229,0.05513784461152882,0.0
16649,0.900990099009901,0.0,0.8715596330275229,0.0,0.0
16650,0.9108910891089109,0.0,0.8807339449541285,0.05263157894736842,0.0
16651,0.9108910891089109,0.0,0.8807339449541285,0.21804511278195488,0.0
16652,0.8811881188118812,0.0,0.8807339449541285,0.03508771929824561,0.0
16653,0.8811881188118812,0.0,0.8348623853211009,0.0,0.0
16654,0.8811881188118812,0.0,0.7889908256880734,0.0,0.0
16655,0.900990099009901,0.0,0.779816513761468,0.02506265664160401,0.0
16656,0.900990099009901,0.0,0.7889908256880734,0.0,0.0
16657,0.9207920792079208,0.0,0.8256880733944955,0.0,0.0
16658,0.9504950495049505,0.0,0.8715596330275229,0.0,0.0
16659,0.7920792079207921,0.0,0.8807339449541285,0.0,0.0
16660,0.9306930693069307,0.0,0.8990825688073395,0.0,0.0
16661,0.9603960396039604,0.0,0.889908256880734,0.0,0.0
16662,0.9108910891089109,0.0,0.8990825688073395,0.11278195488721804,0.0
16663,0.9207920792079208,0.0,0.8715596330275229,0.2631578947368421,0.0
16664,0.9306930693069307,0.0,0.8348623853211009,0.23809523809523808,0.0
16665,0.9405940594059405,0.0,0.8256880733944955,0.02506265664160401,0.0
16666,0.9108910891089109,0.0,0.8623853211009175,0.0,0.0
16667,0.9108910891089109,0.0,0.8623853211009175,0.0,0.0
16668,0.8217821782178217,0.0,0.8348623853211009,0.0,0.0
16669,0.7722772277227723,0.0,0.8348623853211009,0.0,0.0
16670,0.7623762376237624,0.0,0.7981651376146789,0.0,0.0
16671,0.8217821782178217,0.0,0.7706422018348624,0.0,0.0
16672,0.801980198019802,0.0,0.7614678899082569,0.0,0.0
16673,0.8613861386138614,0.0,0.853211009174312,0.0,0.0
16674,0.8613861386138614,0.0,0.8440366972477065,0.0,0.0
16675,0.8613861386138614,0.0,0.8348623853211009,0.0,0.0
16676,0.7821782178217822,0.0,0.853211009174312,0.0,0.0
16677,0.7821782178217822,0.0,0.853211009174312,0.0,0.0
16678,0.8118811881188118,0.0,0.853211009174312,0.0,0.0
16679,0.7227722772277227,0.0,0.779816513761468,0.0,0.0
16680,0.7920792079207921,0.0,0.7706422018348624,0.0,0.0
16681,0.7623762376237624,0.0,0.7614678899082569,0.0,0.0
16682,0.7722772277227723,0.0,0.81651376146789,0.0,0.0
16683,0.7524752475247525,0.0,0.8623853211009175,0.0,0.0
16684,0.8217821782178217,0.0,0.8440366972477065,0.0,0.0
16685,0.7227722772277227,0.0,0.7614678899082569,0.07017543859649122,0.0
16686,,0.0,0.5688073394495413,0.007518796992481203,0.0
16687,0.7227722772277227,0.0,0.7247706422018348,0.0,0.0
16688,0.6138613861386139,0.0,0.6880733944954128,0.0,0.0
16689,,0.0,0.7247706422018348,0.0,0.0
16690,0.7623762376237624,0.0,0.7706422018348624,0.0,0.0
16691,0.7920792079207921,0.0,0.7981651376146789,0.0,0.0
16692,0.7227722772277227,0.0,0.7614678899082569,0.0,0.0
16693,0.6732673267326732,0.0,0.706422018348624,0.0,0.0
16694,0.6831683168316831,0.0,0.8073394495412844,0.0,0.0
16695,0.594059405940594,0.0,0.6605504587155964,0.0,0.0
16696,0.5841584158415842,0.0,0.6972477064220184,0.0,0.0
16697,0.6831683168316831,0.0,0.7339449541284404,0.05263157894736842,0.0
16698,0.7920792079207921,0.0,0.6238532110091743,0.0,0.0
16699,0.6732673267326732,0.0,0.5779816513761468,0.09523809523809523,0.0
16700,0.5346534653465347,0.0,0.5779816513761468,0.0,0.0
16701,0.5643564356435644,0.0,0.5963302752293579,0.0,0.0
16702,0.594059405940594,0.0,0.6238532110091743,0.0,0.0
16703,0.6633663366336633,0.0,0.6788990825688074,0.0,0.0
16704,0.6831683168316831,0.0,0.6972477064220184,0.0,0.0
16705,0.6732673267326732,0.0,0.7889908256880734,0.0,0.0
16706,0.6732673267326732,0.0,0.7981651376146789,0.0,0.0
16707,0.6534653465346534,0.0,0.7981651376146789,0.0,0.0
16708,0.7326732673267327,0.0,0.779816513761468,0.0,0.0
16709,0.7128712871287128,0.0,0.7706422018348624,0.0,0.0
16710,0.7227722772277227,0.0,0.7706422018348624,0.0,0.0
16711,0.7524752475247525,0.0,0.5963302752293579,0.2631578947368421,0.0
16712,0.7425742574257426,0.0,0.5963302752293579,0.0,0.0
16713,0.7722772277227723,0.0,0.6055045871559633,0.2882205513784461,0.0
16714,0.7425742574257426,0.0,0.6972477064220184,0.005012531328320802,0.0
16715,0.7128712871287128,0.0,0.5596330275229359,0.02506265664160401,0.0
16716,0.5841584158415842,0.0,0.6238532110091743,0.0,0.0
16717,0.6336633663366337,0.0,0.6788990825688074,0.0,0.0
16718,0.6336633663366337,0.0,0.7155963302752294,0.0,0.0
16719,0.5742574257425743,0.0,0.743119266055046,0.0,0.0
16720,0.6039603960396039,0.0,0.7889908256880734,0.0,0.0
16721,0.7128712871287128,0.0,0.779816513761468,0.0,0.0
16722,0.6336633663366337,0.0,0.5688073394495413,0.005012531328320802,0.0
16723,0.5544554455445545,0.0,0.5596330275229359,0.0,0.0
16724,0.5247524752475248,0.0,0.5963302752293579,0.0,0.0
16725,,0.0,0.6697247706422019,0.0,0.0
16726,0.7029702970297029,0.0,0.7155963302752294,0.0,0.0
16727,0.7029702970297029,0.0,0.7339449541284404,0.0,0.0
16728,0.6237623762376238,0.0,0.5963302752293579,0.08020050125313283,0.0
16729,0.6039603960396039,0.0,0.45871559633027525,0.020050125313283207,0.0
16730,0.6336633663366337,0.0,0.6055045871559633,0.0,0.0
16731,0.6633663366336633,0.0,0.6880733944954128,0.0,0.0
16732,0.6633663366336633,0.0,0.4954128440366973,0.0,0.0
16733,0.5346534653465347,0.0,0.5688073394495413,0.0,0.0
16734,0.6336633663366337,0.0,0.5596330275229359,0.17543859649122806,0.0
16735,0.693069306930693,0.0,0.6238532110091743,0.02756892230576441,0.0
16736,0.6039603960396039,0.0,0.5229357798165137,0.0,0.0
16737,0.594059405940594,0.0,0.5321100917431193,0.0,0.0
16738,0.6336633663366337,0.0,0.48623853211009177,0.05513784461152882,0.0
16739,0.6534653465346534,0.0,0.5045871559633028,0.017543859649122806,0.0
16740,0.7227722772277227,0.0,0.6513761467889908,0.10275689223057644,0.0
16741,0.5247524752475248,0.0,0.6513761467889908,0.06516290726817042,0.0
16742,0.504950495049505,0.0,0.3761467889908257,0.0,0.0
16743,0.42574257425742573,0.0,0.3669724770642202,,0.0
16744,0.4554455445544554,0.0,0.3394495412844037,0.0,0.0
16745,0.4752475247524752,0.0,0.47706422018348627,0.11278195488721804,0.0
16746,0.5247524752475248,0.0,0.5045871559633028,0.0,0.0
16747,0.42574257425742573,0.0,0.3761467889908257,0.0,0.0
16748,0.42574257425742573,0.0,0.44954128440366975,0.0,0.0
16749,0.6534653465346534,0.0,0.5412844036697249,0.20050125313283207,0.0
16750,0.4455445544554455,0.0,0.5412844036697249,0.07769423558897243,0.0
16751,0.4554455445544554,0.0,0.3302752293577982,0.012531328320802004,0.0
16752,0.43564356435643564,0.0,0.42201834862385323,0.0,0.0
16753,0.4554455445544554,0.0,0.3853211009174312,0.0,0.0
16754,0.4554455445544554,0.0,0.3761467889908257,0.0,0.0
16755,0.43564356435643564,0.0,0.3853211009174312,0.0,0.0
16756,0.4554455445544554,0.33333333333333337,0.3669724770642202,0.07268170426065163,0.03333333333333333
16757,0.4554455445544554,0.0,0.3853211009174312,0.0,
16758,0.504950495049505,0.0,0.44954128440366975,0.0,0.0
16759,0.5346534653465347,0.0,0.5321100917431193,0.002506265664160401,0.0
16760,0.48514851485148514,0.0,0.3394495412844037,0.0,0.0
16761,0.48514851485148514,0.0,0.3761467889908257,0.0,0.0
16762,0.39603960396039606,0.0,0.3944954128440367,0.0,0.0
16763,0.39603960396039606,0.0,0.3577981651376147,0.0,0.0
16764,0.4752475247524752,0.0,0.45871559633027525,0.0,0.0
16765,0.5742574257425743,0.0,0.5321100917431193,0.0,0.0
16766,0.5148514851485149,0.0,0.5504587155963303,0.007518796992481203,0.0
16767,0.4653465346534653,0.0,0.3669724770642202,0.0,0.0
16768,0.42574257425742573,0.0,0.3853211009174312,0.0,0.0
16769,0.42574257425742573,0.0,0.46788990825688076,0.0,0.0
16770,0.4455445544554455,0.0,0.5045871559633028,0.0,0.0
16771,0.49504950495049505,0.0,0.5321100917431193,0.0,0.0
16772,0.49504950495049505,0.0,0.5412844036697249,0.0,0.0
16773,0.49504950495049505,0.0,0.46788990825688076,0.0,0.0
16774,0.4455445544554455,0.0,0.47706422018348627,0.0,0.0
16775,0.4158415841584158,0.0,0.3669724770642202,0.0,0.0
16776,0.3267326732673267,0.0,0.3577981651376147,0.0,0.0
16777,0.21782178217821782,0.22222222222222224,0.29357798165137616,0.02756892230576441,0.03333333333333333
16778,0.21782178217821782,0.0,0.09174311926605505,0.0,0.03333333333333333
16779,0.24752475247524752,0.0,0.1651376146788991,0.0,0.0
16780,0.2871287128712871,0.11111111111111112,0.1834862385321101,0.0,0.03333333333333333
16781,0.3465346534653465,0.11111111111111112,0.22935779816513763,0.015037593984962405,0.06666666666666667
16782,0.39603960396039606,0.22222222222222224,0.43119266055045874,0.06015037593984962,0.06666666666666667
16783,0.39603960396039606,0.0,0.48623853211009177,0.0,
16784,0.49504950495049505,0.0,0.42201834862385323,0.0,0.0
16785,0.4158415841584158,0.0,0.3853211009174312,0.0,0.0
16786,0.48514851485148514,0.0,0.3853211009174312,0.0,0.0
16787,0.4653465346534653,0.11111111111111112,0.3394495412844037,0.015037593984962405,0.03333333333333333
16788,0.3564356435643564,0.0,0.3394495412844037,0.0,0.03333333333333333
16789,0.3465346534653465,,0.3119266055045872,0.0,
16790,0.3267326732673267,0.0,0.3119266055045872,0.0,
16791,0.42574257425742573,0.0,0.3577981651376147,0.0,0.03333333333333333
16792,0.4455445544554455,0.0,0.3119266055045872,0.0,
16793,0.4554455445544554,,0.29357798165137616,0.0,
16794,0.3267326732673267,,0.3119266055045872,0.0,0.03333333333333333
16795,0.31683168316831684,,0.22935779816513763,0.0,
16796,0.3069306930693069,0.0,0.29357798165137616,0.0,
16797,0.3366336633663366,0.0,0.3119266055045872,0.0,
16798,0.3267326732673267,0.0,0.29357798165137616,0.0,
16799,0.39603960396039606,0.0,0.3669724770642202,0.0,0.0
16800,0.5643564356435644,0.0,0.4036697247706422,0.007518796992481203,0.0
16801,0.504950495049505,0.0,0.3761467889908257,0.0,0.0
16802,0.38613861386138615,0.33333333333333337,0.30275229357798167,0.045112781954887216,0.1
16803,0.1485148514851485,0.0,0.26605504587155965,0.0,0.1
16804,0.1782178217821782,,0.2018348623853211,0.0,0.1
16805,0.1683168316831683,0.0,0.22018348623853212,0.0,0.1
16806,0.3366336633663366,0.0,0.22018348623853212,0.0,0.06666666666666667
16807,0.25742574257425743,0.0,0.22935779816513763,0.0,0.06666666666666667
16808,0.25742574257425743,0.0,0.25688073394495414,0.0,0.03333333333333333
16809,0.37623762376237624,0.11111111111111112,0.3211009174311927,0.02506265664160401,0.06666666666666667
16810,0.25742574257425743,0.0,0.27522935779816515,0.0,0.06666666666666667
16811,0.25742574257425743,0.13333333333333333,0.22935779816513763,0.03007518796992481,0.1
16812,0.40594059405940597,0.0,0.3119266055045872,0.0,0.1
16813,0.49504950495049505,0.0,0.3394495412844037,0.0,0.06666666666666667
16814,0.38613861386138615,0.0,0.43119266055045874,0.0,0.03333333333333333
16815,0.3564356435643564,0.0,0.26605504587155965,0.0,0.03333333333333333
16816,0.40594059405940597,0.0,0.45871559633027525,0.015037593984962405,
16817,0.6237623762376238,0.0,0.5045871559633028,0.03007518796992481,
16818,0.31683168316831684,0.0,0.5963302752293579,0.18796992481203006,0.0
16819,,0.0,0.26605504587155965,0.0,0.0
16820,0.4653465346534653,0.0,0.3302752293577982,0.0,0.0
16821,0.504950495049505,,0.43119266055045874,0.007518796992481203,0.0
16822,0.5643564356435644,0.0,0.44036697247706424,0.16040100250626566,0.0
16823,0.38613861386138615,0.0,0.3577981651376147,0.0,0.0
16824,0.37623762376237624,0.0,0.3302752293577982,0.0,0.0
16825,0.504950495049505,0.0,0.3119266055045872,0.0,0.0
16826,0.42574257425742573,0.0,0.47706422018348627,0.0,0.0
16827,0.36633663366336633,0.0,0.25688073394495414,0.0,0.0
16828,0.37623762376237624,,0.3119266055045872,0.0,
16829,0.3465346534653465,0.0,0.4036697247706422,0.0,0.0
16830,0.1683168316831683,0.11111111111111112,0.21100917431192662,0.005012531328320802,0.03333333333333333
16831,0.198019801980198,0.0,0.1743119266055046,0.0,0.0
16832,0.2079207920792079,0.0,0.1559633027522936,0.0,0.0
16833,0.1485148514851485,0.0,0.11009174311926606,0.0,0.0
16834,0.1485148514851485,0.0,0.13761467889908258,0.0,0.0
16835,0.1584158415841584,0.0,0.11926605504587157,0.0,0.0
16836,,0.0,0.25688073394495414,0.0,0.0
16837,0.24752475247524752,0.0,0.3761467889908257,0.0,0.0
16838,0.5742574257425743,0.0,0.41284403669724773,0.012531328320802004,0.0
16839,0.5445544554455446,0.0,0.47706422018348627,0.0,0.0
16840,0.5346534653465347,0.0,0.42201834862385323,0.010025062656641603,0.0
16841,0.5346534653465347,0.0,0.5504587155963303,0.0,0.0
16842,0.39603960396039606,0.0,0.3669724770642202,0.0,0.0
16843,0.36633663366336633,0.0,0.28440366972477066,0.0,0.0
16844,0.36633663366336633,0.11111111111111112,0.3577981651376147,0.012531328320802004,0.03333333333333333
16845,0.40594059405940597,0.0,0.3394495412844037,0.0,0.0
16846,0.31683168316831684,0.0,0.3211009174311927,0.0,0.0
16847,0.297029702970297,0.0,0.3211009174311927,0.0,0.0
16848,,0.0,0.29357798165137616,0.0,0.0
16849,0.25742574257425743,0.0,0.25688073394495414,0.0,0.0
16850,0.4554455445544554,0.0,0.41284403669724773,0.005012531328320802,0.0
16851,0.6039603960396039,0.0,0.48623853211009177,0.0,0.0
16852,0.5445544554455446,0.0,0.43119266055045874,0.0,0.0
16853,0.5445544554455446,0.0,0.3853211009174312,0.0,0.0
16854,0.5544554455445545,0.0,0.5504587155963303,0.0,0.0
16855,0.5445544554455446,0.0,0.5321100917431193,0.0,0.0
16856,0.6039603960396039,0.0,0.5412844036697249,0.0,0.0
16857,0.594059405940594,0.0,0.47706422018348627,0.0,0.0
16858,0.4554455445544554,0.0,0.6422018348623854,0.14536340852130325,0.0
16859,0.38613861386138615,0.0,0.28440366972477066,0.0,0.0
16860,0.38613861386138615,0.0,0.27522935779816515,0.0,0.0
16861,0.39603960396039606,0.0,0.3577981651376147,0.0,0.0
16862,0.2772277227722772,0.0,0.3577981651376147,0.0,0.0
16863,0.2871287128712871,0.0,0.27522935779816515,0.0,0.0
16864,0.36633663366336633,0.0,0.3577981651376147,0.03759398496240601,0.0
16865,0.36633663366336633,,0.3577981651376147,0.09523809523809523,0.0
16866,0.31683168316831684,,0.3119266055045872,0.020050125313283207,
16867,0.25742574257425743,0.0,0.23853211009174313,0.0,0.0
16868,0.26732673267326734,,0.2018348623853211,0.0,0.0
16869,0.3366336633663366,0.0,0.27522935779816515,0.0,0.0
16870,0.4455445544554455,0.0,0.3669724770642202,0.0,0.0
16871,0.4554455445544554,0.0,0.44954128440366975,0.0,0.0
16872,0.5445544554455446,0.0,0.5137614678899083,0.0,0.0
16873,0.5544554455445545,0.0,0.5779816513761468,0.0,0.0
16874,0.5841584158415842,0.0,0.6422018348623854,0.03007518796992481,0.0
16875,0.504950495049505,0.0,0.5321100917431193,0.0,0.0
16876,0.4752475247524752,0.0,0.42201834862385323,0.0,0.0
16877,0.5247524752475248,0.0,0.5321100917431193,0.0,0.0
16878,0.5742574257425743,0.0,0.5321100917431193,0.0,0.0
16879,0.504950495049505,0.45555555555555555,0.46788990825688076,0.2631578947368421,
16880,0.42574257425742573,,0.3302752293577982,0.0,
16881,0.43564356435643564,0.0,0.3394495412844037,0.0,0.0
16882,0.4158415841584158,0.0,0.3761467889908257,0.0,0.0
16883,0.4752475247524752,0.0,0.44036697247706424,0.0,0.0
16884,0.594059405940594,0.0,0.6146788990825688,0.022556390977443608,0.0
16885,0.40594059405940597,0.0,0.5504587155963303,0.0,0.0
16886,0.3366336633663366,0.0,0.3394495412844037,0.0,0.0
16887,0.3366336633663366,0.0,0.3853211009174312,0.0,0.0
16888,0.5247524752475248,0.0,0.46788990825688076,0.020050125313283207,0.0
16889,0.504950495049505,0.0,0.5412844036697249,0.0,0.0
16890,0.5445544554455446,0.0,0.5779816513761468,0.0,0.0
16891,0.5247524752475248,0.0,0.6055045871559633,0.0,0.0
16892,0.5148514851485149,0.0,0.5321100917431193,0.0,0.0
16893,,0.0,0.5229357798165137,0.0,0.0
16894,0.5742574257425743,0.0,0.706422018348624,0.0,0.0
16895,0.4653465346534653,0.0,0.3944954128440367,0.0,0.0
16896,0.4653465346534653,0.0,0.47706422018348627,0.0,0.0
16897,0.4653465346534653,0.0,0.44036697247706424,0.0,0.0
16898,0.4554455445544554,0.0,0.43119266055045874,0.0,0.0
16899,0.4554455445544554,0.0,0.42201834862385323,0.0,0.0
16900,0.4455445544554455,,0.42201834862385323,0.0,0.0
16901,0.48514851485148514,0.0,0.5779816513761468,0.0,0.0
16902,0.6039603960396039,0.0,0.7155963302752294,0.0,0.0
16903,0.594059405940594,0.0,0.743119266055046,0.03258145363408521,0.0
16904,0.4653465346534653,0.0,0.5229357798165137,0.06516290726817042,0.0
16905,0.5643564356435644,0.0,0.46788990825688076,0.0,0.0
16906,0.5742574257425743,0.0,0.6146788990825688,0.03759398496240601,0.0
16907,0.5247524752475248,0.0,0.45871559633027525,0.0,0.0
16908,0.5346534653465347,0.0,0.5871559633027523,0.0,0.0
16909,0.6138613861386139,0.0,0.7247706422018348,0.05012531328320802,0.0
16910,0.7821782178217822,0.0,0.7247706422018348,0.11779448621553884,0.0
16911,0.6534653465346534,0.0,0.7155963302752294,0.0,0.0
16912,0.693069306930693,0.0,0.6330275229357799,0.10275689223057644,0.0
16913,0.6534653465346534,0.0,0.6330275229357799,0.23057644110275688,0.0
16914,0.5544554455445545,0.0,0.45871559633027525,0.06015037593984962,0.0
16915,0.5841584158415842,0.0,0.6330275229357799,0.0,0.0
16916,0.7425742574257426,0.0,0.7155963302752294,0.05012531328320802,0.0
16917,0.5445544554455446,0.0,0.5321100917431193,0.015037593984962405,0.0
16918,0.594059405940594,0.0,0.5688073394495413,0.0,0.0
16919,0.6138613861386139,0.0,0.5504587155963303,0.03258145363408521,0.0
16920,0.6237623762376238,0.0,0.5045871559633028,0.15037593984962405,0.0
16921,0.6039603960396039,0.0,0.48623853211009177,0.010025062656641603,0.0
16922,0.5841584158415842,0.0,0.6146788990825688,0.0,0.0
16923,0.6831683168316831,0.0,0.6513761467889908,0.0,0.0
16924,0.7029702970297029,0.0,0.6697247706422019,0.03007518796992481,0.0
16925,0.6237623762376238,0.0,0.6330275229357799,0.0,0.0
16926,0.6534653465346534,0.0,0.5412844036697249,0.09774436090225563,0.0
16927,0.6534653465346534,0.0,0.5779816513761468,0.0,0.0
16928,0.6831683168316831,0.0,0.5871559633027523,0.0,0.0
16929,0.7326732673267327,0.0,0.6055045871559633,0.03258145363408521,0.0
16930,0.7425742574257426,0.0,0.7706422018348624,0.3132832080200501,0.0
16931,0.6435643564356436,0.0,0.7155963302752294,0.012531328320802004,0.0
16932,0.5841584158415842,0.0,0.5137614678899083,0.0,0.0
16933,0.5247524752475248,0.0,0.5229357798165137,0.0,0.0
16934,0.5247524752475248,0.0,0.5779816513761468,0.0,0.0
16935,0.6138613861386139,0.0,0.6055045871559633,0.0,0.0
16936,0.7227722772277227,0.0,0.5412844036697249,0.040100250626566414,0.0
16937,0.7623762376237624,0.0,0.6238532110091743,0.16290726817042606,0.0
16938,0.7722772277227723,0.0,0.7706422018348624,0.0,0.0
16939,0.8811881188118812,0.0,0.81651376146789,0.0,0.0
16940,0.9306930693069307,0.0,0.853211009174312,0.0,0.0
16941,0.801980198019802,0.0,0.8256880733944955,0.15789473684210525,0.0
16942,0.7425742574257426,0.0,0.8256880733944955,0.0,0.0
16943,0.8118811881188118,0.0,0.7614678899082569,0.0,0.0
16944,0.7821782178217822,0.0,0.7155963302752294,0.0,0.0
16945,0.6534653465346534,0.0,0.5963302752293579,0.010025062656641603,0.0
16946,0.693069306930693,0.0,0.6422018348623854,0.0,0.0
16947,0.7326732673267327,0.0,0.6330275229357799,0.0,0.0
16948,0.7227722772277227,0.0,0.6330275229357799,0.09523809523809523,0.0
16949,0.6831683168316831,0.0,0.6605504587155964,0.0,0.0
16950,0.6039603960396039,0.0,0.6788990825688074,0.0,0.0
16951,0.6435643564356436,0.0,0.6880733944954128,0.0,0.0
16952,0.6435643564356436,0.0,0.7522935779816514,0.0,0.0
16953,,0.0,0.779816513761468,0.08771929824561403,0.0
16954,0.801980198019802,0.0,0.7339449541284404,0.0,0.0
16955,0.6831683168316831,0.0,0.7339449541284404,0.042606516290726815,0.0
16956,0.7128712871287128,0.0,0.6330275229357799,0.05263157894736842,0.0
16957,0.6435643564356436,0.0,0.6972477064220184,0.0,0.0
16958,0.8118811881188118,0.0,0.706422018348624,0.13533834586466165,0.0
16959,0.7623762376237624,0.0,0.7247706422018348,0.0,0.0
16960,0.7227722772277227,0.0,0.7522935779816514,0.15538847117794485,0.0
16961,0.7623762376237624,0.0,0.779816513761468,0.06265664160401002,0.0
16962,0.8217821782178217,0.0,0.7339449541284404,0.0,0.0
16963,0.8415841584158416,0.0,0.706422018348624,0.0,0.0
16964,0.8217821782178217,0.0,0.743119266055046,0.14786967418546365,0.0
16965,0.8217821782178217,0.0,0.81651376146789,0.0,0.0
16966,0.8712871287128713,0.0,0.853211009174312,0.0,0.0
16967,0.8712871287128713,0.0,0.853211009174312,0.0,0.0
16968,0.9207920792079208,0.0,0.8623853211009175,0.0,0.0
16969,0.8712871287128713,0.0,0.7339449541284404,0.41854636591478694,0.0
16970,0.8118811881188118,0.0,0.81651376146789,0.08020050125313283,0.0
16971,0.7326732673267327,0.0,0.81651376146789,0.0,0.0
16972,0.8415841584158416,0.0,0.7706422018348624,0.0,0.0
16973,0.7722772277227723,0.0,0.81651376146789,0.0,0.0
16974,0.8316831683168316,0.0,0.7981651376146789,0.0,0.0
16975,0.7029702970297029,0.0,0.7981651376146789,0.09774436090225563,0.0
16976,0.6237623762376238,0.0,0.8256880733944955,0.0,0.0
16977,0.7722772277227723,0.0,0.7706422018348624,0.0,0.0
16978,0.7425742574257426,0.0,0.8073394495412844,0.0,0.0
16979,0.8712871287128713,0.0,0.8348623853211009,0.0,0.0
16980,0.8712871287128713,0.0,0.8990825688073395,0.0,0.0
16981,0.8712871287128713,0.0,0.8990825688073395,0.0,0.0
16982,0.8613861386138614,0.0,0.8990825688073395,0.0,0.0
16983,0.8118811881188118,0.0,0.853211009174312,0.0,0.0
16984,0.7920792079207921,0.0,0.81651376146789,0.0,0.0
16985,0.7128712871287128,0.0,0.7522935779816514,0.0,0.0
16986,0.7326732673267327,0.0,0.7614678899082569,0.0,0.0
16987,0.7326732673267327,0.0,0.81651376146789,0.0,0.0
16988,0.8910891089108911,0.0,0.8715596330275229,0.0,0.0
16989,0.8118811881188118,0.0,0.8715596330275229,0.0,0.0
16990,0.7821782178217822,0.0,0.8073394495412844,0.0,0.0
16991,0.7326732673267327,0.0,0.7155963302752294,0.0,0.0
16992,0.7326732673267327,0.0,0.7522935779816514,0.0,0.0
16993,0.7524752475247525,0.0,0.8073394495412844,0.0,0.0
16994,0.8811881188118812,0.0,0.853211009174312,0.0,0.0
16995,0.8217821782178217,0.0,0.8256880733944955,0.0,0.0
16996,,0.0,0.8348623853211009,0.07017543859649122,0.0
16997,0.8613861386138614,0.0,0.7889908256880734,0.0,0.0
16998,0.8712871287128713,0.0,0.8440366972477065,0.0,0.0
16999,0.900990099009901,0.0,0.8348623853211009,0.0,0.0
17000,0.9207920792079208,0.0,0.81651376146789,0.020050125313283207,0.0
17001,0.7425742574257426,0.0,0.8440366972477065,0.0,0.0
17002,0.7326732673267327,0.0,0.779816513761468,0.0,0.0
17003,0.7821782178217822,0.0,0.6880733944954128,0.0,0.0
17004,0.7920792079207921,0.0,0.8348623853211009,0.0,0.0
17005,0.7920792079207921,0.0,0.8256880733944955,0.0,0.0
17006,0.8316831683168316,0.0,0.8256880733944955,0.012531328320802004,0.0
17007,0.7722772277227723,0.0,0.7981651376146789,0.0,0.0
17008,0.7722772277227723,0.0,0.779816513761468,0.0,0.0
17009,0.7821782178217822,0.0,0.81651376146789,0.0,0.0
17010,0.7821782178217822,0.0,0.779816513761468,0.20802005012531327,0.0
17011,0.8316831683168316,0.0,0.7706422018348624,0.21804511278195488,0.0
17012,0.7722772277227723,0.0,0.743119266055046,0.12781954887218044,0.0
17013,0.7722772277227723,0.0,0.7522935779816514,0.02756892230576441,0.0
17014,0.6633663366336633,0.0,0.7339449541284404,0.0,0.0
17015,0.8118811881188118,0.0,0.779816513761468,0.0,0.0
17016,0.8118811881188118,0.0,0.8073394495412844,0.0,0.0
17017,0.8514851485148515,0.0,0.8348623853211009,0.0,0.0
17018,0.8613861386138614,0.0,0.8440366972477065,0.0,0.0
17019,0.9108910891089109,0.0,0.8715596330275229,0.0,0.0
17020,0.9504950495049505,0.0,0.8807339449541285,0.0,0.0
17021,0.7920792079207921,0.0,0.8348623853211009,0.045112781954887216,0.0
17022,0.7821782178217822,0.0,0.779816513761468,0.0,0.0
17023,0.8217821782178217,0.0,0.7614678899082569,0.0,0.0
17024,0.8118811881188118,0.0,0.7339449541284404,0.0,0.0
17025,0.801980198019802,0.0,0.7889908256880734,0.0,0.0
17026,0.8118811881188118,0.0,0.8440366972477065,0.0,0.0
17027,0.8514851485148515,0.0,0.81651376146789,0.0,0.0
17028,0.7821782178217822,0.0,0.8073394495412844,0.0,0.0
17029,0.8217821782178217,0.0,0.7706422018348624,0.0,0.0
17030,0.7524752475247525,0.0,0.7706422018348624,0.0,0.0
17031,0.801980198019802,0.0,0.81651376146789,0.0,0.0
17032,0.8316831683168316,0.0,0.7522935779816514,0.16541353383458646,0.0
17033,0.8712871287128713,0.0,0.853211009174312,0.06265664160401002,0.0
17034,0.8712871287128713,0.0,0.8348623853211009,0.0,0.0
17035,0.900990099009901,0.0,0.853211009174312,0.0,0.0
17036,0.801980198019802,0.0,0.7889908256880734,0.0,0.0
17037,0.801980198019802,0.0,0.81651376146789,0.0,0.0
17038,0.801980198019802,0.0,0.8073394495412844,0.0,0.0
17039,0.801980198019802,0.0,0.81651376146789,0.0,0.0
17040,0.8217821782178217,0.0,0.81651376146789,0.0,0.0
17041,0.8217821782178217,0.0,0.7981651376146789,0.0,0.0
17042,0.801980198019802,0.0,0.7981651376146789,0.0,0.0
17043,0.7821782178217822,0.0,0.8073394495412844,0.0,0.0
17044,0.7920792079207921,0.0,0.81651376146789,0.0,0.0
17045,0.7920792079207921,0.0,0.8440366972477065,0.0,0.0
17046,0.8217821782178217,0.0,0.8348623853211009,0.0,0.0
17047,0.8118811881188118,0.0,0.81651376146789,0.0,0.0
17048,0.8217821782178217,0.0,0.8440366972477065,0.0,0.0
17049,0.8514851485148515,0.0,0.8348623853211009,0.0,0.0
17050,0.900990099009901,0.0,0.779816513761468,0.03759398496240601,0.0
17051,0.8316831683168316,0.0,0.7706422018348624,0.0,0.0
17052,0.8514851485148515,0.0,0.8073394495412844,0.022556390977443608,0.0
17053,0.8118811881188118,0.0,0.8073394495412844,0.0,0.0
17054,0.7821782178217822,0.0,0.779816513761468,0.0,0.0
17055,0.8217821782178217,0.0,0.81651376146789,0.042606516290726815,0.0
17056,0.7227722772277227,0.0,0.6972477064220184,0.0,0.0
17057,0.693069306930693,0.0,0.6146788990825688,0.0,0.0
17058,0.7227722772277227,0.0,0.5779816513761468,0.042606516290726815,0.0
17059,0.7029702970297029,0.0,0.6146788990825688,0.0,0.0
17060,0.7326732673267327,0.0,0.6330275229357799,0.007518796992481203,0.0
17061,0.7326732673267327,0.0,0.706422018348624,0.0,0.0
17062,0.6831683168316831,0.0,0.7522935779816514,0.0,0.0
17063,0.6435643564356436,0.0,0.7706422018348624,0.0,0.0
17064,0.6831683168316831,0.0,0.7614678899082569,0.0,0.0
17065,0.7623762376237624,0.0,0.6788990825688074,0.08771929824561403,0.0
17066,0.693069306930693,0.0,0.6697247706422019,0.010025062656641603,0.0
17067,0.693069306930693,0.0,0.706422018348624,0.0,0.0
17068,0.6534653465346534,0.0,0.706422018348624,0.0,0.0
17069,0.6435643564356436,0.0,0.6788990825688074,0.0,0.0
17070,0.7623762376237624,0.0,0.7155963302752294,0.06265664160401002,0.0
17071,0.7326732673267327,0.0,0.6972477064220184,0.2882205513784461,0.0
17072,0.6831683168316831,0.0,0.6055045871559633,0.0,0.0
17073,0.6633663366336633,0.0,0.6972477064220184,0.0,0.0
17074,0.6534653465346534,0.0,0.7339449541284404,0.0,0.0
17075,0.693069306930693,0.0,0.7522935779816514,0.0,0.0
17076,0.5643564356435644,0.0,0.7522935779816514,0.0,0.0
17077,0.5643564356435644,0.0,0.5596330275229359,0.0,0.0
17078,0.5643564356435644,0.0,0.5871559633027523,0.0,0.0
17079,0.5643564356435644,0.0,0.6697247706422019,0.0,0.0
17080,0.6039603960396039,0.0,0.7339449541284404,0.0,0.0
17081,0.7029702970297029,0.0,0.7339449541284404,0.0,0.0
17082,0.6732673267326732,0.0,0.5412844036697249,0.03007518796992481,0.0
17083,0.6138613861386139,0.0,0.5321100917431193,0.03508771929824561,0.0
17084,0.5247524752475248,0.0,0.5045871559633028,0.0,0.0
17085,0.5247524752475248,0.0,0.5412844036697249,0.0,0.0
17086,0.7128712871287128,0.0,0.6605504587155964,0.0,0.0
17087,,0.0,0.7155963302752294,0.0,0.0
17088,0.6039603960396039,0.0,0.6788990825688074,0.0,0.0
17089,0.6237623762376238,0.0,0.7155963302752294,0.0,0.0
17090,0.7425742574257426,0.0,0.7247706422018348,0.0,0.0
17091,0.7029702970297029,0.0,0.7522935779816514,0.08020050125313283,0.0
17092,0.6237623762376238,0.0,0.4954128440366973,0.03007518796992481,0.0
17093,0.6237623762376238,0.0,0.5596330275229359,0.0,0.0
17094,0.6831683168316831,0.0,0.6422018348623854,0.0,0.0
17095,0.6831683168316831,0.0,0.6330275229357799,0.0,0.0
17096,0.6732673267326732,0.0,0.6055045871559633,0.11528822055137844,0.0
17097,0.6336633663366337,0.0,0.46788990825688076,0.040100250626566414,0.0
17098,0.5742574257425743,0.0,0.5779816513761468,0.0,0.0
17099,0.5742574257425743,0.0,0.6513761467889908,0.0,0.0
17100,0.7425742574257426,0.0,0.5963302752293579,0.02506265664160401,0.0
17101,0.7326732673267327,0.0,0.6513761467889908,0.0,0.0
17102,0.5346534653465347,0.0,0.5871559633027523,0.0,0.0
17103,0.5643564356435644,0.0,0.6605504587155964,0.12531328320802004,0.0
17104,0.5247524752475248,0.0,0.5504587155963303,0.0,0.0
17105,0.5148514851485149,0.0,0.5504587155963303,0.0,0.0
17106,0.4653465346534653,0.0,0.44036697247706424,0.0,0.0
17107,0.43564356435643564,0.0,0.4036697247706422,0.0,0.0
17108,0.5148514851485149,0.0,0.42201834862385323,0.0,0.0
17109,,0.0,0.5045871559633028,0.0,0.0
17110,,0.0,0.5412844036697249,0.0,0.0
17111,0.7029702970297029,0.0,0.6146788990825688,0.13032581453634084,0.0
17112,,0.0,0.5871559633027523,0.3258145363408521,0.0
17113,0.5742574257425743,0.0,0.5504587155963303,0.0,0.0
17114,0.5247524752475248,0.0,0.42201834862385323,0.0,0.0
17115,0.4752475247524752,,0.42201834862385323,0.0,0.0
17116,0.4455445544554455,0.0,0.3853211009174312,0.0,0.0
17117,0.43564356435643564,0.0,0.3577981651376147,0.0,0.0
17118,0.37623762376237624,0.0,0.3394495412844037,0.0,0.0
17119,0.38613861386138615,0.0,0.3577981651376147,0.0,0.0
17120,0.39603960396039606,0.0,0.41284403669724773,0.0,0.0
17121,0.5247524752475248,0.0,0.5412844036697249,0.0,0.0
17122,0.5247524752475248,0.0,0.5412844036697249,0.02506265664160401,0.0
17123,0.48514851485148514,0.0,0.3853211009174312,0.0,0.0
17124,0.4455445544554455,0.0,0.3669724770642202,0.0,0.0
17125,,0.0,0.3944954128440367,0.0,0.0
17126,0.5148514851485149,0.0,0.3944954128440367,0.0,0.0
17127,0.504950495049505,0.0,0.42201834862385323,0.0,0.0
17128,0.5247524752475248,0.0,0.42201834862385323,0.0,0.0
17129,0.5346534653465347,0.0,0.3944954128440367,0.0,0.0
17130,0.4752475247524752,0.33333333333333337,0.3486238532110092,0.08270676691729323,0.1
17131,0.38613861386138615,0.0,0.3302752293577982,0.0,0.06666666666666667
17132,0.3564356435643564,0.11111111111111112,0.30275229357798167,0.05263157894736842,0.06666666666666667
17133,0.36633663366336633,0.0,0.3394495412844037,0.0,0.06666666666666667
17134,0.39603960396039606,0.0,0.44036697247706424,0.0,0.0
17135,0.6534653465346534,0.0,0.5504587155963303,0.02506265664160401,0.0
17136,0.504950495049505,0.0,0.5779816513761468,0.0,0.0
17137,0.4653465346534653,0.0,0.3761467889908257,0.0,0.0
17138,0.5346534653465347,0.0,0.3944954128440367,0.0,0.0
17139,0.4752475247524752,0.0,0.42201834862385323,0.0,0.0
17140,0.5247524752475248,0.33333333333333337,0.3577981651376147,0.07017543859649122,0.1
17141,0.5247524752475248,0.0,0.3853211009174312,0.0,0.06666666666666667
17142,0.504950495049505,0.0,0.3944954128440367,0.0,0.03333333333333333
17143,0.5148514851485149,0.0,0.3486238532110092,0.0,0.03333333333333333
17144,0.5247524752475248,0.0,0.3577981651376147,0.0,0.03333333333333333
17145,0.5445544554455446,0.0,0.43119266055045874,0.007518796992481203,
17146,0.5841584158415842,0.0,0.3944954128440367,0.21303258145363407,0.0
17147,0.5742574257425743,0.0,0.4036697247706422,0.10526315789473684,0.0
17148,0.5346534653465347,0.0,0.44036697247706424,0.0,0.0
17149,0.5247524752475248,0.0,0.47706422018348627,0.0,0.0
17150,0.5247524752475248,0.0,0.47706422018348627,0.0,0.0
17151,0.5247524752475248,0.4444444444444445,0.47706422018348627,0.2807017543859649,0.13333333333333333
17152,0.4158415841584158,0.0,0.3669724770642202,0.0,0.1
17153,0.26732673267326734,0.0,0.24770642201834864,0.0,0.1
17154,0.26732673267326734,0.0,0.14678899082568808,0.0,0.1
17155,0.26732673267326734,0.0,0.13761467889908258,0.0,0.1
17156,,0.0,0.3669724770642202,0.0,0.1
17157,0.5643564356435644,0.0,0.3853211009174312,0.0,0.03333333333333333
17158,0.5445544554455446,0.0,0.5137614678899083,0.15789473684210525,0.0
17159,0.38613861386138615,0.0,0.3394495412844037,0.0,0.0
17160,0.3564356435643564,0.0,0.22018348623853212,0.0,0.0
17161,0.40594059405940597,,0.3119266055045872,0.012531328320802004,0.03333333333333333
17162,0.49504950495049505,0.0,0.44954128440366975,0.005012531328320802,0.0
17163,0.49504950495049505,0.0,0.44954128440366975,0.0,0.0
17164,0.5544554455445545,0.0,0.42201834862385323,0.0,0.0
17165,0.5445544554455446,0.0,0.3761467889908257,0.0,0.0
17166,0.504950495049505,0.0,0.41284403669724773,0.0,0.0
17167,0.504950495049505,0.0,0.46788990825688076,0.015037593984962405,0.0
17168,0.6831683168316831,0.0,0.5412844036697249,0.0,0.0
17169,0.6138613861386139,0.0,0.5596330275229359,0.0,0.0
17170,0.6237623762376238,0.0,0.6238532110091743,0.19799498746867167,0.0
17171,0.42574257425742573,0.0,0.43119266055045874,0.0,0.0
17172,0.39603960396039606,0.0,0.26605504587155965,0.0,0.0
17173,0.3366336633663366,0.0,0.29357798165137616,0.0,0.0
17174,0.3366336633663366,0.0,0.3119266055045872,,0.0
17175,0.4554455445544554,0.11111111111111112,0.30275229357798167,0.03258145363408521,0.03333333333333333
17176,0.2772277227722772,0.05555555555555556,0.26605504587155965,0.005012531328320802,0.06666666666666667
17177,0.2079207920792079,0.0,0.26605504587155965,0.0,
17178,0.2079207920792079,0.0,0.12844036697247707,0.0,
17179,0.26732673267326734,0.0,0.1651376146788991,0.0,
17180,0.297029702970297,0.0,0.2018348623853211,0.0,
17181,0.3465346534653465,0.22222222222222224,0.3853211009174312,0.12280701754385964,0.13333333333333333
17182,0.1683168316831683,0.0,0.26605504587155965,0.0,
17183,0.1683168316831683,0.0,0.10091743119266056,0.0,0.1
17184,0.1584158415841584,0.0,0.11926605504587157,0.0,
17185,0.1584158415841584,0.0,0.30275229357798167,0.0,0.1
17186,0.37623762376237624,0.0,0.3761467889908257,0.0,0.06666666666666667
17187,0.37623762376237624,0.0,0.47706422018348627,0.10275689223057644,0.0
17188,0.5148514851485149,0.0,0.46788990825688076,0.0,0.0
17189,0.42574257425742573,0.0,0.3119266055045872,0.0,0.0
17190,0.4455445544554455,,0.3669724770642202,0.045112781954887216,0.03333333333333333
17191,0.3069306930693069,0.0,0.24770642201834864,0.0,
17192,0.31683168316831684,0.33333333333333337,0.26605504587155965,0.012531328320802004,0.13333333333333333
17193,0.3564356435643564,0.33333333333333337,0.3577981651376147,0.07769423558897243,0.23333333333333334
17194,0.12871287128712872,0.0,0.22935779816513763,0.0,0.2
17195,0.1782178217821782,0.0,0.2018348623853211,0.0,0.16666666666666666
17196,0.3366336633663366,0.0,0.3302752293577982,0.0,0.1
17197,0.5346534653465347,0.0,0.4036697247706422,0.0,0.03333333333333333
17198,0.5346534653465347,0.0,0.4036697247706422,0.0,0.0
17199,0.5346534653465347,0.0,0.41284403669724773,0.0,0.0
17200,0.5346534653465347,0.0,0.3669724770642202,0.10025062656641603,0.0
17201,0.5544554455445545,0.0,0.44954128440366975,0.10025062656641603,0.0
17202,0.5148514851485149,0.0,0.3577981651376147,0.0,0.0
17203,0.49504950495049505,0.0,0.3211009174311927,0.0,0.0
17204,0.49504950495049505,0.0,0.3302752293577982,0.0,0.0
17205,0.4158415841584158,0.0,0.3669724770642202,0.0,0.0
17206,0.4653465346534653,0.0,0.3302752293577982,0.0,0.0
17207,0.49504950495049505,0.0,0.3577981651376147,0.0,0.0
17208,0.4653465346534653,0.11111111111111112,0.3486238532110092,0.015037593984962405,0.03333333333333333
17209,0.3267326732673267,0.0,0.3486238532110092,0.0,0.03333333333333333
17210,0.31683168316831684,,0.27522935779816515,0.0,0.0
17211,0.4653465346534653,0.0,0.3394495412844037,0.0,0.0
17212,0.43564356435643564,0.0,0.3302752293577982,0.0,0.0
17213,0.25742574257425743,0.33333333333333337,0.3302752293577982,0.02506265664160401,0.1
17214,0.36633663366336633,0.0,0.42201834862385323,0.0,0.0
17215,0.6336633663366337,0.0,0.5596330275229359,0.0,0.0
17216,0.49504950495049505,0.0,0.4954128440366973,0.0,0.0
17217,0.504950495049505,0.0,0.5688073394495413,0.41604010025062654,0.0
17218,0.49504950495049505,0.0,0.6146788990825688,0.0,0.0
17219,0.4653465346534653,0.0,0.3486238532110092,0.0,0.0
17220,0.43564356435643564,0.0,0.4036697247706422,0.0,0.0
17221,0.36633663366336633,0.0,0.3577981651376147,0.0,0.0
17222,0.36633663366336633,0.0,0.3669724770642202,0.0,0.0
17223,0.5544554455445545,0.0,0.5045871559633028,0.44360902255639095,0.0
17224,0.5445544554455446,0.0,0.5596330275229359,0.0,0.0
17225,0.5544554455445545,0.0,0.44036697247706424,0.0,0.0
17226,0.5742574257425743,0.0,0.6238532110091743,0.0,0.0
17227,0.5148514851485149,0.0,0.42201834862385323,0.0,0.0
17228,0.5346534653465347,0.0,0.41284403669724773,0.007518796992481203,0.0
17229,0.5544554455445545,0.0,0.48623853211009177,0.0,0.0
17230,0.504950495049505,0.11111111111111112,0.3944954128440367,0.06265664160401002,
17231,0.40594059405940597,0.0,0.3486238532110092,0.0,0.0
17232,0.4158415841584158,0.0,0.43119266055045874,0.0,0.0
17233,0.504950495049505,0.0,0.42201834862385323,0.0,0.0
17234,0.5148514851485149,0.0,0.47706422018348627,0.047619047619047616,0.0
17235,0.5643564356435644,0.0,0.5045871559633028,0.0,0.0
17236,0.4653465346534653,0.0,0.4954128440366973,0.0,0.0
17237,0.48514851485148514,0.0,0.46788990825688076,0.0,0.0
17238,0.5346534653465347,,0.3761467889908257,0.5864661654135338,0.0
17239,0.4158415841584158,,0.3853211009174312,0.0,0.0
17240,0.37623762376237624,0.0,0.29357798165137616,0.0,0.0
17241,0.43564356435643564,0.0,0.3669724770642202,0.0,0.0
17242,0.5544554455445545,0.0,0.5229357798165137,0.0,0.0
17243,0.4653465346534653,0.0,0.3944954128440367,0.0,0.0
17244,0.4752475247524752,0.0,0.46788990825688076,0.0,0.0
17245,0.6039603960396039,0.0,0.5779816513761468,0.0,0.0
17246,0.5841584158415842,0.0,0.6880733944954128,0.0,0.0
17247,0.49504950495049505,0.0,0.42201834862385323,0.0,0.0
17248,0.42574257425742573,0.0,0.45871559633027525,0.0,0.0
17249,0.4455445544554455,0.0,0.44954128440366975,0.03258145363408521,0.0
17250,0.5643564356435644,0.0,0.5412844036697249,0.0,0.0
17251,0.5742574257425743,0.0,0.4954128440366973,0.0,0.0
17252,0.6336633663366337,0.0,0.706422018348624,0.0,0.0
17253,0.7029702970297029,0.0,0.6513761467889908,0.12280701754385964,0.0
17254,0.6435643564356436,0.0,0.48623853211009177,0.015037593984962405,0.0
17255,0.504950495049505,0.0,0.44036697247706424,0.03007518796992481,0.0
17256,0.4752475247524752,0.0,0.47706422018348627,0.0,0.0
17257,0.5247524752475248,0.0,0.5779816513761468,0.0,0.0
17258,0.5445544554455446,0.0,0.6422018348623854,0.0,0.0
17259,0.6534653465346534,0.0,0.6788990825688074,0.005012531328320802,0.0
17260,0.7326732673267327,0.0,0.7522935779816514,0.09523809523809523,0.0
17261,0.7722772277227723,0.0,0.6788990825688074,0.06265664160401002,0.0
17262,0.5346534653465347,0.0,0.6972477064220184,0.0,0.0
17263,0.5247524752475248,0.0,0.45871559633027525,0.0,0.0
17264,0.42574257425742573,0.0,0.3761467889908257,0.0,0.0
17265,0.4158415841584158,0.0,0.4036697247706422,0.0,0.0
17266,0.4455445544554455,0.0,0.44954128440366975,0.0,0.0
17267,0.5742574257425743,0.0,0.5045871559633028,0.06265664160401002,0.0
17268,0.5742574257425743,0.0,0.44036697247706424,0.010025062656641603,0.0
17269,0.48514851485148514,0.0,0.46788990825688076,0.0,0.0
17270,0.5148514851485149,0.0,0.5229357798165137,0.0,0.0
17271,0.5148514851485149,0.0,0.5871559633027523,0.012531328320802004,0.0
17272,0.5346534653465347,0.0,0.5963302752293579,0.0,0.0
17273,0.49504950495049505,0.0,0.43119266055045874,0.0,0.0
17274,0.49504950495049505,0.0,0.5504587155963303,0.0,0.0
17275,0.5247524752475248,0.0,0.5963302752293579,0.0,0.0
17276,0.594059405940594,0.0,0.6330275229357799,0.0,0.0
17277,0.6138613861386139,0.0,0.6330275229357799,0.0,0.0
17278,0.5841584158415842,0.0,0.6330275229357799,0.0,0.0
17279,0.594059405940594,0.0,0.6330275229357799,0.0,0.0
17280,0.594059405940594,0.0,0.6055045871559633,0.02756892230576441,0.0
17281,0.5445544554455446,0.0,0.5963302752293579,0.0,0.0
17282,0.6633663366336633,0.0,0.6605504587155964,0.0,0.0
17283,0.6138613861386139,0.0,0.5871559633027523,0.03759398496240601,0.0
17284,0.6237623762376238,0.0,0.6238532110091743,0.0,0.0
17285,0.6534653465346534,0.0,0.6697247706422019,0.0,0.0
17286,0.6435643564356436,0.0,0.7339449541284404,0.0,0.0
17287,0.5742574257425743,0.0,0.5596330275229359,0.0,0.0
17288,0.594059405940594,0.0,0.5871559633027523,0.2756892230576441,0.0
17289,0.594059405940594,0.0,0.4954128440366973,0.045112781954887216,0.0
17290,0.6039603960396039,0.0,0.6055045871559633,0.0,0.0
17291,0.6534653465346534,0.0,0.6330275229357799,0.12030075187969924,0.0
17292,0.6138613861386139,0.0,0.6146788990825688,0.0,0.0
17293,0.6039603960396039,0.0,0.6238532110091743,0.22556390977443608,0.0
17294,0.6831683168316831,0.0,0.6238532110091743,0.0,0.0
17295,0.6336633663366337,0.0,0.5137614678899083,0.0,0.0
17296,0.6039603960396039,0.0,0.6146788990825688,0.0,0.0
17297,0.6633663366336633,0.0,0.6605504587155964,0.0,0.0
17298,0.5742574257425743,0.0,0.6055045871559633,0.0,0.0
17299,0.6138613861386139,0.0,0.6146788990825688,0.0,0.0
17300,0.6435643564356436,0.0,0.6146788990825688,0.13032581453634084,0.0
17301,0.5643564356435644,0.0,0.4954128440366973,0.047619047619047616,0.0
17302,0.5742574257425743,0.0,0.5688073394495413,0.007518796992481203,0.0
17303,0.6633663366336633,0.0,0.6788990825688074,0.0,0.0
17304,0.7227722772277227,0.0,0.779816513761468,0.20050125313283207,0.0
17305,0.594059405940594,0.0,0.706422018348624,0.0,0.0
17306,0.5742574257425743,0.0,0.6146788990825688,0.0,0.0
17307,0.5247524752475248,0.0,0.6146788990825688,0.0,0.0
17308,0.6138613861386139,0.0,0.6605504587155964,0.0,0.0
17309,0.6336633663366337,0.0,0.6788990825688074,0.0,0.0
17310,0.7722772277227723,0.0,0.7614678899082569,0.3358395989974937,0.0
17311,0.6435643564356436,0.0,0.5688073394495413,0.042606516290726815,0.0
17312,0.6534653465346534,0.0,0.6055045871559633,0.0,0.0
17313,0.6831683168316831,0.0,0.6788990825688074,0.0,0.0
17314,0.7821782178217822,0.0,0.6880733944954128,0.24561403508771928,0.0
17315,0.7821782178217822,0.0,0.6880733944954128,0.09774436090225563,0.0
17316,0.7821782178217822,0.0,0.6880733944954128,0.07268170426065163,0.0
17317,0.7722772277227723,0.0,0.5963302752293579,0.13283208020050125,0.0
17318,0.7722772277227723,0.0,0.5963302752293579,0.22305764411027568,0.0
17319,0.7821782178217822,0.0,0.6055045871559633,0.022556390977443608,0.0
17320,0.7227722772277227,0.0,0.6422018348623854,0.0,0.0
17321,0.7227722772277227,0.0,0.6972477064220184,0.0,0.0
17322,0.7227722772277227,0.0,0.7339449541284404,0.0,0.0
17323,0.7623762376237624,0.0,0.743119266055046,0.0,0.0
17324,0.7425742574257426,0.0,0.6880733944954128,0.0,0.0
17325,0.7425742574257426,0.0,0.6972477064220184,0.0,0.0
17326,0.7524752475247525,0.0,0.7706422018348624,0.0,0.0
17327,0.7920792079207921,0.0,0.7889908256880734,0.0,0.0
17328,0.7920792079207921,0.0,0.81651376146789,0.0,0.0
17329,0.8613861386138614,0.0,0.7247706422018348,0.0,0.0
17330,0.7920792079207921,0.0,0.81651376146789,0.0,0.0
17331,0.7326732673267327,0.0,0.7522935779816514,0.0,0.0
17332,0.7920792079207921,0.0,0.779816513761468,0.0,0.0
17333,0.8316831683168316,0.0,0.7339449541284404,0.14536340852130325,0.0
17334,0.8118811881188118,0.0,0.6972477064220184,0.0,0.0
17335,0.8217821782178217,0.0,0.7889908256880734,0.0,0.0
17336,0.8712871287128713,0.0,0.8440366972477065,0.0,0.0
17337,0.8712871287128713,0.0,0.853211009174312,0.22807017543859648,0.0
17338,0.8910891089108911,0.0,0.853211009174312,0.3583959899749373,0.0
17339,0.8910891089108911,0.0,0.8256880733944955,0.0,0.0
17340,0.9108910891089109,0.0,0.8623853211009175,0.0,0.0
17341,0.9603960396039604,0.0,0.8715596330275229,0.0,0.0
17342,,0.0,0.8807339449541285,0.13283208020050125,0.0
17343,,0.0,0.8073394495412844,0.0,0.0
17344,,0.0,0.8256880733944955,0.0,0.0
17345,,0.0,0.8256880733944955,0.0,0.0
17346,,0.0,0.8348623853211009,0.0,0.0
17347,,0.0,0.8073394495412844,0.022556390977443608,0.0
17348,,0.0,0.8073394495412844,0.0,0.0
17349,,0.0,0.8440366972477065,0.0,0.0
17350,,0.0,0.7247706422018348,0.0,0.0
17351,,0.0,0.6697247706422019,0.0,0.0
17352,,0.0,0.7339449541284404,0.0,0.0
17353,,0.0,0.7522935779816514,0.08771929824561403,0.0
17354,,0.0,0.743119266055046,0.0,0.0
17355,,0.0,0.7706422018348624,0.3483709273182957,0.0
17356,,0.0,0.7247706422018348,0.0,0.0
17357,,0.0,0.7339449541284404,0.0,0.0
17358,,0.0,0.7706422018348624,0.0,0.0
17359,,0.0,0.7981651376146789,0.0,0.0
17360,,0.0,0.8348623853211009,0.0,0.0
17361,0.8613861386138614,0.0,0.889908256880734,0.0,0.0
17362,0.8910891089108911,0.0,0.8348623853211009,0.0,0.0
17363,0.9108910891089109,0.0,0.889908256880734,0.0,0.0
17364,0.9108910891089109,0.0,0.8623853211009175,0.0,0.0
17365,0.8613861386138614,0.0,0.8990825688073395,0.0,0.0
17366,0.7425742574257426,0.0,0.8256880733944955,0.0,0.0
17367,,0.0,0.8256880733944955,0.0,0.0
17368,0.8514851485148515,0.0,0.7247706422018348,0.17042606516290726,0.0
17369,0.8415841584158416,0.0,0.7247706422018348,0.012531328320802004,0.0
17370,,0.0,0.7614678899082569,0.010025062656641603,0.0
17371,,0.0,0.81651376146789,0.0,0.0
17372,0.8316831683168316,0.0,0.81651376146789,0.0,0.0
17373,0.9405940594059405,0.0,0.889908256880734,0.0,0.0
17374,0.9207920792079208,0.0,0.8807339449541285,0.06516290726817042,0.0
17375,0.8118811881188118,0.0,0.8715596330275229,0.0,0.0
17376,0.5346534653465347,0.0,0.7522935779816514,0.0,0.0
17377,0.693069306930693,0.0,0.7889908256880734,0.0,0.0
17378,0.7821782178217822,0.0,0.81651376146789,0.0,
17379,0.7128712871287128,0.0,0.8073394495412844,0.0,0.0
17380,0.7128712871287128,0.0,0.8348623853211009,0.0,0.0
17381,0.8514851485148515,,0.7889908256880734,0.14786967418546365,0.0
17382,0.801980198019802,,0.7889908256880734,0.0,0.0
17383,0.7227722772277227,0.0,0.7339449541284404,0.0,0.0
17384,0.7326732673267327,0.0,0.7614678899082569,0.0,0.0
17385,0.7623762376237624,0.0,0.7981651376146789,0.0,0.0
17386,0.7623762376237624,0.0,0.7981651376146789,0.0,0.0
17387,0.801980198019802,0.0,0.81651376146789,0.0,0.0
17388,0.8712871287128713,0.0,0.7339449541284404,0.0,0.0
17389,0.8118811881188118,0.0,0.6788990825688074,0.06766917293233082,0.0
17390,0.8118811881188118,0.0,0.8073394495412844,0.010025062656641603,0.0
17391,0.7326732673267327,0.0,0.7614678899082569,0.0,0.0
17392,0.8316831683168316,0.0,0.7522935779816514,0.0,0.0
17393,0.8811881188118812,0.0,0.8256880733944955,0.045112781954887216,0.0
17394,0.8811881188118812,0.0,0.8807339449541285,0.47869674185463656,0.0
17395,0.801980198019802,0.0,0.7706422018348624,0.0,0.0
17396,0.7920792079207921,0.0,0.706422018348624,0.0,0.0
17397,0.7920792079207921,0.0,0.743119266055046,0.0,0.0
17398,0.8217821782178217,0.0,0.6880733944954128,0.010025062656641603,0.0
17399,0.7524752475247525,0.0,0.706422018348624,0.0,0.0
17400,0.7029702970297029,0.0,0.7339449541284404,0.020050125313283207,0.0
17401,0.8118811881188118,0.0,0.743119266055046,0.017543859649122806,0.0
17402,0.8118811881188118,0.0,0.6238532110091743,0.2681704260651629,0.0
17403,0.801980198019802,0.0,0.7247706422018348,0.0,0.0
17404,0.7623762376237624,0.0,0.7522935779816514,0.0,0.0
17405,0.8118811881188118,0.0,0.8256880733944955,0.0,0.0
17406,0.7623762376237624,0.0,0.7614678899082569,0.0,0.0
17407,0.6435643564356436,0.0,0.743119266055046,0.0,0.0
17408,0.7029702970297029,0.0,0.743119266055046,0.045112781954887216,0.0
17409,0.7920792079207921,0.0,0.7706422018348624,0.0,0.0
17410,0.7326732673267327,0.0,0.7981651376146789,0.0,0.0
17411,0.6435643564356436,0.0,0.8256880733944955,0.0,0.0
17412,0.6237623762376238,0.0,0.6788990825688074,0.0,0.0
17413,0.6336633663366337,0.0,0.706422018348624,0.0,0.0
17414,0.693069306930693,0.0,0.7247706422018348,0.0,0.0
17415,0.693069306930693,0.0,0.779816513761468,0.0,0.0
17416,0.7920792079207921,0.0,0.7981651376146789,0.0,0.0
17417,0.801980198019802,0.0,0.7339449541284404,0.0,0.0
17418,0.8415841584158416,0.0,0.6513761467889908,0.3182957393483709,0.0
17419,0.8217821782178217,0.0,0.6972477064220184,0.0,0.0
17420,0.7623762376237624,0.0,0.6697247706422019,0.0,0.0
17421,0.7128712871287128,0.0,0.706422018348624,0.0,0.0
17422,0.6633663366336633,0.0,0.7339449541284404,0.0,0.0
17423,0.7821782178217822,0.0,0.7155963302752294,0.0,0.0
17424,0.7821782178217822,0.0,0.8073394495412844,0.0,0.0
17425,0.801980198019802,0.0,0.7981651376146789,0.12531328320802004,0.0
17426,0.7227722772277227,0.0,0.7706422018348624,0.22305764411027568,0.0
17427,0.7524752475247525,0.0,0.7889908256880734,0.0,0.0
17428,0.801980198019802,0.0,0.7889908256880734,0.7017543859649122,0.0
17429,0.6534653465346534,0.0,0.7889908256880734,0.0,0.0
17430,0.6435643564356436,0.0,0.6513761467889908,0.0,0.0
17431,0.6336633663366337,0.0,0.6422018348623854,0.022556390977443608,0.0
17432,0.6534653465346534,0.0,0.6605504587155964,0.007518796992481203,0.0
17433,0.6534653465346534,0.0,0.6697247706422019,0.0,0.0
17434,0.693069306930693,0.0,0.7339449541284404,0.0,0.0
17435,0.6534653465346534,0.0,0.6972477064220184,0.0,0.0
17436,0.6831683168316831,0.0,0.6972477064220184,0.0,0.0
17437,,0.0,0.7522935779816514,0.03508771929824561,0.0
17438,0.7425742574257426,0.0,0.7247706422018348,0.0,0.0
17439,0.6534653465346534,0.0,0.6513761467889908,0.0,0.0
17440,0.6138613861386139,0.0,0.6055045871559633,0.0,0.0
17441,0.6336633663366337,0.0,0.6697247706422019,0.05513784461152882,0.0
17442,0.6732673267326732,0.0,0.779816513761468,0.0,0.0
17443,0.7128712871287128,0.0,0.81651376146789,0.0,0.0
17444,0.7029702970297029,0.0,0.81651376146789,0.0,0.0
17445,0.6831683168316831,0.0,0.8073394495412844,0.0,0.0
17446,0.7920792079207921,0.0,0.81651376146789,0.0,0.0
17447,0.7920792079207921,0.0,0.7981651376146789,0.0,0.0
17448,0.7128712871287128,0.0,0.7339449541284404,0.015037593984962405,0.0
17449,0.6435643564356436,0.0,0.6880733944954128,0.0,0.0
17450,0.6534653465346534,0.0,0.6788990825688074,0.0,0.0
17451,0.6534653465346534,0.0,0.7889908256880734,0.0,0.0
17452,0.6831683168316831,0.0,0.743119266055046,0.12531328320802004,0.0
17453,0.6138613861386139,0.0,0.5871559633027523,0.0,0.0
17454,0.6039603960396039,0.0,0.5688073394495413,0.0,0.0
17455,0.6237623762376238,0.0,0.5596330275229359,0.0,0.0
17456,0.5544554455445545,0.0,0.5596330275229359,0.0,0.0
17457,0.5544554455445545,0.0,0.5963302752293579,0.0,0.0
17458,0.5742574257425743,0.0,0.6055045871559633,0.0,0.0
17459,0.5247524752475248,0.0,0.5504587155963303,0.0,0.0
17460,0.48514851485148514,0.0,0.5412844036697249,0.0,0.0
17461,0.49504950495049505,0.0,0.43119266055045874,0.0,0.0
17462,0.5445544554455446,0.0,0.48623853211009177,0.0,0.0
17463,0.6435643564356436,0.0,0.5229357798165137,0.0,0.0
17464,0.6138613861386139,0.0,0.5412844036697249,0.0,0.0
17465,0.5742574257425743,0.0,0.44036697247706424,0.11027568922305764,0.0
17466,0.5445544554455446,0.0,0.3853211009174312,0.0,0.0
17467,0.5247524752475248,0.0,0.48623853211009177,0.0,0.0
17468,0.5247524752475248,0.0,0.5871559633027523,0.0,0.0
17469,0.5445544554455446,0.0,0.6146788990825688,0.0,0.0
17470,0.7128712871287128,0.0,0.6422018348623854,0.040100250626566414,0.0
17471,0.6435643564356436,0.0,0.5412844036697249,0.13032581453634084,0.0
17472,0.5742574257425743,0.0,0.44954128440366975,0.012531328320802004,0.0
17473,0.5544554455445545,0.0,0.42201834862385323,0.020050125313283207,0.0
17474,0.5841584158415842,0.0,0.43119266055045874,0.0,0.0
17475,0.5841584158415842,0.0,0.46788990825688076,0.0,0.0
17476,0.6336633663366337,0.0,0.5321100917431193,0.0,0.0
17477,0.6138613861386139,0.0,0.5229357798165137,0.0,0.0
17478,0.5544554455445545,0.0,0.5688073394495413,0.0,0.0
17479,0.6237623762376238,0.0,0.44036697247706424,0.0,0.0
17480,0.504950495049505,0.0,0.45871559633027525,0.0,0.0
17481,0.4653465346534653,0.0,0.44036697247706424,0.0,0.0
17482,0.4158415841584158,0.0,0.3944954128440367,0.0,0.0
17483,0.43564356435643564,0.22222222222222224,0.3853211009174312,0.012531328320802004,0.06666666666666667
17484,0.43564356435643564,0.11111111111111112,0.3853211009174312,0.03007518796992481,0.06666666666666667
17485,0.3564356435643564,0.11111111111111112,0.3486238532110092,0.020050125313283207,0.1
17486,0.38613861386138615,0.0,0.3394495412844037,0.0,0.06666666666666667
17487,0.3564356435643564,0.0,0.3302752293577982,0.0,0.03333333333333333
17488,0.39603960396039606,0.0,0.3853211009174312,0.0,0.03333333333333333
17489,0.4554455445544554,0.0,0.3669724770642202,0.0,
17490,0.4554455445544554,0.0,0.44954128440366975,0.03007518796992481,
17491,0.5544554455445545,0.0,0.44036697247706424,0.05513784461152882,
17492,0.5346534653465347,0.0,0.4036697247706422,0.0,0.0
17493,0.4554455445544554,0.0,0.3394495412844037,0.0,0.0
17494,0.4653465346534653,,0.3761467889908257,0.0,0.0
17495,0.5841584158415842,0.0,0.5229357798165137,0.0,0.0
17496,0.5148514851485149,0.0,0.5229357798165137,0.0,0.0
17497,0.5148514851485149,0.0,0.4954128440366973,0.08270676691729323,0.0
17498,0.693069306930693,0.0,0.5321100917431193,0.020050125313283207,0.0
17499,0.6633663366336633,0.0,0.48623853211009177,0.07769423558897243,0.0
17500,0.5742574257425743,0.0,0.46788990825688076,0.0,0.0
17501,0.4752475247524752,0.0,0.41284403669724773,0.0,0.0
17502,0.4752475247524752,0.0,0.41284403669724773,0.0,0.0
17503,0.5643564356435644,0.0,0.42201834862385323,0.05263157894736842,0.0
17504,0.49504950495049505,0.0,0.3944954128440367,0.0,0.0
17505,0.4554455445544554,0.011111111111111112,0.3577981651376147,0.0,0.0
17506,0.49504950495049505,0.0,0.3486238532110092,0.0,0.0
17507,0.5346534653465347,0.0,0.3761467889908257,0.0,0.0
17508,0.5247524752475248,0.0,0.3302752293577982,0.0,0.0
17509,0.5346534653465347,0.11111111111111112,0.3577981651376147,0.047619047619047616,0.03333333333333333
17510,0.504950495049505,0.22222222222222224,0.3577981651376147,0.09774436090225563,0.1
17511,0.48514851485148514,0.0,0.3669724770642202,0.0,0.1
17512,0.48514851485148514,0.0,0.3669724770642202,0.0,0.06666666666666667
17513,0.4455445544554455,0.0,0.30275229357798167,0.0,0.03333333333333333
17514,0.4455445544554455,0.0,0.3394495412844037,0.0,
17515,0.49504950495049505,0.0,0.41284403669724773,0.0,
17516,0.43564356435643564,0.0,0.45871559633027525,0.0,
17517,0.43564356435643564,0.0,0.46788990825688076,0.0,
17518,0.4554455445544554,0.0,0.44036697247706424,0.0,0.0
17519,0.4554455445544554,0.0,0.47706422018348627,0.0,0.0
17520,0.5247524752475248,0.0,0.4036697247706422,0.0,0.0
17521,0.5247524752475248,0.0,0.3577981651376147,0.0,0.0
17522,0.5544554455445545,0.0,0.3853211009174312,0.11278195488721804,0.0
17523,0.5445544554455446,0.0,0.41284403669724773,0.0,0.0
17524,0.5445544554455446,0.0,0.44036697247706424,0.13533834586466165,0.0
17525,0.5148514851485149,0.0,0.3944954128440367,0.0,0.0
17526,0.49504950495049505,0.0,0.3486238532110092,0.0,0.0
17527,0.4554455445544554,0.0,0.4036697247706422,0.0,0.0
17528,0.4554455445544554,0.0,0.4036697247706422,0.0,0.0
17529,0.4653465346534653,0.0,0.3486238532110092,0.0,0.0
17530,0.297029702970297,0.11111111111111112,0.3302752293577982,0.005012531328320802,0.03333333333333333
17531,0.297029702970297,0.0,0.3302752293577982,0.0,0.03333333333333333
17532,0.5247524752475248,0.0,0.4036697247706422,0.0,
17533,0.5643564356435644,0.0,0.48623853211009177,0.0,
17534,0.594059405940594,0.0,0.5321100917431193,0.16791979949874686,
17535,,0.0,0.5321100917431193,0.040100250626566414,0.0
17536,,0.0,0.5596330275229359,0.07518796992481203,0.0
17537,0.7128712871287128,0.0,0.5412844036697249,0.03007518796992481,0.0
17538,0.6039603960396039,0.0,0.4954128440366973,0.19799498746867167,0.0
17539,0.6039603960396039,0.0,0.43119266055045874,0.0,0.0
17540,0.5148514851485149,0.0,0.3944954128440367,0.0,0.0
17541,0.40594059405940597,0.0,0.3211009174311927,0.0,0.0
17542,0.4752475247524752,0.0,0.3119266055045872,0.0,0.0
17543,0.43564356435643564,,0.4036697247706422,0.0,0.0
17544,0.3366336633663366,0.0,0.26605504587155965,0.0,0.0
17545,0.3465346534653465,,0.30275229357798167,0.06516290726817042,
17546,0.4554455445544554,0.0,0.3394495412844037,0.0,
17547,0.4554455445544554,0.0,0.3211009174311927,0.0,
17548,0.48514851485148514,0.0,0.3302752293577982,0.0,
17549,0.4653465346534653,0.0,0.3486238532110092,0.0,
17550,0.4752475247524752,0.0,0.3486238532110092,0.0,
17551,0.4752475247524752,0.0,0.3302752293577982,0.0,
17552,0.504950495049505,0.0,0.3394495412844037,0.007518796992481203,
17553,0.5148514851485149,0.0,0.3577981651376147,0.06766917293233082,
17554,0.5148514851485149,0.0,0.3577981651376147,0.0,
17555,0.5148514851485149,0.0,0.3669724770642202,0.0,
17556,0.504950495049505,0.0,0.3486238532110092,0.0,
17557,0.49504950495049505,0.0,0.44036697247706424,0.0,
17558,0.49504950495049505,0.0,0.43119266055045874,0.0,
17559,0.5346534653465347,0.0,0.3761467889908257,0.0,
17560,0.5445544554455446,0.0,0.41284403669724773,0.012531328320802004,
17561,0.5445544554455446,0.0,0.3853211009174312,0.0,
17562,0.4752475247524752,0.0,0.4036697247706422,0.0,0.0
17563,0.4752475247524752,0.0,0.4954128440366973,0.0,0.0
17564,0.5148514851485149,0.0,0.3853211009174312,0.0,0.0
17565,0.4752475247524752,0.0,0.4036697247706422,0.0,0.0
17566,0.4752475247524752,0.0,0.3761467889908257,0.0,0.0
17567,0.4554455445544554,0.0,0.3853211009174312,0.0,0.0
17568,0.4554455445544554,0.0,0.44036697247706424,0.0,0.0
17569,0.4554455445544554,0.0,0.44954128440366975,0.0,0.0
17570,0.4554455445544554,0.0,0.47706422018348627,0.0,0.0
17571,0.4554455445544554,0.0,0.47706422018348627,0.0,0.0
17572,0.4653465346534653,0.0,0.5412844036697249,0.0,0.0
17573,0.5841584158415842,0.0,0.45871559633027525,0.15538847117794485,0.0
17574,0.5247524752475248,0.0,0.3853211009174312,0.0,0.0
17575,0.5445544554455446,0.0,0.3761467889908257,0.0,0.0
17576,0.49504950495049505,0.0,0.3944954128440367,0.0,0.0
17577,0.5346534653465347,0.0,0.5045871559633028,0.0,0.0
17578,0.5544554455445545,0.0,0.44036697247706424,0.07268170426065163,0.0
17579,0.6039603960396039,0.0,0.44036697247706424,0.42606516290726815,0.0
17580,0.594059405940594,0.0,0.44954128440366975,0.03759398496240601,0.0
17581,0.5841584158415842,0.0,0.42201834862385323,0.020050125313283207,0.0
17582,0.5742574257425743,0.0,0.42201834862385323,0.0,0.0
17583,0.5247524752475248,0.0,0.42201834862385323,0.0,0.0
17584,0.5544554455445545,0.0,0.4954128440366973,0.0,0.0
17585,0.5148514851485149,0.0,0.47706422018348627,0.0,0.0
17586,0.5445544554455446,0.0,0.46788990825688076,0.0,0.0
17587,0.5445544554455446,0.0,0.5321100917431193,0.0,0.0
17588,0.5742574257425743,0.0,0.5229357798165137,0.017543859649122806,0.0
17589,0.5445544554455446,0.0,0.5871559633027523,0.0,0.0
17590,0.4554455445544554,0.0,0.5779816513761468,0.03007518796992481,0.0
17591,0.49504950495049505,0.0,0.46788990825688076,0.0,0.0
17592,0.5445544554455446,0.0,0.44036697247706424,0.0,0.0
17593,0.5247524752475248,0.0,0.44036697247706424,0.0,0.0
17594,0.49504950495049505,0.0,0.3944954128440367,0.0,0.0
17595,0.504950495049505,0.0,0.3944954128440367,0.0,0.0
17596,0.5643564356435644,0.0,0.42201834862385323,0.0,0.0
17597,0.5643564356435644,0.0,0.48623853211009177,0.0,0.0
17598,0.6039603960396039,0.0,0.5321100917431193,0.40350877192982454,0.0
17599,0.4158415841584158,0.0,0.44954128440366975,0.017543859649122806,0.0
17600,0.36633663366336633,0.0,0.30275229357798167,0.0,0.0
17601,0.37623762376237624,0.0,0.29357798165137616,0.0,0.0
17602,0.39603960396039606,0.0,0.3394495412844037,0.0,0.0
17603,0.40594059405940597,0.0,0.4036697247706422,0.0,0.0
17604,0.42574257425742573,0.0,0.3761467889908257,0.0,0.0
17605,0.4455445544554455,0.0,0.4036697247706422,0.0,0.0
17606,0.43564356435643564,0.0,0.4036697247706422,0.0,0.0
17607,0.5544554455445545,0.0,0.43119266055045874,0.07518796992481203,0.0
17608,0.6336633663366337,0.0,0.5779816513761468,0.10025062656641603,0.0
17609,0.5346534653465347,0.0,0.4954128440366973,0.0,0.0
17610,0.5346534653465347,0.22222222222222224,0.3669724770642202,0.13283208020050125,0.03333333333333333
17611,0.49504950495049505,0.0,0.3761467889908257,0.0,
17612,0.43564356435643564,0.0,0.44954128440366975,0.0,
17613,0.49504950495049505,0.0,0.45871559633027525,0.0,
17614,0.4554455445544554,0.0,0.48623853211009177,0.0,0.0
17615,0.504950495049505,0.0,0.5412844036697249,0.0,0.0
17616,0.6633663366336633,0.0,0.7155963302752294,0.0,0.0
17617,0.7623762376237624,0.0,0.743119266055046,0.015037593984962405,0.0
17618,0.6534653465346534,0.0,0.743119266055046,0.0,0.0
17619,0.7029702970297029,0.0,0.743119266055046,0.045112781954887216,0.0
17620,0.693069306930693,0.0,0.7614678899082569,0.0,0.0
17621,0.6534653465346534,0.0,0.7339449541284404,0.05263157894736842,0.0
17622,0.6237623762376238,0.0,0.6146788990825688,0.03759398496240601,0.0
17623,0.5742574257425743,0.0,0.5412844036697249,0.0,0.0
17624,0.6237623762376238,0.0,0.4954128440366973,0.0,0.0
17625,0.43564356435643564,0.0,0.5504587155963303,0.0,0.0
17626,0.4455445544554455,0.0,0.5963302752293579,0.0,0.0
17627,0.5544554455445545,0.0,0.5871559633027523,0.0,0.0
17628,0.5544554455445545,0.0,0.6238532110091743,0.08020050125313283,0.0
17629,0.5544554455445545,0.0,0.6880733944954128,0.0,0.0
17630,0.5841584158415842,0.0,0.47706422018348627,0.2631578947368421,0.0
17631,0.5544554455445545,0.0,0.5688073394495413,0.0,0.0
17632,0.5841584158415842,0.0,0.6330275229357799,0.0,0.0
17633,0.6633663366336633,0.0,0.6788990825688074,0.0,0.0
17634,0.6138613861386139,0.0,0.6880733944954128,0.042606516290726815,0.0
17635,0.6039603960396039,0.0,0.5779816513761468,0.012531328320802004,0.0
17636,0.5643564356435644,0.0,0.6055045871559633,0.16791979949874686,0.0
17637,0.6039603960396039,0.0,0.6788990825688074,0.0,0.0
17638,0.49504950495049505,0.0,0.5504587155963303,0.0,0.0
17639,0.6138613861386139,0.0,0.5871559633027523,0.0,0.0
17640,0.594059405940594,0.0,0.5412844036697249,0.0,0.0
17641,0.6138613861386139,0.0,0.6605504587155964,0.0,0.0
17642,0.6336633663366337,0.0,0.6513761467889908,0.0,0.0
17643,0.6534653465346534,0.0,0.6605504587155964,0.0,0.0
17644,0.6237623762376238,0.0,0.6880733944954128,0.0,0.0
17645,0.6435643564356436,0.0,0.7247706422018348,0.0,0.0
17646,0.6831683168316831,0.0,0.6422018348623854,0.15288220551378445,0.0
17647,0.5643564356435644,0.0,0.6422018348623854,0.045112781954887216,0.0
17648,0.5445544554455446,0.0,0.5504587155963303,0.0,0.0
17649,0.6039603960396039,0.0,0.6055045871559633,0.0,0.0
17650,0.6633663366336633,0.0,0.6513761467889908,0.03759398496240601,0.0
17651,0.6732673267326732,0.0,0.6513761467889908,0.03759398496240601,0.0
17652,0.6138613861386139,0.0,0.6697247706422019,0.09273182957393483,0.0
17653,,0.0,0.6697247706422019,0.02506265664160401,0.0
17654,0.5544554455445545,0.0,0.6697247706422019,0.002506265664160401,0.0
17655,0.7029702970297029,0.0,0.6513761467889908,0.0,0.0
17656,0.5841584158415842,0.0,0.7247706422018348,0.0,0.0
17657,0.7029702970297029,0.0,0.7522935779816514,0.005012531328320802,0.0
17658,0.8118811881188118,0.0,0.7522935779816514,0.022556390977443608,0.0
17659,0.7722772277227723,0.0,0.6238532110091743,0.0,0.0
17660,0.594059405940594,0.0,0.7247706422018348,0.0,0.0
17661,0.7722772277227723,0.0,0.6788990825688074,0.0,0.0
17662,,0.0,0.6880733944954128,0.0,0.0
17663,0.6138613861386139,0.0,0.7155963302752294,0.022556390977443608,0.0
17664,0.6831683168316831,0.0,0.7889908256880734,0.0,0.0
17665,0.7524752475247525,0.0,0.8440366972477065,0.0,0.0
17666,0.8118811881188118,0.0,0.8715596330275229,0.0,0.0
17667,0.7425742574257426,0.0,0.7889908256880734,0.0,0.0
17668,0.7821782178217822,0.0,0.8348623853211009,0.0,0.0
17669,0.7623762376237624,0.0,0.853211009174312,0.0,0.0
17670,0.7623762376237624,0.0,0.853211009174312,0.0,0.0
17671,0.7128712871287128,0.0,0.853211009174312,0.0,0.0
17672,0.594059405940594,0.0,0.7614678899082569,0.0,0.0
17673,0.7326732673267327,0.0,0.6880733944954128,0.0,0.0
17674,0.5841584158415842,0.0,0.7339449541284404,0.042606516290726815,0.0
17675,0.6237623762376238,0.0,0.6605504587155964,0.015037593984962405,0.0
17676,0.5841584158415842,0.0,0.6788990825688074,0.0,0.0
17677,0.6831683168316831,0.0,0.7889908256880734,0.0,0.0
17678,0.7326732673267327,0.0,0.8073394495412844,0.0,0.0
17679,0.7524752475247525,0.0,0.853211009174312,0.0,0.0
17680,0.7227722772277227,0.0,0.8715596330275229,0.0,0.0
17681,0.7623762376237624,0.0,0.853211009174312,0.0,0.0
17682,0.7326732673267327,0.0,0.853211009174312,0.09273182957393483,0.0
17683,0.7227722772277227,0.0,0.853211009174312,0.0,0.0
17684,0.6732673267326732,0.0,0.8348623853211009,0.0,0.0
17685,0.6534653465346534,0.0,0.6238532110091743,0.0,0.0
17686,0.6534653465346534,0.0,0.6880733944954128,0.0,0.0
17687,0.6138613861386139,0.0,0.5688073394495413,0.010025062656641603,0.0
17688,0.6534653465346534,0.0,0.6422018348623854,0.0,0.0
17689,0.6435643564356436,0.0,0.6697247706422019,0.0,0.0
17690,0.6633663366336633,0.0,0.7247706422018348,0.005012531328320802,0.0
17691,0.7920792079207921,0.0,0.6238532110091743,0.16290726817042606,0.0
17692,0.6435643564356436,0.0,0.7614678899082569,0.0,0.0
17693,0.8217821782178217,0.0,0.7247706422018348,0.14536340852130325,0.0
17694,0.594059405940594,0.0,0.81651376146789,0.08270676691729323,0.0
17695,,0.0,0.7522935779816514,0.0,0.0
17696,,0.0,0.7614678899082569,0.0,0.0
17697,0.801980198019802,0.0,0.779816513761468,0.0,0.0
17698,,0.0,0.7339449541284404,0.07017543859649122,0.0
17699,0.7326732673267327,0.0,0.81651376146789,0.0,0.0
17700,0.7920792079207921,0.0,0.853211009174312,0.16791979949874686,0.0
17701,0.8118811881188118,0.0,0.8073394495412844,0.0,0.0
17702,0.8712871287128713,0.0,0.853211009174312,0.0,0.0
17703,0.7821782178217822,0.0,0.8440366972477065,0.020050125313283207,0.0
17704,0.7425742574257426,0.0,0.8715596330275229,0.0,0.0
17705,,0.0,0.8623853211009175,0.0,0.0
17706,,0.0,0.889908256880734,0.0,0.0
17707,0.7425742574257426,0.0,0.908256880733945,0.045112781954887216,0.0
17708,0.9108910891089109,0.0,0.8807339449541285,0.010025062656641603,0.0
17709,0.9207920792079208,0.0,0.8623853211009175,0.05012531328320802,0.0
17710,0.9603960396039604,0.0,0.908256880733945,0.0,0.0
17711,0.8910891089108911,0.0,0.81651376146789,0.0,0.0
17712,0.8217821782178217,0.0,0.7981651376146789,0.0,0.0
17713,0.7425742574257426,0.0,0.81651376146789,0.0,0.0
17714,,0.0,0.8440366972477065,0.0,0.0
17715,0.9108910891089109,0.0,0.8623853211009175,0.09523809523809523,0.0
17716,0.7920792079207921,0.0,0.8073394495412844,0.0,0.0
17717,0.7227722772277227,0.0,0.7889908256880734,0.0,0.0
17718,0.8316831683168316,0.0,0.8348623853211009,0.03258145363408521,0.0
17719,0.9108910891089109,0.0,0.7889908256880734,0.10526315789473684,0.0
17720,0.7227722772277227,0.0,0.81651376146789,0.0,0.0
17721,0.6633663366336633,0.0,0.8348623853211009,0.0,0.0
17722,0.7425742574257426,0.0,0.7889908256880734,0.0,0.0
17723,0.7623762376237624,0.0,0.7889908256880734,0.0,0.0
17724,0.7722772277227723,0.0,0.81651376146789,0.0,0.0
17725,0.7920792079207921,0.0,0.853211009174312,0.0,0.0
17726,0.8118811881188118,0.0,0.8715596330275229,0.0,0.0
17727,0.7425742574257426,0.0,0.908256880733945,0.0,0.0
17728,0.8613861386138614,0.0,0.908256880733945,0.0,0.0
17729,0.8514851485148515,0.0,0.8623853211009175,0.0,0.0
17730,0.7722772277227723,0.0,0.8990825688073395,0.0,0.0
17731,0.8811881188118812,0.0,0.8715596330275229,0.03759398496240601,0.0
17732,0.8217821782178217,0.0,0.8990825688073395,0.07017543859649122,0.0
17733,0.9405940594059405,0.0,0.9174311926605505,0.37343358395989973,0.0
17734,0.7623762376237624,0.0,0.8623853211009175,0.05263157894736842,0.0
17735,0.8118811881188118,0.0,0.81651376146789,0.0,0.0
17736,0.8316831683168316,0.0,0.7889908256880734,0.0,0.0
17737,0.7920792079207921,0.0,0.7981651376146789,0.0,0.0
17738,0.801980198019802,0.0,0.7889908256880734,0.0,0.0
17739,0.8316831683168316,0.0,0.7981651376146789,0.0,0.0
17740,0.8910891089108911,0.0,0.8256880733944955,0.0,0.0
17741,0.8217821782178217,0.0,0.8256880733944955,0.0,0.0
17742,0.7920792079207921,0.0,0.7614678899082569,0.0,0.0
17743,0.7029702970297029,0.0,0.7889908256880734,0.0,0.0
17744,0.6039603960396039,0.0,0.779816513761468,0.0,0.0
17745,0.801980198019802,0.0,0.8073394495412844,0.0,0.0
17746,0.7326732673267327,0.0,0.8348623853211009,0.0,0.0
17747,0.8811881188118812,0.0,0.7339449541284404,0.19799498746867167,0.0
17748,0.900990099009901,0.0,0.7247706422018348,0.38596491228070173,0.0
17749,0.8415841584158416,0.0,0.81651376146789,0.06516290726817042,0.0
17750,0.8910891089108911,0.0,0.8348623853211009,0.14786967418546365,0.0
17751,0.8811881188118812,0.0,0.8623853211009175,0.0,0.0
17752,0.801980198019802,0.0,0.81651376146789,0.0,0.0
17753,0.7920792079207921,0.0,0.853211009174312,0.0,0.0
17754,0.7326732673267327,0.0,0.7981651376146789,0.0,0.0
17755,0.7029702970297029,0.0,0.7706422018348624,0.0,0.0
17756,0.6732673267326732,0.0,0.7889908256880734,0.0,0.0
17757,0.8217821782178217,0.0,0.7981651376146789,0.0,0.0
17758,0.8613861386138614,0.0,0.8256880733944955,0.10275689223057644,0.0
17759,0.7128712871287128,0.0,0.8348623853211009,0.0,0.0
17760,0.7227722772277227,0.0,0.8348623853211009,0.10526315789473684,0.0
17761,0.6831683168316831,0.0,0.7889908256880734,0.0,0.0
17762,0.7128712871287128,0.0,0.7339449541284404,0.0,0.0
17763,0.7227722772277227,0.0,0.7889908256880734,0.0,0.0
17764,0.900990099009901,0.0,0.8348623853211009,0.03007518796992481,0.0
17765,0.900990099009901,0.0,0.8256880733944955,0.09774436090225563,0.0
17766,0.8910891089108911,,0.8348623853211009,0.7518796992481203,0.0
17767,0.8712871287128713,,0.8256880733944955,0.568922305764411,0.0
17768,0.8316831683168316,,0.81651376146789,0.3182957393483709,0.0
17769,0.8118811881188118,0.0,0.81651376146789,0.0,0.0
17770,0.801980198019802,0.0,0.81651376146789,0.0,0.0
17771,0.8118811881188118,0.0,0.7706422018348624,0.05513784461152882,0.0
17772,0.8217821782178217,0.0,0.81651376146789,0.0,0.0
17773,0.7821782178217822,0.0,0.81651376146789,0.0,0.0
17774,0.7821782178217822,0.0,0.7889908256880734,0.0,0.0
17775,0.7821782178217822,0.0,0.7339449541284404,0.0,0.0
17776,0.7425742574257426,0.0,0.743119266055046,0.0,0.0
17777,0.7623762376237624,0.0,0.7614678899082569,0.0,0.0
17778,0.7524752475247525,0.0,0.779816513761468,0.0,0.0
17779,0.7623762376237624,0.0,0.81651376146789,0.0,0.0
17780,0.7722772277227723,0.0,0.8715596330275229,0.07518796992481203,0.0
17781,0.7128712871287128,0.0,0.7247706422018348,0.0,0.0
17782,0.6831683168316831,0.0,0.6788990825688074,0.0,0.0
17783,0.6534653465346534,0.0,0.743119266055046,0.0,0.0
17784,,0.0,0.7339449541284404,0.0,0.0
17785,0.693069306930693,0.0,0.7981651376146789,0.0,0.0
17786,0.7227722772277227,0.0,0.8348623853211009,0.0,0.0
17787,0.7227722772277227,0.0,0.853211009174312,0.0,0.0
17788,0.7227722772277227,0.0,0.853211009174312,0.0,0.0
17789,0.900990099009901,0.0,0.7889908256880734,0.0,0.0
17790,0.7227722772277227,0.0,0.7614678899082569,0.0,0.0
17791,0.7425742574257426,0.0,0.7981651376146789,0.0,0.0
17792,0.7920792079207921,0.0,0.8440366972477065,0.0,0.0
17793,0.8712871287128713,0.0,0.8256880733944955,0.0,0.0
17794,0.8811881188118812,0.0,0.853211009174312,0.042606516290726815,0.0
17795,0.7920792079207921,0.0,0.7981651376146789,0.0,0.0
17796,0.6534653465346534,0.0,0.6880733944954128,0.0,0.0
17797,0.6435643564356436,0.0,0.6513761467889908,0.0,0.0
17798,,0.0,0.6513761467889908,0.0,0.0
17799,0.8118811881188118,0.0,0.7981651376146789,0.0,0.0
17800,0.9207920792079208,0.0,0.8715596330275229,0.0,0.0
17801,0.7524752475247525,0.0,0.81651376146789,0.03007518796992481,0.0
17802,0.6732673267326732,0.0,0.743119266055046,0.0,0.0
17803,0.693069306930693,0.0,0.8073394495412844,0.0,0.0
17804,0.7227722772277227,0.0,0.7614678899082569,0.03759398496240601,
17805,0.6039603960396039,0.0,0.6330275229357799,0.0,
17806,0.6039603960396039,0.0,0.6055045871559633,0.0,
17807,0.7128712871287128,0.0,0.5229357798165137,0.08020050125313283,
17808,0.6831683168316831,0.0,0.5963302752293579,0.0,
17809,0.7326732673267327,0.0,0.706422018348624,0.0,
17810,0.8118811881188118,0.0,0.8256880733944955,0.10526315789473684,
17811,0.7425742574257426,0.0,0.5871559633027523,0.10025062656641603,
17812,0.7227722772277227,0.0,0.6055045871559633,0.0,
17813,0.6138613861386139,0.0,0.6513761467889908,0.0,
17814,0.6534653465346534,0.0,0.6697247706422019,0.0,
17815,0.6534653465346534,0.0,0.706422018348624,0.0,
17816,0.6435643564356436,0.0,0.7155963302752294,0.0,
17817,0.6237623762376238,0.0,0.6055045871559633,0.0,
17818,0.6237623762376238,0.0,0.5779816513761468,0.0,
17819,0.6237623762376238,0.0,0.6513761467889908,0.0,
17820,0.6534653465346534,0.0,0.7614678899082569,0.0,
17821,0.8514851485148515,0.0,0.7614678899082569,0.0,
17822,0.6237623762376238,0.0,0.6422018348623854,0.06015037593984962,
17823,0.6237623762376238,0.0,0.6330275229357799,0.0,
17824,0.5841584158415842,0.0,0.5596330275229359,0.0,
17825,0.5445544554455446,0.0,0.5596330275229359,0.02506265664160401,
17826,0.5346534653465347,0.0,0.5321100917431193,0.0,
17827,0.5841584158415842,0.0,0.6330275229357799,0.0,
17828,,0.0,0.6788990825688074,0.0,
17829,0.6732673267326732,0.0,0.6880733944954128,0.0,
17830,0.7128712871287128,0.0,0.6330275229357799,0.0,
17831,0.6138613861386139,0.0,0.6697247706422019,0.0,
17832,0.6237623762376238,0.0,0.6330275229357799,0.0,
17833,0.6237623762376238,0.0,0.6330275229357799,0.06015037593984962,
17834,0.7029702970297029,0.0,0.5779816513761468,0.007518796992481203,
17835,,0.0,0.5779816513761468,0.0,0.0
17836,0.6633663366336633,0.0,0.5596330275229359,0.0,0.0
17837,0.5445544554455446,0.0,0.5321100917431193,0.0,0.0
17838,0.49504950495049505,0.0,0.4954128440366973,0.0,0.0
17839,0.4752475247524752,0.0,0.46788990825688076,0.0,0.0
17840,0.5247524752475248,0.0,0.41284403669724773,0.0,0.0
17841,0.5247524752475248,0.0,0.47706422018348627,0.0,0.0
17842,0.5544554455445545,0.0,0.47706422018348627,0.0,0.0
17843,0.5643564356435644,0.0,0.43119266055045874,0.0,0.0
17844,0.5544554455445545,0.0,0.5229357798165137,0.09523809523809523,0.0
17845,0.6237623762376238,0.0,0.6513761467889908,0.15538847117794485,0.0
17846,0.5544554455445545,0.0,0.47706422018348627,0.0,0.0
17847,0.5643564356435644,0.0,0.5321100917431193,0.0,0.0
17848,0.5643564356435644,0.0,0.5229357798165137,0.0,0.0
17849,0.6336633663366337,0.0,0.5596330275229359,0.0,0.0
17850,0.5841584158415842,0.0,0.5137614678899083,0.0,0.0
17851,0.5841584158415842,0.0,0.5412844036697249,0.0,0.0
17852,0.5346534653465347,0.0,0.5137614678899083,0.0,0.0
17853,0.6039603960396039,0.0,0.5504587155963303,0.0,0.0
17854,0.5841584158415842,0.0,0.5779816513761468,0.0,0.0
17855,0.5346534653465347,0.0,0.42201834862385323,0.0,0.0
17856,0.49504950495049505,0.0,0.43119266055045874,0.0,0.0
17857,0.5544554455445545,0.0,0.5596330275229359,0.0,0.0
17858,0.5643564356435644,0.0,0.6238532110091743,0.0,0.0
17859,0.5346534653465347,0.0,0.5688073394495413,0.0,0.0
17860,0.5643564356435644,0.0,0.5045871559633028,0.13784461152882205,0.0
17861,0.5247524752475248,0.0,0.5504587155963303,0.0,0.0
17862,0.5247524752475248,0.0,0.5412844036697249,0.0,0.0
17863,0.6237623762376238,0.0,0.6238532110091743,0.0,0.0
17864,0.7623762376237624,0.0,0.6422018348623854,0.0,0.0
17865,0.5841584158415842,0.0,0.6238532110091743,0.0,0.0
17866,0.5742574257425743,0.0,0.5412844036697249,0.02506265664160401,0.0
17867,0.6039603960396039,0.0,0.6055045871559633,0.0,0.0
17868,0.7524752475247525,0.0,0.6238532110091743,0.0,0.0
17869,0.7425742574257426,0.0,0.6238532110091743,0.0,0.0
17870,0.7623762376237624,0.0,0.6238532110091743,0.0,0.0
17871,0.6138613861386139,0.0,0.6788990825688074,0.042606516290726815,0.0
17872,0.5742574257425743,0.0,0.43119266055045874,0.0,0.0
17873,0.504950495049505,0.0,0.46788990825688076,0.0,0.0
17874,0.504950495049505,0.0,0.4954128440366973,0.0,0.0
17875,0.48514851485148514,0.0,0.45871559633027525,0.0,0.0
17876,0.4752475247524752,0.0,0.48623853211009177,0.0,0.0
17877,0.4455445544554455,0.0,0.4954128440366973,0.0,0.0
17878,0.4554455445544554,0.0,0.5412844036697249,0.0,0.0
17879,0.4653465346534653,0.0,0.44954128440366975,0.0,0.0
17880,0.504950495049505,0.0,0.5229357798165137,0.0,0.0
17881,0.5148514851485149,0.0,0.42201834862385323,0.0,0.0
17882,0.4554455445544554,0.0,0.3944954128440367,0.0,0.0
17883,0.5148514851485149,0.0,0.45871559633027525,0.0,0.0
17884,0.5247524752475248,0.0,0.44954128440366975,0.0,0.0
17885,0.5445544554455446,0.0,0.43119266055045874,0.03258145363408521,0.0
17886,0.40594059405940597,,0.44036697247706424,0.05513784461152882,0.0
17887,0.3069306930693069,0.0,0.21100917431192662,0.0,0.0
17888,0.31683168316831684,0.0,0.23853211009174313,0.0,0.0
17889,0.3564356435643564,0.0,0.30275229357798167,0.0,0.0
17890,0.37623762376237624,0.0,0.3302752293577982,0.0,0.0
17891,0.38613861386138615,0.0,0.3577981651376147,0.0,0.0
17892,0.4158415841584158,0.0,0.42201834862385323,0.0,0.0
17893,0.42574257425742573,0.0,0.42201834862385323,0.0,0.0
17894,0.3069306930693069,0.0,0.4036697247706422,0.0,0.0
17895,0.3069306930693069,0.0,0.22018348623853212,0.0,0.0
17896,0.3267326732673267,0.0,0.23853211009174313,0.0,0.0
17897,0.31683168316831684,0.16666666666666669,0.23853211009174313,0.02506265664160401,
17898,0.36633663366336633,0.6666666666666667,0.3669724770642202,0.16791979949874686,0.26666666666666666
17899,0.24752475247524752,0.0,0.22935779816513763,0.0,0.26666666666666666
17900,0.1386138613861386,0.0,0.11009174311926606,0.0,0.26666666666666666
17901,0.12871287128712872,0.22222222222222224,0.23853211009174313,0.007518796992481203,0.3
17902,0.3069306930693069,0.33333333333333337,0.3119266055045872,0.005012531328320802,0.4
17903,0.25742574257425743,0.0,0.1651376146788991,0.0,
17904,0.3465346534653465,0.33333333333333337,0.22935779816513763,0.07518796992481203,0.5
17905,0.1683168316831683,0.0,0.24770642201834864,0.0,
17906,0.198019801980198,0.0,0.1926605504587156,0.0,0.4666666666666667
17907,0.2079207920792079,0.33333333333333337,0.29357798165137616,0.07518796992481203,0.5666666666666667
17908,0.40594059405940597,0.16666666666666669,0.29357798165137616,0.06015037593984962,0.5
17909,0.2772277227722772,0.0,0.21100917431192662,0.0,0.5
17910,0.2772277227722772,0.0,0.1559633027522936,0.0,0.5
17911,0.3366336633663366,0.0,0.3394495412844037,0.0,0.5
17912,0.40594059405940597,0.0,0.4036697247706422,0.0,0.43333333333333335
17913,0.43564356435643564,0.0,0.44954128440366975,0.05513784461152882,0.2
17914,0.43564356435643564,0.0,0.3853211009174312,0.0,0.16666666666666666
17915,0.42574257425742573,0.0,0.3486238532110092,0.0,0.16666666666666666
17916,0.4455445544554455,0.0,0.3669724770642202,0.0,0.1
17917,0.5445544554455446,0.0,0.42201834862385323,0.2556390977443609,0.06666666666666667
17918,0.5841584158415842,0.0,0.5321100917431193,0.07017543859649122,0.0
17919,0.5643564356435644,0.0,0.5688073394495413,0.0,0.0
17920,0.5544554455445545,0.0,0.5688073394495413,0.0,0.0
17921,0.5148514851485149,0.0,0.3853211009174312,0.0,0.0
17922,0.504950495049505,0.0,0.41284403669724773,0.0,0.0
17923,0.5544554455445545,0.0,0.5871559633027523,0.0,0.0
17924,0.5346534653465347,0.0,0.3761467889908257,0.0,0.0
17925,0.4752475247524752,0.0,0.4036697247706422,0.0,0.0
17926,0.4752475247524752,0.0,0.44954128440366975,0.0,0.0
17927,0.504950495049505,0.0,0.41284403669724773,0.03759398496240601,0.0
17928,0.5742574257425743,0.0,0.43119266055045874,0.015037593984962405,0.0
17929,0.5148514851485149,0.0,0.44954128440366975,0.012531328320802004,0.0
17930,0.5148514851485149,0.0,0.44954128440366975,0.002506265664160401,0.0
17931,0.40594059405940597,0.0,0.43119266055045874,0.0,0.0
17932,0.40594059405940597,0.0,0.42201834862385323,0.005012531328320802,0.0
17933,0.5544554455445545,0.0,0.5321100917431193,0.0,0.0
17934,0.4653465346534653,0.16666666666666669,0.3577981651376147,0.07017543859649122,0.06666666666666667
17935,0.504950495049505,0.0,0.42201834862385323,0.0,
17936,0.5148514851485149,0.0,0.5412844036697249,0.0,
17937,0.5445544554455446,0.0,0.5412844036697249,0.0,0.0
17938,0.5247524752475248,0.0,0.6880733944954128,0.0,0.0
17939,0.37623762376237624,0.11111111111111112,0.3761467889908257,0.02506265664160401,0.03333333333333333
17940,0.38613861386138615,0.0,0.3394495412844037,0.0,
17941,0.42574257425742573,0.0,0.41284403669724773,0.0,
17942,0.5247524752475248,0.0,0.5229357798165137,0.0,
17943,0.5643564356435644,0.0,0.5229357798165137,0.03007518796992481,
17944,0.5148514851485149,0.0,0.3853211009174312,0.0,0.0
17945,0.504950495049505,0.0,0.3577981651376147,0.0,0.0
17946,0.42574257425742573,0.0,0.3761467889908257,0.0,0.0
17947,0.39603960396039606,0.0,0.3577981651376147,0.0,0.0
17948,0.3366336633663366,0.0,0.3669724770642202,0.0,0.0
17949,0.3267326732673267,0.0,0.3211009174311927,0.0,0.0
17950,0.4158415841584158,0.0,0.3669724770642202,0.0,0.0
17951,0.43564356435643564,0.11111111111111112,0.3853211009174312,0.03759398496240601,0.03333333333333333
17952,0.5247524752475248,0.0,0.3761467889908257,0.0,0.0
17953,0.5247524752475248,0.0,0.43119266055045874,0.020050125313283207,0.0
17954,0.5643564356435644,0.0,0.5137614678899083,0.08270676691729323,0.0
17955,0.5643564356435644,0.0,0.44036697247706424,0.007518796992481203,0.0
17956,0.4455445544554455,0.0,0.3761467889908257,0.0,0.0
17957,0.4554455445544554,0.0,0.44036697247706424,0.11528822055137844,0.0
17958,0.48514851485148514,0.0,0.3669724770642202,0.0,0.0
17959,0.48514851485148514,0.0,0.41284403669724773,0.0,0.0
17960,0.4752475247524752,0.33333333333333337,0.48623853211009177,0.09022556390977443,0.1
17961,0.2772277227722772,0.11111111111111112,0.30275229357798167,0.015037593984962405,0.13333333333333333
17962,0.2772277227722772,0.0,0.30275229357798167,0.0,0.1
17963,0.2772277227722772,0.4444444444444445,0.30275229357798167,0.015037593984962405,0.16666666666666666
17964,0.42574257425742573,0.5555555555555556,0.3119266055045872,0.017543859649122806,0.16666666666666666
17965,0.3069306930693069,0.0,0.3944954128440367,0.0,0.13333333333333333
17966,0.31683168316831684,0.0,0.41284403669724773,0.0,0.1
17967,0.40594059405940597,0.0,0.42201834862385323,0.0,
17968,0.4455445544554455,0.0,0.3761467889908257,0.0,
17969,0.42574257425742573,0.0,0.3944954128440367,0.0,
17970,0.43564356435643564,0.0,0.42201834862385323,0.0,
17971,0.48514851485148514,0.0,0.48623853211009177,0.0,
17972,0.5841584158415842,0.0,0.6238532110091743,0.0,0.0
17973,0.504950495049505,0.0,0.42201834862385323,0.0,0.0
17974,0.48514851485148514,0.0,0.48623853211009177,0.0,0.0
17975,0.5544554455445545,0.0,0.5321100917431193,0.0,0.0
17976,0.5247524752475248,0.0,0.45871559633027525,0.0,0.0
17977,0.4653465346534653,0.0,0.44954128440366975,0.0,0.0
17978,0.4752475247524752,0.0,0.5137614678899083,0.0,0.0
17979,0.504950495049505,0.0,0.4954128440366973,0.0,0.0
17980,0.4752475247524752,0.0,0.44036697247706424,0.0,0.0
17981,0.4455445544554455,0.0,0.47706422018348627,0.0,0.0
17982,0.4455445544554455,0.0,0.5596330275229359,0.0,0.0
17983,0.4554455445544554,0.0,0.6146788990825688,0.0,0.0
17984,0.5148514851485149,0.0,0.6330275229357799,0.0,0.0
17985,0.5148514851485149,0.0,0.6880733944954128,0.0,0.0
17986,0.6534653465346534,0.0,0.6972477064220184,0.002506265664160401,0.0
17987,0.7425742574257426,0.0,0.6055045871559633,0.0,0.0
17988,0.7623762376237624,0.0,0.6972477064220184,0.0,0.0
17989,0.7425742574257426,0.0,0.743119266055046,0.0,0.0
17990,0.6039603960396039,0.0,0.6238532110091743,0.12280701754385964,0.0
17991,0.6039603960396039,0.0,0.5412844036697249,0.020050125313283207,0.0
17992,0.6039603960396039,0.0,0.6422018348623854,0.0,0.0
17993,0.6039603960396039,0.0,0.6880733944954128,0.0,0.0
17994,0.6831683168316831,0.0,0.743119266055046,0.2681704260651629,0.0
17995,0.5742574257425743,0.0,0.47706422018348627,0.12531328320802004,0.0
17996,0.6336633663366337,0.0,0.5412844036697249,0.16290726817042606,0.0
17997,0.5841584158415842,0.0,0.5779816513761468,0.007518796992481203,0.0
17998,0.5742574257425743,0.0,0.5688073394495413,0.0,0.0
17999,0.5742574257425743,0.0,0.6330275229357799,0.0,0.0
18000,0.594059405940594,0.0,0.6605504587155964,0.0,0.0
18001,0.6534653465346534,0.0,0.5504587155963303,0.22055137844611528,0.0
18002,0.6039603960396039,0.0,0.45871559633027525,0.020050125313283207,0.0
18003,0.5742574257425743,0.0,0.5504587155963303,0.0,0.0
18004,0.5841584158415842,0.0,0.5412844036697249,0.012531328320802004,0.0
18005,0.5742574257425743,0.0,0.5504587155963303,0.0,0.0
18006,0.6336633663366337,0.0,0.5779816513761468,0.0,0.0
18007,0.693069306930693,0.0,0.6697247706422019,0.05513784461152882,0.0
18008,0.693069306930693,0.0,0.6697247706422019,0.2706766917293233,0.0
18009,0.504950495049505,0.0,0.4954128440366973,0.03759398496240601,0.0
18010,0.5247524752475248,0.0,0.5779816513761468,0.0,0.0
18011,0.5544554455445545,0.0,0.6330275229357799,0.0,0.0
18012,0.6138613861386139,0.0,0.7247706422018348,0.0,0.0
18013,0.5148514851485149,0.0,0.6330275229357799,0.0,0.0
18014,0.6633663366336633,0.0,0.6330275229357799,0.0,0.0
18015,0.6336633663366337,0.0,0.706422018348624,0.0,0.0
18016,0.6633663366336633,0.0,0.706422018348624,0.0,0.0
18017,0.6732673267326732,0.0,0.7155963302752294,0.0,0.0
18018,0.6831683168316831,0.0,0.7706422018348624,0.0,0.0
18019,0.6831683168316831,0.0,0.779816513761468,0.0,0.0
18020,0.6831683168316831,0.0,0.8073394495412844,0.0,0.0
18021,0.8316831683168316,0.0,0.7889908256880734,0.012531328320802004,0.0
18022,0.7524752475247525,0.0,0.7155963302752294,0.0,0.0
18023,0.7128712871287128,0.0,0.7339449541284404,0.0,0.0
18024,0.7227722772277227,0.0,0.6055045871559633,0.007518796992481203,0.0
18025,0.6633663366336633,0.0,0.706422018348624,0.0,0.0
18026,0.6732673267326732,0.0,0.7522935779816514,0.0,0.0
18027,0.6732673267326732,0.0,0.779816513761468,0.0,0.0
18028,0.7326732673267327,0.0,0.7155963302752294,0.0,0.0
18029,0.7227722772277227,0.0,0.5688073394495413,0.0,0.0
18030,0.7227722772277227,0.0,0.706422018348624,0.0,0.0
18031,0.7722772277227723,0.0,0.7706422018348624,0.0,0.0
18032,0.8118811881188118,0.0,0.81651376146789,0.0,0.0
18033,0.8613861386138614,0.0,0.8623853211009175,0.11528822055137844,0.0
18034,0.7326732673267327,0.0,0.6880733944954128,0.0,0.0
18035,0.7128712871287128,0.0,0.7247706422018348,0.0,0.0
18036,0.7425742574257426,0.0,0.7522935779816514,0.0,0.0
18037,0.7722772277227723,0.0,0.7981651376146789,0.19298245614035087,0.0
18038,0.7326732673267327,0.0,0.6697247706422019,0.11779448621553884,0.0
18039,0.7128712871287128,0.0,0.6880733944954128,0.2631578947368421,0.0
18040,0.6633663366336633,0.0,0.5504587155963303,0.007518796992481203,0.0
18041,0.6831683168316831,0.0,0.6422018348623854,0.0,0.0
18042,0.6633663366336633,0.0,0.6880733944954128,0.0,0.0
18043,0.6633663366336633,0.0,0.7706422018348624,0.0,0.0
18044,0.7821782178217822,0.0,0.8256880733944955,0.0,0.0
18045,0.8118811881188118,0.0,0.853211009174312,0.0,0.0
18046,0.8613861386138614,0.0,0.853211009174312,0.22055137844611528,0.0
18047,0.8811881188118812,0.0,0.7247706422018348,0.07017543859649122,0.0
18048,0.8712871287128713,0.0,0.7522935779816514,0.05513784461152882,0.0
18049,0.7623762376237624,0.0,0.743119266055046,0.0,0.0
18050,0.7326732673267327,0.0,0.7522935779816514,0.0,0.0
18051,0.7425742574257426,0.0,0.743119266055046,0.0,0.0
18052,0.8514851485148515,0.0,0.8348623853211009,0.0,0.0
18053,0.9504950495049505,0.0,0.889908256880734,0.0,0.0
18054,0.9306930693069307,0.0,0.8990825688073395,0.0,0.0
18055,0.8712871287128713,0.0,0.908256880733945,0.0,0.0
18056,0.8910891089108911,0.0,0.908256880733945,0.042606516290726815,0.0
18057,0.900990099009901,0.0,0.8990825688073395,0.23308270676691728,0.0
18058,0.9207920792079208,0.0,0.8715596330275229,0.0,0.0
18059,0.9108910891089109,0.0,0.8807339449541285,0.017543859649122806,0.0
18060,0.900990099009901,0.0,0.8073394495412844,0.13533834586466165,0.0
18061,0.7029702970297029,0.0,0.7522935779816514,0.0,0.0
18062,0.7029702970297029,0.0,0.6513761467889908,0.0,0.0
18063,0.7227722772277227,0.0,0.6513761467889908,0.0,0.0
18064,0.6831683168316831,0.0,0.6972477064220184,0.0,0.0
18065,0.7425742574257426,0.0,0.7339449541284404,0.0,0.0
18066,0.7821782178217822,0.0,0.7522935779816514,0.0,0.0
18067,0.7821782178217822,0.0,0.7889908256880734,0.0,0.0
18068,0.801980198019802,0.0,0.81651376146789,0.0,0.0
18069,0.8217821782178217,0.0,0.8348623853211009,0.0,0.0
18070,0.8316831683168316,0.0,0.853211009174312,0.0,0.0
18071,0.9207920792079208,0.0,0.8256880733944955,0.2506265664160401,0.0
18072,0.8514851485148515,0.0,0.8440366972477065,0.0,0.0
18073,0.900990099009901,0.0,0.8623853211009175,0.022556390977443608,0.0
18074,0.9306930693069307,0.0,0.8256880733944955,0.017543859649122806,0.0
18075,0.7821782178217822,0.0,0.8440366972477065,0.042606516290726815,0.0
18076,0.8118811881188118,0.0,0.7339449541284404,0.0,0.0
18077,0.8316831683168316,0.0,0.7706422018348624,0.010025062656641603,0.0
18078,0.7920792079207921,0.0,0.7981651376146789,0.05513784461152882,0.0
18079,0.8217821782178217,0.0,0.8348623853211009,0.0,0.0
18080,0.9900990099009901,0.0,0.8715596330275229,0.03007518796992481,0.0
18081,0.9603960396039604,0.0,0.889908256880734,0.0,0.0
18082,0.9702970297029703,0.0,0.8990825688073395,0.0,0.0
18083,0.7524752475247525,0.0,0.853211009174312,0.0,0.0
18084,0.7920792079207921,0.0,0.8348623853211009,0.0,0.0
18085,0.8316831683168316,0.0,0.8440366972477065,0.0,0.0
18086,0.8415841584158416,0.0,0.8623853211009175,0.03759398496240601,0.0
18087,0.7425742574257426,0.0,0.7706422018348624,0.0,0.0
18088,0.7425742574257426,0.0,0.8073394495412844,0.0,0.0
18089,0.7524752475247525,0.0,0.7981651376146789,0.0,0.0
18090,0.7524752475247525,0.0,0.8256880733944955,0.0,0.0
18091,0.7326732673267327,0.0,0.853211009174312,0.0,0.0
18092,0.8514851485148515,0.0,0.8623853211009175,0.0,0.0
18093,0.8910891089108911,0.0,0.8807339449541285,0.0,0.0
18094,0.8514851485148515,0.0,0.8807339449541285,0.16290726817042606,0.0
18095,0.8910891089108911,0.0,0.8256880733944955,0.0,0.0
18096,0.8217821782178217,0.0,0.853211009174312,0.15538847117794485,0.0
18097,0.8514851485148515,0.0,0.8256880733944955,0.0,0.0
18098,0.8712871287128713,0.0,0.889908256880734,0.20802005012531327,0.0
18099,0.7821782178217822,0.0,0.8807339449541285,0.0,0.0
18100,0.8811881188118812,0.0,0.889908256880734,0.39348370927318294,0.0
18101,0.8811881188118812,0.0,0.8715596330275229,0.09523809523809523,0.0
18102,0.8514851485148515,0.0,0.8715596330275229,0.0,0.0
18103,0.8514851485148515,0.0,0.81651376146789,0.005012531328320802,0.0
18104,0.8712871287128713,0.0,0.8623853211009175,0.06015037593984962,0.0
18105,0.9207920792079208,0.0,0.8715596330275229,0.0,0.0
18106,0.8118811881188118,0.0,0.8807339449541285,0.017543859649122806,0.0
18107,0.9603960396039604,0.0,0.9266055045871561,0.0,0.0
18108,0.9108910891089109,0.0,0.8990825688073395,0.0,0.0
18109,0.8316831683168316,0.0,0.8440366972477065,0.0,0.0
18110,0.801980198019802,0.0,0.779816513761468,0.0,0.0
18111,0.801980198019802,0.0,0.7981651376146789,0.0,0.0
18112,0.7920792079207921,0.0,0.7889908256880734,0.0,0.0
18113,0.7425742574257426,0.0,0.779816513761468,0.0,0.0
18114,0.7821782178217822,0.0,0.8348623853211009,0.0,0.0
18115,0.8514851485148515,0.0,0.7981651376146789,0.07518796992481203,0.0
18116,0.7425742574257426,0.0,0.7614678899082569,0.0,0.0
18117,0.7425742574257426,0.0,0.7614678899082569,0.0,0.0
18118,0.8217821782178217,0.0,0.779816513761468,0.017543859649122806,0.0
18119,0.8217821782178217,0.0,0.7889908256880734,0.0,0.0
18120,0.7920792079207921,0.0,0.81651376146789,0.03759398496240601,0.0
18121,0.8316831683168316,0.0,0.8440366972477065,0.07518796992481203,0.0
18122,0.7326732673267327,0.0,0.7339449541284404,0.0,0.0
18123,0.7524752475247525,0.0,0.7706422018348624,0.0,0.0
18124,0.7623762376237624,0.0,0.8073394495412844,0.0,0.0
18125,0.8316831683168316,0.0,0.8440366972477065,0.0,0.0
18126,0.8613861386138614,0.0,0.7706422018348624,0.0,0.0
18127,0.7821782178217822,0.0,0.6972477064220184,0.06766917293233082,0.0
18128,0.7623762376237624,0.0,0.7889908256880734,0.0,0.0
18129,0.7722772277227723,0.0,0.8256880733944955,0.0,0.0
18130,0.7920792079207921,0.0,0.81651376146789,0.0,0.0
18131,0.8316831683168316,0.0,0.7155963302752294,0.005012531328320802,0.0
18132,0.8712871287128713,0.0,0.706422018348624,0.03007518796992481,0.0
18133,0.8316831683168316,0.0,0.7889908256880734,0.0,0.0
18134,0.8613861386138614,0.0,0.7614678899082569,0.09523809523809523,0.0
18135,0.8712871287128713,0.0,0.81651376146789,0.0,0.0
18136,0.8118811881188118,0.0,0.8715596330275229,0.0,0.0
18137,0.7227722772277227,0.0,0.8715596330275229,0.0,0.0
18138,0.7227722772277227,0.0,0.7155963302752294,0.0,0.0
18139,0.7425742574257426,0.0,0.7889908256880734,0.0,0.0
18140,0.7326732673267327,0.0,0.8348623853211009,0.0,0.0
18141,0.7425742574257426,0.0,0.889908256880734,0.0,0.0
18142,0.7722772277227723,0.0,0.8807339449541285,0.0,0.0
18143,0.8118811881188118,0.0,0.8990825688073395,0.0,0.0
18144,0.8217821782178217,0.0,0.889908256880734,0.0,0.0
18145,0.8613861386138614,0.0,0.8715596330275229,0.0,0.0
18146,0.7623762376237624,0.0,0.7706422018348624,0.0,0.0
18147,0.7227722772277227,0.0,0.8715596330275229,0.0,0.0
18148,0.7227722772277227,0.0,0.8715596330275229,0.0,0.0
18149,0.693069306930693,0.0,0.7155963302752294,0.0,0.0
18150,0.7326732673267327,0.0,0.8073394495412844,0.0,0.0
18151,0.8118811881188118,0.0,0.8623853211009175,0.0,0.0
18152,0.7029702970297029,0.0,0.7339449541284404,0.007518796992481203,0.0
18153,0.6831683168316831,0.0,0.7247706422018348,0.0,0.0
18154,0.7128712871287128,0.0,0.7339449541284404,0.0,0.0
18155,0.6633663366336633,0.0,0.7339449541284404,0.0,0.0
18156,0.6534653465346534,0.0,0.7614678899082569,0.0,0.0
18157,0.6831683168316831,0.0,0.7706422018348624,0.0,0.0
18158,0.693069306930693,0.0,0.8073394495412844,0.005012531328320802,0.0
18159,0.7425742574257426,0.0,0.7155963302752294,0.0,0.0
18160,0.594059405940594,0.0,0.6422018348623854,0.0,0.0
18161,0.5742574257425743,0.0,0.6972477064220184,0.0,0.0
18162,0.7029702970297029,0.0,0.7706422018348624,0.0,0.0
18163,0.6732673267326732,0.0,0.743119266055046,0.0,0.0
18164,0.7029702970297029,0.0,0.779816513761468,0.0,0.0
18165,0.6138613861386139,0.0,0.8440366972477065,0.0,0.0
18166,0.7920792079207921,0.0,0.8440366972477065,0.0,0.0
18167,0.8514851485148515,0.0,0.8440366972477065,0.15288220551378445,0.0
18168,0.6633663366336633,0.0,0.6422018348623854,0.22305764411027568,0.0
18169,0.6633663366336633,0.0,0.6513761467889908,0.0,0.0
18170,0.6732673267326732,0.0,0.6605504587155964,0.0,0.0
18171,0.6138613861386139,0.0,0.6605504587155964,0.0,0.0
18172,0.6138613861386139,0.0,0.5688073394495413,0.21052631578947367,0.0
18173,0.49504950495049505,0.0,0.5688073394495413,0.0,0.0
18174,0.5643564356435644,0.0,0.6055045871559633,0.0,0.0
18175,0.5445544554455446,0.0,0.6238532110091743,0.0,0.0
18176,0.5643564356435644,0.0,0.6146788990825688,0.0,0.0
18177,,0.0,0.6146788990825688,0.02506265664160401,0.0
18178,0.7623762376237624,0.0,0.6513761467889908,0.0,0.0
18179,0.6534653465346534,0.0,0.6788990825688074,0.0,0.0
18180,0.6336633663366337,0.0,0.6972477064220184,0.0,0.0
18181,0.6138613861386139,0.0,0.6972477064220184,0.0,0.0
18182,0.5742574257425743,0.0,0.6697247706422019,0.13032581453634084,0.0
18183,0.5742574257425743,0.0,0.5779816513761468,0.0,0.0
18184,0.5148514851485149,0.0,0.706422018348624,0.0,0.0
18185,0.7425742574257426,0.0,0.743119266055046,0.08020050125313283,0.0
18186,0.5742574257425743,0.0,0.5596330275229359,0.0,0.0
18187,0.5544554455445545,0.0,0.5871559633027523,0.0,0.0
18188,0.5544554455445545,0.0,0.5688073394495413,0.0,0.0
18189,0.5544554455445545,0.0,0.5596330275229359,0.0,0.0
18190,0.5643564356435644,0.0,0.6055045871559633,0.0,0.0
18191,0.6039603960396039,0.0,0.5596330275229359,0.0,0.0
18192,0.48514851485148514,0.0,0.48623853211009177,0.0,0.0
18193,0.5346534653465347,0.0,0.5045871559633028,0.0,0.0
18194,0.5544554455445545,0.0,0.5871559633027523,0.0,0.0
18195,0.5445544554455446,0.0,0.6330275229357799,0.0,0.0
18196,0.5346534653465347,0.0,0.5688073394495413,0.0,0.0
18197,0.5643564356435644,0.0,0.743119266055046,0.0,0.0
18198,0.6435643564356436,0.0,0.7522935779816514,0.0,0.0
18199,0.7326732673267327,0.0,0.7247706422018348,0.0,0.0
18200,0.6633663366336633,0.0,0.7155963302752294,0.0,0.0
18201,0.6435643564356436,0.0,0.7339449541284404,0.02756892230576441,0.0
18202,0.5643564356435644,,0.44954128440366975,0.03007518796992481,0.0
18203,0.504950495049505,0.0,0.4036697247706422,0.0,0.0
18204,0.48514851485148514,0.0,0.5871559633027523,0.0,0.0
18205,0.5643564356435644,0.0,0.6605504587155964,0.0,0.0
18206,0.48514851485148514,0.0,0.5871559633027523,0.0,0.0
18207,0.504950495049505,0.0,0.5504587155963303,0.0,0.0
18208,0.5148514851485149,0.0,0.6422018348623854,0.0,0.0
18209,0.7227722772277227,0.0,0.7247706422018348,0.0,0.0
18210,0.6039603960396039,0.0,0.6697247706422019,0.012531328320802004,0.0
18211,0.5247524752475248,0.0,0.44036697247706424,0.0,0.0
18212,0.5346534653465347,0.0,0.5688073394495413,0.0,0.0
18213,0.6138613861386139,0.0,0.6605504587155964,0.0,0.0
18214,0.4554455445544554,0.0,0.5596330275229359,0.0,0.0
18215,0.4653465346534653,0.0,0.5045871559633028,0.0,0.0
18216,0.4554455445544554,0.0,0.47706422018348627,0.0,0.0
18217,0.4653465346534653,0.0,0.46788990825688076,0.0,0.0
18218,0.504950495049505,0.0,0.6330275229357799,0.0,0.0
18219,0.6138613861386139,0.0,0.6238532110091743,0.09774436090225563,0.0
18220,0.5346534653465347,0.0,0.4954128440366973,0.0,0.0
18221,0.6534653465346534,0.0,0.5412844036697249,0.0,0.0
18222,0.6732673267326732,0.0,0.6146788990825688,0.0,0.0
18223,0.6435643564356436,0.0,0.6880733944954128,0.03508771929824561,0.0
18224,0.504950495049505,0.0,0.4954128440366973,0.0,0.0
18225,0.5148514851485149,0.0,0.4954128440366973,0.09523809523809523,0.0
18226,0.4752475247524752,0.0,0.4954128440366973,0.012531328320802004,0.0
18227,0.49504950495049505,0.0,0.48623853211009177,0.0,0.0
18228,0.48514851485148514,0.0,0.48623853211009177,0.0,0.0
18229,0.43564356435643564,0.0,0.44036697247706424,0.0,0.0
18230,0.42574257425742573,0.0,0.3761467889908257,0.0,0.0
18231,0.43564356435643564,0.0,0.4036697247706422,0.0,0.0
18232,0.5445544554455446,0.0,0.5321100917431193,0.010025062656641603,0.0
18233,0.7029702970297029,0.0,0.5412844036697249,0.005012531328320802,0.0
18234,0.7227722772277227,0.0,0.5871559633027523,0.010025062656641603,0.0
18235,0.5346534653465347,0.022222222222222223,0.5596330275229359,0.12030075187969924,0.0
18236,0.4653465346534653,0.0,0.3853211009174312,0.0,0.0
18237,0.4554455445544554,0.0,0.42201834862385323,0.0,0.0
18238,0.4752475247524752,0.0,0.5045871559633028,0.0,0.0
18239,0.5544554455445545,0.0,0.5504587155963303,0.042606516290726815,0.0
18240,0.43564356435643564,0.0,0.44036697247706424,0.0,0.0
18241,0.4455445544554455,0.0,0.41284403669724773,0.0,0.0
18242,0.5445544554455446,0.0,0.3853211009174312,0.0,0.0
18243,0.5544554455445545,0.0,0.43119266055045874,0.10275689223057644,0.0
18244,0.594059405940594,0.0,0.42201834862385323,0.17042606516290726,0.0
18245,0.5544554455445545,0.0,0.45871559633027525,0.03759398496240601,0.0
18246,0.4455445544554455,0.0,0.3486238532110092,0.0,0.0
18247,0.37623762376237624,,0.3119266055045872,0.0,
18248,0.40594059405940597,0.0,0.3486238532110092,0.0,0.0
18249,0.48514851485148514,0.0,0.44036697247706424,0.040100250626566414,0.0
18250,0.36633663366336633,0.0,0.44954128440366975,0.0,0.0
18251,0.3465346534653465,0.0,0.25688073394495414,0.0,0.0
18252,0.3465346534653465,0.0,0.24770642201834864,0.0,0.0
18253,0.2871287128712871,0.0,0.24770642201834864,0.0,0.0
18254,0.3267326732673267,0.0,0.28440366972477066,0.0,0.0
18255,0.3465346534653465,0.0,0.3211009174311927,0.0,0.0
18256,0.43564356435643564,0.0,0.3761467889908257,0.0,0.0
18257,0.3366336633663366,0.0,0.29357798165137616,0.0,0.0
18258,0.36633663366336633,0.22222222222222224,0.29357798165137616,0.03007518796992481,0.06666666666666667
18259,0.4455445544554455,0.0,0.3944954128440367,0.0,
18260,0.4455445544554455,0.0,0.44954128440366975,0.0,
18261,0.4554455445544554,0.0,0.4036697247706422,0.0,0.0
18262,0.49504950495049505,0.0,0.5321100917431193,0.0,0.0
18263,0.5742574257425743,0.0,0.5871559633027523,0.007518796992481203,0.0
18264,0.5643564356435644,0.0,0.5871559633027523,0.07518796992481203,0.0
18265,0.4455445544554455,0.0,0.3761467889908257,0.0,0.0
18266,0.4455445544554455,0.0,0.30275229357798167,0.0,0.0
18267,0.504950495049505,0.0,0.4036697247706422,0.0,0.0
18268,0.42574257425742573,0.0,0.3761467889908257,0.0,0.0
18269,0.4653465346534653,0.0,0.46788990825688076,0.0,0.0
18270,0.5841584158415842,0.0,0.44954128440366975,0.0,0.0
18271,0.5841584158415842,0.0,0.47706422018348627,0.03007518796992481,0.0
18272,0.49504950495049505,0.0,0.3853211009174312,0.0,0.0
18273,0.48514851485148514,,0.3853211009174312,0.03007518796992481,0.0
18274,0.2772277227722772,,0.3119266055045872,0.0,0.0
18275,0.3267326732673267,0.0,0.27522935779816515,0.0,0.0
18276,0.4752475247524752,0.0,0.3944954128440367,0.0,0.0
18277,0.31683168316831684,0.0,0.3853211009174312,0.0,0.0
18278,0.31683168316831684,0.22222222222222224,0.24770642201834864,0.012531328320802004,0.06666666666666667
18279,0.31683168316831684,0.0,0.3119266055045872,0.0,0.06666666666666667
18280,0.37623762376237624,0.4444444444444445,0.29357798165137616,0.06265664160401002,0.2
18281,0.24752475247524752,0.11111111111111112,0.25688073394495414,0.005012531328320802,0.2
18282,0.1683168316831683,0.0,0.21100917431192662,0.0,
18283,0.2079207920792079,0.22222222222222224,0.27522935779816515,0.022556390977443608,0.26666666666666666
18284,0.198019801980198,0.0,0.3302752293577982,0.0,0.13333333333333333
18285,0.1485148514851485,0.0,0.2018348623853211,0.0,
18286,0.24752475247524752,,0.27522935779816515,0.0,0.1
18287,0.1188118811881188,0.0,0.2018348623853211,0.0,
18288,0.18811881188118812,0.0,0.21100917431192662,0.0,0.1
18289,0.198019801980198,0.0,0.3394495412844037,0.0,
18290,0.297029702970297,0.22222222222222224,0.3119266055045872,0.020050125313283207,
18291,0.37623762376237624,0.0,0.3302752293577982,0.0,
18292,0.42574257425742573,,0.30275229357798167,0.015037593984962405,0.06666666666666667
18293,0.3267326732673267,0.0,0.3394495412844037,0.0,0.06666666666666667
18294,0.3069306930693069,0.22222222222222224,0.3211009174311927,0.017543859649122806,0.13333333333333333
18295,0.3069306930693069,0.11111111111111112,0.3761467889908257,0.007518796992481203,0.13333333333333333
18296,0.3366336633663366,0.0,0.3669724770642202,0.0,0.13333333333333333
18297,0.31683168316831684,0.0,0.3211009174311927,0.0,0.1
18298,0.2871287128712871,0.0,0.3211009174311927,0.0,0.06666666666666667
18299,0.3366336633663366,0.0,0.42201834862385323,0.0,0.06666666666666667
18300,0.3069306930693069,0.0,0.3486238532110092,0.0,0.03333333333333333
18301,0.504950495049505,0.0,0.44036697247706424,0.0,
18302,0.5247524752475248,0.0,0.3853211009174312,0.047619047619047616,
18303,0.36633663366336633,0.0,0.3577981651376147,0.0,
18304,0.38613861386138615,0.0,0.3211009174311927,0.0,
18305,0.4752475247524752,,0.3394495412844037,0.02506265664160401,
18306,0.4158415841584158,0.0,0.3486238532110092,0.0,
18307,0.4752475247524752,0.0,0.28440366972477066,0.0,
18308,0.48514851485148514,,0.4036697247706422,0.0,
18309,0.39603960396039606,0.0,0.4036697247706422,0.0,
18310,0.4158415841584158,0.0,0.3394495412844037,0.0,
18311,0.4752475247524752,0.33333333333333337,0.3211009174311927,0.07769423558897243,0.1
18312,0.49504950495049505,0.0,0.3302752293577982,0.0,0.06666666666666667
18313,0.38613861386138615,0.0,0.3486238532110092,0.0,
18314,0.39603960396039606,0.0,0.44954128440366975,0.0,
18315,0.6237623762376238,0.0,0.6422018348623854,0.0,
18316,0.6435643564356436,0.0,0.5963302752293579,0.06015037593984962,0.0
18317,0.6732673267326732,0.0,0.706422018348624,0.0,0.0
18318,0.6732673267326732,0.0,0.706422018348624,0.12781954887218044,0.0
18319,0.5445544554455446,0.0,0.5137614678899083,0.0,0.0
18320,0.5445544554455446,0.0,0.5412844036697249,0.0,0.0
18321,0.5643564356435644,0.0,0.5963302752293579,0.0,0.0
18322,0.5742574257425743,0.0,0.5504587155963303,0.0,0.0
18323,0.4554455445544554,0.0,0.43119266055045874,0.0,0.0
18324,0.4554455445544554,0.0,0.5045871559633028,0.0,0.0
18325,0.5346534653465347,0.0,0.5779816513761468,0.0,0.0
18326,0.5643564356435644,0.0,0.6330275229357799,0.0,0.0
18327,0.5643564356435644,0.0,0.6605504587155964,0.0,0.0
18328,0.7227722772277227,0.0,0.7339449541284404,0.0,0.0
18329,0.7227722772277227,0.0,0.7614678899082569,0.0,0.0
18330,0.5148514851485149,0.0,0.6146788990825688,0.0,0.0
18331,0.504950495049505,0.0,0.3944954128440367,0.0,0.0
18332,0.38613861386138615,0.33333333333333337,0.3761467889908257,0.09273182957393483,0.1
18333,0.4752475247524752,0.0,0.44954128440366975,0.0,
18334,0.5247524752475248,0.0,0.43119266055045874,0.06265664160401002,
18335,0.5643564356435644,0.0,0.5412844036697249,0.02506265664160401,
18336,0.5643564356435644,0.0,0.6330275229357799,0.015037593984962405,0.0
18337,0.4455445544554455,0.0,0.3761467889908257,0.0,0.0
18338,0.40594059405940597,0.0,0.3853211009174312,0.0,0.0
18339,0.5346534653465347,0.0,0.44954128440366975,0.03007518796992481,0.0
18340,0.6336633663366337,0.0,0.48623853211009177,0.18546365914786966,0.0
18341,0.6534653465346534,0.0,0.5045871559633028,0.10025062656641603,0.0
18342,0.5643564356435644,0.0,0.5229357798165137,0.0,0.0
18343,0.5643564356435644,0.0,0.5779816513761468,0.0,0.0
18344,0.6237623762376238,0.0,0.6330275229357799,0.0,0.0
18345,,0.0,0.7247706422018348,0.005012531328320802,0.0
18346,0.6039603960396039,0.0,0.6513761467889908,0.0,0.0
18347,0.6039603960396039,0.0,0.6055045871559633,0.06766917293233082,0.0
18348,0.5742574257425743,0.0,0.5504587155963303,0.0,0.0
18349,0.5643564356435644,0.0,0.43119266055045874,0.015037593984962405,0.0
18350,0.504950495049505,0.0,0.48623853211009177,0.0,0.0
18351,0.5148514851485149,0.0,0.5596330275229359,0.0,0.0
18352,0.5346534653465347,0.0,0.6146788990825688,0.0,0.0
18353,0.6336633663366337,0.0,0.6422018348623854,0.0,0.0
18354,0.7128712871287128,0.0,0.5871559633027523,0.0,0.0
18355,0.6138613861386139,0.0,0.6055045871559633,0.012531328320802004,0.0
18356,0.48514851485148514,0.0,0.44954128440366975,0.0,0.0
18357,0.48514851485148514,0.0,0.5412844036697249,0.0,0.0
18358,0.5643564356435644,0.0,0.5963302752293579,0.0,0.0
18359,0.5544554455445545,0.0,0.5412844036697249,0.11027568922305764,0.0
18360,0.48514851485148514,0.0,0.44036697247706424,0.0,0.0
18361,0.5247524752475248,0.0,0.5504587155963303,0.0,0.0
18362,0.5247524752475248,0.0,0.46788990825688076,0.022556390977443608,0.0
18363,0.5148514851485149,0.0,0.41284403669724773,0.0,0.0
18364,0.5148514851485149,0.0,0.5045871559633028,0.0,0.0
18365,0.5643564356435644,0.0,0.5688073394495413,0.0,0.0
18366,0.5544554455445545,0.0,0.706422018348624,0.0,0.0
18367,0.693069306930693,0.0,0.7522935779816514,0.0,0.0
18368,0.6732673267326732,0.0,0.6422018348623854,0.0,0.0
18369,0.6534653465346534,0.0,0.4954128440366973,0.0,0.0
18370,0.6534653465346534,0.0,0.6238532110091743,0.0,0.0
18371,0.7425742574257426,0.0,0.5963302752293579,0.09523809523809523,0.0
18372,0.693069306930693,0.0,0.6146788990825688,0.23057644110275688,0.0
18373,,0.0,0.5045871559633028,0.017543859649122806,0.0
18374,0.6039603960396039,0.0,0.6422018348623854,0.0,0.0
18375,0.6633663366336633,0.0,0.6146788990825688,0.0,0.0
18376,0.6336633663366337,0.0,0.6697247706422019,0.0,0.0
18377,0.5742574257425743,0.0,0.6422018348623854,0.0,0.0
18378,0.5742574257425743,0.0,0.6605504587155964,0.0,0.0
18379,0.594059405940594,0.0,0.6238532110091743,0.0,0.0
18380,0.594059405940594,0.0,0.6513761467889908,0.0,0.0
18381,0.6336633663366337,0.0,0.7155963302752294,0.0,0.0
18382,0.6831683168316831,0.0,0.706422018348624,0.0,0.0
18383,0.6534653465346534,0.0,0.6422018348623854,0.22556390977443608,0.0
18384,0.6534653465346534,0.0,0.6972477064220184,0.0,0.0
18385,0.6732673267326732,0.0,0.7247706422018348,0.0,0.0
18386,0.8118811881188118,0.0,0.779816513761468,0.0,0.0
18387,0.8118811881188118,0.0,0.8073394495412844,0.0,0.0
18388,0.8613861386138614,0.0,0.8256880733944955,0.0,0.0
18389,0.8712871287128713,0.0,0.8256880733944955,0.0,0.0
18390,0.8712871287128713,0.0,0.8256880733944955,0.012531328320802004,0.0
18391,0.7425742574257426,0.0,0.81651376146789,0.13533834586466165,0.0
18392,0.7128712871287128,0.0,0.81651376146789,0.0,0.0
18393,0.7524752475247525,0.0,0.706422018348624,0.02506265664160401,0.0
18394,0.8415841584158416,0.0,0.8256880733944955,0.0,0.0
18395,0.6633663366336633,0.0,0.6972477064220184,0.0,0.0
18396,0.6336633663366337,0.0,0.6238532110091743,0.0,0.0
18397,0.6534653465346534,0.0,0.6788990825688074,0.0,0.0
18398,0.6732673267326732,0.0,0.5779816513761468,0.042606516290726815,0.0
18399,0.693069306930693,0.0,0.7339449541284404,0.0,0.0
18400,0.7425742574257426,0.0,0.7614678899082569,0.681704260651629,0.0
18401,0.693069306930693,0.0,0.5412844036697249,0.0,0.0
18402,0.693069306930693,0.0,0.6422018348623854,0.0,0.0
18403,0.7524752475247525,0.0,0.6697247706422019,0.0,0.0
18404,0.7623762376237624,0.0,0.6788990825688074,0.010025062656641603,0.0
18405,0.7920792079207921,0.0,0.7247706422018348,0.08521303258145363,0.0
18406,0.7326732673267327,0.0,0.7889908256880734,0.0,0.0
18407,0.7029702970297029,0.0,0.706422018348624,0.0,0.0
18408,0.7524752475247525,0.0,0.743119266055046,0.03007518796992481,0.0
18409,0.7920792079207921,0.0,0.6422018348623854,0.3333333333333333,0.0
18410,0.7128712871287128,0.0,0.5779816513761468,0.09774436090225563,0.0
18411,0.7425742574257426,0.0,0.6330275229357799,0.0,0.0
18412,0.7623762376237624,0.0,0.7339449541284404,0.0,0.0
18413,0.8514851485148515,0.0,0.81651376146789,0.0,0.0
18414,0.8712871287128713,0.0,0.8440366972477065,0.0,0.0
18415,0.693069306930693,0.0,0.7706422018348624,0.0,0.0
18416,0.693069306930693,0.0,0.6697247706422019,0.0,0.0
18417,0.7623762376237624,0.0,0.6513761467889908,0.005012531328320802,0.0
18418,0.693069306930693,0.0,0.5688073394495413,0.23057644110275688,0.0
18419,0.7227722772277227,0.0,0.7155963302752294,0.0,0.0
18420,0.7524752475247525,0.0,0.7522935779816514,0.0,0.0
18421,0.8514851485148515,0.0,0.8440366972477065,0.0,0.0
18422,0.8514851485148515,0.0,0.8440366972477065,0.0,0.0
18423,0.9108910891089109,0.0,0.8623853211009175,0.042606516290726815,0.0
18424,0.9207920792079208,0.0,0.81651376146789,0.11779448621553884,0.0
18425,0.8811881188118812,0.0,0.706422018348624,0.39348370927318294,0.0
18426,0.900990099009901,0.0,0.81651376146789,0.010025062656641603,0.0
18427,0.900990099009901,0.0,0.8256880733944955,0.16040100250626566,0.0
18428,0.8712871287128713,0.0,0.7522935779816514,0.010025062656641603,0.0
18429,0.8712871287128713,0.0,0.81651376146789,0.0,0.0
18430,0.7920792079207921,0.0,0.779816513761468,0.13533834586466165,0.0
18431,0.7524752475247525,0.0,0.6972477064220184,0.0,0.0
18432,0.7821782178217822,0.0,0.7706422018348624,0.0,0.0
18433,0.8118811881188118,0.0,0.779816513761468,0.18546365914786966,0.0
18434,0.8712871287128713,0.0,0.779816513761468,0.0,0.0
18435,0.801980198019802,0.0,0.779816513761468,0.0,0.0
18436,0.8811881188118812,0.0,0.8073394495412844,0.0,0.0
18437,0.8910891089108911,0.0,0.7981651376146789,0.2882205513784461,0.0
18438,0.8811881188118812,0.0,0.81651376146789,0.0,0.0
18439,0.7920792079207921,0.0,0.8073394495412844,0.0,0.0
18440,0.7623762376237624,0.0,0.7706422018348624,0.0,0.0
18441,0.7623762376237624,0.0,0.7614678899082569,0.0,0.0
18442,0.7524752475247525,0.0,0.743119266055046,0.010025062656641603,0.0
18443,0.7524752475247525,0.0,0.7706422018348624,0.0,0.0
18444,0.8316831683168316,0.0,0.7981651376146789,0.0,0.0
18445,0.8613861386138614,0.0,0.8348623853211009,0.11779448621553884,0.0
18446,0.900990099009901,0.0,0.8073394495412844,0.07769423558897243,0.0
18447,0.8811881188118812,0.0,0.81651376146789,0.0,0.0
18448,0.8712871287128713,0.0,0.8440366972477065,0.0,0.0
18449,0.7821782178217822,0.0,0.743119266055046,0.005012531328320802,0.0
18450,0.7524752475247525,0.0,0.7339449541284404,0.0,0.0
18451,0.8217821782178217,0.0,0.7614678899082569,0.0,0.0
18452,0.9207920792079208,0.0,0.8440366972477065,0.0,0.0
18453,0.8316831683168316,0.0,0.7522935779816514,0.040100250626566414,0.0
18454,0.7821782178217822,0.0,0.7706422018348624,0.0,0.0
18455,0.7821782178217822,0.0,0.7706422018348624,0.0,0.0
18456,0.7920792079207921,0.0,0.8348623853211009,0.0,0.0
18457,0.8316831683168316,0.0,0.8348623853211009,0.07268170426065163,0.0
18458,0.8217821782178217,0.0,0.779816513761468,0.08270676691729323,0.0
18459,0.8316831683168316,0.0,0.7981651376146789,0.0,0.0
18460,0.8316831683168316,0.0,0.8256880733944955,0.0,0.0
18461,0.8316831683168316,0.0,0.779816513761468,0.0,0.0
18462,0.7821782178217822,0.0,0.743119266055046,0.0,0.0
18463,0.7821782178217822,0.0,0.7614678899082569,0.0,0.0
18464,0.7821782178217822,0.0,0.7522935779816514,0.0,0.0
18465,0.7623762376237624,0.0,0.743119266055046,0.0,0.0
18466,0.7425742574257426,0.0,0.743119266055046,0.0,0.0
18467,0.7326732673267327,0.0,0.7706422018348624,0.0,0.0
18468,0.8118811881188118,0.0,0.7981651376146789,0.0,0.0
18469,0.8514851485148515,0.0,0.8440366972477065,0.0,0.0
18470,0.8910891089108911,0.0,0.853211009174312,0.0,0.0
18471,0.8712871287128713,0.0,0.7981651376146789,0.08020050125313283,0.0
18472,0.8910891089108911,0.0,0.743119266055046,0.10526315789473684,0.0
18473,0.900990099009901,0.0,0.779816513761468,0.015037593984962405,0.0
18474,0.8811881188118812,0.0,0.7981651376146789,0.0,0.0
18475,0.900990099009901,0.0,0.7981651376146789,0.0,0.0
18476,0.8415841584158416,,,0.08020050125313283,0.0
18477,0.7722772277227723,0.0,0.7339449541284404,0.0,0.0
18478,0.7821782178217822,0.0,0.7706422018348624,0.0,0.0
18479,0.7920792079207921,0.0,0.7706422018348624,0.06265664160401002,0.0
18480,0.8712871287128713,0.0,0.8256880733944955,0.2957393483709273,0.0
18481,0.8811881188118812,0.0,0.81651376146789,0.0,0.0
18482,0.8910891089108911,0.0,0.7981651376146789,0.0,0.0
18483,0.8316831683168316,0.0,0.8348623853211009,0.0,0.0
18484,0.8316831683168316,0.0,0.8073394495412844,0.0,0.0
18485,0.7524752475247525,0.0,0.7981651376146789,0.0,0.0
18486,0.7821782178217822,0.0,0.8073394495412844,0.0,0.0
18487,0.8217821782178217,0.0,0.7522935779816514,0.0,0.0
18488,0.8316831683168316,0.0,0.81651376146789,0.0,0.0
18489,0.8613861386138614,0.0,0.8623853211009175,0.0,0.0
18490,0.8316831683168316,0.0,0.7889908256880734,0.0,0.0
18491,0.8316831683168316,0.0,0.81651376146789,0.08020050125313283,0.0
18492,0.7227722772277227,0.0,0.7706422018348624,0.0,0.0
18493,0.7425742574257426,0.0,0.7155963302752294,0.0,0.0
18494,0.7128712871287128,0.0,0.7155963302752294,0.0,0.0
18495,0.7326732673267327,0.0,0.743119266055046,0.0,0.0
18496,0.7623762376237624,0.0,0.7981651376146789,0.05513784461152882,0.0
18497,0.8811881188118812,0.0,0.81651376146789,0.007518796992481203,0.0
18498,0.7722772277227723,0.0,0.7889908256880734,0.0,0.0
18499,0.7722772277227723,0.0,0.8073394495412844,0.0,0.0
18500,0.8217821782178217,0.0,0.8073394495412844,0.22556390977443608,0.0
18501,0.8415841584158416,0.0,0.779816513761468,0.0,0.0
18502,0.8514851485148515,0.0,0.7889908256880734,0.0,0.0
18503,0.8514851485148515,0.0,0.8256880733944955,0.0,0.0
18504,0.8613861386138614,0.0,0.8348623853211009,0.0,0.0
18505,0.8514851485148515,0.0,0.853211009174312,0.0,0.0
18506,0.8712871287128713,0.0,0.8990825688073395,0.0,0.0
18507,0.8811881188118812,0.0,0.8715596330275229,0.0,0.0
18508,0.9108910891089109,0.0,0.8348623853211009,0.015037593984962405,0.0
18509,0.7128712871287128,0.0,0.8348623853211009,0.0,0.0
18510,0.6732673267326732,0.0,0.6697247706422019,0.0,0.0
18511,0.693069306930693,0.0,0.743119266055046,0.0,0.0
18512,0.7029702970297029,0.0,0.81651376146789,0.0,0.0
18513,0.8514851485148515,0.0,0.8073394495412844,0.0,0.0
18514,0.900990099009901,0.0,0.8073394495412844,0.49624060150375937,0.0
18515,0.8712871287128713,0.0,0.7339449541284404,0.23308270676691728,0.0
18516,0.8811881188118812,0.0,0.81651376146789,0.24812030075187969,0.0
18517,0.7128712871287128,0.0,0.81651376146789,0.0,0.0
18518,0.7227722772277227,0.0,0.743119266055046,0.0,0.0
18519,0.7227722772277227,0.0,0.6422018348623854,0.08771929824561403,0.0
18520,0.6435643564356436,0.0,0.6513761467889908,0.0,0.0
18521,0.6435643564356436,0.0,0.6513761467889908,0.0,0.0
18522,0.693069306930693,0.0,0.7522935779816514,0.0,0.0
18523,0.7425742574257426,0.0,0.779816513761468,0.0,0.0
18524,0.7821782178217822,0.0,0.8073394495412844,0.0,0.0
18525,0.7227722772277227,0.0,0.8073394495412844,0.05012531328320802,0.0
18526,0.6633663366336633,0.0,0.6513761467889908,0.0,0.0
18527,0.6534653465346534,0.0,0.6972477064220184,0.23308270676691728,0.0
18528,0.7524752475247525,0.0,0.779816513761468,0.17293233082706766,0.0
18529,0.6732673267326732,0.0,0.6146788990825688,0.047619047619047616,0.0
18530,0.6138613861386139,0.0,0.5229357798165137,0.0,0.0
18531,0.6633663366336633,0.0,0.6513761467889908,0.0,0.0
18532,0.6732673267326732,0.0,0.706422018348624,0.0,0.0
18533,0.6138613861386139,0.0,0.6146788990825688,0.0,0.0
18534,0.6039603960396039,0.0,0.6880733944954128,0.0,0.0
18535,0.6831683168316831,0.0,0.7247706422018348,0.0,0.0
18536,0.7326732673267327,0.0,0.7522935779816514,0.0,0.0
18537,0.7722772277227723,0.0,0.779816513761468,0.0,0.0
18538,0.7524752475247525,0.0,0.7706422018348624,0.2556390977443609,0.0
18539,0.7524752475247525,0.0,0.6330275229357799,0.042606516290726815,0.0
18540,0.7029702970297029,0.0,0.5688073394495413,0.18295739348370926,0.0
18541,0.5742574257425743,0.0,0.5779816513761468,0.0,0.0
18542,0.5841584158415842,0.0,0.5137614678899083,0.0,0.0
18543,0.594059405940594,0.0,0.4954128440366973,0.0,0.0
18544,0.5841584158415842,0.0,0.5688073394495413,0.0,0.0
18545,0.5841584158415842,0.0,0.6330275229357799,0.0,0.0
18546,0.5841584158415842,0.0,0.6880733944954128,0.0,0.0
18547,0.5841584158415842,0.0,0.6788990825688074,0.0,0.0
18548,0.7128712871287128,0.0,0.7247706422018348,0.0,0.0
18549,0.7722772277227723,0.0,0.7522935779816514,0.0,0.0
18550,0.7029702970297029,0.0,0.6146788990825688,0.017543859649122806,0.0
18551,0.7524752475247525,0.0,0.6055045871559633,0.020050125313283207,0.0
18552,0.6732673267326732,0.0,0.6605504587155964,0.0,0.0
18553,0.6732673267326732,0.0,0.6605504587155964,0.0,0.0
18554,0.6831683168316831,0.0,0.7155963302752294,0.0,0.0
18555,0.7128712871287128,0.0,0.7155963302752294,0.0,0.0
18556,0.6732673267326732,0.0,0.743119266055046,0.0,0.0
18557,0.693069306930693,0.0,0.6972477064220184,0.0,0.0
18558,0.7227722772277227,0.0,0.6513761467889908,0.06015037593984962,0.0
18559,0.8118811881188118,0.0,0.6880733944954128,0.07518796992481203,0.0
18560,0.801980198019802,0.0,0.6238532110091743,0.0,0.0
18561,0.8118811881188118,0.0,0.7155963302752294,0.0,0.0
18562,0.693069306930693,0.0,0.7522935779816514,0.0,0.0
18563,0.5544554455445545,0.0,0.5688073394495413,0.0,0.0
18564,0.5346534653465347,0.0,0.5779816513761468,0.0,0.0
18565,0.5346534653465347,0.0,0.6513761467889908,0.0,0.0
18566,0.5445544554455446,0.0,0.6330275229357799,0.0,0.0
18567,0.594059405940594,0.0,0.6697247706422019,0.0,0.0
18568,0.7029702970297029,0.0,0.706422018348624,0.0,0.0
18569,0.6039603960396039,0.0,0.6605504587155964,0.0,0.0
18570,0.5148514851485149,0.0,0.5596330275229359,0.0,0.0
18571,0.5148514851485149,0.0,0.5963302752293579,0.0,0.0
18572,0.594059405940594,0.0,0.5688073394495413,0.07518796992481203,0.0
18573,0.693069306930693,0.0,0.6330275229357799,0.0,0.0
18574,0.6831683168316831,0.0,0.5504587155963303,0.02756892230576441,0.0
18575,0.6831683168316831,0.0,0.6697247706422019,0.07769423558897243,0.0
18576,0.5643564356435644,0.0,0.48623853211009177,0.0,0.0
18577,0.6138613861386139,0.0,0.5137614678899083,0.0,0.0
18578,0.594059405940594,0.0,0.46788990825688076,0.03508771929824561,0.0
18579,0.5445544554455446,0.0,0.46788990825688076,0.05764411027568922,0.0
18580,0.5445544554455446,0.0,0.4036697247706422,0.0,0.0
18581,0.5346534653465347,0.0,0.42201834862385323,0.0,0.0
18582,0.5346534653465347,0.0,0.48623853211009177,0.0,0.0
18583,0.5148514851485149,0.0,0.41284403669724773,0.0,0.0
18584,0.49504950495049505,0.0,0.3577981651376147,,0.0
18585,0.49504950495049505,0.0,0.41284403669724773,0.0,0.0
18586,0.4554455445544554,0.0,0.42201834862385323,0.0,0.0
18587,0.40594059405940597,0.0,0.3211009174311927,0.0,0.0
18588,0.37623762376237624,0.0,0.3486238532110092,0.0,0.0
18589,0.4158415841584158,0.0,0.3577981651376147,0.0,0.0
18590,0.43564356435643564,0.0,0.43119266055045874,0.0,0.0
18591,,0.0,0.44036697247706424,0.047619047619047616,0.0
18592,0.6138613861386139,0.0,0.45871559633027525,0.03759398496240601,0.0
18593,0.5445544554455446,0.0,0.46788990825688076,0.0,0.0
18594,0.5247524752475248,0.0,0.4036697247706422,0.0,0.0
18595,0.5247524752475248,0.0,0.4036697247706422,0.010025062656641603,0.0
18596,0.5346534653465347,0.0,0.42201834862385323,0.0,0.0
18597,0.43564356435643564,0.0,0.3669724770642202,0.0,0.0
18598,0.4158415841584158,0.0,0.3577981651376147,0.0,0.0
18599,0.39603960396039606,0.0,0.3853211009174312,0.0,0.0
18600,0.4455445544554455,0.0,0.3669724770642202,0.0,0.0
18601,0.3564356435643564,,0.29357798165137616,0.0,0.0
18602,0.36633663366336633,0.0,0.28440366972477066,0.0,0.0
18603,0.42574257425742573,,0.3211009174311927,0.06265664160401002,0.13333333333333333
18604,0.26732673267326734,0.0,0.3302752293577982,0.0,0.13333333333333333
18605,0.3465346534653465,0.0,0.29357798165137616,0.0,0.1
18606,0.49504950495049505,0.0,0.3577981651376147,0.0,0.06666666666666667
18607,0.39603960396039606,,0.3577981651376147,0.23809523809523808,0.1
18608,0.25742574257425743,0.0,0.28440366972477066,0.0,0.06666666666666667
18609,0.3069306930693069,0.5555555555555556,0.27522935779816515,0.09523809523809523,0.23333333333333334
18610,0.31683168316831684,0.0,,0.0,0.23333333333333334
18611,0.42574257425742573,0.0,0.3761467889908257,0.11779448621553884,0.2
18612,,0.0,,0.0,0.2
18613,0.25742574257425743,,0.23853211009174313,0.08521303258145363,0.2
18614,0.25742574257425743,0.33333333333333337,0.23853211009174313,0.015037593984962405,0.3
18615,0.25742574257425743,0.0,0.1926605504587156,0.0,0.26666666666666666
18616,0.3069306930693069,0.0,0.23853211009174313,0.0,
18617,0.18811881188118812,0.0,0.27522935779816515,0.0,
18618,0.1782178217821782,0.0,0.07339449541284404,0.0,0.23333333333333334
18619,,,0.24770642201834864,0.0,0.23333333333333334
18620,0.1584158415841584,,0.24770642201834864,0.0,0.23333333333333334
18621,0.1584158415841584,0.0,0.2018348623853211,0.0,
18622,0.2772277227722772,0.0,0.22018348623853212,0.0,0.2
18623,0.1584158415841584,0.05555555555555556,0.24770642201834864,0.022556390977443608,0.2
18624,0.1584158415841584,0.0,0.2018348623853211,0.0,0.16666666666666666
18625,0.3267326732673267,0.22222222222222224,0.27522935779816515,0.03508771929824561,0.23333333333333334
