,TMIN,SNOW,TMAX,PRCP,SNWD
9627,49.0,0.0,69.0,0.0,0.0
9628,34.0,0.0,65.0,0.0,0.0
9629,35.0,0.0,75.0,1.0,0.0
9630,56.0,0.0,75.0,2.0,0.0
9631,58.0,0.0,71.0,12.0,0.0
9632,56.0,0.0,69.0,43.0,0.0
9633,47.0,0.0,69.0,7.0,0.0
9634,41.0,0.0,60.0,0.0,0.0
9635,38.0,0.0,66.0,0.0,0.0
9636,47.0,0.0,80.0,0.0,0.0
9637,52.0,0.0,75.0,7.0,0.0
9638,41.0,0.0,71.0,0.0,0.0
9639,38.0,0.0,67.0,0.0,0.0
9640,41.0,0.0,66.0,0.0,0.0
9641,42.0,0.0,66.0,0.0,0.0
9642,41.0,0.0,71.0,0.0,0.0
9643,39.0,0.0,73.0,0.0,0.0
9644,49.0,0.0,75.0,0.0,0.0
9645,51.0,0.0,73.0,2.0,0.0
9646,55.0,0.0,77.0,0.0,0.0
9647,56.0,0.0,73.0,48.0,0.0
9648,52.0,0.0,74.0,1.0,0.0
9649,48.0,0.0,69.0,0.0,0.0
9650,49.0,0.0,74.0,0.0,0.0
9651,40.0,0.0,79.0,0.0,0.0
9652,51.0,0.0,81.0,0.0,0.0
9653,46.0,0.0,84.0,0.0,0.0
9654,49.0,0.0,88.0,0.0,0.0
9655,49.0,0.0,89.0,0.0,0.0
9656,54.0,0.0,92.0,0.0,0.0
9657,56.0,0.0,89.0,0.0,0.0
9658,63.0,0.0,91.0,2.0,0.0
9659,52.0,0.0,92.0,0.0,0.0
9660,54.0,0.0,90.0,0.0,0.0
9661,60.0,0.0,92.0,0.0,0.0
9662,63.0,0.0,91.0,0.0,0.0
9663,62.0,0.0,84.0,57.0,0.0
9664,46.0,0.0,79.0,0.0,0.0
9665,56.0,0.0,88.0,0.0,0.0
9666,63.0,0.0,83.0,58.0,0.0
9667,54.0,0.0,76.0,0.0,0.0
9668,57.0,0.0,72.0,0.0,0.0
9669,60.0,0.0,81.0,0.0,0.0
9670,52.0,0.0,83.0,0.0,0.0
9671,55.0,0.0,76.0,13.0,0.0
9672,66.0,0.0,77.0,92.0,0.0
9673,54.0,0.0,85.0,0.0,0.0
9674,60.0,0.0,88.0,0.0,0.0
9675,66.0,0.0,83.0,0.0,0.0
9676,56.0,0.0,84.0,0.0,0.0
9677,52.0,0.0,80.0,30.0,0.0
9679,51.0,0.0,80.0,26.0,0.0
9680,51.0,0.0,79.0,0.0,0.0
9681,54.0,0.0,81.0,0.0,0.0
9682,52.0,0.0,84.0,0.0,0.0
9683,53.0,0.0,86.0,0.0,0.0
9684,52.0,0.0,87.0,8.0,0.0
9685,54.0,0.0,84.0,1.0,0.0
9686,53.0,0.0,83.0,0.0,0.0
9687,62.0,0.0,90.0,0.0,0.0
9688,65.0,0.0,92.0,0.0,0.0
9689,56.0,0.0,86.0,0.0,0.0
9690,50.0,0.0,82.0,0.0,0.0
9692,66.0,0.0,93.0,0.0,0.0
9693,60.0,0.0,82.0,8.0,0.0
9694,52.0,0.0,79.0,1.0,0.0
9700,66.0,0.0,87.0,28.0,0.0
9701,69.0,0.0,85.0,0.0,0.0
9702,61.0,0.0,86.0,0.0,0.0
9703,61.0,0.0,86.0,1.0,0.0
9704,63.0,0.0,88.0,0.0,0.0
9705,62.0,0.0,87.0,0.0,0.0
9706,65.0,0.0,82.0,41.0,0.0
9707,57.0,0.0,83.0,0.0,0.0
9708,62.0,0.0,81.0,2.0,0.0
9709,53.0,0.0,78.0,0.0,0.0
9710,51.0,0.0,76.0,0.0,0.0
9711,42.0,0.0,78.0,0.0,0.0
9712,45.0,0.0,82.0,0.0,0.0
9713,46.0,0.0,82.0,1.0,0.0
9714,57.0,0.0,73.0,1.0,0.0
9715,52.0,0.0,71.0,18.0,0.0
9716,45.0,0.0,77.0,0.0,0.0
9717,47.0,0.0,84.0,0.0,0.0
9718,48.0,0.0,85.0,0.0,0.0
9719,57.0,0.0,85.0,0.0,0.0
9720,63.0,0.0,88.0,0.0,0.0
9721,62.0,0.0,85.0,18.0,0.0
9722,58.0,0.0,83.0,0.0,0.0
9723,56.0,0.0,76.0,0.0,0.0
9724,47.0,0.0,78.0,0.0,0.0
9725,42.0,0.0,82.0,0.0,0.0
9726,45.0,0.0,85.0,0.0,0.0
9727,45.0,0.0,86.0,0.0,0.0
9728,51.0,0.0,86.0,0.0,0.0
9729,50.0,0.0,87.0,0.0,0.0
9730,56.0,0.0,88.0,0.0,0.0
9731,59.0,0.0,89.0,0.0,0.0
9732,59.0,0.0,85.0,0.0,0.0
9733,60.0,0.0,86.0,0.0,0.0
9734,61.0,0.0,87.0,0.0,0.0
9735,60.0,0.0,90.0,0.0,0.0
9736,66.0,0.0,83.0,0.0,0.0
9737,50.0,0.0,78.0,0.0,0.0
9738,42.0,0.0,75.0,0.0,0.0
9739,43.0,0.0,86.0,0.0,0.0
9740,59.0,0.0,83.0,0.0,0.0
9741,46.0,0.0,82.0,0.0,0.0
9742,41.0,0.0,82.0,0.0,0.0
9743,58.0,0.0,85.0,0.0,0.0
9744,56.0,0.0,80.0,0.0,0.0
9745,39.0,0.0,79.0,0.0,0.0
9746,41.0,0.0,86.0,0.0,0.0
9747,46.0,0.0,92.0,0.0,0.0
9748,52.0,0.0,80.0,0.0,0.0
9749,43.0,0.0,69.0,56.0,0.0
9750,48.0,0.0,80.0,0.0,0.0
9751,50.0,0.0,85.0,0.0,0.0
9752,44.0,0.0,85.0,0.0,0.0
9753,51.0,0.0,87.0,0.0,0.0
9754,56.0,0.0,78.0,0.0,0.0
9755,60.0,0.0,66.0,69.0,0.0
9756,59.0,0.0,69.0,51.0,0.0
9757,53.0,0.0,77.0,3.0,0.0
9758,45.0,0.0,81.0,0.0,0.0
9759,58.0,0.0,69.0,40.0,0.0
9760,38.0,0.0,64.0,0.0,0.0
9761,36.0,0.0,62.0,9.0,0.0
9762,42.0,0.0,65.0,0.0,0.0
9763,31.0,0.0,65.0,0.0,0.0
9764,33.0,0.0,68.0,0.0,0.0
9765,49.0,0.0,60.0,65.0,0.0
9766,52.0,0.0,64.0,80.0,0.0
9767,40.0,0.0,62.0,1.0,0.0
9768,37.0,0.0,68.0,0.0,0.0
9769,39.0,0.0,73.0,0.0,0.0
9770,40.0,0.0,78.0,0.0,0.0
9771,41.0,0.0,74.0,0.0,0.0
9772,46.0,0.0,75.0,0.0,0.0
9773,42.0,0.0,78.0,0.0,0.0
9774,48.0,0.0,81.0,0.0,0.0
9775,43.0,0.0,72.0,80.0,0.0
9777,37.0,0.0,55.0,0.0,0.0
9778,41.0,0.0,54.0,0.0,0.0
9779,38.0,0.0,59.0,0.0,0.0
9780,37.0,0.0,65.0,0.0,0.0
9781,37.0,0.0,77.0,0.0,0.0
9782,52.0,0.0,71.0,0.0,0.0
9783,35.0,0.0,63.0,0.0,0.0
9784,47.0,0.0,65.0,0.0,0.0
9785,32.0,0.0,52.0,0.0,0.0
9786,30.0,0.0,48.0,0.0,0.0
9787,21.0,0.0,48.0,0.0,0.0
9788,31.0,0.0,44.0,0.0,0.0
9789,35.0,0.0,42.0,42.0,0.0
9790,32.0,0.0,46.0,0.0,0.0
9791,27.0,0.0,43.0,0.0,0.0
9792,21.0,0.0,47.0,0.0,0.0
9793,37.0,0.0,50.0,41.0,0.0
9794,39.0,0.0,48.0,2.0,0.0
9795,29.0,0.0,44.0,0.0,0.0
9796,20.0,0.0,39.0,0.0,0.0
9797,19.0,0.0,46.0,0.0,0.0
9798,28.0,0.0,55.0,0.0,0.0
9799,33.0,0.0,44.0,0.0,0.0
9800,29.0,0.0,44.0,24.0,0.0
9801,21.0,0.0,50.0,0.0,0.0
9802,28.0,0.0,55.0,0.0,0.0
9803,21.0,0.0,54.0,0.0,0.0
9804,28.0,0.0,49.0,0.0,0.0
9805,27.0,3.0,46.0,3.0,0.0
9806,21.0,0.0,50.0,0.0,0.0
9807,28.0,0.0,49.0,0.0,0.0
9808,18.0,2.0,35.0,2.0,0.0
9809,15.0,0.0,49.0,0.0,0.0
9810,30.0,0.0,42.0,0.0,0.0
9811,27.0,5.0,35.0,5.0,0.0
9812,18.0,0.0,36.0,0.0,0.0
9813,22.0,0.0,42.0,0.0,0.0
9814,18.0,0.0,40.0,0.0,0.0
9815,15.0,0.0,43.0,0.0,0.0
9816,16.0,0.0,47.0,0.0,0.0
9817,20.0,0.0,50.0,0.0,0.0
9818,27.0,0.0,49.0,0.0,0.0
9819,32.0,0.0,49.0,0.0,0.0
9820,22.0,0.0,46.0,0.0,0.0
9821,23.0,0.0,43.0,0.0,0.0
9822,23.0,0.0,37.0,0.0,0.0
9823,8.0,0.0,29.0,0.0,0.0
9824,11.0,0.0,30.0,0.0,0.0
9825,21.0,0.0,52.0,0.0,0.0
9826,41.0,0.0,53.0,14.0,0.0
9827,34.0,0.0,56.0,25.0,0.0
9828,19.0,0.0,34.0,0.0,0.0
9829,7.0,0.0,19.0,0.0,0.0
9830,7.0,0.0,21.0,0.0,0.0
9831,10.0,0.0,29.0,0.0,0.0
9832,-5.0,5.0,28.0,5.0,1.0
9833,-9.0,0.0,26.0,0.0,1.0
9834,14.0,10.0,27.0,10.0,2.0
9835,-4.0,0.0,27.0,0.0,2.0
9836,16.0,0.0,32.0,0.0,2.0
9837,12.0,16.0,31.0,16.0,3.0
9838,5.0,0.0,21.0,0.0,3.0
9839,8.0,0.0,30.0,0.0,3.0
9840,19.0,0.0,39.0,0.0,1.0
9841,13.0,0.0,30.0,0.0,1.0
9842,16.0,0.0,32.0,0.0,1.0
9843,11.0,0.0,29.0,0.0,1.0
9844,11.0,0.0,43.0,0.0,0.0
9845,21.0,0.0,45.0,0.0,0.0
9846,17.0,0.0,42.0,0.0,0.0
9847,27.0,0.0,39.0,0.0,0.0
9848,16.0,0.0,41.0,0.0,0.0
9849,22.0,0.0,56.0,0.0,0.0
9850,19.0,1.0,52.0,9.0,0.0
9851,8.0,2.0,20.0,2.0,0.0
9853,11.0,0.0,28.0,0.0,0.0
9854,1.0,0.0,28.0,0.0,0.0
9855,15.0,0.0,38.0,0.0,0.0
9856,17.0,0.0,30.0,0.0,0.0
9857,6.0,0.0,23.0,0.0,0.0
9858,15.0,2.0,28.0,2.0,0.0
9859,-5.0,1.0,18.0,1.0,0.0
9860,-5.0,0.0,17.0,1.0,0.0
9862,-13.0,0.0,16.0,0.0,1.0
9863,4.0,0.0,18.0,0.0,1.0
9864,10.0,0.0,24.0,1.0,1.0
9865,13.0,0.0,31.0,0.0,1.0
9867,1.0,0.0,25.0,0.0,1.0
9868,1.0,3.0,23.0,3.0,1.0
9869,-2.0,0.0,18.0,0.0,1.0
9870,-2.0,0.0,18.0,0.0,1.0
9871,4.0,50.0,15.0,13.0,6.0
9873,-8.0,0.0,15.0,0.0,7.0
9874,-12.0,0.0,24.0,0.0,7.0
9875,14.0,6.0,30.0,6.0,7.0
9876,8.0,0.0,29.0,0.0,7.0
9877,-12.0,0.0,17.0,1.0,7.0
9878,-18.0,0.0,5.0,0.0,7.0
9879,-10.0,0.0,15.0,0.0,7.0
9880,1.0,0.0,26.0,0.0,7.0
9881,-8.0,0.0,20.0,0.0,7.0
9882,8.0,0.0,28.0,0.0,7.0
9883,8.0,0.0,22.0,0.0,7.0
9884,-2.0,0.0,22.0,0.0,7.0
9885,19.0,0.0,28.0,0.0,7.0
9886,19.0,2.0,30.0,2.0,7.0
9887,10.0,2.0,28.0,2.0,8.0
9888,-10.0,1.0,25.0,1.0,8.0
9889,-10.0,10.0,28.0,8.0,9.0
9890,-12.0,0.0,6.0,0.0,9.0
9891,-8.0,0.0,13.0,0.0,9.0
9892,-2.0,0.0,20.0,0.0,9.0
9893,3.0,0.0,24.0,0.0,9.0
9894,13.0,0.0,23.0,0.0,9.0
9895,16.0,25.0,32.0,7.0,11.0
9896,19.0,3.0,31.0,2.0,11.0
9897,1.0,28.0,19.0,17.0,14.0
9898,-5.0,0.0,16.0,0.0,14.0
9899,-11.0,0.0,19.0,0.0,14.0
9900,-8.0,0.0,18.0,0.0,13.0
9901,2.0,0.0,38.0,0.0,12.0
9902,11.0,0.0,42.0,0.0,10.0
9903,32.0,0.0,45.0,0.0,5.0
9904,26.0,0.0,34.0,0.0,3.0
9905,31.0,0.0,33.0,20.0,1.0
9906,24.0,0.0,32.0,0.0,1.0
9907,12.0,0.0,25.0,0.0,1.0
9908,-4.0,0.0,24.0,0.0,1.0
9909,0.0,0.0,28.0,0.0,1.0
9910,21.0,0.0,35.0,0.0,1.0
9911,23.0,0.0,36.0,0.0,1.0
9912,20.0,0.0,29.0,0.0,1.0
9913,9.0,0.0,29.0,0.0,0.0
9914,22.0,0.0,53.0,0.0,0.0
9915,34.0,0.0,58.0,0.0,0.0
9916,34.0,0.0,51.0,23.0,0.0
9917,34.0,0.0,45.0,10.0,0.0
9918,31.0,0.0,39.0,0.0,0.0
9919,29.0,41.0,34.0,122.0,4.0
9920,22.0,0.0,30.0,3.0,3.0
9921,14.0,0.0,28.0,0.0,3.0
9922,13.0,0.0,36.0,0.0,2.0
9923,23.0,0.0,40.0,0.0,1.0
9924,36.0,0.0,47.0,84.0,0.0
9925,32.0,0.0,41.0,25.0,0.0
9926,28.0,0.0,37.0,0.0,0.0
9927,31.0,0.0,42.0,0.0,0.0
9928,29.0,0.0,49.0,0.0,0.0
9929,40.0,0.0,62.0,0.0,0.0
9930,34.0,0.0,65.0,0.0,0.0
9931,38.0,0.0,69.0,0.0,0.0
9932,47.0,0.0,62.0,5.0,0.0
9933,38.0,0.0,58.0,21.0,0.0
9934,47.0,0.0,54.0,5.0,0.0
9935,35.0,0.0,74.0,0.0,0.0
9936,37.0,0.0,66.0,0.0,0.0
9937,26.0,0.0,44.0,0.0,0.0
9938,29.0,50.0,37.0,53.0,5.0
9939,13.0,0.0,37.0,0.0,4.0
9940,28.0,17.0,37.0,17.0,3.0
9941,23.0,0.0,45.0,0.0,3.0
9942,29.0,35.0,37.0,10.0,4.0
9943,19.0,0.0,45.0,0.0,2.0
9944,19.0,0.0,34.0,0.0,1.0
9945,20.0,0.0,41.0,0.0,0.0
9946,26.0,0.0,52.0,0.0,0.0
9947,32.0,0.0,67.0,0.0,0.0
9948,52.0,0.0,66.0,63.0,0.0
9949,55.0,0.0,73.0,42.0,0.0
9950,47.0,0.0,73.0,0.0,0.0
9951,39.0,0.0,58.0,0.0,0.0
9952,30.0,0.0,55.0,0.0,0.0
9953,41.0,0.0,71.0,69.0,0.0
9954,32.0,0.0,65.0,17.0,0.0
9955,35.0,0.0,53.0,0.0,0.0
9956,34.0,0.0,59.0,31.0,0.0
9958,27.0,0.0,54.0,0.0,0.0
9959,23.0,0.0,51.0,0.0,0.0
9960,23.0,0.0,53.0,0.0,0.0
9961,36.0,0.0,80.0,0.0,0.0
9962,51.0,0.0,82.0,0.0,0.0
9963,52.0,0.0,82.0,0.0,0.0
9964,52.0,0.0,83.0,0.0,0.0
9965,46.0,0.0,78.0,2.0,0.0
9966,41.0,0.0,72.0,0.0,0.0
9967,41.0,0.0,76.0,0.0,0.0
9968,48.0,0.0,75.0,14.0,0.0
9969,44.0,0.0,85.0,2.0,0.0
9970,57.0,0.0,79.0,0.0,0.0
9971,56.0,0.0,74.0,65.0,0.0
9972,55.0,0.0,77.0,0.0,0.0
9973,53.0,0.0,71.0,17.0,0.0
9974,52.0,0.0,65.0,345.0,0.0
9975,39.0,0.0,62.0,71.0,0.0
9976,40.0,0.0,53.0,8.0,0.0
9977,41.0,0.0,60.0,32.0,0.0
9978,36.0,0.0,74.0,0.0,0.0
9979,45.0,0.0,68.0,5.0,0.0
9980,29.0,0.0,61.0,27.0,0.0
9981,36.0,0.0,67.0,0.0,0.0
9982,38.0,0.0,76.0,0.0,0.0
9983,54.0,0.0,68.0,33.0,0.0
9984,48.0,0.0,60.0,25.0,0.0
9985,45.0,0.0,64.0,50.0,0.0
9989,33.0,0.0,68.0,0.0,0.0
9990,36.0,0.0,61.0,0.0,0.0
9991,34.0,0.0,64.0,0.0,0.0
9992,42.0,0.0,72.0,0.0,0.0
9993,46.0,0.0,77.0,0.0,0.0
9994,58.0,0.0,84.0,0.0,0.0
9995,55.0,0.0,78.0,0.0,0.0
9996,45.0,0.0,79.0,0.0,0.0
9997,47.0,0.0,87.0,0.0,0.0
9998,56.0,0.0,88.0,0.0,0.0
9999,63.0,0.0,85.0,51.0,0.0
10000,56.0,0.0,90.0,0.0,0.0
10001,65.0,0.0,91.0,0.0,0.0
10002,56.0,0.0,91.0,0.0,0.0
10003,61.0,0.0,86.0,0.0,0.0
10004,61.0,0.0,86.0,0.0,0.0
10005,54.0,0.0,88.0,0.0,0.0
10006,60.0,0.0,87.0,0.0,0.0
10007,52.0,0.0,79.0,0.0,0.0
10008,51.0,0.0,85.0,0.0,0.0
10009,60.0,0.0,91.0,0.0,0.0
10010,53.0,0.0,82.0,0.0,0.0
10011,53.0,0.0,79.0,0.0,0.0
10012,56.0,0.0,91.0,0.0,0.0
10013,58.0,0.0,82.0,0.0,0.0
10014,54.0,0.0,70.0,3.0,0.0
10015,40.0,0.0,77.0,0.0,0.0
10016,43.0,0.0,87.0,0.0,0.0
10017,68.0,0.0,85.0,0.0,0.0
10018,55.0,0.0,80.0,63.0,0.0
10019,37.0,0.0,65.0,0.0,0.0
10020,46.0,0.0,65.0,0.0,0.0
10021,43.0,0.0,67.0,91.0,0.0
10022,45.0,0.0,73.0,0.0,0.0
10023,55.0,0.0,65.0,0.0,0.0
10024,52.0,0.0,64.0,8.0,0.0
10025,50.0,0.0,71.0,0.0,0.0
10026,55.0,0.0,78.0,0.0,0.0
10027,50.0,0.0,83.0,0.0,0.0
10028,55.0,0.0,88.0,0.0,0.0
10029,68.0,0.0,90.0,0.0,0.0
10030,68.0,0.0,85.0,0.0,0.0
10031,60.0,0.0,83.0,0.0,0.0
10032,56.0,0.0,81.0,0.0,0.0
10033,51.0,0.0,80.0,0.0,0.0
10034,50.0,0.0,81.0,0.0,0.0
10035,49.0,0.0,83.0,0.0,0.0
10036,65.0,0.0,88.0,0.0,0.0
10037,59.0,0.0,85.0,61.0,0.0
10038,61.0,0.0,85.0,0.0,0.0
10039,57.0,0.0,88.0,0.0,0.0
10040,67.0,0.0,89.0,0.0,0.0
10041,60.0,0.0,80.0,6.0,0.0
10042,54.0,0.0,79.0,0.0,0.0
10043,54.0,0.0,80.0,188.0,0.0
10044,51.0,0.0,80.0,0.0,0.0
10045,53.0,0.0,83.0,0.0,0.0
10046,66.0,0.0,92.0,0.0,0.0
10047,69.0,0.0,95.0,51.0,0.0
10048,72.0,0.0,95.0,0.0,0.0
10049,74.0,0.0,92.0,0.0,0.0
10050,67.0,0.0,88.0,6.0,0.0
10051,66.0,0.0,86.0,0.0,0.0
10052,58.0,0.0,81.0,0.0,0.0
10053,57.0,0.0,79.0,0.0,0.0
10054,69.0,0.0,86.0,0.0,0.0
10055,65.0,0.0,87.0,2.0,0.0
10056,54.0,0.0,92.0,0.0,0.0
10057,71.0,0.0,98.0,0.0,0.0
10059,66.0,0.0,94.0,32.0,0.0
10060,68.0,0.0,91.0,0.0,0.0
10062,72.0,0.0,93.0,0.0,0.0
10063,74.0,0.0,90.0,0.0,0.0
10064,58.0,0.0,82.0,0.0,0.0
10065,50.0,0.0,82.0,0.0,0.0
10066,52.0,0.0,85.0,0.0,0.0
10067,70.0,0.0,83.0,1.0,0.0
10068,50.0,0.0,79.0,0.0,0.0
10069,46.0,0.0,81.0,0.0,0.0
10070,48.0,0.0,82.0,0.0,0.0
10071,55.0,0.0,85.0,0.0,0.0
10072,62.0,0.0,87.0,0.0,0.0
10073,62.0,0.0,89.0,0.0,0.0
10074,59.0,0.0,86.0,0.0,0.0
10075,45.0,0.0,84.0,0.0,0.0
10076,56.0,0.0,86.0,0.0,0.0
10077,58.0,0.0,91.0,0.0,0.0
10078,56.0,0.0,88.0,28.0,0.0
10079,68.0,0.0,80.0,104.0,0.0
10080,68.0,0.0,81.0,14.0,0.0
10081,66.0,0.0,81.0,6.0,0.0
10082,62.0,0.0,79.0,42.0,0.0
10083,67.0,0.0,80.0,0.0,0.0
10084,62.0,0.0,81.0,98.0,0.0
10085,52.0,0.0,76.0,122.0,0.0
10086,52.0,0.0,80.0,0.0,0.0
10087,66.0,0.0,80.0,0.0,0.0
10088,59.0,0.0,81.0,0.0,0.0
10089,62.0,0.0,85.0,0.0,0.0
10090,61.0,0.0,78.0,7.0,0.0
10091,45.0,0.0,76.0,0.0,0.0
10092,47.0,0.0,76.0,0.0,0.0
10093,48.0,0.0,72.0,0.0,0.0
10094,51.0,0.0,72.0,55.0,0.0
10095,56.0,0.0,77.0,7.0,0.0
10096,59.0,0.0,79.0,0.0,0.0
10097,56.0,0.0,79.0,1.0,0.0
10098,46.0,0.0,73.0,0.0,0.0
10099,47.0,0.0,82.0,0.0,0.0
10100,65.0,0.0,89.0,0.0,0.0
10101,71.0,0.0,89.0,0.0,0.0
10102,67.0,0.0,82.0,21.0,0.0
10103,55.0,0.0,81.0,27.0,0.0
10104,56.0,0.0,88.0,0.0,0.0
10105,62.0,0.0,86.0,0.0,0.0
10106,65.0,0.0,86.0,27.0,0.0
10107,60.0,0.0,76.0,2.0,0.0
10108,52.0,0.0,80.0,0.0,0.0
10109,61.0,0.0,84.0,0.0,0.0
10110,60.0,0.0,75.0,0.0,0.0
10111,51.0,0.0,80.0,0.0,0.0
10112,53.0,0.0,81.0,0.0,0.0
10113,55.0,0.0,85.0,0.0,0.0
10115,45.0,0.0,75.0,0.0,0.0
10116,47.0,0.0,78.0,0.0,0.0
10117,53.0,0.0,71.0,52.0,0.0
10118,49.0,0.0,70.0,87.0,0.0
10119,49.0,0.0,60.0,0.0,0.0
10120,56.0,0.0,76.0,64.0,0.0
10121,59.0,0.0,80.0,16.0,0.0
10122,64.0,0.0,80.0,4.0,0.0
10123,60.0,0.0,78.0,9.0,0.0
10124,55.0,0.0,73.0,97.0,0.0
10125,52.0,0.0,64.0,0.0,0.0
10126,54.0,0.0,70.0,0.0,0.0
10127,52.0,0.0,76.0,0.0,0.0
10128,60.0,0.0,75.0,7.0,0.0
10129,59.0,0.0,76.0,8.0,0.0
10130,56.0,0.0,74.0,141.0,0.0
10131,52.0,0.0,69.0,0.0,0.0
10132,50.0,0.0,70.0,0.0,0.0
10133,42.0,0.0,65.0,0.0,0.0
10134,49.0,0.0,76.0,8.0,0.0
10135,53.0,0.0,66.0,63.0,0.0
10136,46.0,0.0,61.0,1.0,0.0
10137,39.0,0.0,62.0,0.0,0.0
10138,40.0,0.0,67.0,0.0,0.0
10139,43.0,0.0,67.0,0.0,0.0
10140,40.0,0.0,61.0,0.0,0.0
10141,35.0,0.0,56.0,0.0,0.0
10142,46.0,0.0,70.0,42.0,0.0
10143,42.0,0.0,63.0,14.0,0.0
10144,34.0,0.0,61.0,0.0,0.0
10145,39.0,0.0,54.0,0.0,0.0
10146,39.0,0.0,52.0,13.0,0.0
10147,27.0,0.0,56.0,0.0,0.0
10148,27.0,0.0,61.0,0.0,0.0
10149,35.0,0.0,52.0,0.0,0.0
10150,33.0,0.0,47.0,14.0,0.0
10151,25.0,0.0,57.0,0.0,0.0
10152,36.0,0.0,58.0,0.0,0.0
10153,40.0,0.0,58.0,4.0,0.0
10154,34.0,0.0,60.0,0.0,0.0
10155,36.0,0.0,68.0,0.0,0.0
10156,45.0,0.0,61.0,0.0,0.0
10157,41.0,0.0,56.0,7.0,0.0
10158,36.0,0.0,71.0,4.0,0.0
10159,46.0,0.0,66.0,0.0,0.0
10160,52.0,0.0,65.0,0.0,0.0
10161,42.0,0.0,62.0,0.0,0.0
10162,43.0,0.0,61.0,0.0,0.0
10163,36.0,0.0,58.0,0.0,0.0
10164,38.0,0.0,63.0,0.0,0.0
10165,42.0,0.0,64.0,0.0,0.0
10166,51.0,0.0,67.0,92.0,0.0
10167,44.0,0.0,67.0,0.0,0.0
10168,50.0,0.0,69.0,2.0,0.0
10169,54.0,0.0,67.0,1.0,0.0
10170,48.0,0.0,60.0,0.0,0.0
10171,51.0,0.0,70.0,2.0,0.0
10172,55.0,0.0,65.0,9.0,0.0
10173,54.0,0.0,61.0,4.0,0.0
10174,50.0,0.0,67.0,0.0,0.0
10175,32.0,0.0,64.0,31.0,0.0
10176,30.0,0.0,37.0,2.0,0.0
10177,24.0,0.0,37.0,9.0,0.0
10178,18.0,0.0,34.0,0.0,0.0
10179,18.0,0.0,40.0,1.0,0.0
10180,30.0,0.0,53.0,0.0,0.0
10181,47.0,0.0,52.0,14.0,0.0
10182,36.0,0.0,50.0,19.0,0.0
10183,32.0,0.0,40.0,1.0,0.0
10184,25.0,0.0,42.0,0.0,0.0
10185,32.0,0.0,54.0,14.0,0.0
10186,33.0,0.0,56.0,19.0,0.0
10187,26.0,0.0,36.0,0.0,0.0
10188,26.0,0.0,41.0,0.0,0.0
10190,31.0,0.0,35.0,0.0,1.0
10192,11.0,0.0,26.0,0.0,0.0
10194,12.0,0.0,31.0,0.0,0.0
10196,33.0,0.0,50.0,60.0,0.0
10197,31.0,0.0,39.0,0.0,0.0
10203,-6.0,0.0,25.0,0.0,0.0
10204,-3.0,80.0,32.0,80.0,8.0
10205,-6.0,15.0,3.0,19.0,7.0
10206,1.0,0.0,11.0,0.0,6.0
10227,25.0,30.0,32.0,14.0,3.0
10228,-4.0,0.0,28.0,1.0,3.0
10229,6.0,0.0,20.0,0.0,2.0
10231,27.0,0.0,38.0,0.0,1.0
10232,30.0,0.0,36.0,0.0,0.0
10233,31.0,0.0,36.0,0.0,0.0
10234,26.0,0.0,37.0,0.0,0.0
10235,7.0,10.0,27.0,20.0,1.0
10237,1.0,0.0,14.0,0.0,1.0
10238,11.0,0.0,21.0,0.0,0.0
10239,15.0,19.0,23.0,9.0,2.0
10240,16.0,10.0,24.0,1.0,3.0
10241,-2.0,0.0,22.0,0.0,3.0
10242,1.0,0.0,22.0,0.0,3.0
10243,8.0,0.0,20.0,2.0,3.0
10244,11.0,10.0,25.0,0.0,3.0
10245,9.0,0.0,25.0,0.0,3.0
10246,18.0,20.0,25.0,1.0,5.0
10247,7.0,15.0,23.0,4.0,6.0
10248,-5.0,0.0,17.0,0.0,5.0
10249,-2.0,0.0,24.0,0.0,4.0
10250,6.0,0.0,34.0,0.0,4.0
10251,26.0,0.0,33.0,5.0,4.0
10258,-7.0,0.0,15.0,0.0,21.0
10259,0.0,7.0,24.0,7.0,21.0
10260,0.0,0.0,20.0,0.0,19.0
10261,-5.0,0.0,17.0,0.0,19.0
10262,0.0,20.0,20.0,20.0,21.0
10263,-3.0,0.0,17.0,0.0,20.0
10264,-8.0,0.0,16.0,0.0,20.0
10265,-8.0,0.0,27.0,0.0,19.0
10266,2.0,0.0,24.0,0.0,18.0
10267,-10.0,0.0,28.0,0.0,17.0
10268,-5.0,0.0,27.0,0.0,17.0
10269,5.0,0.0,30.0,0.0,14.0
10270,4.0,0.0,25.0,0.0,11.0
10271,0.0,30.0,26.0,35.0,14.0
10272,-5.0,0.0,23.0,0.0,12.0
10273,8.0,0.0,24.0,0.0,12.0
10274,-7.0,0.0,22.0,0.0,12.0
10275,-7.0,0.0,20.0,0.0,12.0
10276,-6.0,0.0,21.0,0.0,11.0
10277,-6.0,0.0,27.0,0.0,11.0
10278,-10.0,0.0,23.0,0.0,10.0
10279,-10.0,0.0,21.0,0.0,10.0
10280,-7.0,0.0,23.0,0.0,10.0
10281,13.0,20.0,30.0,20.0,12.0
10282,23.0,0.0,35.0,0.0,10.0
10283,14.0,0.0,32.0,0.0,10.0
10284,0.0,0.0,31.0,0.0,9.0
10285,4.0,0.0,37.0,0.0,9.0
10286,14.0,0.0,32.0,0.0,8.0
10287,-2.0,0.0,22.0,0.0,8.0
10288,14.0,30.0,25.0,4.0,11.0
10289,-2.0,0.0,22.0,0.0,11.0
10290,-7.0,0.0,20.0,0.0,11.0
10291,8.0,0.0,36.0,0.0,10.0
10292,5.0,0.0,29.0,0.0,8.0
10293,17.0,0.0,27.0,0.0,7.0
10294,1.0,0.0,38.0,0.0,7.0
10295,17.0,0.0,46.0,0.0,7.0
10296,21.0,0.0,39.0,0.0,5.0
10297,20.0,0.0,42.0,8.0,5.0
10298,17.0,0.0,47.0,0.0,4.0
10299,32.0,0.0,39.0,61.0,3.0
10300,31.0,0.0,38.0,0.0,3.0
10301,26.0,0.0,37.0,0.0,2.0
10302,21.0,0.0,34.0,0.0,2.0
10303,17.0,0.0,35.0,0.0,2.0
10304,31.0,0.0,41.0,0.0,1.0
10305,22.0,0.0,44.0,0.0,0.0
10306,36.0,0.0,47.0,82.0,0.0
10307,31.0,0.0,50.0,4.0,0.0
10308,31.0,0.0,50.0,0.0,0.0
10309,23.0,0.0,48.0,0.0,0.0
10311,27.0,3.0,34.0,49.0,0.0
10312,31.0,0.0,37.0,31.0,0.0
10313,31.0,0.0,50.0,0.0,0.0
10314,30.0,0.0,50.0,0.0,0.0
10315,25.0,0.0,45.0,0.0,0.0
10316,37.0,0.0,72.0,17.0,0.0
10317,53.0,0.0,71.0,0.0,0.0
10318,28.0,0.0,55.0,0.0,0.0
10319,29.0,0.0,65.0,26.0,0.0
10320,37.0,0.0,66.0,0.0,0.0
10321,31.0,0.0,62.0,46.0,0.0
10322,40.0,0.0,58.0,16.0,0.0
10323,37.0,0.0,68.0,68.0,0.0
10324,39.0,0.0,65.0,0.0,0.0
10325,26.0,0.0,46.0,0.0,0.0
10326,33.0,0.0,75.0,11.0,0.0
10327,44.0,0.0,61.0,62.0,0.0
10328,32.0,0.0,66.0,0.0,0.0
10329,39.0,0.0,65.0,0.0,0.0
10330,32.0,0.0,55.0,0.0,0.0
10331,30.0,0.0,53.0,0.0,0.0
10332,29.0,0.0,52.0,0.0,0.0
10333,29.0,0.0,55.0,0.0,0.0
10334,39.0,0.0,50.0,0.0,0.0
10335,40.0,0.0,55.0,65.0,0.0
10336,39.0,0.0,50.0,57.0,0.0
10337,35.0,0.0,49.0,27.0,0.0
10338,30.0,0.0,57.0,2.0,0.0
10339,37.0,0.0,47.0,0.0,0.0
10340,35.0,0.0,60.0,13.0,0.0
10341,37.0,0.0,55.0,0.0,0.0
10342,40.0,0.0,64.0,0.0,0.0
10343,38.0,0.0,66.0,0.0,0.0
10344,36.0,0.0,68.0,0.0,0.0
10345,39.0,0.0,72.0,0.0,0.0
10346,36.0,0.0,70.0,0.0,0.0
10347,27.0,0.0,55.0,0.0,0.0
10348,33.0,0.0,60.0,0.0,0.0
10349,32.0,0.0,62.0,0.0,0.0
10350,39.0,0.0,62.0,0.0,0.0
10351,41.0,0.0,48.0,10.0,0.0
10352,41.0,0.0,56.0,20.0,0.0
10353,52.0,0.0,57.0,0.0,0.0
10354,49.0,0.0,64.0,0.0,0.0
10355,45.0,0.0,66.0,47.0,0.0
10356,45.0,0.0,66.0,0.0,0.0
10357,43.0,0.0,69.0,0.0,0.0
10358,55.0,0.0,70.0,3.0,0.0
10359,51.0,0.0,70.0,49.0,0.0
10360,46.0,0.0,56.0,55.0,0.0
10361,48.0,0.0,55.0,10.0,0.0
10362,50.0,0.0,62.0,3.0,0.0
10363,47.0,0.0,74.0,0.0,0.0
10364,54.0,0.0,80.0,1.0,0.0
10365,53.0,0.0,84.0,0.0,0.0
10366,57.0,0.0,81.0,0.0,0.0
10367,45.0,0.0,71.0,12.0,0.0
10368,41.0,0.0,69.0,0.0,0.0
10369,49.0,0.0,69.0,0.0,0.0
10370,56.0,0.0,75.0,16.0,0.0
10371,54.0,0.0,84.0,0.0,0.0
10372,55.0,0.0,85.0,0.0,0.0
10373,57.0,0.0,87.0,0.0,0.0
10374,58.0,0.0,89.0,0.0,0.0
10375,61.0,0.0,89.0,0.0,0.0
10376,60.0,0.0,89.0,0.0,0.0
10377,56.0,0.0,86.0,0.0,0.0
10378,56.0,0.0,92.0,0.0,0.0
10379,57.0,0.0,83.0,0.0,0.0
10380,49.0,0.0,71.0,14.0,0.0
10381,55.0,0.0,79.0,0.0,0.0
10382,47.0,0.0,79.0,1.0,0.0
10383,50.0,0.0,83.0,0.0,0.0
10384,62.0,0.0,83.0,0.0,0.0
10385,61.0,0.0,75.0,62.0,0.0
10386,46.0,0.0,76.0,2.0,0.0
10387,49.0,0.0,82.0,0.0,0.0
10388,61.0,0.0,87.0,0.0,0.0
10389,65.0,0.0,86.0,0.0,0.0
10390,42.0,0.0,75.0,54.0,0.0
10391,42.0,0.0,68.0,0.0,0.0
10392,51.0,0.0,77.0,5.0,0.0
10393,56.0,0.0,85.0,0.0,0.0
10394,69.0,0.0,89.0,0.0,0.0
10395,68.0,0.0,88.0,1.0,0.0
10396,55.0,0.0,83.0,0.0,0.0
10397,56.0,0.0,87.0,0.0,0.0
10398,62.0,0.0,86.0,4.0,0.0
10399,46.0,0.0,78.0,0.0,0.0
10400,51.0,0.0,83.0,0.0,0.0
10401,57.0,0.0,85.0,2.0,0.0
10402,62.0,0.0,85.0,0.0,0.0
10403,63.0,0.0,84.0,28.0,0.0
10404,67.0,0.0,87.0,257.0,0.0
10405,60.0,0.0,87.0,16.0,0.0
10406,61.0,0.0,86.0,0.0,0.0
10407,63.0,0.0,85.0,0.0,0.0
10408,60.0,0.0,83.0,0.0,0.0
10409,58.0,0.0,69.0,81.0,0.0
10410,58.0,0.0,69.0,82.0,0.0
10411,54.0,0.0,75.0,0.0,0.0
10412,56.0,0.0,84.0,0.0,0.0
10413,63.0,0.0,89.0,0.0,0.0
10414,66.0,0.0,89.0,0.0,0.0
10415,65.0,0.0,84.0,0.0,0.0
10416,60.0,0.0,89.0,0.0,0.0
10417,63.0,0.0,85.0,0.0,0.0
10418,49.0,0.0,73.0,0.0,0.0
10419,47.0,0.0,79.0,0.0,0.0
10420,60.0,0.0,82.0,5.0,0.0
10421,58.0,0.0,83.0,3.0,0.0
10422,58.0,0.0,87.0,0.0,0.0
10423,53.0,0.0,86.0,0.0,0.0
10424,50.0,0.0,84.0,0.0,0.0
10425,52.0,0.0,88.0,0.0,0.0
10426,62.0,0.0,91.0,0.0,0.0
10427,71.0,0.0,94.0,0.0,0.0
10428,69.0,0.0,94.0,0.0,0.0
10429,66.0,0.0,92.0,18.0,0.0
10430,68.0,0.0,90.0,0.0,0.0
10431,59.0,0.0,76.0,0.0,0.0
10432,57.0,0.0,86.0,0.0,0.0
10433,65.0,0.0,92.0,0.0,0.0
10434,63.0,0.0,91.0,0.0,0.0
10435,49.0,0.0,83.0,0.0,0.0
10436,56.0,0.0,83.0,0.0,0.0
10437,55.0,0.0,80.0,0.0,0.0
10438,57.0,0.0,79.0,0.0,0.0
10439,55.0,0.0,83.0,0.0,0.0
10440,56.0,0.0,82.0,0.0,0.0
10441,63.0,0.0,83.0,0.0,0.0
10442,45.0,0.0,83.0,0.0,0.0
10443,45.0,0.0,79.0,0.0,0.0
10444,55.0,0.0,82.0,0.0,0.0
10445,55.0,0.0,75.0,10.0,0.0
10446,57.0,0.0,81.0,93.0,0.0
10447,62.0,0.0,83.0,0.0,0.0
10448,55.0,0.0,82.0,0.0,0.0
10449,57.0,0.0,78.0,0.0,0.0
10450,60.0,0.0,82.0,0.0,0.0
10451,57.0,0.0,86.0,0.0,0.0
10452,56.0,0.0,87.0,0.0,0.0
10453,61.0,0.0,89.0,0.0,0.0
10454,69.0,0.0,84.0,15.0,0.0
10455,56.0,0.0,87.0,0.0,0.0
10456,59.0,0.0,87.0,0.0,0.0
10457,70.0,0.0,88.0,5.0,0.0
10458,43.0,0.0,78.0,0.0,0.0
10459,44.0,0.0,80.0,0.0,0.0
10460,50.0,0.0,85.0,0.0,0.0
10461,52.0,0.0,88.0,0.0,0.0
10462,59.0,0.0,87.0,0.0,0.0
10463,64.0,0.0,87.0,0.0,0.0
10464,56.0,0.0,84.0,0.0,0.0
10465,56.0,0.0,80.0,0.0,0.0
10466,56.0,0.0,85.0,32.0,0.0
10467,57.0,0.0,84.0,0.0,0.0
10468,52.0,0.0,78.0,0.0,0.0
10469,48.0,0.0,79.0,0.0,0.0
10470,45.0,0.0,80.0,0.0,0.0
10471,45.0,0.0,83.0,0.0,0.0
10473,47.0,0.0,88.0,0.0,0.0
10474,49.0,0.0,88.0,0.0,0.0
10475,57.0,0.0,89.0,0.0,0.0
10476,57.0,0.0,91.0,0.0,0.0
10477,59.0,0.0,95.0,0.0,0.0
10478,60.0,0.0,95.0,0.0,0.0
10479,57.0,0.0,92.0,0.0,0.0
10480,61.0,0.0,91.0,0.0,0.0
10481,62.0,0.0,88.0,16.0,0.0
10482,54.0,0.0,67.0,53.0,0.0
10483,60.0,0.0,77.0,61.0,0.0
10484,51.0,0.0,78.0,22.0,0.0
10485,58.0,0.0,80.0,0.0,0.0
10487,62.0,0.0,87.0,30.0,0.0
10488,64.0,0.0,88.0,35.0,0.0
10489,64.0,0.0,90.0,0.0,0.0
10490,58.0,0.0,88.0,0.0,0.0
10491,43.0,0.0,66.0,8.0,0.0
10492,45.0,0.0,70.0,0.0,0.0
10493,40.0,0.0,76.0,0.0,0.0
10494,46.0,0.0,75.0,0.0,0.0
10495,38.0,0.0,72.0,0.0,0.0
10496,46.0,0.0,80.0,0.0,0.0
10497,37.0,0.0,77.0,2.0,0.0
10498,34.0,0.0,71.0,0.0,0.0
10499,42.0,0.0,72.0,0.0,0.0
10500,45.0,0.0,66.0,15.0,0.0
10501,39.0,0.0,68.0,0.0,0.0
10502,44.0,0.0,67.0,0.0,0.0
10503,42.0,0.0,63.0,4.0,0.0
10504,46.0,0.0,66.0,0.0,0.0
10505,45.0,0.0,57.0,15.0,0.0
10506,38.0,0.0,54.0,2.0,0.0
10507,30.0,0.0,52.0,0.0,0.0
10508,26.0,0.0,64.0,0.0,0.0
10509,37.0,0.0,72.0,0.0,0.0
10510,40.0,0.0,64.0,0.0,0.0
10511,52.0,0.0,68.0,7.0,0.0
10512,42.0,0.0,61.0,24.0,0.0
10513,39.0,0.0,54.0,0.0,0.0
10514,34.0,0.0,59.0,0.0,0.0
10515,37.0,0.0,48.0,23.0,0.0
10516,25.0,0.0,55.0,2.0,0.0
10517,34.0,0.0,59.0,0.0,0.0
10518,36.0,0.0,57.0,0.0,0.0
10519,30.0,0.0,65.0,0.0,0.0
10520,40.0,0.0,76.0,0.0,0.0
10521,44.0,0.0,78.0,0.0,0.0
10522,39.0,0.0,77.0,6.0,0.0
10523,23.0,0.0,53.0,11.0,0.0
10524,31.0,0.0,62.0,0.0,0.0
10525,45.0,0.0,59.0,26.0,0.0
10526,30.0,0.0,59.0,0.0,0.0
10527,28.0,0.0,58.0,0.0,0.0
10528,28.0,0.0,54.0,0.0,0.0
10529,26.0,0.0,67.0,0.0,0.0
10530,35.0,0.0,68.0,0.0,0.0
10531,31.0,0.0,61.0,0.0,0.0
10532,29.0,0.0,67.0,0.0,0.0
10533,33.0,0.0,71.0,0.0,0.0
10534,37.0,0.0,73.0,0.0,0.0
10535,41.0,0.0,74.0,0.0,0.0
10536,39.0,0.0,67.0,0.0,0.0
10537,34.0,0.0,50.0,9.0,0.0
10538,22.0,0.0,53.0,0.0,0.0
10539,32.0,0.0,61.0,0.0,0.0
10540,29.0,0.0,58.0,0.0,0.0
10541,28.0,0.0,63.0,0.0,0.0
10542,34.0,0.0,60.0,0.0,0.0
10543,34.0,0.0,61.0,2.0,0.0
10544,37.0,0.0,61.0,100.0,0.0
10546,25.0,0.0,45.0,0.0,0.0
10547,36.0,0.0,62.0,8.0,0.0
10548,33.0,0.0,47.0,73.0,0.0
10549,29.0,0.0,46.0,0.0,0.0
10550,25.0,0.0,42.0,0.0,0.0
10551,24.0,0.0,33.0,1.0,0.0
10552,26.0,0.0,36.0,0.0,0.0
10553,31.0,0.0,48.0,29.0,0.0
10554,29.0,0.0,46.0,0.0,0.0
10555,29.0,0.0,41.0,0.0,0.0
10556,28.0,0.0,37.0,0.0,0.0
10557,25.0,18.0,33.0,11.0,2.0
10558,18.0,0.0,32.0,0.0,1.0
10559,11.0,0.0,38.0,0.0,1.0
10560,22.0,0.0,37.0,0.0,0.0
10592,21.0,0.0,37.0,150.0,0.0
10593,12.0,2.0,25.0,19.0,0.0
10594,-11.0,0.0,12.0,0.0,0.0
10595,0.0,0.0,12.0,0.0,0.0
10596,4.0,0.0,15.0,0.0,0.0
10597,7.0,0.0,14.0,0.0,0.0
10598,9.0,0.0,20.0,0.0,0.0
10599,4.0,20.0,19.0,14.0,2.0
10600,-6.0,0.0,15.0,0.0,1.0
10601,-3.0,0.0,13.0,0.0,1.0
10602,-11.0,0.0,11.0,0.0,1.0
10603,2.0,0.0,21.0,0.0,1.0
10604,10.0,0.0,34.0,0.0,1.0
10607,2.0,0.0,24.0,0.0,1.0
10608,11.0,15.0,35.0,12.0,3.0
10609,1.0,0.0,23.0,0.0,2.0
10610,1.0,0.0,23.0,0.0,2.0
10611,19.0,0.0,33.0,2.0,2.0
10612,24.0,0.0,29.0,1.0,1.0
10613,19.0,5.0,30.0,0.0,2.0
10614,12.0,0.0,32.0,0.0,1.0
10615,21.0,5.0,38.0,0.0,2.0
10616,19.0,0.0,34.0,5.0,1.0
10617,19.0,0.0,31.0,0.0,1.0
10618,22.0,0.0,31.0,0.0,1.0
10619,24.0,0.0,34.0,0.0,1.0
10620,21.0,0.0,33.0,0.0,1.0
10621,15.0,0.0,29.0,0.0,1.0
10622,15.0,5.0,26.0,2.0,1.0
10623,15.0,0.0,24.0,0.0,1.0
10624,1.0,0.0,22.0,0.0,1.0
10625,5.0,0.0,26.0,0.0,1.0
10627,-9.0,0.0,20.0,0.0,1.0
10628,-9.0,0.0,21.0,0.0,1.0
10629,6.0,0.0,26.0,0.0,1.0
10630,-4.0,0.0,23.0,0.0,1.0
10631,-11.0,0.0,16.0,0.0,1.0
10632,-5.0,0.0,13.0,0.0,1.0
10633,-5.0,0.0,12.0,0.0,1.0
10634,8.0,0.0,16.0,0.0,1.0
10635,-7.0,30.0,18.0,7.0,4.0
10636,-3.0,0.0,18.0,0.0,4.0
10637,10.0,0.0,18.0,0.0,4.0
10638,3.0,0.0,16.0,0.0,4.0
10639,-13.0,0.0,10.0,0.0,3.0
10640,-9.0,0.0,14.0,0.0,3.0
10641,-5.0,5.0,17.0,1.0,4.0
10642,-3.0,0.0,33.0,0.0,4.0
10643,18.0,0.0,38.0,20.0,2.0
10644,25.0,0.0,36.0,0.0,1.0
10645,32.0,0.0,42.0,8.0,1.0
10646,26.0,0.0,40.0,0.0,1.0
10647,21.0,0.0,32.0,0.0,0.0
10648,16.0,10.0,35.0,10.0,1.0
10649,16.0,0.0,41.0,0.0,0.0
10650,22.0,0.0,40.0,0.0,0.0
10651,32.0,0.0,40.0,2.0,0.0
10652,32.0,0.0,37.0,6.0,0.0
10653,31.0,0.0,50.0,0.0,0.0
10654,44.0,0.0,61.0,25.0,0.0
10655,31.0,0.0,48.0,0.0,0.0
10656,29.0,0.0,42.0,1.0,0.0
10657,30.0,0.0,45.0,0.0,0.0
10658,32.0,0.0,45.0,0.0,0.0
10659,30.0,0.0,43.0,0.0,0.0
10660,20.0,0.0,36.0,21.0,0.0
10661,10.0,0.0,21.0,0.0,0.0
10662,16.0,0.0,38.0,0.0,0.0
10663,29.0,0.0,53.0,0.0,0.0
10664,28.0,0.0,51.0,20.0,0.0
10665,13.0,0.0,29.0,0.0,0.0
10666,20.0,0.0,42.0,0.0,0.0
10667,27.0,0.0,57.0,0.0,0.0
10668,38.0,0.0,67.0,1.0,0.0
10669,38.0,0.0,65.0,0.0,0.0
10670,35.0,0.0,58.0,0.0,0.0
10671,36.0,0.0,62.0,0.0,0.0
10672,33.0,0.0,67.0,0.0,0.0
10673,44.0,0.0,67.0,2.0,0.0
10674,40.0,0.0,58.0,0.0,0.0
10675,26.0,0.0,41.0,0.0,0.0
10676,22.0,0.0,31.0,5.0,0.0
10677,18.0,0.0,36.0,0.0,0.0
10678,25.0,0.0,45.0,0.0,0.0
10679,44.0,0.0,64.0,59.0,0.0
10680,52.0,0.0,63.0,71.0,0.0
10681,40.0,0.0,62.0,42.0,0.0
10682,34.0,0.0,45.0,0.0,0.0
10683,38.0,0.0,57.0,11.0,0.0
10684,31.0,0.0,49.0,2.0,0.0
10685,30.0,0.0,49.0,0.0,0.0
10686,27.0,0.0,52.0,33.0,0.0
10687,26.0,0.0,51.0,7.0,0.0
10688,20.0,0.0,38.0,0.0,0.0
10690,28.0,0.0,40.0,48.0,0.0
10691,28.0,0.0,47.0,0.0,0.0
10692,31.0,0.0,47.0,0.0,0.0
10693,39.0,0.0,72.0,20.0,0.0
10694,47.0,0.0,73.0,0.0,0.0
10695,48.0,0.0,62.0,45.0,0.0
10696,38.0,0.0,53.0,0.0,0.0
10697,40.0,0.0,52.0,0.0,0.0
10698,34.0,0.0,59.0,0.0,0.0
10699,35.0,0.0,60.0,0.0,0.0
10700,34.0,0.0,62.0,0.0,0.0
10701,38.0,0.0,69.0,0.0,0.0
10702,44.0,0.0,68.0,0.0,0.0
10703,44.0,0.0,70.0,0.0,0.0
10704,46.0,0.0,73.0,0.0,0.0
10705,51.0,0.0,71.0,5.0,0.0
10706,57.0,0.0,69.0,6.0,0.0
10707,49.0,0.0,68.0,17.0,0.0
10708,39.0,0.0,56.0,29.0,0.0
10709,41.0,0.0,54.0,0.0,0.0
10710,32.0,0.0,55.0,18.0,0.0
10711,45.0,0.0,53.0,14.0,0.0
10712,29.0,0.0,56.0,0.0,0.0
10713,38.0,0.0,74.0,0.0,0.0
10714,56.0,0.0,74.0,36.0,0.0
10715,40.0,0.0,59.0,0.0,0.0
10716,31.0,0.0,57.0,0.0,0.0
10717,44.0,0.0,72.0,0.0,0.0
10718,49.0,0.0,80.0,0.0,0.0
10719,64.0,0.0,85.0,0.0,0.0
10720,62.0,0.0,85.0,0.0,0.0
10721,60.0,0.0,84.0,0.0,0.0
10724,40.0,0.0,64.0,40.0,0.0
10725,47.0,0.0,72.0,0.0,0.0
10726,55.0,0.0,68.0,46.0,0.0
10727,40.0,0.0,66.0,0.0,0.0
10729,40.0,0.0,80.0,0.0,0.0
10730,50.0,0.0,83.0,0.0,0.0
10731,50.0,0.0,78.0,0.0,0.0
10732,51.0,0.0,75.0,0.0,0.0
10733,42.0,0.0,69.0,0.0,0.0
10734,45.0,0.0,77.0,0.0,0.0
10735,45.0,0.0,76.0,26.0,0.0
10736,42.0,0.0,49.0,125.0,0.0
10737,43.0,0.0,59.0,36.0,0.0
10738,40.0,0.0,65.0,0.0,0.0
10739,56.0,0.0,65.0,12.0,0.0
10740,42.0,0.0,73.0,0.0,0.0
10741,50.0,0.0,74.0,1.0,0.0
10742,51.0,0.0,71.0,6.0,0.0
10743,55.0,0.0,78.0,0.0,0.0
10744,49.0,0.0,76.0,0.0,0.0
10745,54.0,0.0,83.0,0.0,0.0
10746,61.0,0.0,87.0,0.0,0.0
10747,63.0,0.0,86.0,0.0,0.0
10748,57.0,0.0,82.0,0.0,0.0
10749,63.0,0.0,82.0,0.0,0.0
10750,66.0,0.0,84.0,21.0,0.0
10751,69.0,0.0,88.0,0.0,0.0
10752,62.0,0.0,88.0,0.0,0.0
10753,49.0,0.0,74.0,15.0,0.0
10754,47.0,0.0,74.0,0.0,0.0
10755,51.0,0.0,76.0,0.0,0.0
10756,56.0,0.0,86.0,0.0,0.0
10757,64.0,0.0,89.0,0.0,0.0
10758,58.0,0.0,88.0,0.0,0.0
10759,71.0,0.0,89.0,0.0,0.0
10760,55.0,0.0,86.0,0.0,0.0
10761,54.0,0.0,82.0,0.0,0.0
10762,61.0,0.0,85.0,0.0,0.0
10763,63.0,0.0,85.0,66.0,0.0
10764,60.0,0.0,84.0,0.0,0.0
10765,53.0,0.0,81.0,0.0,0.0
10766,48.0,0.0,72.0,0.0,0.0
10767,44.0,0.0,73.0,0.0,0.0
10768,47.0,0.0,80.0,0.0,0.0
10769,42.0,0.0,85.0,0.0,0.0
10770,62.0,0.0,83.0,0.0,0.0
10771,60.0,0.0,82.0,1.0,0.0
10772,59.0,0.0,65.0,399.0,0.0
10773,57.0,0.0,64.0,16.0,0.0
10774,56.0,0.0,73.0,0.0,0.0
10775,55.0,0.0,79.0,0.0,0.0
10778,49.0,0.0,76.0,0.0,0.0
10779,52.0,0.0,79.0,0.0,0.0
10780,55.0,0.0,83.0,0.0,0.0
10781,63.0,0.0,82.0,38.0,0.0
10782,59.0,0.0,83.0,0.0,0.0
10783,64.0,0.0,84.0,0.0,0.0
10784,63.0,0.0,85.0,0.0,0.0
10785,69.0,0.0,83.0,2.0,0.0
10786,64.0,0.0,87.0,0.0,0.0
10787,64.0,0.0,89.0,0.0,0.0
10788,61.0,0.0,88.0,0.0,0.0
10789,57.0,0.0,84.0,0.0,0.0
10790,51.0,0.0,78.0,0.0,0.0
10791,52.0,0.0,81.0,0.0,0.0
10792,53.0,0.0,83.0,0.0,0.0
10793,57.0,0.0,85.0,0.0,0.0
10794,58.0,0.0,87.0,0.0,0.0
10795,60.0,0.0,89.0,32.0,0.0
10796,68.0,0.0,87.0,0.0,0.0
10797,70.0,0.0,82.0,10.0,0.0
10798,65.0,0.0,79.0,11.0,0.0
10799,57.0,0.0,86.0,0.0,0.0
10802,58.0,0.0,83.0,0.0,0.0
10803,69.0,0.0,83.0,250.0,0.0
10804,65.0,0.0,83.0,21.0,0.0
10805,63.0,0.0,79.0,82.0,0.0
10806,57.0,0.0,80.0,0.0,0.0
10807,61.0,0.0,85.0,6.0,0.0
10808,64.0,0.0,85.0,0.0,0.0
10809,65.0,0.0,81.0,32.0,0.0
10810,61.0,0.0,89.0,0.0,0.0
10811,70.0,0.0,88.0,0.0,0.0
10812,62.0,0.0,83.0,15.0,0.0
10813,57.0,0.0,81.0,20.0,0.0
10814,47.0,0.0,73.0,47.0,0.0
10815,57.0,0.0,78.0,0.0,0.0
10816,53.0,0.0,73.0,0.0,0.0
10817,58.0,0.0,71.0,5.0,0.0
10818,43.0,0.0,69.0,0.0,0.0
10819,43.0,0.0,71.0,0.0,0.0
10820,54.0,0.0,71.0,0.0,0.0
10821,57.0,0.0,75.0,172.0,0.0
10822,63.0,0.0,80.0,0.0,0.0
10823,62.0,0.0,77.0,0.0,0.0
10824,59.0,0.0,78.0,25.0,0.0
10825,59.0,0.0,76.0,0.0,0.0
10826,63.0,0.0,80.0,3.0,0.0
10827,65.0,0.0,77.0,24.0,0.0
10828,51.0,0.0,76.0,0.0,0.0
10829,59.0,0.0,77.0,0.0,0.0
10830,57.0,0.0,72.0,0.0,0.0
10831,59.0,0.0,77.0,0.0,0.0
10832,62.0,0.0,78.0,12.0,0.0
10833,62.0,0.0,85.0,241.0,0.0
10834,60.0,0.0,86.0,0.0,0.0
10835,60.0,0.0,85.0,0.0,0.0
10836,65.0,0.0,83.0,0.0,0.0
10837,63.0,0.0,82.0,0.0,0.0
10838,59.0,0.0,81.0,0.0,0.0
10839,58.0,0.0,82.0,0.0,0.0
10840,60.0,0.0,83.0,0.0,0.0
10841,52.0,0.0,79.0,0.0,0.0
10842,41.0,0.0,68.0,0.0,0.0
10843,41.0,0.0,70.0,0.0,0.0
10844,65.0,0.0,80.0,0.0,0.0
10845,57.0,0.0,70.0,0.0,0.0
10846,51.0,0.0,82.0,0.0,0.0
10847,62.0,0.0,81.0,0.0,0.0
10848,54.0,0.0,71.0,76.0,0.0
10849,43.0,0.0,68.0,0.0,0.0
10851,41.0,0.0,76.0,0.0,0.0
10852,51.0,0.0,79.0,0.0,0.0
10853,40.0,0.0,78.0,0.0,0.0
10854,39.0,0.0,72.0,0.0,0.0
10855,53.0,0.0,70.0,0.0,0.0
10856,48.0,0.0,65.0,0.0,0.0
10857,40.0,0.0,66.0,0.0,0.0
10858,40.0,0.0,73.0,0.0,0.0
10859,50.0,0.0,79.0,0.0,0.0
10860,44.0,0.0,80.0,0.0,0.0
10861,44.0,0.0,79.0,0.0,0.0
10862,51.0,0.0,76.0,0.0,0.0
10863,49.0,0.0,80.0,0.0,0.0
10864,52.0,0.0,82.0,0.0,0.0
10865,53.0,0.0,80.0,0.0,0.0
10866,52.0,0.0,74.0,0.0,0.0
10867,55.0,0.0,69.0,6.0,0.0
10868,49.0,0.0,64.0,22.0,0.0
10869,37.0,0.0,61.0,0.0,0.0
10870,40.0,0.0,56.0,0.0,0.0
10871,39.0,0.0,54.0,48.0,0.0
10872,34.0,0.0,64.0,0.0,0.0
10873,44.0,0.0,65.0,1.0,0.0
10874,31.0,0.0,50.0,0.0,0.0
10875,29.0,0.0,49.0,0.0,0.0
10876,41.0,0.0,56.0,22.0,0.0
10877,32.0,0.0,53.0,2.0,0.0
10878,29.0,0.0,54.0,0.0,0.0
10879,29.0,0.0,58.0,0.0,0.0
10880,44.0,0.0,58.0,4.0,0.0
10881,48.0,0.0,66.0,0.0,0.0
10882,50.0,0.0,65.0,0.0,0.0
10883,47.0,0.0,74.0,8.0,0.0
10884,60.0,0.0,78.0,58.0,0.0
10885,63.0,0.0,79.0,0.0,0.0
10886,62.0,0.0,81.0,0.0,0.0
10887,41.0,0.0,69.0,8.0,0.0
10888,42.0,0.0,48.0,1.0,0.0
10889,31.0,0.0,46.0,0.0,0.0
10890,31.0,0.0,45.0,0.0,0.0
10891,26.0,0.0,57.0,0.0,0.0
10892,41.0,0.0,61.0,0.0,0.0
10893,33.0,0.0,60.0,0.0,0.0
10894,33.0,0.0,57.0,0.0,0.0
10895,47.0,0.0,72.0,0.0,0.0
10896,46.0,0.0,70.0,30.0,0.0
10897,31.0,0.0,48.0,21.0,0.0
10898,26.0,0.0,51.0,0.0,0.0
10899,34.0,0.0,49.0,0.0,0.0
10900,28.0,0.0,55.0,0.0,0.0
10901,41.0,0.0,50.0,5.0,0.0
10902,33.0,0.0,45.0,10.0,0.0
10903,29.0,0.0,41.0,1.0,0.0
10904,32.0,0.0,43.0,1.0,0.0
10905,32.0,0.0,43.0,54.0,0.0
10906,29.0,0.0,39.0,3.0,0.0
10907,21.0,0.0,42.0,0.0,0.0
10908,27.0,0.0,42.0,0.0,0.0
10909,21.0,0.0,41.0,0.0,0.0
10910,31.0,0.0,46.0,0.0,0.0
10911,26.0,0.0,44.0,0.0,0.0
10912,31.0,0.0,62.0,0.0,0.0
10913,36.0,0.0,64.0,0.0,0.0
10914,35.0,0.0,65.0,0.0,0.0
10915,36.0,0.0,61.0,14.0,0.0
10916,43.0,0.0,61.0,1.0,0.0
10917,51.0,0.0,60.0,15.0,0.0
10918,39.0,0.0,59.0,64.0,0.0
10919,30.0,0.0,45.0,88.0,0.0
10920,29.0,0.0,44.0,0.0,0.0
10921,42.0,0.0,56.0,76.0,0.0
10922,34.0,0.0,44.0,1.0,0.0
10923,28.0,3.0,42.0,56.0,0.0
10924,21.0,0.0,31.0,0.0,0.0
10925,20.0,2.0,29.0,0.0,0.0
10926,22.0,5.0,31.0,3.0,1.0
10927,9.0,0.0,27.0,0.0,0.0
10928,18.0,0.0,33.0,0.0,0.0
10929,23.0,0.0,37.0,0.0,0.0
10930,29.0,0.0,50.0,0.0,0.0
10931,31.0,0.0,45.0,0.0,0.0
10933,24.0,0.0,40.0,3.0,0.0
10934,13.0,0.0,42.0,0.0,0.0
10935,23.0,0.0,45.0,0.0,0.0
10936,38.0,0.0,58.0,0.0,0.0
10937,31.0,0.0,54.0,22.0,0.0
10938,24.0,0.0,32.0,0.0,0.0
10939,19.0,0.0,35.0,0.0,0.0
10940,18.0,0.0,39.0,0.0,0.0
10941,19.0,0.0,36.0,0.0,0.0
10942,7.0,5.0,22.0,2.0,1.0
10943,9.0,0.0,28.0,0.0,0.0
10944,21.0,0.0,41.0,0.0,0.0
10945,22.0,0.0,38.0,0.0,0.0
10946,20.0,0.0,44.0,0.0,0.0
10947,36.0,0.0,43.0,61.0,0.0
10948,41.0,0.0,52.0,40.0,0.0
10949,47.0,0.0,57.0,115.0,0.0
10950,35.0,0.0,53.0,40.0,0.0
10951,27.0,0.0,35.0,4.0,0.0
10952,30.0,0.0,38.0,0.0,0.0
10953,25.0,0.0,36.0,0.0,0.0
10954,27.0,0.0,33.0,0.0,0.0
10955,23.0,0.0,30.0,0.0,0.0
10956,24.0,0.0,30.0,0.0,0.0
10957,22.0,0.0,32.0,0.0,0.0
10958,25.0,0.0,32.0,0.0,0.0
10959,24.0,0.0,32.0,0.0,0.0
10960,21.0,0.0,27.0,0.0,0.0
10961,19.0,3.0,27.0,3.0,0.0
10962,10.0,1.0,27.0,0.0,0.0
10963,14.0,0.0,28.0,0.0,0.0
10964,8.0,0.0,24.0,0.0,0.0
10965,11.0,0.0,25.0,0.0,0.0
10966,12.0,0.0,35.0,0.0,0.0
10967,32.0,0.0,53.0,24.0,0.0
10968,12.0,0.0,34.0,13.0,0.0
10969,18.0,0.0,42.0,0.0,0.0
10970,25.0,0.0,45.0,2.0,0.0
10971,27.0,0.0,38.0,0.0,0.0
10972,31.0,0.0,45.0,0.0,0.0
10973,35.0,0.0,44.0,13.0,0.0
10974,31.0,0.0,39.0,0.0,0.0
10975,28.0,0.0,38.0,0.0,0.0
10976,20.0,0.0,36.0,0.0,0.0
10977,19.0,0.0,36.0,0.0,0.0
10978,28.0,0.0,37.0,0.0,0.0
10980,5.0,15.0,18.0,8.0,2.0
10982,0.0,0.0,25.0,0.0,4.0
10983,3.0,0.0,29.0,0.0,4.0
10984,2.0,0.0,23.0,0.0,4.0
10985,4.0,0.0,14.0,0.0,4.0
10986,1.0,0.0,22.0,0.0,4.0
10987,0.0,0.0,19.0,0.0,4.0
10988,-4.0,0.0,20.0,0.0,3.0
10989,1.0,0.0,25.0,0.0,3.0
10990,4.0,0.0,26.0,0.0,3.0
10994,2.0,0.0,31.0,0.0,2.0
10995,4.0,0.0,29.0,0.0,2.0
10996,13.0,2.0,29.0,2.0,2.0
10998,13.0,0.0,24.0,0.0,1.0
10999,8.0,0.0,24.0,0.0,1.0
11000,4.0,0.0,30.0,0.0,1.0
11001,24.0,0.0,33.0,0.0,1.0
11002,24.0,10.0,33.0,5.0,2.0
11003,4.0,25.0,26.0,12.0,5.0
11005,-2.0,0.0,29.0,0.0,5.0
11006,20.0,0.0,43.0,0.0,4.0
11007,33.0,0.0,39.0,0.0,1.0
11008,31.0,0.0,39.0,0.0,1.0
11009,33.0,0.0,43.0,54.0,0.0
11010,32.0,0.0,38.0,1.0,0.0
11011,27.0,0.0,36.0,0.0,0.0
11012,21.0,0.0,32.0,0.0,0.0
11017,2.0,0.0,20.0,0.0,2.0
11018,-3.0,0.0,24.0,0.0,1.0
11019,5.0,0.0,29.0,0.0,1.0
11020,17.0,0.0,41.0,0.0,0.0
11021,26.0,0.0,38.0,6.0,0.0
11022,14.0,0.0,31.0,5.0,0.0
11023,24.0,0.0,37.0,0.0,0.0
11024,28.0,5.0,35.0,80.0,1.0
11025,24.0,0.0,38.0,0.0,0.0
11026,31.0,0.0,48.0,0.0,0.0
11027,25.0,0.0,43.0,0.0,0.0
11028,12.0,0.0,28.0,0.0,0.0
11029,22.0,0.0,35.0,3.0,0.0
11030,19.0,0.0,39.0,0.0,0.0
11031,24.0,0.0,45.0,0.0,0.0
11032,38.0,0.0,59.0,0.0,0.0
11033,30.0,0.0,52.0,78.0,0.0
11034,26.0,0.0,50.0,0.0,0.0
11035,35.0,0.0,52.0,0.0,0.0
11036,37.0,0.0,55.0,0.0,0.0
11037,33.0,0.0,51.0,54.0,0.0
11038,25.0,0.0,43.0,0.0,0.0
11039,27.0,0.0,43.0,0.0,0.0
11040,35.0,0.0,42.0,5.0,0.0
11041,29.0,0.0,39.0,39.0,0.0
11042,25.0,0.0,41.0,0.0,0.0
11043,25.0,0.0,53.0,0.0,0.0
11044,32.0,0.0,52.0,0.0,0.0
11045,37.0,0.0,45.0,43.0,0.0
11046,31.0,0.0,47.0,1.0,0.0
11047,36.0,0.0,44.0,33.0,0.0
11048,36.0,0.0,46.0,2.0,0.0
11049,38.0,0.0,49.0,4.0,0.0
11050,32.0,0.0,49.0,0.0,0.0
11051,38.0,0.0,48.0,34.0,0.0
11052,31.0,0.0,58.0,1.0,0.0
11053,34.0,0.0,60.0,0.0,0.0
11054,41.0,0.0,56.0,0.0,0.0
11055,43.0,0.0,66.0,3.0,0.0
11056,36.0,0.0,53.0,23.0,0.0
11057,36.0,0.0,43.0,20.0,0.0
11058,35.0,0.0,57.0,0.0,0.0
11059,42.0,0.0,56.0,19.0,0.0
11060,39.0,0.0,49.0,0.0,0.0
11061,38.0,0.0,48.0,57.0,0.0
11062,39.0,0.0,44.0,23.0,0.0
11063,27.0,0.0,47.0,10.0,0.0
11064,27.0,0.0,54.0,0.0,0.0
11065,36.0,0.0,70.0,0.0,0.0
11066,52.0,0.0,71.0,0.0,0.0
11067,47.0,0.0,74.0,0.0,0.0
11068,36.0,0.0,69.0,0.0,0.0
11069,50.0,0.0,85.0,0.0,0.0
11070,48.0,0.0,82.0,0.0,0.0
11071,35.0,0.0,62.0,0.0,0.0
11072,33.0,0.0,56.0,1.0,0.0
11073,30.0,0.0,61.0,0.0,0.0
11074,41.0,0.0,59.0,0.0,0.0
11075,41.0,0.0,53.0,121.0,0.0
11076,41.0,0.0,62.0,0.0,0.0
11077,44.0,0.0,60.0,0.0,0.0
11078,39.0,0.0,65.0,0.0,0.0
11079,45.0,0.0,68.0,0.0,0.0
11080,46.0,0.0,80.0,0.0,0.0
11081,48.0,0.0,82.0,0.0,0.0
11082,57.0,0.0,85.0,0.0,0.0
11083,50.0,0.0,84.0,0.0,0.0
11084,49.0,0.0,73.0,0.0,0.0
11085,31.0,0.0,53.0,0.0,0.0
11086,29.0,0.0,62.0,0.0,0.0
11087,37.0,0.0,68.0,0.0,0.0
11088,49.0,0.0,68.0,3.0,0.0
11089,48.0,0.0,69.0,14.0,0.0
11090,51.0,0.0,75.0,22.0,0.0
11091,43.0,0.0,67.0,56.0,0.0
11092,39.0,0.0,64.0,0.0,0.0
11093,40.0,0.0,66.0,0.0,0.0
11094,49.0,0.0,62.0,84.0,0.0
11095,54.0,0.0,70.0,63.0,0.0
11096,53.0,0.0,69.0,0.0,0.0
11097,49.0,0.0,70.0,0.0,0.0
11098,49.0,0.0,75.0,0.0,0.0
11099,50.0,0.0,82.0,0.0,0.0
11100,54.0,0.0,82.0,0.0,0.0
11101,59.0,0.0,78.0,19.0,0.0
11102,59.0,0.0,81.0,0.0,0.0
11103,47.0,0.0,78.0,0.0,0.0
11104,45.0,0.0,78.0,0.0,0.0
11105,52.0,0.0,85.0,0.0,0.0
11106,59.0,0.0,87.0,0.0,0.0
11107,66.0,0.0,87.0,0.0,0.0
11108,61.0,0.0,76.0,50.0,0.0
11109,54.0,0.0,78.0,0.0,0.0
11110,62.0,0.0,77.0,88.0,0.0
11111,64.0,0.0,75.0,8.0,0.0
11112,52.0,0.0,75.0,0.0,0.0
11113,48.0,0.0,75.0,0.0,0.0
11114,61.0,0.0,85.0,6.0,0.0
11115,64.0,0.0,84.0,0.0,0.0
11116,57.0,0.0,78.0,146.0,0.0
11117,59.0,0.0,67.0,0.0,0.0
11118,40.0,0.0,66.0,0.0,0.0
11119,39.0,0.0,69.0,0.0,0.0
11120,49.0,0.0,76.0,0.0,0.0
11121,52.0,0.0,81.0,0.0,0.0
11122,59.0,0.0,78.0,0.0,0.0
11123,51.0,0.0,72.0,8.0,0.0
11124,43.0,0.0,74.0,61.0,0.0
11125,44.0,0.0,72.0,0.0,0.0
11126,48.0,0.0,78.0,0.0,0.0
11127,54.0,0.0,79.0,0.0,0.0
11128,47.0,0.0,75.0,25.0,0.0
11129,51.0,0.0,78.0,0.0,0.0
11130,55.0,0.0,83.0,0.0,0.0
11131,58.0,0.0,86.0,0.0,0.0
11132,66.0,0.0,86.0,0.0,0.0
11133,62.0,0.0,87.0,0.0,0.0
11134,65.0,0.0,90.0,0.0,0.0
11135,70.0,0.0,89.0,14.0,0.0
11136,64.0,0.0,89.0,0.0,0.0
11137,69.0,0.0,88.0,0.0,0.0
11138,56.0,0.0,82.0,0.0,0.0
11139,54.0,0.0,80.0,0.0,0.0
11140,69.0,0.0,84.0,6.0,0.0
11141,60.0,0.0,86.0,0.0,0.0
11142,65.0,0.0,86.0,0.0,0.0
11143,66.0,0.0,84.0,66.0,0.0
11144,57.0,0.0,83.0,82.0,0.0
11145,54.0,0.0,80.0,0.0,0.0
11146,77.0,0.0,91.0,4.0,0.0
11147,62.0,0.0,88.0,0.0,0.0
11148,68.0,0.0,87.0,80.0,0.0
11149,64.0,0.0,88.0,0.0,0.0
11150,67.0,0.0,85.0,2.0,0.0
11151,59.0,0.0,83.0,33.0,0.0
11152,62.0,0.0,89.0,0.0,0.0
11153,73.0,0.0,96.0,2.0,0.0
11154,68.0,0.0,96.0,0.0,0.0
11155,67.0,0.0,90.0,11.0,0.0
11156,62.0,0.0,84.0,0.0,0.0
11157,71.0,0.0,89.0,0.0,0.0
11158,72.0,0.0,96.0,5.0,0.0
11159,68.0,0.0,96.0,0.0,0.0
11160,66.0,0.0,84.0,142.0,0.0
11161,61.0,0.0,79.0,0.0,0.0
11162,57.0,0.0,81.0,0.0,0.0
11163,59.0,0.0,83.0,0.0,0.0
11164,62.0,0.0,86.0,0.0,0.0
11165,68.0,0.0,85.0,0.0,0.0
11166,66.0,0.0,76.0,79.0,0.0
11167,60.0,0.0,82.0,43.0,0.0
11168,58.0,0.0,82.0,34.0,0.0
11169,64.0,0.0,91.0,0.0,0.0
11170,67.0,0.0,89.0,0.0,0.0
11171,67.0,0.0,86.0,36.0,0.0
11172,68.0,0.0,83.0,19.0,0.0
11173,61.0,0.0,87.0,0.0,0.0
11174,69.0,0.0,87.0,0.0,0.0
11175,65.0,0.0,86.0,52.0,0.0
11176,66.0,0.0,90.0,0.0,0.0
11177,73.0,0.0,90.0,0.0,0.0
11178,70.0,0.0,90.0,2.0,0.0
11179,65.0,0.0,87.0,0.0,0.0
11180,69.0,0.0,81.0,60.0,0.0
11181,61.0,0.0,77.0,53.0,0.0
11182,56.0,0.0,79.0,0.0,0.0
11183,65.0,0.0,80.0,58.0,0.0
11184,65.0,0.0,78.0,3.0,0.0
11185,55.0,0.0,74.0,1.0,0.0
11186,59.0,0.0,69.0,74.0,0.0
11187,62.0,0.0,81.0,8.0,0.0
11188,59.0,0.0,82.0,0.0,0.0
11189,66.0,0.0,85.0,24.0,0.0
11190,69.0,0.0,86.0,6.0,0.0
11191,61.0,0.0,86.0,16.0,0.0
11192,57.0,0.0,80.0,0.0,0.0
11193,57.0,0.0,84.0,0.0,0.0
11194,56.0,0.0,84.0,0.0,0.0
11195,59.0,0.0,85.0,0.0,0.0
11196,61.0,0.0,86.0,0.0,0.0
11197,60.0,0.0,90.0,0.0,0.0
11198,65.0,0.0,90.0,0.0,0.0
11199,66.0,0.0,86.0,0.0,0.0
11200,66.0,0.0,87.0,65.0,0.0
11201,70.0,0.0,85.0,0.0,0.0
11202,68.0,0.0,84.0,5.0,0.0
11203,52.0,0.0,81.0,0.0,0.0
11204,60.0,0.0,80.0,0.0,0.0
11205,62.0,0.0,80.0,20.0,0.0
11206,58.0,0.0,81.0,0.0,0.0
11207,54.0,0.0,76.0,0.0,0.0
11208,55.0,0.0,84.0,0.0,0.0
11209,60.0,0.0,81.0,0.0,0.0
11210,46.0,0.0,77.0,32.0,0.0
11211,47.0,0.0,74.0,0.0,0.0
11212,56.0,0.0,75.0,0.0,0.0
11213,62.0,0.0,81.0,10.0,0.0
11215,56.0,0.0,75.0,0.0,0.0
11216,54.0,0.0,72.0,0.0,0.0
11217,49.0,0.0,72.0,82.0,0.0
11218,41.0,0.0,70.0,2.0,0.0
11219,48.0,0.0,80.0,0.0,0.0
11220,59.0,0.0,85.0,0.0,0.0
11221,66.0,0.0,86.0,0.0,0.0
11222,67.0,0.0,89.0,0.0,0.0
11223,52.0,0.0,88.0,24.0,0.0
11224,44.0,0.0,69.0,0.0,0.0
11225,49.0,0.0,74.0,0.0,0.0
11226,42.0,0.0,74.0,11.0,0.0
11227,35.0,0.0,68.0,0.0,0.0
11228,43.0,0.0,71.0,0.0,0.0
11229,43.0,0.0,77.0,0.0,0.0
11230,46.0,0.0,79.0,0.0,0.0
11231,48.0,0.0,79.0,0.0,0.0
11232,50.0,0.0,79.0,43.0,0.0
11233,45.0,0.0,65.0,0.0,0.0
11234,32.0,0.0,50.0,13.0,0.0
11235,32.0,0.0,49.0,0.0,0.0
11236,35.0,0.0,59.0,0.0,0.0
11237,37.0,0.0,68.0,0.0,0.0
11238,48.0,0.0,80.0,0.0,0.0
11239,41.0,0.0,79.0,0.0,0.0
11240,34.0,0.0,73.0,0.0,0.0
11241,42.0,0.0,73.0,0.0,0.0
11242,38.0,0.0,48.0,1.0,0.0
11243,28.0,0.0,57.0,0.0,0.0
11244,35.0,0.0,57.0,5.0,0.0
11245,40.0,0.0,71.0,3.0,0.0
11246,50.0,0.0,74.0,1.0,0.0
11247,57.0,0.0,73.0,0.0,0.0
11248,45.0,0.0,63.0,25.0,0.0
11249,37.0,0.0,57.0,0.0,0.0
11250,40.0,0.0,55.0,0.0,0.0
11251,39.0,0.0,60.0,0.0,0.0
11252,27.0,0.0,59.0,0.0,0.0
11253,32.0,0.0,57.0,0.0,0.0
11254,35.0,0.0,62.0,0.0,0.0
11255,38.0,0.0,56.0,72.0,0.0
11256,30.0,0.0,38.0,0.0,0.0
11257,29.0,0.0,42.0,0.0,0.0
11258,32.0,5.0,42.0,38.0,0.0
11259,25.0,0.0,47.0,0.0,0.0
11260,24.0,0.0,48.0,0.0,0.0
11261,34.0,0.0,56.0,0.0,0.0
11262,29.0,0.0,53.0,0.0,0.0
11263,24.0,0.0,49.0,0.0,0.0
11264,42.0,0.0,69.0,0.0,0.0
11265,35.0,0.0,67.0,3.0,0.0
11266,27.0,0.0,50.0,0.0,0.0
11267,25.0,0.0,57.0,0.0,0.0
11268,45.0,0.0,65.0,0.0,0.0
11269,37.0,0.0,63.0,7.0,0.0
11270,40.0,0.0,64.0,0.0,0.0
11271,35.0,0.0,54.0,0.0,0.0
11272,21.0,0.0,40.0,0.0,0.0
11273,18.0,0.0,39.0,0.0,0.0
11274,31.0,0.0,62.0,0.0,0.0
11275,38.0,0.0,59.0,32.0,0.0
11276,34.0,0.0,39.0,10.0,0.0
11277,28.0,0.0,40.0,0.0,0.0
11278,25.0,0.0,35.0,0.0,0.0
11279,26.0,0.0,37.0,0.0,0.0
11280,22.0,0.0,43.0,0.0,0.0
11281,26.0,0.0,44.0,0.0,0.0
11282,34.0,0.0,42.0,0.0,0.0
11283,23.0,0.0,49.0,0.0,0.0
11284,33.0,0.0,43.0,3.0,0.0
11285,32.0,0.0,43.0,0.0,0.0
11286,29.0,0.0,37.0,3.0,0.0
11287,18.0,0.0,39.0,0.0,0.0
11288,27.0,20.0,37.0,15.0,2.0
11289,34.0,0.0,38.0,6.0,0.0
11290,27.0,15.0,35.0,9.0,2.0
11291,32.0,0.0,50.0,0.0,0.0
11292,37.0,0.0,50.0,0.0,0.0
11293,28.0,0.0,53.0,32.0,0.0
11294,14.0,0.0,28.0,0.0,0.0
11295,20.0,0.0,34.0,0.0,0.0
11296,32.0,0.0,38.0,0.0,0.0
11297,34.0,0.0,55.0,0.0,0.0
11298,44.0,0.0,57.0,0.0,0.0
11299,35.0,0.0,59.0,20.0,0.0
11300,31.0,0.0,45.0,60.0,0.0
11301,30.0,3.0,34.0,10.0,0.0
11302,16.0,0.0,30.0,0.0,0.0
11303,23.0,1.0,46.0,1.0,0.0
11304,24.0,0.0,43.0,0.0,0.0
11305,23.0,0.0,33.0,0.0,0.0
11306,22.0,0.0,32.0,0.0,0.0
11307,20.0,0.0,32.0,0.0,0.0
11308,9.0,0.0,28.0,0.0,0.0
11309,27.0,0.0,37.0,0.0,0.0
11310,7.0,2.0,27.0,0.0,0.0
11311,1.0,0.0,18.0,0.0,0.0
11312,3.0,0.0,23.0,0.0,0.0
11313,8.0,0.0,28.0,0.0,0.0
11314,21.0,0.0,34.0,0.0,0.0
11315,13.0,20.0,34.0,14.0,2.0
11316,-7.0,10.0,17.0,6.0,3.0
11317,4.0,0.0,21.0,0.0,3.0
11318,7.0,0.0,26.0,0.0,2.0
11319,1.0,0.0,32.0,0.0,2.0
11320,18.0,5.0,34.0,5.0,3.0
11321,25.0,5.0,33.0,39.0,3.0
11322,23.0,13.0,32.0,5.0,4.0
11323,22.0,20.0,31.0,21.0,6.0
11324,14.0,5.0,30.0,1.0,7.0
11325,0.0,15.0,16.0,5.0,8.0
11326,-23.0,0.0,2.0,0.0,8.0
11327,-8.0,0.0,13.0,0.0,8.0
11328,7.0,40.0,25.0,18.0,12.0
11329,7.0,0.0,26.0,0.0,12.0
11330,-11.0,0.0,15.0,0.0,12.0
11331,-10.0,0.0,16.0,0.0,12.0
11332,-10.0,0.0,17.0,0.0,12.0
11333,-8.0,0.0,13.0,0.0,12.0
11334,-11.0,0.0,13.0,0.0,12.0
11335,12.0,0.0,27.0,0.0,11.0
11336,8.0,0.0,23.0,0.0,11.0
11337,14.0,0.0,27.0,0.0,10.0
11338,10.0,5.0,26.0,2.0,11.0
11339,9.0,0.0,22.0,0.0,11.0
11340,9.0,0.0,33.0,0.0,9.0
11341,10.0,0.0,38.0,0.0,9.0
11342,26.0,0.0,37.0,0.0,8.0
11343,26.0,0.0,32.0,0.0,7.0
11344,26.0,0.0,32.0,0.0,6.0
11345,21.0,0.0,33.0,0.0,6.0
11346,9.0,0.0,33.0,0.0,5.0
11347,12.0,0.0,43.0,0.0,4.0
11348,35.0,0.0,44.0,0.0,3.0
11349,31.0,0.0,35.0,0.0,2.0
11350,23.0,0.0,35.0,0.0,2.0
11351,14.0,0.0,27.0,0.0,2.0
11352,7.0,0.0,25.0,0.0,2.0
11353,1.0,0.0,28.0,0.0,2.0
11354,25.0,5.0,38.0,2.0,3.0
11355,12.0,0.0,35.0,51.0,2.0
11357,5.0,0.0,16.0,0.0,2.0
11358,1.0,0.0,21.0,0.0,2.0
11359,18.0,5.0,29.0,4.0,3.0
11360,17.0,15.0,35.0,0.0,4.0
11362,15.0,0.0,28.0,0.0,4.0
11363,14.0,5.0,36.0,1.0,4.0
11364,8.0,60.0,40.0,118.0,10.0
11365,6.0,0.0,14.0,0.0,10.0
11366,6.0,0.0,28.0,0.0,10.0
11367,13.0,0.0,39.0,0.0,8.0
11368,22.0,0.0,44.0,0.0,5.0
11369,37.0,0.0,45.0,0.0,3.0
11370,36.0,0.0,45.0,4.0,2.0
11371,37.0,0.0,53.0,0.0,0.0
11372,39.0,0.0,52.0,0.0,0.0
11373,35.0,0.0,46.0,34.0,0.0
11374,31.0,0.0,42.0,0.0,0.0
11375,32.0,0.0,49.0,0.0,0.0
11377,32.0,0.0,43.0,16.0,0.0
11378,30.0,0.0,43.0,0.0,0.0
11379,28.0,0.0,39.0,0.0,0.0
11380,26.0,0.0,36.0,0.0,0.0
11381,34.0,0.0,48.0,9.0,0.0
11382,33.0,0.0,39.0,0.0,0.0
11383,31.0,0.0,39.0,0.0,0.0
11384,20.0,0.0,35.0,0.0,0.0
11385,29.0,0.0,35.0,0.0,0.0
11386,30.0,0.0,36.0,2.0,0.0
11387,25.0,0.0,36.0,0.0,0.0
11388,21.0,0.0,33.0,0.0,0.0
11389,27.0,0.0,38.0,0.0,0.0
11390,30.0,0.0,46.0,0.0,0.0
11391,31.0,0.0,46.0,0.0,0.0
11392,29.0,0.0,42.0,0.0,0.0
11394,31.0,0.0,55.0,0.0,0.0
11395,18.0,0.0,44.0,0.0,0.0
11397,21.0,0.0,57.0,0.0,0.0
11398,25.0,12.0,36.0,0.0,1.0
11399,15.0,0.0,35.0,0.0,0.0
11400,19.0,0.0,31.0,0.0,0.0
11401,24.0,0.0,36.0,1.0,0.0
11402,29.0,0.0,46.0,0.0,0.0
11403,21.0,0.0,46.0,0.0,0.0
11404,27.0,0.0,54.0,0.0,0.0
11405,26.0,0.0,55.0,0.0,0.0
11406,24.0,0.0,55.0,0.0,0.0
11407,32.0,0.0,56.0,0.0,0.0
11408,33.0,0.0,54.0,13.0,0.0
11409,26.0,0.0,76.0,0.0,0.0
11410,55.0,0.0,75.0,12.0,0.0
11411,53.0,0.0,67.0,7.0,0.0
11412,40.0,0.0,78.0,0.0,0.0
11413,51.0,0.0,78.0,0.0,0.0
11414,38.0,0.0,70.0,0.0,0.0
11415,54.0,0.0,75.0,0.0,0.0
11416,57.0,0.0,66.0,24.0,0.0
11417,34.0,0.0,60.0,2.0,0.0
11418,26.0,0.0,52.0,0.0,0.0
11419,30.0,0.0,65.0,0.0,0.0
11420,49.0,0.0,72.0,0.0,0.0
11421,46.0,0.0,69.0,27.0,0.0
11422,39.0,0.0,63.0,0.0,0.0
11423,56.0,0.0,69.0,23.0,0.0
11424,42.0,0.0,66.0,15.0,0.0
11425,42.0,0.0,55.0,0.0,0.0
11426,48.0,0.0,64.0,131.0,0.0
11427,32.0,0.0,52.0,0.0,0.0
11428,33.0,0.0,62.0,0.0,0.0
11429,41.0,0.0,73.0,5.0,0.0
11430,46.0,0.0,72.0,35.0,0.0
11431,42.0,0.0,61.0,0.0,0.0
11432,35.0,0.0,49.0,7.0,0.0
11433,27.0,0.0,50.0,0.0,0.0
11434,37.0,0.0,60.0,0.0,0.0
11435,52.0,0.0,63.0,28.0,0.0
11436,38.0,0.0,58.0,3.0,0.0
11437,32.0,0.0,49.0,2.0,0.0
11438,30.0,0.0,57.0,0.0,0.0
11439,41.0,0.0,72.0,0.0,0.0
11440,54.0,0.0,74.0,39.0,0.0
11441,49.0,0.0,72.0,113.0,0.0
11442,39.0,0.0,61.0,2.0,0.0
11443,47.0,0.0,60.0,0.0,0.0
11444,36.0,0.0,57.0,3.0,0.0
11445,38.0,0.0,70.0,0.0,0.0
11446,47.0,0.0,75.0,0.0,0.0
11447,57.0,0.0,77.0,0.0,0.0
11448,43.0,0.0,64.0,16.0,0.0
11449,34.0,0.0,61.0,0.0,0.0
11450,35.0,0.0,70.0,0.0,0.0
11451,52.0,0.0,70.0,3.0,0.0
11452,52.0,0.0,62.0,49.0,0.0
11453,44.0,0.0,52.0,11.0,0.0
11454,40.0,0.0,62.0,3.0,0.0
11455,40.0,0.0,63.0,0.0,0.0
11456,45.0,0.0,59.0,0.0,0.0
11457,44.0,0.0,49.0,89.0,0.0
11458,42.0,0.0,70.0,5.0,0.0
11459,44.0,0.0,69.0,0.0,0.0
11460,39.0,0.0,58.0,0.0,0.0
11461,42.0,0.0,64.0,0.0,0.0
11462,37.0,0.0,70.0,0.0,0.0
11463,45.0,0.0,78.0,0.0,0.0
11464,50.0,0.0,81.0,0.0,0.0
11465,61.0,0.0,80.0,0.0,0.0
11466,56.0,0.0,82.0,0.0,0.0
11467,59.0,0.0,80.0,17.0,0.0
11468,60.0,0.0,78.0,0.0,0.0
11469,60.0,0.0,75.0,18.0,0.0
11470,58.0,0.0,72.0,50.0,0.0
11471,51.0,0.0,78.0,0.0,0.0
11472,63.0,0.0,79.0,31.0,0.0
11473,47.0,0.0,68.0,0.0,0.0
11474,44.0,0.0,73.0,0.0,0.0
11475,53.0,0.0,75.0,0.0,0.0
11476,65.0,0.0,83.0,0.0,0.0
11477,58.0,0.0,82.0,23.0,0.0
11478,57.0,0.0,80.0,0.0,0.0
11479,66.0,0.0,79.0,84.0,0.0
11480,53.0,0.0,82.0,0.0,0.0
11481,62.0,0.0,84.0,0.0,0.0
11482,59.0,0.0,80.0,137.0,0.0
11483,58.0,0.0,75.0,39.0,0.0
11484,53.0,0.0,76.0,0.0,0.0
11485,59.0,0.0,80.0,0.0,0.0
11486,67.0,0.0,79.0,31.0,0.0
11487,69.0,0.0,84.0,198.0,0.0
11488,66.0,0.0,89.0,0.0,0.0
11489,67.0,0.0,87.0,0.0,0.0
11490,53.0,0.0,76.0,0.0,0.0
11491,61.0,0.0,80.0,0.0,0.0
11492,62.0,0.0,77.0,0.0,0.0
11493,57.0,0.0,75.0,63.0,0.0
11494,62.0,0.0,78.0,6.0,0.0
11495,65.0,0.0,79.0,123.0,0.0
11496,56.0,0.0,75.0,0.0,0.0
11497,59.0,0.0,83.0,0.0,0.0
11498,68.0,0.0,83.0,88.0,0.0
11499,52.0,0.0,76.0,0.0,0.0
11500,50.0,0.0,74.0,0.0,0.0
11501,51.0,0.0,81.0,0.0,0.0
11502,69.0,0.0,90.0,0.0,0.0
11503,70.0,0.0,90.0,0.0,0.0
11504,63.0,0.0,78.0,3.0,0.0
11505,62.0,0.0,82.0,0.0,0.0
11506,61.0,0.0,83.0,5.0,0.0
11507,62.0,0.0,84.0,16.0,0.0
11508,63.0,0.0,86.0,5.0,0.0
11509,64.0,0.0,87.0,0.0,0.0
11510,63.0,0.0,93.0,0.0,0.0
11511,72.0,0.0,94.0,0.0,0.0
11512,73.0,0.0,93.0,0.0,0.0
11513,61.0,0.0,90.0,0.0,0.0
11514,60.0,0.0,90.0,0.0,0.0
11515,65.0,0.0,90.0,0.0,0.0
11516,67.0,0.0,90.0,0.0,0.0
11517,62.0,0.0,87.0,0.0,0.0
11518,58.0,0.0,82.0,0.0,0.0
11519,67.0,0.0,81.0,0.0,0.0
11520,60.0,0.0,87.0,0.0,0.0
11521,61.0,0.0,91.0,0.0,0.0
11522,69.0,0.0,90.0,0.0,0.0
11523,70.0,0.0,81.0,27.0,0.0
11524,67.0,0.0,82.0,28.0,0.0
11525,55.0,0.0,77.0,0.0,0.0
11526,51.0,0.0,75.0,0.0,0.0
11527,56.0,0.0,83.0,0.0,0.0
11528,57.0,0.0,87.0,0.0,0.0
11530,63.0,0.0,77.0,3.0,0.0
11531,61.0,0.0,75.0,65.0,0.0
11532,58.0,0.0,73.0,11.0,0.0
11533,51.0,0.0,79.0,0.0,0.0
11534,54.0,0.0,81.0,0.0,0.0
11535,56.0,0.0,84.0,0.0,0.0
11536,62.0,0.0,85.0,0.0,0.0
11537,65.0,0.0,85.0,0.0,0.0
11538,65.0,0.0,84.0,83.0,0.0
11539,61.0,0.0,85.0,0.0,0.0
11540,65.0,0.0,80.0,6.0,0.0
11541,67.0,0.0,84.0,0.0,0.0
11542,62.0,0.0,83.0,5.0,0.0
11543,60.0,0.0,82.0,0.0,0.0
11544,59.0,0.0,82.0,0.0,0.0
11545,63.0,0.0,79.0,43.0,0.0
11546,59.0,0.0,80.0,0.0,0.0
11547,62.0,0.0,84.0,0.0,0.0
11548,65.0,0.0,83.0,0.0,0.0
11549,66.0,0.0,78.0,11.0,0.0
11550,57.0,0.0,78.0,0.0,0.0
11551,46.0,0.0,75.0,0.0,0.0
11552,45.0,0.0,76.0,0.0,0.0
11553,50.0,0.0,78.0,0.0,0.0
11554,56.0,0.0,80.0,0.0,0.0
11555,56.0,0.0,80.0,0.0,0.0
11556,50.0,0.0,83.0,0.0,0.0
11557,52.0,0.0,83.0,0.0,0.0
11558,56.0,0.0,83.0,0.0,0.0
11559,56.0,0.0,83.0,0.0,0.0
11560,55.0,0.0,82.0,0.0,0.0
11561,59.0,0.0,82.0,0.0,0.0
11562,66.0,0.0,81.0,22.0,0.0
11563,65.0,0.0,83.0,40.0,0.0
11564,63.0,0.0,82.0,3.0,0.0
11565,66.0,0.0,82.0,15.0,0.0
11566,64.0,0.0,80.0,1.0,0.0
11567,68.0,0.0,77.0,89.0,0.0
11568,64.0,0.0,70.0,28.0,0.0
11569,62.0,0.0,72.0,312.0,0.0
11570,60.0,0.0,71.0,7.0,0.0
11571,61.0,0.0,72.0,0.0,0.0
11572,63.0,0.0,77.0,0.0,0.0
11573,54.0,0.0,71.0,32.0,0.0
11574,41.0,0.0,70.0,0.0,0.0
11575,55.0,0.0,80.0,0.0,0.0
11576,62.0,0.0,82.0,0.0,0.0
11577,63.0,0.0,83.0,0.0,0.0
11578,61.0,0.0,84.0,0.0,0.0
11579,62.0,0.0,80.0,0.0,0.0
11580,52.0,0.0,75.0,0.0,0.0
11581,46.0,0.0,67.0,0.0,0.0
11582,47.0,0.0,54.0,45.0,0.0
11583,46.0,0.0,60.0,31.0,0.0
11584,43.0,0.0,72.0,2.0,0.0
11585,42.0,0.0,72.0,0.0,0.0
11586,46.0,0.0,69.0,0.0,0.0
11587,46.0,0.0,65.0,5.0,0.0
11588,35.0,0.0,63.0,0.0,0.0
11589,38.0,0.0,70.0,0.0,0.0
11590,48.0,0.0,70.0,0.0,0.0
11591,56.0,0.0,82.0,0.0,0.0
11592,50.0,0.0,82.0,43.0,0.0
11593,45.0,0.0,67.0,0.0,0.0
11594,39.0,0.0,62.0,0.0,0.0
11595,50.0,0.0,67.0,61.0,0.0
11596,50.0,0.0,68.0,28.0,0.0
11597,38.0,0.0,60.0,2.0,0.0
11598,28.0,0.0,58.0,0.0,0.0
11599,36.0,0.0,62.0,0.0,0.0
11600,51.0,0.0,70.0,0.0,0.0
11601,55.0,0.0,69.0,52.0,0.0
11602,41.0,0.0,58.0,0.0,0.0
11603,31.0,0.0,58.0,0.0,0.0
11604,33.0,0.0,60.0,0.0,0.0
11605,43.0,0.0,59.0,1.0,0.0
11606,39.0,0.0,63.0,0.0,0.0
11607,39.0,0.0,63.0,0.0,0.0
11608,38.0,0.0,67.0,0.0,0.0
11609,40.0,0.0,67.0,0.0,0.0
11610,54.0,0.0,65.0,0.0,0.0
11611,35.0,0.0,60.0,0.0,0.0
11612,33.0,0.0,65.0,0.0,0.0
11613,43.0,0.0,65.0,25.0,0.0
11614,35.0,0.0,49.0,8.0,0.0
11615,37.0,0.0,67.0,0.0,0.0
11616,44.0,0.0,67.0,0.0,0.0
11617,38.0,0.0,48.0,5.0,0.0
11618,28.0,0.0,44.0,109.0,0.0
11619,23.0,0.0,42.0,0.0,0.0
11620,22.0,0.0,54.0,0.0,0.0
11621,44.0,0.0,53.0,7.0,0.0
11622,48.0,0.0,53.0,68.0,0.0
11623,35.0,0.0,59.0,86.0,0.0
11624,39.0,0.0,57.0,0.0,0.0
11625,39.0,0.0,67.0,0.0,0.0
11626,43.0,0.0,67.0,0.0,0.0
11627,48.0,0.0,68.0,0.0,0.0
11628,54.0,0.0,68.0,0.0,0.0
11629,41.0,0.0,64.0,0.0,0.0
11630,41.0,0.0,69.0,0.0,0.0
11631,41.0,0.0,65.0,8.0,0.0
11632,40.0,0.0,54.0,5.0,0.0
11633,27.0,0.0,52.0,1.0,0.0
11634,31.0,0.0,60.0,0.0,0.0
11635,32.0,0.0,55.0,0.0,0.0
11636,23.0,0.0,46.0,0.0,0.0
11637,26.0,0.0,50.0,0.0,0.0
11638,28.0,0.0,47.0,0.0,0.0
11639,25.0,0.0,53.0,0.0,0.0
11640,30.0,0.0,57.0,0.0,0.0
11641,29.0,0.0,56.0,0.0,0.0
11642,28.0,0.0,57.0,0.0,0.0
11643,30.0,0.0,49.0,0.0,0.0
11644,36.0,0.0,51.0,0.0,0.0
11645,37.0,0.0,48.0,0.0,0.0
11646,34.0,0.0,46.0,43.0,0.0
11647,32.0,5.0,34.0,6.0,1.0
11648,18.0,0.0,32.0,0.0,0.0
11649,18.0,0.0,35.0,0.0,0.0
11650,30.0,5.0,39.0,9.0,1.0
11651,22.0,0.0,38.0,0.0,0.0
11652,32.0,0.0,58.0,0.0,0.0
11653,35.0,0.0,59.0,3.0,0.0
11654,34.0,0.0,37.0,0.0,0.0
11655,31.0,0.0,36.0,0.0,0.0
11656,22.0,0.0,35.0,0.0,0.0
11657,32.0,0.0,56.0,9.0,0.0
11658,34.0,0.0,53.0,0.0,0.0
11659,29.0,0.0,44.0,0.0,0.0
11660,33.0,0.0,41.0,12.0,0.0
11661,30.0,0.0,39.0,0.0,0.0
11662,25.0,0.0,38.0,0.0,0.0
11663,32.0,0.0,43.0,0.0,0.0
11664,31.0,0.0,45.0,5.0,0.0
11665,21.0,0.0,32.0,0.0,0.0
11666,21.0,0.0,30.0,0.0,0.0
11667,18.0,0.0,36.0,0.0,0.0
11668,28.0,0.0,34.0,0.0,0.0
11669,25.0,0.0,35.0,0.0,0.0
11670,28.0,0.0,35.0,0.0,0.0
11671,22.0,0.0,33.0,0.0,0.0
11672,23.0,0.0,32.0,0.0,0.0
11673,22.0,5.0,28.0,3.0,0.0
11674,0.0,20.0,25.0,5.0,0.0
11675,3.0,0.0,23.0,0.0,2.0
11676,8.0,0.0,22.0,0.0,2.0
11677,7.0,0.0,31.0,1.0,2.0
11678,29.0,20.0,36.0,38.0,4.0
11679,27.0,0.0,35.0,93.0,4.0
11680,15.0,0.0,30.0,0.0,4.0
11681,18.0,0.0,35.0,0.0,3.0
11682,24.0,0.0,37.0,0.0,3.0
11683,28.0,5.0,35.0,5.0,3.0
11684,21.0,10.0,29.0,20.0,3.0
11685,13.0,30.0,27.0,13.0,6.0
11686,7.0,0.0,18.0,0.0,6.0
11687,14.0,0.0,37.0,21.0,6.0
11689,10.0,0.0,29.0,0.0,4.0
11690,28.0,0.0,37.0,15.0,3.0
11691,24.0,0.0,47.0,35.0,1.0
11693,30.0,0.0,37.0,0.0,0.0
11694,14.0,20.0,31.0,7.0,2.0
11695,1.0,0.0,24.0,0.0,2.0
11696,4.0,10.0,23.0,1.0,3.0
11697,-11.0,0.0,4.0,0.0,3.0
11699,4.0,0.0,17.0,0.0,2.0
11700,13.0,20.0,23.0,6.0,4.0
11701,9.0,0.0,18.0,0.0,4.0
11702,-6.0,0.0,16.0,0.0,4.0
11706,7.0,0.0,30.0,0.0,3.0
11708,16.0,0.0,24.0,8.0,2.0
11709,9.0,0.0,18.0,0.0,2.0
11710,16.0,0.0,42.0,47.0,1.0
11711,2.0,0.0,16.0,0.0,0.0
11712,4.0,0.0,13.0,0.0,0.0
11714,23.0,0.0,36.0,0.0,0.0
11715,14.0,0.0,30.0,0.0,0.0
11716,29.0,0.0,35.0,93.0,0.0
11717,17.0,50.0,35.0,233.0,0.0
11718,5.0,80.0,29.0,37.0,8.0
11719,8.0,0.0,29.0,0.0,8.0
11720,20.0,0.0,26.0,0.0,7.0
11721,-6.0,90.0,24.0,17.0,16.0
11722,-5.0,10.0,20.0,8.0,17.0
11723,-5.0,15.0,20.0,9.0,18.0
11724,-10.0,0.0,19.0,0.0,18.0
11725,4.0,0.0,25.0,0.0,17.0
11726,14.0,35.0,25.0,22.0,18.0
11727,-16.0,0.0,18.0,1.0,18.0
11728,-11.0,0.0,17.0,0.0,18.0
11729,2.0,0.0,20.0,0.0,18.0
11730,3.0,2.0,25.0,0.0,17.0
11731,19.0,0.0,35.0,0.0,16.0
11732,30.0,0.0,42.0,0.0,15.0
11733,33.0,0.0,39.0,0.0,13.0
11734,26.0,0.0,34.0,0.0,12.0
11735,28.0,0.0,34.0,0.0,10.0
11736,30.0,5.0,34.0,19.0,9.0
11737,31.0,0.0,40.0,0.0,8.0
11738,32.0,0.0,37.0,0.0,7.0
11739,32.0,0.0,40.0,0.0,6.0
11740,30.0,0.0,38.0,0.0,4.0
11741,22.0,0.0,36.0,24.0,2.0
11742,12.0,0.0,24.0,0.0,2.0
11743,8.0,0.0,28.0,0.0,2.0
11744,10.0,0.0,31.0,0.0,2.0
11745,17.0,0.0,32.0,0.0,2.0
11746,21.0,0.0,39.0,0.0,1.0
11747,24.0,0.0,39.0,0.0,1.0
11748,4.0,40.0,24.0,18.0,5.0
11749,7.0,15.0,39.0,55.0,6.0
11750,14.0,5.0,39.0,24.0,6.0
11751,15.0,0.0,33.0,0.0,5.0
11752,11.0,0.0,30.0,0.0,5.0
11753,10.0,0.0,28.0,0.0,5.0
11754,13.0,30.0,32.0,20.0,8.0
11755,15.0,0.0,40.0,0.0,7.0
11756,37.0,0.0,43.0,0.0,5.0
11757,33.0,0.0,41.0,5.0,3.0
11758,36.0,0.0,56.0,33.0,0.0
11759,38.0,0.0,45.0,0.0,0.0
11760,34.0,0.0,43.0,0.0,0.0
11761,34.0,0.0,58.0,7.0,0.0
11762,33.0,0.0,58.0,42.0,0.0
11763,33.0,0.0,43.0,0.0,0.0
11764,34.0,0.0,42.0,0.0,0.0
11765,34.0,0.0,41.0,73.0,0.0
11766,33.0,0.0,44.0,0.0,0.0
11767,34.0,0.0,45.0,0.0,0.0
11768,28.0,0.0,49.0,0.0,0.0
11769,34.0,0.0,53.0,0.0,0.0
11770,32.0,0.0,52.0,0.0,0.0
11771,27.0,0.0,33.0,26.0,0.0
11772,18.0,0.0,31.0,0.0,0.0
11773,21.0,0.0,40.0,0.0,0.0
11774,25.0,0.0,55.0,0.0,0.0
11775,41.0,0.0,67.0,0.0,0.0
11776,40.0,0.0,65.0,64.0,0.0
11777,38.0,0.0,58.0,2.0,0.0
11778,33.0,0.0,61.0,0.0,0.0
11779,31.0,0.0,62.0,50.0,0.0
11780,19.0,10.0,31.0,1.0,0.0
11781,22.0,0.0,33.0,0.0,0.0
11782,12.0,80.0,27.0,80.0,8.0
11783,2.0,0.0,29.0,0.0,4.0
11784,8.0,0.0,33.0,0.0,4.0
11785,25.0,10.0,39.0,2.0,5.0
11786,30.0,0.0,39.0,0.0,3.0
11787,27.0,0.0,38.0,0.0,1.0
11788,30.0,0.0,50.0,0.0,0.0
11789,45.0,0.0,58.0,0.0,0.0
11790,29.0,0.0,54.0,0.0,0.0
11791,29.0,0.0,69.0,0.0,0.0
11792,45.0,0.0,72.0,0.0,0.0
11793,49.0,0.0,64.0,83.0,0.0
11794,32.0,0.0,60.0,2.0,0.0
11795,40.0,0.0,69.0,0.0,0.0
11796,56.0,0.0,67.0,3.0,0.0
11797,38.0,0.0,58.0,2.0,0.0
11799,37.0,0.0,64.0,0.0,0.0
11800,39.0,0.0,69.0,0.0,0.0
11801,44.0,0.0,71.0,0.0,0.0
11802,53.0,0.0,70.0,0.0,0.0
11803,39.0,0.0,68.0,0.0,0.0
11804,31.0,0.0,59.0,0.0,0.0
11805,35.0,0.0,65.0,0.0,0.0
11806,47.0,0.0,63.0,0.0,0.0
11807,45.0,0.0,70.0,0.0,0.0
11808,42.0,0.0,73.0,0.0,0.0
11809,44.0,0.0,76.0,0.0,0.0
11810,43.0,0.0,80.0,0.0,0.0
11811,46.0,0.0,83.0,0.0,0.0
11812,59.0,0.0,85.0,0.0,0.0
11813,57.0,0.0,84.0,0.0,0.0
11814,49.0,0.0,71.0,41.0,0.0
11815,46.0,0.0,71.0,0.0,0.0
11816,47.0,0.0,77.0,0.0,0.0
11817,51.0,0.0,85.0,0.0,0.0
11818,59.0,0.0,87.0,0.0,0.0
11819,55.0,0.0,89.0,0.0,0.0
11820,55.0,0.0,90.0,0.0,0.0
11821,56.0,0.0,88.0,0.0,0.0
11822,53.0,0.0,85.0,0.0,0.0
11823,54.0,0.0,86.0,0.0,0.0
11824,55.0,0.0,88.0,0.0,0.0
11825,62.0,0.0,86.0,0.0,0.0
11826,61.0,0.0,81.0,37.0,0.0
11828,57.0,0.0,74.0,35.0,0.0
11830,54.0,0.0,68.0,0.0,0.0
11831,57.0,0.0,66.0,0.0,0.0
11832,50.0,0.0,74.0,0.0,0.0
11833,59.0,0.0,73.0,11.0,0.0
11834,61.0,0.0,75.0,132.0,0.0
11835,59.0,0.0,78.0,0.0,0.0
11836,64.0,0.0,78.0,13.0,0.0
11837,60.0,0.0,83.0,0.0,0.0
11838,60.0,0.0,81.0,41.0,0.0
11839,49.0,0.0,75.0,0.0,0.0
11840,48.0,0.0,75.0,0.0,0.0
11841,48.0,0.0,67.0,0.0,0.0
11842,55.0,0.0,71.0,0.0,0.0
11843,52.0,0.0,79.0,0.0,0.0
11844,54.0,0.0,79.0,0.0,0.0
11845,60.0,0.0,86.0,0.0,0.0
11846,63.0,0.0,86.0,0.0,0.0
11847,62.0,0.0,74.0,24.0,0.0
11848,46.0,0.0,75.0,0.0,0.0
11849,57.0,0.0,76.0,0.0,0.0
11850,56.0,0.0,78.0,0.0,0.0
11851,55.0,0.0,82.0,0.0,0.0
11852,63.0,0.0,82.0,0.0,0.0
11854,52.0,0.0,72.0,52.0,0.0
11855,55.0,0.0,78.0,0.0,0.0
11856,59.0,0.0,78.0,32.0,0.0
11857,49.0,0.0,73.0,0.0,0.0
11858,51.0,0.0,72.0,13.0,0.0
11859,56.0,0.0,73.0,29.0,0.0
11860,48.0,0.0,72.0,0.0,0.0
11861,46.0,0.0,76.0,0.0,0.0
11862,55.0,0.0,82.0,0.0,0.0
11863,63.0,0.0,81.0,0.0,0.0
11864,61.0,0.0,86.0,0.0,0.0
11865,62.0,0.0,84.0,0.0,0.0
11866,66.0,0.0,81.0,41.0,0.0
11867,59.0,0.0,81.0,0.0,0.0
11868,48.0,0.0,77.0,0.0,0.0
11869,50.0,0.0,80.0,0.0,0.0
11870,64.0,0.0,77.0,116.0,0.0
11871,61.0,0.0,80.0,2.0,0.0
11872,58.0,0.0,82.0,0.0,0.0
11873,60.0,0.0,89.0,0.0,0.0
11874,74.0,0.0,90.0,0.0,0.0
11875,62.0,0.0,85.0,0.0,0.0
11876,55.0,0.0,85.0,0.0,0.0
11877,60.0,0.0,85.0,0.0,0.0
11878,58.0,0.0,80.0,50.0,0.0
11879,60.0,0.0,82.0,37.0,0.0
11881,61.0,0.0,86.0,0.0,0.0
11882,60.0,0.0,88.0,0.0,0.0
11883,62.0,0.0,89.0,0.0,0.0
11884,72.0,0.0,90.0,0.0,0.0
11885,73.0,0.0,88.0,0.0,0.0
11886,70.0,0.0,84.0,0.0,0.0
11887,65.0,0.0,82.0,18.0,0.0
11888,56.0,0.0,84.0,0.0,0.0
11889,60.0,0.0,83.0,0.0,0.0
11890,59.0,0.0,84.0,0.0,0.0
11891,59.0,0.0,84.0,0.0,0.0
11892,57.0,0.0,88.0,0.0,0.0
11893,65.0,0.0,90.0,0.0,0.0
11894,68.0,0.0,89.0,0.0,0.0
11895,67.0,0.0,85.0,0.0,0.0
11896,57.0,0.0,83.0,0.0,0.0
11897,53.0,0.0,83.0,0.0,0.0
11898,56.0,0.0,83.0,0.0,0.0
11899,56.0,0.0,83.0,0.0,0.0
11900,65.0,0.0,83.0,0.0,0.0
11901,61.0,0.0,87.0,10.0,0.0
11902,74.0,0.0,88.0,0.0,0.0
11904,64.0,0.0,88.0,0.0,0.0
11905,61.0,0.0,88.0,0.0,0.0
11906,68.0,0.0,86.0,38.0,0.0
11907,60.0,0.0,84.0,4.0,0.0
11908,58.0,0.0,79.0,0.0,0.0
11909,47.0,0.0,73.0,0.0,0.0
11910,47.0,0.0,77.0,0.0,0.0
11911,47.0,0.0,80.0,0.0,0.0
11912,53.0,0.0,83.0,0.0,0.0
11913,56.0,0.0,86.0,0.0,0.0
11914,56.0,0.0,87.0,0.0,0.0
11915,60.0,0.0,86.0,0.0,0.0
11916,51.0,0.0,83.0,0.0,0.0
11917,53.0,0.0,86.0,0.0,0.0
11918,65.0,0.0,86.0,58.0,0.0
11919,54.0,0.0,83.0,3.0,0.0
11920,51.0,0.0,71.0,0.0,0.0
11921,60.0,0.0,80.0,3.0,0.0
11922,51.0,0.0,81.0,0.0,0.0
11923,60.0,0.0,77.0,3.0,0.0
11924,50.0,0.0,77.0,0.0,0.0
11925,55.0,0.0,77.0,0.0,0.0
11926,47.0,0.0,70.0,0.0,0.0
11927,37.0,0.0,69.0,0.0,0.0
11928,54.0,0.0,85.0,0.0,0.0
11929,61.0,0.0,85.0,0.0,0.0
11930,65.0,0.0,81.0,0.0,0.0
11931,59.0,0.0,86.0,0.0,0.0
11932,50.0,0.0,80.0,0.0,0.0
11933,46.0,0.0,77.0,0.0,0.0
11934,52.0,0.0,82.0,0.0,0.0
11935,53.0,0.0,81.0,0.0,0.0
11936,54.0,0.0,80.0,14.0,0.0
11937,42.0,0.0,78.0,0.0,0.0
11938,41.0,0.0,83.0,0.0,0.0
11939,49.0,0.0,84.0,0.0,0.0
11940,54.0,0.0,88.0,0.0,0.0
11941,56.0,0.0,90.0,0.0,0.0
11942,62.0,0.0,92.0,0.0,0.0
11943,68.0,0.0,86.0,0.0,0.0
11946,42.0,0.0,76.0,0.0,0.0
11947,52.0,0.0,77.0,48.0,0.0
11948,37.0,0.0,69.0,0.0,0.0
11949,49.0,0.0,68.0,0.0,0.0
11951,42.0,0.0,61.0,0.0,0.0
11952,45.0,0.0,69.0,0.0,0.0
11953,53.0,0.0,69.0,0.0,0.0
11954,54.0,0.0,65.0,14.0,0.0
11955,48.0,0.0,70.0,0.0,0.0
11956,50.0,0.0,68.0,58.0,0.0
11957,47.0,0.0,70.0,33.0,0.0
11958,47.0,0.0,77.0,0.0,0.0
11959,46.0,0.0,80.0,0.0,0.0
11960,51.0,0.0,87.0,0.0,0.0
11961,49.0,0.0,85.0,0.0,0.0
11962,55.0,0.0,80.0,0.0,0.0
11963,46.0,0.0,75.0,0.0,0.0
11964,51.0,0.0,80.0,3.0,0.0
11965,53.0,0.0,83.0,22.0,0.0
11967,38.0,0.0,77.0,7.0,0.0
11968,53.0,0.0,76.0,0.0,0.0
11969,58.0,0.0,78.0,9.0,0.0
11970,43.0,0.0,76.0,0.0,0.0
11971,48.0,0.0,59.0,0.0,0.0
11972,37.0,0.0,62.0,0.0,0.0
11973,43.0,0.0,59.0,9.0,0.0
11974,45.0,0.0,64.0,0.0,0.0
11975,32.0,0.0,60.0,0.0,0.0
11976,24.0,0.0,52.0,0.0,0.0
11977,36.0,0.0,67.0,0.0,0.0
11978,44.0,0.0,70.0,0.0,0.0
11979,44.0,0.0,67.0,0.0,0.0
11980,37.0,0.0,45.0,20.0,0.0
11981,35.0,0.0,47.0,0.0,0.0
11982,23.0,0.0,50.0,0.0,0.0
11983,24.0,0.0,56.0,0.0,0.0
11984,25.0,0.0,59.0,0.0,0.0
11985,28.0,0.0,65.0,0.0,0.0
11986,29.0,0.0,68.0,0.0,0.0
11987,45.0,0.0,71.0,0.0,0.0
11989,35.0,0.0,63.0,2.0,0.0
11990,50.0,0.0,65.0,45.0,0.0
11991,49.0,0.0,68.0,39.0,0.0
11992,56.0,0.0,69.0,368.0,0.0
11993,49.0,0.0,66.0,34.0,0.0
11994,35.0,0.0,54.0,0.0,0.0
11995,27.0,0.0,35.0,0.0,0.0
11996,27.0,0.0,39.0,0.0,0.0
11997,31.0,0.0,59.0,0.0,0.0
11998,45.0,0.0,55.0,0.0,0.0
12000,40.0,0.0,57.0,0.0,0.0
12001,49.0,0.0,58.0,12.0,0.0
12002,42.0,0.0,57.0,18.0,0.0
12003,30.0,0.0,42.0,29.0,0.0
12004,26.0,0.0,35.0,0.0,0.0
12005,24.0,0.0,35.0,0.0,0.0
12006,25.0,0.0,41.0,0.0,0.0
12007,24.0,0.0,50.0,0.0,0.0
12008,31.0,0.0,54.0,0.0,0.0
12009,37.0,0.0,58.0,0.0,0.0
12010,50.0,0.0,59.0,98.0,0.0
12012,35.0,0.0,52.0,10.0,0.0
12013,41.0,0.0,49.0,4.0,0.0
12014,30.0,5.0,41.0,49.0,0.0
12015,22.0,0.0,34.0,0.0,0.0
12016,31.0,0.0,35.0,8.0,0.0
12017,20.0,17.0,35.0,14.0,1.0
12018,23.0,0.0,44.0,54.0,0.0
12019,37.0,0.0,46.0,11.0,0.0
12020,32.0,0.0,57.0,2.0,0.0
12021,46.0,0.0,60.0,0.0,0.0
12022,52.0,0.0,68.0,0.0,0.0
12023,59.0,0.0,68.0,4.0,0.0
12024,50.0,0.0,63.0,71.0,0.0
12025,48.0,0.0,64.0,39.0,0.0
12026,39.0,0.0,59.0,3.0,0.0
12027,32.0,0.0,43.0,0.0,0.0
12028,28.0,0.0,47.0,0.0,0.0
12029,15.0,2.0,39.0,2.0,0.0
12030,17.0,0.0,33.0,0.0,0.0
12031,25.0,0.0,33.0,0.0,0.0
12032,10.0,0.0,28.0,0.0,0.0
12033,13.0,0.0,31.0,0.0,0.0
12034,25.0,0.0,38.0,0.0,0.0
12035,35.0,0.0,43.0,5.0,0.0
12036,31.0,0.0,41.0,72.0,0.0
12037,19.0,0.0,31.0,0.0,0.0
12038,26.0,0.0,38.0,0.0,0.0
12040,30.0,0.0,39.0,5.0,0.0
12041,30.0,0.0,33.0,0.0,0.0
12042,23.0,0.0,35.0,0.0,0.0
12043,33.0,0.0,51.0,16.0,0.0
12044,47.0,0.0,56.0,10.0,0.0
12045,52.0,0.0,62.0,16.0,0.0
12047,33.0,0.0,44.0,0.0,0.0
12048,37.0,0.0,62.0,70.0,0.0
12049,25.0,0.0,37.0,0.0,0.0
12050,19.0,0.0,27.0,0.0,0.0
12051,20.0,0.0,34.0,0.0,0.0
12052,25.0,0.0,40.0,0.0,0.0
12053,27.0,0.0,38.0,0.0,0.0
12054,19.0,0.0,34.0,0.0,0.0
12055,17.0,0.0,37.0,0.0,0.0
12056,28.0,0.0,37.0,0.0,0.0
12057,28.0,0.0,35.0,0.0,0.0
12058,33.0,0.0,44.0,0.0,0.0
12059,30.0,0.0,34.0,0.0,0.0
12060,21.0,0.0,42.0,0.0,0.0
12061,36.0,0.0,49.0,15.0,0.0
12064,22.0,0.0,33.0,0.0,0.0
12065,25.0,0.0,39.0,0.0,0.0
12066,23.0,2.0,33.0,0.0,0.0
12073,31.0,0.0,36.0,0.0,0.0
12074,32.0,0.0,35.0,41.0,0.0
12075,33.0,0.0,35.0,0.0,0.0
12076,30.0,0.0,34.0,0.0,0.0
12077,21.0,0.0,30.0,0.0,0.0
12078,22.0,0.0,26.0,0.0,0.0
12080,25.0,0.0,40.0,0.0,0.0
12081,31.0,0.0,39.0,26.0,0.0
12082,27.0,0.0,32.0,0.0,0.0
12083,19.0,0.0,35.0,0.0,0.0
12084,30.0,0.0,53.0,37.0,0.0
12086,21.0,18.0,28.0,18.0,2.0
12087,11.0,0.0,25.0,0.0,1.0
12088,18.0,0.0,30.0,0.0,1.0
12089,15.0,35.0,29.0,13.0,4.0
12090,12.0,0.0,29.0,0.0,3.0
12091,12.0,0.0,28.0,0.0,2.0
12092,16.0,0.0,28.0,0.0,2.0
12093,16.0,0.0,26.0,0.0,1.0
12094,12.0,0.0,31.0,0.0,1.0
12095,12.0,0.0,32.0,0.0,0.0
12096,19.0,0.0,37.0,0.0,0.0
12097,31.0,0.0,38.0,0.0,0.0
12098,31.0,0.0,49.0,0.0,0.0
12100,32.0,0.0,39.0,0.0,0.0
12101,31.0,0.0,54.0,0.0,0.0
12102,30.0,0.0,61.0,0.0,0.0
12103,40.0,0.0,65.0,0.0,0.0
12105,35.0,0.0,57.0,0.0,0.0
12106,30.0,0.0,46.0,0.0,0.0
12107,22.0,0.0,37.0,0.0,0.0
12108,17.0,0.0,40.0,0.0,0.0
12109,23.0,0.0,47.0,0.0,0.0
12110,28.0,0.0,55.0,0.0,0.0
12111,31.0,0.0,56.0,0.0,0.0
12112,30.0,0.0,60.0,0.0,0.0
12113,31.0,0.0,69.0,0.0,0.0
12114,44.0,0.0,77.0,0.0,0.0
12115,39.0,0.0,71.0,0.0,0.0
12116,54.0,0.0,66.0,8.0,0.0
12117,49.0,0.0,70.0,3.0,0.0
12118,42.0,0.0,69.0,4.0,0.0
12119,33.0,0.0,48.0,76.0,0.0
12120,27.0,0.0,40.0,0.0,0.0
12121,30.0,0.0,40.0,0.0,0.0
12122,26.0,0.0,48.0,0.0,0.0
12123,26.0,0.0,50.0,0.0,0.0
12124,42.0,0.0,58.0,0.0,0.0
12125,30.0,0.0,55.0,0.0,0.0
12126,35.0,0.0,51.0,0.0,0.0
12127,31.0,0.0,58.0,0.0,0.0
12128,40.0,0.0,52.0,8.0,0.0
12129,34.0,0.0,45.0,34.0,0.0
12132,15.0,0.0,31.0,0.0,30.0
12133,11.0,0.0,31.0,0.0,25.0
12134,15.0,0.0,30.0,0.0,20.0
12137,34.0,0.0,57.0,21.0,0.0
12138,35.0,0.0,54.0,35.0,0.0
12139,30.0,0.0,39.0,0.0,0.0
12140,24.0,0.0,42.0,0.0,0.0
12141,25.0,0.0,50.0,0.0,0.0
12142,33.0,0.0,57.0,3.0,0.0
12143,38.0,0.0,52.0,39.0,0.0
12144,39.0,0.0,51.0,15.0,0.0
12145,38.0,0.0,47.0,0.0,0.0
12146,38.0,0.0,48.0,0.0,0.0
12147,38.0,0.0,47.0,19.0,0.0
12148,41.0,0.0,52.0,29.0,0.0
12149,32.0,0.0,52.0,3.0,0.0
12150,36.0,0.0,50.0,20.0,0.0
12151,38.0,0.0,50.0,29.0,0.0
12152,36.0,0.0,48.0,12.0,0.0
12153,31.0,0.0,56.0,0.0,0.0
12154,41.0,0.0,64.0,26.0,0.0
12155,47.0,0.0,63.0,74.0,0.0
12156,32.0,0.0,53.0,69.0,0.0
12157,31.0,0.0,48.0,0.0,0.0
12158,25.0,0.0,47.0,12.0,0.0
12159,25.0,0.0,37.0,0.0,0.0
12160,23.0,0.0,40.0,0.0,0.0
12161,27.0,0.0,49.0,0.0,0.0
12162,28.0,0.0,60.0,0.0,0.0
12163,36.0,0.0,66.0,0.0,0.0
12164,41.0,0.0,66.0,0.0,0.0
12165,38.0,0.0,61.0,0.0,0.0
12166,30.0,0.0,64.0,0.0,0.0
12167,40.0,0.0,74.0,0.0,0.0
12168,54.0,0.0,80.0,0.0,0.0
12169,48.0,0.0,77.0,19.0,0.0
12170,38.0,0.0,57.0,34.0,0.0
12171,49.0,0.0,65.0,93.0,0.0
12174,43.0,0.0,67.0,8.0,0.0
12175,37.0,0.0,65.0,28.0,0.0
12176,35.0,0.0,60.0,10.0,0.0
12177,42.0,0.0,71.0,0.0,0.0
12178,53.0,0.0,73.0,0.0,0.0
12180,30.0,0.0,58.0,0.0,0.0
12181,33.0,0.0,65.0,0.0,0.0
12182,39.0,0.0,73.0,0.0,0.0
12183,42.0,0.0,76.0,0.0,0.0
12184,49.0,0.0,79.0,0.0,0.0
12185,55.0,0.0,75.0,0.0,0.0
12186,45.0,0.0,67.0,25.0,0.0
12187,35.0,0.0,61.0,0.0,0.0
12188,38.0,0.0,61.0,0.0,0.0
12189,40.0,0.0,67.0,0.0,0.0
12190,54.0,0.0,68.0,1.0,0.0
12191,51.0,0.0,70.0,34.0,0.0
12192,47.0,0.0,77.0,0.0,0.0
12193,59.0,0.0,77.0,45.0,0.0
12194,54.0,0.0,71.0,5.0,0.0
12195,43.0,0.0,75.0,0.0,0.0
12196,53.0,0.0,75.0,0.0,0.0
12197,38.0,0.0,63.0,30.0,0.0
12198,37.0,0.0,66.0,0.0,0.0
12199,52.0,0.0,67.0,0.0,0.0
12200,51.0,0.0,66.0,0.0,0.0
12202,46.0,0.0,61.0,0.0,0.0
12203,42.0,0.0,64.0,3.0,0.0
12204,45.0,0.0,70.0,0.0,0.0
12205,54.0,0.0,66.0,2.0,0.0
12206,58.0,0.0,74.0,5.0,0.0
12207,55.0,0.0,78.0,0.0,0.0
12208,52.0,0.0,78.0,55.0,0.0
12209,48.0,0.0,75.0,28.0,0.0
12210,44.0,0.0,74.0,0.0,0.0
12211,48.0,0.0,81.0,0.0,0.0
12212,61.0,0.0,81.0,0.0,0.0
12213,59.0,0.0,86.0,0.0,0.0
12214,60.0,0.0,89.0,0.0,0.0
12215,62.0,0.0,91.0,0.0,0.0
12216,64.0,0.0,91.0,0.0,0.0
12217,67.0,0.0,89.0,0.0,0.0
12218,58.0,0.0,87.0,6.0,0.0
12219,57.0,0.0,87.0,0.0,0.0
12220,60.0,0.0,86.0,0.0,0.0
12221,59.0,0.0,84.0,0.0,0.0
12222,57.0,0.0,85.0,0.0,0.0
12223,56.0,0.0,88.0,0.0,0.0
12224,58.0,0.0,89.0,0.0,0.0
12225,61.0,0.0,93.0,0.0,0.0
12226,66.0,0.0,92.0,0.0,0.0
12227,61.0,0.0,88.0,0.0,0.0
12228,60.0,0.0,95.0,0.0,0.0
12229,60.0,0.0,95.0,0.0,0.0
12230,64.0,0.0,73.0,205.0,0.0
12231,59.0,0.0,73.0,30.0,0.0
12232,65.0,0.0,83.0,0.0,0.0
12233,69.0,0.0,84.0,74.0,0.0
12234,69.0,0.0,89.0,6.0,0.0
12235,71.0,0.0,89.0,0.0,0.0
12236,72.0,0.0,87.0,0.0,0.0
12237,58.0,0.0,75.0,21.0,0.0
12238,48.0,0.0,74.0,0.0,0.0
12239,48.0,0.0,77.0,0.0,0.0
12240,54.0,0.0,81.0,0.0,0.0
12241,61.0,0.0,82.0,0.0,0.0
12242,56.0,0.0,81.0,27.0,0.0
12243,60.0,0.0,89.0,0.0,0.0
12244,70.0,0.0,90.0,0.0,0.0
12245,61.0,0.0,90.0,0.0,0.0
12246,62.0,0.0,92.0,0.0,0.0
12247,70.0,0.0,93.0,0.0,0.0
12248,70.0,0.0,92.0,0.0,0.0
12249,72.0,0.0,92.0,0.0,0.0
12250,68.0,0.0,91.0,12.0,0.0
12251,66.0,0.0,91.0,89.0,0.0
12252,68.0,0.0,90.0,0.0,0.0
12253,69.0,0.0,94.0,0.0,0.0
12254,66.0,0.0,94.0,46.0,0.0
12255,65.0,0.0,88.0,19.0,0.0
12257,63.0,0.0,82.0,0.0,0.0
12258,58.0,0.0,84.0,0.0,0.0
12259,55.0,0.0,86.0,0.0,0.0
12260,65.0,0.0,91.0,0.0,0.0
12261,73.0,0.0,91.0,0.0,0.0
12262,67.0,0.0,88.0,0.0,0.0
12263,68.0,0.0,82.0,38.0,0.0
12264,66.0,0.0,82.0,0.0,0.0
12265,58.0,0.0,82.0,0.0,0.0
12266,59.0,0.0,87.0,0.0,0.0
12267,68.0,0.0,86.0,22.0,0.0
12268,67.0,0.0,85.0,3.0,0.0
12269,62.0,0.0,88.0,0.0,0.0
12270,62.0,0.0,89.0,0.0,0.0
12271,62.0,0.0,92.0,0.0,0.0
12272,61.0,0.0,89.0,0.0,0.0
12273,56.0,0.0,82.0,0.0,0.0
12274,61.0,0.0,79.0,99.0,0.0
12275,53.0,0.0,77.0,42.0,0.0
12276,52.0,0.0,79.0,0.0,0.0
12277,57.0,0.0,80.0,0.0,0.0
12278,53.0,0.0,84.0,0.0,0.0
12279,56.0,0.0,88.0,0.0,0.0
12280,62.0,0.0,87.0,0.0,0.0
12281,68.0,0.0,90.0,12.0,0.0
12282,67.0,0.0,94.0,0.0,0.0
12283,73.0,0.0,93.0,0.0,0.0
12284,62.0,0.0,91.0,0.0,0.0
12286,66.0,0.0,83.0,0.0,0.0
12287,59.0,0.0,84.0,0.0,0.0
12288,56.0,0.0,85.0,0.0,0.0
12289,67.0,0.0,85.0,0.0,0.0
12290,70.0,0.0,89.0,37.0,0.0
12291,67.0,0.0,86.0,283.0,0.0
12292,63.0,0.0,89.0,0.0,0.0
12293,64.0,0.0,88.0,0.0,0.0
12294,66.0,0.0,81.0,5.0,0.0
12295,59.0,0.0,81.0,0.0,0.0
12296,53.0,0.0,83.0,0.0,0.0
12297,55.0,0.0,87.0,0.0,0.0
12298,59.0,0.0,88.0,0.0,0.0
12299,61.0,0.0,85.0,0.0,0.0
12300,69.0,0.0,87.0,0.0,0.0
12301,52.0,0.0,79.0,59.0,0.0
12302,49.0,0.0,79.0,0.0,0.0
12303,56.0,0.0,89.0,0.0,0.0
12304,64.0,0.0,92.0,0.0,0.0
12306,49.0,0.0,78.0,0.0,0.0
12307,53.0,0.0,71.0,0.0,0.0
12308,45.0,0.0,69.0,0.0,0.0
12309,40.0,0.0,68.0,0.0,0.0
12310,54.0,0.0,71.0,17.0,0.0
12311,52.0,0.0,73.0,3.0,0.0
12312,56.0,0.0,88.0,2.0,0.0
12313,66.0,0.0,88.0,5.0,0.0
12314,65.0,0.0,85.0,0.0,0.0
12315,46.0,0.0,75.0,60.0,0.0
12316,38.0,0.0,56.0,0.0,0.0
12317,36.0,0.0,59.0,0.0,0.0
12318,32.0,0.0,65.0,0.0,0.0
12319,36.0,0.0,70.0,0.0,0.0
12320,37.0,0.0,71.0,0.0,0.0
12321,43.0,0.0,77.0,0.0,0.0
12322,45.0,0.0,79.0,0.0,0.0
12323,50.0,0.0,78.0,0.0,0.0
12324,51.0,0.0,77.0,0.0,0.0
12325,49.0,0.0,75.0,0.0,0.0
12326,49.0,0.0,81.0,0.0,0.0
12327,56.0,0.0,83.0,0.0,0.0
12328,65.0,0.0,81.0,0.0,0.0
12329,56.0,0.0,71.0,15.0,0.0
12330,48.0,0.0,68.0,0.0,0.0
12331,38.0,0.0,72.0,0.0,0.0
12332,53.0,0.0,71.0,0.0,0.0
12333,40.0,0.0,60.0,25.0,0.0
12334,39.0,0.0,63.0,0.0,0.0
12335,45.0,0.0,75.0,0.0,0.0
12336,58.0,0.0,72.0,0.0,0.0
12337,45.0,0.0,69.0,112.0,0.0
12338,35.0,0.0,57.0,62.0,0.0
12339,33.0,0.0,68.0,1.0,0.0
12340,39.0,0.0,69.0,0.0,0.0
12341,42.0,0.0,65.0,0.0,0.0
12342,42.0,0.0,60.0,0.0,0.0
12343,37.0,0.0,56.0,0.0,0.0
12344,42.0,0.0,53.0,2.0,0.0
12345,46.0,0.0,56.0,0.0,0.0
12348,48.0,0.0,52.0,7.0,0.0
12349,46.0,0.0,56.0,9.0,0.0
12350,33.0,0.0,54.0,0.0,0.0
12351,29.0,0.0,56.0,5.0,0.0
12353,32.0,0.0,68.0,0.0,0.0
12354,26.0,0.0,49.0,0.0,0.0
12355,30.0,0.0,58.0,0.0,0.0
12356,44.0,0.0,66.0,3.0,0.0
12357,50.0,0.0,65.0,0.0,0.0
12358,39.0,0.0,58.0,80.0,0.0
12359,25.0,0.0,46.0,0.0,0.0
12360,30.0,0.0,50.0,0.0,0.0
12361,32.0,0.0,57.0,0.0,0.0
12362,45.0,0.0,55.0,0.0,0.0
12363,36.0,0.0,63.0,0.0,0.0
12364,34.0,0.0,66.0,0.0,0.0
12365,40.0,0.0,64.0,0.0,0.0
12366,28.0,0.0,54.0,93.0,0.0
12367,20.0,25.0,34.0,40.0,2.0
12368,20.0,0.0,29.0,0.0,1.0
12370,35.0,0.0,42.0,0.0,0.0
12371,32.0,0.0,40.0,104.0,0.0
12372,33.0,0.0,43.0,0.0,0.0
12373,29.0,0.0,53.0,0.0,0.0
12374,46.0,0.0,62.0,82.0,0.0
12375,46.0,0.0,61.0,29.0,0.0
12376,40.0,0.0,56.0,4.0,0.0
12377,34.0,0.0,58.0,0.0,0.0
12378,46.0,0.0,56.0,29.0,0.0
12379,30.0,0.0,60.0,0.0,0.0
12380,27.0,0.0,40.0,0.0,0.0
12381,31.0,0.0,52.0,0.0,0.0
12382,37.0,0.0,49.0,0.0,0.0
12383,37.0,0.0,54.0,142.0,0.0
12384,29.0,0.0,43.0,0.0,0.0
12385,23.0,0.0,32.0,0.0,0.0
12386,20.0,0.0,29.0,0.0,0.0
12387,19.0,0.0,30.0,0.0,0.0
12388,22.0,0.0,32.0,8.0,0.0
12389,28.0,0.0,38.0,32.0,0.0
12390,30.0,0.0,40.0,0.0,0.0
12391,30.0,0.0,40.0,85.0,0.0
12392,15.0,40.0,40.0,27.0,4.0
12393,13.0,0.0,31.0,0.0,4.0
12394,21.0,0.0,35.0,0.0,4.0
12395,22.0,15.0,34.0,26.0,1.0
12396,24.0,0.0,32.0,0.0,0.0
12398,32.0,0.0,38.0,0.0,0.0
12399,33.0,0.0,42.0,2.0,0.0
12400,26.0,0.0,42.0,11.0,0.0
12401,20.0,0.0,30.0,0.0,0.0
12404,1.0,0.0,17.0,0.0,0.0
12405,10.0,0.0,24.0,0.0,0.0
12406,12.0,10.0,30.0,0.0,1.0
12407,6.0,20.0,35.0,5.0,2.0
12408,-11.0,5.0,6.0,3.0,3.0
12409,-17.0,0.0,0.0,0.0,3.0
12410,-16.0,0.0,-5.0,0.0,3.0
12412,-5.0,0.0,20.0,0.0,2.0
12415,-14.0,0.0,8.0,0.0,5.0
12416,-3.0,0.0,21.0,0.0,5.0
12417,17.0,0.0,29.0,0.0,5.0
12418,14.0,5.0,27.0,1.0,6.0
12419,14.0,0.0,28.0,0.0,5.0
12420,25.0,0.0,36.0,0.0,4.0
12421,18.0,0.0,35.0,0.0,3.0
12422,28.0,0.0,37.0,0.0,2.0
12423,5.0,0.0,30.0,0.0,1.0
12424,14.0,0.0,28.0,0.0,1.0
12425,16.0,0.0,24.0,0.0,0.0
12427,-14.0,0.0,16.0,0.0,4.0
12428,-4.0,0.0,16.0,0.0,4.0
12429,10.0,0.0,22.0,0.0,4.0
12430,16.0,0.0,24.0,0.0,4.0
12432,-10.0,0.0,17.0,0.0,3.0
12433,14.0,0.0,20.0,0.0,3.0
12434,1.0,0.0,20.0,0.0,3.0
12435,-15.0,0.0,16.0,0.0,3.0
12436,-17.0,0.0,14.0,0.0,3.0
12437,-24.0,0.0,4.0,0.0,3.0
12438,-6.0,0.0,18.0,0.0,3.0
12439,3.0,0.0,31.0,16.0,2.0
12440,29.0,0.0,35.0,0.0,2.0
12441,28.0,0.0,36.0,0.0,1.0
12442,24.0,0.0,38.0,0.0,2.0
12443,25.0,0.0,37.0,0.0,1.0
12444,22.0,0.0,32.0,0.0,1.0
12445,25.0,20.0,33.0,6.0,3.0
12446,22.0,10.0,30.0,0.0,4.0
12447,4.0,50.0,24.0,12.0,9.0
12448,14.0,0.0,41.0,0.0,9.0
12449,15.0,0.0,43.0,0.0,8.0
12450,30.0,0.0,44.0,7.0,4.0
12451,30.0,0.0,35.0,0.0,4.0
12452,23.0,10.0,30.0,1.0,5.0
12453,10.0,0.0,26.0,0.0,3.0
12454,7.0,0.0,21.0,0.0,3.0
12455,4.0,0.0,27.0,0.0,2.0
12456,20.0,0.0,41.0,0.0,2.0
12457,24.0,0.0,41.0,0.0,1.0
12458,33.0,0.0,40.0,31.0,0.0
12459,32.0,0.0,57.0,0.0,0.0
12460,46.0,0.0,64.0,2.0,0.0
12461,29.0,0.0,53.0,0.0,0.0
12462,30.0,0.0,54.0,0.0,0.0
12463,29.0,0.0,52.0,0.0,0.0
12464,31.0,0.0,47.0,4.0,0.0
12465,32.0,0.0,45.0,0.0,0.0
12466,39.0,0.0,48.0,0.0,0.0
12467,32.0,0.0,45.0,0.0,0.0
12468,30.0,0.0,44.0,0.0,0.0
12469,31.0,0.0,56.0,0.0,0.0
12470,32.0,0.0,63.0,0.0,0.0
12472,27.0,0.0,43.0,0.0,0.0
12473,26.0,0.0,37.0,0.0,0.0
12474,22.0,0.0,35.0,0.0,0.0
12475,11.0,40.0,30.0,6.0,4.0
12476,15.0,0.0,28.0,0.0,4.0
12482,26.0,0.0,35.0,0.0,0.0
12483,8.0,0.0,31.0,0.0,0.0
12486,8.0,0.0,25.0,0.0,3.0
12490,24.0,0.0,37.0,0.0,5.0
12491,23.0,0.0,48.0,0.0,3.0
12492,36.0,0.0,49.0,76.0,0.0
12493,23.0,0.0,38.0,0.0,0.0
12494,23.0,0.0,34.0,0.0,0.0
12495,26.0,0.0,35.0,0.0,0.0
12496,31.0,0.0,46.0,0.0,0.0
12497,30.0,10.0,46.0,68.0,1.0
12498,29.0,10.0,35.0,11.0,2.0
12499,25.0,0.0,41.0,0.0,2.0
12500,25.0,0.0,41.0,0.0,0.0
12501,32.0,0.0,41.0,0.0,0.0
12502,26.0,0.0,44.0,2.0,0.0
12503,31.0,0.0,42.0,0.0,0.0
12504,33.0,0.0,46.0,12.0,0.0
12505,33.0,0.0,47.0,0.0,0.0
12506,33.0,0.0,47.0,0.0,0.0
12507,31.0,0.0,49.0,0.0,0.0
12508,26.0,0.0,53.0,0.0,0.0
12509,33.0,0.0,54.0,0.0,0.0
12510,33.0,0.0,54.0,0.0,0.0
12511,39.0,0.0,49.0,18.0,0.0
12512,37.0,0.0,47.0,47.0,0.0
12513,36.0,0.0,42.0,19.0,0.0
12514,32.0,0.0,56.0,0.0,0.0
12515,29.0,0.0,55.0,0.0,0.0
12516,39.0,0.0,53.0,0.0,0.0
12517,33.0,0.0,52.0,0.0,0.0
12518,30.0,0.0,58.0,0.0,0.0
12519,33.0,0.0,67.0,0.0,0.0
12520,43.0,0.0,65.0,39.0,0.0
12521,45.0,0.0,61.0,35.0,0.0
12522,45.0,0.0,57.0,10.0,0.0
12523,43.0,0.0,53.0,16.0,0.0
12524,35.0,0.0,50.0,10.0,0.0
12525,36.0,0.0,47.0,34.0,0.0
12526,32.0,0.0,51.0,0.0,0.0
12527,39.0,0.0,59.0,0.0,0.0
12529,40.0,0.0,52.0,0.0,0.0
12530,39.0,0.0,50.0,108.0,0.0
12531,42.0,0.0,47.0,55.0,0.0
12532,38.0,0.0,70.0,0.0,0.0
12533,49.0,0.0,80.0,0.0,0.0
12534,59.0,0.0,80.0,69.0,0.0
12535,58.0,0.0,76.0,0.0,0.0
12536,52.0,0.0,69.0,0.0,0.0
12537,49.0,0.0,69.0,0.0,0.0
12538,39.0,0.0,59.0,0.0,0.0
12539,32.0,0.0,61.0,0.0,0.0
12541,44.0,0.0,52.0,0.0,0.0
12542,41.0,0.0,60.0,14.0,0.0
12543,43.0,0.0,65.0,0.0,0.0
12544,48.0,0.0,70.0,0.0,0.0
12546,40.0,0.0,52.0,0.0,0.0
12547,36.0,0.0,69.0,0.0,0.0
12548,55.0,0.0,70.0,0.0,0.0
12549,48.0,0.0,70.0,0.0,0.0
12551,37.0,0.0,64.0,0.0,0.0
12552,35.0,0.0,66.0,0.0,0.0
12553,32.0,0.0,66.0,0.0,0.0
12554,39.0,0.0,71.0,0.0,0.0
12555,60.0,0.0,87.0,0.0,0.0
12556,59.0,0.0,87.0,0.0,0.0
12558,48.0,0.0,71.0,2.0,0.0
12559,63.0,0.0,79.0,7.0,0.0
12560,60.0,0.0,81.0,53.0,0.0
12561,45.0,0.0,74.0,0.0,0.0
12562,56.0,0.0,75.0,0.0,0.0
12563,56.0,0.0,78.0,82.0,0.0
12564,45.0,0.0,66.0,0.0,0.0
12566,42.0,0.0,51.0,27.0,0.0
12567,42.0,0.0,60.0,0.0,0.0
12568,40.0,0.0,73.0,0.0,0.0
12569,54.0,0.0,78.0,0.0,0.0
12570,56.0,0.0,87.0,0.0,0.0
12571,57.0,0.0,85.0,14.0,0.0
12572,51.0,0.0,83.0,0.0,0.0
12573,65.0,0.0,88.0,0.0,0.0
12574,70.0,0.0,88.0,0.0,0.0
12575,71.0,0.0,91.0,0.0,0.0
12576,73.0,0.0,87.0,0.0,0.0
12577,71.0,0.0,89.0,0.0,0.0
12578,69.0,0.0,90.0,0.0,0.0
12579,59.0,0.0,86.0,0.0,0.0
12580,54.0,0.0,92.0,0.0,0.0
12581,72.0,0.0,93.0,0.0,0.0
12584,55.0,0.0,77.0,0.0,0.0
12585,69.0,0.0,90.0,0.0,0.0
12586,76.0,0.0,89.0,0.0,0.0
12587,61.0,0.0,87.0,40.0,0.0
12589,60.0,0.0,80.0,0.0,0.0
12590,55.0,0.0,86.0,0.0,0.0
12592,60.0,0.0,79.0,0.0,0.0
12593,51.0,0.0,78.0,0.0,0.0
12594,47.0,0.0,85.0,0.0,0.0
12596,62.0,0.0,81.0,22.0,0.0
12598,54.0,0.0,76.0,0.0,0.0
12599,56.0,0.0,83.0,0.0,0.0
12600,56.0,0.0,84.0,0.0,0.0
12601,60.0,0.0,89.0,25.0,0.0
12602,64.0,0.0,85.0,0.0,0.0
12603,65.0,0.0,80.0,21.0,0.0
12604,66.0,0.0,80.0,4.0,0.0
12605,47.0,0.0,77.0,11.0,0.0
12606,46.0,0.0,78.0,0.0,0.0
12607,64.0,0.0,76.0,0.0,0.0
12608,71.0,0.0,91.0,68.0,0.0
12610,56.0,0.0,88.0,0.0,0.0
12611,58.0,0.0,90.0,0.0,0.0
12612,63.0,0.0,92.0,0.0,0.0
12614,60.0,0.0,81.0,0.0,0.0
12615,58.0,0.0,80.0,0.0,0.0
12617,50.0,0.0,80.0,0.0,0.0
12618,58.0,0.0,82.0,0.0,0.0
12619,64.0,0.0,87.0,0.0,0.0
12620,70.0,0.0,88.0,0.0,0.0
12621,59.0,0.0,94.0,0.0,0.0
12623,59.0,0.0,80.0,22.0,0.0
12625,54.0,0.0,76.0,70.0,0.0
12640,64.0,0.0,83.0,0.0,0.0
12641,58.0,0.0,82.0,0.0,0.0
12642,61.0,0.0,83.0,0.0,0.0
12643,61.0,0.0,83.0,0.0,0.0
12644,52.0,0.0,84.0,0.0,0.0
12645,61.0,0.0,87.0,0.0,0.0
12646,72.0,0.0,86.0,17.0,0.0
12647,64.0,0.0,84.0,0.0,0.0
12649,50.0,0.0,75.0,0.0,0.0
12650,47.0,0.0,83.0,0.0,0.0
12651,62.0,0.0,84.0,0.0,0.0
12653,47.0,0.0,73.0,0.0,0.0
12654,47.0,0.0,78.0,0.0,0.0
12655,46.0,0.0,80.0,0.0,0.0
12656,55.0,0.0,85.0,0.0,0.0
12657,65.0,0.0,85.0,4.0,0.0
12658,69.0,0.0,89.0,0.0,0.0
12660,48.0,0.0,81.0,0.0,0.0
12661,55.0,0.0,76.0,31.0,0.0
12662,61.0,0.0,87.0,0.0,0.0
12664,46.0,0.0,77.0,2.0,0.0
12665,42.0,0.0,67.0,0.0,0.0
12666,41.0,0.0,70.0,0.0,0.0
12667,51.0,0.0,74.0,0.0,0.0
12668,55.0,0.0,79.0,31.0,0.0
12669,58.0,0.0,78.0,0.0,0.0
12670,62.0,0.0,77.0,44.0,0.0
12671,63.0,0.0,78.0,0.0,0.0
12672,53.0,0.0,78.0,0.0,0.0
12673,58.0,0.0,79.0,0.0,0.0
12674,58.0,0.0,75.0,22.0,0.0
12675,59.0,0.0,66.0,38.0,0.0
12677,38.0,0.0,67.0,0.0,0.0
12678,39.0,0.0,71.0,0.0,0.0
12679,50.0,0.0,80.0,0.0,0.0
12680,60.0,0.0,81.0,0.0,0.0
12681,49.0,0.0,81.0,0.0,0.0
12682,53.0,0.0,85.0,0.0,0.0
12683,63.0,0.0,84.0,8.0,0.0
12684,63.0,0.0,78.0,5.0,0.0
12685,66.0,0.0,82.0,0.0,0.0
12686,40.0,0.0,80.0,51.0,0.0
12687,40.0,0.0,54.0,0.0,0.0
12688,43.0,0.0,57.0,8.0,0.0
12689,41.0,0.0,57.0,0.0,0.0
12690,38.0,0.0,58.0,0.0,0.0
12691,35.0,0.0,61.0,0.0,0.0
12692,31.0,0.0,66.0,0.0,0.0
12693,49.0,0.0,73.0,0.0,0.0
12694,35.0,0.0,70.0,0.0,0.0
12695,41.0,0.0,68.0,0.0,0.0
12696,47.0,0.0,71.0,0.0,0.0
12697,56.0,0.0,72.0,10.0,0.0
12698,57.0,0.0,72.0,100.0,0.0
12699,58.0,0.0,71.0,11.0,0.0
12700,59.0,0.0,71.0,2.0,0.0
12701,45.0,0.0,67.0,0.0,0.0
12702,47.0,0.0,68.0,0.0,0.0
12703,46.0,0.0,68.0,0.0,0.0
12705,58.0,0.0,71.0,17.0,0.0
12706,52.0,0.0,76.0,54.0,0.0
12707,57.0,0.0,77.0,0.0,0.0
12708,41.0,0.0,75.0,0.0,0.0
12709,55.0,0.0,69.0,0.0,0.0
12710,35.0,0.0,67.0,14.0,0.0
12711,46.0,0.0,64.0,45.0,0.0
12712,42.0,0.0,61.0,0.0,0.0
12713,37.0,0.0,57.0,0.0,0.0
12714,35.0,0.0,56.0,0.0,0.0
12715,36.0,0.0,57.0,0.0,0.0
12716,51.0,0.0,64.0,8.0,0.0
12717,56.0,0.0,77.0,0.0,0.0
12720,34.0,0.0,64.0,0.0,0.0
12721,41.0,0.0,62.0,0.0,0.0
12723,30.0,0.0,60.0,65.0,0.0
12724,24.0,0.0,50.0,0.0,0.0
12725,36.0,0.0,60.0,8.0,0.0
12726,39.0,0.0,56.0,0.0,0.0
12727,33.0,0.0,57.0,0.0,0.0
12728,24.0,0.0,52.0,0.0,0.0
12729,35.0,0.0,57.0,0.0,0.0
12730,46.0,0.0,57.0,4.0,0.0
12731,48.0,0.0,57.0,44.0,0.0
12733,26.0,0.0,39.0,0.0,1.0
12734,21.0,0.0,46.0,0.0,1.0
12735,24.0,0.0,48.0,0.0,0.0
12736,40.0,0.0,55.0,1.0,0.0
12737,30.0,0.0,49.0,10.0,0.0
12738,24.0,0.0,42.0,0.0,0.0
12739,28.0,0.0,42.0,0.0,0.0
12740,24.0,0.0,40.0,0.0,0.0
12741,15.0,0.0,35.0,0.0,0.0
12742,25.0,0.0,34.0,0.0,0.0
12743,14.0,0.0,37.0,0.0,0.0
12744,27.0,0.0,46.0,0.0,0.0
12745,26.0,0.0,50.0,0.0,0.0
12746,28.0,0.0,54.0,0.0,0.0
12747,33.0,0.0,63.0,0.0,0.0
12748,43.0,0.0,61.0,0.0,0.0
12749,31.0,0.0,59.0,47.0,0.0
12750,30.0,0.0,47.0,0.0,0.0
12751,34.0,0.0,46.0,0.0,0.0
12757,21.0,5.0,26.0,4.0,1.0
12759,21.0,0.0,40.0,0.0,0.0
12760,29.0,0.0,39.0,0.0,0.0
12761,21.0,0.0,42.0,5.0,0.0
12762,28.0,0.0,40.0,0.0,0.0
12763,36.0,0.0,50.0,5.0,0.0
12764,35.0,0.0,56.0,25.0,0.0
12765,32.0,0.0,43.0,36.0,0.0
12766,36.0,0.0,46.0,4.0,0.0
12767,39.0,0.0,62.0,0.0,0.0
12768,35.0,0.0,60.0,0.0,0.0
12769,31.0,0.0,53.0,0.0,0.0
12770,27.0,0.0,36.0,20.0,0.0
12771,25.0,0.0,33.0,0.0,0.0
12772,26.0,0.0,44.0,0.0,0.0
12773,28.0,0.0,52.0,61.0,0.0
12774,29.0,0.0,49.0,0.0,0.0
12775,23.0,0.0,36.0,0.0,0.0
12776,9.0,0.0,31.0,5.0,0.0
12777,14.0,0.0,37.0,0.0,0.0
12778,22.0,25.0,38.0,12.0,3.0
12779,36.0,0.0,62.0,14.0,0.0
12780,47.0,0.0,62.0,30.0,0.0
12781,32.0,0.0,48.0,17.0,0.0
12782,29.0,0.0,36.0,0.0,0.0
12783,29.0,0.0,46.0,155.0,0.0
12784,25.0,0.0,31.0,0.0,0.0
12785,19.0,0.0,27.0,0.0,0.0
12786,16.0,0.0,35.0,0.0,0.0
12787,28.0,0.0,36.0,0.0,0.0
12788,27.0,0.0,34.0,0.0,0.0
12789,31.0,0.0,34.0,0.0,0.0
12790,15.0,0.0,33.0,0.0,0.0
12791,8.0,0.0,22.0,0.0,0.0
12792,16.0,0.0,24.0,0.0,0.0
12793,9.0,30.0,23.0,4.0,3.0
12794,11.0,0.0,23.0,0.0,3.0
12795,13.0,0.0,25.0,0.0,3.0
12796,22.0,0.0,31.0,0.0,1.0
12797,4.0,0.0,25.0,0.0,1.0
12798,8.0,0.0,20.0,0.0,1.0
12799,17.0,10.0,27.0,6.0,1.0
12800,14.0,3.0,27.0,1.0,2.0
12802,-16.0,0.0,1.0,0.0,4.0
12803,-18.0,0.0,15.0,0.0,4.0
12804,11.0,0.0,25.0,0.0,4.0
12805,16.0,0.0,23.0,0.0,4.0
12806,18.0,0.0,28.0,0.0,3.0
12808,8.0,0.0,24.0,0.0,5.0
12809,8.0,0.0,28.0,0.0,5.0
12810,20.0,0.0,27.0,0.0,4.0
12811,19.0,0.0,24.0,0.0,4.0
12812,5.0,0.0,28.0,0.0,4.0
12813,19.0,10.0,28.0,4.0,5.0
12814,7.0,0.0,27.0,0.0,5.0
12815,-7.0,0.0,12.0,0.0,5.0
12816,-8.0,0.0,16.0,0.0,5.0
12817,-9.0,0.0,23.0,0.0,4.0
12818,8.0,10.0,23.0,3.0,5.0
12819,4.0,5.0,24.0,1.0,6.0
12821,-8.0,0.0,18.0,0.0,5.0
12822,-10.0,0.0,23.0,0.0,5.0
12823,1.0,0.0,23.0,0.0,5.0
12824,21.0,40.0,37.0,22.0,9.0
12825,30.0,0.0,35.0,81.0,7.0
12826,21.0,20.0,32.0,5.0,9.0
12827,17.0,20.0,24.0,2.0,11.0
12828,8.0,10.0,22.0,1.0,12.0
12829,3.0,0.0,31.0,0.0,12.0
12830,26.0,5.0,34.0,2.0,12.0
12831,14.0,0.0,40.0,0.0,11.0
12832,17.0,0.0,38.0,0.0,9.0
12833,12.0,0.0,40.0,0.0,8.0
12834,23.0,0.0,41.0,0.0,8.0
12835,37.0,0.0,45.0,24.0,8.0
12836,39.0,0.0,47.0,75.0,0.0
12837,38.0,0.0,54.0,20.0,0.0
12838,32.0,0.0,41.0,0.0,0.0
12839,33.0,0.0,46.0,0.0,0.0
12840,26.0,0.0,46.0,19.0,0.0
12841,23.0,0.0,42.0,0.0,0.0
12842,34.0,0.0,45.0,0.0,0.0
12843,31.0,0.0,45.0,0.0,0.0
12844,28.0,0.0,40.0,0.0,0.0
12846,26.0,0.0,50.0,44.0,0.0
12847,16.0,0.0,32.0,0.0,0.0
12848,24.0,0.0,39.0,0.0,0.0
12849,37.0,0.0,51.0,2.0,0.0
12850,35.0,0.0,51.0,0.0,0.0
12851,31.0,0.0,61.0,0.0,0.0
12852,41.0,0.0,60.0,0.0,0.0
12853,45.0,0.0,54.0,40.0,0.0
12854,28.0,0.0,46.0,0.0,0.0
12856,26.0,0.0,47.0,0.0,0.0
12857,38.0,0.0,53.0,0.0,0.0
12858,26.0,0.0,49.0,0.0,0.0
12859,17.0,0.0,41.0,0.0,0.0
12860,31.0,0.0,61.0,0.0,0.0
12861,32.0,0.0,60.0,0.0,0.0
12862,22.0,0.0,50.0,0.0,0.0
12863,25.0,0.0,48.0,0.0,0.0
12864,34.0,0.0,41.0,24.0,0.0
12866,31.0,0.0,48.0,0.0,0.0
12867,23.0,0.0,60.0,0.0,0.0
12868,42.0,0.0,60.0,0.0,0.0
12869,54.0,0.0,63.0,7.0,0.0
12870,49.0,0.0,60.0,211.0,0.0
12871,35.0,0.0,56.0,15.0,0.0
12872,35.0,0.0,57.0,114.0,0.0
12873,34.0,0.0,53.0,0.0,0.0
12875,45.0,0.0,54.0,11.0,0.0
12876,34.0,0.0,66.0,0.0,0.0
12877,47.0,0.0,67.0,0.0,0.0
12878,43.0,0.0,54.0,87.0,0.0
12879,36.0,0.0,53.0,0.0,0.0
12880,28.0,0.0,52.0,0.0,0.0
12881,20.0,20.0,37.0,8.0,2.0
12882,33.0,0.0,47.0,0.0,0.0
12883,41.0,0.0,55.0,0.0,0.0
12884,39.0,0.0,70.0,0.0,0.0
12885,38.0,0.0,70.0,0.0,0.0
12886,48.0,0.0,75.0,0.0,0.0
12887,49.0,0.0,75.0,3.0,0.0
12888,48.0,0.0,75.0,0.0,0.0
12889,38.0,0.0,67.0,0.0,0.0
12890,58.0,0.0,82.0,0.0,0.0
12891,57.0,0.0,87.0,0.0,0.0
12892,58.0,0.0,85.0,0.0,0.0
12893,53.0,0.0,84.0,0.0,0.0
12894,54.0,0.0,85.0,0.0,0.0
12895,56.0,0.0,83.0,0.0,0.0
12896,58.0,0.0,79.0,0.0,0.0
12897,47.0,0.0,74.0,38.0,0.0
12898,45.0,0.0,81.0,0.0,0.0
12900,50.0,0.0,75.0,0.0,0.0
12901,35.0,0.0,72.0,0.0,0.0
12902,39.0,0.0,78.0,0.0,0.0
12903,50.0,0.0,78.0,0.0,0.0
12904,44.0,0.0,66.0,11.0,0.0
12905,42.0,0.0,67.0,0.0,0.0
12906,41.0,0.0,74.0,0.0,0.0
12907,49.0,0.0,78.0,1.0,0.0
12908,55.0,0.0,80.0,0.0,0.0
12909,38.0,0.0,77.0,0.0,0.0
12910,46.0,0.0,73.0,0.0,0.0
12911,40.0,0.0,81.0,0.0,0.0
12912,53.0,0.0,84.0,0.0,0.0
12913,58.0,0.0,84.0,0.0,0.0
12914,66.0,0.0,85.0,0.0,0.0
12915,53.0,0.0,84.0,0.0,0.0
12916,56.0,0.0,88.0,0.0,0.0
12917,61.0,0.0,80.0,0.0,0.0
12918,56.0,0.0,78.0,14.0,0.0
12919,52.0,0.0,62.0,15.0,0.0
12920,49.0,0.0,66.0,13.0,0.0
12922,59.0,0.0,82.0,0.0,0.0
12923,46.0,0.0,66.0,32.0,0.0
12924,41.0,0.0,67.0,0.0,0.0
12925,45.0,0.0,74.0,0.0,0.0
12926,44.0,0.0,80.0,0.0,0.0
12927,50.0,0.0,86.0,0.0,0.0
12928,63.0,0.0,86.0,0.0,0.0
12929,62.0,0.0,85.0,29.0,0.0
12930,53.0,0.0,69.0,118.0,0.0
12931,42.0,0.0,70.0,0.0,0.0
12932,49.0,0.0,79.0,0.0,0.0
12933,68.0,0.0,85.0,0.0,0.0
12934,53.0,0.0,83.0,0.0,0.0
12935,62.0,0.0,81.0,0.0,0.0
12936,53.0,0.0,81.0,41.0,0.0
12937,49.0,0.0,70.0,0.0,0.0
12938,50.0,0.0,73.0,0.0,0.0
12939,50.0,0.0,76.0,0.0,0.0
12940,51.0,0.0,81.0,0.0,0.0
12941,59.0,0.0,90.0,0.0,0.0
12942,65.0,0.0,88.0,72.0,0.0
12943,56.0,0.0,83.0,0.0,0.0
12944,48.0,0.0,78.0,0.0,0.0
12945,48.0,0.0,59.0,47.0,0.0
12946,49.0,0.0,70.0,2.0,0.0
12947,53.0,0.0,73.0,0.0,0.0
12949,57.0,0.0,72.0,20.0,0.0
12950,53.0,0.0,78.0,13.0,0.0
12951,62.0,0.0,76.0,27.0,0.0
12952,48.0,0.0,72.0,0.0,0.0
12953,50.0,0.0,74.0,0.0,0.0
12954,52.0,0.0,82.0,0.0,0.0
12955,58.0,0.0,82.0,0.0,0.0
12956,57.0,0.0,83.0,0.0,0.0
12957,61.0,0.0,83.0,0.0,0.0
12958,49.0,0.0,81.0,0.0,0.0
12959,51.0,0.0,83.0,0.0,0.0
12960,52.0,0.0,80.0,0.0,0.0
12961,53.0,0.0,79.0,0.0,0.0
12962,52.0,0.0,85.0,0.0,0.0
12963,56.0,0.0,81.0,0.0,0.0
12964,58.0,0.0,78.0,0.0,0.0
12965,58.0,0.0,80.0,0.0,0.0
12966,59.0,0.0,81.0,97.0,0.0
12967,56.0,0.0,85.0,0.0,0.0
12968,64.0,0.0,85.0,10.0,0.0
12969,60.0,0.0,79.0,23.0,0.0
12970,54.0,0.0,80.0,0.0,0.0
12971,69.0,0.0,91.0,0.0,0.0
12972,70.0,0.0,91.0,0.0,0.0
12973,66.0,0.0,89.0,104.0,0.0
12974,56.0,0.0,87.0,0.0,0.0
12975,58.0,0.0,86.0,0.0,0.0
12976,64.0,0.0,85.0,0.0,0.0
12977,68.0,0.0,86.0,0.0,0.0
12978,69.0,0.0,86.0,28.0,0.0
12979,54.0,0.0,84.0,0.0,0.0
12980,52.0,0.0,80.0,0.0,0.0
12981,50.0,0.0,85.0,0.0,0.0
12982,57.0,0.0,87.0,0.0,0.0
12983,69.0,0.0,87.0,0.0,0.0
12984,65.0,0.0,83.0,0.0,0.0
12985,61.0,0.0,82.0,0.0,0.0
12986,50.0,0.0,80.0,0.0,0.0
12987,48.0,0.0,89.0,0.0,0.0
12988,70.0,0.0,90.0,0.0,0.0
12989,67.0,0.0,90.0,63.0,0.0
12990,54.0,0.0,84.0,0.0,0.0
12991,58.0,0.0,87.0,0.0,0.0
12992,56.0,0.0,90.0,0.0,0.0
12993,60.0,0.0,89.0,0.0,0.0
12994,63.0,0.0,84.0,37.0,0.0
12995,58.0,0.0,77.0,12.0,0.0
12996,50.0,0.0,78.0,0.0,0.0
12997,50.0,0.0,84.0,0.0,0.0
12998,53.0,0.0,87.0,0.0,0.0
12999,64.0,0.0,79.0,21.0,0.0
13000,64.0,0.0,80.0,48.0,0.0
13001,67.0,0.0,84.0,24.0,0.0
13002,57.0,0.0,83.0,21.0,0.0
13003,54.0,0.0,85.0,0.0,0.0
13004,59.0,0.0,85.0,0.0,0.0
13005,59.0,0.0,80.0,18.0,0.0
13006,53.0,0.0,83.0,0.0,0.0
13007,66.0,0.0,86.0,0.0,0.0
13008,67.0,0.0,87.0,67.0,0.0
13009,65.0,0.0,80.0,52.0,0.0
13010,63.0,0.0,78.0,43.0,0.0
13011,56.0,0.0,83.0,0.0,0.0
13012,61.0,0.0,83.0,0.0,0.0
13013,50.0,0.0,83.0,0.0,0.0
13014,51.0,0.0,72.0,13.0,0.0
13015,56.0,0.0,73.0,0.0,0.0
13016,46.0,0.0,77.0,0.0,0.0
13017,53.0,0.0,79.0,0.0,0.0
13018,61.0,0.0,77.0,10.0,0.0
13019,59.0,0.0,79.0,0.0,0.0
13020,60.0,0.0,77.0,15.0,0.0
13021,55.0,0.0,79.0,0.0,0.0
13022,59.0,0.0,80.0,0.0,0.0
13023,58.0,0.0,80.0,0.0,0.0
13024,62.0,0.0,80.0,36.0,0.0
13025,52.0,0.0,76.0,0.0,0.0
13026,49.0,0.0,82.0,0.0,0.0
13027,64.0,0.0,82.0,0.0,0.0
13028,61.0,0.0,87.0,0.0,0.0
13029,69.0,0.0,86.0,0.0,0.0
13030,69.0,0.0,85.0,0.0,0.0
13031,70.0,0.0,82.0,0.0,0.0
13032,71.0,0.0,92.0,34.0,0.0
13033,68.0,0.0,91.0,0.0,0.0
13035,63.0,0.0,85.0,55.0,0.0
13036,48.0,0.0,69.0,0.0,0.0
13037,45.0,0.0,69.0,0.0,0.0
13038,39.0,0.0,63.0,0.0,0.0
13039,37.0,0.0,68.0,0.0,0.0
13040,39.0,0.0,70.0,0.0,0.0
13041,39.0,0.0,75.0,0.0,0.0
13042,45.0,0.0,78.0,0.0,0.0
13044,54.0,0.0,85.0,0.0,0.0
13045,53.0,0.0,85.0,0.0,0.0
13046,59.0,0.0,81.0,0.0,0.0
13047,56.0,0.0,85.0,0.0,0.0
13048,56.0,0.0,86.0,0.0,0.0
13049,44.0,0.0,69.0,101.0,0.0
13050,35.0,0.0,64.0,0.0,0.0
13051,54.0,0.0,65.0,11.0,0.0
13052,41.0,0.0,64.0,0.0,0.0
13053,40.0,0.0,71.0,0.0,0.0
13054,39.0,0.0,74.0,0.0,0.0
13055,50.0,0.0,74.0,0.0,0.0
13056,44.0,0.0,73.0,22.0,0.0
13057,32.0,0.0,61.0,0.0,0.0
13058,32.0,0.0,67.0,0.0,0.0
13059,50.0,0.0,69.0,0.0,0.0
13060,47.0,0.0,55.0,25.0,0.0
13061,42.0,0.0,55.0,0.0,0.0
13062,33.0,0.0,70.0,0.0,0.0
13063,51.0,0.0,70.0,0.0,0.0
13064,58.0,0.0,72.0,0.0,0.0
13065,55.0,0.0,72.0,0.0,0.0
13066,45.0,0.0,57.0,14.0,0.0
13067,46.0,0.0,69.0,32.0,0.0
13068,56.0,0.0,71.0,11.0,0.0
13069,51.0,0.0,65.0,0.0,0.0
13070,57.0,0.0,65.0,54.0,0.0
13071,39.0,0.0,65.0,0.0,0.0
13072,31.0,0.0,67.0,0.0,0.0
13073,43.0,0.0,74.0,0.0,0.0
13074,50.0,0.0,69.0,128.0,0.0
13076,47.0,0.0,59.0,0.0,0.0
13077,50.0,0.0,58.0,0.0,0.0
13078,52.0,0.0,71.0,0.0,0.0
13079,58.0,0.0,74.0,13.0,0.0
13080,37.0,0.0,73.0,10.0,0.0
13081,37.0,0.0,68.0,0.0,0.0
13082,43.0,0.0,67.0,0.0,0.0
13083,35.0,0.0,55.0,0.0,0.0
13084,36.0,0.0,53.0,0.0,0.0
13085,41.0,0.0,52.0,0.0,0.0
13086,40.0,0.0,55.0,0.0,0.0
13087,50.0,0.0,69.0,0.0,0.0
13088,49.0,0.0,67.0,10.0,0.0
13089,44.0,0.0,52.0,11.0,0.0
13090,42.0,0.0,48.0,15.0,0.0
13093,47.0,0.0,55.0,2.0,0.0
13094,32.0,0.0,56.0,0.0,0.0
13095,43.0,0.0,54.0,0.0,0.0
13096,37.0,0.0,55.0,92.0,0.0
13097,33.0,0.0,40.0,21.0,0.0
13098,35.0,0.0,52.0,0.0,0.0
13099,46.0,0.0,59.0,6.0,0.0
13100,46.0,0.0,56.0,20.0,0.0
13101,36.0,0.0,56.0,0.0,0.0
13102,39.0,0.0,50.0,83.0,0.0
13103,36.0,0.0,51.0,9.0,0.0
13104,34.0,0.0,57.0,0.0,0.0
13105,56.0,0.0,65.0,94.0,0.0
13106,30.0,0.0,67.0,43.0,0.0
13107,23.0,0.0,36.0,0.0,0.0
13108,25.0,0.0,37.0,0.0,0.0
13109,29.0,0.0,38.0,0.0,0.0
13110,26.0,0.0,37.0,0.0,0.0
13111,26.0,0.0,34.0,0.0,0.0
13112,30.0,0.0,54.0,76.0,0.0
13113,33.0,0.0,50.0,30.0,0.0
13114,30.0,25.0,38.0,12.0,3.0
13115,29.0,0.0,37.0,0.0,1.0
13116,34.0,0.0,40.0,0.0,0.0
13120,22.0,0.0,31.0,0.0,0.0
13121,19.0,0.0,34.0,0.0,0.0
13122,22.0,5.0,33.0,0.0,1.0
13123,29.0,0.0,33.0,0.0,0.0
13124,24.0,0.0,41.0,0.0,0.0
13125,26.0,0.0,38.0,0.0,0.0
13126,32.0,0.0,44.0,0.0,0.0
13127,31.0,0.0,43.0,92.0,0.0
13128,30.0,0.0,40.0,22.0,0.0
13129,19.0,0.0,33.0,0.0,0.0
13130,6.0,0.0,26.0,0.0,0.0
13131,8.0,0.0,30.0,0.0,0.0
13132,26.0,0.0,31.0,0.0,0.0
13134,1.0,5.0,16.0,1.0,1.0
13136,1.0,0.0,20.0,0.0,1.0
13137,1.0,3.0,19.0,0.0,1.0
13138,5.0,5.0,33.0,1.0,2.0
13139,16.0,0.0,34.0,0.0,2.0
13140,15.0,0.0,33.0,0.0,1.0
13142,-2.0,0.0,14.0,0.0,1.0
13143,0.0,15.0,24.0,8.0,3.0
13171,20.0,0.0,33.0,0.0,0.0
13172,29.0,0.0,38.0,0.0,0.0
13173,22.0,10.0,35.0,1.0,1.0
13175,-3.0,10.0,14.0,12.0,2.0
13176,11.0,5.0,25.0,3.0,3.0
13178,13.0,0.0,31.0,0.0,2.0
13179,24.0,0.0,45.0,1.0,1.0
13180,31.0,0.0,45.0,4.0,0.0
13181,28.0,0.0,34.0,0.0,0.0
13182,29.0,0.0,35.0,25.0,0.0
13183,32.0,0.0,38.0,42.0,0.0
13184,25.0,0.0,34.0,0.0,0.0
13186,9.0,25.0,32.0,13.0,5.0
13187,21.0,0.0,29.0,0.0,4.0
13188,3.0,0.0,25.0,0.0,4.0
13189,-3.0,0.0,21.0,0.0,4.0
13190,-2.0,0.0,19.0,0.0,3.0
13191,-5.0,0.0,14.0,0.0,3.0
13192,12.0,0.0,26.0,0.0,3.0
13193,11.0,20.0,26.0,8.0,5.0
13194,11.0,0.0,29.0,0.0,4.0
13195,27.0,0.0,34.0,40.0,3.0
13196,31.0,0.0,44.0,0.0,2.0
13197,33.0,0.0,44.0,19.0,1.0
13198,32.0,0.0,38.0,32.0,0.0
13199,19.0,30.0,36.0,27.0,3.0
13200,8.0,0.0,31.0,0.0,3.0
13202,19.0,0.0,32.0,0.0,3.0
13203,9.0,0.0,31.0,0.0,2.0
13204,20.0,0.0,31.0,0.0,2.0
13205,15.0,30.0,31.0,8.0,5.0
13206,3.0,0.0,27.0,0.0,4.0
13207,4.0,0.0,27.0,0.0,4.0
13208,18.0,0.0,39.0,0.0,2.0
13209,30.0,20.0,37.0,15.0,4.0
13210,30.0,0.0,41.0,0.0,3.0
13211,25.0,0.0,42.0,0.0,1.0
13212,29.0,0.0,40.0,14.0,1.0
13214,5.0,0.0,26.0,0.0,0.0
13215,24.0,0.0,58.0,0.0,0.0
13216,38.0,0.0,62.0,0.0,0.0
13217,31.0,0.0,55.0,37.0,0.0
13218,29.0,0.0,45.0,0.0,0.0
13219,35.0,0.0,60.0,70.0,0.0
13220,36.0,0.0,58.0,0.0,0.0
13221,36.0,0.0,53.0,0.0,0.0
13222,32.0,0.0,41.0,0.0,0.0
13223,33.0,0.0,41.0,0.0,0.0
13224,31.0,0.0,56.0,0.0,0.0
13225,35.0,0.0,56.0,92.0,0.0
13227,13.0,0.0,32.0,0.0,0.0
13228,25.0,0.0,44.0,0.0,0.0
13229,35.0,0.0,60.0,0.0,0.0
13230,23.0,0.0,60.0,0.0,0.0
13231,39.0,0.0,71.0,0.0,0.0
13232,50.0,0.0,71.0,0.0,0.0
13233,29.0,0.0,56.0,8.0,0.0
13234,32.0,0.0,67.0,0.0,0.0
13235,47.0,0.0,76.0,0.0,0.0
13236,58.0,0.0,79.0,0.0,0.0
13237,38.0,0.0,79.0,0.0,0.0
13238,49.0,0.0,78.0,0.0,0.0
13239,32.0,0.0,56.0,27.0,0.0
13240,33.0,0.0,60.0,0.0,0.0
13241,42.0,0.0,57.0,36.0,0.0
13242,41.0,0.0,65.0,19.0,0.0
13244,45.0,0.0,68.0,0.0,0.0
13245,38.0,0.0,66.0,0.0,0.0
13246,35.0,0.0,55.0,0.0,0.0
13247,29.0,0.0,49.0,0.0,0.0
13248,29.0,0.0,59.0,0.0,0.0
13249,27.0,0.0,59.0,0.0,0.0
13250,35.0,0.0,56.0,10.0,0.0
13251,31.0,0.0,67.0,0.0,0.0
13253,26.0,0.0,43.0,9.0,0.0
13254,40.0,0.0,61.0,11.0,0.0
13255,35.0,0.0,68.0,0.0,0.0
13256,43.0,0.0,67.0,0.0,0.0
13257,39.0,0.0,65.0,0.0,0.0
13258,41.0,0.0,51.0,70.0,0.0
13259,26.0,0.0,46.0,0.0,0.0
13260,23.0,0.0,55.0,0.0,0.0
13261,35.0,0.0,69.0,0.0,0.0
13262,47.0,0.0,82.0,0.0,0.0
13263,56.0,0.0,84.0,0.0,0.0
13264,49.0,0.0,88.0,0.0,0.0
13265,54.0,0.0,83.0,0.0,0.0
13266,50.0,0.0,70.0,20.0,0.0
13267,52.0,0.0,69.0,21.0,0.0
13268,50.0,0.0,65.0,47.0,0.0
13269,32.0,0.0,63.0,0.0,0.0
13270,28.0,0.0,56.0,0.0,0.0
13271,32.0,0.0,68.0,0.0,0.0
13272,55.0,0.0,80.0,0.0,0.0
13273,63.0,0.0,82.0,0.0,0.0
13274,60.0,0.0,82.0,31.0,0.0
13275,45.0,0.0,79.0,0.0,0.0
13276,45.0,0.0,69.0,0.0,0.0
13277,44.0,0.0,76.0,0.0,0.0
13278,45.0,0.0,76.0,0.0,0.0
13279,48.0,0.0,71.0,0.0,0.0
13280,53.0,0.0,73.0,0.0,0.0
13281,56.0,0.0,76.0,0.0,0.0
13282,52.0,0.0,76.0,0.0,0.0
13283,53.0,0.0,79.0,13.0,0.0
13284,57.0,0.0,81.0,36.0,0.0
13285,62.0,0.0,82.0,35.0,0.0
13286,52.0,0.0,62.0,70.0,0.0
13288,46.0,0.0,56.0,2.0,0.0
13289,44.0,0.0,56.0,8.0,0.0
13290,41.0,0.0,67.0,0.0,0.0
13291,45.0,0.0,73.0,0.0,0.0
13292,53.0,0.0,72.0,0.0,0.0
13293,54.0,0.0,75.0,0.0,0.0
13294,60.0,0.0,78.0,40.0,0.0
13295,59.0,0.0,76.0,9.0,0.0
13296,53.0,0.0,83.0,0.0,0.0
13297,61.0,0.0,83.0,0.0,0.0
13298,63.0,0.0,85.0,0.0,0.0
13299,59.0,0.0,86.0,0.0,0.0
13300,45.0,0.0,65.0,0.0,0.0
13301,40.0,0.0,75.0,0.0,0.0
13302,44.0,0.0,85.0,0.0,0.0
13303,64.0,0.0,84.0,58.0,0.0
13304,57.0,0.0,68.0,118.0,0.0
13305,58.0,0.0,82.0,16.0,0.0
13306,63.0,0.0,80.0,9.0,0.0
13307,55.0,0.0,79.0,0.0,0.0
13308,53.0,0.0,82.0,0.0,0.0
13309,66.0,0.0,81.0,49.0,0.0
13310,59.0,0.0,82.0,15.0,0.0
13311,57.0,0.0,78.0,2.0,0.0
13312,57.0,0.0,80.0,0.0,0.0
13313,59.0,0.0,81.0,60.0,0.0
13315,52.0,0.0,83.0,0.0,0.0
13316,46.0,0.0,76.0,0.0,0.0
13317,60.0,0.0,76.0,0.0,0.0
13318,64.0,0.0,77.0,47.0,0.0
13319,51.0,0.0,82.0,0.0,0.0
13320,70.0,0.0,90.0,0.0,0.0
13321,65.0,0.0,88.0,45.0,0.0
13322,55.0,0.0,83.0,0.0,0.0
13323,45.0,0.0,74.0,0.0,0.0
13324,51.0,0.0,83.0,0.0,0.0
13325,69.0,0.0,89.0,0.0,0.0
13326,68.0,0.0,85.0,35.0,0.0
13327,58.0,0.0,84.0,0.0,0.0
13328,54.0,0.0,83.0,0.0,0.0
13329,53.0,0.0,74.0,61.0,0.0
13330,62.0,0.0,75.0,60.0,0.0
13331,50.0,0.0,73.0,2.0,0.0
13332,50.0,0.0,82.0,0.0,0.0
13333,64.0,0.0,88.0,0.0,0.0
13334,72.0,0.0,92.0,0.0,0.0
13335,71.0,0.0,91.0,0.0,0.0
13336,71.0,0.0,91.0,0.0,0.0
13337,68.0,0.0,87.0,109.0,0.0
13338,58.0,0.0,80.0,8.0,0.0
13339,60.0,0.0,79.0,39.0,0.0
13340,68.0,0.0,81.0,34.0,0.0
13341,70.0,0.0,85.0,13.0,0.0
13342,60.0,0.0,83.0,0.0,0.0
13343,58.0,0.0,87.0,0.0,0.0
13344,60.0,0.0,91.0,166.0,0.0
13345,73.0,0.0,93.0,10.0,0.0
13346,75.0,0.0,93.0,0.0,0.0
13347,73.0,0.0,92.0,0.0,0.0
13348,70.0,0.0,90.0,3.0,0.0
13349,63.0,0.0,85.0,0.0,0.0
13350,58.0,0.0,84.0,0.0,0.0
13351,59.0,0.0,86.0,0.0,0.0
13352,60.0,0.0,89.0,0.0,0.0
13353,66.0,0.0,90.0,0.0,0.0
13354,68.0,0.0,88.0,124.0,0.0
13355,62.0,0.0,85.0,0.0,0.0
13356,64.0,0.0,85.0,0.0,0.0
13357,59.0,0.0,85.0,0.0,0.0
13358,55.0,0.0,83.0,0.0,0.0
13359,59.0,0.0,85.0,0.0,0.0
13360,64.0,0.0,85.0,65.0,0.0
13361,58.0,0.0,83.0,0.0,0.0
13362,53.0,0.0,76.0,0.0,0.0
13363,52.0,0.0,79.0,0.0,0.0
13364,57.0,0.0,80.0,0.0,0.0
13365,62.0,0.0,81.0,0.0,0.0
13366,61.0,0.0,78.0,134.0,0.0
13367,64.0,0.0,80.0,0.0,0.0
13368,58.0,0.0,83.0,0.0,0.0
13369,58.0,0.0,81.0,0.0,0.0
13370,52.0,0.0,72.0,51.0,0.0
13371,45.0,0.0,75.0,0.0,0.0
13372,47.0,0.0,77.0,0.0,0.0
13373,54.0,0.0,81.0,0.0,0.0
13374,65.0,0.0,86.0,0.0,0.0
13375,67.0,0.0,92.0,108.0,0.0
13376,60.0,0.0,87.0,0.0,0.0
13377,61.0,0.0,83.0,2.0,0.0
13378,57.0,0.0,81.0,0.0,0.0
13379,59.0,0.0,83.0,0.0,0.0
13380,63.0,0.0,85.0,0.0,0.0
13381,59.0,0.0,81.0,0.0,0.0
13382,67.0,0.0,82.0,0.0,0.0
13383,51.0,0.0,77.0,0.0,0.0
13384,51.0,0.0,77.0,0.0,0.0
13385,62.0,0.0,76.0,0.0,0.0
13386,57.0,0.0,76.0,222.0,0.0
13387,41.0,0.0,64.0,0.0,0.0
13388,40.0,0.0,67.0,0.0,0.0
13389,45.0,0.0,72.0,0.0,0.0
13390,49.0,0.0,76.0,0.0,0.0
13391,50.0,0.0,79.0,0.0,0.0
13392,52.0,0.0,79.0,0.0,0.0
13393,54.0,0.0,81.0,0.0,0.0
13394,65.0,0.0,82.0,15.0,0.0
13395,55.0,0.0,74.0,94.0,0.0
13397,42.0,0.0,66.0,0.0,0.0
13398,39.0,0.0,67.0,0.0,0.0
13399,40.0,0.0,73.0,0.0,0.0
13400,54.0,0.0,82.0,0.0,0.0
13401,67.0,0.0,82.0,0.0,0.0
13402,59.0,0.0,69.0,201.0,0.0
13403,46.0,0.0,73.0,0.0,0.0
13404,49.0,0.0,73.0,0.0,0.0
13405,54.0,0.0,78.0,0.0,0.0
13406,42.0,0.0,77.0,0.0,0.0
13407,41.0,0.0,69.0,0.0,0.0
13408,54.0,0.0,70.0,27.0,0.0
13409,61.0,0.0,74.0,0.0,0.0
13410,62.0,0.0,76.0,3.0,0.0
13411,56.0,0.0,74.0,0.0,0.0
13412,59.0,0.0,84.0,0.0,0.0
13413,66.0,0.0,84.0,14.0,0.0
13414,64.0,0.0,74.0,2.0,0.0
13415,67.0,0.0,86.0,84.0,0.0
13416,72.0,0.0,86.0,3.0,0.0
13417,62.0,0.0,85.0,91.0,0.0
13418,62.0,0.0,84.0,0.0,0.0
13419,66.0,0.0,87.0,19.0,0.0
13420,69.0,0.0,87.0,23.0,0.0
13421,59.0,0.0,75.0,63.0,0.0
13422,59.0,0.0,73.0,54.0,0.0
13423,59.0,0.0,73.0,104.0,0.0
13424,63.0,0.0,76.0,179.0,0.0
13425,43.0,0.0,63.0,0.0,0.0
13426,38.0,0.0,56.0,8.0,0.0
13427,35.0,0.0,62.0,0.0,0.0
13428,49.0,0.0,72.0,0.0,0.0
13429,48.0,0.0,72.0,27.0,0.0
13430,35.0,0.0,56.0,0.0,0.0
13431,38.0,0.0,68.0,0.0,0.0
13432,56.0,0.0,67.0,0.0,0.0
13433,49.0,0.0,64.0,49.0,0.0
13434,40.0,0.0,54.0,40.0,0.0
13435,39.0,0.0,54.0,0.0,0.0
13436,35.0,0.0,52.0,0.0,0.0
13437,39.0,0.0,57.0,0.0,0.0
13438,35.0,0.0,59.0,0.0,0.0
13439,32.0,0.0,62.0,0.0,0.0
13440,36.0,0.0,63.0,0.0,0.0
13441,48.0,0.0,73.0,0.0,0.0
13442,49.0,0.0,73.0,0.0,0.0
13443,52.0,0.0,72.0,0.0,0.0
13444,50.0,0.0,66.0,0.0,0.0
13445,48.0,0.0,56.0,15.0,0.0
13446,55.0,0.0,63.0,23.0,0.0
13447,51.0,0.0,62.0,4.0,0.0
13448,44.0,0.0,65.0,4.0,0.0
13449,52.0,0.0,64.0,0.0,0.0
13450,35.0,0.0,56.0,0.0,0.0
13451,34.0,0.0,66.0,0.0,0.0
13452,50.0,0.0,69.0,0.0,0.0
13453,39.0,0.0,66.0,16.0,0.0
13454,27.0,0.0,48.0,0.0,0.0
13456,35.0,0.0,50.0,0.0,0.0
13457,34.0,0.0,56.0,0.0,0.0
13458,44.0,0.0,60.0,0.0,0.0
13459,52.0,0.0,68.0,0.0,0.0
13460,40.0,0.0,61.0,0.0,0.0
13461,21.0,0.0,41.0,0.0,0.0
13462,32.0,0.0,41.0,0.0,0.0
13463,24.0,0.0,37.0,0.0,0.0
13464,14.0,0.0,32.0,0.0,0.0
13465,12.0,0.0,31.0,0.0,0.0
13466,29.0,0.0,37.0,0.0,0.0
13467,33.0,0.0,39.0,0.0,0.0
13468,31.0,0.0,54.0,0.0,0.0
13469,32.0,0.0,54.0,8.0,0.0
13470,12.0,25.0,34.0,18.0,3.0
13471,28.0,0.0,35.0,0.0,0.0
13472,31.0,25.0,35.0,48.0,3.0
13473,30.0,0.0,45.0,0.0,0.0
13474,30.0,0.0,45.0,2.0,0.0
13475,33.0,0.0,45.0,0.0,0.0
13476,27.0,0.0,46.0,0.0,0.0
13477,37.0,0.0,43.0,42.0,0.0
13478,28.0,0.0,41.0,16.0,0.0
13479,31.0,0.0,39.0,0.0,0.0
13480,31.0,0.0,39.0,0.0,0.0
13481,34.0,0.0,42.0,0.0,0.0
13513,31.0,0.0,35.0,0.0,0.0
13514,31.0,0.0,34.0,0.0,0.0
13515,28.0,0.0,38.0,0.0,0.0
13516,30.0,0.0,41.0,0.0,0.0
13517,22.0,0.0,38.0,0.0,0.0
13518,24.0,0.0,48.0,0.0,0.0
13519,36.0,0.0,46.0,0.0,0.0
13520,30.0,0.0,36.0,0.0,0.0
13521,27.0,0.0,30.0,0.0,0.0
13522,26.0,45.0,33.0,43.0,5.0
13523,28.0,10.0,33.0,3.0,3.0
13525,16.0,0.0,39.0,0.0,0.0
13526,34.0,0.0,40.0,0.0,0.0
13527,32.0,0.0,39.0,6.0,0.0
13528,24.0,0.0,32.0,0.0,0.0
13529,19.0,0.0,30.0,0.0,0.0
13530,28.0,5.0,34.0,2.0,1.0
13531,23.0,0.0,31.0,0.0,0.0
13532,10.0,60.0,25.0,21.0,6.0
13533,7.0,0.0,25.0,0.0,6.0
13534,12.0,0.0,29.0,0.0,5.0
13535,1.0,20.0,29.0,3.0,7.0
13536,-9.0,0.0,8.0,0.0,7.0
13537,-6.0,0.0,17.0,0.0,7.0
13538,-3.0,0.0,26.0,0.0,6.0
13540,16.0,5.0,29.0,0.0,7.0
13541,11.0,0.0,31.0,0.0,5.0
13542,29.0,20.0,35.0,28.0,5.0
13543,28.0,0.0,35.0,0.0,5.0
13544,26.0,0.0,38.0,0.0,5.0
13545,28.0,0.0,37.0,0.0,3.0
13546,33.0,0.0,38.0,0.0,2.0
13547,29.0,0.0,37.0,0.0,2.0
13548,16.0,0.0,37.0,0.0,1.0
13549,22.0,0.0,39.0,0.0,1.0
13550,26.0,0.0,42.0,0.0,0.0
13551,20.0,0.0,40.0,0.0,0.0
13552,12.0,0.0,30.0,0.0,0.0
13554,23.0,0.0,44.0,0.0,0.0
13555,29.0,0.0,44.0,0.0,0.0
13556,22.0,0.0,37.0,0.0,0.0
13558,7.0,0.0,23.0,0.0,0.0
13559,9.0,0.0,22.0,0.0,0.0
13560,16.0,0.0,29.0,0.0,0.0
13561,19.0,0.0,37.0,0.0,0.0
13562,17.0,0.0,42.0,0.0,0.0
13563,17.0,0.0,44.0,0.0,0.0
13564,23.0,0.0,43.0,0.0,0.0
13565,28.0,0.0,48.0,0.0,0.0
13567,25.0,0.0,45.0,0.0,0.0
13568,24.0,0.0,44.0,0.0,0.0
13569,24.0,0.0,40.0,0.0,0.0
13570,29.0,0.0,45.0,0.0,0.0
13571,35.0,0.0,42.0,0.0,0.0
13603,26.0,0.0,46.0,0.0,0.0
13604,30.0,0.0,48.0,20.0,0.0
13605,22.0,0.0,37.0,0.0,0.0
13606,27.0,0.0,42.0,0.0,0.0
13607,34.0,0.0,49.0,41.0,0.0
13608,41.0,0.0,51.0,4.0,0.0
13609,44.0,0.0,67.0,0.0,0.0
13610,35.0,0.0,66.0,0.0,0.0
13611,30.0,0.0,62.0,0.0,0.0
13612,40.0,0.0,69.0,0.0,0.0
13613,45.0,0.0,68.0,0.0,0.0
13614,39.0,0.0,68.0,29.0,0.0
13615,40.0,0.0,62.0,0.0,0.0
13616,48.0,0.0,70.0,0.0,0.0
13617,53.0,0.0,73.0,12.0,0.0
13618,49.0,0.0,62.0,0.0,0.0
13619,45.0,0.0,67.0,0.0,0.0
13620,45.0,0.0,74.0,0.0,0.0
13621,47.0,0.0,75.0,0.0,0.0
13622,51.0,0.0,82.0,0.0,0.0
13623,53.0,0.0,86.0,0.0,0.0
13624,46.0,0.0,86.0,0.0,0.0
13625,47.0,0.0,64.0,15.0,0.0
13626,49.0,0.0,64.0,0.0,0.0
13627,35.0,0.0,59.0,0.0,0.0
13628,44.0,0.0,66.0,0.0,0.0
13629,40.0,0.0,68.0,0.0,0.0
13630,38.0,0.0,61.0,15.0,0.0
13631,38.0,0.0,82.0,0.0,0.0
13632,35.0,0.0,81.0,0.0,0.0
13633,36.0,0.0,63.0,0.0,0.0
13634,47.0,0.0,62.0,51.0,0.0
13635,43.0,0.0,58.0,73.0,0.0
13636,37.0,0.0,58.0,39.0,0.0
13637,38.0,0.0,64.0,0.0,0.0
13638,41.0,0.0,71.0,0.0,0.0
13639,51.0,0.0,71.0,0.0,0.0
13640,41.0,0.0,71.0,0.0,0.0
13641,47.0,0.0,79.0,0.0,0.0
13642,59.0,0.0,85.0,0.0,0.0
13643,58.0,0.0,85.0,0.0,0.0
13644,52.0,0.0,84.0,0.0,0.0
13645,41.0,0.0,74.0,0.0,0.0
13646,54.0,0.0,87.0,0.0,0.0
13647,48.0,0.0,86.0,12.0,0.0
13648,43.0,0.0,76.0,0.0,0.0
13649,55.0,0.0,85.0,0.0,0.0
13650,64.0,0.0,87.0,22.0,0.0
13651,53.0,0.0,73.0,47.0,0.0
13652,57.0,0.0,72.0,0.0,0.0
13653,61.0,0.0,83.0,0.0,0.0
13654,66.0,0.0,83.0,17.0,0.0
13655,55.0,0.0,82.0,0.0,0.0
13656,52.0,0.0,67.0,0.0,0.0
13657,49.0,0.0,68.0,0.0,0.0
13658,56.0,0.0,81.0,9.0,0.0
13659,62.0,0.0,88.0,0.0,0.0
13660,66.0,0.0,89.0,0.0,0.0
13661,66.0,0.0,90.0,0.0,0.0
13662,71.0,0.0,91.0,0.0,0.0
13663,66.0,0.0,83.0,20.0,0.0
13664,65.0,0.0,79.0,0.0,0.0
13665,67.0,0.0,83.0,7.0,0.0
13666,66.0,0.0,78.0,60.0,0.0
13667,54.0,0.0,78.0,0.0,0.0
13668,47.0,0.0,83.0,0.0,0.0
13669,55.0,0.0,83.0,0.0,0.0
13670,63.0,0.0,87.0,0.0,0.0
13671,70.0,0.0,86.0,0.0,0.0
13672,61.0,0.0,86.0,0.0,0.0
13673,48.0,0.0,72.0,0.0,0.0
13674,54.0,0.0,80.0,0.0,0.0
13675,68.0,0.0,84.0,16.0,0.0
13676,65.0,0.0,89.0,0.0,0.0
13677,63.0,0.0,91.0,0.0,0.0
13678,69.0,0.0,91.0,0.0,0.0
13679,62.0,0.0,92.0,0.0,0.0
13680,64.0,0.0,91.0,0.0,0.0
13681,56.0,0.0,89.0,0.0,0.0
13682,55.0,0.0,91.0,0.0,0.0
13683,71.0,0.0,93.0,5.0,0.0
13684,71.0,0.0,86.0,117.0,0.0
13685,70.0,0.0,82.0,10.0,0.0
13686,65.0,0.0,82.0,9.0,0.0
13687,63.0,0.0,87.0,0.0,0.0
13688,63.0,0.0,87.0,0.0,0.0
13689,62.0,0.0,86.0,0.0,0.0
13690,57.0,0.0,76.0,0.0,0.0
13691,54.0,0.0,82.0,0.0,0.0
13692,58.0,0.0,80.0,0.0,0.0
13693,64.0,0.0,81.0,48.0,0.0
13694,65.0,0.0,71.0,59.0,0.0
13695,65.0,0.0,79.0,26.0,0.0
13696,66.0,0.0,83.0,0.0,0.0
13697,57.0,0.0,80.0,25.0,0.0
13698,58.0,0.0,80.0,0.0,0.0
13699,67.0,0.0,79.0,68.0,0.0
13700,68.0,0.0,83.0,6.0,0.0
13701,69.0,0.0,85.0,4.0,0.0
13702,71.0,0.0,86.0,0.0,0.0
13703,69.0,0.0,86.0,0.0,0.0
13704,71.0,0.0,86.0,0.0,0.0
13705,70.0,0.0,88.0,0.0,0.0
13706,69.0,0.0,88.0,0.0,0.0
13707,57.0,0.0,79.0,16.0,0.0
13708,49.0,0.0,73.0,0.0,0.0
13709,58.0,0.0,78.0,0.0,0.0
13710,55.0,0.0,82.0,0.0,0.0
13711,62.0,0.0,89.0,0.0,0.0
13712,65.0,0.0,89.0,0.0,0.0
13713,75.0,0.0,93.0,0.0,0.0
13714,67.0,0.0,93.0,0.0,0.0
13715,69.0,0.0,92.0,0.0,0.0
13716,67.0,0.0,93.0,0.0,0.0
13717,71.0,0.0,92.0,0.0,0.0
13718,74.0,0.0,90.0,0.0,0.0
13719,70.0,0.0,87.0,0.0,0.0
13720,62.0,0.0,86.0,15.0,0.0
13721,56.0,0.0,84.0,0.0,0.0
13722,60.0,0.0,87.0,0.0,0.0
13723,64.0,0.0,88.0,0.0,0.0
13724,67.0,0.0,92.0,0.0,0.0
13725,70.0,0.0,93.0,0.0,0.0
13726,71.0,0.0,98.0,0.0,0.0
13727,71.0,0.0,94.0,0.0,0.0
13728,70.0,0.0,93.0,0.0,0.0
13729,65.0,0.0,93.0,0.0,0.0
13730,54.0,0.0,83.0,0.0,0.0
13731,60.0,0.0,90.0,0.0,0.0
13732,65.0,0.0,90.0,0.0,0.0
13733,68.0,0.0,88.0,73.0,0.0
13734,65.0,0.0,88.0,0.0,0.0
13735,59.0,0.0,80.0,0.0,0.0
13736,61.0,0.0,84.0,0.0,0.0
13737,67.0,0.0,89.0,0.0,0.0
13738,69.0,0.0,90.0,0.0,0.0
13739,68.0,0.0,92.0,0.0,0.0
13740,73.0,0.0,94.0,0.0,0.0
13741,73.0,0.0,92.0,0.0,0.0
13742,55.0,0.0,87.0,0.0,0.0
13743,58.0,0.0,87.0,0.0,0.0
13744,53.0,0.0,85.0,0.0,0.0
13745,62.0,0.0,86.0,0.0,0.0
13746,70.0,0.0,85.0,69.0,0.0
13748,45.0,0.0,74.0,0.0,0.0
13749,53.0,0.0,70.0,0.0,0.0
13750,55.0,0.0,69.0,36.0,0.0
13751,59.0,0.0,72.0,137.0,0.0
13752,56.0,0.0,63.0,61.0,0.0
13753,49.0,0.0,73.0,12.0,0.0
13754,53.0,0.0,79.0,0.0,0.0
13755,60.0,0.0,79.0,42.0,0.0
13756,48.0,0.0,74.0,0.0,0.0
13757,55.0,0.0,74.0,0.0,0.0
13758,46.0,0.0,72.0,0.0,0.0
13759,47.0,0.0,78.0,0.0,0.0
13760,52.0,0.0,84.0,0.0,0.0
13761,54.0,0.0,81.0,0.0,0.0
13762,58.0,0.0,86.0,0.0,0.0
13763,62.0,0.0,86.0,0.0,0.0
13764,58.0,0.0,80.0,3.0,0.0
13765,59.0,0.0,84.0,0.0,0.0
13766,64.0,0.0,84.0,3.0,0.0
13767,64.0,0.0,79.0,0.0,0.0
13768,57.0,0.0,78.0,47.0,0.0
13769,53.0,0.0,77.0,0.0,0.0
13770,56.0,0.0,77.0,0.0,0.0
13771,63.0,0.0,75.0,56.0,0.0
13772,63.0,0.0,75.0,29.0,0.0
13774,60.0,0.0,74.0,0.0,0.0
13775,49.0,0.0,73.0,0.0,0.0
13776,47.0,0.0,67.0,3.0,0.0
13777,48.0,0.0,68.0,0.0,0.0
13778,51.0,0.0,73.0,0.0,0.0
13779,51.0,0.0,71.0,0.0,0.0
13780,40.0,0.0,70.0,0.0,0.0
13781,41.0,0.0,76.0,0.0,0.0
13782,51.0,0.0,83.0,0.0,0.0
13783,60.0,0.0,83.0,0.0,0.0
13784,60.0,0.0,82.0,0.0,0.0
13785,50.0,0.0,69.0,26.0,0.0
13786,35.0,0.0,61.0,18.0,0.0
13787,49.0,0.0,63.0,0.0,0.0
13788,35.0,0.0,55.0,0.0,0.0
13789,33.0,0.0,62.0,0.0,0.0
13790,44.0,0.0,70.0,0.0,0.0
13791,49.0,0.0,70.0,23.0,0.0
13792,40.0,0.0,53.0,2.0,0.0
13793,31.0,0.0,50.0,0.0,0.0
13794,37.0,0.0,60.0,0.0,0.0
13795,44.0,0.0,62.0,0.0,0.0
13796,38.0,0.0,49.0,47.0,0.0
13797,33.0,0.0,50.0,0.0,0.0
13798,30.0,0.0,57.0,0.0,0.0
13799,30.0,0.0,61.0,0.0,0.0
13800,43.0,0.0,68.0,0.0,0.0
13801,39.0,0.0,69.0,0.0,0.0
13802,50.0,0.0,70.0,16.0,0.0
13803,48.0,0.0,61.0,0.0,0.0
13804,38.0,0.0,61.0,0.0,0.0
13805,43.0,0.0,60.0,4.0,0.0
13806,34.0,0.0,47.0,19.0,0.0
13807,34.0,0.0,44.0,0.0,0.0
13808,34.0,0.0,54.0,4.0,0.0
13809,35.0,0.0,54.0,31.0,0.0
13810,30.0,0.0,51.0,30.0,0.0
13811,27.0,0.0,53.0,0.0,0.0
13812,44.0,0.0,54.0,71.0,0.0
13814,32.0,0.0,52.0,0.0,0.0
13815,34.0,0.0,63.0,0.0,0.0
13816,38.0,0.0,63.0,0.0,0.0
13817,38.0,0.0,63.0,0.0,0.0
13818,50.0,0.0,74.0,0.0,0.0
13819,57.0,0.0,74.0,3.0,0.0
13820,55.0,0.0,73.0,0.0,0.0
13822,29.0,0.0,49.0,0.0,0.0
13823,40.0,0.0,55.0,0.0,0.0
13824,43.0,0.0,58.0,8.0,0.0
13825,32.0,0.0,50.0,48.0,0.0
13826,28.0,0.0,40.0,0.0,0.0
13827,23.0,0.0,40.0,0.0,0.0
13828,29.0,0.0,50.0,0.0,0.0
13829,36.0,0.0,56.0,0.0,0.0
13830,37.0,0.0,55.0,0.0,0.0
13831,30.0,0.0,62.0,0.0,0.0
13832,38.0,0.0,68.0,0.0,0.0
13833,57.0,0.0,65.0,0.0,0.0
13834,37.0,0.0,62.0,11.0,0.0
13835,30.0,0.0,45.0,0.0,0.0
13836,27.0,0.0,43.0,12.0,0.0
13837,15.0,0.0,29.0,0.0,0.0
13838,21.0,0.0,46.0,0.0,0.0
13839,21.0,0.0,55.0,2.0,0.0
13840,33.0,0.0,55.0,0.0,0.0
13841,40.0,0.0,53.0,97.0,0.0
13843,36.0,0.0,41.0,0.0,0.0
13844,41.0,0.0,55.0,12.0,0.0
13845,39.0,0.0,51.0,32.0,0.0
13846,35.0,0.0,40.0,10.0,0.0
13847,32.0,0.0,39.0,8.0,0.0
13848,29.0,0.0,33.0,15.0,0.0
13849,30.0,0.0,35.0,0.0,0.0
13850,28.0,15.0,35.0,35.0,1.0
13851,29.0,0.0,35.0,0.0,1.0
13852,21.0,0.0,36.0,0.0,0.0
13853,29.0,0.0,34.0,0.0,0.0
13854,33.0,0.0,50.0,22.0,0.0
13855,44.0,0.0,54.0,32.0,0.0
13856,34.0,0.0,45.0,4.0,0.0
13857,29.0,0.0,44.0,0.0,0.0
13858,34.0,0.0,43.0,19.0,0.0
13859,32.0,0.0,35.0,0.0,0.0
13860,29.0,0.0,36.0,0.0,0.0
13861,30.0,0.0,45.0,129.0,0.0
13862,29.0,0.0,33.0,6.0,0.0
13863,27.0,0.0,32.0,0.0,0.0
13864,26.0,0.0,29.0,0.0,0.0
13865,29.0,0.0,34.0,0.0,0.0
13866,34.0,0.0,48.0,48.0,0.0
13867,28.0,0.0,40.0,0.0,0.0
13868,30.0,0.0,40.0,0.0,0.0
13869,31.0,0.0,36.0,0.0,0.0
13870,30.0,0.0,44.0,0.0,0.0
13871,37.0,0.0,49.0,19.0,0.0
13872,31.0,0.0,37.0,0.0,0.0
13873,26.0,0.0,32.0,0.0,0.0
13874,31.0,0.0,33.0,0.0,0.0
13875,22.0,30.0,33.0,26.0,4.0
13876,5.0,0.0,28.0,0.0,3.0
13877,19.0,0.0,37.0,0.0,0.0
13878,11.0,0.0,26.0,1.0,0.0
13879,8.0,0.0,26.0,0.0,0.0
13880,13.0,0.0,32.0,0.0,0.0
13881,13.0,0.0,31.0,0.0,0.0
13882,-5.0,0.0,13.0,0.0,0.0
13883,-3.0,0.0,12.0,0.0,0.0
13884,5.0,0.0,15.0,0.0,0.0
13885,5.0,0.0,23.0,0.0,0.0
13886,10.0,0.0,21.0,0.0,0.0
13887,0.0,0.0,20.0,0.0,0.0
13888,9.0,0.0,36.0,0.0,0.0
13889,30.0,0.0,42.0,0.0,0.0
13890,20.0,0.0,41.0,0.0,0.0
13891,4.0,0.0,23.0,0.0,0.0
13892,14.0,0.0,36.0,0.0,0.0
13893,26.0,0.0,50.0,0.0,0.0
13894,36.0,0.0,49.0,20.0,0.0
13895,34.0,0.0,45.0,41.0,0.0
13896,29.0,0.0,44.0,0.0,0.0
13897,32.0,0.0,47.0,20.0,0.0
13898,29.0,0.0,40.0,0.0,0.0
13899,23.0,0.0,29.0,0.0,0.0
13900,26.0,0.0,30.0,0.0,0.0
13903,4.0,55.0,30.0,6.0,6.0
13904,6.0,0.0,19.0,0.0,5.0
13905,5.0,0.0,28.0,0.0,5.0
13906,16.0,0.0,43.0,0.0,5.0
13909,35.0,0.0,51.0,7.0,0.0
13910,22.0,0.0,36.0,16.0,0.0
13911,22.0,0.0,27.0,0.0,0.0
13912,18.0,50.0,26.0,22.0,5.0
13914,-4.0,0.0,9.0,0.0,5.0
13915,0.0,0.0,22.0,0.0,4.0
13916,6.0,0.0,24.0,0.0,4.0
13917,11.0,3.0,28.0,0.0,4.0
13918,10.0,0.0,27.0,0.0,3.0
13919,13.0,20.0,19.0,2.0,5.0
13920,11.0,80.0,19.0,8.0,13.0
13921,-3.0,0.0,19.0,0.0,10.0
13922,-3.0,0.0,36.0,0.0,7.0
13923,-3.0,0.0,41.0,3.0,5.0
13924,23.0,0.0,32.0,0.0,3.0
13925,22.0,0.0,38.0,0.0,1.0
13926,21.0,0.0,38.0,0.0,0.0
13927,28.0,0.0,38.0,0.0,0.0
13928,20.0,0.0,38.0,18.0,0.0
13929,7.0,0.0,22.0,0.0,0.0
13930,20.0,0.0,53.0,0.0,0.0
13931,26.0,0.0,53.0,0.0,0.0
13932,21.0,0.0,28.0,0.0,0.0
13933,18.0,0.0,28.0,0.0,0.0
13934,16.0,0.0,45.0,0.0,0.0
13935,28.0,0.0,46.0,0.0,0.0
13936,20.0,0.0,40.0,0.0,0.0
13937,30.0,0.0,44.0,0.0,0.0
13938,26.0,0.0,45.0,0.0,0.0
13939,29.0,0.0,50.0,0.0,0.0
13940,22.0,0.0,48.0,0.0,0.0
13941,20.0,0.0,38.0,0.0,0.0
13942,20.0,0.0,38.0,0.0,0.0
13943,22.0,0.0,44.0,0.0,0.0
13944,31.0,0.0,48.0,0.0,0.0
13945,33.0,0.0,62.0,0.0,0.0
13946,37.0,0.0,62.0,0.0,0.0
13947,31.0,0.0,45.0,0.0,0.0
13948,28.0,0.0,54.0,0.0,0.0
13949,34.0,0.0,54.0,0.0,0.0
13950,28.0,0.0,53.0,24.0,0.0
13951,22.0,0.0,29.0,0.0,0.0
13952,19.0,5.0,28.0,1.0,1.0
13953,28.0,0.0,36.0,0.0,0.0
13954,29.0,0.0,42.0,0.0,0.0
13955,31.0,0.0,41.0,0.0,0.0
13956,24.0,0.0,40.0,0.0,0.0
13957,14.0,20.0,36.0,15.0,2.0
13958,17.0,0.0,32.0,0.0,0.0
13959,19.0,0.0,45.0,0.0,0.0
13960,32.0,0.0,70.0,0.0,0.0
13962,52.0,0.0,61.0,54.0,0.0
13963,40.0,0.0,61.0,3.0,0.0
13964,31.0,0.0,44.0,0.0,0.0
13965,29.0,0.0,53.0,0.0,0.0
13966,43.0,0.0,65.0,0.0,0.0
13967,37.0,0.0,65.0,10.0,0.0
13968,33.0,0.0,51.0,0.0,0.0
13969,40.0,0.0,46.0,0.0,0.0
13970,42.0,0.0,63.0,14.0,0.0
13971,53.0,0.0,68.0,3.0,0.0
13972,44.0,0.0,58.0,15.0,0.0
13973,44.0,0.0,78.0,0.0,0.0
13974,53.0,0.0,79.0,0.0,0.0
13975,42.0,0.0,56.0,67.0,0.0
13976,36.0,0.0,58.0,0.0,0.0
13977,31.0,0.0,60.0,0.0,0.0
13978,36.0,0.0,63.0,0.0,0.0
13979,39.0,0.0,62.0,0.0,0.0
13980,38.0,0.0,64.0,0.0,0.0
13981,39.0,0.0,67.0,0.0,0.0
13982,50.0,0.0,68.0,0.0,0.0
13983,32.0,0.0,53.0,0.0,0.0
13984,29.0,0.0,57.0,0.0,0.0
13985,39.0,0.0,67.0,0.0,0.0
13986,35.0,0.0,67.0,0.0,0.0
13987,25.0,0.0,50.0,0.0,0.0
13988,32.0,0.0,58.0,0.0,0.0
13989,31.0,0.0,49.0,17.0,0.0
13990,36.0,0.0,55.0,0.0,0.0
13991,43.0,0.0,73.0,13.0,0.0
13992,38.0,0.0,61.0,0.0,0.0
13993,32.0,0.0,59.0,0.0,0.0
13994,42.0,0.0,68.0,0.0,0.0
13995,39.0,0.0,68.0,2.0,0.0
13996,37.0,0.0,51.0,22.0,0.0
13997,34.0,0.0,63.0,0.0,0.0
13998,37.0,0.0,71.0,0.0,0.0
13999,42.0,0.0,71.0,0.0,0.0
14000,36.0,0.0,73.0,0.0,0.0
14001,42.0,0.0,72.0,0.0,0.0
14002,38.0,0.0,65.0,0.0,0.0
14003,47.0,0.0,73.0,0.0,0.0
14004,47.0,0.0,80.0,0.0,0.0
14005,40.0,0.0,80.0,0.0,0.0
14006,52.0,0.0,81.0,0.0,0.0
14007,56.0,0.0,68.0,11.0,0.0
14008,54.0,0.0,70.0,15.0,0.0
14009,41.0,0.0,68.0,0.0,0.0
14010,48.0,0.0,73.0,0.0,0.0
14011,64.0,0.0,77.0,0.0,0.0
14012,43.0,0.0,77.0,0.0,0.0
14013,47.0,0.0,88.0,0.0,0.0
14014,56.0,0.0,88.0,31.0,0.0
14015,49.0,0.0,69.0,0.0,0.0
14016,46.0,0.0,75.0,0.0,0.0
14017,51.0,0.0,76.0,0.0,0.0
14018,56.0,0.0,65.0,18.0,0.0
14019,52.0,0.0,79.0,0.0,0.0
14020,52.0,0.0,87.0,2.0,0.0
14021,64.0,0.0,87.0,0.0,0.0
14022,53.0,0.0,76.0,75.0,0.0
14023,39.0,0.0,71.0,0.0,0.0
14024,42.0,0.0,76.0,0.0,0.0
14025,54.0,0.0,82.0,0.0,0.0
14026,54.0,0.0,86.0,0.0,0.0
14027,62.0,0.0,89.0,0.0,0.0
14028,63.0,0.0,90.0,0.0,0.0
14029,60.0,0.0,93.0,0.0,0.0
14030,60.0,0.0,93.0,0.0,0.0
14031,51.0,0.0,92.0,0.0,0.0
14032,46.0,0.0,69.0,13.0,0.0
14033,44.0,0.0,77.0,0.0,0.0
14034,50.0,0.0,87.0,0.0,0.0
14035,61.0,0.0,93.0,0.0,0.0
14036,61.0,0.0,93.0,0.0,0.0
14037,57.0,0.0,91.0,0.0,0.0
14038,42.0,0.0,74.0,0.0,0.0
14039,43.0,0.0,73.0,0.0,0.0
14040,47.0,0.0,82.0,0.0,0.0
14041,55.0,0.0,89.0,0.0,0.0
14042,59.0,0.0,94.0,0.0,0.0
14043,65.0,0.0,94.0,0.0,0.0
14044,66.0,0.0,94.0,0.0,0.0
14045,64.0,0.0,93.0,0.0,0.0
14046,53.0,0.0,79.0,0.0,0.0
14047,57.0,0.0,89.0,0.0,0.0
14048,63.0,0.0,92.0,0.0,0.0
14049,69.0,0.0,95.0,0.0,0.0
14050,67.0,0.0,100.0,0.0,0.0
14051,77.0,0.0,98.0,0.0,0.0
14052,66.0,0.0,97.0,2.0,0.0
14053,55.0,0.0,86.0,0.0,0.0
14054,70.0,0.0,103.0,0.0,0.0
14056,47.0,0.0,82.0,0.0,0.0
14057,51.0,0.0,79.0,0.0,0.0
14058,57.0,0.0,78.0,0.0,0.0
14059,45.0,0.0,79.0,0.0,0.0
14060,40.0,0.0,79.0,0.0,0.0
14061,52.0,0.0,83.0,0.0,0.0
14062,52.0,0.0,89.0,0.0,0.0
14063,57.0,0.0,94.0,0.0,0.0
14064,59.0,0.0,97.0,0.0,0.0
14065,64.0,0.0,100.0,0.0,0.0
14066,67.0,0.0,101.0,0.0,0.0
14067,74.0,0.0,100.0,0.0,0.0
14068,66.0,0.0,98.0,0.0,0.0
14069,66.0,0.0,98.0,0.0,0.0
14070,66.0,0.0,87.0,18.0,0.0
14071,58.0,0.0,87.0,0.0,0.0
14072,60.0,0.0,88.0,0.0,0.0
14073,62.0,0.0,96.0,0.0,0.0
14074,63.0,0.0,97.0,0.0,0.0
14075,77.0,0.0,98.0,0.0,0.0
14076,71.0,0.0,97.0,28.0,0.0
14077,70.0,0.0,89.0,0.0,0.0
14078,69.0,0.0,87.0,44.0,0.0
14079,66.0,0.0,87.0,0.0,0.0
14080,60.0,0.0,84.0,17.0,0.0
14081,63.0,0.0,86.0,0.0,0.0
14082,61.0,0.0,85.0,87.0,0.0
14083,60.0,0.0,83.0,0.0,0.0
14084,66.0,0.0,84.0,4.0,0.0
14085,60.0,0.0,80.0,163.0,0.0
14086,61.0,0.0,86.0,0.0,0.0
14087,67.0,0.0,92.0,0.0,0.0
14088,70.0,0.0,93.0,0.0,0.0
14089,71.0,0.0,91.0,0.0,0.0
14090,67.0,0.0,85.0,50.0,0.0
14091,65.0,0.0,92.0,0.0,0.0
14092,73.0,0.0,95.0,0.0,0.0
14093,73.0,0.0,94.0,0.0,0.0
14094,73.0,0.0,93.0,0.0,0.0
14095,74.0,0.0,92.0,0.0,0.0
14096,69.0,0.0,91.0,58.0,0.0
14097,62.0,0.0,91.0,0.0,0.0
14098,64.0,0.0,90.0,0.0,0.0
14099,64.0,0.0,90.0,0.0,0.0
14100,71.0,0.0,90.0,78.0,0.0
14101,68.0,0.0,89.0,14.0,0.0
14102,69.0,0.0,91.0,0.0,0.0
14103,72.0,0.0,89.0,0.0,0.0
14104,75.0,0.0,90.0,0.0,0.0
14105,67.0,0.0,87.0,46.0,0.0
14106,66.0,0.0,88.0,44.0,0.0
14107,74.0,0.0,93.0,0.0,0.0
14108,69.0,0.0,93.0,0.0,0.0
14109,61.0,0.0,76.0,122.0,0.0
14110,61.0,0.0,81.0,6.0,0.0
14111,56.0,0.0,80.0,0.0,0.0
14112,55.0,0.0,77.0,0.0,0.0
14113,55.0,0.0,75.0,6.0,0.0
14114,60.0,0.0,78.0,94.0,0.0
14115,58.0,0.0,79.0,0.0,0.0
14116,53.0,0.0,79.0,0.0,0.0
14117,54.0,0.0,76.0,0.0,0.0
14118,61.0,0.0,73.0,10.0,0.0
14119,49.0,0.0,72.0,0.0,0.0
14120,48.0,0.0,75.0,0.0,0.0
14121,51.0,0.0,78.0,0.0,0.0
14122,52.0,0.0,80.0,0.0,0.0
14123,59.0,0.0,80.0,0.0,0.0
14124,65.0,0.0,74.0,217.0,0.0
14125,59.0,0.0,74.0,14.0,0.0
14127,42.0,0.0,63.0,0.0,0.0
14128,42.0,0.0,69.0,0.0,0.0
14129,44.0,0.0,75.0,0.0,0.0
14130,44.0,0.0,78.0,0.0,0.0
14131,46.0,0.0,79.0,0.0,0.0
14132,51.0,0.0,81.0,0.0,0.0
14133,58.0,0.0,75.0,0.0,0.0
14134,60.0,0.0,75.0,20.0,0.0
14135,46.0,0.0,77.0,0.0,0.0
14136,49.0,0.0,77.0,0.0,0.0
14137,46.0,0.0,77.0,0.0,0.0
14138,67.0,0.0,79.0,0.0,0.0
14139,65.0,0.0,84.0,0.0,0.0
14140,65.0,0.0,75.0,8.0,0.0
14141,57.0,0.0,73.0,66.0,0.0
14142,54.0,0.0,64.0,2.0,0.0
14143,54.0,0.0,68.0,0.0,0.0
14144,63.0,0.0,74.0,15.0,0.0
14145,43.0,0.0,73.0,0.0,0.0
14146,47.0,0.0,75.0,0.0,0.0
14147,48.0,0.0,75.0,0.0,0.0
14148,53.0,0.0,80.0,0.0,0.0
14150,47.0,0.0,75.0,0.0,0.0
14151,53.0,0.0,77.0,0.0,0.0
14152,63.0,0.0,78.0,3.0,0.0
14153,55.0,0.0,68.0,38.0,0.0
14154,41.0,0.0,62.0,13.0,0.0
14155,40.0,0.0,62.0,0.0,0.0
14156,39.0,0.0,56.0,0.0,0.0
14157,30.0,0.0,57.0,0.0,0.0
14158,36.0,0.0,58.0,0.0,0.0
14159,36.0,0.0,62.0,0.0,0.0
14160,46.0,0.0,61.0,0.0,0.0
14161,47.0,0.0,62.0,8.0,0.0
14162,37.0,0.0,65.0,0.0,0.0
14163,29.0,0.0,49.0,0.0,0.0
14164,26.0,0.0,50.0,0.0,0.0
14165,33.0,0.0,67.0,0.0,0.0
14166,48.0,0.0,70.0,0.0,0.0
14167,50.0,0.0,69.0,0.0,0.0
14168,54.0,0.0,59.0,56.0,0.0
14169,50.0,0.0,63.0,383.0,0.0
14170,39.0,0.0,55.0,3.0,0.0
14171,32.0,0.0,53.0,0.0,0.0
14172,43.0,0.0,50.0,0.0,0.0
14173,42.0,0.0,54.0,16.0,0.0
14174,31.0,0.0,49.0,0.0,0.0
14175,36.0,0.0,49.0,37.0,0.0
14176,34.0,0.0,39.0,6.0,0.0
14177,29.0,0.0,39.0,0.0,0.0
14178,26.0,0.0,54.0,0.0,0.0
14179,34.0,0.0,57.0,6.0,0.0
14180,27.0,0.0,45.0,0.0,0.0
14181,21.0,0.0,44.0,0.0,0.0
14182,20.0,0.0,48.0,0.0,0.0
14183,36.0,0.0,48.0,0.0,0.0
14184,37.0,0.0,42.0,1.0,0.0
14185,27.0,0.0,57.0,0.0,0.0
14186,49.0,0.0,60.0,22.0,0.0
14187,45.0,0.0,57.0,74.0,0.0
14188,32.0,0.0,45.0,57.0,0.0
14189,31.0,3.0,44.0,9.0,0.0
14190,38.0,0.0,46.0,19.0,0.0
14191,29.0,0.0,47.0,0.0,0.0
14192,44.0,0.0,58.0,56.0,0.0
14193,32.0,0.0,46.0,5.0,0.0
14194,29.0,0.0,43.0,0.0,0.0
14195,41.0,0.0,49.0,43.0,0.0
14196,39.0,0.0,55.0,0.0,0.0
14197,37.0,0.0,64.0,0.0,0.0
14199,32.0,0.0,46.0,0.0,0.0
14200,31.0,0.0,52.0,0.0,0.0
14201,40.0,0.0,48.0,0.0,0.0
14202,36.0,0.0,43.0,47.0,0.0
14203,34.0,0.0,42.0,52.0,0.0
14204,33.0,0.0,38.0,0.0,0.0
14205,27.0,0.0,41.0,0.0,0.0
14206,27.0,0.0,51.0,0.0,0.0
14207,27.0,0.0,57.0,0.0,0.0
14208,48.0,0.0,58.0,0.0,0.0
14210,29.0,0.0,40.0,0.0,0.0
14211,26.0,0.0,41.0,8.0,0.0
14212,33.0,0.0,42.0,0.0,0.0
14213,29.0,0.0,36.0,0.0,0.0
14214,22.0,0.0,38.0,0.0,0.0
14215,33.0,0.0,52.0,0.0,0.0
14216,21.0,0.0,47.0,0.0,0.0
14217,31.0,0.0,42.0,0.0,0.0
14218,32.0,0.0,51.0,0.0,0.0
14219,33.0,0.0,49.0,0.0,0.0
14220,25.0,0.0,41.0,0.0,0.0
14221,21.0,0.0,33.0,0.0,0.0
14222,15.0,0.0,27.0,0.0,0.0
14223,1.0,0.0,23.0,0.0,0.0
14224,-3.0,0.0,21.0,0.0,0.0
14225,20.0,0.0,37.0,0.0,0.0
14226,28.0,0.0,46.0,0.0,0.0
14227,24.0,0.0,45.0,0.0,0.0
14228,11.0,0.0,27.0,0.0,0.0
14229,12.0,0.0,26.0,0.0,0.0
14230,11.0,10.0,23.0,1.0,1.0
14231,21.0,0.0,51.0,0.0,1.0
14232,46.0,0.0,56.0,0.0,0.0
14233,32.0,0.0,56.0,0.0,0.0
14234,23.0,0.0,50.0,0.0,0.0
14235,35.0,0.0,48.0,52.0,0.0
14236,28.0,0.0,43.0,0.0,0.0
14237,26.0,0.0,37.0,12.0,0.0
14238,19.0,0.0,26.0,0.0,0.0
14239,25.0,25.0,40.0,23.0,3.0
14240,22.0,0.0,39.0,82.0,3.0
14241,11.0,0.0,22.0,0.0,3.0
14242,8.0,0.0,30.0,0.0,3.0
14243,17.0,0.0,36.0,0.0,2.0
14244,23.0,0.0,42.0,0.0,1.0
14245,22.0,0.0,34.0,0.0,1.0
14246,12.0,0.0,26.0,0.0,0.0
14248,13.0,0.0,35.0,0.0,1.0
14249,30.0,0.0,35.0,37.0,0.0
14250,30.0,0.0,47.0,0.0,0.0
14251,20.0,0.0,57.0,0.0,0.0
14252,12.0,0.0,22.0,0.0,0.0
14253,17.0,0.0,37.0,0.0,0.0
14254,21.0,0.0,37.0,0.0,0.0
14255,31.0,0.0,42.0,15.0,0.0
14256,25.0,0.0,36.0,0.0,0.0
14257,18.0,0.0,32.0,0.0,0.0
14258,30.0,0.0,32.0,13.0,0.0
14259,25.0,0.0,34.0,0.0,0.0
14260,32.0,0.0,42.0,0.0,0.0
14261,31.0,0.0,45.0,0.0,0.0
14262,32.0,0.0,46.0,0.0,0.0
14263,27.0,0.0,46.0,0.0,0.0
14264,14.0,0.0,31.0,0.0,0.0
14265,24.0,0.0,44.0,0.0,0.0
14266,28.0,0.0,50.0,0.0,0.0
14267,33.0,0.0,49.0,0.0,0.0
14268,33.0,0.0,47.0,0.0,0.0
14269,33.0,0.0,50.0,68.0,0.0
14270,28.0,0.0,43.0,0.0,0.0
14271,33.0,0.0,47.0,0.0,0.0
14272,37.0,0.0,46.0,14.0,0.0
14273,36.0,0.0,43.0,3.0,0.0
14274,35.0,0.0,58.0,0.0,0.0
14275,35.0,0.0,58.0,0.0,0.0
14276,23.0,0.0,38.0,0.0,0.0
14277,19.0,0.0,29.0,0.0,0.0
14278,16.0,0.0,28.0,0.0,0.0
14279,11.0,20.0,21.0,8.0,2.0
14280,2.0,10.0,21.0,6.0,3.0
14281,7.0,0.0,17.0,0.0,3.0
14282,12.0,0.0,21.0,0.0,2.0
14284,9.0,0.0,26.0,0.0,2.0
14285,15.0,0.0,34.0,0.0,1.0
14286,16.0,0.0,35.0,0.0,0.0
14287,25.0,0.0,37.0,0.0,0.0
14288,32.0,0.0,44.0,15.0,0.0
14289,32.0,0.0,42.0,0.0,0.0
14290,25.0,0.0,34.0,0.0,0.0
14291,17.0,0.0,32.0,0.0,0.0
14292,18.0,0.0,31.0,0.0,0.0
14293,23.0,0.0,33.0,0.0,0.0
14295,32.0,0.0,37.0,35.0,0.0
14296,24.0,0.0,34.0,0.0,0.0
14297,5.0,0.0,30.0,0.0,0.0
14298,6.0,0.0,27.0,0.0,0.0
14299,19.0,0.0,42.0,0.0,0.0
14300,29.0,0.0,37.0,0.0,0.0
14301,19.0,0.0,30.0,0.0,0.0
14302,20.0,0.0,36.0,0.0,0.0
14303,16.0,0.0,36.0,0.0,0.0
14304,12.0,0.0,30.0,0.0,0.0
14305,23.0,0.0,33.0,2.0,0.0
14306,28.0,0.0,50.0,11.0,0.0
14307,23.0,0.0,46.0,22.0,0.0
14308,20.0,0.0,27.0,0.0,0.0
14309,11.0,0.0,25.0,0.0,0.0
14310,13.0,0.0,37.0,0.0,0.0
14311,19.0,0.0,44.0,0.0,0.0
14312,25.0,0.0,48.0,0.0,0.0
14313,28.0,0.0,61.0,0.0,0.0
14314,31.0,0.0,60.0,0.0,0.0
14315,24.0,0.0,50.0,0.0,0.0
14316,31.0,0.0,60.0,0.0,0.0
14317,33.0,0.0,63.0,0.0,0.0
14318,24.0,0.0,49.0,0.0,0.0
14319,31.0,0.0,55.0,0.0,0.0
14321,18.0,0.0,35.0,3.0,0.0
14322,29.0,0.0,33.0,0.0,0.0
14324,17.0,0.0,37.0,0.0,0.0
14325,25.0,0.0,50.0,0.0,0.0
14326,30.0,0.0,58.0,0.0,0.0
14327,37.0,0.0,68.0,0.0,0.0
14328,37.0,0.0,68.0,0.0,0.0
14329,48.0,0.0,74.0,0.0,0.0
14330,57.0,0.0,73.0,25.0,0.0
14331,43.0,0.0,67.0,5.0,0.0
14332,35.0,0.0,46.0,8.0,0.0
14333,34.0,0.0,50.0,0.0,0.0
14334,28.0,0.0,47.0,0.0,0.0
14335,40.0,0.0,49.0,0.0,0.0
14336,45.0,0.0,51.0,106.0,0.0
14337,45.0,0.0,58.0,24.0,0.0
14338,40.0,0.0,58.0,17.0,0.0
14339,31.0,0.0,50.0,0.0,0.0
14340,31.0,0.0,49.0,0.0,0.0
14341,34.0,0.0,48.0,0.0,0.0
14342,28.0,0.0,41.0,22.0,0.0
14343,19.0,0.0,37.0,0.0,0.0
14344,27.0,0.0,44.0,0.0,0.0
14345,35.0,0.0,47.0,0.0,0.0
14346,29.0,0.0,48.0,18.0,0.0
14347,34.0,0.0,62.0,0.0,0.0
14348,44.0,0.0,61.0,21.0,0.0
14349,35.0,0.0,65.0,1.0,0.0
14350,52.0,0.0,66.0,0.0,0.0
14352,30.0,0.0,58.0,12.0,0.0
14353,32.0,0.0,61.0,0.0,0.0
14354,45.0,0.0,66.0,0.0,0.0
14355,41.0,0.0,60.0,0.0,0.0
14356,30.0,0.0,57.0,0.0,0.0
14357,32.0,0.0,64.0,0.0,0.0
14358,44.0,0.0,66.0,0.0,0.0
14359,48.0,0.0,69.0,40.0,0.0
14360,47.0,0.0,75.0,0.0,0.0
14361,44.0,0.0,73.0,16.0,0.0
14362,45.0,0.0,60.0,32.0,0.0
14363,44.0,0.0,63.0,0.0,0.0
14364,43.0,0.0,62.0,0.0,0.0
14365,42.0,0.0,56.0,4.0,0.0
14367,37.0,0.0,66.0,0.0,0.0
14368,50.0,0.0,66.0,16.0,0.0
14369,38.0,0.0,67.0,0.0,0.0
14370,26.0,10.0,53.0,9.0,1.0
14371,35.0,0.0,59.0,0.0,0.0
14372,47.0,0.0,60.0,7.0,0.0
14373,40.0,0.0,65.0,8.0,0.0
14374,42.0,0.0,64.0,0.0,0.0
14375,44.0,0.0,59.0,0.0,0.0
14376,46.0,0.0,55.0,43.0,0.0
14377,44.0,0.0,60.0,5.0,0.0
14378,42.0,0.0,64.0,0.0,0.0
14379,46.0,0.0,73.0,9.0,0.0
14380,48.0,0.0,77.0,0.0,0.0
14381,51.0,0.0,78.0,0.0,0.0
14382,60.0,0.0,80.0,0.0,0.0
14383,60.0,0.0,76.0,53.0,0.0
14384,48.0,0.0,79.0,0.0,0.0
14385,52.0,0.0,78.0,0.0,0.0
14386,57.0,0.0,77.0,0.0,0.0
14387,51.0,0.0,77.0,0.0,0.0
14388,58.0,0.0,81.0,31.0,0.0
14389,62.0,0.0,80.0,65.0,0.0
14390,48.0,0.0,78.0,0.0,0.0
14391,43.0,0.0,69.0,0.0,0.0
14392,48.0,0.0,69.0,0.0,0.0
14393,64.0,0.0,81.0,0.0,0.0
14394,64.0,0.0,82.0,220.0,0.0
14395,65.0,0.0,82.0,81.0,0.0
14396,64.0,0.0,78.0,62.0,0.0
14397,56.0,0.0,76.0,0.0,0.0
14398,56.0,0.0,72.0,180.0,0.0
14399,59.0,0.0,72.0,0.0,0.0
14400,55.0,0.0,78.0,0.0,0.0
14401,60.0,0.0,84.0,0.0,0.0
14402,62.0,0.0,84.0,0.0,0.0
14403,66.0,0.0,82.0,0.0,0.0
14404,55.0,0.0,79.0,0.0,0.0
14405,50.0,0.0,74.0,0.0,0.0
14406,59.0,0.0,74.0,0.0,0.0
14407,60.0,0.0,76.0,49.0,0.0
14408,62.0,0.0,77.0,91.0,0.0
14409,63.0,0.0,75.0,11.0,0.0
14410,53.0,0.0,72.0,5.0,0.0
14411,53.0,0.0,72.0,0.0,0.0
14412,56.0,0.0,74.0,2.0,0.0
14413,62.0,0.0,81.0,0.0,0.0
14414,61.0,0.0,77.0,14.0,0.0
14415,61.0,0.0,81.0,0.0,0.0
14416,63.0,0.0,83.0,0.0,0.0
14417,65.0,0.0,88.0,14.0,0.0
14418,68.0,0.0,91.0,0.0,0.0
14419,67.0,0.0,88.0,22.0,0.0
14420,70.0,0.0,89.0,0.0,0.0
14421,70.0,0.0,89.0,0.0,0.0
14422,60.0,0.0,83.0,8.0,0.0
14423,48.0,0.0,81.0,0.0,0.0
14424,51.0,0.0,79.0,0.0,0.0
14425,55.0,0.0,86.0,0.0,0.0
14426,64.0,0.0,86.0,0.0,0.0
14427,66.0,0.0,80.0,70.0,0.0
14428,67.0,0.0,85.0,7.0,0.0
14429,67.0,0.0,84.0,0.0,0.0
14430,66.0,0.0,88.0,0.0,0.0
14431,67.0,0.0,91.0,0.0,0.0
14432,62.0,0.0,90.0,0.0,0.0
14433,68.0,0.0,88.0,0.0,0.0
14434,68.0,0.0,92.0,33.0,0.0
14435,71.0,0.0,93.0,0.0,0.0
14436,64.0,0.0,86.0,17.0,0.0
14437,54.0,0.0,80.0,0.0,0.0
14438,54.0,0.0,79.0,13.0,0.0
14439,58.0,0.0,80.0,0.0,0.0
14440,57.0,0.0,82.0,0.0,0.0
14441,57.0,0.0,84.0,0.0,0.0
14442,60.0,0.0,85.0,0.0,0.0
14443,65.0,0.0,85.0,2.0,0.0
14444,65.0,0.0,73.0,91.0,0.0
14445,63.0,0.0,82.0,29.0,0.0
14446,65.0,0.0,85.0,99.0,0.0
14447,66.0,0.0,88.0,0.0,0.0
14448,71.0,0.0,88.0,0.0,0.0
14449,70.0,0.0,89.0,0.0,0.0
14450,69.0,0.0,89.0,2.0,0.0
14451,71.0,0.0,84.0,18.0,0.0
14452,65.0,0.0,83.0,9.0,0.0
14453,55.0,0.0,77.0,0.0,0.0
14455,60.0,0.0,79.0,73.0,0.0
14456,58.0,0.0,83.0,0.0,0.0
14457,61.0,0.0,83.0,0.0,0.0
14458,66.0,0.0,87.0,0.0,0.0
14459,74.0,0.0,88.0,0.0,0.0
14460,67.0,0.0,86.0,45.0,0.0
14462,47.0,0.0,73.0,0.0,0.0
14463,44.0,0.0,73.0,0.0,0.0
14464,57.0,0.0,76.0,0.0,0.0
14465,56.0,0.0,81.0,0.0,0.0
14466,57.0,0.0,82.0,0.0,0.0
14467,56.0,0.0,83.0,0.0,0.0
14468,56.0,0.0,81.0,0.0,0.0
14469,58.0,0.0,83.0,0.0,0.0
14470,66.0,0.0,82.0,0.0,0.0
14471,58.0,0.0,79.0,0.0,0.0
14472,55.0,0.0,79.0,0.0,0.0
14473,54.0,0.0,78.0,0.0,0.0
14474,56.0,0.0,76.0,0.0,0.0
14475,61.0,0.0,76.0,41.0,0.0
14476,64.0,0.0,81.0,56.0,0.0
14477,65.0,0.0,82.0,0.0,0.0
14478,68.0,0.0,80.0,11.0,0.0
14479,59.0,0.0,77.0,0.0,0.0
14480,52.0,0.0,75.0,0.0,0.0
14481,56.0,0.0,80.0,0.0,0.0
14482,63.0,0.0,84.0,0.0,0.0
14483,65.0,0.0,84.0,0.0,0.0
14484,68.0,0.0,78.0,63.0,0.0
14485,59.0,0.0,79.0,0.0,0.0
14486,62.0,0.0,83.0,0.0,0.0
14487,67.0,0.0,83.0,73.0,0.0
14488,58.0,0.0,78.0,23.0,0.0
14489,51.0,0.0,75.0,0.0,0.0
14490,51.0,0.0,77.0,0.0,0.0
14491,62.0,0.0,79.0,0.0,0.0
14492,66.0,0.0,81.0,0.0,0.0
14493,67.0,0.0,82.0,127.0,0.0
14494,69.0,0.0,84.0,7.0,0.0
14495,70.0,0.0,84.0,4.0,0.0
14496,62.0,0.0,82.0,87.0,0.0
14497,57.0,0.0,76.0,0.0,0.0
14498,56.0,0.0,77.0,0.0,0.0
14499,53.0,0.0,76.0,0.0,0.0
14500,52.0,0.0,58.0,0.0,0.0
14501,47.0,0.0,65.0,77.0,0.0
14502,54.0,0.0,64.0,42.0,0.0
14503,48.0,0.0,71.0,9.0,0.0
14504,48.0,0.0,74.0,0.0,0.0
14505,50.0,0.0,74.0,0.0,0.0
14506,53.0,0.0,76.0,0.0,0.0
14507,52.0,0.0,78.0,0.0,0.0
14508,63.0,0.0,76.0,0.0,0.0
14509,38.0,0.0,70.0,0.0,0.0
14510,32.0,0.0,59.0,0.0,0.0
14511,34.0,0.0,63.0,0.0,0.0
14512,43.0,0.0,62.0,0.0,0.0
14513,36.0,0.0,60.0,0.0,0.0
14514,34.0,0.0,68.0,0.0,0.0
14515,47.0,0.0,77.0,0.0,0.0
14516,46.0,0.0,78.0,0.0,0.0
14517,46.0,0.0,71.0,0.0,0.0
14518,62.0,0.0,71.0,0.0,0.0
14519,38.0,0.0,69.0,0.0,0.0
14520,28.0,0.0,58.0,0.0,0.0
14521,34.0,0.0,67.0,0.0,0.0
14522,52.0,0.0,68.0,3.0,0.0
14523,39.0,0.0,58.0,0.0,0.0
14524,35.0,0.0,55.0,0.0,0.0
14525,27.0,0.0,52.0,0.0,0.0
14526,41.0,0.0,58.0,32.0,0.0
14527,36.0,0.0,68.0,3.0,0.0
14528,52.0,0.0,76.0,0.0,0.0
14529,39.0,0.0,77.0,0.0,0.0
14530,48.0,0.0,83.0,0.0,0.0
14533,43.0,0.0,77.0,11.0,0.0
14534,35.0,0.0,45.0,15.0,0.0
14535,32.0,20.0,43.0,11.0,0.0
14536,33.0,0.0,37.0,22.0,0.0
14537,34.0,0.0,46.0,24.0,0.0
14538,31.0,0.0,57.0,0.0,0.0
14539,35.0,0.0,67.0,0.0,0.0
14540,47.0,0.0,73.0,0.0,0.0
14541,48.0,0.0,73.0,0.0,0.0
14542,44.0,0.0,74.0,0.0,0.0
14543,42.0,0.0,72.0,0.0,0.0
14544,41.0,0.0,73.0,0.0,0.0
14545,41.0,0.0,70.0,0.0,0.0
14546,41.0,0.0,72.0,0.0,0.0
14547,42.0,0.0,71.0,0.0,0.0
14548,33.0,0.0,54.0,10.0,0.0
14549,38.0,0.0,52.0,0.0,0.0
14550,24.0,0.0,42.0,0.0,0.0
14551,27.0,0.0,44.0,0.0,0.0
14552,38.0,0.0,60.0,0.0,0.0
14553,45.0,0.0,59.0,7.0,0.0
14554,33.0,0.0,50.0,4.0,0.0
14555,38.0,0.0,46.0,0.0,0.0
14556,36.0,0.0,46.0,0.0,0.0
14557,36.0,0.0,46.0,12.0,0.0
14558,32.0,0.0,53.0,0.0,0.0
14559,26.0,0.0,52.0,0.0,0.0
14560,32.0,0.0,69.0,0.0,0.0
14561,50.0,0.0,67.0,0.0,0.0
14562,32.0,0.0,61.0,42.0,0.0
14564,19.0,0.0,30.0,0.0,0.0
14565,23.0,0.0,32.0,0.0,0.0
14566,20.0,0.0,41.0,0.0,0.0
14567,40.0,0.0,55.0,0.0,0.0
14568,23.0,0.0,53.0,0.0,0.0
14569,24.0,0.0,30.0,0.0,0.0
14570,13.0,0.0,30.0,0.0,0.0
14571,20.0,0.0,39.0,0.0,0.0
14572,32.0,0.0,44.0,0.0,0.0
14573,32.0,0.0,50.0,6.0,0.0
14574,34.0,0.0,54.0,0.0,0.0
14575,30.0,0.0,61.0,22.0,0.0
14576,20.0,0.0,31.0,0.0,0.0
14577,24.0,0.0,42.0,0.0,0.0
14578,25.0,0.0,44.0,0.0,0.0
14579,27.0,0.0,42.0,0.0,0.0
14580,16.0,0.0,30.0,0.0,0.0
14581,19.0,0.0,33.0,0.0,0.0
14582,19.0,0.0,33.0,0.0,0.0
14583,26.0,0.0,39.0,0.0,0.0
14584,12.0,0.0,36.0,0.0,0.0
14585,18.0,0.0,30.0,0.0,0.0
14586,11.0,0.0,31.0,0.0,0.0
14587,21.0,0.0,33.0,0.0,0.0
14588,21.0,15.0,32.0,6.0,2.0
14589,8.0,0.0,26.0,0.0,1.0
14590,0.0,0.0,20.0,0.0,1.0
14593,-6.0,0.0,12.0,0.0,1.0
14594,-9.0,0.0,10.0,0.0,1.0
14595,-3.0,0.0,15.0,0.0,1.0
14596,3.0,10.0,19.0,2.0,2.0
14597,-5.0,30.0,16.0,15.0,4.0
14598,-6.0,5.0,5.0,1.0,5.0
14603,7.0,15.0,28.0,6.0,5.0
14604,3.0,10.0,22.0,2.0,6.0
14605,20.0,0.0,29.0,0.0,6.0
14606,24.0,0.0,33.0,0.0,6.0
14607,24.0,0.0,34.0,0.0,4.0
14608,30.0,0.0,39.0,12.0,2.0
14609,28.0,0.0,32.0,0.0,2.0
14610,22.0,0.0,35.0,0.0,2.0
14611,30.0,0.0,41.0,0.0,2.0
14612,35.0,0.0,46.0,32.0,0.0
14613,24.0,0.0,38.0,2.0,0.0
14614,24.0,0.0,32.0,0.0,0.0
14615,26.0,0.0,42.0,0.0,0.0
14616,26.0,0.0,43.0,0.0,0.0
14617,35.0,0.0,42.0,0.0,0.0
14618,32.0,0.0,38.0,9.0,0.0
14619,30.0,0.0,41.0,0.0,0.0
14620,24.0,0.0,36.0,0.0,0.0
14621,19.0,0.0,30.0,0.0,0.0
14622,22.0,0.0,38.0,0.0,0.0
14623,29.0,0.0,43.0,0.0,0.0
14624,29.0,0.0,49.0,0.0,0.0
14625,45.0,0.0,53.0,19.0,0.0
14626,33.0,0.0,53.0,52.0,0.0
14627,23.0,0.0,33.0,0.0,0.0
14628,29.0,0.0,33.0,2.0,0.0
14629,31.0,0.0,34.0,22.0,0.0
14630,32.0,0.0,40.0,0.0,0.0
14631,26.0,0.0,38.0,0.0,0.0
14632,37.0,0.0,48.0,2.0,0.0
14633,33.0,0.0,53.0,0.0,0.0
14634,24.0,0.0,34.0,6.0,0.0
14635,26.0,0.0,49.0,0.0,0.0
14636,24.0,0.0,49.0,0.0,0.0
14637,28.0,0.0,38.0,0.0,0.0
14638,22.0,0.0,36.0,0.0,0.0
14639,23.0,0.0,38.0,0.0,0.0
14640,28.0,0.0,43.0,0.0,0.0
14641,27.0,0.0,43.0,65.0,0.0
14642,27.0,0.0,32.0,6.0,0.0
14643,26.0,0.0,32.0,19.0,0.0
14644,26.0,0.0,35.0,0.0,0.0
14645,30.0,0.0,44.0,0.0,0.0
14646,36.0,0.0,45.0,0.0,0.0
14647,32.0,0.0,54.0,0.0,0.0
14648,36.0,0.0,55.0,0.0,0.0
14650,29.0,0.0,41.0,0.0,0.0
14651,22.0,0.0,42.0,0.0,0.0
14652,38.0,0.0,62.0,0.0,0.0
14653,24.0,0.0,60.0,5.0,0.0
14654,23.0,20.0,31.0,74.0,2.0
14655,29.0,0.0,35.0,22.0,2.0
14656,21.0,0.0,34.0,0.0,1.0
14657,16.0,0.0,39.0,0.0,0.0
14658,27.0,0.0,39.0,0.0,0.0
14659,15.0,0.0,33.0,0.0,0.0
14660,21.0,0.0,48.0,0.0,0.0
14661,35.0,0.0,48.0,115.0,0.0
14662,28.0,10.0,45.0,150.0,1.0
14667,21.0,0.0,40.0,0.0,0.0
14668,20.0,0.0,38.0,0.0,0.0
14670,26.0,0.0,49.0,0.0,0.0
14671,17.0,0.0,33.0,0.0,0.0
14672,26.0,0.0,32.0,0.0,0.0
14673,17.0,20.0,29.0,2.0,2.0
14675,22.0,0.0,42.0,0.0,0.0
14676,35.0,0.0,53.0,44.0,0.0
14677,33.0,0.0,59.0,73.0,0.0
14678,47.0,0.0,71.0,15.0,0.0
14679,56.0,0.0,71.0,0.0,0.0
14680,56.0,0.0,71.0,0.0,0.0
14681,57.0,0.0,74.0,0.0,0.0
14682,59.0,0.0,74.0,0.0,0.0
14683,43.0,0.0,67.0,32.0,0.0
14684,38.0,0.0,48.0,0.0,0.0
14685,31.0,0.0,47.0,3.0,0.0
14686,27.0,0.0,43.0,16.0,0.0
14687,21.0,0.0,40.0,1.0,0.0
14688,29.0,0.0,50.0,0.0,0.0
14689,41.0,0.0,55.0,0.0,0.0
14690,31.0,0.0,50.0,8.0,0.0
14691,22.0,0.0,38.0,0.0,0.0
14692,23.0,0.0,44.0,0.0,0.0
14693,28.0,0.0,44.0,0.0,0.0
14694,20.0,0.0,44.0,0.0,0.0
14695,24.0,0.0,48.0,0.0,0.0
14696,37.0,0.0,48.0,0.0,0.0
14697,38.0,0.0,47.0,115.0,0.0
14698,40.0,0.0,48.0,21.0,0.0
14699,42.0,0.0,52.0,14.0,0.0
14700,38.0,0.0,51.0,10.0,0.0
14701,31.0,0.0,41.0,2.0,0.0
14702,31.0,0.0,52.0,0.0,0.0
14703,32.0,0.0,51.0,0.0,0.0
14704,26.0,0.0,42.0,0.0,0.0
14705,21.0,0.0,41.0,0.0,0.0
14706,26.0,0.0,54.0,0.0,0.0
14707,41.0,0.0,59.0,0.0,0.0
14708,44.0,0.0,56.0,33.0,0.0
14709,32.0,0.0,48.0,91.0,0.0
14710,30.0,0.0,42.0,0.0,0.0
14711,27.0,0.0,51.0,0.0,0.0
14712,42.0,0.0,53.0,19.0,0.0
14713,33.0,0.0,50.0,0.0,0.0
14714,32.0,0.0,60.0,0.0,0.0
14715,33.0,0.0,60.0,0.0,0.0
14716,23.0,0.0,51.0,0.0,0.0
14717,31.0,0.0,61.0,0.0,0.0
14718,51.0,0.0,61.0,0.0,0.0
14719,52.0,0.0,68.0,65.0,0.0
14720,38.0,0.0,71.0,0.0,0.0
14721,46.0,0.0,74.0,0.0,0.0
14722,51.0,0.0,81.0,0.0,0.0
14723,59.0,0.0,85.0,0.0,0.0
14724,60.0,0.0,86.0,0.0,0.0
14725,55.0,0.0,83.0,0.0,0.0
14726,59.0,0.0,84.0,0.0,0.0
14727,51.0,0.0,72.0,0.0,0.0
14728,46.0,0.0,77.0,0.0,0.0
14729,41.0,0.0,65.0,0.0,0.0
14730,36.0,0.0,65.0,0.0,0.0
14731,45.0,0.0,64.0,0.0,0.0
14732,47.0,0.0,59.0,9.0,0.0
14733,43.0,0.0,62.0,132.0,0.0
14734,42.0,0.0,63.0,0.0,0.0
14735,46.0,0.0,73.0,0.0,0.0
14736,55.0,0.0,76.0,0.0,0.0
14737,57.0,0.0,75.0,0.0,0.0
14738,43.0,0.0,75.0,8.0,0.0
14739,38.0,0.0,59.0,2.0,0.0
14740,43.0,0.0,60.0,10.0,0.0
14741,48.0,0.0,64.0,80.0,0.0
14742,41.0,0.0,63.0,13.0,0.0
14743,56.0,0.0,69.0,4.0,0.0
14744,60.0,0.0,71.0,218.0,0.0
14745,54.0,0.0,64.0,52.0,0.0
14746,49.0,0.0,64.0,4.0,0.0
14747,46.0,0.0,65.0,0.0,0.0
14749,49.0,0.0,71.0,0.0,0.0
14750,46.0,0.0,64.0,0.0,0.0
14751,44.0,0.0,66.0,0.0,0.0
14752,49.0,0.0,71.0,0.0,0.0
14753,52.0,0.0,68.0,0.0,0.0
14754,56.0,0.0,68.0,67.0,0.0
14755,54.0,0.0,76.0,0.0,0.0
14756,54.0,0.0,72.0,0.0,0.0
14757,56.0,0.0,70.0,0.0,0.0
14758,38.0,0.0,68.0,0.0,0.0
14759,45.0,0.0,73.0,0.0,0.0
14760,49.0,0.0,80.0,0.0,0.0
14761,67.0,0.0,81.0,0.0,0.0
14762,60.0,0.0,77.0,99.0,0.0
14763,44.0,0.0,64.0,16.0,0.0
14764,42.0,0.0,63.0,0.0,0.0
14765,54.0,0.0,76.0,0.0,0.0
14766,55.0,0.0,77.0,0.0,0.0
14767,65.0,0.0,80.0,44.0,0.0
14768,68.0,0.0,81.0,42.0,0.0
14769,58.0,0.0,75.0,0.0,0.0
14770,55.0,0.0,78.0,0.0,0.0
14771,59.0,0.0,79.0,0.0,0.0
14772,62.0,0.0,86.0,0.0,0.0
14773,70.0,0.0,87.0,0.0,0.0
14774,64.0,0.0,87.0,0.0,0.0
14775,58.0,0.0,84.0,0.0,0.0
14776,70.0,0.0,90.0,0.0,0.0
14777,55.0,0.0,90.0,0.0,0.0
14779,59.0,0.0,75.0,0.0,0.0
14780,64.0,0.0,86.0,0.0,0.0
14781,64.0,0.0,87.0,0.0,0.0
14782,56.0,0.0,69.0,100.0,0.0
14783,54.0,0.0,74.0,0.0,0.0
14784,46.0,0.0,79.0,0.0,0.0
14785,60.0,0.0,82.0,0.0,0.0
14786,62.0,0.0,83.0,6.0,0.0
14787,62.0,0.0,84.0,0.0,0.0
14788,71.0,0.0,82.0,87.0,0.0
14789,68.0,0.0,87.0,0.0,0.0
14790,63.0,0.0,82.0,0.0,0.0
14791,57.0,0.0,82.0,0.0,0.0
14792,60.0,0.0,86.0,0.0,0.0
14793,71.0,0.0,95.0,0.0,0.0
14794,72.0,0.0,96.0,0.0,0.0
14795,55.0,0.0,85.0,0.0,0.0
14796,51.0,0.0,77.0,0.0,0.0
14797,59.0,0.0,91.0,0.0,0.0
14798,73.0,0.0,92.0,0.0,0.0
14799,69.0,0.0,85.0,12.0,0.0
14800,60.0,0.0,77.0,7.0,0.0
14801,60.0,0.0,72.0,57.0,0.0
14802,60.0,0.0,72.0,0.0,0.0
14803,60.0,0.0,71.0,26.0,0.0
14804,59.0,0.0,73.0,0.0,0.0
14805,59.0,0.0,81.0,0.0,0.0
14806,66.0,0.0,84.0,0.0,0.0
14807,63.0,0.0,86.0,0.0,0.0
14808,67.0,0.0,88.0,0.0,0.0
14809,67.0,0.0,87.0,0.0,0.0
14810,67.0,0.0,81.0,55.0,0.0
14811,59.0,0.0,75.0,28.0,0.0
14812,54.0,0.0,75.0,48.0,0.0
14813,55.0,0.0,80.0,0.0,0.0
14814,58.0,0.0,83.0,0.0,0.0
14815,60.0,0.0,84.0,0.0,0.0
14816,61.0,0.0,83.0,0.0,0.0
14817,63.0,0.0,86.0,0.0,0.0
14818,63.0,0.0,86.0,0.0,0.0
14819,71.0,0.0,84.0,0.0,0.0
14820,57.0,0.0,77.0,0.0,0.0
14821,50.0,0.0,78.0,0.0,0.0
14822,60.0,0.0,80.0,0.0,0.0
14823,55.0,0.0,83.0,0.0,0.0
14824,63.0,0.0,81.0,0.0,0.0
14825,65.0,0.0,80.0,44.0,0.0
14826,57.0,0.0,82.0,0.0,0.0
14827,52.0,0.0,74.0,0.0,0.0
14828,47.0,0.0,78.0,0.0,0.0
14829,52.0,0.0,81.0,0.0,0.0
14830,53.0,0.0,83.0,0.0,0.0
14831,52.0,0.0,82.0,0.0,0.0
14832,57.0,0.0,81.0,0.0,0.0
14833,55.0,0.0,75.0,139.0,0.0
14834,56.0,0.0,77.0,0.0,0.0
14835,54.0,0.0,80.0,0.0,0.0
14836,55.0,0.0,82.0,0.0,0.0
14837,58.0,0.0,85.0,0.0,0.0
14838,68.0,0.0,80.0,0.0,0.0
14839,69.0,0.0,82.0,2.0,0.0
14840,58.0,0.0,80.0,40.0,0.0
14841,64.0,0.0,71.0,28.0,0.0
14842,65.0,0.0,68.0,48.0,0.0
14843,65.0,0.0,72.0,0.0,0.0
14844,60.0,0.0,80.0,0.0,0.0
14845,59.0,0.0,83.0,0.0,0.0
14846,64.0,0.0,85.0,0.0,0.0
14847,66.0,0.0,88.0,0.0,0.0
14848,69.0,0.0,90.0,0.0,0.0
14849,65.0,0.0,86.0,75.0,0.0
14850,59.0,0.0,83.0,0.0,0.0
14851,58.0,0.0,83.0,0.0,0.0
14852,58.0,0.0,85.0,0.0,0.0
14853,68.0,0.0,88.0,0.0,0.0
14854,59.0,0.0,80.0,0.0,0.0
14855,56.0,0.0,83.0,0.0,0.0
14856,70.0,0.0,88.0,0.0,0.0
14857,65.0,0.0,91.0,0.0,0.0
14858,68.0,0.0,92.0,46.0,0.0
14859,53.0,0.0,78.0,10.0,0.0
14860,62.0,0.0,79.0,2.0,0.0
14861,62.0,0.0,80.0,0.0,0.0
14862,64.0,0.0,79.0,0.0,0.0
14863,59.0,0.0,80.0,0.0,0.0
14864,63.0,0.0,82.0,0.0,0.0
14865,67.0,0.0,82.0,0.0,0.0
14866,53.0,0.0,73.0,56.0,0.0
14867,52.0,0.0,68.0,26.0,0.0
14868,40.0,0.0,65.0,0.0,0.0
14869,39.0,0.0,65.0,0.0,0.0
14870,53.0,0.0,63.0,31.0,0.0
14871,46.0,0.0,70.0,40.0,0.0
14872,49.0,0.0,71.0,0.0,0.0
14873,48.0,0.0,67.0,24.0,0.0
14874,41.0,0.0,63.0,12.0,0.0
14875,39.0,0.0,61.0,0.0,0.0
14876,48.0,0.0,72.0,0.0,0.0
14877,51.0,0.0,78.0,0.0,0.0
14878,45.0,0.0,79.0,0.0,0.0
14879,50.0,0.0,80.0,0.0,0.0
14880,55.0,0.0,75.0,2.0,0.0
14881,52.0,0.0,67.0,2.0,0.0
14882,39.0,0.0,66.0,0.0,0.0
14883,40.0,0.0,69.0,0.0,0.0
14884,49.0,0.0,77.0,0.0,0.0
14885,54.0,0.0,78.0,66.0,0.0
14886,51.0,0.0,79.0,2.0,0.0
14887,62.0,0.0,82.0,0.0,0.0
14888,58.0,0.0,81.0,0.0,0.0
14889,50.0,0.0,64.0,0.0,0.0
14890,47.0,0.0,53.0,69.0,0.0
14891,48.0,0.0,59.0,118.0,0.0
14892,38.0,0.0,59.0,38.0,0.0
14893,38.0,0.0,61.0,0.0,0.0
14894,33.0,0.0,65.0,0.0,0.0
14895,38.0,0.0,67.0,0.0,0.0
14896,46.0,0.0,67.0,5.0,0.0
14897,41.0,0.0,66.0,0.0,0.0
14898,55.0,0.0,76.0,0.0,0.0
14899,42.0,0.0,76.0,98.0,0.0
14900,34.0,0.0,52.0,5.0,0.0
14901,33.0,0.0,60.0,0.0,0.0
14902,40.0,0.0,65.0,0.0,0.0
14903,45.0,0.0,62.0,5.0,0.0
14904,34.0,0.0,60.0,0.0,0.0
14905,45.0,0.0,62.0,0.0,0.0
14906,33.0,0.0,61.0,0.0,0.0
14907,28.0,0.0,51.0,0.0,0.0
14908,35.0,0.0,60.0,0.0,0.0
14909,36.0,0.0,58.0,0.0,0.0
14910,25.0,0.0,50.0,0.0,0.0
14911,39.0,0.0,69.0,0.0,0.0
14912,47.0,0.0,71.0,0.0,0.0
14913,49.0,0.0,71.0,0.0,0.0
14914,53.0,0.0,72.0,0.0,0.0
14915,51.0,0.0,70.0,0.0,0.0
14917,41.0,0.0,59.0,48.0,0.0
14918,34.0,0.0,51.0,92.0,0.0
14919,39.0,0.0,43.0,0.0,0.0
14920,23.0,0.0,42.0,0.0,0.0
14921,35.0,0.0,42.0,0.0,0.0
14922,32.0,0.0,50.0,4.0,0.0
14923,25.0,0.0,49.0,0.0,0.0
14924,26.0,0.0,46.0,0.0,0.0
14926,26.0,0.0,56.0,0.0,0.0
14927,44.0,0.0,66.0,0.0,0.0
14928,50.0,0.0,67.0,0.0,0.0
14929,33.0,0.0,67.0,7.0,0.0
14930,26.0,0.0,44.0,0.0,0.0
14931,27.0,0.0,48.0,0.0,0.0
14932,26.0,0.0,55.0,0.0,0.0
14933,35.0,0.0,62.0,0.0,0.0
14935,35.0,0.0,49.0,0.0,0.0
14936,31.0,0.0,48.0,10.0,0.0
14937,40.0,0.0,52.0,0.0,0.0
14938,33.0,0.0,55.0,0.0,0.0
14939,52.0,0.0,66.0,18.0,0.0
14940,34.0,0.0,67.0,38.0,0.0
14941,30.0,0.0,39.0,0.0,0.0
14942,26.0,0.0,43.0,0.0,0.0
14943,35.0,0.0,43.0,0.0,0.0
14944,31.0,0.0,43.0,0.0,0.0
14945,33.0,0.0,53.0,95.0,0.0
14946,26.0,0.0,53.0,36.0,0.0
14947,23.0,20.0,33.0,6.0,2.0
14948,31.0,0.0,35.0,0.0,1.0
14949,23.0,0.0,37.0,0.0,0.0
14950,28.0,0.0,42.0,0.0,0.0
14951,29.0,0.0,49.0,0.0,0.0
14952,32.0,0.0,51.0,0.0,0.0
14953,28.0,0.0,50.0,0.0,0.0
14954,37.0,0.0,55.0,0.0,0.0
14955,35.0,0.0,53.0,0.0,0.0
14956,18.0,0.0,37.0,0.0,0.0
14957,29.0,0.0,50.0,5.0,0.0
14958,35.0,0.0,45.0,2.0,0.0
14959,33.0,0.0,39.0,0.0,0.0
14961,28.0,0.0,35.0,25.0,0.0
14962,29.0,0.0,42.0,0.0,0.0
14963,36.0,0.0,52.0,0.0,0.0
14965,19.0,20.0,31.0,37.0,2.0
14966,1.0,10.0,21.0,8.0,3.0
14967,3.0,0.0,24.0,0.0,3.0
14968,0.0,0.0,24.0,0.0,3.0
14969,1.0,0.0,21.0,0.0,3.0
14970,20.0,20.0,33.0,6.0,5.0
14971,33.0,0.0,52.0,12.0,0.0
14972,30.0,0.0,53.0,144.0,0.0
14973,17.0,0.0,31.0,22.0,0.0
14974,17.0,0.0,33.0,0.0,0.0
14975,23.0,0.0,30.0,0.0,0.0
14976,18.0,0.0,29.0,0.0,0.0
14977,11.0,0.0,28.0,0.0,0.0
14978,17.0,0.0,33.0,0.0,0.0
14979,27.0,10.0,34.0,12.0,1.0
14980,18.0,0.0,31.0,0.0,0.0
14981,16.0,0.0,32.0,0.0,0.0
14982,29.0,0.0,34.0,0.0,0.0
14983,25.0,0.0,33.0,0.0,0.0
14984,24.0,0.0,34.0,7.0,0.0
14985,26.0,0.0,34.0,8.0,0.0
14986,26.0,0.0,33.0,0.0,0.0
14988,30.0,0.0,47.0,0.0,0.0
14989,35.0,0.0,44.0,21.0,0.0
14990,26.0,0.0,36.0,15.0,0.0
14991,22.0,0.0,35.0,0.0,0.0
14992,28.0,0.0,44.0,0.0,0.0
14993,34.0,0.0,39.0,0.0,0.0
14994,10.0,20.0,39.0,7.0,2.0
14996,12.0,0.0,34.0,0.0,2.0
14997,12.0,0.0,31.0,0.0,1.0
14998,5.0,0.0,20.0,0.0,0.0
14999,9.0,0.0,22.0,0.0,0.0
15000,10.0,0.0,28.0,0.0,0.0
15001,13.0,0.0,32.0,3.0,0.0
15002,11.0,0.0,32.0,0.0,0.0
15003,21.0,20.0,32.0,7.0,2.0
15004,11.0,0.0,24.0,0.0,2.0
15005,7.0,0.0,37.0,0.0,2.0
15006,28.0,0.0,43.0,0.0,0.0
15007,32.0,0.0,48.0,0.0,0.0
15008,34.0,0.0,52.0,0.0,0.0
15009,37.0,0.0,52.0,0.0,0.0
15010,32.0,0.0,44.0,0.0,0.0
15011,33.0,0.0,37.0,2.0,0.0
15012,31.0,0.0,42.0,0.0,0.0
15013,30.0,0.0,42.0,0.0,0.0
15014,28.0,0.0,39.0,0.0,0.0
15015,21.0,0.0,36.0,0.0,0.0
15016,12.0,0.0,32.0,0.0,0.0
15017,25.0,0.0,35.0,0.0,0.0
15018,27.0,20.0,33.0,58.0,2.0
15019,11.0,10.0,30.0,2.0,3.0
15021,21.0,10.0,37.0,0.0,4.0
15022,30.0,0.0,36.0,0.0,2.0
15023,34.0,0.0,48.0,9.0,0.0
15024,30.0,0.0,41.0,0.0,0.0
15025,35.0,0.0,51.0,0.0,0.0
15026,38.0,0.0,51.0,0.0,0.0
15027,17.0,0.0,38.0,0.0,0.0
15028,25.0,0.0,45.0,0.0,0.0
15029,22.0,0.0,33.0,0.0,0.0
15030,17.0,0.0,32.0,0.0,0.0
15031,19.0,0.0,31.0,0.0,0.0
15032,24.0,10.0,47.0,11.0,1.0
15033,36.0,10.0,60.0,8.0,0.0
15034,44.0,0.0,59.0,9.0,0.0
15036,21.0,0.0,43.0,0.0,0.0
15037,27.0,0.0,51.0,0.0,0.0
15038,43.0,0.0,53.0,0.0,0.0
15039,27.0,0.0,43.0,9.0,0.0
15040,18.0,0.0,40.0,0.0,0.0
15041,32.0,0.0,46.0,0.0,0.0
15042,29.0,0.0,41.0,0.0,0.0
15043,22.0,0.0,37.0,0.0,0.0
15044,19.0,0.0,38.0,0.0,0.0
15045,28.0,0.0,37.0,0.0,0.0
15046,27.0,0.0,48.0,0.0,0.0
15047,26.0,0.0,51.0,0.0,0.0
15048,24.0,0.0,53.0,0.0,0.0
15049,27.0,0.0,55.0,0.0,0.0
15050,37.0,0.0,47.0,6.0,0.0
15051,34.0,0.0,54.0,0.0,0.0
15052,30.0,0.0,60.0,0.0,0.0
15053,47.0,0.0,71.0,0.0,0.0
15054,51.0,0.0,70.0,0.0,0.0
15055,42.0,0.0,61.0,9.0,0.0
15056,37.0,0.0,50.0,0.0,0.0
15057,32.0,0.0,61.0,0.0,0.0
15058,32.0,0.0,62.0,0.0,0.0
15059,32.0,0.0,70.0,31.0,0.0
15060,36.0,0.0,68.0,11.0,0.0
15061,28.0,0.0,50.0,0.0,0.0
15062,21.0,0.0,40.0,0.0,0.0
15063,21.0,0.0,45.0,0.0,0.0
15064,30.0,0.0,44.0,7.0,0.0
15065,22.0,0.0,50.0,0.0,0.0
15066,24.0,0.0,61.0,0.0,0.0
15067,36.0,0.0,65.0,0.0,0.0
15068,52.0,0.0,67.0,28.0,0.0
15069,52.0,0.0,76.0,0.0,0.0
15070,55.0,0.0,78.0,0.0,0.0
15071,60.0,0.0,78.0,0.0,0.0
15072,57.0,0.0,73.0,52.0,0.0
15073,37.0,0.0,71.0,12.0,0.0
15074,27.0,0.0,52.0,0.0,0.0
15075,32.0,0.0,52.0,0.0,0.0
15076,42.0,0.0,51.0,8.0,0.0
15077,44.0,0.0,70.0,15.0,0.0
15078,48.0,0.0,70.0,37.0,0.0
15079,47.0,0.0,65.0,9.0,0.0
15080,47.0,0.0,64.0,50.0,0.0
15081,37.0,0.0,64.0,0.0,0.0
15082,43.0,0.0,52.0,0.0,0.0
15083,38.0,0.0,47.0,151.0,0.0
15084,37.0,0.0,42.0,4.0,0.0
15085,39.0,0.0,60.0,0.0,0.0
15086,41.0,0.0,60.0,0.0,0.0
15087,40.0,0.0,57.0,36.0,0.0
15088,36.0,0.0,62.0,0.0,0.0
15089,48.0,0.0,72.0,0.0,0.0
15090,49.0,0.0,74.0,0.0,0.0
15091,54.0,0.0,73.0,2.0,0.0
15092,55.0,0.0,76.0,0.0,0.0
15093,55.0,0.0,76.0,0.0,0.0
15094,49.0,0.0,71.0,8.0,0.0
15095,43.0,0.0,63.0,21.0,0.0
15096,37.0,0.0,65.0,0.0,0.0
15097,45.0,0.0,63.0,0.0,0.0
15098,48.0,0.0,61.0,0.0,0.0
15099,45.0,0.0,58.0,54.0,0.0
15100,42.0,0.0,63.0,0.0,0.0
15101,44.0,0.0,65.0,0.0,0.0
15102,47.0,0.0,74.0,13.0,0.0
15103,52.0,0.0,78.0,0.0,0.0
15104,53.0,0.0,84.0,0.0,0.0
15105,63.0,0.0,87.0,0.0,0.0
15106,61.0,0.0,86.0,0.0,0.0
15107,61.0,0.0,87.0,64.0,0.0
15108,56.0,0.0,89.0,0.0,0.0
15109,60.0,0.0,90.0,0.0,0.0
15111,47.0,0.0,82.0,10.0,0.0
15112,48.0,0.0,71.0,2.0,0.0
15113,51.0,0.0,74.0,0.0,0.0
15114,52.0,0.0,83.0,0.0,0.0
15115,61.0,0.0,89.0,0.0,0.0
15116,62.0,0.0,89.0,0.0,0.0
15117,69.0,0.0,86.0,0.0,0.0
15118,70.0,0.0,85.0,0.0,0.0
15119,69.0,0.0,78.0,268.0,0.0
15120,67.0,0.0,83.0,0.0,0.0
15121,70.0,0.0,88.0,0.0,0.0
15122,71.0,0.0,89.0,0.0,0.0
15123,68.0,0.0,88.0,10.0,0.0
15124,67.0,0.0,87.0,88.0,0.0
15125,66.0,0.0,86.0,42.0,0.0
15126,66.0,0.0,78.0,0.0,0.0
15127,56.0,0.0,82.0,2.0,0.0
15128,52.0,0.0,83.0,0.0,0.0
15129,52.0,0.0,74.0,0.0,0.0
15130,54.0,0.0,80.0,0.0,0.0
15131,56.0,0.0,81.0,0.0,0.0
15132,55.0,0.0,84.0,0.0,0.0
15133,58.0,0.0,87.0,0.0,0.0
15134,63.0,0.0,86.0,0.0,0.0
15135,66.0,0.0,85.0,0.0,0.0
15136,59.0,0.0,85.0,20.0,0.0
15137,53.0,0.0,84.0,0.0,0.0
15138,56.0,0.0,88.0,0.0,0.0
15139,74.0,0.0,92.0,0.0,0.0
15140,68.0,0.0,91.0,10.0,0.0
15141,62.0,0.0,83.0,0.0,0.0
15142,63.0,0.0,85.0,0.0,0.0
15143,63.0,0.0,90.0,0.0,0.0
15144,64.0,0.0,92.0,0.0,0.0
15145,64.0,0.0,93.0,0.0,0.0
15146,60.0,0.0,92.0,0.0,0.0
15147,57.0,0.0,76.0,0.0,0.0
15148,57.0,0.0,81.0,0.0,0.0
15149,64.0,0.0,86.0,0.0,0.0
15150,67.0,0.0,87.0,0.0,0.0
15151,68.0,0.0,90.0,0.0,0.0
15152,67.0,0.0,88.0,0.0,0.0
15153,70.0,0.0,91.0,0.0,0.0
15154,73.0,0.0,92.0,0.0,0.0
15155,66.0,0.0,83.0,58.0,0.0
15156,67.0,0.0,87.0,0.0,0.0
15157,64.0,0.0,85.0,0.0,0.0
15158,67.0,0.0,85.0,12.0,0.0
15159,65.0,0.0,85.0,0.0,0.0
15160,66.0,0.0,92.0,0.0,0.0
15161,76.0,0.0,92.0,0.0,0.0
15162,69.0,0.0,90.0,27.0,0.0
15163,61.0,0.0,86.0,0.0,0.0
15164,58.0,0.0,83.0,0.0,0.0
15165,61.0,0.0,87.0,0.0,0.0
15166,64.0,0.0,87.0,0.0,0.0
15167,67.0,0.0,76.0,35.0,0.0
15168,59.0,0.0,83.0,0.0,0.0
15169,56.0,0.0,82.0,0.0,0.0
15170,60.0,0.0,87.0,0.0,0.0
15171,57.0,0.0,87.0,0.0,0.0
15172,66.0,0.0,91.0,0.0,0.0
15173,68.0,0.0,91.0,0.0,0.0
15174,71.0,0.0,92.0,0.0,0.0
15176,72.0,0.0,88.0,36.0,0.0
15177,74.0,0.0,92.0,0.0,0.0
15178,56.0,0.0,83.0,0.0,0.0
15179,57.0,0.0,81.0,0.0,0.0
15180,57.0,0.0,82.0,0.0,0.0
15181,54.0,0.0,81.0,0.0,0.0
15182,54.0,0.0,80.0,0.0,0.0
15183,62.0,0.0,81.0,0.0,0.0
15184,57.0,0.0,77.0,0.0,0.0
15185,50.0,0.0,84.0,0.0,0.0
15186,66.0,0.0,91.0,0.0,0.0
15187,62.0,0.0,93.0,0.0,0.0
15188,70.0,0.0,93.0,50.0,0.0
15189,63.0,0.0,79.0,0.0,0.0
15190,55.0,0.0,77.0,0.0,0.0
15191,53.0,0.0,80.0,0.0,0.0
15192,56.0,0.0,85.0,0.0,0.0
15194,59.0,0.0,79.0,51.0,0.0
15195,56.0,0.0,81.0,0.0,0.0
15196,57.0,0.0,84.0,0.0,0.0
15197,58.0,0.0,85.0,0.0,0.0
15198,56.0,0.0,86.0,0.0,0.0
15199,61.0,0.0,82.0,0.0,0.0
15200,59.0,0.0,84.0,53.0,0.0
15201,63.0,0.0,87.0,5.0,0.0
15202,66.0,0.0,85.0,0.0,0.0
15203,61.0,0.0,82.0,30.0,0.0
15204,59.0,0.0,79.0,39.0,0.0
15205,62.0,0.0,73.0,249.0,0.0
15206,53.0,0.0,78.0,0.0,0.0
15207,63.0,0.0,85.0,0.0,0.0
15208,62.0,0.0,82.0,0.0,0.0
15209,59.0,0.0,80.0,0.0,0.0
15210,59.0,0.0,88.0,0.0,0.0
15211,64.0,0.0,87.0,0.0,0.0
15212,63.0,0.0,87.0,0.0,0.0
15213,66.0,0.0,92.0,0.0,0.0
15214,69.0,0.0,91.0,0.0,0.0
15215,70.0,0.0,92.0,0.0,0.0
15216,67.0,0.0,83.0,0.0,0.0
15217,52.0,0.0,79.0,0.0,0.0
15218,50.0,0.0,85.0,0.0,0.0
15219,58.0,0.0,85.0,0.0,0.0
15220,61.0,0.0,85.0,45.0,0.0
15221,52.0,0.0,79.0,0.0,0.0
15222,54.0,0.0,83.0,0.0,0.0
15223,55.0,0.0,85.0,0.0,0.0
15224,60.0,0.0,88.0,0.0,0.0
15225,65.0,0.0,86.0,0.0,0.0
15226,71.0,0.0,81.0,9.0,0.0
15227,54.0,0.0,81.0,0.0,0.0
15228,58.0,0.0,76.0,0.0,0.0
15229,59.0,0.0,86.0,12.0,0.0
15230,62.0,0.0,88.0,0.0,0.0
15231,70.0,0.0,92.0,0.0,0.0
15232,72.0,0.0,90.0,0.0,0.0
15233,56.0,0.0,84.0,0.0,0.0
15235,40.0,0.0,62.0,0.0,0.0
15237,33.0,0.0,65.0,0.0,0.0
15238,40.0,0.0,69.0,0.0,0.0
15241,36.0,0.0,64.0,0.0,0.0
15243,32.0,0.0,59.0,0.0,0.0
15244,30.0,0.0,64.0,0.0,0.0
15245,36.0,0.0,71.0,0.0,0.0
15246,46.0,0.0,82.0,0.0,0.0
15247,53.0,0.0,83.0,0.0,0.0
15248,59.0,0.0,80.0,0.0,0.0
15250,55.0,0.0,73.0,108.0,0.0
15251,49.0,0.0,73.0,13.0,0.0
15252,38.0,0.0,51.0,0.0,0.0
15253,36.0,0.0,53.0,0.0,0.0
15254,37.0,0.0,69.0,0.0,0.0
15255,54.0,0.0,71.0,0.0,0.0
15256,47.0,0.0,72.0,47.0,0.0
15257,47.0,0.0,64.0,0.0,0.0
15258,42.0,0.0,58.0,0.0,0.0
15259,37.0,0.0,56.0,0.0,0.0
15260,39.0,0.0,58.0,9.0,0.0
15262,26.0,0.0,55.0,0.0,0.0
15263,34.0,0.0,67.0,0.0,0.0
15264,44.0,0.0,69.0,0.0,0.0
15265,37.0,0.0,68.0,37.0,0.0
15266,26.0,0.0,52.0,0.0,0.0
15267,32.0,0.0,57.0,0.0,0.0
15268,40.0,0.0,73.0,0.0,0.0
15269,55.0,0.0,73.0,0.0,0.0
15270,60.0,0.0,74.0,0.0,0.0
15271,62.0,0.0,71.0,89.0,0.0
15272,60.0,0.0,68.0,242.0,0.0
15273,54.0,0.0,67.0,113.0,0.0
15274,49.0,0.0,58.0,0.0,0.0
15275,47.0,0.0,70.0,0.0,0.0
15278,44.0,0.0,59.0,0.0,0.0
15279,30.0,0.0,56.0,25.0,0.0
15280,18.0,0.0,35.0,0.0,0.0
15281,19.0,0.0,28.0,0.0,0.0
15282,16.0,0.0,32.0,0.0,0.0
15283,32.0,0.0,38.0,0.0,0.0
15285,9.0,0.0,34.0,0.0,0.0
15286,14.0,0.0,36.0,0.0,0.0
15287,20.0,0.0,42.0,0.0,0.0
15288,29.0,0.0,49.0,0.0,0.0
15289,28.0,0.0,49.0,0.0,0.0
15290,33.0,0.0,50.0,8.0,0.0
15291,32.0,0.0,57.0,0.0,0.0
15293,41.0,0.0,51.0,0.0,0.0
15294,26.0,0.0,47.0,0.0,0.0
15295,36.0,0.0,56.0,0.0,0.0
15296,55.0,0.0,62.0,29.0,0.0
15298,42.0,0.0,46.0,25.0,0.0
15299,44.0,0.0,46.0,0.0,0.0
15300,37.0,0.0,52.0,0.0,0.0
15302,21.0,0.0,30.0,0.0,0.0
15303,16.0,0.0,30.0,0.0,0.0
15304,24.0,0.0,40.0,0.0,0.0
15305,34.0,0.0,41.0,9.0,0.0
15306,39.0,0.0,58.0,11.0,0.0
15307,38.0,0.0,61.0,0.0,0.0
15308,34.0,0.0,39.0,0.0,0.0
15310,30.0,0.0,36.0,62.0,0.0
15312,8.0,0.0,24.0,0.0,0.0
15313,22.0,0.0,30.0,0.0,0.0
15314,26.0,0.0,50.0,0.0,0.0
15315,45.0,0.0,57.0,0.0,0.0
15316,38.0,0.0,58.0,1.0,0.0
15317,29.0,0.0,42.0,0.0,0.0
15318,33.0,0.0,43.0,0.0,0.0
15319,31.0,0.0,51.0,0.0,0.0
15320,43.0,0.0,58.0,48.0,0.0
15324,21.0,0.0,37.0,0.0,0.0
15325,15.0,0.0,32.0,1.0,0.0
15326,9.0,0.0,29.0,0.0,0.0
15327,18.0,0.0,37.0,0.0,0.0
15328,31.0,0.0,37.0,17.0,0.0
15329,26.0,0.0,37.0,0.0,0.0
15330,33.0,0.0,38.0,0.0,0.0
15331,22.0,0.0,38.0,0.0,0.0
15332,23.0,0.0,40.0,0.0,0.0
15333,26.0,0.0,38.0,0.0,0.0
15334,27.0,0.0,40.0,0.0,0.0
15335,29.0,0.0,39.0,0.0,0.0
15336,32.0,0.0,35.0,0.0,0.0
15337,30.0,0.0,35.0,17.0,0.0
15338,26.0,0.0,31.0,0.0,0.0
15339,25.0,0.0,30.0,0.0,0.0
15340,27.0,0.0,39.0,0.0,0.0
15341,38.0,0.0,44.0,8.0,0.0
15342,35.0,0.0,43.0,6.0,0.0
15343,34.0,0.0,38.0,0.0,0.0
15344,32.0,0.0,37.0,0.0,0.0
15345,29.0,0.0,37.0,0.0,0.0
15346,34.0,0.0,44.0,2.0,0.0
15347,32.0,0.0,39.0,0.0,0.0
15348,25.0,0.0,39.0,0.0,0.0
15349,26.0,0.0,41.0,0.0,0.0
15350,30.0,0.0,41.0,0.0,0.0
15351,33.0,0.0,41.0,10.0,0.0
15352,19.0,60.0,42.0,48.0,6.0
15353,12.0,20.0,23.0,0.0,8.0
15354,-6.0,0.0,17.0,0.0,7.0
15355,4.0,0.0,30.0,0.0,7.0
15356,8.0,0.0,25.0,0.0,7.0
15357,-4.0,0.0,25.0,0.0,6.0
15358,17.0,0.0,28.0,0.0,4.0
15360,20.0,0.0,37.0,0.0,2.0
15364,7.0,40.0,29.0,6.0,5.0
15365,11.0,0.0,35.0,0.0,4.0
15366,28.0,0.0,35.0,0.0,2.0
15367,29.0,0.0,33.0,0.0,1.0
15368,28.0,0.0,36.0,0.0,0.0
15369,31.0,0.0,34.0,0.0,0.0
15370,18.0,0.0,33.0,0.0,0.0
15371,14.0,0.0,38.0,0.0,0.0
15372,21.0,0.0,39.0,0.0,0.0
15373,28.0,0.0,38.0,0.0,0.0
15374,19.0,0.0,34.0,0.0,0.0
15375,19.0,0.0,40.0,0.0,0.0
15376,29.0,0.0,40.0,0.0,0.0
15377,21.0,20.0,31.0,7.0,2.0
15378,12.0,0.0,26.0,0.0,1.0
15379,11.0,0.0,36.0,0.0,0.0
15381,11.0,0.0,28.0,0.0,0.0
15382,19.0,0.0,30.0,1.0,0.0
15383,29.0,10.0,34.0,2.0,0.0
15384,32.0,0.0,47.0,45.0,0.0
15385,32.0,0.0,46.0,36.0,0.0
15386,33.0,0.0,40.0,0.0,0.0
15387,32.0,0.0,42.0,2.0,0.0
15388,36.0,0.0,48.0,30.0,0.0
15389,33.0,0.0,37.0,1.0,0.0
15390,32.0,0.0,43.0,0.0,0.0
15391,31.0,0.0,44.0,0.0,0.0
15392,35.0,0.0,42.0,0.0,0.0
15393,31.0,0.0,40.0,0.0,0.0
15394,32.0,0.0,40.0,18.0,0.0
15395,29.0,0.0,38.0,0.0,0.0
15396,31.0,0.0,51.0,0.0,0.0
15397,34.0,0.0,48.0,0.0,0.0
15398,18.0,0.0,43.0,1.0,0.0
15399,27.0,0.0,60.0,0.0,0.0
15400,32.0,0.0,61.0,0.0,0.0
15401,32.0,0.0,49.0,0.0,0.0
15402,31.0,0.0,61.0,0.0,0.0
15403,37.0,0.0,60.0,0.0,0.0
15404,38.0,0.0,56.0,2.0,0.0
15405,41.0,0.0,59.0,63.0,0.0
15406,45.0,0.0,56.0,3.0,0.0
15407,39.0,0.0,58.0,0.0,0.0
15408,21.0,0.0,59.0,35.0,0.0
15409,13.0,20.0,59.0,30.0,2.0
15410,12.0,0.0,27.0,0.0,0.0
15411,15.0,0.0,30.0,0.0,0.0
15412,20.0,0.0,32.0,0.0,0.0
15413,15.0,0.0,34.0,0.0,0.0
15414,15.0,0.0,36.0,0.0,0.0
15415,15.0,0.0,50.0,28.0,0.0
15416,26.0,0.0,51.0,0.0,0.0
15417,26.0,20.0,44.0,16.0,2.0
15420,20.0,40.0,37.0,32.0,4.0
15421,12.0,0.0,38.0,0.0,2.0
15422,27.0,0.0,51.0,0.0,0.0
15423,36.0,0.0,52.0,0.0,0.0
15424,34.0,0.0,52.0,12.0,0.0
15425,33.0,0.0,51.0,10.0,0.0
15426,26.0,0.0,49.0,0.0,0.0
15427,25.0,0.0,49.0,0.0,0.0
15428,33.0,0.0,42.0,21.0,0.0
15429,29.0,0.0,51.0,0.0,0.0
15431,23.0,0.0,34.0,0.0,0.0
15432,24.0,0.0,44.0,0.0,0.0
15433,34.0,0.0,45.0,3.0,0.0
15434,26.0,0.0,52.0,0.0,0.0
15435,30.0,0.0,57.0,0.0,0.0
15436,44.0,0.0,66.0,0.0,0.0
15437,35.0,0.0,61.0,0.0,0.0
15438,42.0,0.0,59.0,0.0,0.0
15439,38.0,0.0,57.0,0.0,0.0
15440,41.0,0.0,70.0,23.0,0.0
15441,33.0,0.0,70.0,0.0,0.0
15442,29.0,0.0,45.0,0.0,0.0
15443,32.0,0.0,45.0,0.0,0.0
15444,31.0,0.0,53.0,0.0,0.0
15445,40.0,0.0,74.0,3.0,0.0
15446,42.0,0.0,66.0,33.0,0.0
15447,41.0,0.0,52.0,42.0,0.0
15448,45.0,0.0,76.0,0.0,0.0
15449,57.0,0.0,77.0,14.0,0.0
15450,60.0,0.0,70.0,47.0,0.0
15451,43.0,0.0,70.0,27.0,0.0
15452,36.0,0.0,68.0,0.0,0.0
15453,49.0,0.0,73.0,15.0,0.0
15455,41.0,0.0,53.0,0.0,0.0
15456,42.0,0.0,52.0,24.0,0.0
15457,33.0,0.0,55.0,4.0,0.0
15458,41.0,0.0,53.0,0.0,0.0
15459,48.0,0.0,63.0,25.0,0.0
15460,43.0,0.0,79.0,0.0,0.0
15461,61.0,0.0,79.0,0.0,0.0
15462,46.0,0.0,75.0,0.0,0.0
15463,40.0,0.0,54.0,0.0,0.0
15464,37.0,0.0,56.0,2.0,0.0
15465,37.0,0.0,59.0,15.0,0.0
15466,35.0,0.0,66.0,0.0,0.0
15467,42.0,0.0,69.0,0.0,0.0
15468,52.0,0.0,69.0,5.0,0.0
15469,45.0,0.0,76.0,0.0,0.0
15470,51.0,0.0,80.0,0.0,0.0
15471,55.0,0.0,81.0,0.0,0.0
15472,58.0,0.0,80.0,8.0,0.0
15473,46.0,0.0,75.0,0.0,0.0
15474,41.0,0.0,72.0,0.0,0.0
15475,47.0,0.0,82.0,0.0,0.0
15476,63.0,0.0,82.0,0.0,0.0
15477,53.0,0.0,75.0,17.0,0.0
15478,44.0,0.0,75.0,0.0,0.0
15479,50.0,0.0,82.0,0.0,0.0
15480,56.0,0.0,84.0,0.0,0.0
15481,61.0,0.0,85.0,0.0,0.0
15482,60.0,0.0,84.0,0.0,0.0
15483,44.0,0.0,60.0,77.0,0.0
15484,36.0,0.0,54.0,0.0,0.0
15485,43.0,0.0,56.0,0.0,0.0
15486,38.0,0.0,64.0,0.0,0.0
15487,39.0,0.0,71.0,0.0,0.0
15488,44.0,0.0,73.0,0.0,0.0
15489,52.0,0.0,65.0,105.0,0.0
15490,52.0,0.0,69.0,20.0,0.0
15491,48.0,0.0,74.0,0.0,0.0
15492,51.0,0.0,77.0,0.0,0.0
15493,51.0,0.0,78.0,0.0,0.0
15494,60.0,0.0,79.0,0.0,0.0
15495,63.0,0.0,72.0,50.0,0.0
15496,61.0,0.0,79.0,35.0,0.0
15497,64.0,0.0,79.0,34.0,0.0
15498,52.0,0.0,74.0,7.0,0.0
15499,45.0,0.0,75.0,0.0,0.0
15500,55.0,0.0,75.0,0.0,0.0
15501,48.0,0.0,76.0,0.0,0.0
15502,50.0,0.0,84.0,0.0,0.0
15503,60.0,0.0,86.0,0.0,0.0
15504,62.0,0.0,85.0,0.0,0.0
15505,58.0,0.0,80.0,0.0,0.0
15506,53.0,0.0,81.0,0.0,0.0
15507,61.0,0.0,90.0,0.0,0.0
15508,63.0,0.0,89.0,110.0,0.0
15509,57.0,0.0,78.0,0.0,0.0
15510,49.0,0.0,60.0,0.0,0.0
15511,40.0,0.0,65.0,0.0,0.0
15512,41.0,0.0,65.0,0.0,0.0
15513,54.0,0.0,66.0,0.0,0.0
15514,51.0,0.0,69.0,10.0,0.0
15515,52.0,0.0,74.0,7.0,0.0
15516,58.0,0.0,77.0,7.0,0.0
15517,53.0,0.0,74.0,0.0,0.0
15518,49.0,0.0,78.0,0.0,0.0
15519,52.0,0.0,82.0,0.0,0.0
15520,52.0,0.0,85.0,0.0,0.0
15521,61.0,0.0,86.0,0.0,0.0
15522,63.0,0.0,88.0,0.0,0.0
15523,68.0,0.0,87.0,0.0,0.0
15524,57.0,0.0,81.0,0.0,0.0
15525,63.0,0.0,79.0,0.0,0.0
15526,50.0,0.0,79.0,0.0,0.0
15527,52.0,0.0,76.0,0.0,0.0
15528,62.0,0.0,78.0,0.0,0.0
15529,70.0,0.0,83.0,7.0,0.0
15530,65.0,0.0,83.0,42.0,0.0
15531,60.0,0.0,82.0,11.0,0.0
15532,67.0,0.0,81.0,15.0,0.0
15533,67.0,0.0,74.0,99.0,0.0
15534,66.0,0.0,85.0,84.0,0.0
15535,61.0,0.0,71.0,74.0,0.0
15536,64.0,0.0,75.0,5.0,0.0
15537,64.0,0.0,80.0,22.0,0.0
15538,64.0,0.0,80.0,0.0,0.0
15539,56.0,0.0,79.0,0.0,0.0
15540,67.0,0.0,78.0,60.0,0.0
15541,57.0,0.0,76.0,114.0,0.0
15542,53.0,0.0,76.0,0.0,0.0
15543,58.0,0.0,70.0,87.0,0.0
15544,62.0,0.0,73.0,19.0,0.0
15545,55.0,0.0,76.0,0.0,0.0
15546,69.0,0.0,82.0,28.0,0.0
15547,59.0,0.0,79.0,1.0,0.0
15548,52.0,0.0,82.0,0.0,0.0
15549,67.0,0.0,82.0,4.0,0.0
15550,59.0,0.0,80.0,0.0,0.0
15551,56.0,0.0,67.0,45.0,0.0
15552,52.0,0.0,77.0,0.0,0.0
15553,56.0,0.0,76.0,0.0,0.0
15554,62.0,0.0,76.0,6.0,0.0
15555,55.0,0.0,77.0,4.0,0.0
15556,53.0,0.0,76.0,0.0,0.0
15557,51.0,0.0,76.0,0.0,0.0
15558,54.0,0.0,80.0,0.0,0.0
15559,68.0,0.0,82.0,91.0,0.0
15560,62.0,0.0,87.0,0.0,0.0
15561,70.0,0.0,91.0,0.0,0.0
15563,54.0,0.0,76.0,0.0,0.0
15564,58.0,0.0,75.0,20.0,0.0
15565,54.0,0.0,69.0,0.0,0.0
15566,56.0,0.0,70.0,0.0,0.0
15567,49.0,0.0,75.0,0.0,0.0
15568,47.0,0.0,76.0,0.0,0.0
15569,51.0,0.0,76.0,0.0,0.0
15570,57.0,0.0,75.0,45.0,0.0
15571,50.0,0.0,75.0,0.0,0.0
15572,48.0,0.0,76.0,0.0,0.0
15573,51.0,0.0,78.0,0.0,0.0
15574,59.0,0.0,82.0,0.0,0.0
15575,67.0,0.0,82.0,10.0,0.0
15576,64.0,0.0,86.0,0.0,0.0
15577,65.0,0.0,85.0,0.0,0.0
15578,66.0,0.0,84.0,25.0,0.0
15579,56.0,0.0,69.0,98.0,0.0
15580,46.0,0.0,70.0,0.0,0.0
15581,61.0,0.0,75.0,0.0,0.0
15582,52.0,0.0,74.0,0.0,0.0
15583,51.0,0.0,75.0,0.0,0.0
15584,55.0,0.0,74.0,0.0,0.0
15585,65.0,0.0,80.0,29.0,0.0
15586,50.0,0.0,80.0,0.0,0.0
15587,52.0,0.0,79.0,0.0,0.0
15588,63.0,0.0,83.0,19.0,0.0
15589,63.0,0.0,83.0,58.0,0.0
15590,65.0,0.0,82.0,14.0,0.0
15591,50.0,0.0,76.0,0.0,0.0
15592,69.0,0.0,75.0,138.0,0.0
15593,46.0,0.0,70.0,0.0,0.0
15594,46.0,0.0,70.0,0.0,0.0
15595,49.0,0.0,73.0,0.0,0.0
15596,55.0,0.0,78.0,0.0,0.0
15597,64.0,0.0,83.0,0.0,0.0
15598,63.0,0.0,83.0,0.0,0.0
15599,63.0,0.0,81.0,0.0,0.0
15600,67.0,0.0,81.0,0.0,0.0
15601,43.0,0.0,71.0,9.0,0.0
15602,42.0,0.0,69.0,0.0,0.0
15603,59.0,0.0,73.0,42.0,0.0
15604,64.0,0.0,73.0,170.0,0.0
15605,37.0,0.0,67.0,0.0,0.0
15606,39.0,0.0,67.0,0.0,0.0
15607,39.0,0.0,70.0,0.0,0.0
15608,45.0,0.0,70.0,0.0,0.0
15609,54.0,0.0,68.0,22.0,0.0
15610,43.0,0.0,69.0,0.0,0.0
15611,33.0,0.0,65.0,0.0,0.0
15612,36.0,0.0,61.0,0.0,0.0
15613,38.0,0.0,69.0,0.0,0.0
15614,37.0,0.0,72.0,0.0,0.0
15615,51.0,0.0,76.0,0.0,0.0
15616,51.0,0.0,76.0,0.0,0.0
15617,38.0,0.0,62.0,0.0,0.0
15618,36.0,0.0,66.0,0.0,0.0
15619,37.0,0.0,71.0,0.0,0.0
15620,45.0,0.0,70.0,0.0,0.0
15621,47.0,0.0,64.0,60.0,0.0
15622,46.0,0.0,57.0,0.0,0.0
15623,42.0,0.0,56.0,16.0,0.0
15624,41.0,0.0,62.0,5.0,0.0
15625,36.0,0.0,63.0,0.0,0.0
15626,46.0,0.0,75.0,75.0,0.0
15627,55.0,0.0,73.0,0.0,0.0
15628,45.0,0.0,63.0,37.0,0.0
15629,32.0,0.0,50.0,0.0,0.0
15630,31.0,0.0,49.0,44.0,0.0
15631,26.0,0.0,43.0,0.0,0.0
15632,30.0,0.0,44.0,8.0,0.0
15633,36.0,0.0,52.0,20.0,0.0
15634,31.0,0.0,59.0,0.0,0.0
15635,42.0,0.0,72.0,0.0,0.0
15636,53.0,0.0,71.0,0.0,0.0
15637,35.0,0.0,62.0,0.0,0.0
15638,37.0,0.0,61.0,0.0,0.0
15639,36.0,0.0,60.0,0.0,0.0
15640,31.0,0.0,60.0,0.0,0.0
15641,43.0,0.0,58.0,0.0,0.0
15642,41.0,0.0,51.0,0.0,0.0
15643,31.0,0.0,49.0,0.0,0.0
15644,39.0,0.0,44.0,4.0,0.0
15646,40.0,0.0,59.0,28.0,0.0
15647,38.0,0.0,60.0,14.0,0.0
15648,35.0,0.0,38.0,0.0,0.0
15649,29.0,0.0,39.0,0.0,0.0
15650,25.0,0.0,40.0,0.0,0.0
15651,25.0,0.0,40.0,0.0,0.0
15652,32.0,0.0,47.0,0.0,0.0
15653,44.0,0.0,49.0,0.0,0.0
15654,47.0,0.0,52.0,46.0,0.0
15655,46.0,0.0,57.0,86.0,0.0
15656,31.0,0.0,57.0,81.0,0.0
15657,26.0,0.0,34.0,0.0,0.0
15658,26.0,0.0,36.0,0.0,0.0
15659,25.0,0.0,39.0,0.0,0.0
15660,32.0,0.0,49.0,0.0,0.0
15661,35.0,0.0,42.0,0.0,0.0
15662,31.0,0.0,44.0,0.0,0.0
15663,37.0,0.0,59.0,0.0,0.0
15664,46.0,0.0,63.0,21.0,0.0
15665,43.0,0.0,61.0,32.0,0.0
15666,39.0,0.0,44.0,64.0,0.0
15667,35.0,0.0,46.0,0.0,0.0
15668,39.0,0.0,45.0,5.0,0.0
15669,37.0,0.0,47.0,3.0,0.0
15670,32.0,0.0,37.0,7.0,0.0
15671,30.0,0.0,33.0,0.0,0.0
15672,28.0,0.0,40.0,0.0,0.0
15673,32.0,0.0,36.0,0.0,0.0
15674,31.0,0.0,36.0,4.0,0.0
15675,29.0,0.0,35.0,0.0,0.0
15676,30.0,0.0,37.0,5.0,0.0
15677,29.0,0.0,36.0,0.0,0.0
15678,21.0,0.0,35.0,0.0,0.0
15679,17.0,0.0,28.0,0.0,0.0
15680,27.0,0.0,33.0,0.0,0.0
15681,28.0,0.0,32.0,0.0,0.0
15682,23.0,0.0,32.0,0.0,0.0
15683,28.0,30.0,34.0,42.0,3.0
15684,33.0,0.0,37.0,0.0,2.0
15685,33.0,0.0,37.0,0.0,0.0
15686,32.0,0.0,35.0,0.0,0.0
15687,25.0,0.0,38.0,0.0,0.0
15688,30.0,0.0,45.0,0.0,0.0
15689,41.0,0.0,52.0,6.0,0.0
15691,31.0,0.0,36.0,4.0,0.0
15692,32.0,0.0,42.0,0.0,0.0
15693,24.0,0.0,38.0,3.0,0.0
15694,16.0,0.0,32.0,0.0,0.0
15695,29.0,0.0,36.0,0.0,0.0
15696,29.0,0.0,39.0,0.0,0.0
15698,18.0,0.0,35.0,0.0,0.0
15699,12.0,0.0,28.0,0.0,0.0
15700,13.0,0.0,42.0,0.0,0.0
15701,30.0,0.0,42.0,0.0,0.0
15702,36.0,0.0,42.0,0.0,0.0
15703,41.0,0.0,49.0,37.0,0.0
15704,32.0,0.0,55.0,160.0,0.0
15705,24.0,0.0,32.0,0.0,0.0
15706,16.0,0.0,29.0,0.0,0.0
15707,28.0,0.0,44.0,13.0,0.0
15708,44.0,0.0,53.0,44.0,0.0
15709,31.0,0.0,51.0,92.0,0.0
15710,29.0,0.0,33.0,0.0,0.0
15711,26.0,0.0,35.0,0.0,0.0
15713,22.0,0.0,28.0,0.0,0.0
15714,19.0,25.0,26.0,16.0,3.0
15715,22.0,10.0,27.0,6.0,4.0
15716,26.0,0.0,32.0,0.0,2.0
15717,28.0,0.0,35.0,52.0,1.0
15721,23.0,0.0,31.0,0.0,0.0
15722,10.0,0.0,29.0,0.0,0.0
15723,8.0,0.0,28.0,0.0,0.0
15724,13.0,0.0,33.0,0.0,0.0
15725,28.0,0.0,40.0,29.0,0.0
15726,32.0,0.0,39.0,38.0,0.0
15727,28.0,0.0,38.0,2.0,0.0
15728,32.0,5.0,43.0,14.0,1.0
15730,14.0,0.0,34.0,0.0,0.0
15731,28.0,0.0,35.0,0.0,0.0
15732,29.0,10.0,40.0,5.0,1.0
15733,18.0,0.0,38.0,0.0,0.0
15734,17.0,0.0,36.0,0.0,0.0
15735,30.0,0.0,44.0,0.0,0.0
15736,19.0,0.0,44.0,0.0,0.0
15737,10.0,0.0,32.0,0.0,0.0
15738,10.0,0.0,45.0,0.0,0.0
15739,12.0,0.0,45.0,0.0,0.0
15740,26.0,0.0,50.0,0.0,0.0
15741,20.0,0.0,48.0,0.0,0.0
15742,13.0,0.0,39.0,0.0,0.0
15743,28.0,0.0,39.0,0.0,0.0
15744,16.0,0.0,36.0,0.0,0.0
15745,27.0,0.0,42.0,0.0,0.0
15746,28.0,0.0,42.0,0.0,0.0
15749,25.0,0.0,33.0,0.0,0.0
15750,23.0,0.0,32.0,0.0,0.0
15751,26.0,40.0,30.0,14.0,4.0
15752,7.0,10.0,29.0,1.0,5.0
15754,-2.0,0.0,20.0,0.0,4.0
15755,19.0,0.0,32.0,0.0,4.0
15756,23.0,20.0,31.0,9.0,6.0
15757,24.0,10.0,33.0,20.0,5.0
15759,0.0,0.0,22.0,0.0,5.0
15760,-4.0,0.0,18.0,0.0,4.0
15761,16.0,10.0,28.0,1.0,5.0
15762,-2.0,0.0,28.0,0.0,5.0
15763,2.0,0.0,29.0,0.0,4.0
15764,16.0,0.0,38.0,0.0,4.0
15765,16.0,0.0,41.0,0.0,3.0
15766,33.0,0.0,40.0,0.0,1.0
15767,32.0,0.0,39.0,0.0,0.0
15768,28.0,85.0,33.0,66.0,9.0
15769,22.0,0.0,39.0,0.0,7.0
15770,12.0,0.0,41.0,0.0,5.0
15771,28.0,0.0,41.0,0.0,1.0
15772,30.0,0.0,37.0,0.0,0.0
15773,30.0,10.0,34.0,4.0,1.0
15774,13.0,20.0,34.0,3.0,2.0
15775,19.0,10.0,33.0,3.0,2.0
15776,17.0,0.0,26.0,0.0,1.0
15777,5.0,0.0,25.0,0.0,1.0
15778,5.0,10.0,33.0,1.0,1.0
15779,32.0,0.0,38.0,1.0,0.0
15780,22.0,0.0,37.0,27.0,0.0
15781,23.0,0.0,28.0,0.0,0.0
15782,14.0,0.0,33.0,0.0,0.0
15783,31.0,0.0,37.0,22.0,0.0
15784,32.0,0.0,40.0,0.0,0.0
15785,31.0,0.0,42.0,0.0,0.0
15786,33.0,0.0,41.0,55.0,0.0
15787,35.0,0.0,38.0,9.0,0.0
15788,35.0,0.0,42.0,4.0,0.0
15789,34.0,0.0,40.0,0.0,0.0
15790,30.0,0.0,48.0,0.0,0.0
15791,32.0,0.0,58.0,2.0,0.0
15792,39.0,0.0,53.0,5.0,0.0
15793,45.0,0.0,60.0,0.0,0.0
15794,43.0,0.0,59.0,0.0,0.0
15795,35.0,0.0,45.0,78.0,0.0
15796,28.0,0.0,37.0,10.0,0.0
15797,25.0,0.0,40.0,0.0,0.0
15798,25.0,0.0,42.0,0.0,0.0
15799,30.0,0.0,44.0,0.0,0.0
15800,37.0,0.0,52.0,2.0,0.0
15801,33.0,0.0,59.0,0.0,0.0
15802,46.0,0.0,63.0,0.0,0.0
15803,51.0,0.0,60.0,15.0,0.0
15804,36.0,0.0,56.0,46.0,0.0
15805,37.0,0.0,58.0,0.0,0.0
15806,38.0,0.0,53.0,7.0,0.0
15807,30.0,0.0,55.0,0.0,0.0
15808,37.0,0.0,56.0,0.0,0.0
15809,42.0,0.0,68.0,0.0,0.0
15810,40.0,0.0,65.0,71.0,0.0
15811,31.0,0.0,46.0,0.0,0.0
15812,35.0,0.0,63.0,0.0,0.0
15813,44.0,0.0,63.0,0.0,0.0
15814,52.0,0.0,65.0,42.0,0.0
15815,32.0,0.0,58.0,10.0,0.0
15816,28.0,0.0,57.0,0.0,0.0
15817,33.0,0.0,60.0,0.0,0.0
15818,32.0,0.0,61.0,3.0,0.0
15819,41.0,0.0,61.0,77.0,0.0
15820,35.0,0.0,61.0,2.0,0.0
15821,29.0,0.0,56.0,0.0,0.0
15822,41.0,0.0,65.0,0.0,0.0
15823,52.0,0.0,70.0,0.0,0.0
15824,46.0,0.0,69.0,15.0,0.0
15825,44.0,0.0,71.0,0.0,0.0
15826,47.0,0.0,72.0,0.0,0.0
15827,55.0,0.0,73.0,2.0,0.0
15828,45.0,0.0,71.0,5.0,0.0
15829,56.0,0.0,71.0,15.0,0.0
15830,49.0,0.0,80.0,0.0,0.0
15831,46.0,0.0,79.0,0.0,0.0
15832,46.0,0.0,80.0,0.0,0.0
15833,46.0,0.0,81.0,0.0,0.0
15834,48.0,0.0,83.0,0.0,0.0
15835,48.0,0.0,78.0,0.0,0.0
15838,42.0,0.0,71.0,0.0,0.0
15839,56.0,0.0,77.0,0.0,0.0
15840,49.0,0.0,78.0,0.0,0.0
15841,41.0,0.0,68.0,0.0,0.0
15842,51.0,0.0,68.0,0.0,0.0
15843,40.0,0.0,66.0,8.0,0.0
15844,40.0,0.0,61.0,0.0,0.0
15845,42.0,0.0,64.0,0.0,0.0
15846,37.0,0.0,73.0,0.0,0.0
15847,54.0,0.0,74.0,15.0,0.0
15848,60.0,0.0,72.0,20.0,0.0
15849,52.0,0.0,71.0,12.0,0.0
15850,43.0,0.0,73.0,0.0,0.0
15851,49.0,0.0,72.0,0.0,0.0
15852,52.0,0.0,82.0,0.0,0.0
15853,45.0,0.0,74.0,16.0,0.0
15854,43.0,0.0,74.0,0.0,0.0
15856,39.0,0.0,61.0,0.0,0.0
15857,50.0,0.0,62.0,0.0,0.0
15858,51.0,0.0,63.0,0.0,0.0
15859,50.0,0.0,63.0,0.0,0.0
15860,49.0,0.0,63.0,63.0,0.0
15861,43.0,0.0,74.0,0.0,0.0
15862,58.0,0.0,74.0,0.0,0.0
15863,61.0,0.0,76.0,106.0,0.0
15864,67.0,0.0,80.0,42.0,0.0
15865,62.0,0.0,80.0,2.0,0.0
15866,59.0,0.0,78.0,0.0,0.0
15867,57.0,0.0,80.0,0.0,0.0
15868,58.0,0.0,83.0,0.0,0.0
15869,63.0,0.0,84.0,0.0,0.0
15870,57.0,0.0,74.0,31.0,0.0
15871,54.0,0.0,76.0,0.0,0.0
15872,54.0,0.0,84.0,0.0,0.0
15873,69.0,0.0,88.0,0.0,0.0
15874,68.0,0.0,87.0,0.0,0.0
15875,71.0,0.0,84.0,0.0,0.0
15876,55.0,0.0,77.0,138.0,0.0
15877,57.0,0.0,84.0,2.0,0.0
15878,56.0,0.0,87.0,0.0,0.0
15879,58.0,0.0,88.0,0.0,0.0
15880,70.0,0.0,88.0,0.0,0.0
15881,60.0,0.0,80.0,21.0,0.0
15882,64.0,0.0,81.0,0.0,0.0
15883,62.0,0.0,79.0,0.0,0.0
15884,55.0,0.0,77.0,0.0,0.0
15885,54.0,0.0,77.0,0.0,0.0
15886,61.0,0.0,71.0,0.0,0.0
15887,61.0,0.0,82.0,36.0,0.0
15888,65.0,0.0,82.0,10.0,0.0
15889,70.0,0.0,88.0,2.0,0.0
15890,68.0,0.0,90.0,0.0,0.0
15891,68.0,0.0,90.0,0.0,0.0
15892,71.0,0.0,87.0,0.0,0.0
15893,70.0,0.0,85.0,38.0,0.0
15894,69.0,0.0,90.0,0.0,0.0
15895,68.0,0.0,91.0,30.0,0.0
15896,68.0,0.0,87.0,3.0,0.0
15897,65.0,0.0,87.0,47.0,0.0
15898,54.0,0.0,81.0,0.0,0.0
15899,67.0,0.0,83.0,25.0,0.0
15900,65.0,0.0,84.0,0.0,0.0
15901,57.0,0.0,80.0,0.0,0.0
15902,58.0,0.0,81.0,0.0,0.0
15903,63.0,0.0,87.0,0.0,0.0
15904,71.0,0.0,87.0,133.0,0.0
15905,63.0,0.0,81.0,0.0,0.0
15906,60.0,0.0,82.0,0.0,0.0
15907,57.0,0.0,81.0,0.0,0.0
15908,54.0,0.0,78.0,0.0,0.0
15909,62.0,0.0,82.0,0.0,0.0
15910,66.0,0.0,81.0,0.0,0.0
15911,66.0,0.0,85.0,0.0,0.0
15912,66.0,0.0,87.0,0.0,0.0
15913,69.0,0.0,92.0,0.0,0.0
15914,65.0,0.0,84.0,0.0,0.0
15915,57.0,0.0,78.0,0.0,0.0
15916,52.0,0.0,82.0,0.0,0.0
15917,56.0,0.0,83.0,0.0,0.0
15918,64.0,0.0,84.0,25.0,0.0
15919,59.0,0.0,82.0,0.0,0.0
15920,58.0,0.0,82.0,20.0,0.0
15921,47.0,0.0,73.0,0.0,0.0
15922,51.0,0.0,72.0,0.0,0.0
15923,51.0,0.0,73.0,17.0,0.0
15924,52.0,0.0,80.0,0.0,0.0
15925,55.0,0.0,82.0,0.0,0.0
15926,64.0,0.0,80.0,0.0,0.0
15927,59.0,0.0,85.0,0.0,0.0
15928,63.0,0.0,84.0,0.0,0.0
15929,63.0,0.0,86.0,27.0,0.0
15930,63.0,0.0,87.0,0.0,0.0
15931,64.0,0.0,89.0,0.0,0.0
15932,71.0,0.0,86.0,2.0,0.0
15933,64.0,0.0,87.0,0.0,0.0
15934,63.0,0.0,88.0,0.0,0.0
15935,62.0,0.0,86.0,0.0,0.0
15936,70.0,0.0,87.0,15.0,0.0
15937,60.0,0.0,84.0,0.0,0.0
15938,47.0,0.0,78.0,0.0,0.0
15939,58.0,0.0,92.0,0.0,0.0
15940,69.0,0.0,91.0,12.0,0.0
15941,65.0,0.0,91.0,0.0,0.0
15942,66.0,0.0,93.0,0.0,0.0
15943,70.0,0.0,94.0,0.0,0.0
15944,65.0,0.0,93.0,0.0,0.0
15946,62.0,0.0,92.0,0.0,0.0
15947,67.0,0.0,91.0,57.0,0.0
15948,54.0,0.0,91.0,19.0,0.0
15949,59.0,0.0,77.0,0.0,0.0
15950,66.0,0.0,70.0,220.0,0.0
15951,51.0,0.0,74.0,22.0,0.0
15952,55.0,0.0,78.0,0.0,0.0
15953,58.0,0.0,78.0,22.0,0.0
15954,53.0,0.0,74.0,28.0,0.0
15955,50.0,0.0,71.0,0.0,0.0
15956,52.0,0.0,75.0,0.0,0.0
15957,53.0,0.0,75.0,6.0,0.0
15958,39.0,0.0,63.0,0.0,0.0
15959,51.0,0.0,74.0,3.0,0.0
15960,60.0,0.0,83.0,0.0,0.0
15961,72.0,0.0,83.0,0.0,0.0
15962,52.0,0.0,80.0,43.0,0.0
15963,51.0,0.0,63.0,0.0,0.0
15964,54.0,0.0,66.0,0.0,0.0
15965,51.0,0.0,69.0,0.0,0.0
15966,57.0,0.0,68.0,0.0,0.0
15967,51.0,0.0,67.0,0.0,0.0
15968,52.0,0.0,68.0,0.0,0.0
15969,51.0,0.0,68.0,0.0,0.0
15970,62.0,0.0,70.0,17.0,0.0
15971,41.0,0.0,69.0,4.0,0.0
15972,48.0,0.0,69.0,0.0,0.0
15973,52.0,0.0,61.0,43.0,0.0
15974,48.0,0.0,62.0,0.0,0.0
15975,45.0,0.0,59.0,75.0,0.0
15976,38.0,0.0,55.0,0.0,0.0
15977,32.0,0.0,54.0,22.0,0.0
15978,42.0,0.0,69.0,0.0,0.0
15979,46.0,0.0,69.0,0.0,0.0
15980,35.0,0.0,65.0,0.0,0.0
15981,50.0,0.0,71.0,0.0,0.0
15982,31.0,0.0,63.0,0.0,0.0
15983,35.0,0.0,72.0,0.0,0.0
15984,51.0,0.0,78.0,0.0,0.0
15985,49.0,0.0,78.0,0.0,0.0
15986,39.0,0.0,76.0,60.0,0.0
15987,32.0,0.0,51.0,10.0,0.0
15988,27.0,0.0,56.0,0.0,0.0
15989,37.0,0.0,54.0,0.0,0.0
15990,33.0,0.0,52.0,0.0,0.0
15991,29.0,0.0,58.0,0.0,0.0
15992,42.0,0.0,71.0,0.0,0.0
15993,55.0,0.0,71.0,10.0,0.0
15995,37.0,0.0,61.0,0.0,0.0
15996,47.0,0.0,58.0,0.0,0.0
15997,51.0,0.0,57.0,0.0,0.0
15998,44.0,0.0,64.0,21.0,0.0
15999,33.0,0.0,56.0,0.0,0.0
16000,29.0,0.0,61.0,0.0,0.0
16001,40.0,0.0,66.0,0.0,0.0
16002,38.0,0.0,68.0,0.0,0.0
16003,42.0,0.0,68.0,0.0,0.0
16004,40.0,0.0,67.0,0.0,0.0
16005,33.0,0.0,49.0,0.0,0.0
16006,38.0,0.0,48.0,0.0,0.0
16007,33.0,0.0,43.0,0.0,0.0
16008,32.0,0.0,38.0,11.0,0.0
16009,29.0,0.0,39.0,0.0,0.0
16010,26.0,0.0,44.0,0.0,0.0
16011,39.0,0.0,49.0,0.0,0.0
16012,40.0,0.0,52.0,0.0,0.0
16013,41.0,0.0,55.0,0.0,0.0
16014,33.0,0.0,54.0,0.0,0.0
16015,24.0,0.0,38.0,0.0,0.0
16016,26.0,0.0,49.0,0.0,0.0
16017,28.0,0.0,52.0,0.0,0.0
16018,25.0,0.0,54.0,0.0,0.0
16019,29.0,0.0,57.0,0.0,0.0
16020,31.0,0.0,54.0,0.0,0.0
16021,40.0,0.0,58.0,28.0,0.0
16022,46.0,0.0,60.0,64.0,0.0
16023,42.0,0.0,53.0,22.0,0.0
16024,37.0,0.0,42.0,0.0,0.0
16025,36.0,0.0,44.0,35.0,0.0
16026,25.0,0.0,47.0,37.0,0.0
16027,31.0,0.0,45.0,0.0,0.0
16028,26.0,0.0,44.0,0.0,0.0
16029,31.0,0.0,52.0,0.0,0.0
16030,30.0,0.0,51.0,0.0,0.0
16031,31.0,0.0,53.0,0.0,0.0
16032,40.0,0.0,51.0,20.0,0.0
16033,33.0,0.0,42.0,12.0,0.0
16034,37.0,0.0,55.0,24.0,0.0
16035,24.0,0.0,53.0,60.0,0.0
16036,22.0,0.0,33.0,0.0,0.0
16039,21.0,0.0,42.0,0.0,0.0
16040,34.0,0.0,45.0,0.0,0.0
16041,36.0,0.0,45.0,12.0,0.0
16042,38.0,0.0,42.0,34.0,0.0
16043,36.0,0.0,41.0,8.0,0.0
16044,37.0,0.0,42.0,2.0,0.0
16045,29.0,0.0,38.0,4.0,0.0
16046,30.0,0.0,40.0,0.0,0.0
16047,28.0,0.0,48.0,0.0,0.0
16050,15.0,0.0,37.0,0.0,0.0
16051,24.0,0.0,39.0,0.0,0.0
16052,33.0,0.0,42.0,0.0,0.0
16053,35.0,0.0,44.0,0.0,0.0
16054,31.0,0.0,43.0,0.0,0.0
16055,31.0,0.0,43.0,0.0,0.0
16056,35.0,0.0,40.0,4.0,0.0
16057,30.0,0.0,41.0,15.0,0.0
16058,33.0,0.0,35.0,0.0,0.0
16070,23.0,0.0,37.0,0.0,0.0
16071,24.0,0.0,36.0,0.0,0.0
16072,20.0,0.0,27.0,3.0,0.0
16073,20.0,0.0,30.0,0.0,0.0
16074,8.0,0.0,30.0,0.0,0.0
16086,3.0,30.0,15.0,30.0,4.0
16091,11.0,0.0,28.0,0.0,3.0
16094,26.0,0.0,35.0,0.0,0.0
16097,30.0,0.0,40.0,116.0,0.0
16100,9.0,0.0,21.0,0.0,2.0
16101,-5.0,10.0,15.0,1.0,3.0
16105,6.0,0.0,27.0,0.0,3.0
16106,6.0,0.0,38.0,0.0,1.0
16107,11.0,0.0,38.0,0.0,0.0
16108,6.0,30.0,19.0,19.0,3.0
16109,7.0,10.0,16.0,10.0,4.0
16110,-6.0,0.0,14.0,0.0,3.0
16115,31.0,0.0,39.0,0.0,1.0
16117,28.0,0.0,45.0,0.0,0.0
16118,30.0,0.0,53.0,0.0,0.0
16119,38.0,0.0,58.0,0.0,0.0
16120,48.0,0.0,59.0,0.0,0.0
16121,34.0,0.0,53.0,0.0,0.0
16122,24.0,0.0,34.0,0.0,0.0
16123,21.0,10.0,33.0,20.0,1.0
16124,20.0,0.0,34.0,0.0,0.0
16125,8.0,0.0,24.0,0.0,0.0
16126,-2.0,40.0,25.0,51.0,4.0
16129,19.0,0.0,32.0,0.0,3.0
16130,15.0,0.0,35.0,0.0,2.0
16131,11.0,0.0,37.0,0.0,1.0
16132,30.0,0.0,42.0,0.0,0.0
16133,28.0,0.0,45.0,0.0,0.0
16134,35.0,0.0,55.0,0.0,0.0
16135,37.0,0.0,57.0,32.0,0.0
16136,28.0,0.0,45.0,21.0,0.0
16137,25.0,0.0,34.0,0.0,0.0
16138,17.0,20.0,38.0,9.0,2.0
16139,22.0,0.0,38.0,0.0,0.0
16140,25.0,0.0,49.0,0.0,0.0
16141,38.0,0.0,49.0,10.0,0.0
16142,29.0,0.0,43.0,0.0,0.0
16143,36.0,0.0,48.0,0.0,0.0
16144,22.0,0.0,36.0,0.0,0.0
16145,15.0,0.0,33.0,0.0,0.0
16146,30.0,0.0,39.0,0.0,0.0
16147,19.0,0.0,45.0,0.0,0.0
16148,28.0,0.0,54.0,0.0,0.0
16149,36.0,0.0,54.0,29.0,0.0
16150,33.0,0.0,60.0,11.0,0.0
16151,39.0,0.0,70.0,0.0,0.0
16152,49.0,0.0,70.0,11.0,0.0
16153,29.0,0.0,51.0,0.0,0.0
16154,24.0,0.0,46.0,0.0,0.0
16155,38.0,0.0,46.0,30.0,0.0
16156,36.0,0.0,51.0,0.0,0.0
16157,29.0,0.0,47.0,16.0,0.0
16158,27.0,0.0,45.0,0.0,0.0
16159,26.0,0.0,49.0,0.0,0.0
16160,33.0,0.0,64.0,0.0,0.0
16161,41.0,0.0,69.0,0.0,0.0
16163,30.0,0.0,54.0,0.0,0.0
16164,39.0,0.0,56.0,0.0,0.0
16167,22.0,0.0,49.0,0.0,0.0
16168,41.0,0.0,62.0,0.0,0.0
16169,45.0,0.0,62.0,43.0,0.0
16170,38.0,0.0,61.0,0.0,0.0
16171,38.0,0.0,53.0,96.0,0.0
16172,46.0,0.0,63.0,50.0,0.0
16173,42.0,0.0,66.0,11.0,0.0
16174,51.0,0.0,71.0,0.0,0.0
16175,44.0,0.0,67.0,21.0,0.0
16176,39.0,0.0,58.0,0.0,0.0
16177,36.0,0.0,77.0,0.0,0.0
16178,54.0,0.0,78.0,0.0,0.0
16179,34.0,0.0,66.0,0.0,0.0
16180,33.0,0.0,62.0,0.0,0.0
16181,33.0,0.0,58.0,0.0,0.0
16182,33.0,0.0,61.0,0.0,0.0
16183,45.0,0.0,64.0,0.0,0.0
16184,48.0,0.0,78.0,0.0,0.0
16185,49.0,0.0,82.0,0.0,0.0
16186,60.0,0.0,82.0,96.0,0.0
16187,41.0,0.0,69.0,0.0,0.0
16188,40.0,0.0,47.0,57.0,0.0
16189,37.0,0.0,61.0,0.0,0.0
16190,36.0,0.0,44.0,53.0,0.0
16191,33.0,0.0,49.0,0.0,0.0
16192,33.0,0.0,61.0,0.0,0.0
16193,38.0,0.0,59.0,0.0,0.0
16194,27.0,0.0,60.0,0.0,0.0
16195,27.0,0.0,69.0,0.0,0.0
16196,37.0,0.0,62.0,0.0,0.0
16197,37.0,0.0,49.0,22.0,0.0
16198,38.0,0.0,65.0,0.0,0.0
16199,42.0,0.0,69.0,0.0,0.0
16200,43.0,0.0,66.0,0.0,0.0
16201,44.0,0.0,70.0,22.0,0.0
16202,38.0,0.0,70.0,0.0,0.0
16203,37.0,0.0,68.0,0.0,0.0
16204,48.0,0.0,75.0,0.0,0.0
16205,48.0,0.0,72.0,0.0,0.0
16206,41.0,0.0,63.0,0.0,0.0
16207,36.0,0.0,67.0,0.0,0.0
16208,37.0,0.0,67.0,0.0,0.0
16209,42.0,0.0,71.0,0.0,0.0
16210,42.0,0.0,76.0,0.0,0.0
16211,53.0,0.0,83.0,0.0,0.0
16212,55.0,0.0,88.0,0.0,0.0
16213,59.0,0.0,86.0,0.0,0.0
16214,61.0,0.0,82.0,0.0,0.0
16215,56.0,0.0,79.0,47.0,0.0
16216,35.0,0.0,61.0,0.0,0.0
16217,40.0,0.0,64.0,0.0,0.0
16218,54.0,0.0,74.0,0.0,0.0
16219,55.0,0.0,79.0,0.0,0.0
16220,52.0,0.0,85.0,0.0,0.0
16221,52.0,0.0,85.0,0.0,0.0
16222,40.0,0.0,73.0,0.0,0.0
16223,42.0,0.0,72.0,0.0,0.0
16224,46.0,0.0,77.0,0.0,0.0
16225,51.0,0.0,81.0,0.0,0.0
16226,63.0,0.0,88.0,6.0,0.0
16227,56.0,0.0,89.0,0.0,0.0
16228,52.0,0.0,88.0,0.0,0.0
16229,42.0,0.0,70.0,0.0,0.0
16230,47.0,0.0,77.0,0.0,0.0
16231,54.0,0.0,83.0,0.0,0.0
16232,58.0,0.0,84.0,17.0,0.0
16233,50.0,0.0,83.0,0.0,0.0
16234,50.0,0.0,88.0,9.0,0.0
16235,67.0,0.0,91.0,0.0,0.0
16236,69.0,0.0,94.0,0.0,0.0
16237,70.0,0.0,98.0,0.0,0.0
16238,69.0,0.0,97.0,4.0,0.0
16239,72.0,0.0,98.0,0.0,0.0
16240,67.0,0.0,96.0,0.0,0.0
16241,68.0,0.0,93.0,84.0,0.0
16242,59.0,0.0,90.0,0.0,0.0
16243,62.0,0.0,88.0,0.0,0.0
16244,61.0,0.0,77.0,102.0,0.0
16245,56.0,0.0,76.0,51.0,0.0
16246,56.0,0.0,75.0,19.0,0.0
16247,59.0,0.0,73.0,0.0,0.0
16248,57.0,0.0,78.0,0.0,0.0
16249,59.0,0.0,82.0,32.0,0.0
16250,59.0,0.0,77.0,0.0,0.0
16251,59.0,0.0,81.0,0.0,0.0
16252,67.0,0.0,83.0,0.0,0.0
16253,59.0,0.0,82.0,0.0,0.0
16254,60.0,0.0,80.0,0.0,0.0
16255,66.0,0.0,88.0,0.0,0.0
16256,69.0,0.0,87.0,0.0,0.0
16258,68.0,0.0,85.0,34.0,0.0
16259,61.0,0.0,84.0,46.0,0.0
16260,57.0,0.0,79.0,0.0,0.0
16261,53.0,0.0,73.0,0.0,0.0
16262,58.0,0.0,77.0,0.0,0.0
16263,63.0,0.0,87.0,0.0,0.0
16264,62.0,0.0,86.0,0.0,0.0
16265,63.0,0.0,84.0,0.0,0.0
16266,56.0,0.0,80.0,0.0,0.0
16267,59.0,0.0,82.0,0.0,0.0
16268,60.0,0.0,80.0,0.0,0.0
16269,58.0,0.0,85.0,0.0,0.0
16270,62.0,0.0,85.0,0.0,0.0
16271,68.0,0.0,92.0,0.0,0.0
16272,68.0,0.0,82.0,11.0,0.0
16273,63.0,0.0,82.0,8.0,0.0
16274,66.0,0.0,85.0,1.0,0.0
16275,57.0,0.0,85.0,0.0,0.0
16276,58.0,0.0,84.0,0.0,0.0
16277,54.0,0.0,78.0,0.0,0.0
16278,58.0,0.0,78.0,5.0,0.0
16279,55.0,0.0,81.0,0.0,0.0
16280,56.0,0.0,81.0,0.0,0.0
16281,58.0,0.0,82.0,0.0,0.0
16282,58.0,0.0,83.0,0.0,0.0
16283,62.0,0.0,86.0,0.0,0.0
16284,64.0,0.0,85.0,0.0,0.0
16285,64.0,0.0,86.0,0.0,0.0
16286,56.0,0.0,77.0,44.0,0.0
16287,46.0,0.0,71.0,0.0,0.0
16288,50.0,0.0,72.0,0.0,0.0
16289,52.0,0.0,77.0,0.0,0.0
16290,57.0,0.0,83.0,0.0,0.0
16291,48.0,0.0,62.0,0.0,0.0
16292,51.0,0.0,70.0,10.0,0.0
16293,60.0,0.0,67.0,38.0,0.0
16294,63.0,0.0,72.0,20.0,0.0
16296,48.0,0.0,71.0,0.0,0.0
16297,48.0,0.0,75.0,0.0,0.0
16298,50.0,0.0,77.0,0.0,0.0
16299,55.0,0.0,79.0,0.0,0.0
16300,55.0,0.0,81.0,0.0,0.0
16301,59.0,0.0,83.0,0.0,0.0
16302,62.0,0.0,73.0,20.0,0.0
16303,55.0,0.0,71.0,0.0,0.0
16304,53.0,0.0,82.0,0.0,0.0
16305,53.0,0.0,79.0,0.0,0.0
16306,58.0,0.0,82.0,0.0,0.0
16307,63.0,0.0,90.0,0.0,0.0
16308,60.0,0.0,80.0,0.0,0.0
16309,58.0,0.0,87.0,0.0,0.0
16310,48.0,0.0,82.0,0.0,0.0
16311,45.0,0.0,82.0,0.0,0.0
16312,49.0,0.0,70.0,13.0,0.0
16313,48.0,0.0,73.0,0.0,0.0
16314,43.0,0.0,69.0,0.0,0.0
16315,45.0,0.0,71.0,0.0,0.0
16316,46.0,0.0,73.0,0.0,0.0
16317,49.0,0.0,73.0,0.0,0.0
16318,56.0,0.0,77.0,0.0,0.0
16319,50.0,0.0,76.0,2.0,0.0
16320,50.0,0.0,78.0,0.0,0.0
16321,51.0,0.0,82.0,0.0,0.0
16322,52.0,0.0,85.0,0.0,0.0
16323,49.0,0.0,80.0,0.0,0.0
16324,47.0,0.0,78.0,0.0,0.0
16325,47.0,0.0,87.0,0.0,0.0
16326,61.0,0.0,86.0,0.0,0.0
16327,64.0,0.0,92.0,0.0,0.0
16328,64.0,0.0,89.0,0.0,0.0
16329,61.0,0.0,87.0,0.0,0.0
16330,48.0,0.0,87.0,0.0,0.0
16331,47.0,0.0,79.0,0.0,0.0
16332,47.0,0.0,82.0,0.0,0.0
16333,51.0,0.0,84.0,0.0,0.0
16334,52.0,0.0,82.0,0.0,0.0
16335,52.0,0.0,81.0,0.0,0.0
16336,52.0,0.0,78.0,0.0,0.0
16337,58.0,0.0,78.0,22.0,0.0
16338,49.0,0.0,73.0,18.0,0.0
16339,48.0,0.0,73.0,40.0,0.0
16340,52.0,0.0,59.0,12.0,0.0
16341,44.0,0.0,62.0,7.0,0.0
16342,38.0,0.0,66.0,0.0,0.0
16343,38.0,0.0,72.0,3.0,0.0
16344,41.0,0.0,63.0,0.0,0.0
16345,41.0,0.0,64.0,0.0,0.0
16346,40.0,0.0,64.0,0.0,0.0
16347,43.0,0.0,61.0,0.0,0.0
16348,35.0,0.0,60.0,0.0,0.0
16350,45.0,0.0,80.0,0.0,0.0
16351,48.0,0.0,77.0,37.0,0.0
16352,34.0,0.0,60.0,0.0,0.0
16353,32.0,0.0,59.0,0.0,0.0
16354,30.0,0.0,62.0,0.0,0.0
16355,35.0,0.0,70.0,0.0,0.0
16356,35.0,0.0,70.0,0.0,0.0
16357,35.0,0.0,70.0,0.0,0.0
16358,46.0,0.0,72.0,0.0,0.0
16359,42.0,0.0,75.0,0.0,0.0
16360,43.0,0.0,77.0,0.0,0.0
16362,48.0,0.0,67.0,0.0,0.0
16363,37.0,0.0,65.0,0.0,0.0
16364,36.0,0.0,64.0,0.0,0.0
16365,40.0,0.0,69.0,2.0,0.0
16366,38.0,0.0,64.0,0.0,0.0
16367,39.0,0.0,56.0,2.0,0.0
16368,29.0,0.0,46.0,0.0,0.0
16369,29.0,0.0,50.0,0.0,0.0
16370,28.0,0.0,55.0,0.0,0.0
16371,37.0,0.0,62.0,0.0,0.0
16372,51.0,0.0,66.0,0.0,0.0
16373,50.0,0.0,63.0,0.0,0.0
16374,42.0,0.0,57.0,53.0,0.0
16375,31.0,0.0,44.0,21.0,0.0
16376,32.0,0.0,56.0,0.0,0.0
16377,51.0,0.0,65.0,2.0,0.0
16378,55.0,0.0,62.0,20.0,0.0
16379,51.0,0.0,61.0,82.0,0.0
16380,30.0,0.0,53.0,0.0,0.0
16381,32.0,0.0,54.0,0.0,0.0
16382,40.0,0.0,62.0,35.0,0.0
16383,34.0,0.0,46.0,67.0,0.0
16384,29.0,0.0,51.0,0.0,0.0
16385,28.0,0.0,51.0,0.0,0.0
16386,34.0,0.0,54.0,0.0,0.0
16387,48.0,0.0,67.0,0.0,0.0
16388,41.0,0.0,60.0,3.0,0.0
16389,36.0,0.0,52.0,0.0,0.0
16390,33.0,0.0,52.0,0.0,0.0
16391,41.0,0.0,56.0,0.0,0.0
16392,29.0,0.0,60.0,0.0,0.0
16393,28.0,0.0,60.0,0.0,0.0
16394,43.0,0.0,57.0,5.0,0.0
16395,31.0,0.0,54.0,0.0,0.0
16396,26.0,0.0,40.0,0.0,0.0
16397,19.0,0.0,42.0,0.0,0.0
16398,24.0,0.0,48.0,0.0,0.0
16399,24.0,0.0,48.0,0.0,0.0
16400,25.0,0.0,38.0,0.0,0.0
16401,25.0,0.0,55.0,112.0,0.0
16402,30.0,0.0,40.0,0.0,0.0
16403,26.0,0.0,41.0,0.0,0.0
16404,21.0,0.0,36.0,0.0,0.0
16405,21.0,0.0,45.0,0.0,0.0
16406,33.0,0.0,54.0,0.0,0.0
16407,41.0,0.0,55.0,0.0,0.0
16408,41.0,0.0,57.0,17.0,0.0
16409,44.0,0.0,55.0,0.0,0.0
16410,32.0,0.0,44.0,110.0,0.0
16411,19.0,0.0,33.0,14.0,0.0
16412,19.0,0.0,33.0,9.0,0.0
16413,30.0,0.0,34.0,0.0,0.0
16415,17.0,0.0,29.0,0.0,1.0
16416,10.0,0.0,26.0,0.0,0.0
16417,24.0,0.0,28.0,0.0,0.0
16418,24.0,0.0,29.0,0.0,0.0
16419,22.0,0.0,35.0,0.0,0.0
16420,31.0,0.0,45.0,61.0,0.0
16421,33.0,0.0,39.0,0.0,0.0
16422,26.0,0.0,39.0,0.0,0.0
16423,26.0,0.0,37.0,0.0,0.0
16424,25.0,0.0,44.0,0.0,0.0
16425,26.0,0.0,48.0,0.0,0.0
16426,26.0,0.0,52.0,0.0,0.0
16427,36.0,0.0,47.0,0.0,0.0
16428,25.0,0.0,47.0,0.0,0.0
16429,25.0,0.0,47.0,0.0,0.0
16430,27.0,0.0,30.0,0.0,0.0
16431,27.0,0.0,34.0,0.0,0.0
16432,29.0,0.0,41.0,0.0,0.0
16433,29.0,0.0,35.0,0.0,0.0
16434,28.0,0.0,41.0,5.0,0.0
16435,33.0,0.0,37.0,26.0,0.0
16436,12.0,0.0,35.0,0.0,0.0
16437,12.0,0.0,22.0,0.0,0.0
16438,4.0,0.0,19.0,0.0,0.0
16439,1.0,0.0,14.0,0.0,0.0
16440,0.0,0.0,22.0,0.0,0.0
16441,19.0,35.0,28.0,22.0,4.0
16442,10.0,0.0,28.0,0.0,2.0
16443,3.0,0.0,22.0,0.0,1.0
16444,0.0,5.0,21.0,0.0,1.0
16445,18.0,0.0,29.0,0.0,1.0
16446,28.0,0.0,46.0,5.0,0.0
16447,46.0,0.0,59.0,3.0,0.0
16448,46.0,0.0,60.0,0.0,0.0
16449,37.0,0.0,59.0,15.0,0.0
16450,29.0,0.0,39.0,0.0,0.0
16451,28.0,0.0,30.0,0.0,0.0
16452,28.0,0.0,37.0,0.0,0.0
16453,32.0,0.0,42.0,0.0,0.0
16454,33.0,0.0,40.0,59.0,0.0
16455,27.0,50.0,40.0,88.0,5.0
16456,19.0,30.0,28.0,7.0,8.0
16458,19.0,5.0,26.0,0.0,6.0
16460,10.0,0.0,26.0,0.0,4.0
16461,7.0,0.0,29.0,0.0,4.0
16462,4.0,0.0,27.0,0.0,4.0
16465,3.0,0.0,28.0,0.0,3.0
16466,23.0,0.0,35.0,0.0,2.0
16467,29.0,0.0,38.0,0.0,0.0
16468,12.0,0.0,32.0,0.0,0.0
16469,14.0,5.0,27.0,0.0,0.0
16470,5.0,0.0,27.0,0.0,0.0
16471,2.0,0.0,11.0,0.0,0.0
16472,6.0,0.0,19.0,0.0,0.0
16473,2.0,0.0,20.0,0.0,0.0
16474,8.0,0.0,21.0,0.0,0.0
16475,12.0,0.0,30.0,0.0,0.0
16476,11.0,0.0,37.0,0.0,0.0
16477,-2.0,0.0,15.0,0.0,0.0
16478,6.0,0.0,14.0,0.0,0.0
16479,6.0,0.0,27.0,0.0,0.0
16480,10.0,0.0,38.0,3.0,0.0
16481,30.0,0.0,40.0,0.0,0.0
16482,18.0,0.0,36.0,0.0,0.0
16483,17.0,0.0,39.0,0.0,0.0
16484,27.0,0.0,46.0,0.0,0.0
16485,27.0,0.0,48.0,0.0,0.0
16486,24.0,0.0,39.0,2.0,0.0
16487,21.0,0.0,32.0,0.0,0.0
16488,26.0,0.0,44.0,0.0,0.0
16489,23.0,0.0,48.0,0.0,0.0
16490,24.0,0.0,33.0,0.0,0.0
16491,21.0,0.0,40.0,0.0,0.0
16495,13.0,0.0,27.0,0.0,0.0
16496,12.0,0.0,26.0,0.0,0.0
16497,12.0,0.0,32.0,0.0,0.0
16498,16.0,0.0,38.0,0.0,0.0
16499,29.0,0.0,42.0,22.0,0.0
16500,31.0,0.0,39.0,35.0,0.0
16501,24.0,0.0,60.0,63.0,0.0
16502,13.0,0.0,31.0,0.0,0.0
16503,13.0,0.0,41.0,0.0,0.0
16504,22.0,0.0,41.0,0.0,0.0
16505,35.0,0.0,59.0,0.0,0.0
16506,35.0,0.0,64.0,0.0,0.0
16507,36.0,0.0,71.0,0.0,0.0
16508,36.0,0.0,74.0,0.0,0.0
16509,37.0,0.0,71.0,0.0,0.0
16510,34.0,0.0,69.0,0.0,0.0
16511,28.0,0.0,56.0,0.0,0.0
16512,28.0,0.0,52.0,0.0,0.0
16513,38.0,0.0,62.0,0.0,0.0
16514,39.0,0.0,64.0,5.0,0.0
16515,34.0,0.0,47.0,0.0,0.0
16516,34.0,0.0,54.0,0.0,0.0
16517,25.0,0.0,39.0,0.0,0.0
16518,24.0,0.0,55.0,0.0,0.0
16519,30.0,0.0,58.0,0.0,0.0
16520,33.0,0.0,53.0,0.0,0.0
16521,32.0,0.0,47.0,35.0,0.0
16522,33.0,0.0,42.0,0.0,0.0
16523,35.0,0.0,45.0,0.0,0.0
16524,24.0,0.0,45.0,0.0,0.0
16525,28.0,0.0,43.0,0.0,0.0
16526,28.0,0.0,44.0,0.0,0.0
16527,33.0,0.0,49.0,0.0,0.0
16528,31.0,0.0,63.0,0.0,0.0
16529,14.0,0.0,32.0,0.0,0.0
16530,13.0,0.0,41.0,0.0,0.0
16531,30.0,0.0,66.0,0.0,0.0
16532,35.0,0.0,46.0,93.0,0.0
16547,35.0,0.0,56.0,0.0,0.0
16548,33.0,0.0,52.0,0.0,0.0
16549,33.0,0.0,59.0,0.0,0.0
16550,37.0,0.0,53.0,7.0,0.0
16551,44.0,0.0,64.0,5.0,0.0
16552,38.0,0.0,61.0,0.0,0.0
16553,39.0,0.0,59.0,0.0,0.0
16554,42.0,0.0,65.0,17.0,0.0
16555,36.0,0.0,48.0,12.0,0.0
16556,39.0,0.0,56.0,0.0,0.0
16557,42.0,0.0,63.0,0.0,0.0
16558,48.0,0.0,65.0,0.0,0.0
16559,46.0,0.0,65.0,30.0,0.0
16560,36.0,0.0,64.0,3.0,0.0
16561,37.0,0.0,66.0,0.0,0.0
16562,44.0,0.0,73.0,0.0,0.0
16563,44.0,0.0,57.0,4.0,0.0
16564,47.0,0.0,64.0,23.0,0.0
16565,46.0,0.0,68.0,15.0,0.0
16566,40.0,0.0,57.0,0.0,0.0
16567,42.0,0.0,72.0,0.0,0.0
16568,52.0,0.0,70.0,24.0,0.0
16569,51.0,0.0,72.0,0.0,0.0
16570,46.0,0.0,72.0,0.0,0.0
16571,53.0,0.0,74.0,2.0,0.0
16572,48.0,0.0,73.0,8.0,0.0
16573,44.0,0.0,53.0,16.0,0.0
16574,47.0,0.0,74.0,0.0,0.0
16575,46.0,0.0,73.0,0.0,0.0
16576,41.0,0.0,69.0,0.0,0.0
16577,48.0,0.0,72.0,0.0,0.0
16578,48.0,0.0,80.0,115.0,0.0
16580,51.0,0.0,56.0,3.0,0.0
16581,49.0,0.0,69.0,0.0,0.0
16582,57.0,0.0,67.0,58.0,0.0
16583,58.0,0.0,78.0,15.0,0.0
16584,51.0,0.0,60.0,0.0,0.0
16585,50.0,0.0,77.0,0.0,0.0
16586,55.0,0.0,78.0,0.0,0.0
16587,61.0,0.0,70.0,2.0,0.0
16588,59.0,0.0,72.0,66.0,0.0
16589,56.0,0.0,74.0,0.0,0.0
16590,54.0,0.0,77.0,0.0,0.0
16591,58.0,0.0,81.0,0.0,0.0
16592,60.0,0.0,84.0,0.0,0.0
16593,55.0,0.0,86.0,0.0,0.0
16594,54.0,0.0,65.0,0.0,0.0
16595,56.0,0.0,69.0,0.0,0.0
16596,56.0,0.0,81.0,24.0,0.0
16597,51.0,0.0,67.0,0.0,0.0
16598,48.0,0.0,68.0,0.0,0.0
16599,53.0,0.0,78.0,0.0,0.0
16600,53.0,0.0,84.0,0.0,0.0
16601,57.0,0.0,84.0,0.0,0.0
16602,57.0,0.0,86.0,0.0,0.0
16603,63.0,0.0,88.0,0.0,0.0
16604,63.0,0.0,88.0,0.0,0.0
16605,65.0,0.0,94.0,0.0,0.0
16606,69.0,0.0,96.0,0.0,0.0
16607,63.0,0.0,87.0,0.0,0.0
16608,62.0,0.0,89.0,0.0,0.0
16610,65.0,0.0,78.0,0.0,0.0
16611,65.0,0.0,86.0,0.0,0.0
16612,63.0,0.0,84.0,76.0,0.0
16613,63.0,0.0,84.0,77.0,0.0
16614,64.0,0.0,81.0,20.0,0.0
16615,63.0,0.0,77.0,0.0,0.0
16616,55.0,0.0,81.0,0.0,0.0
16617,47.0,0.0,74.0,0.0,0.0
16618,48.0,0.0,72.0,0.0,0.0
16619,51.0,0.0,78.0,0.0,0.0
16620,63.0,0.0,82.0,0.0,0.0
16621,69.0,0.0,84.0,0.0,0.0
16622,66.0,0.0,81.0,0.0,0.0
16623,50.0,0.0,77.0,0.0,0.0
16624,50.0,0.0,77.0,0.0,0.0
16625,58.0,0.0,79.0,0.0,0.0
16626,59.0,0.0,83.0,0.0,0.0
16627,60.0,0.0,86.0,0.0,0.0
16628,64.0,0.0,92.0,0.0,0.0
16629,72.0,0.0,94.0,0.0,0.0
16630,77.0,0.0,100.0,0.0,0.0
16631,70.0,0.0,96.0,94.0,0.0
16632,70.0,0.0,91.0,9.0,0.0
16633,62.0,0.0,87.0,0.0,0.0
16634,57.0,0.0,82.0,0.0,0.0
16635,61.0,0.0,84.0,0.0,0.0
16636,66.0,0.0,79.0,0.0,0.0
16637,64.0,0.0,83.0,0.0,0.0
16638,69.0,0.0,88.0,20.0,0.0
16639,68.0,0.0,85.0,0.0,0.0
16640,66.0,0.0,85.0,0.0,0.0
16641,63.0,0.0,82.0,30.0,0.0
16642,64.0,0.0,83.0,20.0,0.0
16643,66.0,0.0,87.0,0.0,0.0
16644,63.0,0.0,86.0,0.0,0.0
16645,64.0,0.0,90.0,0.0,0.0
16646,63.0,0.0,90.0,0.0,0.0
16647,64.0,0.0,93.0,0.0,0.0
16648,67.0,0.0,89.0,22.0,0.0
16649,67.0,0.0,89.0,0.0,0.0
16650,68.0,0.0,90.0,21.0,0.0
16651,68.0,0.0,90.0,87.0,0.0
16652,65.0,0.0,90.0,14.0,0.0
16653,65.0,0.0,85.0,0.0,0.0
16654,65.0,0.0,80.0,0.0,0.0
16655,67.0,0.0,79.0,10.0,0.0
16656,67.0,0.0,80.0,0.0,0.0
16657,69.0,0.0,84.0,0.0,0.0
16658,72.0,0.0,89.0,0.0,0.0
16659,56.0,0.0,90.0,0.0,0.0
16660,70.0,0.0,92.0,0.0,0.0
16661,73.0,0.0,91.0,0.0,0.0
16662,68.0,0.0,92.0,45.0,0.0
16663,69.0,0.0,89.0,105.0,0.0
16664,70.0,0.0,85.0,95.0,0.0
16665,71.0,0.0,84.0,10.0,0.0
16666,68.0,0.0,88.0,0.0,0.0
16667,68.0,0.0,88.0,0.0,0.0
16668,59.0,0.0,85.0,0.0,0.0
16669,54.0,0.0,85.0,0.0,0.0
16670,53.0,0.0,81.0,0.0,0.0
16671,59.0,0.0,78.0,0.0,0.0
16672,57.0,0.0,77.0,0.0,0.0
16673,63.0,0.0,87.0,0.0,0.0
16674,63.0,0.0,86.0,0.0,0.0
16675,63.0,0.0,85.0,0.0,0.0
16676,55.0,0.0,87.0,0.0,0.0
16677,55.0,0.0,87.0,0.0,0.0
16678,58.0,0.0,87.0,0.0,0.0
16679,49.0,0.0,79.0,0.0,0.0
16680,56.0,0.0,78.0,0.0,0.0
16681,53.0,0.0,77.0,0.0,0.0
16682,54.0,0.0,83.0,0.0,0.0
16683,52.0,0.0,88.0,0.0,0.0
16684,59.0,0.0,86.0,0.0,0.0
16685,49.0,0.0,77.0,28.0,0.0
16687,49.0,0.0,73.0,0.0,0.0
16688,38.0,0.0,69.0,0.0,0.0
16690,53.0,0.0,78.0,0.0,0.0
16691,56.0,0.0,81.0,0.0,0.0
16692,49.0,0.0,77.0,0.0,0.0
16693,44.0,0.0,71.0,0.0,0.0
16694,45.0,0.0,82.0,0.0,0.0
16695,36.0,0.0,66.0,0.0,0.0
16696,35.0,0.0,70.0,0.0,0.0
16697,45.0,0.0,74.0,21.0,0.0
16698,56.0,0.0,62.0,0.0,0.0
16699,44.0,0.0,57.0,38.0,0.0
16700,30.0,0.0,57.0,0.0,0.0
16701,33.0,0.0,59.0,0.0,0.0
16702,36.0,0.0,62.0,0.0,0.0
16703,43.0,0.0,68.0,0.0,0.0
16704,45.0,0.0,70.0,0.0,0.0
16705,44.0,0.0,80.0,0.0,0.0
16706,44.0,0.0,81.0,0.0,0.0
16707,42.0,0.0,81.0,0.0,0.0
16708,50.0,0.0,79.0,0.0,0.0
16709,48.0,0.0,78.0,0.0,0.0
16710,49.0,0.0,78.0,0.0,0.0
16711,52.0,0.0,59.0,105.0,0.0
16712,51.0,0.0,59.0,0.0,0.0
16713,54.0,0.0,60.0,115.0,0.0
16714,51.0,0.0,70.0,2.0,0.0
16715,48.0,0.0,55.0,10.0,0.0
16716,35.0,0.0,62.0,0.0,0.0
16717,40.0,0.0,68.0,0.0,0.0
16718,40.0,0.0,72.0,0.0,0.0
16719,34.0,0.0,75.0,0.0,0.0
16720,37.0,0.0,80.0,0.0,0.0
16721,48.0,0.0,79.0,0.0,0.0
16722,40.0,0.0,56.0,2.0,0.0
16723,32.0,0.0,55.0,0.0,0.0
16724,29.0,0.0,59.0,0.0,0.0
16726,47.0,0.0,72.0,0.0,0.0
16727,47.0,0.0,74.0,0.0,0.0
16728,39.0,0.0,59.0,32.0,0.0
16729,37.0,0.0,44.0,8.0,0.0
16730,40.0,0.0,60.0,0.0,0.0
16731,43.0,0.0,69.0,0.0,0.0
16732,43.0,0.0,48.0,0.0,0.0
16733,30.0,0.0,56.0,0.0,0.0
16734,40.0,0.0,55.0,70.0,0.0
16735,46.0,0.0,62.0,11.0,0.0
16736,37.0,0.0,51.0,0.0,0.0
16737,36.0,0.0,52.0,0.0,0.0
16738,40.0,0.0,47.0,22.0,0.0
16739,42.0,0.0,49.0,7.0,0.0
16740,49.0,0.0,65.0,41.0,0.0
16741,29.0,0.0,65.0,26.0,0.0
16742,27.0,0.0,35.0,0.0,0.0
16744,22.0,0.0,31.0,0.0,0.0
16745,24.0,0.0,46.0,45.0,0.0
16746,29.0,0.0,49.0,0.0,0.0
16747,19.0,0.0,35.0,0.0,0.0
16748,19.0,0.0,43.0,0.0,0.0
16749,42.0,0.0,53.0,80.0,0.0
16750,21.0,0.0,53.0,31.0,0.0
16751,22.0,0.0,30.0,5.0,0.0
16752,20.0,0.0,40.0,0.0,0.0
16753,22.0,0.0,36.0,0.0,0.0
16754,22.0,0.0,35.0,0.0,0.0
16755,20.0,0.0,36.0,0.0,0.0
16756,22.0,30.0,34.0,29.0,1.0
16758,27.0,0.0,43.0,0.0,0.0
16759,30.0,0.0,52.0,1.0,0.0
16760,25.0,0.0,31.0,0.0,0.0
16761,25.0,0.0,35.0,0.0,0.0
16762,16.0,0.0,37.0,0.0,0.0
16763,16.0,0.0,33.0,0.0,0.0
16764,24.0,0.0,44.0,0.0,0.0
16765,34.0,0.0,52.0,0.0,0.0
16766,28.0,0.0,54.0,3.0,0.0
16767,23.0,0.0,34.0,0.0,0.0
16768,19.0,0.0,36.0,0.0,0.0
16769,19.0,0.0,45.0,0.0,0.0
16770,21.0,0.0,49.0,0.0,0.0
16771,26.0,0.0,52.0,0.0,0.0
16772,26.0,0.0,53.0,0.0,0.0
16773,26.0,0.0,45.0,0.0,0.0
16774,21.0,0.0,46.0,0.0,0.0
16775,18.0,0.0,34.0,0.0,0.0
16776,9.0,0.0,33.0,0.0,0.0
16777,-2.0,20.0,26.0,11.0,1.0
16778,-2.0,0.0,4.0,0.0,1.0
16779,1.0,0.0,12.0,0.0,0.0
16780,5.0,10.0,14.0,0.0,1.0
16781,11.0,10.0,19.0,6.0,2.0
16782,16.0,20.0,41.0,24.0,2.0
16784,26.0,0.0,40.0,0.0,0.0
16785,18.0,0.0,36.0,0.0,0.0
16786,25.0,0.0,36.0,0.0,0.0
16787,23.0,10.0,31.0,6.0,1.0
16788,12.0,0.0,31.0,0.0,1.0
16791,19.0,0.0,33.0,0.0,1.0
16799,16.0,0.0,34.0,0.0,0.0
16800,33.0,0.0,38.0,3.0,0.0
16801,27.0,0.0,35.0,0.0,0.0
16802,15.0,30.0,27.0,18.0,3.0
16803,-9.0,0.0,23.0,0.0,3.0
16805,-7.0,0.0,18.0,0.0,3.0
16806,10.0,0.0,18.0,0.0,2.0
16807,2.0,0.0,19.0,0.0,2.0
16808,2.0,0.0,22.0,0.0,1.0
16809,14.0,10.0,29.0,10.0,2.0
16810,2.0,0.0,24.0,0.0,2.0
16811,2.0,12.0,19.0,12.0,3.0
16812,17.0,0.0,28.0,0.0,3.0
16813,26.0,0.0,31.0,0.0,2.0
16814,15.0,0.0,41.0,0.0,1.0
16815,12.0,0.0,23.0,0.0,1.0
16818,8.0,0.0,59.0,75.0,0.0
16820,23.0,0.0,30.0,0.0,0.0
16822,33.0,0.0,42.0,64.0,0.0
16823,15.0,0.0,33.0,0.0,0.0
16824,14.0,0.0,30.0,0.0,0.0
16825,27.0,0.0,28.0,0.0,0.0
16826,19.0,0.0,46.0,0.0,0.0
16827,13.0,0.0,22.0,0.0,0.0
16829,11.0,0.0,38.0,0.0,0.0
16830,-7.0,10.0,17.0,2.0,1.0
16831,-4.0,0.0,13.0,0.0,0.0
16832,-3.0,0.0,11.0,0.0,0.0
16833,-9.0,0.0,6.0,0.0,0.0
16834,-9.0,0.0,9.0,0.0,0.0
16835,-8.0,0.0,7.0,0.0,0.0
16837,1.0,0.0,35.0,0.0,0.0
16838,34.0,0.0,39.0,5.0,0.0
16839,31.0,0.0,46.0,0.0,0.0
16840,30.0,0.0,40.0,4.0,0.0
16841,30.0,0.0,54.0,0.0,0.0
16842,16.0,0.0,34.0,0.0,0.0
16843,13.0,0.0,25.0,0.0,0.0
16844,13.0,10.0,33.0,5.0,1.0
16845,17.0,0.0,31.0,0.0,0.0
16846,8.0,0.0,29.0,0.0,0.0
16847,6.0,0.0,29.0,0.0,0.0
16849,2.0,0.0,22.0,0.0,0.0
16850,22.0,0.0,39.0,2.0,0.0
16851,37.0,0.0,47.0,0.0,0.0
16852,31.0,0.0,41.0,0.0,0.0
16853,31.0,0.0,36.0,0.0,0.0
16854,32.0,0.0,54.0,0.0,0.0
16855,31.0,0.0,52.0,0.0,0.0
16856,37.0,0.0,53.0,0.0,0.0
16857,36.0,0.0,46.0,0.0,0.0
16858,22.0,0.0,64.0,58.0,0.0
16859,15.0,0.0,25.0,0.0,0.0
16860,15.0,0.0,24.0,0.0,0.0
16861,16.0,0.0,33.0,0.0,0.0
16862,4.0,0.0,33.0,0.0,0.0
16863,5.0,0.0,24.0,0.0,0.0
16864,13.0,0.0,33.0,15.0,0.0
16867,2.0,0.0,20.0,0.0,0.0
16869,10.0,0.0,24.0,0.0,0.0
16870,21.0,0.0,34.0,0.0,0.0
16871,22.0,0.0,43.0,0.0,0.0
16872,31.0,0.0,50.0,0.0,0.0
16873,32.0,0.0,57.0,0.0,0.0
16874,35.0,0.0,64.0,12.0,0.0
16875,27.0,0.0,52.0,0.0,0.0
16876,24.0,0.0,40.0,0.0,0.0
16877,29.0,0.0,52.0,0.0,0.0
16878,34.0,0.0,52.0,0.0,0.0
16881,20.0,0.0,31.0,0.0,0.0
16882,18.0,0.0,35.0,0.0,0.0
16883,24.0,0.0,42.0,0.0,0.0
16884,36.0,0.0,61.0,9.0,0.0
16885,17.0,0.0,54.0,0.0,0.0
16886,10.0,0.0,31.0,0.0,0.0
16887,10.0,0.0,36.0,0.0,0.0
16888,29.0,0.0,45.0,8.0,0.0
16889,27.0,0.0,53.0,0.0,0.0
16890,31.0,0.0,57.0,0.0,0.0
16891,29.0,0.0,60.0,0.0,0.0
16892,28.0,0.0,52.0,0.0,0.0
16894,34.0,0.0,71.0,0.0,0.0
16895,23.0,0.0,37.0,0.0,0.0
16896,23.0,0.0,46.0,0.0,0.0
16897,23.0,0.0,42.0,0.0,0.0
16898,22.0,0.0,41.0,0.0,0.0
16899,22.0,0.0,40.0,0.0,0.0
16901,25.0,0.0,57.0,0.0,0.0
16902,37.0,0.0,72.0,0.0,0.0
16903,36.0,0.0,75.0,13.0,0.0
16904,23.0,0.0,51.0,26.0,0.0
16905,33.0,0.0,45.0,0.0,0.0
16906,34.0,0.0,61.0,15.0,0.0
16907,29.0,0.0,44.0,0.0,0.0
16908,30.0,0.0,58.0,0.0,0.0
16909,38.0,0.0,73.0,20.0,0.0
16910,55.0,0.0,73.0,47.0,0.0
16911,42.0,0.0,72.0,0.0,0.0
16912,46.0,0.0,63.0,41.0,0.0
16913,42.0,0.0,63.0,92.0,0.0
16914,32.0,0.0,44.0,24.0,0.0
16915,35.0,0.0,63.0,0.0,0.0
16916,51.0,0.0,72.0,20.0,0.0
16917,31.0,0.0,52.0,6.0,0.0
16918,36.0,0.0,56.0,0.0,0.0
16919,38.0,0.0,54.0,13.0,0.0
16920,39.0,0.0,49.0,60.0,0.0
16921,37.0,0.0,47.0,4.0,0.0
16922,35.0,0.0,61.0,0.0,0.0
16923,45.0,0.0,65.0,0.0,0.0
16924,47.0,0.0,67.0,12.0,0.0
16925,39.0,0.0,63.0,0.0,0.0
16926,42.0,0.0,53.0,39.0,0.0
16927,42.0,0.0,57.0,0.0,0.0
16928,45.0,0.0,58.0,0.0,0.0
16929,50.0,0.0,60.0,13.0,0.0
16930,51.0,0.0,78.0,125.0,0.0
16931,41.0,0.0,72.0,5.0,0.0
16932,35.0,0.0,50.0,0.0,0.0
16933,29.0,0.0,51.0,0.0,0.0
16934,29.0,0.0,57.0,0.0,0.0
16935,38.0,0.0,60.0,0.0,0.0
16936,49.0,0.0,53.0,16.0,0.0
16937,53.0,0.0,62.0,65.0,0.0
16938,54.0,0.0,78.0,0.0,0.0
16939,65.0,0.0,83.0,0.0,0.0
16940,70.0,0.0,87.0,0.0,0.0
16941,57.0,0.0,84.0,63.0,0.0
16942,51.0,0.0,84.0,0.0,0.0
16943,58.0,0.0,77.0,0.0,0.0
16944,55.0,0.0,72.0,0.0,0.0
16945,42.0,0.0,59.0,4.0,0.0
16946,46.0,0.0,64.0,0.0,0.0
16947,50.0,0.0,63.0,0.0,0.0
16948,49.0,0.0,63.0,38.0,0.0
16949,45.0,0.0,66.0,0.0,0.0
16950,37.0,0.0,68.0,0.0,0.0
16951,41.0,0.0,69.0,0.0,0.0
16952,41.0,0.0,76.0,0.0,0.0
16954,57.0,0.0,74.0,0.0,0.0
16955,45.0,0.0,74.0,17.0,0.0
16956,48.0,0.0,63.0,21.0,0.0
16957,41.0,0.0,70.0,0.0,0.0
16958,58.0,0.0,71.0,54.0,0.0
16959,53.0,0.0,73.0,0.0,0.0
16960,49.0,0.0,76.0,62.0,0.0
16961,53.0,0.0,79.0,25.0,0.0
16962,59.0,0.0,74.0,0.0,0.0
16963,61.0,0.0,71.0,0.0,0.0
16964,59.0,0.0,75.0,59.0,0.0
16965,59.0,0.0,83.0,0.0,0.0
16966,64.0,0.0,87.0,0.0,0.0
16967,64.0,0.0,87.0,0.0,0.0
16968,69.0,0.0,88.0,0.0,0.0
16969,64.0,0.0,74.0,167.0,0.0
16970,58.0,0.0,83.0,32.0,0.0
16971,50.0,0.0,83.0,0.0,0.0
16972,61.0,0.0,78.0,0.0,0.0
16973,54.0,0.0,83.0,0.0,0.0
16974,60.0,0.0,81.0,0.0,0.0
16975,47.0,0.0,81.0,39.0,0.0
16976,39.0,0.0,84.0,0.0,0.0
16977,54.0,0.0,78.0,0.0,0.0
16978,51.0,0.0,82.0,0.0,0.0
16979,64.0,0.0,85.0,0.0,0.0
16980,64.0,0.0,92.0,0.0,0.0
16981,64.0,0.0,92.0,0.0,0.0
16982,63.0,0.0,92.0,0.0,0.0
16983,58.0,0.0,87.0,0.0,0.0
16984,56.0,0.0,83.0,0.0,0.0
16985,48.0,0.0,76.0,0.0,0.0
16986,50.0,0.0,77.0,0.0,0.0
16987,50.0,0.0,83.0,0.0,0.0
16988,66.0,0.0,89.0,0.0,0.0
16989,58.0,0.0,89.0,0.0,0.0
16990,55.0,0.0,82.0,0.0,0.0
16991,50.0,0.0,72.0,0.0,0.0
16992,50.0,0.0,76.0,0.0,0.0
16993,52.0,0.0,82.0,0.0,0.0
16994,65.0,0.0,87.0,0.0,0.0
16995,59.0,0.0,84.0,0.0,0.0
16997,63.0,0.0,80.0,0.0,0.0
16998,64.0,0.0,86.0,0.0,0.0
16999,67.0,0.0,85.0,0.0,0.0
17000,69.0,0.0,83.0,8.0,0.0
17001,51.0,0.0,86.0,0.0,0.0
17002,50.0,0.0,79.0,0.0,0.0
17003,55.0,0.0,69.0,0.0,0.0
17004,56.0,0.0,85.0,0.0,0.0
17005,56.0,0.0,84.0,0.0,0.0
17006,60.0,0.0,84.0,5.0,0.0
17007,54.0,0.0,81.0,0.0,0.0
17008,54.0,0.0,79.0,0.0,0.0
17009,55.0,0.0,83.0,0.0,0.0
17010,55.0,0.0,79.0,83.0,0.0
17011,60.0,0.0,78.0,87.0,0.0
17012,54.0,0.0,75.0,51.0,0.0
17013,54.0,0.0,76.0,11.0,0.0
17014,43.0,0.0,74.0,0.0,0.0
17015,58.0,0.0,79.0,0.0,0.0
17016,58.0,0.0,82.0,0.0,0.0
17017,62.0,0.0,85.0,0.0,0.0
17018,63.0,0.0,86.0,0.0,0.0
17019,68.0,0.0,89.0,0.0,0.0
17020,72.0,0.0,90.0,0.0,0.0
17021,56.0,0.0,85.0,18.0,0.0
17022,55.0,0.0,79.0,0.0,0.0
17023,59.0,0.0,77.0,0.0,0.0
17024,58.0,0.0,74.0,0.0,0.0
17025,57.0,0.0,80.0,0.0,0.0
17026,58.0,0.0,86.0,0.0,0.0
17027,62.0,0.0,83.0,0.0,0.0
17028,55.0,0.0,82.0,0.0,0.0
17029,59.0,0.0,78.0,0.0,0.0
17030,52.0,0.0,78.0,0.0,0.0
17031,57.0,0.0,83.0,0.0,0.0
17032,60.0,0.0,76.0,66.0,0.0
17033,64.0,0.0,87.0,25.0,0.0
17034,64.0,0.0,85.0,0.0,0.0
17035,67.0,0.0,87.0,0.0,0.0
17036,57.0,0.0,80.0,0.0,0.0
17037,57.0,0.0,83.0,0.0,0.0
17038,57.0,0.0,82.0,0.0,0.0
17039,57.0,0.0,83.0,0.0,0.0
17040,59.0,0.0,83.0,0.0,0.0
17041,59.0,0.0,81.0,0.0,0.0
17042,57.0,0.0,81.0,0.0,0.0
17043,55.0,0.0,82.0,0.0,0.0
17044,56.0,0.0,83.0,0.0,0.0
17045,56.0,0.0,86.0,0.0,0.0
17046,59.0,0.0,85.0,0.0,0.0
17047,58.0,0.0,83.0,0.0,0.0
17048,59.0,0.0,86.0,0.0,0.0
17049,62.0,0.0,85.0,0.0,0.0
17050,67.0,0.0,79.0,15.0,0.0
17051,60.0,0.0,78.0,0.0,0.0
17052,62.0,0.0,82.0,9.0,0.0
17053,58.0,0.0,82.0,0.0,0.0
17054,55.0,0.0,79.0,0.0,0.0
17055,59.0,0.0,83.0,17.0,0.0
17056,49.0,0.0,70.0,0.0,0.0
17057,46.0,0.0,61.0,0.0,0.0
17058,49.0,0.0,57.0,17.0,0.0
17059,47.0,0.0,61.0,0.0,0.0
17060,50.0,0.0,63.0,3.0,0.0
17061,50.0,0.0,71.0,0.0,0.0
17062,45.0,0.0,76.0,0.0,0.0
17063,41.0,0.0,78.0,0.0,0.0
17064,45.0,0.0,77.0,0.0,0.0
17065,53.0,0.0,68.0,35.0,0.0
17066,46.0,0.0,67.0,4.0,0.0
17067,46.0,0.0,71.0,0.0,0.0
17068,42.0,0.0,71.0,0.0,0.0
17069,41.0,0.0,68.0,0.0,0.0
17070,53.0,0.0,72.0,25.0,0.0
17071,50.0,0.0,70.0,115.0,0.0
17072,45.0,0.0,60.0,0.0,0.0
17073,43.0,0.0,70.0,0.0,0.0
17074,42.0,0.0,74.0,0.0,0.0
17075,46.0,0.0,76.0,0.0,0.0
17076,33.0,0.0,76.0,0.0,0.0
17077,33.0,0.0,55.0,0.0,0.0
17078,33.0,0.0,58.0,0.0,0.0
17079,33.0,0.0,67.0,0.0,0.0
17080,37.0,0.0,74.0,0.0,0.0
17081,47.0,0.0,74.0,0.0,0.0
17082,44.0,0.0,53.0,12.0,0.0
17083,38.0,0.0,52.0,14.0,0.0
17084,29.0,0.0,49.0,0.0,0.0
17085,29.0,0.0,53.0,0.0,0.0
17086,48.0,0.0,66.0,0.0,0.0
17088,37.0,0.0,68.0,0.0,0.0
17089,39.0,0.0,72.0,0.0,0.0
17090,51.0,0.0,73.0,0.0,0.0
17091,47.0,0.0,76.0,32.0,0.0
17092,39.0,0.0,48.0,12.0,0.0
17093,39.0,0.0,55.0,0.0,0.0
17094,45.0,0.0,64.0,0.0,0.0
17095,45.0,0.0,63.0,0.0,0.0
17096,44.0,0.0,60.0,46.0,0.0
17097,40.0,0.0,45.0,16.0,0.0
17098,34.0,0.0,57.0,0.0,0.0
17099,34.0,0.0,65.0,0.0,0.0
17100,51.0,0.0,59.0,10.0,0.0
17101,50.0,0.0,65.0,0.0,0.0
17102,30.0,0.0,58.0,0.0,0.0
17103,33.0,0.0,66.0,50.0,0.0
17104,29.0,0.0,54.0,0.0,0.0
17105,28.0,0.0,54.0,0.0,0.0
17106,23.0,0.0,42.0,0.0,0.0
17107,20.0,0.0,38.0,0.0,0.0
17108,28.0,0.0,40.0,0.0,0.0
17111,47.0,0.0,61.0,52.0,0.0
17113,34.0,0.0,54.0,0.0,0.0
17114,29.0,0.0,40.0,0.0,0.0
17116,21.0,0.0,36.0,0.0,0.0
17117,20.0,0.0,33.0,0.0,0.0
17118,14.0,0.0,31.0,0.0,0.0
17119,15.0,0.0,33.0,0.0,0.0
17120,16.0,0.0,39.0,0.0,0.0
17121,29.0,0.0,53.0,0.0,0.0
17122,29.0,0.0,53.0,10.0,0.0
17123,25.0,0.0,36.0,0.0,0.0
17124,21.0,0.0,34.0,0.0,0.0
17126,28.0,0.0,37.0,0.0,0.0
17127,27.0,0.0,40.0,0.0,0.0
17128,29.0,0.0,40.0,0.0,0.0
17129,30.0,0.0,37.0,0.0,0.0
17130,24.0,30.0,32.0,33.0,3.0
17131,15.0,0.0,30.0,0.0,2.0
17132,12.0,10.0,27.0,21.0,2.0
17133,13.0,0.0,31.0,0.0,2.0
17134,16.0,0.0,42.0,0.0,0.0
17135,42.0,0.0,54.0,10.0,0.0
17136,27.0,0.0,57.0,0.0,0.0
17137,23.0,0.0,35.0,0.0,0.0
17138,30.0,0.0,37.0,0.0,0.0
17139,24.0,0.0,40.0,0.0,0.0
17140,29.0,30.0,33.0,28.0,3.0
17141,29.0,0.0,36.0,0.0,2.0
17142,27.0,0.0,37.0,0.0,1.0
17143,28.0,0.0,32.0,0.0,1.0
17144,29.0,0.0,33.0,0.0,1.0
17146,35.0,0.0,37.0,85.0,0.0
17147,34.0,0.0,38.0,42.0,0.0
17148,30.0,0.0,42.0,0.0,0.0
17149,29.0,0.0,46.0,0.0,0.0
17150,29.0,0.0,46.0,0.0,0.0
17151,29.0,40.0,46.0,112.0,4.0
17152,18.0,0.0,34.0,0.0,3.0
17153,3.0,0.0,21.0,0.0,3.0
17154,3.0,0.0,10.0,0.0,3.0
17155,3.0,0.0,9.0,0.0,3.0
17157,33.0,0.0,36.0,0.0,1.0
17158,31.0,0.0,50.0,63.0,0.0
17159,15.0,0.0,31.0,0.0,0.0
17160,12.0,0.0,18.0,0.0,0.0
17162,26.0,0.0,43.0,2.0,0.0
17163,26.0,0.0,43.0,0.0,0.0
17164,32.0,0.0,40.0,0.0,0.0
17165,31.0,0.0,35.0,0.0,0.0
17166,27.0,0.0,39.0,0.0,0.0
17167,27.0,0.0,45.0,6.0,0.0
17168,45.0,0.0,53.0,0.0,0.0
17169,38.0,0.0,55.0,0.0,0.0
17170,39.0,0.0,62.0,79.0,0.0
17171,19.0,0.0,41.0,0.0,0.0
17172,16.0,0.0,23.0,0.0,0.0
17173,10.0,0.0,26.0,0.0,0.0
17175,22.0,10.0,27.0,13.0,1.0
17176,4.0,5.0,23.0,2.0,2.0
17181,11.0,20.0,36.0,49.0,4.0
17183,-7.0,0.0,5.0,0.0,3.0
17185,-8.0,0.0,27.0,0.0,3.0
17186,14.0,0.0,35.0,0.0,2.0
17187,14.0,0.0,46.0,41.0,0.0
17188,28.0,0.0,45.0,0.0,0.0
17189,19.0,0.0,28.0,0.0,0.0
17192,8.0,30.0,23.0,5.0,4.0
17193,12.0,30.0,33.0,31.0,7.0
17194,-11.0,0.0,19.0,0.0,6.0
17195,-6.0,0.0,16.0,0.0,5.0
17196,10.0,0.0,30.0,0.0,3.0
17197,30.0,0.0,38.0,0.0,1.0
17198,30.0,0.0,38.0,0.0,0.0
17199,30.0,0.0,39.0,0.0,0.0
17200,30.0,0.0,34.0,40.0,0.0
17201,32.0,0.0,43.0,40.0,0.0
17202,28.0,0.0,33.0,0.0,0.0
17203,26.0,0.0,29.0,0.0,0.0
17204,26.0,0.0,30.0,0.0,0.0
17205,18.0,0.0,34.0,0.0,0.0
17206,23.0,0.0,30.0,0.0,0.0
17207,26.0,0.0,33.0,0.0,0.0
17208,23.0,10.0,32.0,6.0,1.0
17209,9.0,0.0,32.0,0.0,1.0
17211,23.0,0.0,31.0,0.0,0.0
17212,20.0,0.0,30.0,0.0,0.0
17213,2.0,30.0,30.0,10.0,3.0
17214,13.0,0.0,40.0,0.0,0.0
17215,40.0,0.0,55.0,0.0,0.0
17216,26.0,0.0,48.0,0.0,0.0
17217,27.0,0.0,56.0,166.0,0.0
17218,26.0,0.0,61.0,0.0,0.0
17219,23.0,0.0,32.0,0.0,0.0
17220,20.0,0.0,38.0,0.0,0.0
17221,13.0,0.0,33.0,0.0,0.0
17222,13.0,0.0,34.0,0.0,0.0
17223,32.0,0.0,49.0,177.0,0.0
17224,31.0,0.0,55.0,0.0,0.0
17225,32.0,0.0,42.0,0.0,0.0
17226,34.0,0.0,62.0,0.0,0.0
17227,28.0,0.0,40.0,0.0,0.0
17228,30.0,0.0,39.0,3.0,0.0
17229,32.0,0.0,47.0,0.0,0.0
17231,17.0,0.0,32.0,0.0,0.0
17232,18.0,0.0,41.0,0.0,0.0
17233,27.0,0.0,40.0,0.0,0.0
17234,28.0,0.0,46.0,19.0,0.0
17235,33.0,0.0,49.0,0.0,0.0
17236,23.0,0.0,48.0,0.0,0.0
17237,25.0,0.0,45.0,0.0,0.0
17240,14.0,0.0,26.0,0.0,0.0
17241,20.0,0.0,34.0,0.0,0.0
17242,32.0,0.0,51.0,0.0,0.0
17243,23.0,0.0,37.0,0.0,0.0
17244,24.0,0.0,45.0,0.0,0.0
17245,37.0,0.0,57.0,0.0,0.0
17246,35.0,0.0,69.0,0.0,0.0
17247,26.0,0.0,40.0,0.0,0.0
17248,19.0,0.0,44.0,0.0,0.0
17249,21.0,0.0,43.0,13.0,0.0
17250,33.0,0.0,53.0,0.0,0.0
17251,34.0,0.0,48.0,0.0,0.0
17252,40.0,0.0,71.0,0.0,0.0
17253,47.0,0.0,65.0,49.0,0.0
17254,41.0,0.0,47.0,6.0,0.0
17255,27.0,0.0,42.0,12.0,0.0
17256,24.0,0.0,46.0,0.0,0.0
17257,29.0,0.0,57.0,0.0,0.0
17258,31.0,0.0,64.0,0.0,0.0
17259,42.0,0.0,68.0,2.0,0.0
17260,50.0,0.0,76.0,38.0,0.0
17261,54.0,0.0,68.0,25.0,0.0
17262,30.0,0.0,70.0,0.0,0.0
17263,29.0,0.0,44.0,0.0,0.0
17264,19.0,0.0,35.0,0.0,0.0
17265,18.0,0.0,38.0,0.0,0.0
17266,21.0,0.0,43.0,0.0,0.0
17267,34.0,0.0,49.0,25.0,0.0
17268,34.0,0.0,42.0,4.0,0.0
17269,25.0,0.0,45.0,0.0,0.0
17270,28.0,0.0,51.0,0.0,0.0
17271,28.0,0.0,58.0,5.0,0.0
17272,30.0,0.0,59.0,0.0,0.0
17273,26.0,0.0,41.0,0.0,0.0
17274,26.0,0.0,54.0,0.0,0.0
17275,29.0,0.0,59.0,0.0,0.0
17276,36.0,0.0,63.0,0.0,0.0
17277,38.0,0.0,63.0,0.0,0.0
17278,35.0,0.0,63.0,0.0,0.0
17279,36.0,0.0,63.0,0.0,0.0
17280,36.0,0.0,60.0,11.0,0.0
17281,31.0,0.0,59.0,0.0,0.0
17282,43.0,0.0,66.0,0.0,0.0
17283,38.0,0.0,58.0,15.0,0.0
17284,39.0,0.0,62.0,0.0,0.0
17285,42.0,0.0,67.0,0.0,0.0
17286,41.0,0.0,74.0,0.0,0.0
17287,34.0,0.0,55.0,0.0,0.0
17288,36.0,0.0,58.0,110.0,0.0
17289,36.0,0.0,48.0,18.0,0.0
17290,37.0,0.0,60.0,0.0,0.0
17291,42.0,0.0,63.0,48.0,0.0
17292,38.0,0.0,61.0,0.0,0.0
17293,37.0,0.0,62.0,90.0,0.0
17294,45.0,0.0,62.0,0.0,0.0
17295,40.0,0.0,50.0,0.0,0.0
17296,37.0,0.0,61.0,0.0,0.0
17297,43.0,0.0,66.0,0.0,0.0
17298,34.0,0.0,60.0,0.0,0.0
17299,38.0,0.0,61.0,0.0,0.0
17300,41.0,0.0,61.0,52.0,0.0
17301,33.0,0.0,48.0,19.0,0.0
17302,34.0,0.0,56.0,3.0,0.0
17303,43.0,0.0,68.0,0.0,0.0
17304,49.0,0.0,79.0,80.0,0.0
17305,36.0,0.0,71.0,0.0,0.0
17306,34.0,0.0,61.0,0.0,0.0
17307,29.0,0.0,61.0,0.0,0.0
17308,38.0,0.0,66.0,0.0,0.0
17309,40.0,0.0,68.0,0.0,0.0
17310,54.0,0.0,77.0,134.0,0.0
17311,41.0,0.0,56.0,17.0,0.0
17312,42.0,0.0,60.0,0.0,0.0
17313,45.0,0.0,68.0,0.0,0.0
17314,55.0,0.0,69.0,98.0,0.0
17315,55.0,0.0,69.0,39.0,0.0
17316,55.0,0.0,69.0,29.0,0.0
17317,54.0,0.0,59.0,53.0,0.0
17318,54.0,0.0,59.0,89.0,0.0
17319,55.0,0.0,60.0,9.0,0.0
17320,49.0,0.0,64.0,0.0,0.0
17321,49.0,0.0,70.0,0.0,0.0
17322,49.0,0.0,74.0,0.0,0.0
17323,53.0,0.0,75.0,0.0,0.0
17324,51.0,0.0,69.0,0.0,0.0
17325,51.0,0.0,70.0,0.0,0.0
17326,52.0,0.0,78.0,0.0,0.0
17327,56.0,0.0,80.0,0.0,0.0
17328,56.0,0.0,83.0,0.0,0.0
17329,63.0,0.0,73.0,0.0,0.0
17330,56.0,0.0,83.0,0.0,0.0
17331,50.0,0.0,76.0,0.0,0.0
17332,56.0,0.0,79.0,0.0,0.0
17333,60.0,0.0,74.0,58.0,0.0
17334,58.0,0.0,70.0,0.0,0.0
17335,59.0,0.0,80.0,0.0,0.0
17336,64.0,0.0,86.0,0.0,0.0
17337,64.0,0.0,87.0,91.0,0.0
17338,66.0,0.0,87.0,143.0,0.0
17339,66.0,0.0,84.0,0.0,0.0
17340,68.0,0.0,88.0,0.0,0.0
17341,73.0,0.0,89.0,0.0,0.0
17361,63.0,0.0,91.0,0.0,0.0
17362,66.0,0.0,85.0,0.0,0.0
17363,68.0,0.0,91.0,0.0,0.0
17364,68.0,0.0,88.0,0.0,0.0
17365,63.0,0.0,92.0,0.0,0.0
17366,51.0,0.0,84.0,0.0,0.0
17368,62.0,0.0,73.0,68.0,0.0
17369,61.0,0.0,73.0,5.0,0.0
17372,60.0,0.0,83.0,0.0,0.0
17373,71.0,0.0,91.0,0.0,0.0
17374,69.0,0.0,90.0,26.0,0.0
17375,58.0,0.0,89.0,0.0,0.0
17376,30.0,0.0,76.0,0.0,0.0
17377,46.0,0.0,80.0,0.0,0.0
17379,48.0,0.0,82.0,0.0,0.0
17380,48.0,0.0,85.0,0.0,0.0
17383,49.0,0.0,74.0,0.0,0.0
17384,50.0,0.0,77.0,0.0,0.0
17385,53.0,0.0,81.0,0.0,0.0
17386,53.0,0.0,81.0,0.0,0.0
17387,57.0,0.0,83.0,0.0,0.0
17388,64.0,0.0,74.0,0.0,0.0
17389,58.0,0.0,68.0,27.0,0.0
17390,58.0,0.0,82.0,4.0,0.0
17391,50.0,0.0,77.0,0.0,0.0
17392,60.0,0.0,76.0,0.0,0.0
17393,65.0,0.0,84.0,18.0,0.0
17394,65.0,0.0,90.0,191.0,0.0
17395,57.0,0.0,78.0,0.0,0.0
17396,56.0,0.0,71.0,0.0,0.0
17397,56.0,0.0,75.0,0.0,0.0
17398,59.0,0.0,69.0,4.0,0.0
17399,52.0,0.0,71.0,0.0,0.0
17400,47.0,0.0,74.0,8.0,0.0
17401,58.0,0.0,75.0,7.0,0.0
17402,58.0,0.0,62.0,107.0,0.0
17403,57.0,0.0,73.0,0.0,0.0
17404,53.0,0.0,76.0,0.0,0.0
17405,58.0,0.0,84.0,0.0,0.0
17406,53.0,0.0,77.0,0.0,0.0
17407,41.0,0.0,75.0,0.0,0.0
17408,47.0,0.0,75.0,18.0,0.0
17409,56.0,0.0,78.0,0.0,0.0
17410,50.0,0.0,81.0,0.0,0.0
17411,41.0,0.0,84.0,0.0,0.0
17412,39.0,0.0,68.0,0.0,0.0
17413,40.0,0.0,71.0,0.0,0.0
17414,46.0,0.0,73.0,0.0,0.0
17415,46.0,0.0,79.0,0.0,0.0
17416,56.0,0.0,81.0,0.0,0.0
17417,57.0,0.0,74.0,0.0,0.0
17418,61.0,0.0,65.0,127.0,0.0
17419,59.0,0.0,70.0,0.0,0.0
17420,53.0,0.0,67.0,0.0,0.0
17421,48.0,0.0,71.0,0.0,0.0
17422,43.0,0.0,74.0,0.0,0.0
17423,55.0,0.0,72.0,0.0,0.0
17424,55.0,0.0,82.0,0.0,0.0
17425,57.0,0.0,81.0,50.0,0.0
17426,49.0,0.0,78.0,89.0,0.0
17427,52.0,0.0,80.0,0.0,0.0
17428,57.0,0.0,80.0,280.0,0.0
17429,42.0,0.0,80.0,0.0,0.0
17430,41.0,0.0,65.0,0.0,0.0
17431,40.0,0.0,64.0,9.0,0.0
17432,42.0,0.0,66.0,3.0,0.0
17433,42.0,0.0,67.0,0.0,0.0
17434,46.0,0.0,74.0,0.0,0.0
17435,42.0,0.0,70.0,0.0,0.0
17436,45.0,0.0,70.0,0.0,0.0
17438,51.0,0.0,73.0,0.0,0.0
17439,42.0,0.0,65.0,0.0,0.0
17440,38.0,0.0,60.0,0.0,0.0
17441,40.0,0.0,67.0,22.0,0.0
17442,44.0,0.0,79.0,0.0,0.0
17443,48.0,0.0,83.0,0.0,0.0
17444,47.0,0.0,83.0,0.0,0.0
17445,45.0,0.0,82.0,0.0,0.0
17446,56.0,0.0,83.0,0.0,0.0
17447,56.0,0.0,81.0,0.0,0.0
17448,48.0,0.0,74.0,6.0,0.0
17449,41.0,0.0,69.0,0.0,0.0
17450,42.0,0.0,68.0,0.0,0.0
17451,42.0,0.0,80.0,0.0,0.0
17452,45.0,0.0,75.0,50.0,0.0
17453,38.0,0.0,58.0,0.0,0.0
17454,37.0,0.0,56.0,0.0,0.0
17455,39.0,0.0,55.0,0.0,0.0
17456,32.0,0.0,55.0,0.0,0.0
17457,32.0,0.0,59.0,0.0,0.0
17458,34.0,0.0,60.0,0.0,0.0
17459,29.0,0.0,54.0,0.0,0.0
17460,25.0,0.0,53.0,0.0,0.0
17461,26.0,0.0,41.0,0.0,0.0
17462,31.0,0.0,47.0,0.0,0.0
17463,41.0,0.0,51.0,0.0,0.0
17464,38.0,0.0,53.0,0.0,0.0
17465,34.0,0.0,42.0,44.0,0.0
17466,31.0,0.0,36.0,0.0,0.0
17467,29.0,0.0,47.0,0.0,0.0
17468,29.0,0.0,58.0,0.0,0.0
17469,31.0,0.0,61.0,0.0,0.0
17470,48.0,0.0,64.0,16.0,0.0
17471,41.0,0.0,53.0,52.0,0.0
17472,34.0,0.0,43.0,5.0,0.0
17473,32.0,0.0,40.0,8.0,0.0
17474,35.0,0.0,41.0,0.0,0.0
17475,35.0,0.0,45.0,0.0,0.0
17476,40.0,0.0,52.0,0.0,0.0
17477,38.0,0.0,51.0,0.0,0.0
17478,32.0,0.0,56.0,0.0,0.0
17479,39.0,0.0,42.0,0.0,0.0
17480,27.0,0.0,44.0,0.0,0.0
17481,23.0,0.0,42.0,0.0,0.0
17482,18.0,0.0,37.0,0.0,0.0
17483,20.0,20.0,36.0,5.0,2.0
17484,20.0,10.0,36.0,12.0,2.0
17485,12.0,10.0,32.0,8.0,3.0
17486,15.0,0.0,31.0,0.0,2.0
17487,12.0,0.0,30.0,0.0,1.0
17488,16.0,0.0,36.0,0.0,1.0
17492,30.0,0.0,38.0,0.0,0.0
17493,22.0,0.0,31.0,0.0,0.0
17495,35.0,0.0,51.0,0.0,0.0
17496,28.0,0.0,51.0,0.0,0.0
17497,28.0,0.0,48.0,33.0,0.0
17498,46.0,0.0,52.0,8.0,0.0
17499,43.0,0.0,47.0,31.0,0.0
17500,34.0,0.0,45.0,0.0,0.0
17501,24.0,0.0,39.0,0.0,0.0
17502,24.0,0.0,39.0,0.0,0.0
17503,33.0,0.0,40.0,21.0,0.0
17504,26.0,0.0,37.0,0.0,0.0
17505,22.0,1.0,33.0,0.0,0.0
17506,26.0,0.0,32.0,0.0,0.0
17507,30.0,0.0,35.0,0.0,0.0
17508,29.0,0.0,30.0,0.0,0.0
17509,30.0,10.0,33.0,19.0,1.0
17510,27.0,20.0,33.0,39.0,3.0
17511,25.0,0.0,34.0,0.0,3.0
17512,25.0,0.0,34.0,0.0,2.0
17513,21.0,0.0,27.0,0.0,1.0
17518,22.0,0.0,42.0,0.0,0.0
17519,22.0,0.0,46.0,0.0,0.0
17520,29.0,0.0,38.0,0.0,0.0
17521,29.0,0.0,33.0,0.0,0.0
17522,32.0,0.0,36.0,45.0,0.0
17523,31.0,0.0,39.0,0.0,0.0
17524,31.0,0.0,42.0,54.0,0.0
17525,28.0,0.0,37.0,0.0,0.0
17526,26.0,0.0,32.0,0.0,0.0
17527,22.0,0.0,38.0,0.0,0.0
17528,22.0,0.0,38.0,0.0,0.0
17529,23.0,0.0,32.0,0.0,0.0
17530,6.0,10.0,30.0,2.0,1.0
17531,6.0,0.0,30.0,0.0,1.0
17537,48.0,0.0,53.0,12.0,0.0
17538,37.0,0.0,48.0,79.0,0.0
17539,37.0,0.0,41.0,0.0,0.0
17540,28.0,0.0,37.0,0.0,0.0
17541,17.0,0.0,29.0,0.0,0.0
17542,24.0,0.0,28.0,0.0,0.0
17544,10.0,0.0,23.0,0.0,0.0
17562,24.0,0.0,38.0,0.0,0.0
17563,24.0,0.0,48.0,0.0,0.0
17564,28.0,0.0,36.0,0.0,0.0
17565,24.0,0.0,38.0,0.0,0.0
17566,24.0,0.0,35.0,0.0,0.0
17567,22.0,0.0,36.0,0.0,0.0
17568,22.0,0.0,42.0,0.0,0.0
17569,22.0,0.0,43.0,0.0,0.0
17570,22.0,0.0,46.0,0.0,0.0
17571,22.0,0.0,46.0,0.0,0.0
17572,23.0,0.0,53.0,0.0,0.0
17573,35.0,0.0,44.0,62.0,0.0
17574,29.0,0.0,36.0,0.0,0.0
17575,31.0,0.0,35.0,0.0,0.0
17576,26.0,0.0,37.0,0.0,0.0
17577,30.0,0.0,49.0,0.0,0.0
17578,32.0,0.0,42.0,29.0,0.0
17579,37.0,0.0,42.0,170.0,0.0
17580,36.0,0.0,43.0,15.0,0.0
17581,35.0,0.0,40.0,8.0,0.0
17582,34.0,0.0,40.0,0.0,0.0
17583,29.0,0.0,40.0,0.0,0.0
17584,32.0,0.0,48.0,0.0,0.0
17585,28.0,0.0,46.0,0.0,0.0
17586,31.0,0.0,45.0,0.0,0.0
17587,31.0,0.0,52.0,0.0,0.0
17588,34.0,0.0,51.0,7.0,0.0
17589,31.0,0.0,58.0,0.0,0.0
17590,22.0,0.0,57.0,12.0,0.0
17591,26.0,0.0,45.0,0.0,0.0
17592,31.0,0.0,42.0,0.0,0.0
17593,29.0,0.0,42.0,0.0,0.0
17594,26.0,0.0,37.0,0.0,0.0
17595,27.0,0.0,37.0,0.0,0.0
17596,33.0,0.0,40.0,0.0,0.0
17597,33.0,0.0,47.0,0.0,0.0
17598,37.0,0.0,52.0,161.0,0.0
17599,18.0,0.0,43.0,7.0,0.0
17600,13.0,0.0,27.0,0.0,0.0
17601,14.0,0.0,26.0,0.0,0.0
17602,16.0,0.0,31.0,0.0,0.0
17603,17.0,0.0,38.0,0.0,0.0
17604,19.0,0.0,35.0,0.0,0.0
17605,21.0,0.0,38.0,0.0,0.0
17606,20.0,0.0,38.0,0.0,0.0
17607,32.0,0.0,41.0,30.0,0.0
17608,40.0,0.0,57.0,40.0,0.0
17609,30.0,0.0,48.0,0.0,0.0
17610,30.0,20.0,34.0,53.0,1.0
17614,22.0,0.0,47.0,0.0,0.0
17615,27.0,0.0,53.0,0.0,0.0
17616,43.0,0.0,72.0,0.0,0.0
17617,53.0,0.0,75.0,6.0,0.0
17618,42.0,0.0,75.0,0.0,0.0
17619,47.0,0.0,75.0,18.0,0.0
17620,46.0,0.0,77.0,0.0,0.0
17621,42.0,0.0,74.0,21.0,0.0
17622,39.0,0.0,61.0,15.0,0.0
17623,34.0,0.0,53.0,0.0,0.0
17624,39.0,0.0,48.0,0.0,0.0
17625,20.0,0.0,54.0,0.0,0.0
17626,21.0,0.0,59.0,0.0,0.0
17627,32.0,0.0,58.0,0.0,0.0
17628,32.0,0.0,62.0,32.0,0.0
17629,32.0,0.0,69.0,0.0,0.0
17630,35.0,0.0,46.0,105.0,0.0
17631,32.0,0.0,56.0,0.0,0.0
17632,35.0,0.0,63.0,0.0,0.0
17633,43.0,0.0,68.0,0.0,0.0
17634,38.0,0.0,69.0,17.0,0.0
17635,37.0,0.0,57.0,5.0,0.0
17636,33.0,0.0,60.0,67.0,0.0
17637,37.0,0.0,68.0,0.0,0.0
17638,26.0,0.0,54.0,0.0,0.0
17639,38.0,0.0,58.0,0.0,0.0
17640,36.0,0.0,53.0,0.0,0.0
17641,38.0,0.0,66.0,0.0,0.0
17642,40.0,0.0,65.0,0.0,0.0
17643,42.0,0.0,66.0,0.0,0.0
17644,39.0,0.0,69.0,0.0,0.0
17645,41.0,0.0,73.0,0.0,0.0
17646,45.0,0.0,64.0,61.0,0.0
17647,33.0,0.0,64.0,18.0,0.0
17648,31.0,0.0,54.0,0.0,0.0
17649,37.0,0.0,60.0,0.0,0.0
17650,43.0,0.0,65.0,15.0,0.0
17651,44.0,0.0,65.0,15.0,0.0
17652,38.0,0.0,67.0,37.0,0.0
17654,32.0,0.0,67.0,1.0,0.0
17655,47.0,0.0,65.0,0.0,0.0
17656,35.0,0.0,73.0,0.0,0.0
17657,47.0,0.0,76.0,2.0,0.0
17658,58.0,0.0,76.0,9.0,0.0
17659,54.0,0.0,62.0,0.0,0.0
17660,36.0,0.0,73.0,0.0,0.0
17661,54.0,0.0,68.0,0.0,0.0
17663,38.0,0.0,72.0,9.0,0.0
17664,45.0,0.0,80.0,0.0,0.0
17665,52.0,0.0,86.0,0.0,0.0
17666,58.0,0.0,89.0,0.0,0.0
17667,51.0,0.0,80.0,0.0,0.0
17668,55.0,0.0,85.0,0.0,0.0
17669,53.0,0.0,87.0,0.0,0.0
17670,53.0,0.0,87.0,0.0,0.0
17671,48.0,0.0,87.0,0.0,0.0
17672,36.0,0.0,77.0,0.0,0.0
17673,50.0,0.0,69.0,0.0,0.0
17674,35.0,0.0,74.0,17.0,0.0
17675,39.0,0.0,66.0,6.0,0.0
17676,35.0,0.0,68.0,0.0,0.0
17677,45.0,0.0,80.0,0.0,0.0
17678,50.0,0.0,82.0,0.0,0.0
17679,52.0,0.0,87.0,0.0,0.0
17680,49.0,0.0,89.0,0.0,0.0
17681,53.0,0.0,87.0,0.0,0.0
17682,50.0,0.0,87.0,37.0,0.0
17683,49.0,0.0,87.0,0.0,0.0
17684,44.0,0.0,85.0,0.0,0.0
17685,42.0,0.0,62.0,0.0,0.0
17686,42.0,0.0,69.0,0.0,0.0
17687,38.0,0.0,56.0,4.0,0.0
17688,42.0,0.0,64.0,0.0,0.0
17689,41.0,0.0,67.0,0.0,0.0
17690,43.0,0.0,73.0,2.0,0.0
17691,56.0,0.0,62.0,65.0,0.0
17692,41.0,0.0,77.0,0.0,0.0
17693,59.0,0.0,73.0,58.0,0.0
17694,36.0,0.0,83.0,33.0,0.0
17697,57.0,0.0,79.0,0.0,0.0
17699,50.0,0.0,83.0,0.0,0.0
17700,56.0,0.0,87.0,67.0,0.0
17701,58.0,0.0,82.0,0.0,0.0
17702,64.0,0.0,87.0,0.0,0.0
17703,55.0,0.0,86.0,8.0,0.0
17704,51.0,0.0,89.0,0.0,0.0
17707,51.0,0.0,93.0,18.0,0.0
17708,68.0,0.0,90.0,4.0,0.0
17709,69.0,0.0,88.0,20.0,0.0
17710,73.0,0.0,93.0,0.0,0.0
17711,66.0,0.0,83.0,0.0,0.0
17712,59.0,0.0,81.0,0.0,0.0
17713,51.0,0.0,83.0,0.0,0.0
17715,68.0,0.0,88.0,38.0,0.0
17716,56.0,0.0,82.0,0.0,0.0
17717,49.0,0.0,80.0,0.0,0.0
17718,60.0,0.0,85.0,13.0,0.0
17719,68.0,0.0,80.0,42.0,0.0
17720,49.0,0.0,83.0,0.0,0.0
17721,43.0,0.0,85.0,0.0,0.0
17722,51.0,0.0,80.0,0.0,0.0
17723,53.0,0.0,80.0,0.0,0.0
17724,54.0,0.0,83.0,0.0,0.0
17725,56.0,0.0,87.0,0.0,0.0
17726,58.0,0.0,89.0,0.0,0.0
17727,51.0,0.0,93.0,0.0,0.0
17728,63.0,0.0,93.0,0.0,0.0
17729,62.0,0.0,88.0,0.0,0.0
17730,54.0,0.0,92.0,0.0,0.0
17731,65.0,0.0,89.0,15.0,0.0
17732,59.0,0.0,92.0,28.0,0.0
17733,71.0,0.0,94.0,149.0,0.0
17734,53.0,0.0,88.0,21.0,0.0
17735,58.0,0.0,83.0,0.0,0.0
17736,60.0,0.0,80.0,0.0,0.0
17737,56.0,0.0,81.0,0.0,0.0
17738,57.0,0.0,80.0,0.0,0.0
17739,60.0,0.0,81.0,0.0,0.0
17740,66.0,0.0,84.0,0.0,0.0
17741,59.0,0.0,84.0,0.0,0.0
17742,56.0,0.0,77.0,0.0,0.0
17743,47.0,0.0,80.0,0.0,0.0
17744,37.0,0.0,79.0,0.0,0.0
17745,57.0,0.0,82.0,0.0,0.0
17746,50.0,0.0,85.0,0.0,0.0
17747,65.0,0.0,74.0,79.0,0.0
17748,67.0,0.0,73.0,154.0,0.0
17749,61.0,0.0,83.0,26.0,0.0
17750,66.0,0.0,85.0,59.0,0.0
17751,65.0,0.0,88.0,0.0,0.0
17752,57.0,0.0,83.0,0.0,0.0
17753,56.0,0.0,87.0,0.0,0.0
17754,50.0,0.0,81.0,0.0,0.0
17755,47.0,0.0,78.0,0.0,0.0
17756,44.0,0.0,80.0,0.0,0.0
17757,59.0,0.0,81.0,0.0,0.0
17758,63.0,0.0,84.0,41.0,0.0
17759,48.0,0.0,85.0,0.0,0.0
17760,49.0,0.0,85.0,42.0,0.0
17761,45.0,0.0,80.0,0.0,0.0
17762,48.0,0.0,74.0,0.0,0.0
17763,49.0,0.0,80.0,0.0,0.0
17764,67.0,0.0,85.0,12.0,0.0
17765,67.0,0.0,84.0,39.0,0.0
17769,58.0,0.0,83.0,0.0,0.0
17770,57.0,0.0,83.0,0.0,0.0
17771,58.0,0.0,78.0,22.0,0.0
17772,59.0,0.0,83.0,0.0,0.0
17773,55.0,0.0,83.0,0.0,0.0
17774,55.0,0.0,80.0,0.0,0.0
17775,55.0,0.0,74.0,0.0,0.0
17776,51.0,0.0,75.0,0.0,0.0
17777,53.0,0.0,77.0,0.0,0.0
17778,52.0,0.0,79.0,0.0,0.0
17779,53.0,0.0,83.0,0.0,0.0
17780,54.0,0.0,89.0,30.0,0.0
17781,48.0,0.0,73.0,0.0,0.0
17782,45.0,0.0,68.0,0.0,0.0
17783,42.0,0.0,75.0,0.0,0.0
17785,46.0,0.0,81.0,0.0,0.0
17786,49.0,0.0,85.0,0.0,0.0
17787,49.0,0.0,87.0,0.0,0.0
17788,49.0,0.0,87.0,0.0,0.0
17789,67.0,0.0,80.0,0.0,0.0
17790,49.0,0.0,77.0,0.0,0.0
17791,51.0,0.0,81.0,0.0,0.0
17792,56.0,0.0,86.0,0.0,0.0
17793,64.0,0.0,84.0,0.0,0.0
17794,65.0,0.0,87.0,17.0,0.0
17795,56.0,0.0,81.0,0.0,0.0
17796,42.0,0.0,69.0,0.0,0.0
17797,41.0,0.0,65.0,0.0,0.0
17799,58.0,0.0,81.0,0.0,0.0
17800,69.0,0.0,89.0,0.0,0.0
17801,52.0,0.0,83.0,12.0,0.0
17802,44.0,0.0,75.0,0.0,0.0
17803,46.0,0.0,82.0,0.0,0.0
17836,43.0,0.0,55.0,0.0,0.0
17837,31.0,0.0,52.0,0.0,0.0
17838,26.0,0.0,48.0,0.0,0.0
17839,24.0,0.0,45.0,0.0,0.0
17840,29.0,0.0,39.0,0.0,0.0
17841,29.0,0.0,46.0,0.0,0.0
17842,32.0,0.0,46.0,0.0,0.0
17843,33.0,0.0,41.0,0.0,0.0
17844,32.0,0.0,51.0,38.0,0.0
17845,39.0,0.0,65.0,62.0,0.0
17846,32.0,0.0,46.0,0.0,0.0
17847,33.0,0.0,52.0,0.0,0.0
17848,33.0,0.0,51.0,0.0,0.0
17849,40.0,0.0,55.0,0.0,0.0
17850,35.0,0.0,50.0,0.0,0.0
17851,35.0,0.0,53.0,0.0,0.0
17852,30.0,0.0,50.0,0.0,0.0
17853,37.0,0.0,54.0,0.0,0.0
17854,35.0,0.0,57.0,0.0,0.0
17855,30.0,0.0,40.0,0.0,0.0
17856,26.0,0.0,41.0,0.0,0.0
17857,32.0,0.0,55.0,0.0,0.0
17858,33.0,0.0,62.0,0.0,0.0
17859,30.0,0.0,56.0,0.0,0.0
17860,33.0,0.0,49.0,55.0,0.0
17861,29.0,0.0,54.0,0.0,0.0
17862,29.0,0.0,53.0,0.0,0.0
17863,39.0,0.0,62.0,0.0,0.0
17864,53.0,0.0,64.0,0.0,0.0
17865,35.0,0.0,62.0,0.0,0.0
17866,34.0,0.0,53.0,10.0,0.0
17867,37.0,0.0,60.0,0.0,0.0
17868,52.0,0.0,62.0,0.0,0.0
17869,51.0,0.0,62.0,0.0,0.0
17870,53.0,0.0,62.0,0.0,0.0
17871,38.0,0.0,68.0,17.0,0.0
17872,34.0,0.0,41.0,0.0,0.0
17873,27.0,0.0,45.0,0.0,0.0
17874,27.0,0.0,48.0,0.0,0.0
17875,25.0,0.0,44.0,0.0,0.0
17876,24.0,0.0,47.0,0.0,0.0
17877,21.0,0.0,48.0,0.0,0.0
17878,22.0,0.0,53.0,0.0,0.0
17879,23.0,0.0,43.0,0.0,0.0
17880,27.0,0.0,51.0,0.0,0.0
17881,28.0,0.0,40.0,0.0,0.0
17882,22.0,0.0,37.0,0.0,0.0
17883,28.0,0.0,44.0,0.0,0.0
17884,29.0,0.0,43.0,0.0,0.0
17885,31.0,0.0,41.0,13.0,0.0
17887,7.0,0.0,17.0,0.0,0.0
17888,8.0,0.0,20.0,0.0,0.0
17889,12.0,0.0,27.0,0.0,0.0
17890,14.0,0.0,30.0,0.0,0.0
17891,15.0,0.0,33.0,0.0,0.0
17892,18.0,0.0,40.0,0.0,0.0
17893,19.0,0.0,40.0,0.0,0.0
17894,7.0,0.0,38.0,0.0,0.0
17895,7.0,0.0,18.0,0.0,0.0
17896,9.0,0.0,20.0,0.0,0.0
17898,13.0,60.0,34.0,67.0,8.0
17899,1.0,0.0,19.0,0.0,8.0
17900,-10.0,0.0,6.0,0.0,8.0
17901,-11.0,20.0,20.0,3.0,9.0
17902,7.0,30.0,28.0,2.0,12.0
17904,11.0,30.0,19.0,30.0,15.0
17906,-4.0,0.0,15.0,0.0,14.0
17907,-3.0,30.0,26.0,30.0,17.0
17908,17.0,15.0,26.0,24.0,15.0
17909,4.0,0.0,17.0,0.0,15.0
17910,4.0,0.0,11.0,0.0,15.0
17911,10.0,0.0,31.0,0.0,15.0
17912,17.0,0.0,38.0,0.0,13.0
17913,20.0,0.0,43.0,22.0,6.0
17914,20.0,0.0,36.0,0.0,5.0
17915,19.0,0.0,32.0,0.0,5.0
17916,21.0,0.0,34.0,0.0,3.0
17917,31.0,0.0,40.0,102.0,2.0
17918,35.0,0.0,52.0,28.0,0.0
17919,33.0,0.0,56.0,0.0,0.0
17920,32.0,0.0,56.0,0.0,0.0
17921,28.0,0.0,36.0,0.0,0.0
17922,27.0,0.0,39.0,0.0,0.0
17923,32.0,0.0,58.0,0.0,0.0
17924,30.0,0.0,35.0,0.0,0.0
17925,24.0,0.0,38.0,0.0,0.0
17926,24.0,0.0,43.0,0.0,0.0
17927,27.0,0.0,39.0,15.0,0.0
17928,34.0,0.0,41.0,6.0,0.0
17929,28.0,0.0,43.0,5.0,0.0
17930,28.0,0.0,43.0,1.0,0.0
17931,17.0,0.0,41.0,0.0,0.0
17932,17.0,0.0,40.0,2.0,0.0
17933,32.0,0.0,52.0,0.0,0.0
17934,23.0,15.0,33.0,28.0,2.0
17937,31.0,0.0,53.0,0.0,0.0
17938,29.0,0.0,69.0,0.0,0.0
17939,14.0,10.0,35.0,10.0,1.0
17944,28.0,0.0,36.0,0.0,0.0
17945,27.0,0.0,33.0,0.0,0.0
17946,19.0,0.0,35.0,0.0,0.0
17947,16.0,0.0,33.0,0.0,0.0
17948,10.0,0.0,34.0,0.0,0.0
17949,9.0,0.0,29.0,0.0,0.0
17950,18.0,0.0,34.0,0.0,0.0
17951,20.0,10.0,36.0,15.0,1.0
17952,29.0,0.0,35.0,0.0,0.0
17953,29.0,0.0,41.0,8.0,0.0
17954,33.0,0.0,50.0,33.0,0.0
17955,33.0,0.0,42.0,3.0,0.0
17956,21.0,0.0,35.0,0.0,0.0
17957,22.0,0.0,42.0,46.0,0.0
17958,25.0,0.0,34.0,0.0,0.0
17959,25.0,0.0,39.0,0.0,0.0
17960,24.0,30.0,47.0,36.0,3.0
17961,4.0,10.0,27.0,6.0,4.0
17962,4.0,0.0,27.0,0.0,3.0
17963,4.0,40.0,27.0,6.0,5.0
17964,19.0,50.0,28.0,7.0,5.0
17965,7.0,0.0,37.0,0.0,4.0
17966,8.0,0.0,39.0,0.0,3.0
17972,35.0,0.0,62.0,0.0,0.0
17973,27.0,0.0,40.0,0.0,0.0
17974,25.0,0.0,47.0,0.0,0.0
17975,32.0,0.0,52.0,0.0,0.0
17976,29.0,0.0,44.0,0.0,0.0
17977,23.0,0.0,43.0,0.0,0.0
17978,24.0,0.0,50.0,0.0,0.0
17979,27.0,0.0,48.0,0.0,0.0
17980,24.0,0.0,42.0,0.0,0.0
17981,21.0,0.0,46.0,0.0,0.0
17982,21.0,0.0,55.0,0.0,0.0
17983,22.0,0.0,61.0,0.0,0.0
17984,28.0,0.0,63.0,0.0,0.0
17985,28.0,0.0,69.0,0.0,0.0
17986,42.0,0.0,70.0,1.0,0.0
17987,51.0,0.0,60.0,0.0,0.0
17988,53.0,0.0,70.0,0.0,0.0
17989,51.0,0.0,75.0,0.0,0.0
17990,37.0,0.0,62.0,49.0,0.0
17991,37.0,0.0,53.0,8.0,0.0
17992,37.0,0.0,64.0,0.0,0.0
17993,37.0,0.0,69.0,0.0,0.0
17994,45.0,0.0,75.0,107.0,0.0
17995,34.0,0.0,46.0,50.0,0.0
17996,40.0,0.0,53.0,65.0,0.0
17997,35.0,0.0,57.0,3.0,0.0
17998,34.0,0.0,56.0,0.0,0.0
17999,34.0,0.0,63.0,0.0,0.0
18000,36.0,0.0,66.0,0.0,0.0
18001,42.0,0.0,54.0,88.0,0.0
18002,37.0,0.0,44.0,8.0,0.0
18003,34.0,0.0,54.0,0.0,0.0
18004,35.0,0.0,53.0,5.0,0.0
18005,34.0,0.0,54.0,0.0,0.0
18006,40.0,0.0,57.0,0.0,0.0
18007,46.0,0.0,67.0,22.0,0.0
18008,46.0,0.0,67.0,108.0,0.0
18009,27.0,0.0,48.0,15.0,0.0
18010,29.0,0.0,57.0,0.0,0.0
18011,32.0,0.0,63.0,0.0,0.0
18012,38.0,0.0,73.0,0.0,0.0
18013,28.0,0.0,63.0,0.0,0.0
18014,43.0,0.0,63.0,0.0,0.0
18015,40.0,0.0,71.0,0.0,0.0
18016,43.0,0.0,71.0,0.0,0.0
18017,44.0,0.0,72.0,0.0,0.0
18018,45.0,0.0,78.0,0.0,0.0
18019,45.0,0.0,79.0,0.0,0.0
18020,45.0,0.0,82.0,0.0,0.0
18021,60.0,0.0,80.0,5.0,0.0
18022,52.0,0.0,72.0,0.0,0.0
18023,48.0,0.0,74.0,0.0,0.0
18024,49.0,0.0,60.0,3.0,0.0
18025,43.0,0.0,71.0,0.0,0.0
18026,44.0,0.0,76.0,0.0,0.0
18027,44.0,0.0,79.0,0.0,0.0
18028,50.0,0.0,72.0,0.0,0.0
18029,49.0,0.0,56.0,0.0,0.0
18030,49.0,0.0,71.0,0.0,0.0
18031,54.0,0.0,78.0,0.0,0.0
18032,58.0,0.0,83.0,0.0,0.0
18033,63.0,0.0,88.0,46.0,0.0
18034,50.0,0.0,69.0,0.0,0.0
18035,48.0,0.0,73.0,0.0,0.0
18036,51.0,0.0,76.0,0.0,0.0
18037,54.0,0.0,81.0,77.0,0.0
18038,50.0,0.0,67.0,47.0,0.0
18039,48.0,0.0,69.0,105.0,0.0
18040,43.0,0.0,54.0,3.0,0.0
18041,45.0,0.0,64.0,0.0,0.0
18042,43.0,0.0,69.0,0.0,0.0
18043,43.0,0.0,78.0,0.0,0.0
18044,55.0,0.0,84.0,0.0,0.0
18045,58.0,0.0,87.0,0.0,0.0
18046,63.0,0.0,87.0,88.0,0.0
18047,65.0,0.0,73.0,28.0,0.0
18048,64.0,0.0,76.0,22.0,0.0
18049,53.0,0.0,75.0,0.0,0.0
18050,50.0,0.0,76.0,0.0,0.0
18051,51.0,0.0,75.0,0.0,0.0
18052,62.0,0.0,85.0,0.0,0.0
18053,72.0,0.0,91.0,0.0,0.0
18054,70.0,0.0,92.0,0.0,0.0
18055,64.0,0.0,93.0,0.0,0.0
18056,66.0,0.0,93.0,17.0,0.0
18057,67.0,0.0,92.0,93.0,0.0
18058,69.0,0.0,89.0,0.0,0.0
18059,68.0,0.0,90.0,7.0,0.0
18060,67.0,0.0,82.0,54.0,0.0
18061,47.0,0.0,76.0,0.0,0.0
18062,47.0,0.0,65.0,0.0,0.0
18063,49.0,0.0,65.0,0.0,0.0
18064,45.0,0.0,70.0,0.0,0.0
18065,51.0,0.0,74.0,0.0,0.0
18066,55.0,0.0,76.0,0.0,0.0
18067,55.0,0.0,80.0,0.0,0.0
18068,57.0,0.0,83.0,0.0,0.0
18069,59.0,0.0,85.0,0.0,0.0
18070,60.0,0.0,87.0,0.0,0.0
18071,69.0,0.0,84.0,100.0,0.0
18072,62.0,0.0,86.0,0.0,0.0
18073,67.0,0.0,88.0,9.0,0.0
18074,70.0,0.0,84.0,7.0,0.0
18075,55.0,0.0,86.0,17.0,0.0
18076,58.0,0.0,74.0,0.0,0.0
18077,60.0,0.0,78.0,4.0,0.0
18078,56.0,0.0,81.0,22.0,0.0
18079,59.0,0.0,85.0,0.0,0.0
18080,76.0,0.0,89.0,12.0,0.0
18081,73.0,0.0,91.0,0.0,0.0
18082,74.0,0.0,92.0,0.0,0.0
18083,52.0,0.0,87.0,0.0,0.0
18084,56.0,0.0,85.0,0.0,0.0
18085,60.0,0.0,86.0,0.0,0.0
18086,61.0,0.0,88.0,15.0,0.0
18087,51.0,0.0,78.0,0.0,0.0
18088,51.0,0.0,82.0,0.0,0.0
18089,52.0,0.0,81.0,0.0,0.0
18090,52.0,0.0,84.0,0.0,0.0
18091,50.0,0.0,87.0,0.0,0.0
18092,62.0,0.0,88.0,0.0,0.0
18093,66.0,0.0,90.0,0.0,0.0
18094,62.0,0.0,90.0,65.0,0.0
18095,66.0,0.0,84.0,0.0,0.0
18096,59.0,0.0,87.0,62.0,0.0
18097,62.0,0.0,84.0,0.0,0.0
18098,64.0,0.0,91.0,83.0,0.0
18099,55.0,0.0,90.0,0.0,0.0
18100,65.0,0.0,91.0,157.0,0.0
18101,65.0,0.0,89.0,38.0,0.0
18102,62.0,0.0,89.0,0.0,0.0
18103,62.0,0.0,83.0,2.0,0.0
18104,64.0,0.0,88.0,24.0,0.0
18105,69.0,0.0,89.0,0.0,0.0
18106,58.0,0.0,90.0,7.0,0.0
18107,73.0,0.0,95.0,0.0,0.0
18108,68.0,0.0,92.0,0.0,0.0
18109,60.0,0.0,86.0,0.0,0.0
18110,57.0,0.0,79.0,0.0,0.0
18111,57.0,0.0,81.0,0.0,0.0
18112,56.0,0.0,80.0,0.0,0.0
18113,51.0,0.0,79.0,0.0,0.0
18114,55.0,0.0,85.0,0.0,0.0
18115,62.0,0.0,81.0,30.0,0.0
18116,51.0,0.0,77.0,0.0,0.0
18117,51.0,0.0,77.0,0.0,0.0
18118,59.0,0.0,79.0,7.0,0.0
18119,59.0,0.0,80.0,0.0,0.0
18120,56.0,0.0,83.0,15.0,0.0
18121,60.0,0.0,86.0,30.0,0.0
18122,50.0,0.0,74.0,0.0,0.0
18123,52.0,0.0,78.0,0.0,0.0
18124,53.0,0.0,82.0,0.0,0.0
18125,60.0,0.0,86.0,0.0,0.0
18126,63.0,0.0,78.0,0.0,0.0
18127,55.0,0.0,70.0,27.0,0.0
18128,53.0,0.0,80.0,0.0,0.0
18129,54.0,0.0,84.0,0.0,0.0
18130,56.0,0.0,83.0,0.0,0.0
18131,60.0,0.0,72.0,2.0,0.0
18132,64.0,0.0,71.0,12.0,0.0
18133,60.0,0.0,80.0,0.0,0.0
18134,63.0,0.0,77.0,38.0,0.0
18135,64.0,0.0,83.0,0.0,0.0
18136,58.0,0.0,89.0,0.0,0.0
18137,49.0,0.0,89.0,0.0,0.0
18138,49.0,0.0,72.0,0.0,0.0
18139,51.0,0.0,80.0,0.0,0.0
18140,50.0,0.0,85.0,0.0,0.0
18141,51.0,0.0,91.0,0.0,0.0
18142,54.0,0.0,90.0,0.0,0.0
18143,58.0,0.0,92.0,0.0,0.0
18144,59.0,0.0,91.0,0.0,0.0
18145,63.0,0.0,89.0,0.0,0.0
18146,53.0,0.0,78.0,0.0,0.0
18147,49.0,0.0,89.0,0.0,0.0
18148,49.0,0.0,89.0,0.0,0.0
18149,46.0,0.0,72.0,0.0,0.0
18150,50.0,0.0,82.0,0.0,0.0
18151,58.0,0.0,88.0,0.0,0.0
18152,47.0,0.0,74.0,3.0,0.0
18153,45.0,0.0,73.0,0.0,0.0
18154,48.0,0.0,74.0,0.0,0.0
18155,43.0,0.0,74.0,0.0,0.0
18156,42.0,0.0,77.0,0.0,0.0
18157,45.0,0.0,78.0,0.0,0.0
18158,46.0,0.0,82.0,2.0,0.0
18159,51.0,0.0,72.0,0.0,0.0
18160,36.0,0.0,64.0,0.0,0.0
18161,34.0,0.0,70.0,0.0,0.0
18162,47.0,0.0,78.0,0.0,0.0
18163,44.0,0.0,75.0,0.0,0.0
18164,47.0,0.0,79.0,0.0,0.0
18165,38.0,0.0,86.0,0.0,0.0
18166,56.0,0.0,86.0,0.0,0.0
18167,62.0,0.0,86.0,61.0,0.0
18168,43.0,0.0,64.0,89.0,0.0
18169,43.0,0.0,65.0,0.0,0.0
18170,44.0,0.0,66.0,0.0,0.0
18171,38.0,0.0,66.0,0.0,0.0
18172,38.0,0.0,56.0,84.0,0.0
18173,26.0,0.0,56.0,0.0,0.0
18174,33.0,0.0,60.0,0.0,0.0
18175,31.0,0.0,62.0,0.0,0.0
18176,33.0,0.0,61.0,0.0,0.0
18178,53.0,0.0,65.0,0.0,0.0
18179,42.0,0.0,68.0,0.0,0.0
18180,40.0,0.0,70.0,0.0,0.0
18181,38.0,0.0,70.0,0.0,0.0
18182,34.0,0.0,67.0,52.0,0.0
18183,34.0,0.0,57.0,0.0,0.0
18184,28.0,0.0,71.0,0.0,0.0
18185,51.0,0.0,75.0,32.0,0.0
18186,34.0,0.0,55.0,0.0,0.0
18187,32.0,0.0,58.0,0.0,0.0
18188,32.0,0.0,56.0,0.0,0.0
18189,32.0,0.0,55.0,0.0,0.0
18190,33.0,0.0,60.0,0.0,0.0
18191,37.0,0.0,55.0,0.0,0.0
18192,25.0,0.0,47.0,0.0,0.0
18193,30.0,0.0,49.0,0.0,0.0
18194,32.0,0.0,58.0,0.0,0.0
18195,31.0,0.0,63.0,0.0,0.0
18196,30.0,0.0,56.0,0.0,0.0
18197,33.0,0.0,75.0,0.0,0.0
18198,41.0,0.0,76.0,0.0,0.0
18199,50.0,0.0,73.0,0.0,0.0
18200,43.0,0.0,72.0,0.0,0.0
18201,41.0,0.0,74.0,11.0,0.0
18203,27.0,0.0,38.0,0.0,0.0
18204,25.0,0.0,58.0,0.0,0.0
18205,33.0,0.0,66.0,0.0,0.0
18206,25.0,0.0,58.0,0.0,0.0
18207,27.0,0.0,54.0,0.0,0.0
18208,28.0,0.0,64.0,0.0,0.0
18209,49.0,0.0,73.0,0.0,0.0
18210,37.0,0.0,67.0,5.0,0.0
18211,29.0,0.0,42.0,0.0,0.0
18212,30.0,0.0,56.0,0.0,0.0
18213,38.0,0.0,66.0,0.0,0.0
18214,22.0,0.0,55.0,0.0,0.0
18215,23.0,0.0,49.0,0.0,0.0
18216,22.0,0.0,46.0,0.0,0.0
18217,23.0,0.0,45.0,0.0,0.0
18218,27.0,0.0,63.0,0.0,0.0
18219,38.0,0.0,62.0,39.0,0.0
18220,30.0,0.0,48.0,0.0,0.0
18221,42.0,0.0,53.0,0.0,0.0
18222,44.0,0.0,61.0,0.0,0.0
18223,41.0,0.0,69.0,14.0,0.0
18224,27.0,0.0,48.0,0.0,0.0
18225,28.0,0.0,48.0,38.0,0.0
18226,24.0,0.0,48.0,5.0,0.0
18227,26.0,0.0,47.0,0.0,0.0
18228,25.0,0.0,47.0,0.0,0.0
18229,20.0,0.0,42.0,0.0,0.0
18230,19.0,0.0,35.0,0.0,0.0
18231,20.0,0.0,38.0,0.0,0.0
18232,31.0,0.0,52.0,4.0,0.0
18233,47.0,0.0,53.0,2.0,0.0
18234,49.0,0.0,58.0,4.0,0.0
18235,30.0,2.0,55.0,48.0,0.0
18236,23.0,0.0,36.0,0.0,0.0
18237,22.0,0.0,40.0,0.0,0.0
18238,24.0,0.0,49.0,0.0,0.0
18239,32.0,0.0,54.0,17.0,0.0
18240,20.0,0.0,42.0,0.0,0.0
18241,21.0,0.0,39.0,0.0,0.0
18242,31.0,0.0,36.0,0.0,0.0
18243,32.0,0.0,41.0,41.0,0.0
18244,36.0,0.0,40.0,68.0,0.0
18245,32.0,0.0,44.0,15.0,0.0
18246,21.0,0.0,32.0,0.0,0.0
18248,17.0,0.0,32.0,0.0,0.0
18249,25.0,0.0,42.0,16.0,0.0
18250,13.0,0.0,43.0,0.0,0.0
18251,11.0,0.0,22.0,0.0,0.0
18252,11.0,0.0,21.0,0.0,0.0
18253,5.0,0.0,21.0,0.0,0.0
18254,9.0,0.0,25.0,0.0,0.0
18255,11.0,0.0,29.0,0.0,0.0
18256,20.0,0.0,35.0,0.0,0.0
18257,10.0,0.0,26.0,0.0,0.0
18258,13.0,20.0,26.0,12.0,2.0
18261,22.0,0.0,38.0,0.0,0.0
18262,26.0,0.0,52.0,0.0,0.0
18263,34.0,0.0,58.0,3.0,0.0
18264,33.0,0.0,58.0,30.0,0.0
18265,21.0,0.0,35.0,0.0,0.0
18266,21.0,0.0,27.0,0.0,0.0
18267,27.0,0.0,38.0,0.0,0.0
18268,19.0,0.0,35.0,0.0,0.0
18269,23.0,0.0,45.0,0.0,0.0
18270,35.0,0.0,43.0,0.0,0.0
18271,35.0,0.0,46.0,12.0,0.0
18272,26.0,0.0,36.0,0.0,0.0
18275,9.0,0.0,24.0,0.0,0.0
18276,24.0,0.0,37.0,0.0,0.0
18277,8.0,0.0,36.0,0.0,0.0
18278,8.0,20.0,21.0,5.0,2.0
18279,8.0,0.0,28.0,0.0,2.0
18280,14.0,40.0,26.0,25.0,6.0
18281,1.0,10.0,22.0,2.0,6.0
18283,-3.0,20.0,24.0,9.0,8.0
18284,-4.0,0.0,30.0,0.0,4.0
18288,-5.0,0.0,17.0,0.0,3.0
18293,9.0,0.0,31.0,0.0,2.0
18294,7.0,20.0,29.0,7.0,4.0
18295,7.0,10.0,35.0,3.0,4.0
18296,10.0,0.0,34.0,0.0,4.0
18297,8.0,0.0,29.0,0.0,3.0
18298,5.0,0.0,29.0,0.0,2.0
18299,10.0,0.0,40.0,0.0,2.0
18300,7.0,0.0,32.0,0.0,1.0
18311,24.0,30.0,29.0,31.0,3.0
18312,26.0,0.0,30.0,0.0,2.0
18316,41.0,0.0,59.0,24.0,0.0
18317,44.0,0.0,71.0,0.0,0.0
18318,44.0,0.0,71.0,51.0,0.0
18319,31.0,0.0,50.0,0.0,0.0
18320,31.0,0.0,53.0,0.0,0.0
18321,33.0,0.0,59.0,0.0,0.0
18322,34.0,0.0,54.0,0.0,0.0
18323,22.0,0.0,41.0,0.0,0.0
18324,22.0,0.0,49.0,0.0,0.0
18325,30.0,0.0,57.0,0.0,0.0
18326,33.0,0.0,63.0,0.0,0.0
18327,33.0,0.0,66.0,0.0,0.0
18328,49.0,0.0,74.0,0.0,0.0
18329,49.0,0.0,77.0,0.0,0.0
18330,28.0,0.0,61.0,0.0,0.0
18331,27.0,0.0,37.0,0.0,0.0
18332,15.0,30.0,35.0,37.0,3.0
18336,33.0,0.0,63.0,6.0,0.0
18337,21.0,0.0,35.0,0.0,0.0
18338,17.0,0.0,36.0,0.0,0.0
18339,30.0,0.0,43.0,12.0,0.0
18340,40.0,0.0,47.0,74.0,0.0
18341,42.0,0.0,49.0,40.0,0.0
18342,33.0,0.0,51.0,0.0,0.0
18343,33.0,0.0,57.0,0.0,0.0
18344,39.0,0.0,63.0,0.0,0.0
18346,37.0,0.0,65.0,0.0,0.0
18347,37.0,0.0,60.0,27.0,0.0
18348,34.0,0.0,54.0,0.0,0.0
18349,33.0,0.0,41.0,6.0,0.0
18350,27.0,0.0,47.0,0.0,0.0
18351,28.0,0.0,55.0,0.0,0.0
18352,30.0,0.0,61.0,0.0,0.0
18353,40.0,0.0,64.0,0.0,0.0
18354,48.0,0.0,58.0,0.0,0.0
18355,38.0,0.0,60.0,5.0,0.0
18356,25.0,0.0,43.0,0.0,0.0
18357,25.0,0.0,53.0,0.0,0.0
18358,33.0,0.0,59.0,0.0,0.0
18359,32.0,0.0,53.0,44.0,0.0
18360,25.0,0.0,42.0,0.0,0.0
18361,29.0,0.0,54.0,0.0,0.0
18362,29.0,0.0,45.0,9.0,0.0
18363,28.0,0.0,39.0,0.0,0.0
18364,28.0,0.0,49.0,0.0,0.0
18365,33.0,0.0,56.0,0.0,0.0
18366,32.0,0.0,71.0,0.0,0.0
18367,46.0,0.0,76.0,0.0,0.0
18368,44.0,0.0,64.0,0.0,0.0
18369,42.0,0.0,48.0,0.0,0.0
18370,42.0,0.0,62.0,0.0,0.0
18371,51.0,0.0,59.0,38.0,0.0
18372,46.0,0.0,61.0,92.0,0.0
18374,37.0,0.0,64.0,0.0,0.0
18375,43.0,0.0,61.0,0.0,0.0
18376,40.0,0.0,67.0,0.0,0.0
18377,34.0,0.0,64.0,0.0,0.0
18378,34.0,0.0,66.0,0.0,0.0
18379,36.0,0.0,62.0,0.0,0.0
18380,36.0,0.0,65.0,0.0,0.0
18381,40.0,0.0,72.0,0.0,0.0
18382,45.0,0.0,71.0,0.0,0.0
18383,42.0,0.0,64.0,90.0,0.0
18384,42.0,0.0,70.0,0.0,0.0
18385,44.0,0.0,73.0,0.0,0.0
18386,58.0,0.0,79.0,0.0,0.0
18387,58.0,0.0,82.0,0.0,0.0
18388,63.0,0.0,84.0,0.0,0.0
18389,64.0,0.0,84.0,0.0,0.0
18390,64.0,0.0,84.0,5.0,0.0
18391,51.0,0.0,83.0,54.0,0.0
18392,48.0,0.0,83.0,0.0,0.0
18393,52.0,0.0,71.0,10.0,0.0
18394,61.0,0.0,84.0,0.0,0.0
18395,43.0,0.0,70.0,0.0,0.0
18396,40.0,0.0,62.0,0.0,0.0
18397,42.0,0.0,68.0,0.0,0.0
18398,44.0,0.0,57.0,17.0,0.0
18399,46.0,0.0,74.0,0.0,0.0
18400,51.0,0.0,77.0,272.0,0.0
18401,46.0,0.0,53.0,0.0,0.0
18402,46.0,0.0,64.0,0.0,0.0
18403,52.0,0.0,67.0,0.0,0.0
18404,53.0,0.0,68.0,4.0,0.0
18405,56.0,0.0,73.0,34.0,0.0
18406,50.0,0.0,80.0,0.0,0.0
18407,47.0,0.0,71.0,0.0,0.0
18408,52.0,0.0,75.0,12.0,0.0
18409,56.0,0.0,64.0,133.0,0.0
18410,48.0,0.0,57.0,39.0,0.0
18411,51.0,0.0,63.0,0.0,0.0
18412,53.0,0.0,74.0,0.0,0.0
18413,62.0,0.0,83.0,0.0,0.0
18414,64.0,0.0,86.0,0.0,0.0
18415,46.0,0.0,78.0,0.0,0.0
18416,46.0,0.0,67.0,0.0,0.0
18417,53.0,0.0,65.0,2.0,0.0
18418,46.0,0.0,56.0,92.0,0.0
18419,49.0,0.0,72.0,0.0,0.0
18420,52.0,0.0,76.0,0.0,0.0
18421,62.0,0.0,86.0,0.0,0.0
18422,62.0,0.0,86.0,0.0,0.0
18423,68.0,0.0,88.0,17.0,0.0
18424,69.0,0.0,83.0,47.0,0.0
18425,65.0,0.0,71.0,157.0,0.0
18426,67.0,0.0,83.0,4.0,0.0
18427,67.0,0.0,84.0,64.0,0.0
18428,64.0,0.0,76.0,4.0,0.0
18429,64.0,0.0,83.0,0.0,0.0
18430,56.0,0.0,79.0,54.0,0.0
18431,52.0,0.0,70.0,0.0,0.0
18432,55.0,0.0,78.0,0.0,0.0
18433,58.0,0.0,79.0,74.0,0.0
18434,64.0,0.0,79.0,0.0,0.0
18435,57.0,0.0,79.0,0.0,0.0
18436,65.0,0.0,82.0,0.0,0.0
18437,66.0,0.0,81.0,115.0,0.0
18438,65.0,0.0,83.0,0.0,0.0
18439,56.0,0.0,82.0,0.0,0.0
18440,53.0,0.0,78.0,0.0,0.0
18441,53.0,0.0,77.0,0.0,0.0
18442,52.0,0.0,75.0,4.0,0.0
18443,52.0,0.0,78.0,0.0,0.0
18444,60.0,0.0,81.0,0.0,0.0
18445,63.0,0.0,85.0,47.0,0.0
18446,67.0,0.0,82.0,31.0,0.0
18447,65.0,0.0,83.0,0.0,0.0
18448,64.0,0.0,86.0,0.0,0.0
18449,55.0,0.0,75.0,2.0,0.0
18450,52.0,0.0,74.0,0.0,0.0
18451,59.0,0.0,77.0,0.0,0.0
18452,69.0,0.0,86.0,0.0,0.0
18453,60.0,0.0,76.0,16.0,0.0
18454,55.0,0.0,78.0,0.0,0.0
18455,55.0,0.0,78.0,0.0,0.0
18456,56.0,0.0,85.0,0.0,0.0
18457,60.0,0.0,85.0,29.0,0.0
18458,59.0,0.0,79.0,33.0,0.0
18459,60.0,0.0,81.0,0.0,0.0
18460,60.0,0.0,84.0,0.0,0.0
18461,60.0,0.0,79.0,0.0,0.0
18462,55.0,0.0,75.0,0.0,0.0
18463,55.0,0.0,77.0,0.0,0.0
18464,55.0,0.0,76.0,0.0,0.0
18465,53.0,0.0,75.0,0.0,0.0
18466,51.0,0.0,75.0,0.0,0.0
18467,50.0,0.0,78.0,0.0,0.0
18468,58.0,0.0,81.0,0.0,0.0
18469,62.0,0.0,86.0,0.0,0.0
18470,66.0,0.0,87.0,0.0,0.0
18471,64.0,0.0,81.0,32.0,0.0
18472,66.0,0.0,75.0,42.0,0.0
18473,67.0,0.0,79.0,6.0,0.0
18474,65.0,0.0,81.0,0.0,0.0
18475,67.0,0.0,81.0,0.0,0.0
18477,54.0,0.0,74.0,0.0,0.0
18478,55.0,0.0,78.0,0.0,0.0
18479,56.0,0.0,78.0,25.0,0.0
18480,64.0,0.0,84.0,118.0,0.0
18481,65.0,0.0,83.0,0.0,0.0
18482,66.0,0.0,81.0,0.0,0.0
18483,60.0,0.0,85.0,0.0,0.0
18484,60.0,0.0,82.0,0.0,0.0
18485,52.0,0.0,81.0,0.0,0.0
18486,55.0,0.0,82.0,0.0,0.0
18487,59.0,0.0,76.0,0.0,0.0
18488,60.0,0.0,83.0,0.0,0.0
18489,63.0,0.0,88.0,0.0,0.0
18490,60.0,0.0,80.0,0.0,0.0
18491,60.0,0.0,83.0,32.0,0.0
18492,49.0,0.0,78.0,0.0,0.0
18493,51.0,0.0,72.0,0.0,0.0
18494,48.0,0.0,72.0,0.0,0.0
18495,50.0,0.0,75.0,0.0,0.0
18496,53.0,0.0,81.0,22.0,0.0
18497,65.0,0.0,83.0,3.0,0.0
18498,54.0,0.0,80.0,0.0,0.0
18499,54.0,0.0,82.0,0.0,0.0
18500,59.0,0.0,82.0,90.0,0.0
18501,61.0,0.0,79.0,0.0,0.0
18502,62.0,0.0,80.0,0.0,0.0
18503,62.0,0.0,84.0,0.0,0.0
18504,63.0,0.0,85.0,0.0,0.0
18505,62.0,0.0,87.0,0.0,0.0
18506,64.0,0.0,92.0,0.0,0.0
18507,65.0,0.0,89.0,0.0,0.0
18508,68.0,0.0,85.0,6.0,0.0
18509,48.0,0.0,85.0,0.0,0.0
18510,44.0,0.0,67.0,0.0,0.0
18511,46.0,0.0,75.0,0.0,0.0
18512,47.0,0.0,83.0,0.0,0.0
18513,62.0,0.0,82.0,0.0,0.0
18514,67.0,0.0,82.0,198.0,0.0
18515,64.0,0.0,74.0,93.0,0.0
18516,65.0,0.0,83.0,99.0,0.0
18517,48.0,0.0,83.0,0.0,0.0
18518,49.0,0.0,75.0,0.0,0.0
18519,49.0,0.0,64.0,35.0,0.0
18520,41.0,0.0,65.0,0.0,0.0
18521,41.0,0.0,65.0,0.0,0.0
18522,46.0,0.0,76.0,0.0,0.0
18523,51.0,0.0,79.0,0.0,0.0
18524,55.0,0.0,82.0,0.0,0.0
18525,49.0,0.0,82.0,20.0,0.0
18526,43.0,0.0,65.0,0.0,0.0
18527,42.0,0.0,70.0,93.0,0.0
18528,52.0,0.0,79.0,69.0,0.0
18529,44.0,0.0,61.0,19.0,0.0
18530,38.0,0.0,51.0,0.0,0.0
18531,43.0,0.0,65.0,0.0,0.0
18532,44.0,0.0,71.0,0.0,0.0
18533,38.0,0.0,61.0,0.0,0.0
18534,37.0,0.0,69.0,0.0,0.0
18535,45.0,0.0,73.0,0.0,0.0
18536,50.0,0.0,76.0,0.0,0.0
18537,54.0,0.0,79.0,0.0,0.0
18538,52.0,0.0,78.0,102.0,0.0
18539,52.0,0.0,63.0,17.0,0.0
18540,47.0,0.0,56.0,73.0,0.0
18541,34.0,0.0,57.0,0.0,0.0
18542,35.0,0.0,50.0,0.0,0.0
18543,36.0,0.0,48.0,0.0,0.0
18544,35.0,0.0,56.0,0.0,0.0
18545,35.0,0.0,63.0,0.0,0.0
18546,35.0,0.0,69.0,0.0,0.0
18547,35.0,0.0,68.0,0.0,0.0
18548,48.0,0.0,73.0,0.0,0.0
18549,54.0,0.0,76.0,0.0,0.0
18550,47.0,0.0,61.0,7.0,0.0
18551,52.0,0.0,60.0,8.0,0.0
18552,44.0,0.0,66.0,0.0,0.0
18553,44.0,0.0,66.0,0.0,0.0
18554,45.0,0.0,72.0,0.0,0.0
18555,48.0,0.0,72.0,0.0,0.0
18556,44.0,0.0,75.0,0.0,0.0
18557,46.0,0.0,70.0,0.0,0.0
18558,49.0,0.0,65.0,24.0,0.0
18559,58.0,0.0,69.0,30.0,0.0
18560,57.0,0.0,62.0,0.0,0.0
18561,58.0,0.0,72.0,0.0,0.0
18562,46.0,0.0,76.0,0.0,0.0
18563,32.0,0.0,56.0,0.0,0.0
18564,30.0,0.0,57.0,0.0,0.0
18565,30.0,0.0,65.0,0.0,0.0
18566,31.0,0.0,63.0,0.0,0.0
18567,36.0,0.0,67.0,0.0,0.0
18568,47.0,0.0,71.0,0.0,0.0
18569,37.0,0.0,66.0,0.0,0.0
18570,28.0,0.0,55.0,0.0,0.0
18571,28.0,0.0,59.0,0.0,0.0
18572,36.0,0.0,56.0,30.0,0.0
18573,46.0,0.0,63.0,0.0,0.0
18574,45.0,0.0,54.0,11.0,0.0
18575,45.0,0.0,67.0,31.0,0.0
18576,33.0,0.0,47.0,0.0,0.0
18577,38.0,0.0,50.0,0.0,0.0
18578,36.0,0.0,45.0,14.0,0.0
18579,31.0,0.0,45.0,23.0,0.0
18580,31.0,0.0,38.0,0.0,0.0
18581,30.0,0.0,40.0,0.0,0.0
18582,30.0,0.0,47.0,0.0,0.0
18583,28.0,0.0,39.0,0.0,0.0
18585,26.0,0.0,39.0,0.0,0.0
18586,22.0,0.0,40.0,0.0,0.0
18587,17.0,0.0,29.0,0.0,0.0
18588,14.0,0.0,32.0,0.0,0.0
18589,18.0,0.0,33.0,0.0,0.0
18590,20.0,0.0,41.0,0.0,0.0
18592,38.0,0.0,44.0,15.0,0.0
18593,31.0,0.0,45.0,0.0,0.0
18594,29.0,0.0,38.0,0.0,0.0
18595,29.0,0.0,38.0,4.0,0.0
18596,30.0,0.0,40.0,0.0,0.0
18597,20.0,0.0,34.0,0.0,0.0
18598,18.0,0.0,33.0,0.0,0.0
18599,16.0,0.0,36.0,0.0,0.0
18600,21.0,0.0,34.0,0.0,0.0
18602,13.0,0.0,25.0,0.0,0.0
18604,3.0,0.0,30.0,0.0,4.0
18605,11.0,0.0,26.0,0.0,3.0
18606,26.0,0.0,33.0,0.0,2.0
18608,2.0,0.0,25.0,0.0,2.0
18609,7.0,50.0,24.0,38.0,7.0
18611,19.0,0.0,35.0,47.0,6.0
18614,2.0,30.0,20.0,6.0,9.0
18615,2.0,0.0,15.0,0.0,8.0
18618,-6.0,0.0,2.0,0.0,7.0
18622,4.0,0.0,18.0,0.0,6.0
18623,-8.0,5.0,21.0,9.0,6.0
18624,-8.0,0.0,16.0,0.0,5.0
